tour,snapshot_date,player_id,display_name,full_name,rank,rank_points,source_url,fetched_at_utc
wta,2025-10-13,320760,Aryna Sabalenka,Aryna Sabalenka,1,10400,https://api.wtatennis.com/tennis/players/ranked?page=0&pageSize=100&type=rankSingles&sort=asc&metric=SINGLES&at=2025-10-13&name=&nationality=,2026-03-22T00:47:02Z
wta,2025-10-13,326408,Iga Swiatek,Iga Swiatek,2,8768,https://api.wtatennis.com/tennis/players/ranked?page=0&pageSize=100&type=rankSingles&sort=asc&metric=SINGLES&at=2025-10-13&name=&nationality=,2026-03-22T00:47:02Z
wta,2025-10-13,328560,Coco Gauff,Coco Gauff,3,7873,https://api.wtatennis.com/tennis/players/ranked?page=0&pageSize=100&type=rankSingles&sort=asc&metric=SINGLES&at=2025-10-13&name=&nationality=,2026-03-22T00:47:02Z
wta,2025-10-13,326384,Amanda Anisimova,Amanda Anisimova,4,5924,https://api.wtatennis.com/tennis/players/ranked?page=0&pageSize=100&type=rankSingles&sort=asc&metric=SINGLES&at=2025-10-13&name=&nationality=,2026-03-22T00:47:02Z
wta,2025-10-13,316956,Jessica Pegula,Jessica Pegula,5,5183,https://api.wtatennis.com/tennis/players/ranked?page=0&pageSize=100&type=rankSingles&sort=asc&metric=SINGLES&at=2025-10-13&name=&nationality=,2026-03-22T00:47:02Z
wta,2025-10-13,331809,Mirra Andreeva,Mirra Andreeva,6,4643,https://api.wtatennis.com/tennis/players/ranked?page=0&pageSize=100&type=rankSingles&sort=asc&metric=SINGLES&at=2025-10-13&name=&nationality=,2026-03-22T00:47:02Z
wta,2025-10-13,316959,Madison Keys,Madison Keys,7,4449,https://api.wtatennis.com/tennis/players/ranked?page=0&pageSize=100&type=rankSingles&sort=asc&metric=SINGLES&at=2025-10-13&name=&nationality=,2026-03-22T00:47:02Z
wta,2025-10-13,319280,Jasmine Paolini,Jasmine Paolini,8,4331,https://api.wtatennis.com/tennis/players/ranked?page=0&pageSize=100&type=rankSingles&sort=asc&metric=SINGLES&at=2025-10-13&name=&nationality=,2026-03-22T00:47:02Z
wta,2025-10-13,324166,Elena Rybakina,Elena Rybakina,9,4113,https://api.wtatennis.com/tennis/players/ranked?page=0&pageSize=100&type=rankSingles&sort=asc&metric=SINGLES&at=2025-10-13&name=&nationality=,2026-03-22T00:47:02Z
wta,2025-10-13,319007,Ekaterina Alexandrova,Ekaterina Alexandrova,10,3158,https://api.wtatennis.com/tennis/players/ranked?page=0&pageSize=100&type=rankSingles&sort=asc&metric=SINGLES&at=2025-10-13&name=&nationality=,2026-03-22T00:47:02Z
wta,2025-10-13,328120,Qinwen Zheng,Qinwen Zheng,11,3028,https://api.wtatennis.com/tennis/players/ranked?page=0&pageSize=100&type=rankSingles&sort=asc&metric=SINGLES&at=2025-10-13&name=&nationality=,2026-03-22T00:47:02Z
wta,2025-10-13,327793,Clara Tauson,Clara Tauson,12,2789,https://api.wtatennis.com/tennis/players/ranked?page=0&pageSize=100&type=rankSingles&sort=asc&metric=SINGLES&at=2025-10-13&name=&nationality=,2026-03-22T00:47:02Z
wta,2025-10-13,316738,Elina Svitolina,Elina Svitolina,13,2606,https://api.wtatennis.com/tennis/players/ranked?page=0&pageSize=100&type=rankSingles&sort=asc&metric=SINGLES&at=2025-10-13&name=&nationality=,2026-03-22T00:47:02Z
wta,2025-10-13,319001,Belinda Bencic,Belinda Bencic,14,2564,https://api.wtatennis.com/tennis/players/ranked?page=0&pageSize=100&type=rankSingles&sort=asc&metric=SINGLES&at=2025-10-13&name=&nationality=,2026-03-22T00:47:02Z
wta,2025-10-13,325410,Emma Navarro,Emma Navarro,15,2515,https://api.wtatennis.com/tennis/players/ranked?page=0&pageSize=100&type=rankSingles&sort=asc&metric=SINGLES&at=2025-10-13&name=&nationality=,2026-03-22T00:47:02Z
wta,2025-10-13,319998,Naomi Osaka,Naomi Osaka,16,2444,https://api.wtatennis.com/tennis/players/ranked?page=0&pageSize=100&type=rankSingles&sort=asc&metric=SINGLES&at=2025-10-13&name=&nationality=,2026-03-22T00:47:02Z
wta,2025-10-13,329668,Linda Noskova,Linda Noskova,17,2376,https://api.wtatennis.com/tennis/players/ranked?page=0&pageSize=100&type=rankSingles&sort=asc&metric=SINGLES&at=2025-10-13&name=&nationality=,2026-03-22T00:47:02Z
wta,2025-10-13,322222,Liudmila Samsonova,Liudmila Samsonova,18,2159,https://api.wtatennis.com/tennis/players/ranked?page=0&pageSize=100&type=rankSingles&sort=asc&metric=SINGLES&at=2025-10-13&name=&nationality=,2026-03-22T00:47:02Z
wta,2025-10-13,330482,Diana Shnaider,Diana Shnaider,19,2056,https://api.wtatennis.com/tennis/players/ranked?page=0&pageSize=100&type=rankSingles&sort=asc&metric=SINGLES&at=2025-10-13&name=&nationality=,2026-03-22T00:47:02Z
wta,2025-10-13,322191,Karolina Muchova,Karolina Muchova,20,2023,https://api.wtatennis.com/tennis/players/ranked?page=0&pageSize=100&type=rankSingles&sort=asc&metric=SINGLES&at=2025-10-13&name=&nationality=,2026-03-22T00:47:02Z
wta,2025-10-13,317964,Elise Mertens,Elise Mertens,21,1969,https://api.wtatennis.com/tennis/players/ranked?page=0&pageSize=100&type=rankSingles&sort=asc&metric=SINGLES&at=2025-10-13&name=&nationality=,2026-03-22T00:47:02Z
wta,2025-10-13,322082,Daria Kasatkina,Daria Kasatkina,22,1931,https://api.wtatennis.com/tennis/players/ranked?page=0&pageSize=100&type=rankSingles&sort=asc&metric=SINGLES&at=2025-10-13&name=&nationality=,2026-03-22T00:47:02Z
wta,2025-10-13,320124,Paula Badosa,Paula Badosa,23,1870,https://api.wtatennis.com/tennis/players/ranked?page=0&pageSize=100&type=rankSingles&sort=asc&metric=SINGLES&at=2025-10-13&name=&nationality=,2026-03-22T00:47:02Z
wta,2025-10-13,331006,Victoria Mboko,Victoria Mboko,24,1806,https://api.wtatennis.com/tennis/players/ranked?page=0&pageSize=100&type=rankSingles&sort=asc&metric=SINGLES&at=2025-10-13&name=&nationality=,2026-03-22T00:47:02Z
wta,2025-10-13,319939,Jelena Ostapenko,Jelena Ostapenko,25,1800,https://api.wtatennis.com/tennis/players/ranked?page=0&pageSize=100&type=rankSingles&sort=asc&metric=SINGLES&at=2025-10-13&name=&nationality=,2026-03-22T00:47:02Z
wta,2025-10-13,320942,Sofia Kenin,Sofia Kenin,26,1719,https://api.wtatennis.com/tennis/players/ranked?page=0&pageSize=100&type=rankSingles&sort=asc&metric=SINGLES&at=2025-10-13&name=&nationality=,2026-03-22T00:47:02Z
wta,2025-10-13,326735,Leylah Fernandez,Leylah Fernandez,27,1673,https://api.wtatennis.com/tennis/players/ranked?page=0&pageSize=100&type=rankSingles&sort=asc&metric=SINGLES&at=2025-10-13&name=&nationality=,2026-03-22T00:47:02Z
wta,2025-10-13,326482,Marta Kostyuk,Marta Kostyuk,28,1659,https://api.wtatennis.com/tennis/players/ranked?page=0&pageSize=100&type=rankSingles&sort=asc&metric=SINGLES&at=2025-10-13&name=&nationality=,2026-03-22T00:47:02Z
wta,2025-10-13,328366,Emma Raducanu,Emma Raducanu,29,1563,https://api.wtatennis.com/tennis/players/ranked?page=0&pageSize=100&type=rankSingles&sort=asc&metric=SINGLES&at=2025-10-13&name=&nationality=,2026-03-22T00:47:02Z
wta,2025-10-13,324261,Dayana Yastremska,Dayana Yastremska,30,1559,https://api.wtatennis.com/tennis/players/ranked?page=0&pageSize=100&type=rankSingles&sort=asc&metric=SINGLES&at=2025-10-13&name=&nationality=,2026-03-22T00:47:02Z
wta,2025-10-13,319526,Veronika Kudermetova,Veronika Kudermetova,31,1511,https://api.wtatennis.com/tennis/players/ranked?page=0&pageSize=100&type=rankSingles&sort=asc&metric=SINGLES&at=2025-10-13&name=&nationality=,2026-03-22T00:47:02Z
wta,2025-10-13,318314,Barbora Krejcikova,Barbora Krejcikova,32,1497,https://api.wtatennis.com/tennis/players/ranked?page=0&pageSize=100&type=rankSingles&sort=asc&metric=SINGLES&at=2025-10-13&name=&nationality=,2026-03-22T00:47:02Z
wta,2025-10-13,326678,Mccartney Kessler,Mccartney Kessler,33,1480,https://api.wtatennis.com/tennis/players/ranked?page=0&pageSize=100&type=rankSingles&sort=asc&metric=SINGLES&at=2025-10-13&name=&nationality=,2026-03-22T00:47:02Z
wta,2025-10-13,330544,Maya Joint,Maya Joint,34,1479,https://api.wtatennis.com/tennis/players/ranked?page=0&pageSize=100&type=rankSingles&sort=asc&metric=SINGLES&at=2025-10-13&name=&nationality=,2026-03-22T00:47:02Z
wta,2025-10-13,332285,Iva Jovic,Iva Jovic,35,1453,https://api.wtatennis.com/tennis/players/ranked?page=0&pageSize=100&type=rankSingles&sort=asc&metric=SINGLES&at=2025-10-13&name=&nationality=,2026-03-22T00:47:02Z
wta,2025-10-13,323027,Marketa Vondrousova,Marketa Vondrousova,36,1443,https://api.wtatennis.com/tennis/players/ranked?page=0&pageSize=100&type=rankSingles&sort=asc&metric=SINGLES&at=2025-10-13&name=&nationality=,2026-03-22T00:47:02Z
wta,2025-10-13,323942,Anna Kalinskaya,Anna Kalinskaya,37,1417,https://api.wtatennis.com/tennis/players/ranked?page=0&pageSize=100&type=rankSingles&sort=asc&metric=SINGLES&at=2025-10-13&name=&nationality=,2026-03-22T00:47:02Z
wta,2025-10-13,328884,Lois Boisson,Lois Boisson,38,1353,https://api.wtatennis.com/tennis/players/ranked?page=0&pageSize=100&type=rankSingles&sort=asc&metric=SINGLES&at=2025-10-13&name=&nationality=,2026-03-22T00:47:02Z
wta,2025-10-13,310926,Laura Siegemund,Laura Siegemund,39,1328,https://api.wtatennis.com/tennis/players/ranked?page=0&pageSize=100&type=rankSingles&sort=asc&metric=SINGLES&at=2025-10-13&name=&nationality=,2026-03-22T00:47:02Z
wta,2025-10-13,328139,Jessica Bouzas Maneiro,Jessica Bouzas Maneiro,40,1306,https://api.wtatennis.com/tennis/players/ranked?page=0&pageSize=100&type=rankSingles&sort=asc&metric=SINGLES&at=2025-10-13&name=&nationality=,2026-03-22T00:47:02Z
wta,2025-10-13,320983,Marie Bouzkova,Marie Bouzkova,41,1304,https://api.wtatennis.com/tennis/players/ranked?page=0&pageSize=100&type=rankSingles&sort=asc&metric=SINGLES&at=2025-10-13&name=&nationality=,2026-03-22T00:47:02Z
wta,2025-10-13,326096,Ann Li,Ann Li,42,1280,https://api.wtatennis.com/tennis/players/ranked?page=0&pageSize=100&type=rankSingles&sort=asc&metric=SINGLES&at=2025-10-13&name=&nationality=,2026-03-22T00:47:02Z
wta,2025-10-13,310440,Tatjana Maria,Tatjana Maria,43,1277,https://api.wtatennis.com/tennis/players/ranked?page=0&pageSize=100&type=rankSingles&sort=asc&metric=SINGLES&at=2025-10-13&name=&nationality=,2026-03-22T00:47:02Z
wta,2025-10-13,325826,Eva Lys,Eva Lys,44,1255,https://api.wtatennis.com/tennis/players/ranked?page=0&pageSize=100&type=rankSingles&sort=asc&metric=SINGLES&at=2025-10-13&name=&nationality=,2026-03-22T00:47:02Z
wta,2025-10-13,320301,Katerina Siniakova,Katerina Siniakova,45,1246,https://api.wtatennis.com/tennis/players/ranked?page=0&pageSize=100&type=rankSingles&sort=asc&metric=SINGLES&at=2025-10-13&name=&nationality=,2026-03-22T00:47:02Z
wta,2025-10-13,324789,Emiliana Arango,Emiliana Arango,46,1229,https://api.wtatennis.com/tennis/players/ranked?page=0&pageSize=100&type=rankSingles&sort=asc&metric=SINGLES&at=2025-10-13&name=&nationality=,2026-03-22T00:47:02Z
wta,2025-10-13,320319,Jaqueline  Cristian,Jaqueline  Cristian,47,1226,https://api.wtatennis.com/tennis/players/ranked?page=0&pageSize=100&type=rankSingles&sort=asc&metric=SINGLES&at=2025-10-13&name=&nationality=,2026-03-22T00:47:02Z
wta,2025-10-13,329409,Ashlyn Krueger,Ashlyn Krueger,48,1212,https://api.wtatennis.com/tennis/players/ranked?page=0&pageSize=100&type=rankSingles&sort=asc&metric=SINGLES&at=2025-10-13&name=&nationality=,2026-03-22T00:47:02Z
wta,2025-10-13,324934,Olga Danilovic,Olga Danilovic,49,1188,https://api.wtatennis.com/tennis/players/ranked?page=0&pageSize=100&type=rankSingles&sort=asc&metric=SINGLES&at=2025-10-13&name=&nationality=,2026-03-22T00:47:02Z
wta,2025-10-13,313796,Anastasia Pavlyuchenkova,Anastasia Pavlyuchenkova,50,1185,https://api.wtatennis.com/tennis/players/ranked?page=0&pageSize=100&type=rankSingles&sort=asc&metric=SINGLES&at=2025-10-13&name=&nationality=,2026-03-22T00:47:02Z
wta,2025-10-13,312469,Sorana Cirstea,Sorana Cirstea,51,1155,https://api.wtatennis.com/tennis/players/ranked?page=0&pageSize=100&type=rankSingles&sort=asc&metric=SINGLES&at=2025-10-13&name=&nationality=,2026-03-22T00:47:02Z
wta,2025-10-13,318176,Beatriz Haddad Maia,Beatriz Haddad Maia,52,1150,https://api.wtatennis.com/tennis/players/ranked?page=0&pageSize=100&type=rankSingles&sort=asc&metric=SINGLES&at=2025-10-13&name=&nationality=,2026-03-22T00:47:02Z
wta,2025-10-13,325601,Anastasia Potapova,Anastasia Potapova,53,1131,https://api.wtatennis.com/tennis/players/ranked?page=0&pageSize=100&type=rankSingles&sort=asc&metric=SINGLES&at=2025-10-13&name=&nationality=,2026-03-22T00:47:02Z
wta,2025-10-13,330332,Alexandra Eala,Alexandra Eala,54,1131,https://api.wtatennis.com/tennis/players/ranked?page=0&pageSize=100&type=rankSingles&sort=asc&metric=SINGLES&at=2025-10-13&name=&nationality=,2026-03-22T00:47:02Z
wta,2025-10-13,318312,Maria Sakkari,Maria Sakkari,55,1116,https://api.wtatennis.com/tennis/players/ranked?page=0&pageSize=100&type=rankSingles&sort=asc&metric=SINGLES&at=2025-10-13&name=&nationality=,2026-03-22T00:47:02Z
wta,2025-10-13,315130,Magda Linette,Magda Linette,56,1089,https://api.wtatennis.com/tennis/players/ranked?page=0&pageSize=100&type=rankSingles&sort=asc&metric=SINGLES&at=2025-10-13&name=&nationality=,2026-03-22T00:47:02Z
wta,2025-10-13,324898,Suzan Lamens,Suzan Lamens,57,1087,https://api.wtatennis.com/tennis/players/ranked?page=0&pageSize=100&type=rankSingles&sort=asc&metric=SINGLES&at=2025-10-13&name=&nationality=,2026-03-22T00:47:02Z
wta,2025-10-13,329918,Sonay Kartal,Sonay Kartal,58,1084,https://api.wtatennis.com/tennis/players/ranked?page=0&pageSize=100&type=rankSingles&sort=asc&metric=SINGLES&at=2025-10-13&name=&nationality=,2026-03-22T00:47:02Z
wta,2025-10-13,319125,Katie Boulter,Katie Boulter,59,1078,https://api.wtatennis.com/tennis/players/ranked?page=0&pageSize=100&type=rankSingles&sort=asc&metric=SINGLES&at=2025-10-13&name=&nationality=,2026-03-22T00:47:02Z
wta,2025-10-13,316296,Viktorija Golubic,Viktorija Golubic,60,1063,https://api.wtatennis.com/tennis/players/ranked?page=0&pageSize=100&type=rankSingles&sort=asc&metric=SINGLES&at=2025-10-13&name=&nationality=,2026-03-22T00:47:02Z
wta,2025-10-13,328142,Elsa Jacquemot,Elsa Jacquemot,61,1059,https://api.wtatennis.com/tennis/players/ranked?page=0&pageSize=100&type=rankSingles&sort=asc&metric=SINGLES&at=2025-10-13&name=&nationality=,2026-03-22T00:47:02Z
wta,2025-10-13,326376,Xinyu Wang,Xinyu Wang,62,1056,https://api.wtatennis.com/tennis/players/ranked?page=0&pageSize=100&type=rankSingles&sort=asc&metric=SINGLES&at=2025-10-13&name=&nationality=,2026-03-22T00:47:02Z
wta,2025-10-13,320277,Magdalena Frech,Magdalena Frech,63,1051,https://api.wtatennis.com/tennis/players/ranked?page=0&pageSize=100&type=rankSingles&sort=asc&metric=SINGLES&at=2025-10-13&name=&nationality=,2026-03-22T00:47:02Z
wta,2025-10-13,327101,Hailey Baptiste,Hailey Baptiste,64,1036,https://api.wtatennis.com/tennis/players/ranked?page=0&pageSize=100&type=rankSingles&sort=asc&metric=SINGLES&at=2025-10-13&name=&nationality=,2026-03-22T00:47:02Z
wta,2025-10-13,320228,Rebecca Sramkova,Rebecca Sramkova,65,1017,https://api.wtatennis.com/tennis/players/ranked?page=0&pageSize=100&type=rankSingles&sort=asc&metric=SINGLES&at=2025-10-13&name=&nationality=,2026-03-22T00:47:02Z
wta,2025-10-13,326007,Alycia Parks,Alycia Parks,66,1015,https://api.wtatennis.com/tennis/players/ranked?page=0&pageSize=100&type=rankSingles&sort=asc&metric=SINGLES&at=2025-10-13&name=&nationality=,2026-03-22T00:47:02Z
wta,2025-10-13,327573,Peyton Stearns,Peyton Stearns,67,1013,https://api.wtatennis.com/tennis/players/ranked?page=0&pageSize=100&type=rankSingles&sort=asc&metric=SINGLES&at=2025-10-13&name=&nationality=,2026-03-22T00:47:02Z
wta,2025-10-13,316925,Danielle Collins,Danielle Collins,68,996,https://api.wtatennis.com/tennis/players/ranked?page=0&pageSize=100&type=rankSingles&sort=asc&metric=SINGLES&at=2025-10-13&name=&nationality=,2026-03-22T00:47:02Z
wta,2025-10-13,317683,Yulia Putintseva,Yulia Putintseva,69,975,https://api.wtatennis.com/tennis/players/ranked?page=0&pageSize=100&type=rankSingles&sort=asc&metric=SINGLES&at=2025-10-13&name=&nationality=,2026-03-22T00:47:02Z
wta,2025-10-13,329505,Antonia Ruzic,Antonia Ruzic,70,964,https://api.wtatennis.com/tennis/players/ranked?page=0&pageSize=100&type=rankSingles&sort=asc&metric=SINGLES&at=2025-10-13&name=&nationality=,2026-03-22T00:47:02Z
wta,2025-10-13,329081,Solana Sierra,Solana Sierra,71,957,https://api.wtatennis.com/tennis/players/ranked?page=0&pageSize=100&type=rankSingles&sort=asc&metric=SINGLES&at=2025-10-13&name=&nationality=,2026-03-22T00:47:02Z
wta,2025-10-13,321158,Cristina Bucsa,Cristina Bucsa,72,953,https://api.wtatennis.com/tennis/players/ranked?page=0&pageSize=100&type=rankSingles&sort=asc&metric=SINGLES&at=2025-10-13&name=&nationality=,2026-03-22T00:47:02Z
wta,2025-10-13,324267,Anna Blinkova,Anna Blinkova,73,919,https://api.wtatennis.com/tennis/players/ranked?page=0&pageSize=100&type=rankSingles&sort=asc&metric=SINGLES&at=2025-10-13&name=&nationality=,2026-03-22T00:47:02Z
wta,2025-10-13,324479,Francesca Jones,Francesca Jones,74,912,https://api.wtatennis.com/tennis/players/ranked?page=0&pageSize=100&type=rankSingles&sort=asc&metric=SINGLES&at=2025-10-13&name=&nationality=,2026-03-22T00:47:02Z
wta,2025-10-13,328897,Polina Kudermetova,Polina Kudermetova,75,910,https://api.wtatennis.com/tennis/players/ranked?page=0&pageSize=100&type=rankSingles&sort=asc&metric=SINGLES&at=2025-10-13&name=&nationality=,2026-03-22T00:47:02Z
wta,2025-10-13,326907,Zeynep Sonmez,Zeynep Sonmez,76,900,https://api.wtatennis.com/tennis/players/ranked?page=0&pageSize=100&type=rankSingles&sort=asc&metric=SINGLES&at=2025-10-13&name=&nationality=,2026-03-22T00:47:02Z
wta,2025-10-13,316847,Ons Jabeur,Ons Jabeur,77,893,https://api.wtatennis.com/tennis/players/ranked?page=0&pageSize=100&type=rankSingles&sort=asc&metric=SINGLES&at=2025-10-13&name=&nationality=,2026-03-22T00:47:02Z
wta,2025-10-13,330808,Tereza Valentova,Tereza Valentova,78,891,https://api.wtatennis.com/tennis/players/ranked?page=0&pageSize=100&type=rankSingles&sort=asc&metric=SINGLES&at=2025-10-13&name=&nationality=,2026-03-22T00:47:02Z
wta,2025-10-13,318516,Donna Vekic,Donna Vekic,79,882,https://api.wtatennis.com/tennis/players/ranked?page=0&pageSize=100&type=rankSingles&sort=asc&metric=SINGLES&at=2025-10-13&name=&nationality=,2026-03-22T00:47:02Z
wta,2025-10-13,327367,Anastasia Zakharova,Anastasia Zakharova,80,875,https://api.wtatennis.com/tennis/players/ranked?page=0&pageSize=100&type=rankSingles&sort=asc&metric=SINGLES&at=2025-10-13&name=&nationality=,2026-03-22T00:47:02Z
wta,2025-10-13,327241,Moyuka Uchijima,Moyuka Uchijima,81,867,https://api.wtatennis.com/tennis/players/ranked?page=0&pageSize=100&type=rankSingles&sort=asc&metric=SINGLES&at=2025-10-13&name=&nationality=,2026-03-22T00:47:02Z
wta,2025-10-13,320716,Renata Zarazua,Renata Zarazua,82,866,https://api.wtatennis.com/tennis/players/ranked?page=0&pageSize=100&type=rankSingles&sort=asc&metric=SINGLES&at=2025-10-13&name=&nationality=,2026-03-22T00:47:02Z
wta,2025-10-13,325836,Varvara Gracheva,Varvara Gracheva,83,862,https://api.wtatennis.com/tennis/players/ranked?page=0&pageSize=100&type=rankSingles&sort=asc&metric=SINGLES&at=2025-10-13&name=&nationality=,2026-03-22T00:47:02Z
wta,2025-10-13,322280,Lucia Bronzetti,Lucia Bronzetti,84,857,https://api.wtatennis.com/tennis/players/ranked?page=0&pageSize=100&type=rankSingles&sort=asc&metric=SINGLES&at=2025-10-13&name=&nationality=,2026-03-22T00:47:02Z
wta,2025-10-13,325898,Camila Osorio,Camila Osorio,85,854,https://api.wtatennis.com/tennis/players/ranked?page=0&pageSize=100&type=rankSingles&sort=asc&metric=SINGLES&at=2025-10-13&name=&nationality=,2026-03-22T00:47:02Z
wta,2025-10-13,322052,Caroline Dolehide,Caroline Dolehide,86,850,https://api.wtatennis.com/tennis/players/ranked?page=0&pageSize=100&type=rankSingles&sort=asc&metric=SINGLES&at=2025-10-13&name=&nationality=,2026-03-22T00:47:02Z
wta,2025-10-13,330548,Ella Seidel,Ella Seidel,87,835,https://api.wtatennis.com/tennis/players/ranked?page=0&pageSize=100&type=rankSingles&sort=asc&metric=SINGLES&at=2025-10-13&name=&nationality=,2026-03-22T00:47:02Z
wta,2025-10-13,325725,Caty Mcnally,Caty Mcnally,88,832,https://api.wtatennis.com/tennis/players/ranked?page=0&pageSize=100&type=rankSingles&sort=asc&metric=SINGLES&at=2025-10-13&name=&nationality=,2026-03-22T00:47:02Z
wta,2025-10-13,320728,Kimberly Birrell,Kimberly Birrell,89,821,https://api.wtatennis.com/tennis/players/ranked?page=0&pageSize=100&type=rankSingles&sort=asc&metric=SINGLES&at=2025-10-13&name=&nationality=,2026-03-22T00:47:02Z
wta,2025-10-13,322942,Anna Bondar,Anna Bondar,90,819,https://api.wtatennis.com/tennis/players/ranked?page=0&pageSize=100&type=rankSingles&sort=asc&metric=SINGLES&at=2025-10-13&name=&nationality=,2026-03-22T00:47:02Z
wta,2025-10-13,327909,Elisabetta Cocciaretto,Elisabetta Cocciaretto,91,795,https://api.wtatennis.com/tennis/players/ranked?page=0&pageSize=100&type=rankSingles&sort=asc&metric=SINGLES&at=2025-10-13&name=&nationality=,2026-03-22T00:47:02Z
wta,2025-10-13,329009,Aoi Ito,Aoi Ito,92,792,https://api.wtatennis.com/tennis/players/ranked?page=0&pageSize=100&type=rankSingles&sort=asc&metric=SINGLES&at=2025-10-13&name=&nationality=,2026-03-22T00:47:02Z
wta,2025-10-13,320313,Leolia Jeanjean,Leolia Jeanjean,93,791,https://api.wtatennis.com/tennis/players/ranked?page=0&pageSize=100&type=rankSingles&sort=asc&metric=SINGLES&at=2025-10-13&name=&nationality=,2026-03-22T00:47:02Z
wta,2025-10-13,320543,Priscilla Hon,Priscilla Hon,94,771,https://api.wtatennis.com/tennis/players/ranked?page=0&pageSize=100&type=rankSingles&sort=asc&metric=SINGLES&at=2025-10-13&name=&nationality=,2026-03-22T00:47:02Z
wta,2025-10-13,327391,Katie Volynets,Katie Volynets,95,765,https://api.wtatennis.com/tennis/players/ranked?page=0&pageSize=100&type=rankSingles&sort=asc&metric=SINGLES&at=2025-10-13&name=&nationality=,2026-03-22T00:47:02Z
wta,2025-10-13,321106,Dalma Galfi,Dalma Galfi,96,764,https://api.wtatennis.com/tennis/players/ranked?page=0&pageSize=100&type=rankSingles&sort=asc&metric=SINGLES&at=2025-10-13&name=&nationality=,2026-03-22T00:47:02Z
wta,2025-10-13,325771,Simona Waltert,Simona Waltert,97,763,https://api.wtatennis.com/tennis/players/ranked?page=0&pageSize=100&type=rankSingles&sort=asc&metric=SINGLES&at=2025-10-13&name=&nationality=,2026-03-22T00:47:02Z
wta,2025-10-13,328818,Janice Tjen,Janice Tjen,98,759,https://api.wtatennis.com/tennis/players/ranked?page=0&pageSize=100&type=rankSingles&sort=asc&metric=SINGLES&at=2025-10-13&name=&nationality=,2026-03-22T00:47:02Z
wta,2025-10-13,320408,Elena-Gabriela Ruse,Elena-Gabriela Ruse,99,746,https://api.wtatennis.com/tennis/players/ranked?page=0&pageSize=100&type=rankSingles&sort=asc&metric=SINGLES&at=2025-10-13&name=&nationality=,2026-03-22T00:47:02Z
wta,2025-10-13,330375,Sara Bejlek,Sara Bejlek,100,740,https://api.wtatennis.com/tennis/players/ranked?page=0&pageSize=100&type=rankSingles&sort=asc&metric=SINGLES&at=2025-10-13&name=&nationality=,2026-03-22T00:47:02Z
wta,2025-10-13,329457,Darja Semenistaja,Darja Semenistaja,101,740,https://api.wtatennis.com/tennis/players/ranked?page=1&pageSize=100&type=rankSingles&sort=asc&metric=SINGLES&at=2025-10-13&name=&nationality=,2026-03-22T00:47:03Z
wta,2025-10-13,325936,Kamilla Rakhimova,Kamilla Rakhimova,102,738,https://api.wtatennis.com/tennis/players/ranked?page=1&pageSize=100&type=rankSingles&sort=asc&metric=SINGLES&at=2025-10-13&name=&nationality=,2026-03-22T00:47:03Z
wta,2025-10-13,318711,Mayar Sherif,Mayar Sherif,103,737,https://api.wtatennis.com/tennis/players/ranked?page=1&pageSize=100&type=rankSingles&sort=asc&metric=SINGLES&at=2025-10-13&name=&nationality=,2026-03-22T00:47:03Z
wta,2025-10-13,315232,Ajla Tomljanovic,Ajla Tomljanovic,104,731,https://api.wtatennis.com/tennis/players/ranked?page=1&pageSize=100&type=rankSingles&sort=asc&metric=SINGLES&at=2025-10-13&name=&nationality=,2026-03-22T00:47:03Z
wta,2025-10-13,327655,Veronika Erjavec,Veronika Erjavec,105,731,https://api.wtatennis.com/tennis/players/ranked?page=1&pageSize=100&type=rankSingles&sort=asc&metric=SINGLES&at=2025-10-13&name=&nationality=,2026-03-22T00:47:03Z
wta,2025-10-13,324702,Kaja Juvan,Kaja Juvan,106,714,https://api.wtatennis.com/tennis/players/ranked?page=1&pageSize=100&type=rankSingles&sort=asc&metric=SINGLES&at=2025-10-13&name=&nationality=,2026-03-22T00:47:03Z
wta,2025-10-13,327077,Diane Parry,Diane Parry,107,712,https://api.wtatennis.com/tennis/players/ranked?page=1&pageSize=100&type=rankSingles&sort=asc&metric=SINGLES&at=2025-10-13&name=&nationality=,2026-03-22T00:47:03Z
wta,2025-10-13,324325,Yue Yuan,Yue Yuan,108,710,https://api.wtatennis.com/tennis/players/ranked?page=1&pageSize=100&type=rankSingles&sort=asc&metric=SINGLES&at=2025-10-13&name=&nationality=,2026-03-22T00:47:03Z
wta,2025-10-13,320926,Jil Teichmann,Jil Teichmann,109,704,https://api.wtatennis.com/tennis/players/ranked?page=1&pageSize=100&type=rankSingles&sort=asc&metric=SINGLES&at=2025-10-13&name=&nationality=,2026-03-22T00:47:03Z
wta,2025-10-13,330352,Victoria Jimenez Kasintseva,Victoria Jimenez Kasintseva,110,697,https://api.wtatennis.com/tennis/players/ranked?page=1&pageSize=100&type=rankSingles&sort=asc&metric=SINGLES&at=2025-10-13&name=&nationality=,2026-03-22T00:47:03Z
wta,2025-10-13,325956,Panna Udvardy,Panna Udvardy,111,684,https://api.wtatennis.com/tennis/players/ranked?page=1&pageSize=100&type=rankSingles&sort=asc&metric=SINGLES&at=2025-10-13&name=&nationality=,2026-03-22T00:47:03Z
wta,2025-10-13,329199,Oksana Selekhmeteva,Oksana Selekhmeteva,112,679,https://api.wtatennis.com/tennis/players/ranked?page=1&pageSize=100&type=rankSingles&sort=asc&metric=SINGLES&at=2025-10-13&name=&nationality=,2026-03-22T00:47:03Z
wta,2025-10-13,327620,Elina Avanesyan,Elina Avanesyan,113,678,https://api.wtatennis.com/tennis/players/ranked?page=1&pageSize=100&type=rankSingles&sort=asc&metric=SINGLES&at=2025-10-13&name=&nationality=,2026-03-22T00:47:03Z
wta,2025-10-13,317790,Aliaksandra Sasnovich,Aliaksandra Sasnovich,114,673,https://api.wtatennis.com/tennis/players/ranked?page=1&pageSize=100&type=rankSingles&sort=asc&metric=SINGLES&at=2025-10-13&name=&nationality=,2026-03-22T00:47:03Z
wta,2025-10-13,322087,Rebeka Masarova,Rebeka Masarova,115,659,https://api.wtatennis.com/tennis/players/ranked?page=1&pageSize=100&type=rankSingles&sort=asc&metric=SINGLES&at=2025-10-13&name=&nationality=,2026-03-22T00:47:03Z
wta,2025-10-13,321454,Greet Minnen,Greet Minnen,116,659,https://api.wtatennis.com/tennis/players/ranked?page=1&pageSize=100&type=rankSingles&sort=asc&metric=SINGLES&at=2025-10-13&name=&nationality=,2026-03-22T00:47:03Z
wta,2025-10-13,320316,Julia Grabher,Julia Grabher,117,658,https://api.wtatennis.com/tennis/players/ranked?page=1&pageSize=100&type=rankSingles&sort=asc&metric=SINGLES&at=2025-10-13&name=&nationality=,2026-03-22T00:47:03Z
wta,2025-10-13,330442,Anca Todoni,Anca Todoni,118,646,https://api.wtatennis.com/tennis/players/ranked?page=1&pageSize=100&type=rankSingles&sort=asc&metric=SINGLES&at=2025-10-13&name=&nationality=,2026-03-22T00:47:03Z
wta,2025-10-13,311779,Shuai Zhang,Shuai Zhang,119,642,https://api.wtatennis.com/tennis/players/ranked?page=1&pageSize=100&type=rankSingles&sort=asc&metric=SINGLES&at=2025-10-13&name=&nationality=,2026-03-22T00:47:03Z
wta,2025-10-13,315806,Katarzyna Kawa,Katarzyna Kawa,120,642,https://api.wtatennis.com/tennis/players/ranked?page=1&pageSize=100&type=rankSingles&sort=asc&metric=SINGLES&at=2025-10-13&name=&nationality=,2026-03-22T00:47:03Z
wta,2025-10-13,318609,Taylor Townsend,Taylor Townsend,121,640,https://api.wtatennis.com/tennis/players/ranked?page=1&pageSize=100&type=rankSingles&sort=asc&metric=SINGLES&at=2025-10-13&name=&nationality=,2026-03-22T00:47:03Z
wta,2025-10-13,313485,Rebecca Marino,Rebecca Marino,122,636,https://api.wtatennis.com/tennis/players/ranked?page=1&pageSize=100&type=rankSingles&sort=asc&metric=SINGLES&at=2025-10-13&name=&nationality=,2026-03-22T00:47:03Z
wta,2025-10-13,313169,Irina-Camelia Begu,Irina-Camelia Begu,123,634,https://api.wtatennis.com/tennis/players/ranked?page=1&pageSize=100&type=rankSingles&sort=asc&metric=SINGLES&at=2025-10-13&name=&nationality=,2026-03-22T00:47:03Z
wta,2025-10-13,324576,Lulu Sun,Lulu Sun,124,625,https://api.wtatennis.com/tennis/players/ranked?page=1&pageSize=100&type=rankSingles&sort=asc&metric=SINGLES&at=2025-10-13&name=&nationality=,2026-03-22T00:47:03Z
wta,2025-10-13,330799,Petra Marcinko,Petra Marcinko,125,624,https://api.wtatennis.com/tennis/players/ranked?page=1&pageSize=100&type=rankSingles&sort=asc&metric=SINGLES&at=2025-10-13&name=&nationality=,2026-03-22T00:47:03Z
wta,2025-10-13,325639,Maja Chwalinska,Maja Chwalinska,126,618,https://api.wtatennis.com/tennis/players/ranked?page=1&pageSize=100&type=rankSingles&sort=asc&metric=SINGLES&at=2025-10-13&name=&nationality=,2026-03-22T00:47:03Z
wta,2025-10-13,317584,Viktoriya Tomova,Viktoriya Tomova,127,615,https://api.wtatennis.com/tennis/players/ranked?page=1&pageSize=100&type=rankSingles&sort=asc&metric=SINGLES&at=2025-10-13&name=&nationality=,2026-03-22T00:47:03Z
wta,2025-10-13,330970,Tiantsoa Rakotomanga Rajaonah,Tiantsoa Rakotomanga Rajaonah,128,607,https://api.wtatennis.com/tennis/players/ranked?page=1&pageSize=100&type=rankSingles&sort=asc&metric=SINGLES&at=2025-10-13&name=&nationality=,2026-03-22T00:47:03Z
wta,2025-10-13,322638,Maria Lourdes Carle,Maria Lourdes Carle,129,604,https://api.wtatennis.com/tennis/players/ranked?page=1&pageSize=100&type=rankSingles&sort=asc&metric=SINGLES&at=2025-10-13&name=&nationality=,2026-03-22T00:47:03Z
wta,2025-10-13,329393,Talia Gibson,Talia Gibson,130,591,https://api.wtatennis.com/tennis/players/ranked?page=1&pageSize=100&type=rankSingles&sort=asc&metric=SINGLES&at=2025-10-13&name=&nationality=,2026-03-22T00:47:03Z
wta,2025-10-13,325338,Yuliia Starodubtseva,Yuliia Starodubtseva,131,587,https://api.wtatennis.com/tennis/players/ranked?page=1&pageSize=100&type=rankSingles&sort=asc&metric=SINGLES&at=2025-10-13&name=&nationality=,2026-03-22T00:47:03Z
wta,2025-10-13,326512,Joanna Garland,Joanna Garland,132,582,https://api.wtatennis.com/tennis/players/ranked?page=1&pageSize=100&type=rankSingles&sort=asc&metric=SINGLES&at=2025-10-13&name=&nationality=,2026-03-22T00:47:03Z
wta,2025-10-13,330364,Nikola Bartunkova,Nikola Bartunkova,133,582,https://api.wtatennis.com/tennis/players/ranked?page=1&pageSize=100&type=rankSingles&sort=asc&metric=SINGLES&at=2025-10-13&name=&nationality=,2026-03-22T00:47:03Z
wta,2025-10-13,326891,Leyre Romero Gormaz,Leyre Romero Gormaz,134,576,https://api.wtatennis.com/tennis/players/ranked?page=1&pageSize=100&type=rankSingles&sort=asc&metric=SINGLES&at=2025-10-13&name=&nationality=,2026-03-22T00:47:03Z
wta,2025-10-13,327061,Sinja Kraus,Sinja Kraus,135,574,https://api.wtatennis.com/tennis/players/ranked?page=1&pageSize=100&type=rankSingles&sort=asc&metric=SINGLES&at=2025-10-13&name=&nationality=,2026-03-22T00:47:03Z
wta,2025-10-13,317708,Bernarda Pera,Bernarda Pera,136,565,https://api.wtatennis.com/tennis/players/ranked?page=1&pageSize=100&type=rankSingles&sort=asc&metric=SINGLES&at=2025-10-13&name=&nationality=,2026-03-22T00:47:03Z
wta,2025-10-13,327182,Oleksandra Oliynykova,Oleksandra Oliynykova,137,560,https://api.wtatennis.com/tennis/players/ranked?page=1&pageSize=100&type=rankSingles&sort=asc&metric=SINGLES&at=2025-10-13&name=&nationality=,2026-03-22T00:47:03Z
wta,2025-10-13,312001,Victoria Azarenka,Victoria Azarenka,138,555,https://api.wtatennis.com/tennis/players/ranked?page=1&pageSize=100&type=rankSingles&sort=asc&metric=SINGLES&at=2025-10-13&name=&nationality=,2026-03-22T00:47:03Z
wta,2025-10-13,313349,Arantxa Rus,Arantxa Rus,139,553,https://api.wtatennis.com/tennis/players/ranked?page=1&pageSize=100&type=rankSingles&sort=asc&metric=SINGLES&at=2025-10-13&name=&nationality=,2026-03-22T00:47:03Z
wta,2025-10-13,329627,Linda Fruhvirtova,Linda Fruhvirtova,140,553,https://api.wtatennis.com/tennis/players/ranked?page=1&pageSize=100&type=rankSingles&sort=asc&metric=SINGLES&at=2025-10-13&name=&nationality=,2026-03-22T00:47:03Z
wta,2025-10-13,329614,Marina Stakusic,Marina Stakusic,141,544,https://api.wtatennis.com/tennis/players/ranked?page=1&pageSize=100&type=rankSingles&sort=asc&metric=SINGLES&at=2025-10-13&name=&nationality=,2026-03-22T00:47:03Z
wta,2025-10-13,326101,Whitney Osuigwe,Whitney Osuigwe,142,538,https://api.wtatennis.com/tennis/players/ranked?page=1&pageSize=100&type=rankSingles&sort=asc&metric=SINGLES&at=2025-10-13&name=&nationality=,2026-03-22T00:47:03Z
wta,2025-10-13,329057,Darja Vidmanova,Darja Vidmanova,143,520,https://api.wtatennis.com/tennis/players/ranked?page=1&pageSize=100&type=rankSingles&sort=asc&metric=SINGLES&at=2025-10-13&name=&nationality=,2026-03-22T00:47:03Z
wta,2025-10-13,319571,Tamara Korpatsch,Tamara Korpatsch,144,518,https://api.wtatennis.com/tennis/players/ranked?page=1&pageSize=100&type=rankSingles&sort=asc&metric=SINGLES&at=2025-10-13&name=&nationality=,2026-03-22T00:47:03Z
wta,2025-10-13,326160,Xiyu Wang,Xiyu Wang,145,516,https://api.wtatennis.com/tennis/players/ranked?page=1&pageSize=100&type=rankSingles&sort=asc&metric=SINGLES&at=2025-10-13&name=&nationality=,2026-03-22T00:47:03Z
wta,2025-10-13,330149,Dominika Salkova,Dominika Salkova,146,505,https://api.wtatennis.com/tennis/players/ranked?page=1&pageSize=100&type=rankSingles&sort=asc&metric=SINGLES&at=2025-10-13&name=&nationality=,2026-03-22T00:47:03Z
wta,2025-10-13,319696,Astra Sharma,Astra Sharma,147,499,https://api.wtatennis.com/tennis/players/ranked?page=1&pageSize=100&type=rankSingles&sort=asc&metric=SINGLES&at=2025-10-13&name=&nationality=,2026-03-22T00:47:03Z
wta,2025-10-13,330751,Lola Radivojevic,Lola Radivojevic,148,499,https://api.wtatennis.com/tennis/players/ranked?page=1&pageSize=100&type=rankSingles&sort=asc&metric=SINGLES&at=2025-10-13&name=&nationality=,2026-03-22T00:47:03Z
wta,2025-10-13,120420,Varvara Lepchenko,Varvara Lepchenko,149,494,https://api.wtatennis.com/tennis/players/ranked?page=1&pageSize=100&type=rankSingles&sort=asc&metric=SINGLES&at=2025-10-13&name=&nationality=,2026-03-22T00:47:03Z
wta,2025-10-13,323802,Jodie Burrage,Jodie Burrage,150,493,https://api.wtatennis.com/tennis/players/ranked?page=1&pageSize=100&type=rankSingles&sort=asc&metric=SINGLES&at=2025-10-13&name=&nationality=,2026-03-22T00:47:03Z
wta,2025-10-13,329198,Alina Charaeva,Alina Charaeva,151,491,https://api.wtatennis.com/tennis/players/ranked?page=1&pageSize=100&type=rankSingles&sort=asc&metric=SINGLES&at=2025-10-13&name=&nationality=,2026-03-22T00:47:03Z
wta,2025-10-13,323149,Lucrezia Stefanini,Lucrezia Stefanini,152,490,https://api.wtatennis.com/tennis/players/ranked?page=1&pageSize=100&type=rankSingles&sort=asc&metric=SINGLES&at=2025-10-13&name=&nationality=,2026-03-22T00:47:03Z
wta,2025-10-13,326929,Mananchaya Sawangkaew,Mananchaya Sawangkaew,153,477,https://api.wtatennis.com/tennis/players/ranked?page=1&pageSize=100&type=rankSingles&sort=asc&metric=SINGLES&at=2025-10-13&name=&nationality=,2026-03-22T00:47:03Z
wta,2025-10-13,325433,Nuria Brancaccio,Nuria Brancaccio,154,477,https://api.wtatennis.com/tennis/players/ranked?page=1&pageSize=100&type=rankSingles&sort=asc&metric=SINGLES&at=2025-10-13&name=&nationality=,2026-03-22T00:47:03Z
wta,2025-10-13,323079,Tamara Zidansek,Tamara Zidansek,155,475,https://api.wtatennis.com/tennis/players/ranked?page=1&pageSize=100&type=rankSingles&sort=asc&metric=SINGLES&at=2025-10-13&name=&nationality=,2026-03-22T00:47:03Z
wta,2025-10-13,320218,Louisa Chirico,Louisa Chirico,156,470,https://api.wtatennis.com/tennis/players/ranked?page=1&pageSize=100&type=rankSingles&sort=asc&metric=SINGLES&at=2025-10-13&name=&nationality=,2026-03-22T00:47:03Z
wta,2025-10-13,321179,Maddison Inglis,Maddison Inglis,157,468,https://api.wtatennis.com/tennis/players/ranked?page=1&pageSize=100&type=rankSingles&sort=asc&metric=SINGLES&at=2025-10-13&name=&nationality=,2026-03-22T00:47:03Z
wta,2025-10-13,320567,Anhelina Kalinina,Anhelina Kalinina,158,462,https://api.wtatennis.com/tennis/players/ranked?page=1&pageSize=100&type=rankSingles&sort=asc&metric=SINGLES&at=2025-10-13&name=&nationality=,2026-03-22T00:47:03Z
wta,2025-10-13,320759,Iryna Shymanovich,Iryna Shymanovich,159,458,https://api.wtatennis.com/tennis/players/ranked?page=1&pageSize=100&type=rankSingles&sort=asc&metric=SINGLES&at=2025-10-13&name=&nationality=,2026-03-22T00:47:03Z
wta,2025-10-13,331742,Kaitlin Quevedo,Kaitlin Quevedo,160,458,https://api.wtatennis.com/tennis/players/ranked?page=1&pageSize=100&type=rankSingles&sort=asc&metric=SINGLES&at=2025-10-13&name=&nationality=,2026-03-22T00:47:03Z
wta,2025-10-13,315997,Daria Saville,Daria Saville,161,450,https://api.wtatennis.com/tennis/players/ranked?page=1&pageSize=100&type=rankSingles&sort=asc&metric=SINGLES&at=2025-10-13&name=&nationality=,2026-03-22T00:47:03Z
wta,2025-10-13,319421,Jessika Ponchet,Jessika Ponchet,162,450,https://api.wtatennis.com/tennis/players/ranked?page=1&pageSize=100&type=rankSingles&sort=asc&metric=SINGLES&at=2025-10-13&name=&nationality=,2026-03-22T00:47:03Z
wta,2025-10-13,331102,Hanne Vandewinkel,Hanne Vandewinkel,163,448,https://api.wtatennis.com/tennis/players/ranked?page=1&pageSize=100&type=rankSingles&sort=asc&metric=SINGLES&at=2025-10-13&name=&nationality=,2026-03-22T00:47:03Z
wta,2025-10-13,328896,Maria Timofeeva,Maria Timofeeva,164,447,https://api.wtatennis.com/tennis/players/ranked?page=1&pageSize=100&type=rankSingles&sort=asc&metric=SINGLES&at=2025-10-13&name=&nationality=,2026-03-22T00:47:03Z
wta,2025-10-13,330451,Sofia Costoulas,Sofia Costoulas,165,447,https://api.wtatennis.com/tennis/players/ranked?page=1&pageSize=100&type=rankSingles&sort=asc&metric=SINGLES&at=2025-10-13&name=&nationality=,2026-03-22T00:47:03Z
wta,2025-10-13,331330,Alina Korneeva,Alina Korneeva,166,447,https://api.wtatennis.com/tennis/players/ranked?page=1&pageSize=100&type=rankSingles&sort=asc&metric=SINGLES&at=2025-10-13&name=&nationality=,2026-03-22T00:47:03Z
wta,2025-10-13,319709,Nina Stojanovic,Nina Stojanovic,167,437,https://api.wtatennis.com/tennis/players/ranked?page=1&pageSize=100&type=rankSingles&sort=asc&metric=SINGLES&at=2025-10-13&name=&nationality=,2026-03-22T00:47:03Z
wta,2025-10-13,329061,Linda Klimovicova,Linda Klimovicova,168,435,https://api.wtatennis.com/tennis/players/ranked?page=1&pageSize=100&type=rankSingles&sort=asc&metric=SINGLES&at=2025-10-13&name=&nationality=,2026-03-22T00:47:03Z
wta,2025-10-13,333111,Emerson Jones,Emerson Jones,169,433,https://api.wtatennis.com/tennis/players/ranked?page=1&pageSize=100&type=rankSingles&sort=asc&metric=SINGLES&at=2025-10-13&name=&nationality=,2026-03-22T00:47:03Z
wta,2025-10-13,325088,Bianca Andreescu,Bianca Andreescu,170,426,https://api.wtatennis.com/tennis/players/ranked?page=1&pageSize=100&type=rankSingles&sort=asc&metric=SINGLES&at=2025-10-13&name=&nationality=,2026-03-22T00:47:03Z
wta,2025-10-13,320238,Nao Hibino,Nao Hibino,171,425,https://api.wtatennis.com/tennis/players/ranked?page=1&pageSize=100&type=rankSingles&sort=asc&metric=SINGLES&at=2025-10-13&name=&nationality=,2026-03-22T00:47:03Z
wta,2025-10-13,328988,Anouk Koevermans,Anouk Koevermans,172,421,https://api.wtatennis.com/tennis/players/ranked?page=1&pageSize=100&type=rankSingles&sort=asc&metric=SINGLES&at=2025-10-13&name=&nationality=,2026-03-22T00:47:03Z
wta,2025-10-13,324361,Carson Branstine,Carson Branstine,173,420,https://api.wtatennis.com/tennis/players/ranked?page=1&pageSize=100&type=rankSingles&sort=asc&metric=SINGLES&at=2025-10-13&name=&nationality=,2026-03-22T00:47:03Z
wta,2025-10-13,327845,Daria Snigur,Daria Snigur,174,417,https://api.wtatennis.com/tennis/players/ranked?page=1&pageSize=100&type=rankSingles&sort=asc&metric=SINGLES&at=2025-10-13&name=&nationality=,2026-03-22T00:47:03Z
wta,2025-10-13,329651,Lanlana Tararudee,Lanlana Tararudee,175,417,https://api.wtatennis.com/tennis/players/ranked?page=1&pageSize=100&type=rankSingles&sort=asc&metric=SINGLES&at=2025-10-13&name=&nationality=,2026-03-22T00:47:03Z
wta,2025-10-13,318080,Andrea Lazaro Garcia,Andrea Lazaro Garcia,176,410,https://api.wtatennis.com/tennis/players/ranked?page=1&pageSize=100&type=rankSingles&sort=asc&metric=SINGLES&at=2025-10-13&name=&nationality=,2026-03-22T00:47:03Z
wta,2025-10-13,324219,Destanee Aiava,Destanee Aiava,177,404,https://api.wtatennis.com/tennis/players/ranked?page=1&pageSize=100&type=rankSingles&sort=asc&metric=SINGLES&at=2025-10-13&name=&nationality=,2026-03-22T00:47:03Z
wta,2025-10-13,319091,Anna-Lena Friedsam,Anna-Lena Friedsam,178,401,https://api.wtatennis.com/tennis/players/ranked?page=1&pageSize=100&type=rankSingles&sort=asc&metric=SINGLES&at=2025-10-13&name=&nationality=,2026-03-22T00:47:03Z
wta,2025-10-13,330788,Clervie Ngounoue,Clervie Ngounoue,179,398,https://api.wtatennis.com/tennis/players/ranked?page=1&pageSize=100&type=rankSingles&sort=asc&metric=SINGLES&at=2025-10-13&name=&nationality=,2026-03-22T00:47:03Z
wta,2025-10-13,314359,Nuria Parrizas Diaz,Nuria Parrizas Diaz,180,398,https://api.wtatennis.com/tennis/players/ranked?page=1&pageSize=100&type=rankSingles&sort=asc&metric=SINGLES&at=2025-10-13&name=&nationality=,2026-03-22T00:47:03Z
wta,2025-10-13,330723,Tatiana Prozorova,Tatiana Prozorova,181,391,https://api.wtatennis.com/tennis/players/ranked?page=1&pageSize=100&type=rankSingles&sort=asc&metric=SINGLES&at=2025-10-13&name=&nationality=,2026-03-22T00:47:03Z
wta,2025-10-13,316694,Ana Sofia Sánchez,Ana Sofia Sánchez,182,391,https://api.wtatennis.com/tennis/players/ranked?page=1&pageSize=100&type=rankSingles&sort=asc&metric=SINGLES&at=2025-10-13&name=&nationality=,2026-03-22T00:47:03Z
wta,2025-10-13,329408,Robin Montgomery,Robin Montgomery,183,389,https://api.wtatennis.com/tennis/players/ranked?page=1&pageSize=100&type=rankSingles&sort=asc&metric=SINGLES&at=2025-10-13&name=&nationality=,2026-03-22T00:47:03Z
wta,2025-10-13,322527,Ena Shibahara,Ena Shibahara,184,387,https://api.wtatennis.com/tennis/players/ranked?page=1&pageSize=100&type=rankSingles&sort=asc&metric=SINGLES&at=2025-10-13&name=&nationality=,2026-03-22T00:47:03Z
wta,2025-10-13,330581,Celine Naef,Celine Naef,185,385,https://api.wtatennis.com/tennis/players/ranked?page=1&pageSize=100&type=rankSingles&sort=asc&metric=SINGLES&at=2025-10-13&name=&nationality=,2026-03-22T00:47:03Z
wta,2025-10-13,334791,Teodora Kostovic,Teodora Kostovic,186,382,https://api.wtatennis.com/tennis/players/ranked?page=1&pageSize=100&type=rankSingles&sort=asc&metric=SINGLES&at=2025-10-13&name=&nationality=,2026-03-22T00:47:03Z
wta,2025-10-13,319183,Kyoka Okamura,Kyoka Okamura,187,382,https://api.wtatennis.com/tennis/players/ranked?page=1&pageSize=100&type=rankSingles&sort=asc&metric=SINGLES&at=2025-10-13&name=&nationality=,2026-03-22T00:47:03Z
wta,2025-10-13,330466,Polina Iatcenko,Polina Iatcenko,188,380,https://api.wtatennis.com/tennis/players/ranked?page=1&pageSize=100&type=rankSingles&sort=asc&metric=SINGLES&at=2025-10-13&name=&nationality=,2026-03-22T00:47:03Z
wta,2025-10-13,330363,Barbora Palicova,Barbora Palicova,189,379,https://api.wtatennis.com/tennis/players/ranked?page=1&pageSize=100&type=rankSingles&sort=asc&metric=SINGLES&at=2025-10-13&name=&nationality=,2026-03-22T00:47:03Z
wta,2025-10-13,323087,Hanyu Guo,Hanyu Guo,190,378,https://api.wtatennis.com/tennis/players/ranked?page=1&pageSize=100&type=rankSingles&sort=asc&metric=SINGLES&at=2025-10-13&name=&nationality=,2026-03-22T00:47:03Z
wta,2025-10-13,322925,Xinyu Gao,Xinyu Gao,191,378,https://api.wtatennis.com/tennis/players/ranked?page=1&pageSize=100&type=rankSingles&sort=asc&metric=SINGLES&at=2025-10-13&name=&nationality=,2026-03-22T00:47:03Z
wta,2025-10-13,327287,Julia Riera,Julia Riera,192,373,https://api.wtatennis.com/tennis/players/ranked?page=1&pageSize=100&type=rankSingles&sort=asc&metric=SINGLES&at=2025-10-13&name=&nationality=,2026-03-22T00:47:03Z
wta,2025-10-13,324786,Guiomar Maristany Zuleta De Reales,Guiomar Maristany Zuleta De Reales,193,370,https://api.wtatennis.com/tennis/players/ranked?page=1&pageSize=100&type=rankSingles&sort=asc&metric=SINGLES&at=2025-10-13&name=&nationality=,2026-03-22T00:47:03Z
wta,2025-10-13,313711,Petra Martic,Petra Martic,194,367,https://api.wtatennis.com/tennis/players/ranked?page=1&pageSize=100&type=rankSingles&sort=asc&metric=SINGLES&at=2025-10-13&name=&nationality=,2026-03-22T00:47:03Z
wta,2025-10-13,328426,Sijia Wei,Sijia Wei,195,366,https://api.wtatennis.com/tennis/players/ranked?page=1&pageSize=100&type=rankSingles&sort=asc&metric=SINGLES&at=2025-10-13&name=&nationality=,2026-03-22T00:47:03Z
wta,2025-10-13,321367,Gabriela Knutson,Gabriela Knutson,196,365,https://api.wtatennis.com/tennis/players/ranked?page=1&pageSize=100&type=rankSingles&sort=asc&metric=SINGLES&at=2025-10-13&name=&nationality=,2026-03-22T00:47:03Z
wta,2025-10-13,326568,Himeno Sakatsume,Himeno Sakatsume,197,363,https://api.wtatennis.com/tennis/players/ranked?page=1&pageSize=100&type=rankSingles&sort=asc&metric=SINGLES&at=2025-10-13&name=&nationality=,2026-03-22T00:47:03Z
wta,2025-10-13,322417,Ye-Xin Ma,Ye-Xin Ma,198,362,https://api.wtatennis.com/tennis/players/ranked?page=1&pageSize=100&type=rankSingles&sort=asc&metric=SINGLES&at=2025-10-13&name=&nationality=,2026-03-22T00:47:03Z
wta,2025-10-13,330905,Elena Pridankina,Elena Pridankina,199,361,https://api.wtatennis.com/tennis/players/ranked?page=1&pageSize=100&type=rankSingles&sort=asc&metric=SINGLES&at=2025-10-13&name=&nationality=,2026-03-22T00:47:03Z
wta,2025-10-13,317155,Laura Pigossi,Laura Pigossi,200,360,https://api.wtatennis.com/tennis/players/ranked?page=1&pageSize=100&type=rankSingles&sort=asc&metric=SINGLES&at=2025-10-13&name=&nationality=,2026-03-22T00:47:03Z
wta,2025-10-13,325991,Carole Monnet,Carole Monnet,201,358,https://api.wtatennis.com/tennis/players/ranked?page=2&pageSize=100&type=rankSingles&sort=asc&metric=SINGLES&at=2025-10-13&name=&nationality=,2026-03-22T00:47:03Z
wta,2025-10-13,320945,Jana Fett,Jana Fett,202,357,https://api.wtatennis.com/tennis/players/ranked?page=2&pageSize=100&type=rankSingles&sort=asc&metric=SINGLES&at=2025-10-13&name=&nationality=,2026-03-22T00:47:03Z
wta,2025-10-13,330432,Cadence Brace,Cadence Brace,203,353,https://api.wtatennis.com/tennis/players/ranked?page=2&pageSize=100&type=rankSingles&sort=asc&metric=SINGLES&at=2025-10-13&name=&nationality=,2026-03-22T00:47:03Z
wta,2025-10-13,313987,Anastasija Sevastova,Anastasija Sevastova,204,350,https://api.wtatennis.com/tennis/players/ranked?page=2&pageSize=100&type=rankSingles&sort=asc&metric=SINGLES&at=2025-10-13&name=&nationality=,2026-03-22T00:47:03Z
wta,2025-10-13,330291,Taylah Preston,Taylah Preston,205,349,https://api.wtatennis.com/tennis/players/ranked?page=2&pageSize=100&type=rankSingles&sort=asc&metric=SINGLES&at=2025-10-13&name=&nationality=,2026-03-22T00:47:03Z
wta,2025-10-13,318201,Camilla Rosatello,Camilla Rosatello,206,348,https://api.wtatennis.com/tennis/players/ranked?page=2&pageSize=100&type=rankSingles&sort=asc&metric=SINGLES&at=2025-10-13&name=&nationality=,2026-03-22T00:47:03Z
wta,2025-10-13,322333,Anastasia Gasanova,Anastasia Gasanova,207,346,https://api.wtatennis.com/tennis/players/ranked?page=2&pageSize=100&type=rankSingles&sort=asc&metric=SINGLES&at=2025-10-13&name=&nationality=,2026-03-22T00:47:03Z
wta,2025-10-13,315365,Mona Barthel,Mona Barthel,208,345,https://api.wtatennis.com/tennis/players/ranked?page=2&pageSize=100&type=rankSingles&sort=asc&metric=SINGLES&at=2025-10-13&name=&nationality=,2026-03-22T00:47:03Z
wta,2025-10-13,319311,Lina Gjorcheska,Lina Gjorcheska,209,344,https://api.wtatennis.com/tennis/players/ranked?page=2&pageSize=100&type=rankSingles&sort=asc&metric=SINGLES&at=2025-10-13&name=&nationality=,2026-03-22T00:47:03Z
wta,2025-10-13,316009,Despina Papamichail,Despina Papamichail,210,341,https://api.wtatennis.com/tennis/players/ranked?page=2&pageSize=100&type=rankSingles&sort=asc&metric=SINGLES&at=2025-10-13&name=&nationality=,2026-03-22T00:47:03Z
wta,2025-10-13,326379,Elizabeth Mandlik,Elizabeth Mandlik,211,340,https://api.wtatennis.com/tennis/players/ranked?page=2&pageSize=100&type=rankSingles&sort=asc&metric=SINGLES&at=2025-10-13&name=&nationality=,2026-03-22T00:47:03Z
wta,2025-10-13,323677,Justina Mikulskyte,Justina Mikulskyte,212,339,https://api.wtatennis.com/tennis/players/ranked?page=2&pageSize=100&type=rankSingles&sort=asc&metric=SINGLES&at=2025-10-13&name=&nationality=,2026-03-22T00:47:03Z
wta,2025-10-13,333121,Tyra Caterina Grant,Tyra Caterina Grant,213,336,https://api.wtatennis.com/tennis/players/ranked?page=2&pageSize=100&type=rankSingles&sort=asc&metric=SINGLES&at=2025-10-13&name=&nationality=,2026-03-22T00:47:03Z
wta,2025-10-13,329578,Silvia Ambrosio,Silvia Ambrosio,214,334,https://api.wtatennis.com/tennis/players/ranked?page=2&pageSize=100&type=rankSingles&sort=asc&metric=SINGLES&at=2025-10-13&name=&nationality=,2026-03-22T00:47:03Z
wta,2025-10-13,316981,Heather Watson,Heather Watson,215,328,https://api.wtatennis.com/tennis/players/ranked?page=2&pageSize=100&type=rankSingles&sort=asc&metric=SINGLES&at=2025-10-13&name=&nationality=,2026-03-22T00:47:03Z
wta,2025-10-13,314660,Ekaterine Gorgodze,Ekaterine Gorgodze,216,327,https://api.wtatennis.com/tennis/players/ranked?page=2&pageSize=100&type=rankSingles&sort=asc&metric=SINGLES&at=2025-10-13&name=&nationality=,2026-03-22T00:47:03Z
wta,2025-10-13,317286,Kathinka Von Deichmann,Kathinka Von Deichmann,217,325,https://api.wtatennis.com/tennis/players/ranked?page=2&pageSize=100&type=rankSingles&sort=asc&metric=SINGLES&at=2025-10-13&name=&nationality=,2026-03-22T00:47:03Z
wta,2025-10-13,333944,Laura Samson,Laura Samson,218,324,https://api.wtatennis.com/tennis/players/ranked?page=2&pageSize=100&type=rankSingles&sort=asc&metric=SINGLES&at=2025-10-13&name=&nationality=,2026-03-22T00:47:03Z
wta,2025-10-13,317306,Lin Zhu,Lin Zhu,219,320,https://api.wtatennis.com/tennis/players/ranked?page=2&pageSize=100&type=rankSingles&sort=asc&metric=SINGLES&at=2025-10-13&name=&nationality=,2026-03-22T00:47:03Z
wta,2025-10-13,317414,Lauren Davis,Lauren Davis,220,320,https://api.wtatennis.com/tennis/players/ranked?page=2&pageSize=100&type=rankSingles&sort=asc&metric=SINGLES&at=2025-10-13&name=&nationality=,2026-03-22T00:47:03Z
wta,2025-10-13,320013,Lizette Cabrera,Lizette Cabrera,221,320,https://api.wtatennis.com/tennis/players/ranked?page=2&pageSize=100&type=rankSingles&sort=asc&metric=SINGLES&at=2025-10-13&name=&nationality=,2026-03-22T00:47:03Z
wta,2025-10-13,318839,Chloe Paquet,Chloe Paquet,222,318,https://api.wtatennis.com/tennis/players/ranked?page=2&pageSize=100&type=rankSingles&sort=asc&metric=SINGLES&at=2025-10-13&name=&nationality=,2026-03-22T00:47:03Z
wta,2025-10-13,330960,Kayla Cross,Kayla Cross,223,315,https://api.wtatennis.com/tennis/players/ranked?page=2&pageSize=100&type=rankSingles&sort=asc&metric=SINGLES&at=2025-10-13&name=&nationality=,2026-03-22T00:47:03Z
wta,2025-10-13,330236,Tara Wuerth,Tara Wuerth,224,314,https://api.wtatennis.com/tennis/players/ranked?page=2&pageSize=100&type=rankSingles&sort=asc&metric=SINGLES&at=2025-10-13&name=&nationality=,2026-03-22T00:47:03Z
wta,2025-10-13,332175,Sara Saito,Sara Saito,225,314,https://api.wtatennis.com/tennis/players/ranked?page=2&pageSize=100&type=rankSingles&sort=asc&metric=SINGLES&at=2025-10-13&name=&nationality=,2026-03-22T00:47:03Z
wta,2025-10-13,322277,Viktoria Hruncakova,Viktoria Hruncakova,226,314,https://api.wtatennis.com/tennis/players/ranked?page=2&pageSize=100&type=rankSingles&sort=asc&metric=SINGLES&at=2025-10-13&name=&nationality=,2026-03-22T00:47:03Z
wta,2025-10-13,320592,Mariam Bolkvadze,Mariam Bolkvadze,227,313,https://api.wtatennis.com/tennis/players/ranked?page=2&pageSize=100&type=rankSingles&sort=asc&metric=SINGLES&at=2025-10-13&name=&nationality=,2026-03-22T00:47:03Z
wta,2025-10-13,325011,Eva Vedder,Eva Vedder,228,313,https://api.wtatennis.com/tennis/players/ranked?page=2&pageSize=100&type=rankSingles&sort=asc&metric=SINGLES&at=2025-10-13&name=&nationality=,2026-03-22T00:47:03Z
wta,2025-10-13,325794,Manon Leonard,Manon Leonard,229,312,https://api.wtatennis.com/tennis/players/ranked?page=2&pageSize=100&type=rankSingles&sort=asc&metric=SINGLES&at=2025-10-13&name=&nationality=,2026-03-22T00:47:03Z
wta,2025-10-13,326653,Olivia Gadecki,Olivia Gadecki,230,310,https://api.wtatennis.com/tennis/players/ranked?page=2&pageSize=100&type=rankSingles&sort=asc&metric=SINGLES&at=2025-10-13&name=&nationality=,2026-03-22T00:47:03Z
wta,2025-10-13,332150,Lilli Tagger,Lilli Tagger,231,308,https://api.wtatennis.com/tennis/players/ranked?page=2&pageSize=100&type=rankSingles&sort=asc&metric=SINGLES&at=2025-10-13&name=&nationality=,2026-03-22T00:47:03Z
wta,2025-10-13,321280,Raluka Serban,Raluka Serban,232,307,https://api.wtatennis.com/tennis/players/ranked?page=2&pageSize=100&type=rankSingles&sort=asc&metric=SINGLES&at=2025-10-13&name=&nationality=,2026-03-22T00:47:03Z
wta,2025-10-13,319489,Harriet Dart,Harriet Dart,233,306,https://api.wtatennis.com/tennis/players/ranked?page=2&pageSize=100&type=rankSingles&sort=asc&metric=SINGLES&at=2025-10-13&name=&nationality=,2026-03-22T00:47:03Z
wta,2025-10-13,323119,Miriam Bulgaru,Miriam Bulgaru,234,304,https://api.wtatennis.com/tennis/players/ranked?page=2&pageSize=100&type=rankSingles&sort=asc&metric=SINGLES&at=2025-10-13&name=&nationality=,2026-03-22T00:47:03Z
wta,2025-10-13,329383,Carol Young Suh Lee,Carol Young Suh Lee,235,304,https://api.wtatennis.com/tennis/players/ranked?page=2&pageSize=100&type=rankSingles&sort=asc&metric=SINGLES&at=2025-10-13&name=&nationality=,2026-03-22T00:47:03Z
wta,2025-10-13,320735,Aliona Bolsova,Aliona Bolsova,236,300,https://api.wtatennis.com/tennis/players/ranked?page=2&pageSize=100&type=rankSingles&sort=asc&metric=SINGLES&at=2025-10-13&name=&nationality=,2026-03-22T00:47:03Z
wta,2025-10-13,328320,Hina Inoue,Hina Inoue,237,298,https://api.wtatennis.com/tennis/players/ranked?page=2&pageSize=100&type=rankSingles&sort=asc&metric=SINGLES&at=2025-10-13&name=&nationality=,2026-03-22T00:47:03Z
wta,2025-10-13,321157,Irene Burillo,Irene Burillo,238,297,https://api.wtatennis.com/tennis/players/ranked?page=2&pageSize=100&type=rankSingles&sort=asc&metric=SINGLES&at=2025-10-13&name=&nationality=,2026-03-22T00:47:03Z
wta,2025-10-13,325940,Jule Niemeier,Jule Niemeier,239,295,https://api.wtatennis.com/tennis/players/ranked?page=2&pageSize=100&type=rankSingles&sort=asc&metric=SINGLES&at=2025-10-13&name=&nationality=,2026-03-22T00:47:03Z
wta,2025-10-13,318872,Sara Sorribes Tormo,Sara Sorribes Tormo,240,295,https://api.wtatennis.com/tennis/players/ranked?page=2&pageSize=100&type=rankSingles&sort=asc&metric=SINGLES&at=2025-10-13&name=&nationality=,2026-03-22T00:47:03Z
wta,2025-10-13,324750,Mai Hontama,Mai Hontama,241,295,https://api.wtatennis.com/tennis/players/ranked?page=2&pageSize=100&type=rankSingles&sort=asc&metric=SINGLES&at=2025-10-13&name=&nationality=,2026-03-22T00:47:03Z
wta,2025-10-13,331963,Sayaka Ishii,Sayaka Ishii,242,294,https://api.wtatennis.com/tennis/players/ranked?page=2&pageSize=100&type=rankSingles&sort=asc&metric=SINGLES&at=2025-10-13&name=&nationality=,2026-03-22T00:47:03Z
wta,2025-10-13,327834,Elvina Kalieva,Elvina Kalieva,243,294,https://api.wtatennis.com/tennis/players/ranked?page=2&pageSize=100&type=rankSingles&sort=asc&metric=SINGLES&at=2025-10-13&name=&nationality=,2026-03-22T00:47:03Z
wta,2025-10-13,328131,Amarissa Toth,Amarissa Toth,244,294,https://api.wtatennis.com/tennis/players/ranked?page=2&pageSize=100&type=rankSingles&sort=asc&metric=SINGLES&at=2025-10-13&name=&nationality=,2026-03-22T00:47:03Z
wta,2025-10-13,326766,Julie Belgraver,Julie Belgraver,245,293,https://api.wtatennis.com/tennis/players/ranked?page=2&pageSize=100&type=rankSingles&sort=asc&metric=SINGLES&at=2025-10-13&name=&nationality=,2026-03-22T00:47:03Z
wta,2025-10-13,321032,Susan Bandecchi,Susan Bandecchi,246,293,https://api.wtatennis.com/tennis/players/ranked?page=2&pageSize=100&type=rankSingles&sort=asc&metric=SINGLES&at=2025-10-13&name=&nationality=,2026-03-22T00:47:03Z
wta,2025-10-13,319305,Carolina Alves,Carolina Alves,247,293,https://api.wtatennis.com/tennis/players/ranked?page=2&pageSize=100&type=rankSingles&sort=asc&metric=SINGLES&at=2025-10-13&name=&nationality=,2026-03-22T00:47:03Z
wta,2025-10-13,320016,Harmony Tan,Harmony Tan,248,289,https://api.wtatennis.com/tennis/players/ranked?page=2&pageSize=100&type=rankSingles&sort=asc&metric=SINGLES&at=2025-10-13&name=&nationality=,2026-03-22T00:47:03Z
wta,2025-10-13,321743,Hanna Chang,Hanna Chang,249,286,https://api.wtatennis.com/tennis/players/ranked?page=2&pageSize=100&type=rankSingles&sort=asc&metric=SINGLES&at=2025-10-13&name=&nationality=,2026-03-22T00:47:03Z
wta,2025-10-13,328730,Matilde Jorge,Matilde Jorge,250,286,https://api.wtatennis.com/tennis/players/ranked?page=2&pageSize=100&type=rankSingles&sort=asc&metric=SINGLES&at=2025-10-13&name=&nationality=,2026-03-22T00:47:03Z
wta,2025-10-13,329090,Selena Janicijevic,Selena Janicijevic,251,285,https://api.wtatennis.com/tennis/players/ranked?page=2&pageSize=100&type=rankSingles&sort=asc&metric=SINGLES&at=2025-10-13&name=&nationality=,2026-03-22T00:47:03Z
wta,2025-10-13,325614,Sada Nahimana,Sada Nahimana,252,285,https://api.wtatennis.com/tennis/players/ranked?page=2&pageSize=100&type=rankSingles&sort=asc&metric=SINGLES&at=2025-10-13&name=&nationality=,2026-03-22T00:47:03Z
wta,2025-10-13,328647,Anna Rogers,Anna Rogers,253,282,https://api.wtatennis.com/tennis/players/ranked?page=2&pageSize=100&type=rankSingles&sort=asc&metric=SINGLES&at=2025-10-13&name=&nationality=,2026-03-22T00:47:03Z
wta,2025-10-13,332467,Renata Jamrichova,Renata Jamrichova,254,277,https://api.wtatennis.com/tennis/players/ranked?page=2&pageSize=100&type=rankSingles&sort=asc&metric=SINGLES&at=2025-10-13&name=&nationality=,2026-03-22T00:47:03Z
wta,2025-10-13,324948,Francisca Jorge,Francisca Jorge,255,276,https://api.wtatennis.com/tennis/players/ranked?page=2&pageSize=100&type=rankSingles&sort=asc&metric=SINGLES&at=2025-10-13&name=&nationality=,2026-03-22T00:47:03Z
wta,2025-10-13,323451,Arianne Hartono,Arianne Hartono,256,274,https://api.wtatennis.com/tennis/players/ranked?page=2&pageSize=100&type=rankSingles&sort=asc&metric=SINGLES&at=2025-10-13&name=&nationality=,2026-03-22T00:47:03Z
wta,2025-10-13,322478,Alice Rame,Alice Rame,257,274,https://api.wtatennis.com/tennis/players/ranked?page=2&pageSize=100&type=rankSingles&sort=asc&metric=SINGLES&at=2025-10-13&name=&nationality=,2026-03-22T00:47:03Z
wta,2025-10-13,327219,Valentina Ryser,Valentina Ryser,258,273,https://api.wtatennis.com/tennis/players/ranked?page=2&pageSize=100&type=rankSingles&sort=asc&metric=SINGLES&at=2025-10-13&name=&nationality=,2026-03-22T00:47:03Z
wta,2025-10-13,322355,Angela Fita Boluda,Angela Fita Boluda,259,272,https://api.wtatennis.com/tennis/players/ranked?page=2&pageSize=100&type=rankSingles&sort=asc&metric=SINGLES&at=2025-10-13&name=&nationality=,2026-03-22T00:47:03Z
wta,2025-10-13,333700,Ayana Akli,Ayana Akli,260,270,https://api.wtatennis.com/tennis/players/ranked?page=2&pageSize=100&type=rankSingles&sort=asc&metric=SINGLES&at=2025-10-13&name=&nationality=,2026-03-22T00:47:03Z
wta,2025-10-13,315696,Zarina Diyas,Zarina Diyas,261,269,https://api.wtatennis.com/tennis/players/ranked?page=2&pageSize=100&type=rankSingles&sort=asc&metric=SINGLES&at=2025-10-13&name=&nationality=,2026-03-22T00:47:03Z
wta,2025-10-13,318857,Haruka Kaji,Haruka Kaji,262,267,https://api.wtatennis.com/tennis/players/ranked?page=2&pageSize=100&type=rankSingles&sort=asc&metric=SINGLES&at=2025-10-13&name=&nationality=,2026-03-22T00:47:03Z
wta,2025-10-13,324128,Marina Bassols Ribera,Marina Bassols Ribera,263,265,https://api.wtatennis.com/tennis/players/ranked?page=2&pageSize=100&type=rankSingles&sort=asc&metric=SINGLES&at=2025-10-13&name=&nationality=,2026-03-22T00:47:03Z
wta,2025-10-13,312413,Arina Rodionova,Arina Rodionova,264,262,https://api.wtatennis.com/tennis/players/ranked?page=2&pageSize=100&type=rankSingles&sort=asc&metric=SINGLES&at=2025-10-13&name=&nationality=,2026-03-22T00:47:03Z
wta,2025-10-13,329858,Anastasiia Sobolieva,Anastasiia Sobolieva,265,262,https://api.wtatennis.com/tennis/players/ranked?page=2&pageSize=100&type=rankSingles&sort=asc&metric=SINGLES&at=2025-10-13&name=&nationality=,2026-03-22T00:47:03Z
wta,2025-10-13,331857,Wakana Sonobe,Wakana Sonobe,266,261,https://api.wtatennis.com/tennis/players/ranked?page=2&pageSize=100&type=rankSingles&sort=asc&metric=SINGLES&at=2025-10-13&name=&nationality=,2026-03-22T00:47:03Z
wta,2025-10-13,325473,Mei Yamaguchi,Mei Yamaguchi,267,261,https://api.wtatennis.com/tennis/players/ranked?page=2&pageSize=100&type=rankSingles&sort=asc&metric=SINGLES&at=2025-10-13&name=&nationality=,2026-03-22T00:47:03Z
wta,2025-10-13,319444,Caroline Werner,Caroline Werner,268,260,https://api.wtatennis.com/tennis/players/ranked?page=2&pageSize=100&type=rankSingles&sort=asc&metric=SINGLES&at=2025-10-13&name=&nationality=,2026-03-22T00:47:03Z
wta,2025-10-13,327781,Fiona Crawley,Fiona Crawley,269,256,https://api.wtatennis.com/tennis/players/ranked?page=2&pageSize=100&type=rankSingles&sort=asc&metric=SINGLES&at=2025-10-13&name=&nationality=,2026-03-22T00:47:03Z
wta,2025-10-13,330926,Mia Ristic,Mia Ristic,270,256,https://api.wtatennis.com/tennis/players/ranked?page=2&pageSize=100&type=rankSingles&sort=asc&metric=SINGLES&at=2025-10-13&name=&nationality=,2026-03-22T00:47:03Z
wta,2025-10-13,318001,Nicole Fossa Huergo,Nicole Fossa Huergo,271,253,https://api.wtatennis.com/tennis/players/ranked?page=2&pageSize=100&type=rankSingles&sort=asc&metric=SINGLES&at=2025-10-13&name=&nationality=,2026-03-22T00:47:03Z
wta,2025-10-13,321658,Katharina Hobgarski,Katharina Hobgarski,272,252,https://api.wtatennis.com/tennis/players/ranked?page=2&pageSize=100&type=rankSingles&sort=asc&metric=SINGLES&at=2025-10-13&name=&nationality=,2026-03-22T00:47:03Z
wta,2025-10-13,329366,Nastasja Schunk,Nastasja Schunk,273,247,https://api.wtatennis.com/tennis/players/ranked?page=2&pageSize=100&type=rankSingles&sort=asc&metric=SINGLES&at=2025-10-13&name=&nationality=,2026-03-22T00:47:03Z
wta,2025-10-13,327283,Jazmin Ortenzi,Jazmin Ortenzi,274,246,https://api.wtatennis.com/tennis/players/ranked?page=2&pageSize=100&type=rankSingles&sort=asc&metric=SINGLES&at=2025-10-13&name=&nationality=,2026-03-22T00:47:03Z
wta,2025-10-13,330746,Luisina Giovannini,Luisina Giovannini,275,245,https://api.wtatennis.com/tennis/players/ranked?page=2&pageSize=100&type=rankSingles&sort=asc&metric=SINGLES&at=2025-10-13&name=&nationality=,2026-03-22T00:47:03Z
wta,2025-10-13,322451,Xiaodi You,Xiaodi You,276,243,https://api.wtatennis.com/tennis/players/ranked?page=2&pageSize=100&type=rankSingles&sort=asc&metric=SINGLES&at=2025-10-13&name=&nationality=,2026-03-22T00:47:03Z
wta,2025-10-13,327398,Sakura Hosogi,Sakura Hosogi,277,243,https://api.wtatennis.com/tennis/players/ranked?page=2&pageSize=100&type=rankSingles&sort=asc&metric=SINGLES&at=2025-10-13&name=&nationality=,2026-03-22T00:47:03Z
wta,2025-10-13,321984,Tessah Andrianjafitrimo,Tessah Andrianjafitrimo,278,240,https://api.wtatennis.com/tennis/players/ranked?page=2&pageSize=100&type=rankSingles&sort=asc&metric=SINGLES&at=2025-10-13&name=&nationality=,2026-03-22T00:47:03Z
wta,2025-10-13,321397,Ylena In-Albon,Ylena In-Albon,279,240,https://api.wtatennis.com/tennis/players/ranked?page=2&pageSize=100&type=rankSingles&sort=asc&metric=SINGLES&at=2025-10-13&name=&nationality=,2026-03-22T00:47:03Z
wta,2025-10-13,317805,Carol Zhao,Carol Zhao,280,239,https://api.wtatennis.com/tennis/players/ranked?page=2&pageSize=100&type=rankSingles&sort=asc&metric=SINGLES&at=2025-10-13&name=&nationality=,2026-03-22T00:47:03Z
wta,2025-10-13,318352,Irina Bara,Irina Bara,281,239,https://api.wtatennis.com/tennis/players/ranked?page=2&pageSize=100&type=rankSingles&sort=asc&metric=SINGLES&at=2025-10-13&name=&nationality=,2026-03-22T00:47:03Z
wta,2025-10-13,330102,Julia Avdeeva,Julia Avdeeva,282,239,https://api.wtatennis.com/tennis/players/ranked?page=2&pageSize=100&type=rankSingles&sort=asc&metric=SINGLES&at=2025-10-13&name=&nationality=,2026-03-22T00:47:03Z
wta,2025-10-13,322214,Katherine Sebov,Katherine Sebov,283,237,https://api.wtatennis.com/tennis/players/ranked?page=2&pageSize=100&type=rankSingles&sort=asc&metric=SINGLES&at=2025-10-13&name=&nationality=,2026-03-22T00:47:03Z
wta,2025-10-13,322534,Kayla Day,Kayla Day,284,235,https://api.wtatennis.com/tennis/players/ranked?page=2&pageSize=100&type=rankSingles&sort=asc&metric=SINGLES&at=2025-10-13&name=&nationality=,2026-03-22T00:47:03Z
wta,2025-10-13,326908,Tina Smith,Tina Smith,285,235,https://api.wtatennis.com/tennis/players/ranked?page=2&pageSize=100&type=rankSingles&sort=asc&metric=SINGLES&at=2025-10-13&name=&nationality=,2026-03-22T00:47:03Z
wta,2025-10-13,321029,Jessica Pieri,Jessica Pieri,286,233,https://api.wtatennis.com/tennis/players/ranked?page=2&pageSize=100&type=rankSingles&sort=asc&metric=SINGLES&at=2025-10-13&name=&nationality=,2026-03-22T00:47:03Z
wta,2025-10-13,332718,Alisa Oktiabreva,Alisa Oktiabreva,287,233,https://api.wtatennis.com/tennis/players/ranked?page=2&pageSize=100&type=rankSingles&sort=asc&metric=SINGLES&at=2025-10-13&name=&nationality=,2026-03-22T00:47:03Z
wta,2025-10-13,316464,Emina Bektas,Emina Bektas,288,231,https://api.wtatennis.com/tennis/players/ranked?page=2&pageSize=100&type=rankSingles&sort=asc&metric=SINGLES&at=2025-10-13&name=&nationality=,2026-03-22T00:47:03Z
wta,2025-10-13,329919,Amarni Banks,Amarni Banks,289,231,https://api.wtatennis.com/tennis/players/ranked?page=2&pageSize=100&type=rankSingles&sort=asc&metric=SINGLES&at=2025-10-13&name=&nationality=,2026-03-22T00:47:03Z
wta,2025-10-13,320190,Kajsa Rinaldo Persson,Kajsa Rinaldo Persson,290,227,https://api.wtatennis.com/tennis/players/ranked?page=2&pageSize=100&type=rankSingles&sort=asc&metric=SINGLES&at=2025-10-13&name=&nationality=,2026-03-22T00:47:03Z
wta,2025-10-13,328034,Kristina Dmitruk,Kristina Dmitruk,291,225,https://api.wtatennis.com/tennis/players/ranked?page=2&pageSize=100&type=rankSingles&sort=asc&metric=SINGLES&at=2025-10-13&name=&nationality=,2026-03-22T00:47:03Z
wta,2025-10-13,324028,Leonie Kung,Leonie Kung,292,225,https://api.wtatennis.com/tennis/players/ranked?page=2&pageSize=100&type=rankSingles&sort=asc&metric=SINGLES&at=2025-10-13&name=&nationality=,2026-03-22T00:47:03Z
wta,2025-10-13,319454,Gabriela Lee,Gabriela Lee,293,225,https://api.wtatennis.com/tennis/players/ranked?page=2&pageSize=100&type=rankSingles&sort=asc&metric=SINGLES&at=2025-10-13&name=&nationality=,2026-03-22T00:47:03Z
wta,2025-10-13,328308,Ekaterina Makarova,Ekaterina Makarova,294,224,https://api.wtatennis.com/tennis/players/ranked?page=2&pageSize=100&type=rankSingles&sort=asc&metric=SINGLES&at=2025-10-13&name=&nationality=,2026-03-22T00:47:03Z
wta,2025-10-13,315294,Dalila Jakupovic,Dalila Jakupovic,295,223,https://api.wtatennis.com/tennis/players/ranked?page=2&pageSize=100&type=rankSingles&sort=asc&metric=SINGLES&at=2025-10-13&name=&nationality=,2026-03-22T00:47:03Z
wta,2025-10-13,321495,Yuriko Lily Miyazaki,Yuriko Lily Miyazaki,296,220,https://api.wtatennis.com/tennis/players/ranked?page=2&pageSize=100&type=rankSingles&sort=asc&metric=SINGLES&at=2025-10-13&name=&nationality=,2026-03-22T00:47:03Z
wta,2025-10-13,326561,Sohyun Park,Sohyun Park,297,220,https://api.wtatennis.com/tennis/players/ranked?page=2&pageSize=100&type=rankSingles&sort=asc&metric=SINGLES&at=2025-10-13&name=&nationality=,2026-03-22T00:47:03Z
wta,2025-10-13,327252,Yeonwoo Ku,Yeonwoo Ku,298,220,https://api.wtatennis.com/tennis/players/ranked?page=2&pageSize=100&type=rankSingles&sort=asc&metric=SINGLES&at=2025-10-13&name=&nationality=,2026-03-22T00:47:03Z
wta,2025-10-13,326911,Carlota Martinez Cirez,Carlota Martinez Cirez,299,217,https://api.wtatennis.com/tennis/players/ranked?page=2&pageSize=100&type=rankSingles&sort=asc&metric=SINGLES&at=2025-10-13&name=&nationality=,2026-03-22T00:47:03Z
wta,2025-10-13,324995,Anna Siskova,Anna Siskova,300,217,https://api.wtatennis.com/tennis/players/ranked?page=2&pageSize=100&type=rankSingles&sort=asc&metric=SINGLES&at=2025-10-13&name=&nationality=,2026-03-22T00:47:03Z
wta,2025-10-13,317171,Patricia Maria Tig,Patricia Maria Tig,301,216,https://api.wtatennis.com/tennis/players/ranked?page=3&pageSize=100&type=rankSingles&sort=asc&metric=SINGLES&at=2025-10-13&name=&nationality=,2026-03-22T00:47:03Z
wta,2025-10-13,322382,Eva Guerrero Alvarez,Eva Guerrero Alvarez,302,216,https://api.wtatennis.com/tennis/players/ranked?page=3&pageSize=100&type=rankSingles&sort=asc&metric=SINGLES&at=2025-10-13&name=&nationality=,2026-03-22T00:47:03Z
wta,2025-10-13,324807,Eunhye Lee,Eunhye Lee,303,216,https://api.wtatennis.com/tennis/players/ranked?page=3&pageSize=100&type=rankSingles&sort=asc&metric=SINGLES&at=2025-10-13&name=&nationality=,2026-03-22T00:47:03Z
wta,2025-10-13,321329,Wushuang Zheng,Wushuang Zheng,304,215,https://api.wtatennis.com/tennis/players/ranked?page=3&pageSize=100&type=rankSingles&sort=asc&metric=SINGLES&at=2025-10-13&name=&nationality=,2026-03-22T00:47:03Z
wta,2025-10-13,323966,Claire Liu,Claire Liu,305,212,https://api.wtatennis.com/tennis/players/ranked?page=3&pageSize=100&type=rankSingles&sort=asc&metric=SINGLES&at=2025-10-13&name=&nationality=,2026-03-22T00:47:03Z
wta,2025-10-13,329250,Aliona Falei,Aliona Falei,306,212,https://api.wtatennis.com/tennis/players/ranked?page=3&pageSize=100&type=rankSingles&sort=asc&metric=SINGLES&at=2025-10-13&name=&nationality=,2026-03-22T00:47:03Z
wta,2025-10-13,315391,Caroline Garcia,Caroline Garcia,307,211,https://api.wtatennis.com/tennis/players/ranked?page=3&pageSize=100&type=rankSingles&sort=asc&metric=SINGLES&at=2025-10-13&name=&nationality=,2026-03-22T00:47:03Z
wta,2025-10-13,327773,Lia Karatancheva,Lia Karatancheva,308,210,https://api.wtatennis.com/tennis/players/ranked?page=3&pageSize=100&type=rankSingles&sort=asc&metric=SINGLES&at=2025-10-13&name=&nationality=,2026-03-22T00:47:03Z
wta,2025-10-13,315148,Amandine Hesse,Amandine Hesse,309,207,https://api.wtatennis.com/tennis/players/ranked?page=3&pageSize=100&type=rankSingles&sort=asc&metric=SINGLES&at=2025-10-13&name=&nationality=,2026-03-22T00:47:03Z
wta,2025-10-13,332098,Elena Ruxandra Bertea,Elena Ruxandra Bertea,310,207,https://api.wtatennis.com/tennis/players/ranked?page=3&pageSize=100&type=rankSingles&sort=asc&metric=SINGLES&at=2025-10-13&name=&nationality=,2026-03-22T00:47:03Z
wta,2025-10-13,329824,Han Shi,Han Shi,311,205,https://api.wtatennis.com/tennis/players/ranked?page=3&pageSize=100&type=rankSingles&sort=asc&metric=SINGLES&at=2025-10-13&name=&nationality=,2026-03-22T00:47:03Z
wta,2025-10-13,328472,Mariia Tkacheva,Mariia Tkacheva,312,205,https://api.wtatennis.com/tennis/players/ranked?page=3&pageSize=100&type=rankSingles&sort=asc&metric=SINGLES&at=2025-10-13&name=&nationality=,2026-03-22T00:47:03Z
wta,2025-10-13,329759,Laura Hietaranta,Laura Hietaranta,313,205,https://api.wtatennis.com/tennis/players/ranked?page=3&pageSize=100&type=rankSingles&sort=asc&metric=SINGLES&at=2025-10-13&name=&nationality=,2026-03-22T00:47:03Z
wta,2025-10-13,332562,Tessa Johanna Brockmann,Tessa Johanna Brockmann,314,204,https://api.wtatennis.com/tennis/players/ranked?page=3&pageSize=100&type=rankSingles&sort=asc&metric=SINGLES&at=2025-10-13&name=&nationality=,2026-03-22T00:47:03Z
wta,2025-10-13,330569,Ariana Geerlings,Ariana Geerlings,315,201,https://api.wtatennis.com/tennis/players/ranked?page=3&pageSize=100&type=rankSingles&sort=asc&metric=SINGLES&at=2025-10-13&name=&nationality=,2026-03-22T00:47:03Z
wta,2025-10-13,316588,Isabella Shinikova,Isabella Shinikova,316,201,https://api.wtatennis.com/tennis/players/ranked?page=3&pageSize=100&type=rankSingles&sort=asc&metric=SINGLES&at=2025-10-13&name=&nationality=,2026-03-22T00:47:03Z
wta,2025-10-13,331361,Xinxin Yao,Xinxin Yao,317,200,https://api.wtatennis.com/tennis/players/ranked?page=3&pageSize=100&type=rankSingles&sort=asc&metric=SINGLES&at=2025-10-13&name=&nationality=,2026-03-22T00:47:03Z
wta,2025-10-13,312292,Cagla Buyukakcay,Cagla Buyukakcay,318,200,https://api.wtatennis.com/tennis/players/ranked?page=3&pageSize=100&type=rankSingles&sort=asc&metric=SINGLES&at=2025-10-13&name=&nationality=,2026-03-22T00:47:03Z
wta,2025-10-13,325404,Aurora Zantedeschi,Aurora Zantedeschi,319,198,https://api.wtatennis.com/tennis/players/ranked?page=3&pageSize=100&type=rankSingles&sort=asc&metric=SINGLES&at=2025-10-13&name=&nationality=,2026-03-22T00:47:03Z
wta,2025-10-13,328160,Francesca Curmi,Francesca Curmi,320,198,https://api.wtatennis.com/tennis/players/ranked?page=3&pageSize=100&type=rankSingles&sort=asc&metric=SINGLES&at=2025-10-13&name=&nationality=,2026-03-22T00:47:03Z
wta,2025-10-13,315427,Ana Bogdan,Ana Bogdan,321,197,https://api.wtatennis.com/tennis/players/ranked?page=3&pageSize=100&type=rankSingles&sort=asc&metric=SINGLES&at=2025-10-13&name=&nationality=,2026-03-22T00:47:03Z
wta,2025-10-13,323171,Lea Boskovic,Lea Boskovic,322,197,https://api.wtatennis.com/tennis/players/ranked?page=3&pageSize=100&type=rankSingles&sort=asc&metric=SINGLES&at=2025-10-13&name=&nationality=,2026-03-22T00:47:03Z
wta,2025-10-13,328797,Priska Nugroho,Priska Nugroho,323,195,https://api.wtatennis.com/tennis/players/ranked?page=3&pageSize=100&type=rankSingles&sort=asc&metric=SINGLES&at=2025-10-13&name=&nationality=,2026-03-22T00:47:03Z
wta,2025-10-13,324308,Emeline Dartron,Emeline Dartron,324,194,https://api.wtatennis.com/tennis/players/ranked?page=3&pageSize=100&type=rankSingles&sort=asc&metric=SINGLES&at=2025-10-13&name=&nationality=,2026-03-22T00:47:03Z
wta,2025-10-13,329154,Hiromi Abe,Hiromi Abe,325,194,https://api.wtatennis.com/tennis/players/ranked?page=3&pageSize=100&type=rankSingles&sort=asc&metric=SINGLES&at=2025-10-13&name=&nationality=,2026-03-22T00:47:03Z
wta,2025-10-13,324360,Maria Mateas,Maria Mateas,326,193,https://api.wtatennis.com/tennis/players/ranked?page=3&pageSize=100&type=rankSingles&sort=asc&metric=SINGLES&at=2025-10-13&name=&nationality=,2026-03-22T00:47:03Z
wta,2025-10-13,328193,Lisa Pigato,Lisa Pigato,327,193,https://api.wtatennis.com/tennis/players/ranked?page=3&pageSize=100&type=rankSingles&sort=asc&metric=SINGLES&at=2025-10-13&name=&nationality=,2026-03-22T00:47:03Z
wta,2025-10-13,324830,En-Shuo Liang,En-Shuo Liang,328,193,https://api.wtatennis.com/tennis/players/ranked?page=3&pageSize=100&type=rankSingles&sort=asc&metric=SINGLES&at=2025-10-13&name=&nationality=,2026-03-22T00:47:03Z
wta,2025-10-13,319133,Valeriya Strakhova,Valeriya Strakhova,329,192,https://api.wtatennis.com/tennis/players/ranked?page=3&pageSize=100&type=rankSingles&sort=asc&metric=SINGLES&at=2025-10-13&name=&nationality=,2026-03-22T00:47:03Z
wta,2025-10-13,324394,Ayano Shimizu,Ayano Shimizu,330,192,https://api.wtatennis.com/tennis/players/ranked?page=3&pageSize=100&type=rankSingles&sort=asc&metric=SINGLES&at=2025-10-13&name=&nationality=,2026-03-22T00:47:03Z
wta,2025-10-13,327351,Dayeon Back,Dayeon Back,331,191,https://api.wtatennis.com/tennis/players/ranked?page=3&pageSize=100&type=rankSingles&sort=asc&metric=SINGLES&at=2025-10-13&name=&nationality=,2026-03-22T00:47:03Z
wta,2025-10-13,317510,Yafan Wang,Yafan Wang,332,190,https://api.wtatennis.com/tennis/players/ranked?page=3&pageSize=100&type=rankSingles&sort=asc&metric=SINGLES&at=2025-10-13&name=&nationality=,2026-03-22T00:47:03Z
wta,2025-10-13,330151,Erika Andreeva,Erika Andreeva,333,190,https://api.wtatennis.com/tennis/players/ranked?page=3&pageSize=100&type=rankSingles&sort=asc&metric=SINGLES&at=2025-10-13&name=&nationality=,2026-03-22T00:47:03Z
wta,2025-10-13,327127,Margaux Rouvroy,Margaux Rouvroy,334,190,https://api.wtatennis.com/tennis/players/ranked?page=3&pageSize=100&type=rankSingles&sort=asc&metric=SINGLES&at=2025-10-13&name=&nationality=,2026-03-22T00:47:03Z
wta,2025-10-13,326961,Anastasia Tikhonova,Anastasia Tikhonova,335,190,https://api.wtatennis.com/tennis/players/ranked?page=3&pageSize=100&type=rankSingles&sort=asc&metric=SINGLES&at=2025-10-13&name=&nationality=,2026-03-22T00:47:03Z
wta,2025-10-13,328631,Noma Noha Akugue,Noma Noha Akugue,336,189,https://api.wtatennis.com/tennis/players/ranked?page=3&pageSize=100&type=rankSingles&sort=asc&metric=SINGLES&at=2025-10-13&name=&nationality=,2026-03-22T00:47:03Z
wta,2025-10-13,328237,Ekaterina Reyngold,Ekaterina Reyngold,337,189,https://api.wtatennis.com/tennis/players/ranked?page=3&pageSize=100&type=rankSingles&sort=asc&metric=SINGLES&at=2025-10-13&name=&nationality=,2026-03-22T00:47:03Z
wta,2025-10-13,324203,Zhibek Kulambayeva,Zhibek Kulambayeva,338,189,https://api.wtatennis.com/tennis/players/ranked?page=3&pageSize=100&type=rankSingles&sort=asc&metric=SINGLES&at=2025-10-13&name=&nationality=,2026-03-22T00:47:03Z
wta,2025-10-13,333685,Julieta Pareja,Julieta Pareja,339,188,https://api.wtatennis.com/tennis/players/ranked?page=3&pageSize=100&type=rankSingles&sort=asc&metric=SINGLES&at=2025-10-13&name=&nationality=,2026-03-22T00:47:03Z
wta,2025-10-13,322735,Tatiana Pieri,Tatiana Pieri,340,187,https://api.wtatennis.com/tennis/players/ranked?page=3&pageSize=100&type=rankSingles&sort=asc&metric=SINGLES&at=2025-10-13&name=&nationality=,2026-03-22T00:47:03Z
wta,2025-10-13,321880,Alicia Herrero Linana,Alicia Herrero Linana,341,186,https://api.wtatennis.com/tennis/players/ranked?page=3&pageSize=100&type=rankSingles&sort=asc&metric=SINGLES&at=2025-10-13&name=&nationality=,2026-03-22T00:47:03Z
wta,2025-10-13,327527,Lian Tran,Lian Tran,342,185,https://api.wtatennis.com/tennis/players/ranked?page=3&pageSize=100&type=rankSingles&sort=asc&metric=SINGLES&at=2025-10-13&name=&nationality=,2026-03-22T00:47:03Z
wta,2025-10-13,326604,Saki Imamura,Saki Imamura,343,183,https://api.wtatennis.com/tennis/players/ranked?page=3&pageSize=100&type=rankSingles&sort=asc&metric=SINGLES&at=2025-10-13&name=&nationality=,2026-03-22T00:47:03Z
wta,2025-10-13,322510,Dalila Spiteri,Dalila Spiteri,344,182,https://api.wtatennis.com/tennis/players/ranked?page=3&pageSize=100&type=rankSingles&sort=asc&metric=SINGLES&at=2025-10-13&name=&nationality=,2026-03-22T00:47:03Z
wta,2025-10-13,319641,Ayla Aksu,Ayla Aksu,345,182,https://api.wtatennis.com/tennis/players/ranked?page=3&pageSize=100&type=rankSingles&sort=asc&metric=SINGLES&at=2025-10-13&name=&nationality=,2026-03-22T00:47:03Z
wta,2025-10-13,322627,Jenny Duerst,Jenny Duerst,346,182,https://api.wtatennis.com/tennis/players/ranked?page=3&pageSize=100&type=rankSingles&sort=asc&metric=SINGLES&at=2025-10-13&name=&nationality=,2026-03-22T00:47:03Z
wta,2025-10-13,331152,Sahaja  Yamalapalli,Sahaja  Yamalapalli,347,181,https://api.wtatennis.com/tennis/players/ranked?page=3&pageSize=100&type=rankSingles&sort=asc&metric=SINGLES&at=2025-10-13&name=&nationality=,2026-03-22T00:47:03Z
wta,2025-10-13,323694,Emily Appleton,Emily Appleton,348,179,https://api.wtatennis.com/tennis/players/ranked?page=3&pageSize=100&type=rankSingles&sort=asc&metric=SINGLES&at=2025-10-13&name=&nationality=,2026-03-22T00:47:03Z
wta,2025-10-13,328878,Lea Ma,Lea Ma,349,179,https://api.wtatennis.com/tennis/players/ranked?page=3&pageSize=100&type=rankSingles&sort=asc&metric=SINGLES&at=2025-10-13&name=&nationality=,2026-03-22T00:47:03Z
wta,2025-10-13,323145,Katie Swan,Katie Swan,350,178,https://api.wtatennis.com/tennis/players/ranked?page=3&pageSize=100&type=rankSingles&sort=asc&metric=SINGLES&at=2025-10-13&name=&nationality=,2026-03-22T00:47:03Z
wta,2025-10-13,333135,Monika  Ekstrand,Monika  Ekstrand,351,178,https://api.wtatennis.com/tennis/players/ranked?page=3&pageSize=100&type=rankSingles&sort=asc&metric=SINGLES&at=2025-10-13&name=&nationality=,2026-03-22T00:47:03Z
wta,2025-10-13,321292,Katarina Jokic,Katarina Jokic,352,178,https://api.wtatennis.com/tennis/players/ranked?page=3&pageSize=100&type=rankSingles&sort=asc&metric=SINGLES&at=2025-10-13&name=&nationality=,2026-03-22T00:47:03Z
wta,2025-10-13,313225,Jia-Jing Lu,Jia-Jing Lu,353,177,https://api.wtatennis.com/tennis/players/ranked?page=3&pageSize=100&type=rankSingles&sort=asc&metric=SINGLES&at=2025-10-13&name=&nationality=,2026-03-22T00:47:03Z
wta,2025-10-13,330372,Giorgia Pedone,Giorgia Pedone,354,175,https://api.wtatennis.com/tennis/players/ranked?page=3&pageSize=100&type=rankSingles&sort=asc&metric=SINGLES&at=2025-10-13&name=&nationality=,2026-03-22T00:47:03Z
wta,2025-10-13,322631,Alana Smith,Alana Smith,355,174,https://api.wtatennis.com/tennis/players/ranked?page=3&pageSize=100&type=rankSingles&sort=asc&metric=SINGLES&at=2025-10-13&name=&nationality=,2026-03-22T00:47:03Z
wta,2025-10-13,331725,Mingge Xu,Mingge Xu,356,171,https://api.wtatennis.com/tennis/players/ranked?page=3&pageSize=100&type=rankSingles&sort=asc&metric=SINGLES&at=2025-10-13&name=&nationality=,2026-03-22T00:47:03Z
wta,2025-10-13,329151,Denislava Glushkova,Denislava Glushkova,357,171,https://api.wtatennis.com/tennis/players/ranked?page=3&pageSize=100&type=rankSingles&sort=asc&metric=SINGLES&at=2025-10-13&name=&nationality=,2026-03-22T00:47:03Z
wta,2025-10-13,331491,Samira De Stefano,Samira De Stefano,358,169,https://api.wtatennis.com/tennis/players/ranked?page=3&pageSize=100&type=rankSingles&sort=asc&metric=SINGLES&at=2025-10-13&name=&nationality=,2026-03-22T00:47:03Z
wta,2025-10-13,326049,Rina Saigo,Rina Saigo,359,168,https://api.wtatennis.com/tennis/players/ranked?page=3&pageSize=100&type=rankSingles&sort=asc&metric=SINGLES&at=2025-10-13&name=&nationality=,2026-03-22T00:47:03Z
wta,2025-10-13,325188,Yasmine Mansouri,Yasmine Mansouri,360,168,https://api.wtatennis.com/tennis/players/ranked?page=3&pageSize=100&type=rankSingles&sort=asc&metric=SINGLES&at=2025-10-13&name=&nationality=,2026-03-22T00:47:03Z
wta,2025-10-13,330603,Cristina Diaz Adrover,Cristina Diaz Adrover,361,167,https://api.wtatennis.com/tennis/players/ranked?page=3&pageSize=100&type=rankSingles&sort=asc&metric=SINGLES&at=2025-10-13&name=&nationality=,2026-03-22T00:47:03Z
wta,2025-10-13,316674,Gabriela Ce,Gabriela Ce,362,166,https://api.wtatennis.com/tennis/players/ranked?page=3&pageSize=100&type=rankSingles&sort=asc&metric=SINGLES&at=2025-10-13&name=&nationality=,2026-03-22T00:47:03Z
wta,2025-10-13,331153,Miho Kuramochi,Miho Kuramochi,363,165,https://api.wtatennis.com/tennis/players/ranked?page=3&pageSize=100&type=rankSingles&sort=asc&metric=SINGLES&at=2025-10-13&name=&nationality=,2026-03-22T00:47:03Z
wta,2025-10-13,327547,Stephanie Visscher,Stephanie Visscher,364,164,https://api.wtatennis.com/tennis/players/ranked?page=3&pageSize=100&type=rankSingles&sort=asc&metric=SINGLES&at=2025-10-13&name=&nationality=,2026-03-22T00:47:03Z
wta,2025-10-13,328907,Martyna Kubka,Martyna Kubka,365,163,https://api.wtatennis.com/tennis/players/ranked?page=3&pageSize=100&type=rankSingles&sort=asc&metric=SINGLES&at=2025-10-13&name=&nationality=,2026-03-22T00:47:03Z
wta,2025-10-13,331847,Vendula Valdmannova,Vendula Valdmannova,366,163,https://api.wtatennis.com/tennis/players/ranked?page=3&pageSize=100&type=rankSingles&sort=asc&metric=SINGLES&at=2025-10-13&name=&nationality=,2026-03-22T00:47:03Z
wta,2025-10-13,324972,Tiphanie Lemaitre,Tiphanie Lemaitre,367,162,https://api.wtatennis.com/tennis/players/ranked?page=3&pageSize=100&type=rankSingles&sort=asc&metric=SINGLES&at=2025-10-13&name=&nationality=,2026-03-22T00:47:03Z
wta,2025-10-13,317541,Miriana Tona,Miriana Tona,368,162,https://api.wtatennis.com/tennis/players/ranked?page=3&pageSize=100&type=rankSingles&sort=asc&metric=SINGLES&at=2025-10-13&name=&nationality=,2026-03-22T00:47:03Z
wta,2025-10-13,330713,Astrid Lew Yan Foon,Astrid Lew Yan Foon,369,162,https://api.wtatennis.com/tennis/players/ranked?page=3&pageSize=100&type=rankSingles&sort=asc&metric=SINGLES&at=2025-10-13&name=&nationality=,2026-03-22T00:47:03Z
wta,2025-10-13,332693,Mayu Crossley,Mayu Crossley,370,162,https://api.wtatennis.com/tennis/players/ranked?page=3&pageSize=100&type=rankSingles&sort=asc&metric=SINGLES&at=2025-10-13&name=&nationality=,2026-03-22T00:47:03Z
wta,2025-10-13,329217,Jennifer Ruggeri,Jennifer Ruggeri,371,161,https://api.wtatennis.com/tennis/players/ranked?page=3&pageSize=100&type=rankSingles&sort=asc&metric=SINGLES&at=2025-10-13&name=&nationality=,2026-03-22T00:47:03Z
wta,2025-10-13,323244,Ekaterina Kazionova,Ekaterina Kazionova,372,160,https://api.wtatennis.com/tennis/players/ranked?page=3&pageSize=100&type=rankSingles&sort=asc&metric=SINGLES&at=2025-10-13&name=&nationality=,2026-03-22T00:47:03Z
wta,2025-10-13,328976,Ikumi Yamazaki,Ikumi Yamazaki,373,160,https://api.wtatennis.com/tennis/players/ranked?page=3&pageSize=100&type=rankSingles&sort=asc&metric=SINGLES&at=2025-10-13&name=&nationality=,2026-03-22T00:47:03Z
wta,2025-10-13,326503,Antonia Schmidt,Antonia Schmidt,374,155,https://api.wtatennis.com/tennis/players/ranked?page=3&pageSize=100&type=rankSingles&sort=asc&metric=SINGLES&at=2025-10-13&name=&nationality=,2026-03-22T00:47:03Z
wta,2025-10-13,326459,Katarina Kuzmova,Katarina Kuzmova,375,154,https://api.wtatennis.com/tennis/players/ranked?page=3&pageSize=100&type=rankSingles&sort=asc&metric=SINGLES&at=2025-10-13&name=&nationality=,2026-03-22T00:47:03Z
wta,2025-10-13,323615,Martina Okalova,Martina Okalova,376,153,https://api.wtatennis.com/tennis/players/ranked?page=3&pageSize=100&type=rankSingles&sort=asc&metric=SINGLES&at=2025-10-13&name=&nationality=,2026-03-22T00:47:03Z
wta,2025-10-13,328071,Shrivalli Bhamidipaty,Shrivalli Bhamidipaty,377,153,https://api.wtatennis.com/tennis/players/ranked?page=3&pageSize=100&type=rankSingles&sort=asc&metric=SINGLES&at=2025-10-13&name=&nationality=,2026-03-22T00:47:03Z
wta,2025-10-13,330265,Mary Stoiana,Mary Stoiana,378,152,https://api.wtatennis.com/tennis/players/ranked?page=3&pageSize=100&type=rankSingles&sort=asc&metric=SINGLES&at=2025-10-13&name=&nationality=,2026-03-22T00:47:03Z
wta,2025-10-13,323608,Anastasia Kulikova,Anastasia Kulikova,379,151,https://api.wtatennis.com/tennis/players/ranked?page=3&pageSize=100&type=rankSingles&sort=asc&metric=SINGLES&at=2025-10-13&name=&nationality=,2026-03-22T00:47:03Z
wta,2025-10-13,331759,Anouck Vrancken Peeters,Anouck Vrancken Peeters,380,151,https://api.wtatennis.com/tennis/players/ranked?page=3&pageSize=100&type=rankSingles&sort=asc&metric=SINGLES&at=2025-10-13&name=&nationality=,2026-03-22T00:47:03Z
wta,2025-10-13,328144,Karina Miller,Karina Miller,381,148,https://api.wtatennis.com/tennis/players/ranked?page=3&pageSize=100&type=rankSingles&sort=asc&metric=SINGLES&at=2025-10-13&name=&nationality=,2026-03-22T00:47:03Z
wta,2025-10-13,324323,Yidi Yang,Yidi Yang,382,148,https://api.wtatennis.com/tennis/players/ranked?page=3&pageSize=100&type=rankSingles&sort=asc&metric=SINGLES&at=2025-10-13&name=&nationality=,2026-03-22T00:47:03Z
wta,2025-10-13,320512,Victoria Rodriguez,Victoria Rodriguez,383,147,https://api.wtatennis.com/tennis/players/ranked?page=3&pageSize=100&type=rankSingles&sort=asc&metric=SINGLES&at=2025-10-13&name=&nationality=,2026-03-22T00:47:03Z
wta,2025-10-13,327490,Ilinca Amariei,Ilinca Amariei,384,147,https://api.wtatennis.com/tennis/players/ranked?page=3&pageSize=100&type=rankSingles&sort=asc&metric=SINGLES&at=2025-10-13&name=&nationality=,2026-03-22T00:47:03Z
wta,2025-10-13,321837,Vivian Wolff,Vivian Wolff,385,147,https://api.wtatennis.com/tennis/players/ranked?page=3&pageSize=100&type=rankSingles&sort=asc&metric=SINGLES&at=2025-10-13&name=&nationality=,2026-03-22T00:47:03Z
wta,2025-10-13,325632,Mariia Kozyreva,Mariia Kozyreva,386,145,https://api.wtatennis.com/tennis/players/ranked?page=3&pageSize=100&type=rankSingles&sort=asc&metric=SINGLES&at=2025-10-13&name=&nationality=,2026-03-22T00:47:03Z
wta,2025-10-13,325758,Haley Giavara,Haley Giavara,387,144,https://api.wtatennis.com/tennis/players/ranked?page=3&pageSize=100&type=rankSingles&sort=asc&metric=SINGLES&at=2025-10-13&name=&nationality=,2026-03-22T00:47:03Z
wta,2025-10-13,325750,Weronika Falkowska,Weronika Falkowska,388,144,https://api.wtatennis.com/tennis/players/ranked?page=3&pageSize=100&type=rankSingles&sort=asc&metric=SINGLES&at=2025-10-13&name=&nationality=,2026-03-22T00:47:03Z
wta,2025-10-13,330035,Malaika Rapolu,Malaika Rapolu,389,144,https://api.wtatennis.com/tennis/players/ranked?page=3&pageSize=100&type=rankSingles&sort=asc&metric=SINGLES&at=2025-10-13&name=&nationality=,2026-03-22T00:47:03Z
wta,2025-10-13,324656,Aneta Kucmova,Aneta Kucmova,390,143,https://api.wtatennis.com/tennis/players/ranked?page=3&pageSize=100&type=rankSingles&sort=asc&metric=SINGLES&at=2025-10-13&name=&nationality=,2026-03-22T00:47:03Z
wta,2025-10-13,328173,Diletta Cherubini,Diletta Cherubini,391,142,https://api.wtatennis.com/tennis/players/ranked?page=3&pageSize=100&type=rankSingles&sort=asc&metric=SINGLES&at=2025-10-13&name=&nationality=,2026-03-22T00:47:03Z
wta,2025-10-13,327193,Sapfo Sakellaridi,Sapfo Sakellaridi,392,142,https://api.wtatennis.com/tennis/players/ranked?page=3&pageSize=100&type=rankSingles&sort=asc&metric=SINGLES&at=2025-10-13&name=&nationality=,2026-03-22T00:47:03Z
wta,2025-10-13,323368,Georgia Craciun,Georgia Craciun,393,141,https://api.wtatennis.com/tennis/players/ranked?page=3&pageSize=100&type=rankSingles&sort=asc&metric=SINGLES&at=2025-10-13&name=&nationality=,2026-03-22T00:47:03Z
wta,2025-10-13,318480,Victoria Bosio,Victoria Bosio,394,140,https://api.wtatennis.com/tennis/players/ranked?page=3&pageSize=100&type=rankSingles&sort=asc&metric=SINGLES&at=2025-10-13&name=&nationality=,2026-03-22T00:47:03Z
wta,2025-10-13,330420,Federica Urgesi,Federica Urgesi,395,139,https://api.wtatennis.com/tennis/players/ranked?page=3&pageSize=100&type=rankSingles&sort=asc&metric=SINGLES&at=2025-10-13&name=&nationality=,2026-03-22T00:47:03Z
wta,2025-10-13,321834,Ipek Oz,Ipek Oz,396,139,https://api.wtatennis.com/tennis/players/ranked?page=3&pageSize=100&type=rankSingles&sort=asc&metric=SINGLES&at=2025-10-13&name=&nationality=,2026-03-22T00:47:03Z
wta,2025-10-13,312623,Sofia Shapatava,Sofia Shapatava,397,139,https://api.wtatennis.com/tennis/players/ranked?page=3&pageSize=100&type=rankSingles&sort=asc&metric=SINGLES&at=2025-10-13&name=&nationality=,2026-03-22T00:47:03Z
wta,2025-10-13,319250,Valentini Grammatikopoulou,Valentini Grammatikopoulou,398,139,https://api.wtatennis.com/tennis/players/ranked?page=3&pageSize=100&type=rankSingles&sort=asc&metric=SINGLES&at=2025-10-13&name=&nationality=,2026-03-22T00:47:03Z
wta,2025-10-13,330894,Lucija Ciric Bagaric,Lucija Ciric Bagaric,399,138,https://api.wtatennis.com/tennis/players/ranked?page=3&pageSize=100&type=rankSingles&sort=asc&metric=SINGLES&at=2025-10-13&name=&nationality=,2026-03-22T00:47:03Z
wta,2025-10-13,333753,Zuzanna Pawlikowska,Zuzanna Pawlikowska,400,138,https://api.wtatennis.com/tennis/players/ranked?page=3&pageSize=100&type=rankSingles&sort=asc&metric=SINGLES&at=2025-10-13&name=&nationality=,2026-03-22T00:47:03Z
wta,2025-10-13,319969,Fiona Ferro,Fiona Ferro,401,137,https://api.wtatennis.com/tennis/players/ranked?page=4&pageSize=100&type=rankSingles&sort=asc&metric=SINGLES&at=2025-10-13&name=&nationality=,2026-03-22T00:47:03Z
wta,2025-10-13,319436,Oceane Dodin,Oceane Dodin,402,137,https://api.wtatennis.com/tennis/players/ranked?page=4&pageSize=100&type=rankSingles&sort=asc&metric=SINGLES&at=2025-10-13&name=&nationality=,2026-03-22T00:47:03Z
wta,2025-10-13,330995,Natalija Senic,Natalija Senic,403,137,https://api.wtatennis.com/tennis/players/ranked?page=4&pageSize=100&type=rankSingles&sort=asc&metric=SINGLES&at=2025-10-13&name=&nationality=,2026-03-22T00:47:03Z
wta,2025-10-13,330920,Elena Micic,Elena Micic,404,136,https://api.wtatennis.com/tennis/players/ranked?page=4&pageSize=100&type=rankSingles&sort=asc&metric=SINGLES&at=2025-10-13&name=&nationality=,2026-03-22T00:47:03Z
wta,2025-10-13,328213,Anastasia Abbagnato,Anastasia Abbagnato,405,136,https://api.wtatennis.com/tennis/players/ranked?page=4&pageSize=100&type=rankSingles&sort=asc&metric=SINGLES&at=2025-10-13&name=&nationality=,2026-03-22T00:47:03Z
wta,2025-10-13,317175,Robin Anderson,Robin Anderson,406,136,https://api.wtatennis.com/tennis/players/ranked?page=4&pageSize=100&type=rankSingles&sort=asc&metric=SINGLES&at=2025-10-13&name=&nationality=,2026-03-22T00:47:03Z
wta,2025-10-13,328688,Alina Granwehr,Alina Granwehr,407,135,https://api.wtatennis.com/tennis/players/ranked?page=4&pageSize=100&type=rankSingles&sort=asc&metric=SINGLES&at=2025-10-13&name=&nationality=,2026-03-22T00:47:03Z
wta,2025-10-13,332575,Alevtina Ibragimova,Alevtina Ibragimova,408,133,https://api.wtatennis.com/tennis/players/ranked?page=4&pageSize=100&type=rankSingles&sort=asc&metric=SINGLES&at=2025-10-13&name=&nationality=,2026-03-22T00:47:03Z
wta,2025-10-13,328261,Mathilde Lollia,Mathilde Lollia,409,133,https://api.wtatennis.com/tennis/players/ranked?page=4&pageSize=100&type=rankSingles&sort=asc&metric=SINGLES&at=2025-10-13&name=&nationality=,2026-03-22T00:47:03Z
wta,2025-10-13,319931,Sandra Samir,Sandra Samir,410,133,https://api.wtatennis.com/tennis/players/ranked?page=4&pageSize=100&type=rankSingles&sort=asc&metric=SINGLES&at=2025-10-13&name=&nationality=,2026-03-22T00:47:03Z
wta,2025-10-13,332761,Ruth Roura Llaverias,Ruth Roura Llaverias,411,132,https://api.wtatennis.com/tennis/players/ranked?page=4&pageSize=100&type=rankSingles&sort=asc&metric=SINGLES&at=2025-10-13&name=&nationality=,2026-03-22T00:47:03Z
wta,2025-10-13,331856,Akasha Urhobo,Akasha Urhobo,412,132,https://api.wtatennis.com/tennis/players/ranked?page=4&pageSize=100&type=rankSingles&sort=asc&metric=SINGLES&at=2025-10-13&name=&nationality=,2026-03-22T00:47:03Z
wta,2025-10-13,329251,Amelia Rajecki,Amelia Rajecki,413,131,https://api.wtatennis.com/tennis/players/ranked?page=4&pageSize=100&type=rankSingles&sort=asc&metric=SINGLES&at=2025-10-13&name=&nationality=,2026-03-22T00:47:03Z
wta,2025-10-13,331593,Carolyn Ansari,Carolyn Ansari,414,131,https://api.wtatennis.com/tennis/players/ranked?page=4&pageSize=100&type=rankSingles&sort=asc&metric=SINGLES&at=2025-10-13&name=&nationality=,2026-03-22T00:47:03Z
wta,2025-10-13,332494,Vittoria Paganetti,Vittoria Paganetti,415,130,https://api.wtatennis.com/tennis/players/ranked?page=4&pageSize=100&type=rankSingles&sort=asc&metric=SINGLES&at=2025-10-13&name=&nationality=,2026-03-22T00:47:03Z
wta,2025-10-13,321132,Martha Matoula,Martha Matoula,416,130,https://api.wtatennis.com/tennis/players/ranked?page=4&pageSize=100&type=rankSingles&sort=asc&metric=SINGLES&at=2025-10-13&name=&nationality=,2026-03-22T00:47:03Z
wta,2025-10-13,328466,Anastasia Zolotareva,Anastasia Zolotareva,417,130,https://api.wtatennis.com/tennis/players/ranked?page=4&pageSize=100&type=rankSingles&sort=asc&metric=SINGLES&at=2025-10-13&name=&nationality=,2026-03-22T00:47:03Z
wta,2025-10-13,331826,Eryn Cayetano,Eryn Cayetano,418,130,https://api.wtatennis.com/tennis/players/ranked?page=4&pageSize=100&type=rankSingles&sort=asc&metric=SINGLES&at=2025-10-13&name=&nationality=,2026-03-22T00:47:03Z
wta,2025-10-13,324584,Katarina Zavatska,Katarina Zavatska,419,129,https://api.wtatennis.com/tennis/players/ranked?page=4&pageSize=100&type=rankSingles&sort=asc&metric=SINGLES&at=2025-10-13&name=&nationality=,2026-03-22T00:47:03Z
wta,2025-10-13,332650,Elizara Yaneva,Elizara Yaneva,420,129,https://api.wtatennis.com/tennis/players/ranked?page=4&pageSize=100&type=rankSingles&sort=asc&metric=SINGLES&at=2025-10-13&name=&nationality=,2026-03-22T00:47:03Z
wta,2025-10-13,328767,Ane Mintegi Del Olmo,Ane Mintegi Del Olmo,421,128,https://api.wtatennis.com/tennis/players/ranked?page=4&pageSize=100&type=rankSingles&sort=asc&metric=SINGLES&at=2025-10-13&name=&nationality=,2026-03-22T00:47:03Z
wta,2025-10-13,328281,Madison Sieg,Madison Sieg,422,128,https://api.wtatennis.com/tennis/players/ranked?page=4&pageSize=100&type=rankSingles&sort=asc&metric=SINGLES&at=2025-10-13&name=&nationality=,2026-03-22T00:47:03Z
wta,2025-10-13,319962,Naiktha Bains,Naiktha Bains,423,128,https://api.wtatennis.com/tennis/players/ranked?page=4&pageSize=100&type=rankSingles&sort=asc&metric=SINGLES&at=2025-10-13&name=&nationality=,2026-03-22T00:47:03Z
wta,2025-10-13,330733,Yasmine Kabbaj,Yasmine Kabbaj,424,128,https://api.wtatennis.com/tennis/players/ranked?page=4&pageSize=100&type=rankSingles&sort=asc&metric=SINGLES&at=2025-10-13&name=&nationality=,2026-03-22T00:47:03Z
wta,2025-10-13,330914,Olivia Lincer,Olivia Lincer,425,126,https://api.wtatennis.com/tennis/players/ranked?page=4&pageSize=100&type=rankSingles&sort=asc&metric=SINGLES&at=2025-10-13&name=&nationality=,2026-03-22T00:47:03Z
wta,2025-10-13,314343,Shiho Akita,Shiho Akita,426,126,https://api.wtatennis.com/tennis/players/ranked?page=4&pageSize=100&type=rankSingles&sort=asc&metric=SINGLES&at=2025-10-13&name=&nationality=,2026-03-22T00:47:03Z
wta,2025-10-13,333464,Julia Adams,Julia Adams,427,126,https://api.wtatennis.com/tennis/players/ranked?page=4&pageSize=100&type=rankSingles&sort=asc&metric=SINGLES&at=2025-10-13&name=&nationality=,2026-03-22T00:47:03Z
wta,2025-10-13,327100,Victoria Hu,Victoria Hu,428,125,https://api.wtatennis.com/tennis/players/ranked?page=4&pageSize=100&type=rankSingles&sort=asc&metric=SINGLES&at=2025-10-13&name=&nationality=,2026-03-22T00:47:03Z
wta,2025-10-13,319606,Fangzhou Liu,Fangzhou Liu,429,125,https://api.wtatennis.com/tennis/players/ranked?page=4&pageSize=100&type=rankSingles&sort=asc&metric=SINGLES&at=2025-10-13&name=&nationality=,2026-03-22T00:47:03Z
wta,2025-10-13,320896,Sara Daavettila,Sara Daavettila,430,125,https://api.wtatennis.com/tennis/players/ranked?page=4&pageSize=100&type=rankSingles&sort=asc&metric=SINGLES&at=2025-10-13&name=&nationality=,2026-03-22T00:47:03Z
wta,2025-10-13,330953,Ranah Stoiber,Ranah Stoiber,431,124,https://api.wtatennis.com/tennis/players/ranked?page=4&pageSize=100&type=rankSingles&sort=asc&metric=SINGLES&at=2025-10-13&name=&nationality=,2026-03-22T00:47:03Z
wta,2025-10-13,323018,Lisa Zaar,Lisa Zaar,432,124,https://api.wtatennis.com/tennis/players/ranked?page=4&pageSize=100&type=rankSingles&sort=asc&metric=SINGLES&at=2025-10-13&name=&nationality=,2026-03-22T00:47:03Z
wta,2025-10-13,331197,Veronika Podrez,Veronika Podrez,433,124,https://api.wtatennis.com/tennis/players/ranked?page=4&pageSize=100&type=rankSingles&sort=asc&metric=SINGLES&at=2025-10-13&name=&nationality=,2026-03-22T00:47:03Z
wta,2025-10-13,331268,Lucciana Perez Alarcon,Lucciana Perez Alarcon,434,123,https://api.wtatennis.com/tennis/players/ranked?page=4&pageSize=100&type=rankSingles&sort=asc&metric=SINGLES&at=2025-10-13&name=&nationality=,2026-03-22T00:47:03Z
wta,2025-10-13,325295,Eri Shimizu,Eri Shimizu,435,122,https://api.wtatennis.com/tennis/players/ranked?page=4&pageSize=100&type=rankSingles&sort=asc&metric=SINGLES&at=2025-10-13&name=&nationality=,2026-03-22T00:47:03Z
wta,2025-10-13,325867,Ayumi Koshiishi,Ayumi Koshiishi,436,122,https://api.wtatennis.com/tennis/players/ranked?page=4&pageSize=100&type=rankSingles&sort=asc&metric=SINGLES&at=2025-10-13&name=&nationality=,2026-03-22T00:47:03Z
wta,2025-10-13,325584,Ekaterina Ovcharenko,Ekaterina Ovcharenko,437,121,https://api.wtatennis.com/tennis/players/ranked?page=4&pageSize=100&type=rankSingles&sort=asc&metric=SINGLES&at=2025-10-13&name=&nationality=,2026-03-22T00:47:03Z
wta,2025-10-13,320465,Stacey Fung,Stacey Fung,438,121,https://api.wtatennis.com/tennis/players/ranked?page=4&pageSize=100&type=rankSingles&sort=asc&metric=SINGLES&at=2025-10-13&name=&nationality=,2026-03-22T00:47:03Z
wta,2025-10-13,320221,Riya Bhatia,Riya Bhatia,439,120,https://api.wtatennis.com/tennis/players/ranked?page=4&pageSize=100&type=rankSingles&sort=asc&metric=SINGLES&at=2025-10-13&name=&nationality=,2026-03-22T00:47:03Z
wta,2025-10-13,330574,Noemi Basiletti,Noemi Basiletti,440,120,https://api.wtatennis.com/tennis/players/ranked?page=4&pageSize=100&type=rankSingles&sort=asc&metric=SINGLES&at=2025-10-13&name=&nationality=,2026-03-22T00:47:03Z
wta,2025-10-13,320342,Patcharin Cheapchandej,Patcharin Cheapchandej,441,120,https://api.wtatennis.com/tennis/players/ranked?page=4&pageSize=100&type=rankSingles&sort=asc&metric=SINGLES&at=2025-10-13&name=&nationality=,2026-03-22T00:47:03Z
wta,2025-10-13,328971,Joelle Steur,Joelle Steur,442,120,https://api.wtatennis.com/tennis/players/ranked?page=4&pageSize=100&type=rankSingles&sort=asc&metric=SINGLES&at=2025-10-13&name=&nationality=,2026-03-22T00:47:03Z
wta,2025-10-13,332174,Hayu Kinoshita,Hayu Kinoshita,443,120,https://api.wtatennis.com/tennis/players/ranked?page=4&pageSize=100&type=rankSingles&sort=asc&metric=SINGLES&at=2025-10-13&name=&nationality=,2026-03-22T00:47:03Z
wta,2025-10-13,326723,Hong Yi Cody Wong,Hong Yi Cody Wong,444,119,https://api.wtatennis.com/tennis/players/ranked?page=4&pageSize=100&type=rankSingles&sort=asc&metric=SINGLES&at=2025-10-13&name=&nationality=,2026-03-22T00:47:03Z
wta,2025-10-13,329397,Fangran Tian,Fangran Tian,445,118,https://api.wtatennis.com/tennis/players/ranked?page=4&pageSize=100&type=rankSingles&sort=asc&metric=SINGLES&at=2025-10-13&name=&nationality=,2026-03-22T00:47:03Z
wta,2025-10-13,331259,Zongyu Li,Zongyu Li,446,118,https://api.wtatennis.com/tennis/players/ranked?page=4&pageSize=100&type=rankSingles&sort=asc&metric=SINGLES&at=2025-10-13&name=&nationality=,2026-03-22T00:47:03Z
wta,2025-10-13,322822,Jaimee Fourlis,Jaimee Fourlis,447,118,https://api.wtatennis.com/tennis/players/ranked?page=4&pageSize=100&type=rankSingles&sort=asc&metric=SINGLES&at=2025-10-13&name=&nationality=,2026-03-22T00:47:03Z
wta,2025-10-13,313131,Urszula Radwanska,Urszula Radwanska,448,118,https://api.wtatennis.com/tennis/players/ranked?page=4&pageSize=100&type=rankSingles&sort=asc&metric=SINGLES&at=2025-10-13&name=&nationality=,2026-03-22T00:47:03Z
wta,2025-10-13,323055,Malene Helgø,Malene Helgø,449,118,https://api.wtatennis.com/tennis/players/ranked?page=4&pageSize=100&type=rankSingles&sort=asc&metric=SINGLES&at=2025-10-13&name=&nationality=,2026-03-22T00:47:03Z
wta,2025-10-13,329369,Alexis Blokhina,Alexis Blokhina,450,118,https://api.wtatennis.com/tennis/players/ranked?page=4&pageSize=100&type=rankSingles&sort=asc&metric=SINGLES&at=2025-10-13&name=&nationality=,2026-03-22T00:47:03Z
wta,2025-10-13,322579,Petra Hule,Petra Hule,451,117,https://api.wtatennis.com/tennis/players/ranked?page=4&pageSize=100&type=rankSingles&sort=asc&metric=SINGLES&at=2025-10-13&name=&nationality=,2026-03-22T00:47:03Z
wta,2025-10-13,323373,Andreea Prisacariu,Andreea Prisacariu,452,117,https://api.wtatennis.com/tennis/players/ranked?page=4&pageSize=100&type=rankSingles&sort=asc&metric=SINGLES&at=2025-10-13&name=&nationality=,2026-03-22T00:47:03Z
wta,2025-10-13,316344,Aleksandra Krunic,Aleksandra Krunic,453,116,https://api.wtatennis.com/tennis/players/ranked?page=4&pageSize=100&type=rankSingles&sort=asc&metric=SINGLES&at=2025-10-13&name=&nationality=,2026-03-22T00:47:03Z
wta,2025-10-13,325406,Alice Tubello,Alice Tubello,454,115,https://api.wtatennis.com/tennis/players/ranked?page=4&pageSize=100&type=rankSingles&sort=asc&metric=SINGLES&at=2025-10-13&name=&nationality=,2026-03-22T00:47:03Z
wta,2025-10-13,321236,Thaisa Grana Pedretti,Thaisa Grana Pedretti,455,115,https://api.wtatennis.com/tennis/players/ranked?page=4&pageSize=100&type=rankSingles&sort=asc&metric=SINGLES&at=2025-10-13&name=&nationality=,2026-03-22T00:47:03Z
wta,2025-10-13,326546,Meiqi Guo,Meiqi Guo,456,115,https://api.wtatennis.com/tennis/players/ranked?page=4&pageSize=100&type=rankSingles&sort=asc&metric=SINGLES&at=2025-10-13&name=&nationality=,2026-03-22T00:47:03Z
wta,2025-10-13,330337,Kira Pavlova,Kira Pavlova,457,115,https://api.wtatennis.com/tennis/players/ranked?page=4&pageSize=100&type=rankSingles&sort=asc&metric=SINGLES&at=2025-10-13&name=&nationality=,2026-03-22T00:47:03Z
wta,2025-10-13,317164,Ankita Raina,Ankita Raina,458,114,https://api.wtatennis.com/tennis/players/ranked?page=4&pageSize=100&type=rankSingles&sort=asc&metric=SINGLES&at=2025-10-13&name=&nationality=,2026-03-22T00:47:03Z
wta,2025-10-13,324782,Yuliya Hatouka,Yuliya Hatouka,459,114,https://api.wtatennis.com/tennis/players/ranked?page=4&pageSize=100&type=rankSingles&sort=asc&metric=SINGLES&at=2025-10-13&name=&nationality=,2026-03-22T00:47:03Z
wta,2025-10-13,315030,Vitalia Diatchenko,Vitalia Diatchenko,460,113,https://api.wtatennis.com/tennis/players/ranked?page=4&pageSize=100&type=rankSingles&sort=asc&metric=SINGLES&at=2025-10-13&name=&nationality=,2026-03-22T00:47:03Z
wta,2025-10-13,331305,Ana Candiotto,Ana Candiotto,461,113,https://api.wtatennis.com/tennis/players/ranked?page=4&pageSize=100&type=rankSingles&sort=asc&metric=SINGLES&at=2025-10-13&name=&nationality=,2026-03-22T00:47:03Z
wta,2025-10-13,326162,Meiling Wang,Meiling Wang,462,113,https://api.wtatennis.com/tennis/players/ranked?page=4&pageSize=100&type=rankSingles&sort=asc&metric=SINGLES&at=2025-10-13&name=&nationality=,2026-03-22T00:47:03Z
wta,2025-10-13,323182,Haruna Arakawa,Haruna Arakawa,463,113,https://api.wtatennis.com/tennis/players/ranked?page=4&pageSize=100&type=rankSingles&sort=asc&metric=SINGLES&at=2025-10-13&name=&nationality=,2026-03-22T00:47:03Z
wta,2025-10-13,319575,Oana Georgeta Simion,Oana Georgeta Simion,464,113,https://api.wtatennis.com/tennis/players/ranked?page=4&pageSize=100&type=rankSingles&sort=asc&metric=SINGLES&at=2025-10-13&name=&nationality=,2026-03-22T00:47:03Z
wta,2025-10-13,327454,Ariana Arseneault,Ariana Arseneault,465,112,https://api.wtatennis.com/tennis/players/ranked?page=4&pageSize=100&type=rankSingles&sort=asc&metric=SINGLES&at=2025-10-13&name=&nationality=,2026-03-22T00:47:03Z
wta,2025-10-13,324125,Momoko Kobori,Momoko Kobori,466,112,https://api.wtatennis.com/tennis/players/ranked?page=4&pageSize=100&type=rankSingles&sort=asc&metric=SINGLES&at=2025-10-13&name=&nationality=,2026-03-22T00:47:03Z
wta,2025-10-13,320545,Martina Capurro Taborda,Martina Capurro Taborda,467,111,https://api.wtatennis.com/tennis/players/ranked?page=4&pageSize=100&type=rankSingles&sort=asc&metric=SINGLES&at=2025-10-13&name=&nationality=,2026-03-22T00:47:03Z
wta,2025-10-13,318559,Tena Lukas,Tena Lukas,468,111,https://api.wtatennis.com/tennis/players/ranked?page=4&pageSize=100&type=rankSingles&sort=asc&metric=SINGLES&at=2025-10-13&name=&nationality=,2026-03-22T00:47:03Z
wta,2025-10-13,332748,Rositsa Dencheva,Rositsa Dencheva,469,111,https://api.wtatennis.com/tennis/players/ranked?page=4&pageSize=100&type=rankSingles&sort=asc&metric=SINGLES&at=2025-10-13&name=&nationality=,2026-03-22T00:47:03Z
wta,2025-10-13,326481,Sofya Lansere,Sofya Lansere,470,111,https://api.wtatennis.com/tennis/players/ranked?page=4&pageSize=100&type=rankSingles&sort=asc&metric=SINGLES&at=2025-10-13&name=&nationality=,2026-03-22T00:47:03Z
wta,2025-10-13,315616,Kristina Mladenovic,Kristina Mladenovic,471,110,https://api.wtatennis.com/tennis/players/ranked?page=4&pageSize=100&type=rankSingles&sort=asc&metric=SINGLES&at=2025-10-13&name=&nationality=,2026-03-22T00:47:03Z
wta,2025-10-13,330147,Lucie Havlickova,Lucie Havlickova,472,110,https://api.wtatennis.com/tennis/players/ranked?page=4&pageSize=100&type=rankSingles&sort=asc&metric=SINGLES&at=2025-10-13&name=&nationality=,2026-03-22T00:47:03Z
wta,2025-10-13,329774,Pia Lovric,Pia Lovric,473,110,https://api.wtatennis.com/tennis/players/ranked?page=4&pageSize=100&type=rankSingles&sort=asc&metric=SINGLES&at=2025-10-13&name=&nationality=,2026-03-22T00:47:03Z
wta,2025-10-13,322472,Emily Seibold,Emily Seibold,474,110,https://api.wtatennis.com/tennis/players/ranked?page=4&pageSize=100&type=rankSingles&sort=asc&metric=SINGLES&at=2025-10-13&name=&nationality=,2026-03-22T00:47:03Z
wta,2025-10-13,333758,Amelia Honer,Amelia Honer,475,109,https://api.wtatennis.com/tennis/players/ranked?page=4&pageSize=100&type=rankSingles&sort=asc&metric=SINGLES&at=2025-10-13&name=&nationality=,2026-03-22T00:47:03Z
wta,2025-10-13,310761,Sara Errani,Sara Errani,476,108,https://api.wtatennis.com/tennis/players/ranked?page=4&pageSize=100&type=rankSingles&sort=asc&metric=SINGLES&at=2025-10-13&name=&nationality=,2026-03-22T00:47:03Z
wta,2025-10-13,312328,Madison Brengle,Madison Brengle,477,108,https://api.wtatennis.com/tennis/players/ranked?page=4&pageSize=100&type=rankSingles&sort=asc&metric=SINGLES&at=2025-10-13&name=&nationality=,2026-03-22T00:47:03Z
wta,2025-10-13,332913,Yufei Ren,Yufei Ren,478,108,https://api.wtatennis.com/tennis/players/ranked?page=4&pageSize=100&type=rankSingles&sort=asc&metric=SINGLES&at=2025-10-13&name=&nationality=,2026-03-22T00:47:03Z
wta,2025-10-13,327048,Alessandra Mazzola,Alessandra Mazzola,479,108,https://api.wtatennis.com/tennis/players/ranked?page=4&pageSize=100&type=rankSingles&sort=asc&metric=SINGLES&at=2025-10-13&name=&nationality=,2026-03-22T00:47:03Z
wta,2025-10-13,326044,Caijsa Hennemann,Caijsa Hennemann,480,108,https://api.wtatennis.com/tennis/players/ranked?page=4&pageSize=100&type=rankSingles&sort=asc&metric=SINGLES&at=2025-10-13&name=&nationality=,2026-03-22T00:47:03Z
wta,2025-10-13,331852,Jeline Vandromme,Jeline Vandromme,481,108,https://api.wtatennis.com/tennis/players/ranked?page=4&pageSize=100&type=rankSingles&sort=asc&metric=SINGLES&at=2025-10-13&name=&nationality=,2026-03-22T00:47:03Z
wta,2025-10-13,316266,Martina Trevisan,Martina Trevisan,482,107,https://api.wtatennis.com/tennis/players/ranked?page=4&pageSize=100&type=rankSingles&sort=asc&metric=SINGLES&at=2025-10-13&name=&nationality=,2026-03-22T00:47:03Z
wta,2025-10-13,327633,Thasaporn Naklo,Thasaporn Naklo,483,107,https://api.wtatennis.com/tennis/players/ranked?page=4&pageSize=100&type=rankSingles&sort=asc&metric=SINGLES&at=2025-10-13&name=&nationality=,2026-03-22T00:47:03Z
wta,2025-10-13,326113,Mina Hodzic,Mina Hodzic,484,107,https://api.wtatennis.com/tennis/players/ranked?page=4&pageSize=100&type=rankSingles&sort=asc&metric=SINGLES&at=2025-10-13&name=&nationality=,2026-03-22T00:47:03Z
wta,2025-10-13,325827,Gabriella Da Silva Fick,Gabriella Da Silva Fick,485,107,https://api.wtatennis.com/tennis/players/ranked?page=4&pageSize=100&type=rankSingles&sort=asc&metric=SINGLES&at=2025-10-13&name=&nationality=,2026-03-22T00:47:03Z
wta,2025-10-13,325373,Maria Urrutia,Maria Urrutia,486,107,https://api.wtatennis.com/tennis/players/ranked?page=4&pageSize=100&type=rankSingles&sort=asc&metric=SINGLES&at=2025-10-13&name=&nationality=,2026-03-22T00:47:03Z
wta,2025-10-13,332888,Rada Zolotareva,Rada Zolotareva,487,106,https://api.wtatennis.com/tennis/players/ranked?page=4&pageSize=100&type=rankSingles&sort=asc&metric=SINGLES&at=2025-10-13&name=&nationality=,2026-03-22T00:47:03Z
wta,2025-10-13,329331,Amandine Monnot,Amandine Monnot,488,106,https://api.wtatennis.com/tennis/players/ranked?page=4&pageSize=100&type=rankSingles&sort=asc&metric=SINGLES&at=2025-10-13&name=&nationality=,2026-03-22T00:47:03Z
wta,2025-10-13,326400,Eva Voracek,Eva Voracek,489,106,https://api.wtatennis.com/tennis/players/ranked?page=4&pageSize=100&type=rankSingles&sort=asc&metric=SINGLES&at=2025-10-13&name=&nationality=,2026-03-22T00:47:03Z
wta,2025-10-13,325374,Gergana Topalova,Gergana Topalova,490,105,https://api.wtatennis.com/tennis/players/ranked?page=4&pageSize=100&type=rankSingles&sort=asc&metric=SINGLES&at=2025-10-13&name=&nationality=,2026-03-22T00:47:03Z
wta,2025-10-13,332314,Weronika Ewald,Weronika Ewald,491,105,https://api.wtatennis.com/tennis/players/ranked?page=4&pageSize=100&type=rankSingles&sort=asc&metric=SINGLES&at=2025-10-13&name=&nationality=,2026-03-22T00:47:03Z
wta,2025-10-13,328986,Jasmijn Gimbrere,Jasmijn Gimbrere,492,105,https://api.wtatennis.com/tennis/players/ranked?page=4&pageSize=100&type=rankSingles&sort=asc&metric=SINGLES&at=2025-10-13&name=&nationality=,2026-03-22T00:47:03Z
wta,2025-10-13,328634,Hikaru Sato,Hikaru Sato,493,104,https://api.wtatennis.com/tennis/players/ranked?page=4&pageSize=100&type=rankSingles&sort=asc&metric=SINGLES&at=2025-10-13&name=&nationality=,2026-03-22T00:47:03Z
wta,2025-10-13,320481,Daria Lodikova,Daria Lodikova,494,102,https://api.wtatennis.com/tennis/players/ranked?page=4&pageSize=100&type=rankSingles&sort=asc&metric=SINGLES&at=2025-10-13&name=&nationality=,2026-03-22T00:47:03Z
wta,2025-10-13,328625,Diana Martynov,Diana Martynov,495,102,https://api.wtatennis.com/tennis/players/ranked?page=4&pageSize=100&type=rankSingles&sort=asc&metric=SINGLES&at=2025-10-13&name=&nationality=,2026-03-22T00:47:03Z
wta,2025-10-13,321742,Ying Zhang,Ying Zhang,496,102,https://api.wtatennis.com/tennis/players/ranked?page=4&pageSize=100&type=rankSingles&sort=asc&metric=SINGLES&at=2025-10-13&name=&nationality=,2026-03-22T00:47:03Z
wta,2025-10-13,332540,Josy Daems,Josy Daems,497,102,https://api.wtatennis.com/tennis/players/ranked?page=4&pageSize=100&type=rankSingles&sort=asc&metric=SINGLES&at=2025-10-13&name=&nationality=,2026-03-22T00:47:03Z
wta,2025-10-13,330633,Yara Bartashevich,Yara Bartashevich,498,101,https://api.wtatennis.com/tennis/players/ranked?page=4&pageSize=100&type=rankSingles&sort=asc&metric=SINGLES&at=2025-10-13&name=&nationality=,2026-03-22T00:47:03Z
wta,2025-10-13,331776,Angelina Voloshchuk,Angelina Voloshchuk,499,101,https://api.wtatennis.com/tennis/players/ranked?page=4&pageSize=100&type=rankSingles&sort=asc&metric=SINGLES&at=2025-10-13&name=&nationality=,2026-03-22T00:47:03Z
wta,2025-10-13,331136,Yelyzaveta Kotliar,Yelyzaveta Kotliar,500,101,https://api.wtatennis.com/tennis/players/ranked?page=4&pageSize=100&type=rankSingles&sort=asc&metric=SINGLES&at=2025-10-13&name=&nationality=,2026-03-22T00:47:03Z
wta,2025-10-13,324156,Fernanda Labrana,Fernanda Labrana,501,101,https://api.wtatennis.com/tennis/players/ranked?page=5&pageSize=100&type=rankSingles&sort=asc&metric=SINGLES&at=2025-10-13&name=&nationality=,2026-03-22T00:47:04Z
wta,2025-10-13,322450,Berfu Cengiz,Berfu Cengiz,502,100,https://api.wtatennis.com/tennis/players/ranked?page=5&pageSize=100&type=rankSingles&sort=asc&metric=SINGLES&at=2025-10-13&name=&nationality=,2026-03-22T00:47:04Z
wta,2025-10-13,331074,Johanne Svendsen,Johanne Svendsen,503,99,https://api.wtatennis.com/tennis/players/ranked?page=5&pageSize=100&type=rankSingles&sort=asc&metric=SINGLES&at=2025-10-13&name=&nationality=,2026-03-22T00:47:04Z
wta,2025-10-13,331113,Anja Stankovic,Anja Stankovic,504,99,https://api.wtatennis.com/tennis/players/ranked?page=5&pageSize=100&type=rankSingles&sort=asc&metric=SINGLES&at=2025-10-13&name=&nationality=,2026-03-22T00:47:04Z
wta,2025-10-13,319515,Iva Primorac,Iva Primorac,505,99,https://api.wtatennis.com/tennis/players/ranked?page=5&pageSize=100&type=rankSingles&sort=asc&metric=SINGLES&at=2025-10-13&name=&nationality=,2026-03-22T00:47:04Z
wta,2025-10-13,326052,Ania Hertel,Ania Hertel,506,99,https://api.wtatennis.com/tennis/players/ranked?page=5&pageSize=100&type=rankSingles&sort=asc&metric=SINGLES&at=2025-10-13&name=&nationality=,2026-03-22T00:47:04Z
wta,2025-10-13,318060,Tereza Martincova,Tereza Martincova,507,98,https://api.wtatennis.com/tennis/players/ranked?page=5&pageSize=100&type=rankSingles&sort=asc&metric=SINGLES&at=2025-10-13&name=&nationality=,2026-03-22T00:47:04Z
wta,2025-10-13,331405,Antonia Vergara Rivera,Antonia Vergara Rivera,508,98,https://api.wtatennis.com/tennis/players/ranked?page=5&pageSize=100&type=rankSingles&sort=asc&metric=SINGLES&at=2025-10-13&name=&nationality=,2026-03-22T00:47:04Z
wta,2025-10-13,323798,Katerina Tsygourova,Katerina Tsygourova,509,98,https://api.wtatennis.com/tennis/players/ranked?page=5&pageSize=100&type=rankSingles&sort=asc&metric=SINGLES&at=2025-10-13&name=&nationality=,2026-03-22T00:47:04Z
wta,2025-10-13,314206,Petra Kvitova,Petra Kvitova,510,97,https://api.wtatennis.com/tennis/players/ranked?page=5&pageSize=100&type=rankSingles&sort=asc&metric=SINGLES&at=2025-10-13&name=&nationality=,2026-03-22T00:47:04Z
wta,2025-10-13,323091,Lina Glushko,Lina Glushko,511,97,https://api.wtatennis.com/tennis/players/ranked?page=5&pageSize=100&type=rankSingles&sort=asc&metric=SINGLES&at=2025-10-13&name=&nationality=,2026-03-22T00:47:04Z
wta,2025-10-13,315472,Ekaterina Yashina,Ekaterina Yashina,512,97,https://api.wtatennis.com/tennis/players/ranked?page=5&pageSize=100&type=rankSingles&sort=asc&metric=SINGLES&at=2025-10-13&name=&nationality=,2026-03-22T00:47:04Z
wta,2025-10-13,325114,Elena Malygina,Elena Malygina,513,97,https://api.wtatennis.com/tennis/players/ranked?page=5&pageSize=100&type=rankSingles&sort=asc&metric=SINGLES&at=2025-10-13&name=&nationality=,2026-03-22T00:47:04Z
wta,2025-10-13,330636,Nina Vargova,Nina Vargova,514,97,https://api.wtatennis.com/tennis/players/ranked?page=5&pageSize=100&type=rankSingles&sort=asc&metric=SINGLES&at=2025-10-13&name=&nationality=,2026-03-22T00:47:04Z
wta,2025-10-13,325792,Jessica Bertoldo,Jessica Bertoldo,515,97,https://api.wtatennis.com/tennis/players/ranked?page=5&pageSize=100&type=rankSingles&sort=asc&metric=SINGLES&at=2025-10-13&name=&nationality=,2026-03-22T00:47:04Z
wta,2025-10-13,325728,Alice Gillan,Alice Gillan,516,97,https://api.wtatennis.com/tennis/players/ranked?page=5&pageSize=100&type=rankSingles&sort=asc&metric=SINGLES&at=2025-10-13&name=&nationality=,2026-03-22T00:47:04Z
wta,2025-10-13,319411,Jamie Loeb,Jamie Loeb,517,96,https://api.wtatennis.com/tennis/players/ranked?page=5&pageSize=100&type=rankSingles&sort=asc&metric=SINGLES&at=2025-10-13&name=&nationality=,2026-03-22T00:47:04Z
wta,2025-10-13,328468,Daria Kudashova,Daria Kudashova,518,96,https://api.wtatennis.com/tennis/players/ranked?page=5&pageSize=100&type=rankSingles&sort=asc&metric=SINGLES&at=2025-10-13&name=&nationality=,2026-03-22T00:47:04Z
wta,2025-10-13,324465,Viktoria Morvayova,Viktoria Morvayova,519,96,https://api.wtatennis.com/tennis/players/ranked?page=5&pageSize=100&type=rankSingles&sort=asc&metric=SINGLES&at=2025-10-13&name=&nationality=,2026-03-22T00:47:04Z
wta,2025-10-13,330547,Carolina Kuhl,Carolina Kuhl,520,94,https://api.wtatennis.com/tennis/players/ranked?page=5&pageSize=100&type=rankSingles&sort=asc&metric=SINGLES&at=2025-10-13&name=&nationality=,2026-03-22T00:47:04Z
wta,2025-10-13,322990,Vaidehee Chaudhari,Vaidehee Chaudhari,521,94,https://api.wtatennis.com/tennis/players/ranked?page=5&pageSize=100&type=rankSingles&sort=asc&metric=SINGLES&at=2025-10-13&name=&nationality=,2026-03-22T00:47:04Z
wta,2025-10-13,333783,Isis Louise Van Den Broek,Isis Louise Van Den Broek,522,93,https://api.wtatennis.com/tennis/players/ranked?page=5&pageSize=100&type=rankSingles&sort=asc&metric=SINGLES&at=2025-10-13&name=&nationality=,2026-03-22T00:47:04Z
wta,2025-10-13,325781,Ashley Lahey,Ashley Lahey,523,93,https://api.wtatennis.com/tennis/players/ranked?page=5&pageSize=100&type=rankSingles&sort=asc&metric=SINGLES&at=2025-10-13&name=&nationality=,2026-03-22T00:47:04Z
wta,2025-10-13,334588,Monika Stankiewicz,Monika Stankiewicz,524,93,https://api.wtatennis.com/tennis/players/ranked?page=5&pageSize=100&type=rankSingles&sort=asc&metric=SINGLES&at=2025-10-13&name=&nationality=,2026-03-22T00:47:04Z
wta,2025-10-13,329438,Ekaterina Maklakova,Ekaterina Maklakova,525,93,https://api.wtatennis.com/tennis/players/ranked?page=5&pageSize=100&type=rankSingles&sort=asc&metric=SINGLES&at=2025-10-13&name=&nationality=,2026-03-22T00:47:04Z
wta,2025-10-13,322008,Jada Robinson,Jada Robinson,526,93,https://api.wtatennis.com/tennis/players/ranked?page=5&pageSize=100&type=rankSingles&sort=asc&metric=SINGLES&at=2025-10-13&name=&nationality=,2026-03-22T00:47:04Z
wta,2025-10-13,331986,Kristiana Sidorova,Kristiana Sidorova,527,93,https://api.wtatennis.com/tennis/players/ranked?page=5&pageSize=100&type=rankSingles&sort=asc&metric=SINGLES&at=2025-10-13&name=&nationality=,2026-03-22T00:47:04Z
wta,2025-10-13,331487,Arina Bulatova,Arina Bulatova,528,93,https://api.wtatennis.com/tennis/players/ranked?page=5&pageSize=100&type=rankSingles&sort=asc&metric=SINGLES&at=2025-10-13&name=&nationality=,2026-03-22T00:47:04Z
wta,2025-10-13,318203,Anna Karolina Schmiedlova,Anna Karolina Schmiedlova,529,92,https://api.wtatennis.com/tennis/players/ranked?page=5&pageSize=100&type=rankSingles&sort=asc&metric=SINGLES&at=2025-10-13&name=&nationality=,2026-03-22T00:47:04Z
wta,2025-10-13,326235,Yuki Naito,Yuki Naito,530,92,https://api.wtatennis.com/tennis/players/ranked?page=5&pageSize=100&type=rankSingles&sort=asc&metric=SINGLES&at=2025-10-13&name=&nationality=,2026-03-22T00:47:04Z
wta,2025-10-13,332168,Alexandra Shubladze,Alexandra Shubladze,531,92,https://api.wtatennis.com/tennis/players/ranked?page=5&pageSize=100&type=rankSingles&sort=asc&metric=SINGLES&at=2025-10-13&name=&nationality=,2026-03-22T00:47:04Z
wta,2025-10-13,326123,Draginja Vukovic,Draginja Vukovic,532,92,https://api.wtatennis.com/tennis/players/ranked?page=5&pageSize=100&type=rankSingles&sort=asc&metric=SINGLES&at=2025-10-13&name=&nationality=,2026-03-22T00:47:04Z
wta,2025-10-13,319433,Marie Benoit,Marie Benoit,533,91,https://api.wtatennis.com/tennis/players/ranked?page=5&pageSize=100&type=rankSingles&sort=asc&metric=SINGLES&at=2025-10-13&name=&nationality=,2026-03-22T00:47:04Z
wta,2025-10-13,331215,Jenny Lim,Jenny Lim,534,91,https://api.wtatennis.com/tennis/players/ranked?page=5&pageSize=100&type=rankSingles&sort=asc&metric=SINGLES&at=2025-10-13&name=&nationality=,2026-03-22T00:47:04Z
wta,2025-10-13,322752,Sara Cakarevic,Sara Cakarevic,535,91,https://api.wtatennis.com/tennis/players/ranked?page=5&pageSize=100&type=rankSingles&sort=asc&metric=SINGLES&at=2025-10-13&name=&nationality=,2026-03-22T00:47:04Z
wta,2025-10-13,330059,Maria Sara Popa,Maria Sara Popa,536,91,https://api.wtatennis.com/tennis/players/ranked?page=5&pageSize=100&type=rankSingles&sort=asc&metric=SINGLES&at=2025-10-13&name=&nationality=,2026-03-22T00:47:04Z
wta,2025-10-13,332152,Alicia Dudeney,Alicia Dudeney,537,91,https://api.wtatennis.com/tennis/players/ranked?page=5&pageSize=100&type=rankSingles&sort=asc&metric=SINGLES&at=2025-10-13&name=&nationality=,2026-03-22T00:47:04Z
wta,2025-10-13,329135,Camilla Zanolini,Camilla Zanolini,538,91,https://api.wtatennis.com/tennis/players/ranked?page=5&pageSize=100&type=rankSingles&sort=asc&metric=SINGLES&at=2025-10-13&name=&nationality=,2026-03-22T00:47:04Z
wta,2025-10-13,331736,Stefania Bojica,Stefania Bojica,539,91,https://api.wtatennis.com/tennis/players/ranked?page=5&pageSize=100&type=rankSingles&sort=asc&metric=SINGLES&at=2025-10-13&name=&nationality=,2026-03-22T00:47:04Z
wta,2025-10-13,328578,Darya Astakhova,Darya Astakhova,540,90,https://api.wtatennis.com/tennis/players/ranked?page=5&pageSize=100&type=rankSingles&sort=asc&metric=SINGLES&at=2025-10-13&name=&nationality=,2026-03-22T00:47:04Z
wta,2025-10-13,333440,Hannah Klugman,Hannah Klugman,541,90,https://api.wtatennis.com/tennis/players/ranked?page=5&pageSize=100&type=rankSingles&sort=asc&metric=SINGLES&at=2025-10-13&name=&nationality=,2026-03-22T00:47:04Z
wta,2025-10-13,327517,Aunchisa Chanta,Aunchisa Chanta,542,90,https://api.wtatennis.com/tennis/players/ranked?page=5&pageSize=100&type=rankSingles&sort=asc&metric=SINGLES&at=2025-10-13&name=&nationality=,2026-03-22T00:47:04Z
wta,2025-10-13,330951,Julie Struplova,Julie Struplova,543,90,https://api.wtatennis.com/tennis/players/ranked?page=5&pageSize=100&type=rankSingles&sort=asc&metric=SINGLES&at=2025-10-13&name=&nationality=,2026-03-22T00:47:04Z
wta,2025-10-13,328322,Hibah Shaikh,Hibah Shaikh,544,90,https://api.wtatennis.com/tennis/players/ranked?page=5&pageSize=100&type=rankSingles&sort=asc&metric=SINGLES&at=2025-10-13&name=&nationality=,2026-03-22T00:47:04Z
wta,2025-10-13,330298,Dasha Plekhanova,Dasha Plekhanova,545,89,https://api.wtatennis.com/tennis/players/ranked?page=5&pageSize=100&type=rankSingles&sort=asc&metric=SINGLES&at=2025-10-13&name=&nationality=,2026-03-22T00:47:04Z
wta,2025-10-13,328153,Radka Zelnickova,Radka Zelnickova,546,89,https://api.wtatennis.com/tennis/players/ranked?page=5&pageSize=100&type=rankSingles&sort=asc&metric=SINGLES&at=2025-10-13&name=&nationality=,2026-03-22T00:47:04Z
wta,2025-10-13,332599,Sarah Van Emst,Sarah Van Emst,547,88,https://api.wtatennis.com/tennis/players/ranked?page=5&pageSize=100&type=rankSingles&sort=asc&metric=SINGLES&at=2025-10-13&name=&nationality=,2026-03-22T00:47:04Z
wta,2025-10-13,332518,Lidia Encheva,Lidia Encheva,548,88,https://api.wtatennis.com/tennis/players/ranked?page=5&pageSize=100&type=rankSingles&sort=asc&metric=SINGLES&at=2025-10-13&name=&nationality=,2026-03-22T00:47:04Z
wta,2025-10-13,330922,Bianca Barbulescu,Bianca Barbulescu,549,88,https://api.wtatennis.com/tennis/players/ranked?page=5&pageSize=100&type=rankSingles&sort=asc&metric=SINGLES&at=2025-10-13&name=&nationality=,2026-03-22T00:47:04Z
wta,2025-10-13,333011,Alana Subasic,Alana Subasic,550,87,https://api.wtatennis.com/tennis/players/ranked?page=5&pageSize=100&type=rankSingles&sort=asc&metric=SINGLES&at=2025-10-13&name=&nationality=,2026-03-22T00:47:04Z
wta,2025-10-13,321519,Verena Meliss,Verena Meliss,551,87,https://api.wtatennis.com/tennis/players/ranked?page=5&pageSize=100&type=rankSingles&sort=asc&metric=SINGLES&at=2025-10-13&name=&nationality=,2026-03-22T00:47:04Z
wta,2025-10-13,329721,Matilde Paoletti,Matilde Paoletti,552,87,https://api.wtatennis.com/tennis/players/ranked?page=5&pageSize=100&type=rankSingles&sort=asc&metric=SINGLES&at=2025-10-13&name=&nationality=,2026-03-22T00:47:04Z
wta,2025-10-13,334141,Mariella Thamm,Mariella Thamm,553,87,https://api.wtatennis.com/tennis/players/ranked?page=5&pageSize=100&type=rankSingles&sort=asc&metric=SINGLES&at=2025-10-13&name=&nationality=,2026-03-22T00:47:04Z
wta,2025-10-13,332204,Joy De Zeeuw,Joy De Zeeuw,554,87,https://api.wtatennis.com/tennis/players/ranked?page=5&pageSize=100&type=rankSingles&sort=asc&metric=SINGLES&at=2025-10-13&name=&nationality=,2026-03-22T00:47:04Z
wta,2025-10-13,311832,Erika Sema,Erika Sema,555,87,https://api.wtatennis.com/tennis/players/ranked?page=5&pageSize=100&type=rankSingles&sort=asc&metric=SINGLES&at=2025-10-13&name=&nationality=,2026-03-22T00:47:04Z
wta,2025-10-13,321927,Lamis Alhussein Abdel Aziz,Lamis Alhussein Abdel Aziz,556,87,https://api.wtatennis.com/tennis/players/ranked?page=5&pageSize=100&type=rankSingles&sort=asc&metric=SINGLES&at=2025-10-13&name=&nationality=,2026-03-22T00:47:04Z
wta,2025-10-13,327296,Elena Milovanovic,Elena Milovanovic,557,87,https://api.wtatennis.com/tennis/players/ranked?page=5&pageSize=100&type=rankSingles&sort=asc&metric=SINGLES&at=2025-10-13&name=&nationality=,2026-03-22T00:47:04Z
wta,2025-10-13,326402,Luisa Meyer Auf Der Heide,Luisa Meyer Auf Der Heide,558,87,https://api.wtatennis.com/tennis/players/ranked?page=5&pageSize=100&type=rankSingles&sort=asc&metric=SINGLES&at=2025-10-13&name=&nationality=,2026-03-22T00:47:04Z
wta,2025-10-13,323071,Makenna Jones,Makenna Jones,559,86,https://api.wtatennis.com/tennis/players/ranked?page=5&pageSize=100&type=rankSingles&sort=asc&metric=SINGLES&at=2025-10-13&name=&nationality=,2026-03-22T00:47:04Z
wta,2025-10-13,323379,Arlinda Rushiti,Arlinda Rushiti,560,85,https://api.wtatennis.com/tennis/players/ranked?page=5&pageSize=100&type=rankSingles&sort=asc&metric=SINGLES&at=2025-10-13&name=&nationality=,2026-03-22T00:47:04Z
wta,2025-10-13,328701,Arianna Zucchini,Arianna Zucchini,561,84,https://api.wtatennis.com/tennis/players/ranked?page=5&pageSize=100&type=rankSingles&sort=asc&metric=SINGLES&at=2025-10-13&name=&nationality=,2026-03-22T00:47:04Z
wta,2025-10-13,331696,Rinko Matsuda,Rinko Matsuda,562,84,https://api.wtatennis.com/tennis/players/ranked?page=5&pageSize=100&type=rankSingles&sort=asc&metric=SINGLES&at=2025-10-13&name=&nationality=,2026-03-22T00:47:04Z
wta,2025-10-13,321253,Rasheeda Mcadoo,Rasheeda Mcadoo,563,84,https://api.wtatennis.com/tennis/players/ranked?page=5&pageSize=100&type=rankSingles&sort=asc&metric=SINGLES&at=2025-10-13&name=&nationality=,2026-03-22T00:47:04Z
wta,2025-10-13,334622,Varvara Panshina,Varvara Panshina,564,84,https://api.wtatennis.com/tennis/players/ranked?page=5&pageSize=100&type=rankSingles&sort=asc&metric=SINGLES&at=2025-10-13&name=&nationality=,2026-03-22T00:47:04Z
wta,2025-10-13,327226,Punnin Kovapitukted,Punnin Kovapitukted,565,84,https://api.wtatennis.com/tennis/players/ranked?page=5&pageSize=100&type=rankSingles&sort=asc&metric=SINGLES&at=2025-10-13&name=&nationality=,2026-03-22T00:47:04Z
wta,2025-10-13,331660,Ella Mcdonald,Ella Mcdonald,566,83,https://api.wtatennis.com/tennis/players/ranked?page=5&pageSize=100&type=rankSingles&sort=asc&metric=SINGLES&at=2025-10-13&name=&nationality=,2026-03-22T00:47:04Z
wta,2025-10-13,326909,Kamilla Bartone,Kamilla Bartone,567,83,https://api.wtatennis.com/tennis/players/ranked?page=5&pageSize=100&type=rankSingles&sort=asc&metric=SINGLES&at=2025-10-13&name=&nationality=,2026-03-22T00:47:04Z
wta,2025-10-13,324632,Zeel Desai,Zeel Desai,568,83,https://api.wtatennis.com/tennis/players/ranked?page=5&pageSize=100&type=rankSingles&sort=asc&metric=SINGLES&at=2025-10-13&name=&nationality=,2026-03-22T00:47:04Z
wta,2025-10-13,335375,Kristina Kroitor,Kristina Kroitor,569,82,https://api.wtatennis.com/tennis/players/ranked?page=5&pageSize=100&type=rankSingles&sort=asc&metric=SINGLES&at=2025-10-13&name=&nationality=,2026-03-22T00:47:04Z
wta,2025-10-13,333132,Mika Stojsavljevic,Mika Stojsavljevic,570,81,https://api.wtatennis.com/tennis/players/ranked?page=5&pageSize=100&type=rankSingles&sort=asc&metric=SINGLES&at=2025-10-13&name=&nationality=,2026-03-22T00:47:04Z
wta,2025-10-13,331129,Lavinia Tanasie,Lavinia Tanasie,571,81,https://api.wtatennis.com/tennis/players/ranked?page=5&pageSize=100&type=rankSingles&sort=asc&metric=SINGLES&at=2025-10-13&name=&nationality=,2026-03-22T00:47:04Z
wta,2025-10-13,325737,Ilay Yoruk,Ilay Yoruk,572,81,https://api.wtatennis.com/tennis/players/ranked?page=5&pageSize=100&type=rankSingles&sort=asc&metric=SINGLES&at=2025-10-13&name=&nationality=,2026-03-22T00:47:04Z
wta,2025-10-13,323095,Chihiro Muramatsu,Chihiro Muramatsu,573,81,https://api.wtatennis.com/tennis/players/ranked?page=5&pageSize=100&type=rankSingles&sort=asc&metric=SINGLES&at=2025-10-13&name=&nationality=,2026-03-22T00:47:04Z
wta,2025-10-13,317443,Sachia Vickery,Sachia Vickery,574,80,https://api.wtatennis.com/tennis/players/ranked?page=5&pageSize=100&type=rankSingles&sort=asc&metric=SINGLES&at=2025-10-13&name=&nationality=,2026-03-22T00:47:04Z
wta,2025-10-13,230220,Venus Williams,Venus Williams,575,80,https://api.wtatennis.com/tennis/players/ranked?page=5&pageSize=100&type=rankSingles&sort=asc&metric=SINGLES&at=2025-10-13&name=&nationality=,2026-03-22T00:47:04Z
wta,2025-10-13,333812,Adelina Lachinova,Adelina Lachinova,576,80,https://api.wtatennis.com/tennis/players/ranked?page=5&pageSize=100&type=rankSingles&sort=asc&metric=SINGLES&at=2025-10-13&name=&nationality=,2026-03-22T00:47:04Z
wta,2025-10-13,329115,Katrina Scott,Katrina Scott,577,80,https://api.wtatennis.com/tennis/players/ranked?page=5&pageSize=100&type=rankSingles&sort=asc&metric=SINGLES&at=2025-10-13&name=&nationality=,2026-03-22T00:47:04Z
wta,2025-10-13,328628,Gina Dittmann,Gina Dittmann,578,80,https://api.wtatennis.com/tennis/players/ranked?page=5&pageSize=100&type=rankSingles&sort=asc&metric=SINGLES&at=2025-10-13&name=&nationality=,2026-03-22T00:47:04Z
wta,2025-10-13,324198,Marcelina Podlinska,Marcelina Podlinska,579,80,https://api.wtatennis.com/tennis/players/ranked?page=5&pageSize=100&type=rankSingles&sort=asc&metric=SINGLES&at=2025-10-13&name=&nationality=,2026-03-22T00:47:04Z
wta,2025-10-13,328919,Natsumi Kawaguchi,Natsumi Kawaguchi,580,80,https://api.wtatennis.com/tennis/players/ranked?page=5&pageSize=100&type=rankSingles&sort=asc&metric=SINGLES&at=2025-10-13&name=&nationality=,2026-03-22T00:47:04Z
wta,2025-10-13,329415,Jenna Defalco,Jenna Defalco,581,80,https://api.wtatennis.com/tennis/players/ranked?page=5&pageSize=100&type=rankSingles&sort=asc&metric=SINGLES&at=2025-10-13&name=&nationality=,2026-03-22T00:47:04Z
wta,2025-10-13,329575,Nahia Berecoechea,Nahia Berecoechea,582,79,https://api.wtatennis.com/tennis/players/ranked?page=5&pageSize=100&type=rankSingles&sort=asc&metric=SINGLES&at=2025-10-13&name=&nationality=,2026-03-22T00:47:04Z
wta,2025-10-13,326780,Misaki Matsuda,Misaki Matsuda,583,79,https://api.wtatennis.com/tennis/players/ranked?page=5&pageSize=100&type=rankSingles&sort=asc&metric=SINGLES&at=2025-10-13&name=&nationality=,2026-03-22T00:47:04Z
wta,2025-10-13,327011,Marine Szostak,Marine Szostak,584,79,https://api.wtatennis.com/tennis/players/ranked?page=5&pageSize=100&type=rankSingles&sort=asc&metric=SINGLES&at=2025-10-13&name=&nationality=,2026-03-22T00:47:04Z
wta,2025-10-13,321879,Noelia Bouzo Zanotti,Noelia Bouzo Zanotti,585,79,https://api.wtatennis.com/tennis/players/ranked?page=5&pageSize=100&type=rankSingles&sort=asc&metric=SINGLES&at=2025-10-13&name=&nationality=,2026-03-22T00:47:04Z
wta,2025-10-13,329275,Alba Rey Garcia,Alba Rey Garcia,586,79,https://api.wtatennis.com/tennis/players/ranked?page=5&pageSize=100&type=rankSingles&sort=asc&metric=SINGLES&at=2025-10-13&name=&nationality=,2026-03-22T00:47:04Z
wta,2025-10-13,320682,Ana Konjuh,Ana Konjuh,587,78,https://api.wtatennis.com/tennis/players/ranked?page=5&pageSize=100&type=rankSingles&sort=asc&metric=SINGLES&at=2025-10-13&name=&nationality=,2026-03-22T00:47:04Z
wta,2025-10-13,335755,Jana Kovackova,Jana Kovackova,588,78,https://api.wtatennis.com/tennis/players/ranked?page=5&pageSize=100&type=rankSingles&sort=asc&metric=SINGLES&at=2025-10-13&name=&nationality=,2026-03-22T00:47:04Z
wta,2025-10-13,331820,Victoria Osuigwe,Victoria Osuigwe,589,78,https://api.wtatennis.com/tennis/players/ranked?page=5&pageSize=100&type=rankSingles&sort=asc&metric=SINGLES&at=2025-10-13&name=&nationality=,2026-03-22T00:47:04Z
wta,2025-10-13,327999,Laura Mair,Laura Mair,590,78,https://api.wtatennis.com/tennis/players/ranked?page=5&pageSize=100&type=rankSingles&sort=asc&metric=SINGLES&at=2025-10-13&name=&nationality=,2026-03-22T00:47:04Z
wta,2025-10-13,334654,Loes Ebeling Koning,Loes Ebeling Koning,591,77,https://api.wtatennis.com/tennis/players/ranked?page=5&pageSize=100&type=rankSingles&sort=asc&metric=SINGLES&at=2025-10-13&name=&nationality=,2026-03-22T00:47:04Z
wta,2025-10-13,317065,Su Jeong Jang,Su Jeong Jang,592,76,https://api.wtatennis.com/tennis/players/ranked?page=5&pageSize=100&type=rankSingles&sort=asc&metric=SINGLES&at=2025-10-13&name=&nationality=,2026-03-22T00:47:04Z
wta,2025-10-13,335078,Ellie Schoppe,Ellie Schoppe,593,76,https://api.wtatennis.com/tennis/players/ranked?page=5&pageSize=100&type=rankSingles&sort=asc&metric=SINGLES&at=2025-10-13&name=&nationality=,2026-03-22T00:47:04Z
wta,2025-10-13,329683,Dana Guzman,Dana Guzman,594,76,https://api.wtatennis.com/tennis/players/ranked?page=5&pageSize=100&type=rankSingles&sort=asc&metric=SINGLES&at=2025-10-13&name=&nationality=,2026-03-22T00:47:04Z
wta,2025-10-13,329509,Rachel Gailis,Rachel Gailis,595,76,https://api.wtatennis.com/tennis/players/ranked?page=5&pageSize=100&type=rankSingles&sort=asc&metric=SINGLES&at=2025-10-13&name=&nationality=,2026-03-22T00:47:04Z
wta,2025-10-13,325291,Aneta Laboutkova,Aneta Laboutkova,596,76,https://api.wtatennis.com/tennis/players/ranked?page=5&pageSize=100&type=rankSingles&sort=asc&metric=SINGLES&at=2025-10-13&name=&nationality=,2026-03-22T00:47:04Z
wta,2025-10-13,322016,Jaeda Daniel,Jaeda Daniel,597,76,https://api.wtatennis.com/tennis/players/ranked?page=5&pageSize=100&type=rankSingles&sort=asc&metric=SINGLES&at=2025-10-13&name=&nationality=,2026-03-22T00:47:04Z
wta,2025-10-13,317684,Danka Kovinic,Danka Kovinic,598,75,https://api.wtatennis.com/tennis/players/ranked?page=5&pageSize=100&type=rankSingles&sort=asc&metric=SINGLES&at=2025-10-13&name=&nationality=,2026-03-22T00:47:04Z
wta,2025-10-13,333678,Chenting Zhu,Chenting Zhu,599,75,https://api.wtatennis.com/tennis/players/ranked?page=5&pageSize=100&type=rankSingles&sort=asc&metric=SINGLES&at=2025-10-13&name=&nationality=,2026-03-22T00:47:04Z
wta,2025-10-13,330075,Melisa Ercan,Melisa Ercan,600,75,https://api.wtatennis.com/tennis/players/ranked?page=5&pageSize=100&type=rankSingles&sort=asc&metric=SINGLES&at=2025-10-13&name=&nationality=,2026-03-22T00:47:04Z
wta,2025-10-13,329264,Maria Martinez Vaquero,Maria Martinez Vaquero,601,75,https://api.wtatennis.com/tennis/players/ranked?page=6&pageSize=100&type=rankSingles&sort=asc&metric=SINGLES&at=2025-10-13&name=&nationality=,2026-03-22T00:47:04Z
wta,2025-10-13,330233,Marie Vogt,Marie Vogt,602,75,https://api.wtatennis.com/tennis/players/ranked?page=6&pageSize=100&type=rankSingles&sort=asc&metric=SINGLES&at=2025-10-13&name=&nationality=,2026-03-22T00:47:04Z
wta,2025-10-13,323775,Camila Romero,Camila Romero,603,75,https://api.wtatennis.com/tennis/players/ranked?page=6&pageSize=100&type=rankSingles&sort=asc&metric=SINGLES&at=2025-10-13&name=&nationality=,2026-03-22T00:47:04Z
wta,2025-10-13,330705,Alyssa Reguer,Alyssa Reguer,604,74,https://api.wtatennis.com/tennis/players/ranked?page=6&pageSize=100&type=rankSingles&sort=asc&metric=SINGLES&at=2025-10-13&name=&nationality=,2026-03-22T00:47:04Z
wta,2025-10-13,332974,Maria Golovina,Maria Golovina,605,74,https://api.wtatennis.com/tennis/players/ranked?page=6&pageSize=100&type=rankSingles&sort=asc&metric=SINGLES&at=2025-10-13&name=&nationality=,2026-03-22T00:47:04Z
wta,2025-10-13,333784,Britt Du Pree,Britt Du Pree,606,74,https://api.wtatennis.com/tennis/players/ranked?page=6&pageSize=100&type=rankSingles&sort=asc&metric=SINGLES&at=2025-10-13&name=&nationality=,2026-03-22T00:47:04Z
wta,2025-10-13,324056,Alice Robbe,Alice Robbe,607,73,https://api.wtatennis.com/tennis/players/ranked?page=6&pageSize=100&type=rankSingles&sort=asc&metric=SINGLES&at=2025-10-13&name=&nationality=,2026-03-22T00:47:04Z
wta,2025-10-13,317519,Stephanie Wagner,Stephanie Wagner,608,73,https://api.wtatennis.com/tennis/players/ranked?page=6&pageSize=100&type=rankSingles&sort=asc&metric=SINGLES&at=2025-10-13&name=&nationality=,2026-03-22T00:47:04Z
wta,2025-10-13,316707,Noelia Zeballos,Noelia Zeballos,609,72,https://api.wtatennis.com/tennis/players/ranked?page=6&pageSize=100&type=rankSingles&sort=asc&metric=SINGLES&at=2025-10-13&name=&nationality=,2026-03-22T00:47:04Z
wta,2025-10-13,331004,Luca Udvardy,Luca Udvardy,610,72,https://api.wtatennis.com/tennis/players/ranked?page=6&pageSize=100&type=rankSingles&sort=asc&metric=SINGLES&at=2025-10-13&name=&nationality=,2026-03-22T00:47:04Z
wta,2025-10-13,329583,Evialina Laskevich,Evialina Laskevich,611,72,https://api.wtatennis.com/tennis/players/ranked?page=6&pageSize=100&type=rankSingles&sort=asc&metric=SINGLES&at=2025-10-13&name=&nationality=,2026-03-22T00:47:04Z
wta,2025-10-13,327697,Boyoung Jeong,Boyoung Jeong,612,72,https://api.wtatennis.com/tennis/players/ranked?page=6&pageSize=100&type=rankSingles&sort=asc&metric=SINGLES&at=2025-10-13&name=&nationality=,2026-03-22T00:47:04Z
wta,2025-10-13,333071,Ekaterina Perelygina,Ekaterina Perelygina,613,72,https://api.wtatennis.com/tennis/players/ranked?page=6&pageSize=100&type=rankSingles&sort=asc&metric=SINGLES&at=2025-10-13&name=&nationality=,2026-03-22T00:47:04Z
wta,2025-10-13,327063,Monique Barry,Monique Barry,614,71,https://api.wtatennis.com/tennis/players/ranked?page=6&pageSize=100&type=rankSingles&sort=asc&metric=SINGLES&at=2025-10-13&name=&nationality=,2026-03-22T00:47:04Z
wta,2025-10-13,330506,Sarah Iliev,Sarah Iliev,615,71,https://api.wtatennis.com/tennis/players/ranked?page=6&pageSize=100&type=rankSingles&sort=asc&metric=SINGLES&at=2025-10-13&name=&nationality=,2026-03-22T00:47:04Z
wta,2025-10-13,330527,Amelie Van Impe,Amelie Van Impe,616,71,https://api.wtatennis.com/tennis/players/ranked?page=6&pageSize=100&type=rankSingles&sort=asc&metric=SINGLES&at=2025-10-13&name=&nationality=,2026-03-22T00:47:04Z
wta,2025-10-13,326659,Victoria Allen,Victoria Allen,617,71,https://api.wtatennis.com/tennis/players/ranked?page=6&pageSize=100&type=rankSingles&sort=asc&metric=SINGLES&at=2025-10-13&name=&nationality=,2026-03-22T00:47:04Z
wta,2025-10-13,318488,Jesika Maleckova,Jesika Maleckova,618,70,https://api.wtatennis.com/tennis/players/ranked?page=6&pageSize=100&type=rankSingles&sort=asc&metric=SINGLES&at=2025-10-13&name=&nationality=,2026-03-22T00:47:04Z
wta,2025-10-13,317810,Storm Hunter,Storm Hunter,619,69,https://api.wtatennis.com/tennis/players/ranked?page=6&pageSize=100&type=rankSingles&sort=asc&metric=SINGLES&at=2025-10-13&name=&nationality=,2026-03-22T00:47:04Z
wta,2025-10-13,334557,Alena Kovackova,Alena Kovackova,620,69,https://api.wtatennis.com/tennis/players/ranked?page=6&pageSize=100&type=rankSingles&sort=asc&metric=SINGLES&at=2025-10-13&name=&nationality=,2026-03-22T00:47:04Z
wta,2025-10-13,331039,Ksenia Zaytseva,Ksenia Zaytseva,621,69,https://api.wtatennis.com/tennis/players/ranked?page=6&pageSize=100&type=rankSingles&sort=asc&metric=SINGLES&at=2025-10-13&name=&nationality=,2026-03-22T00:47:04Z
wta,2025-10-13,319438,Eudice Chong,Eudice Chong,622,69,https://api.wtatennis.com/tennis/players/ranked?page=6&pageSize=100&type=rankSingles&sort=asc&metric=SINGLES&at=2025-10-13&name=&nationality=,2026-03-22T00:47:04Z
wta,2025-10-13,331531,Francesca Pace,Francesca Pace,623,69,https://api.wtatennis.com/tennis/players/ranked?page=6&pageSize=100&type=rankSingles&sort=asc&metric=SINGLES&at=2025-10-13&name=&nationality=,2026-03-22T00:47:04Z
wta,2025-10-13,317821,Hiroko Kuwata,Hiroko Kuwata,624,69,https://api.wtatennis.com/tennis/players/ranked?page=6&pageSize=100&type=rankSingles&sort=asc&metric=SINGLES&at=2025-10-13&name=&nationality=,2026-03-22T00:47:04Z
wta,2025-10-13,332481,Eva Maria Ionescu,Eva Maria Ionescu,625,69,https://api.wtatennis.com/tennis/players/ranked?page=6&pageSize=100&type=rankSingles&sort=asc&metric=SINGLES&at=2025-10-13&name=&nationality=,2026-03-22T00:47:04Z
wta,2025-10-13,328614,Jana Kolodynska,Jana Kolodynska,626,68,https://api.wtatennis.com/tennis/players/ranked?page=6&pageSize=100&type=rankSingles&sort=asc&metric=SINGLES&at=2025-10-13&name=&nationality=,2026-03-22T00:47:04Z
wta,2025-10-13,317743,Valeria Bhunu,Valeria Bhunu,627,68,https://api.wtatennis.com/tennis/players/ranked?page=6&pageSize=100&type=rankSingles&sort=asc&metric=SINGLES&at=2025-10-13&name=&nationality=,2026-03-22T00:47:04Z
wta,2025-10-13,329444,Esther Adeshina,Esther Adeshina,628,68,https://api.wtatennis.com/tennis/players/ranked?page=6&pageSize=100&type=rankSingles&sort=asc&metric=SINGLES&at=2025-10-13&name=&nationality=,2026-03-22T00:47:04Z
wta,2025-10-13,332501,Ena Koike,Ena Koike,629,67,https://api.wtatennis.com/tennis/players/ranked?page=6&pageSize=100&type=rankSingles&sort=asc&metric=SINGLES&at=2025-10-13&name=&nationality=,2026-03-22T00:47:04Z
wta,2025-10-13,324255,Maria Portillo Ramirez,Maria Portillo Ramirez,630,67,https://api.wtatennis.com/tennis/players/ranked?page=6&pageSize=100&type=rankSingles&sort=asc&metric=SINGLES&at=2025-10-13&name=&nationality=,2026-03-22T00:47:04Z
wta,2025-10-13,330407,Astrid Cirotte,Astrid Cirotte,631,67,https://api.wtatennis.com/tennis/players/ranked?page=6&pageSize=100&type=rankSingles&sort=asc&metric=SINGLES&at=2025-10-13&name=&nationality=,2026-03-22T00:47:04Z
wta,2025-10-13,319717,Amy Zhu,Amy Zhu,632,67,https://api.wtatennis.com/tennis/players/ranked?page=6&pageSize=100&type=rankSingles&sort=asc&metric=SINGLES&at=2025-10-13&name=&nationality=,2026-03-22T00:47:04Z
wta,2025-10-13,328130,Clara Vlasselaer,Clara Vlasselaer,633,67,https://api.wtatennis.com/tennis/players/ranked?page=6&pageSize=100&type=rankSingles&sort=asc&metric=SINGLES&at=2025-10-13&name=&nationality=,2026-03-22T00:47:04Z
wta,2025-10-13,325957,Adrienn Nagy,Adrienn Nagy,634,67,https://api.wtatennis.com/tennis/players/ranked?page=6&pageSize=100&type=rankSingles&sort=asc&metric=SINGLES&at=2025-10-13&name=&nationality=,2026-03-22T00:47:04Z
wta,2025-10-13,321195,Usue Maitane Arconada,Usue Maitane Arconada,635,66,https://api.wtatennis.com/tennis/players/ranked?page=6&pageSize=100&type=rankSingles&sort=asc&metric=SINGLES&at=2025-10-13&name=&nationality=,2026-03-22T00:47:04Z
wta,2025-10-13,332270,Valentina  Steiner,Valentina  Steiner,636,66,https://api.wtatennis.com/tennis/players/ranked?page=6&pageSize=100&type=rankSingles&sort=asc&metric=SINGLES&at=2025-10-13&name=&nationality=,2026-03-22T00:47:04Z
wta,2025-10-13,331290,Gina Feistel,Gina Feistel,637,66,https://api.wtatennis.com/tennis/players/ranked?page=6&pageSize=100&type=rankSingles&sort=asc&metric=SINGLES&at=2025-10-13&name=&nationality=,2026-03-22T00:47:04Z
wta,2025-10-13,327175,Luiza Fullana,Luiza Fullana,638,66,https://api.wtatennis.com/tennis/players/ranked?page=6&pageSize=100&type=rankSingles&sort=asc&metric=SINGLES&at=2025-10-13&name=&nationality=,2026-03-22T00:47:04Z
wta,2025-10-13,323887,Valeriia Iushchenko,Valeriia Iushchenko,639,65,https://api.wtatennis.com/tennis/players/ranked?page=6&pageSize=100&type=rankSingles&sort=asc&metric=SINGLES&at=2025-10-13&name=&nationality=,2026-03-22T00:47:04Z
wta,2025-10-13,315134,Ema Burgic,Ema Burgic,640,65,https://api.wtatennis.com/tennis/players/ranked?page=6&pageSize=100&type=rankSingles&sort=asc&metric=SINGLES&at=2025-10-13&name=&nationality=,2026-03-22T00:47:04Z
wta,2025-10-13,325320,Clara Burel,Clara Burel,641,64,https://api.wtatennis.com/tennis/players/ranked?page=6&pageSize=100&type=rankSingles&sort=asc&metric=SINGLES&at=2025-10-13&name=&nationality=,2026-03-22T00:47:04Z
wta,2025-10-13,332741,Alexis Nguyen,Alexis Nguyen,642,63,https://api.wtatennis.com/tennis/players/ranked?page=6&pageSize=100&type=rankSingles&sort=asc&metric=SINGLES&at=2025-10-13&name=&nationality=,2026-03-22T00:47:04Z
wta,2025-10-13,327056,Jiaqi Wang,Jiaqi Wang,643,63,https://api.wtatennis.com/tennis/players/ranked?page=6&pageSize=100&type=rankSingles&sort=asc&metric=SINGLES&at=2025-10-13&name=&nationality=,2026-03-22T00:47:04Z
wta,2025-10-13,334052,Isabella Maria Serban,Isabella Maria Serban,644,63,https://api.wtatennis.com/tennis/players/ranked?page=6&pageSize=100&type=rankSingles&sort=asc&metric=SINGLES&at=2025-10-13&name=&nationality=,2026-03-22T00:47:04Z
wta,2025-10-13,324617,Olga Helmi,Olga Helmi,645,63,https://api.wtatennis.com/tennis/players/ranked?page=6&pageSize=100&type=rankSingles&sort=asc&metric=SINGLES&at=2025-10-13&name=&nationality=,2026-03-22T00:47:04Z
wta,2025-10-13,323378,Arina Vasilescu,Arina Vasilescu,646,63,https://api.wtatennis.com/tennis/players/ranked?page=6&pageSize=100&type=rankSingles&sort=asc&metric=SINGLES&at=2025-10-13&name=&nationality=,2026-03-22T00:47:04Z
wta,2025-10-13,330258,Sara Dols,Sara Dols,647,63,https://api.wtatennis.com/tennis/players/ranked?page=6&pageSize=100&type=rankSingles&sort=asc&metric=SINGLES&at=2025-10-13&name=&nationality=,2026-03-22T00:47:04Z
wta,2025-10-13,326013,Angelica Raggi,Angelica Raggi,648,62,https://api.wtatennis.com/tennis/players/ranked?page=6&pageSize=100&type=rankSingles&sort=asc&metric=SINGLES&at=2025-10-13&name=&nationality=,2026-03-22T00:47:04Z
wta,2025-10-13,334512,Maaya Rajeshwaran Revathi,Maaya Rajeshwaran Revathi,649,62,https://api.wtatennis.com/tennis/players/ranked?page=6&pageSize=100&type=rankSingles&sort=asc&metric=SINGLES&at=2025-10-13&name=&nationality=,2026-03-22T00:47:04Z
wta,2025-10-13,334183,Mia Pohankova,Mia Pohankova,650,62,https://api.wtatennis.com/tennis/players/ranked?page=6&pageSize=100&type=rankSingles&sort=asc&metric=SINGLES&at=2025-10-13&name=&nationality=,2026-03-22T00:47:04Z
wta,2025-10-13,325798,Marie Mettraux,Marie Mettraux,651,62,https://api.wtatennis.com/tennis/players/ranked?page=6&pageSize=100&type=rankSingles&sort=asc&metric=SINGLES&at=2025-10-13&name=&nationality=,2026-03-22T00:47:04Z
wta,2025-10-13,331077,Rebecca Munk Mortensen,Rebecca Munk Mortensen,652,62,https://api.wtatennis.com/tennis/players/ranked?page=6&pageSize=100&type=rankSingles&sort=asc&metric=SINGLES&at=2025-10-13&name=&nationality=,2026-03-22T00:47:04Z
wta,2025-10-13,332763,Kateryna Lazarenko,Kateryna Lazarenko,653,62,https://api.wtatennis.com/tennis/players/ranked?page=6&pageSize=100&type=rankSingles&sort=asc&metric=SINGLES&at=2025-10-13&name=&nationality=,2026-03-22T00:47:04Z
wta,2025-10-13,319393,Deborah Chiesa,Deborah Chiesa,654,61,https://api.wtatennis.com/tennis/players/ranked?page=6&pageSize=100&type=rankSingles&sort=asc&metric=SINGLES&at=2025-10-13&name=&nationality=,2026-03-22T00:47:04Z
wta,2025-10-13,320215,Elina Nepliy,Elina Nepliy,655,61,https://api.wtatennis.com/tennis/players/ranked?page=6&pageSize=100&type=rankSingles&sort=asc&metric=SINGLES&at=2025-10-13&name=&nationality=,2026-03-22T00:47:04Z
wta,2025-10-13,315288,Cristina Dinu,Cristina Dinu,656,61,https://api.wtatennis.com/tennis/players/ranked?page=6&pageSize=100&type=rankSingles&sort=asc&metric=SINGLES&at=2025-10-13&name=&nationality=,2026-03-22T00:47:04Z
wta,2025-10-13,329769,Angella Okutoyi,Angella Okutoyi,657,61,https://api.wtatennis.com/tennis/players/ranked?page=6&pageSize=100&type=rankSingles&sort=asc&metric=SINGLES&at=2025-10-13&name=&nationality=,2026-03-22T00:47:04Z
wta,2025-10-13,326039,Federica Sacco,Federica Sacco,658,61,https://api.wtatennis.com/tennis/players/ranked?page=6&pageSize=100&type=rankSingles&sort=asc&metric=SINGLES&at=2025-10-13&name=&nationality=,2026-03-22T00:47:04Z
wta,2025-10-13,325225,Fiona Ganz,Fiona Ganz,659,61,https://api.wtatennis.com/tennis/players/ranked?page=6&pageSize=100&type=rankSingles&sort=asc&metric=SINGLES&at=2025-10-13&name=&nationality=,2026-03-22T00:47:04Z
wta,2025-10-13,316286,Saisai Zheng,Saisai Zheng,660,60,https://api.wtatennis.com/tennis/players/ranked?page=6&pageSize=100&type=rankSingles&sort=asc&metric=SINGLES&at=2025-10-13&name=&nationality=,2026-03-22T00:47:04Z
wta,2025-10-13,321965,Amina Anshba,Amina Anshba,661,60,https://api.wtatennis.com/tennis/players/ranked?page=6&pageSize=100&type=rankSingles&sort=asc&metric=SINGLES&at=2025-10-13&name=&nationality=,2026-03-22T00:47:04Z
wta,2025-10-13,333018,Vaishnavi Adkar,Vaishnavi Adkar,662,60,https://api.wtatennis.com/tennis/players/ranked?page=6&pageSize=100&type=rankSingles&sort=asc&metric=SINGLES&at=2025-10-13&name=&nationality=,2026-03-22T00:47:04Z
wta,2025-10-13,320703,Dasha Ivanova,Dasha Ivanova,663,60,https://api.wtatennis.com/tennis/players/ranked?page=6&pageSize=100&type=rankSingles&sort=asc&metric=SINGLES&at=2025-10-13&name=&nationality=,2026-03-22T00:47:04Z
wta,2025-10-13,330116,Daria Khomutsianskaya,Daria Khomutsianskaya,664,59,https://api.wtatennis.com/tennis/players/ranked?page=6&pageSize=100&type=rankSingles&sort=asc&metric=SINGLES&at=2025-10-13&name=&nationality=,2026-03-22T00:47:04Z
wta,2025-10-13,333728,Natsuki Yoshimoto,Natsuki Yoshimoto,665,59,https://api.wtatennis.com/tennis/players/ranked?page=6&pageSize=100&type=rankSingles&sort=asc&metric=SINGLES&at=2025-10-13&name=&nationality=,2026-03-22T00:47:04Z
wta,2025-10-13,313035,Tamira Paszek,Tamira Paszek,666,59,https://api.wtatennis.com/tennis/players/ranked?page=6&pageSize=100&type=rankSingles&sort=asc&metric=SINGLES&at=2025-10-13&name=&nationality=,2026-03-22T00:47:04Z
wta,2025-10-13,326247,Chantal Sauvant,Chantal Sauvant,667,59,https://api.wtatennis.com/tennis/players/ranked?page=6&pageSize=100&type=rankSingles&sort=asc&metric=SINGLES&at=2025-10-13&name=&nationality=,2026-03-22T00:47:04Z
wta,2025-10-13,327451,Jiangxue Han,Jiangxue Han,668,59,https://api.wtatennis.com/tennis/players/ranked?page=6&pageSize=100&type=rankSingles&sort=asc&metric=SINGLES&at=2025-10-13&name=&nationality=,2026-03-22T00:47:04Z
wta,2025-10-13,327191,Naho Sato,Naho Sato,669,58,https://api.wtatennis.com/tennis/players/ranked?page=6&pageSize=100&type=rankSingles&sort=asc&metric=SINGLES&at=2025-10-13&name=&nationality=,2026-03-22T00:47:04Z
wta,2025-10-13,322266,Celia Cervino Ruiz,Celia Cervino Ruiz,670,58,https://api.wtatennis.com/tennis/players/ranked?page=6&pageSize=100&type=rankSingles&sort=asc&metric=SINGLES&at=2025-10-13&name=&nationality=,2026-03-22T00:47:04Z
wta,2025-10-13,330949,Patricija Paukstyte,Patricija Paukstyte,671,58,https://api.wtatennis.com/tennis/players/ranked?page=6&pageSize=100&type=rankSingles&sort=asc&metric=SINGLES&at=2025-10-13&name=&nationality=,2026-03-22T00:47:04Z
wta,2025-10-13,315301,Alizé Lim,Alizé Lim,672,58,https://api.wtatennis.com/tennis/players/ranked?page=6&pageSize=100&type=rankSingles&sort=asc&metric=SINGLES&at=2025-10-13&name=&nationality=,2026-03-22T00:47:04Z
wta,2025-10-13,331997,Daria Yesypchuk,Daria Yesypchuk,673,58,https://api.wtatennis.com/tennis/players/ranked?page=6&pageSize=100&type=rankSingles&sort=asc&metric=SINGLES&at=2025-10-13&name=&nationality=,2026-03-22T00:47:04Z
wta,2025-10-13,329567,Dimitra Pavlou,Dimitra Pavlou,674,57,https://api.wtatennis.com/tennis/players/ranked?page=6&pageSize=100&type=rankSingles&sort=asc&metric=SINGLES&at=2025-10-13&name=&nationality=,2026-03-22T00:47:04Z
wta,2025-10-13,333645,Anastasia Bertacchi,Anastasia Bertacchi,675,57,https://api.wtatennis.com/tennis/players/ranked?page=6&pageSize=100&type=rankSingles&sort=asc&metric=SINGLES&at=2025-10-13&name=&nationality=,2026-03-22T00:47:04Z
wta,2025-10-13,321832,Diana Demidova,Diana Demidova,676,57,https://api.wtatennis.com/tennis/players/ranked?page=6&pageSize=100&type=rankSingles&sort=asc&metric=SINGLES&at=2025-10-13&name=&nationality=,2026-03-22T00:47:04Z
wta,2025-10-13,327975,Marie Weckerle,Marie Weckerle,677,57,https://api.wtatennis.com/tennis/players/ranked?page=6&pageSize=100&type=rankSingles&sort=asc&metric=SINGLES&at=2025-10-13&name=&nationality=,2026-03-22T00:47:04Z
wta,2025-10-13,319999,Nagi Hanatani,Nagi Hanatani,678,57,https://api.wtatennis.com/tennis/players/ranked?page=6&pageSize=100&type=rankSingles&sort=asc&metric=SINGLES&at=2025-10-13&name=&nationality=,2026-03-22T00:47:04Z
wta,2025-10-13,325048,Dalayna Hewitt,Dalayna Hewitt,679,56,https://api.wtatennis.com/tennis/players/ranked?page=6&pageSize=100&type=rankSingles&sort=asc&metric=SINGLES&at=2025-10-13&name=&nationality=,2026-03-22T00:47:04Z
wta,2025-10-13,320943,Mia Horvit,Mia Horvit,680,56,https://api.wtatennis.com/tennis/players/ranked?page=6&pageSize=100&type=rankSingles&sort=asc&metric=SINGLES&at=2025-10-13&name=&nationality=,2026-03-22T00:47:04Z
wta,2025-10-13,326775,Mayuka Aikawa,Mayuka Aikawa,681,56,https://api.wtatennis.com/tennis/players/ranked?page=6&pageSize=100&type=rankSingles&sort=asc&metric=SINGLES&at=2025-10-13&name=&nationality=,2026-03-22T00:47:04Z
wta,2025-10-13,328659,Ziva Falkner,Ziva Falkner,682,56,https://api.wtatennis.com/tennis/players/ranked?page=6&pageSize=100&type=rankSingles&sort=asc&metric=SINGLES&at=2025-10-13&name=&nationality=,2026-03-22T00:47:04Z
wta,2025-10-13,332661,Tahlia Kokkinis,Tahlia Kokkinis,683,55,https://api.wtatennis.com/tennis/players/ranked?page=6&pageSize=100&type=rankSingles&sort=asc&metric=SINGLES&at=2025-10-13&name=&nationality=,2026-03-22T00:47:04Z
wta,2025-10-13,332313,Beatrise Zeltina,Beatrise Zeltina,684,55,https://api.wtatennis.com/tennis/players/ranked?page=6&pageSize=100&type=rankSingles&sort=asc&metric=SINGLES&at=2025-10-13&name=&nationality=,2026-03-22T00:47:04Z
wta,2025-10-13,331263,Iva Ivanova,Iva Ivanova,685,55,https://api.wtatennis.com/tennis/players/ranked?page=6&pageSize=100&type=rankSingles&sort=asc&metric=SINGLES&at=2025-10-13&name=&nationality=,2026-03-22T00:47:04Z
wta,2025-10-13,324395,Ayumi Miyamoto,Ayumi Miyamoto,686,55,https://api.wtatennis.com/tennis/players/ranked?page=6&pageSize=100&type=rankSingles&sort=asc&metric=SINGLES&at=2025-10-13&name=&nationality=,2026-03-22T00:47:04Z
wta,2025-10-13,318461,Laura Svatikova,Laura Svatikova,687,55,https://api.wtatennis.com/tennis/players/ranked?page=6&pageSize=100&type=rankSingles&sort=asc&metric=SINGLES&at=2025-10-13&name=&nationality=,2026-03-22T00:47:04Z
wta,2025-10-13,327723,Milana Zhabrailova,Milana Zhabrailova,688,55,https://api.wtatennis.com/tennis/players/ranked?page=6&pageSize=100&type=rankSingles&sort=asc&metric=SINGLES&at=2025-10-13&name=&nationality=,2026-03-22T00:47:04Z
wta,2025-10-13,330632,Maria Sholokhova,Maria Sholokhova,689,54,https://api.wtatennis.com/tennis/players/ranked?page=6&pageSize=100&type=rankSingles&sort=asc&metric=SINGLES&at=2025-10-13&name=&nationality=,2026-03-22T00:47:04Z
wta,2025-10-13,329153,Honoka Kobayashi,Honoka Kobayashi,690,54,https://api.wtatennis.com/tennis/players/ranked?page=6&pageSize=100&type=rankSingles&sort=asc&metric=SINGLES&at=2025-10-13&name=&nationality=,2026-03-22T00:47:04Z
wta,2025-10-13,330086,Sofia Cabezas Dominguez,Sofia Cabezas Dominguez,691,54,https://api.wtatennis.com/tennis/players/ranked?page=6&pageSize=100&type=rankSingles&sort=asc&metric=SINGLES&at=2025-10-13&name=&nationality=,2026-03-22T00:47:04Z
wta,2025-10-13,328432,Mara Guth,Mara Guth,692,54,https://api.wtatennis.com/tennis/players/ranked?page=6&pageSize=100&type=rankSingles&sort=asc&metric=SINGLES&at=2025-10-13&name=&nationality=,2026-03-22T00:47:04Z
wta,2025-10-13,321906,Kaylah Mcphee,Kaylah Mcphee,693,53,https://api.wtatennis.com/tennis/players/ranked?page=6&pageSize=100&type=rankSingles&sort=asc&metric=SINGLES&at=2025-10-13&name=&nationality=,2026-03-22T00:47:04Z
wta,2025-10-13,324575,Chengyiyi Yuan,Chengyiyi Yuan,694,53,https://api.wtatennis.com/tennis/players/ranked?page=6&pageSize=100&type=rankSingles&sort=asc&metric=SINGLES&at=2025-10-13&name=&nationality=,2026-03-22T00:47:04Z
wta,2025-10-13,320673,Maria Fernanda Navarro Oliva,Maria Fernanda Navarro Oliva,695,53,https://api.wtatennis.com/tennis/players/ranked?page=6&pageSize=100&type=rankSingles&sort=asc&metric=SINGLES&at=2025-10-13&name=&nationality=,2026-03-22T00:47:04Z
wta,2025-10-13,333123,Candela Vazquez,Candela Vazquez,696,53,https://api.wtatennis.com/tennis/players/ranked?page=6&pageSize=100&type=rankSingles&sort=asc&metric=SINGLES&at=2025-10-13&name=&nationality=,2026-03-22T00:47:04Z
wta,2025-10-13,319314,Berta Bonardi,Berta Bonardi,697,53,https://api.wtatennis.com/tennis/players/ranked?page=6&pageSize=100&type=rankSingles&sort=asc&metric=SINGLES&at=2025-10-13&name=&nationality=,2026-03-22T00:47:04Z
wta,2025-10-13,324771,Salma Ewing,Salma Ewing,698,53,https://api.wtatennis.com/tennis/players/ranked?page=6&pageSize=100&type=rankSingles&sort=asc&metric=SINGLES&at=2025-10-13&name=&nationality=,2026-03-22T00:47:04Z
wta,2025-10-13,331346,Anna Petkovic,Anna Petkovic,699,52,https://api.wtatennis.com/tennis/players/ranked?page=6&pageSize=100&type=rankSingles&sort=asc&metric=SINGLES&at=2025-10-13&name=&nationality=,2026-03-22T00:47:04Z
wta,2025-10-13,334641,Daria Egorova,Daria Egorova,700,52,https://api.wtatennis.com/tennis/players/ranked?page=6&pageSize=100&type=rankSingles&sort=asc&metric=SINGLES&at=2025-10-13&name=&nationality=,2026-03-22T00:47:04Z
wta,2025-10-13,332675,Junhan Zhang,Junhan Zhang,701,52,https://api.wtatennis.com/tennis/players/ranked?page=7&pageSize=100&type=rankSingles&sort=asc&metric=SINGLES&at=2025-10-13&name=&nationality=,2026-03-22T00:47:04Z
wta,2025-10-13,327535,Vicky Van De Peer,Vicky Van De Peer,702,52,https://api.wtatennis.com/tennis/players/ranked?page=7&pageSize=100&type=rankSingles&sort=asc&metric=SINGLES&at=2025-10-13&name=&nationality=,2026-03-22T00:47:04Z
wta,2025-10-13,332107,Alyssa Ahn,Alyssa Ahn,703,51,https://api.wtatennis.com/tennis/players/ranked?page=7&pageSize=100&type=rankSingles&sort=asc&metric=SINGLES&at=2025-10-13&name=&nationality=,2026-03-22T00:47:04Z
wta,2025-10-13,332162,Anastasiia Gureva,Anastasiia Gureva,704,51,https://api.wtatennis.com/tennis/players/ranked?page=7&pageSize=100&type=rankSingles&sort=asc&metric=SINGLES&at=2025-10-13&name=&nationality=,2026-03-22T00:47:04Z
wta,2025-10-13,329337,Merna Refaat,Merna Refaat,705,51,https://api.wtatennis.com/tennis/players/ranked?page=7&pageSize=100&type=rankSingles&sort=asc&metric=SINGLES&at=2025-10-13&name=&nationality=,2026-03-22T00:47:04Z
wta,2025-10-13,335909,Ida Wobker,Ida Wobker,706,51,https://api.wtatennis.com/tennis/players/ranked?page=7&pageSize=100&type=rankSingles&sort=asc&metric=SINGLES&at=2025-10-13&name=&nationality=,2026-03-22T00:47:04Z
wta,2025-10-13,331645,Stefani Webb,Stefani Webb,707,51,https://api.wtatennis.com/tennis/players/ranked?page=7&pageSize=100&type=rankSingles&sort=asc&metric=SINGLES&at=2025-10-13&name=&nationality=,2026-03-22T00:47:04Z
wta,2025-10-13,333664,Yujia Huang,Yujia Huang,708,51,https://api.wtatennis.com/tennis/players/ranked?page=7&pageSize=100&type=rankSingles&sort=asc&metric=SINGLES&at=2025-10-13&name=&nationality=,2026-03-22T00:47:04Z
wta,2025-10-13,326532,Zoziya Kardava,Zoziya Kardava,709,51,https://api.wtatennis.com/tennis/players/ranked?page=7&pageSize=100&type=rankSingles&sort=asc&metric=SINGLES&at=2025-10-13&name=&nationality=,2026-03-22T00:47:04Z
wta,2025-10-13,334255,Ksenia Efremova,Ksenia Efremova,710,50,https://api.wtatennis.com/tennis/players/ranked?page=7&pageSize=100&type=rankSingles&sort=asc&metric=SINGLES&at=2025-10-13&name=&nationality=,2026-03-22T00:47:04Z
wta,2025-10-13,315295,Lesia Tsurenko,Lesia Tsurenko,711,50,https://api.wtatennis.com/tennis/players/ranked?page=7&pageSize=100&type=rankSingles&sort=asc&metric=SINGLES&at=2025-10-13&name=&nationality=,2026-03-22T00:47:04Z
wta,2025-10-13,333927,Eva Bennemann,Eva Bennemann,712,50,https://api.wtatennis.com/tennis/players/ranked?page=7&pageSize=100&type=rankSingles&sort=asc&metric=SINGLES&at=2025-10-13&name=&nationality=,2026-03-22T00:47:04Z
wta,2025-10-13,334420,Christasha Mcneil,Christasha Mcneil,713,50,https://api.wtatennis.com/tennis/players/ranked?page=7&pageSize=100&type=rankSingles&sort=asc&metric=SINGLES&at=2025-10-13&name=&nationality=,2026-03-22T00:47:04Z
wta,2025-10-13,325615,Anna Kubareva,Anna Kubareva,714,50,https://api.wtatennis.com/tennis/players/ranked?page=7&pageSize=100&type=rankSingles&sort=asc&metric=SINGLES&at=2025-10-13&name=&nationality=,2026-03-22T00:47:04Z
wta,2025-10-13,329203,Laia Petretic,Laia Petretic,715,50,https://api.wtatennis.com/tennis/players/ranked?page=7&pageSize=100&type=rankSingles&sort=asc&metric=SINGLES&at=2025-10-13&name=&nationality=,2026-03-22T00:47:04Z
wta,2025-10-13,321407,Mary Lewis,Mary Lewis,716,50,https://api.wtatennis.com/tennis/players/ranked?page=7&pageSize=100&type=rankSingles&sort=asc&metric=SINGLES&at=2025-10-13&name=&nationality=,2026-03-22T00:47:04Z
wta,2025-10-13,312536,Yanina Wickmayer,Yanina Wickmayer,717,49,https://api.wtatennis.com/tennis/players/ranked?page=7&pageSize=100&type=rankSingles&sort=asc&metric=SINGLES&at=2025-10-13&name=&nationality=,2026-03-22T00:47:04Z
wta,2025-10-13,316478,Akiko Omae,Akiko Omae,718,49,https://api.wtatennis.com/tennis/players/ranked?page=7&pageSize=100&type=rankSingles&sort=asc&metric=SINGLES&at=2025-10-13&name=&nationality=,2026-03-22T00:47:04Z
wta,2025-10-13,324970,Emma Lene,Emma Lene,719,49,https://api.wtatennis.com/tennis/players/ranked?page=7&pageSize=100&type=rankSingles&sort=asc&metric=SINGLES&at=2025-10-13&name=&nationality=,2026-03-22T00:47:04Z
wta,2025-10-13,330727,Carla Markus,Carla Markus,720,49,https://api.wtatennis.com/tennis/players/ranked?page=7&pageSize=100&type=rankSingles&sort=asc&metric=SINGLES&at=2025-10-13&name=&nationality=,2026-03-22T00:47:04Z
wta,2025-10-13,333457,Yuno Kitahara,Yuno Kitahara,721,49,https://api.wtatennis.com/tennis/players/ranked?page=7&pageSize=100&type=rankSingles&sort=asc&metric=SINGLES&at=2025-10-13&name=&nationality=,2026-03-22T00:47:04Z
wta,2025-10-13,329248,Ya Yi Yang,Ya Yi Yang,722,49,https://api.wtatennis.com/tennis/players/ranked?page=7&pageSize=100&type=rankSingles&sort=asc&metric=SINGLES&at=2025-10-13&name=&nationality=,2026-03-22T00:47:04Z
wta,2025-10-13,330526,Tilwith Di Girolami,Tilwith Di Girolami,723,49,https://api.wtatennis.com/tennis/players/ranked?page=7&pageSize=100&type=rankSingles&sort=asc&metric=SINGLES&at=2025-10-13&name=&nationality=,2026-03-22T00:47:04Z
wta,2025-10-13,317614,Michika Ozeki,Michika Ozeki,724,49,https://api.wtatennis.com/tennis/players/ranked?page=7&pageSize=100&type=rankSingles&sort=asc&metric=SINGLES&at=2025-10-13&name=&nationality=,2026-03-22T00:47:04Z
wta,2025-10-13,325073,Lucia Cortez Llorca,Lucia Cortez Llorca,725,48,https://api.wtatennis.com/tennis/players/ranked?page=7&pageSize=100&type=rankSingles&sort=asc&metric=SINGLES&at=2025-10-13&name=&nationality=,2026-03-22T00:47:04Z
wta,2025-10-13,317146,Nadiia Kolb,Nadiia Kolb,726,48,https://api.wtatennis.com/tennis/players/ranked?page=7&pageSize=100&type=rankSingles&sort=asc&metric=SINGLES&at=2025-10-13&name=&nationality=,2026-03-22T00:47:04Z
wta,2025-10-13,320863,Freya Christie,Freya Christie,727,48,https://api.wtatennis.com/tennis/players/ranked?page=7&pageSize=100&type=rankSingles&sort=asc&metric=SINGLES&at=2025-10-13&name=&nationality=,2026-03-22T00:47:04Z
wta,2025-10-13,325592,Michaela Bayerlova,Michaela Bayerlova,728,48,https://api.wtatennis.com/tennis/players/ranked?page=7&pageSize=100&type=rankSingles&sort=asc&metric=SINGLES&at=2025-10-13&name=&nationality=,2026-03-22T00:47:04Z
wta,2025-10-13,322704,Alexandra Bozovic,Alexandra Bozovic,729,48,https://api.wtatennis.com/tennis/players/ranked?page=7&pageSize=100&type=rankSingles&sort=asc&metric=SINGLES&at=2025-10-13&name=&nationality=,2026-03-22T00:47:04Z
wta,2025-10-13,332634,Gaeul Jang,Gaeul Jang,730,48,https://api.wtatennis.com/tennis/players/ranked?page=7&pageSize=100&type=rankSingles&sort=asc&metric=SINGLES&at=2025-10-13&name=&nationality=,2026-03-22T00:47:04Z
wta,2025-10-13,328099,Akanksha Nitture,Akanksha Nitture,731,48,https://api.wtatennis.com/tennis/players/ranked?page=7&pageSize=100&type=rankSingles&sort=asc&metric=SINGLES&at=2025-10-13&name=&nationality=,2026-03-22T00:47:04Z
wta,2025-10-13,330215,Briana Szabo,Briana Szabo,732,48,https://api.wtatennis.com/tennis/players/ranked?page=7&pageSize=100&type=rankSingles&sort=asc&metric=SINGLES&at=2025-10-13&name=&nationality=,2026-03-22T00:47:04Z
wta,2025-10-13,330906,Edda Mamedova,Edda Mamedova,733,48,https://api.wtatennis.com/tennis/players/ranked?page=7&pageSize=100&type=rankSingles&sort=asc&metric=SINGLES&at=2025-10-13&name=&nationality=,2026-03-22T00:47:04Z
wta,2025-10-13,330476,Klaudija Bubelyte,Klaudija Bubelyte,734,48,https://api.wtatennis.com/tennis/players/ranked?page=7&pageSize=100&type=rankSingles&sort=asc&metric=SINGLES&at=2025-10-13&name=&nationality=,2026-03-22T00:47:04Z
wta,2025-10-13,325321,Alexandra Vagramov,Alexandra Vagramov,735,48,https://api.wtatennis.com/tennis/players/ranked?page=7&pageSize=100&type=rankSingles&sort=asc&metric=SINGLES&at=2025-10-13&name=&nationality=,2026-03-22T00:47:04Z
wta,2025-10-13,329898,Nina Radovanovic,Nina Radovanovic,736,48,https://api.wtatennis.com/tennis/players/ranked?page=7&pageSize=100&type=rankSingles&sort=asc&metric=SINGLES&at=2025-10-13&name=&nationality=,2026-03-22T00:47:04Z
wta,2025-10-13,332420,Jana Otzipka,Jana Otzipka,737,48,https://api.wtatennis.com/tennis/players/ranked?page=7&pageSize=100&type=rankSingles&sort=asc&metric=SINGLES&at=2025-10-13&name=&nationality=,2026-03-22T00:47:04Z
wta,2025-10-13,332627,Kayo Nishimura,Kayo Nishimura,738,48,https://api.wtatennis.com/tennis/players/ranked?page=7&pageSize=100&type=rankSingles&sort=asc&metric=SINGLES&at=2025-10-13&name=&nationality=,2026-03-22T00:47:04Z
wta,2025-10-13,326252,Angelina Wirges,Angelina Wirges,739,48,https://api.wtatennis.com/tennis/players/ranked?page=7&pageSize=100&type=rankSingles&sort=asc&metric=SINGLES&at=2025-10-13&name=&nationality=,2026-03-22T00:47:04Z
wta,2025-10-13,329308,Beatrice Ricci,Beatrice Ricci,740,47,https://api.wtatennis.com/tennis/players/ranked?page=7&pageSize=100&type=rankSingles&sort=asc&metric=SINGLES&at=2025-10-13&name=&nationality=,2026-03-22T00:47:04Z
wta,2025-10-13,335478,Victoria Milovanova,Victoria Milovanova,741,47,https://api.wtatennis.com/tennis/players/ranked?page=7&pageSize=100&type=rankSingles&sort=asc&metric=SINGLES&at=2025-10-13&name=&nationality=,2026-03-22T00:47:04Z
wta,2025-10-13,329401,Meng-Yi Chen,Meng-Yi Chen,742,47,https://api.wtatennis.com/tennis/players/ranked?page=7&pageSize=100&type=rankSingles&sort=asc&metric=SINGLES&at=2025-10-13&name=&nationality=,2026-03-22T00:47:04Z
wta,2025-10-13,330162,Mio Mushika,Mio Mushika,743,47,https://api.wtatennis.com/tennis/players/ranked?page=7&pageSize=100&type=rankSingles&sort=asc&metric=SINGLES&at=2025-10-13&name=&nationality=,2026-03-22T00:47:04Z
wta,2025-10-13,320901,Jessica Failla,Jessica Failla,744,46,https://api.wtatennis.com/tennis/players/ranked?page=7&pageSize=100&type=rankSingles&sort=asc&metric=SINGLES&at=2025-10-13&name=&nationality=,2026-03-22T00:47:04Z
wta,2025-10-13,321146,Sophie Chang,Sophie Chang,745,46,https://api.wtatennis.com/tennis/players/ranked?page=7&pageSize=100&type=rankSingles&sort=asc&metric=SINGLES&at=2025-10-13&name=&nationality=,2026-03-22T00:47:04Z
wta,2025-10-13,329458,Demi Tran,Demi Tran,746,46,https://api.wtatennis.com/tennis/players/ranked?page=7&pageSize=100&type=rankSingles&sort=asc&metric=SINGLES&at=2025-10-13&name=&nationality=,2026-03-22T00:47:04Z
wta,2025-10-13,325228,Enola Chiesa,Enola Chiesa,747,46,https://api.wtatennis.com/tennis/players/ranked?page=7&pageSize=100&type=rankSingles&sort=asc&metric=SINGLES&at=2025-10-13&name=&nationality=,2026-03-22T00:47:04Z
wta,2025-10-13,334294,Sarah Melany Fajmonova,Sarah Melany Fajmonova,748,46,https://api.wtatennis.com/tennis/players/ranked?page=7&pageSize=100&type=rankSingles&sort=asc&metric=SINGLES&at=2025-10-13&name=&nationality=,2026-03-22T00:47:04Z
wta,2025-10-13,328910,Mell Reasco Gonzalez,Mell Reasco Gonzalez,749,46,https://api.wtatennis.com/tennis/players/ranked?page=7&pageSize=100&type=rankSingles&sort=asc&metric=SINGLES&at=2025-10-13&name=&nationality=,2026-03-22T00:47:04Z
wta,2025-10-13,327864,Kylie Collins,Kylie Collins,750,46,https://api.wtatennis.com/tennis/players/ranked?page=7&pageSize=100&type=rankSingles&sort=asc&metric=SINGLES&at=2025-10-13&name=&nationality=,2026-03-22T00:47:04Z
wta,2025-10-13,330408,Chloe Noel,Chloe Noel,751,46,https://api.wtatennis.com/tennis/players/ranked?page=7&pageSize=100&type=rankSingles&sort=asc&metric=SINGLES&at=2025-10-13&name=&nationality=,2026-03-22T00:47:04Z
wta,2025-10-13,331597,Onyu Choi,Onyu Choi,752,46,https://api.wtatennis.com/tennis/players/ranked?page=7&pageSize=100&type=rankSingles&sort=asc&metric=SINGLES&at=2025-10-13&name=&nationality=,2026-03-22T00:47:04Z
wta,2025-10-13,326212,Arabella Koller,Arabella Koller,753,46,https://api.wtatennis.com/tennis/players/ranked?page=7&pageSize=100&type=rankSingles&sort=asc&metric=SINGLES&at=2025-10-13&name=&nationality=,2026-03-22T00:47:04Z
wta,2025-10-13,334137,Jiayi Wang,Jiayi Wang,754,46,https://api.wtatennis.com/tennis/players/ranked?page=7&pageSize=100&type=rankSingles&sort=asc&metric=SINGLES&at=2025-10-13&name=&nationality=,2026-03-22T00:47:04Z
wta,2025-10-13,326665,Linda Sevcikova,Linda Sevcikova,755,46,https://api.wtatennis.com/tennis/players/ranked?page=7&pageSize=100&type=rankSingles&sort=asc&metric=SINGLES&at=2025-10-13&name=&nationality=,2026-03-22T00:47:04Z
wta,2025-10-13,323007,Mirjam Bjorklund,Mirjam Bjorklund,756,45,https://api.wtatennis.com/tennis/players/ranked?page=7&pageSize=100&type=rankSingles&sort=asc&metric=SINGLES&at=2025-10-13&name=&nationality=,2026-03-22T00:47:04Z
wta,2025-10-13,334883,Giulia Safina Popa,Giulia Safina Popa,757,45,https://api.wtatennis.com/tennis/players/ranked?page=7&pageSize=100&type=rankSingles&sort=asc&metric=SINGLES&at=2025-10-13&name=&nationality=,2026-03-22T00:47:04Z
wta,2025-10-13,331413,Eliska Tichackova,Eliska Tichackova,758,45,https://api.wtatennis.com/tennis/players/ranked?page=7&pageSize=100&type=rankSingles&sort=asc&metric=SINGLES&at=2025-10-13&name=&nationality=,2026-03-22T00:47:04Z
wta,2025-10-13,331043,Ekaterina Khayrutdinova,Ekaterina Khayrutdinova,759,45,https://api.wtatennis.com/tennis/players/ranked?page=7&pageSize=100&type=rankSingles&sort=asc&metric=SINGLES&at=2025-10-13&name=&nationality=,2026-03-22T00:47:04Z
wta,2025-10-13,332253,Anamaria Oana,Anamaria Oana,760,45,https://api.wtatennis.com/tennis/players/ranked?page=7&pageSize=100&type=rankSingles&sort=asc&metric=SINGLES&at=2025-10-13&name=&nationality=,2026-03-22T00:47:04Z
wta,2025-10-13,329110,Anita Sahdiieva,Anita Sahdiieva,761,45,https://api.wtatennis.com/tennis/players/ranked?page=7&pageSize=100&type=rankSingles&sort=asc&metric=SINGLES&at=2025-10-13&name=&nationality=,2026-03-22T00:47:04Z
wta,2025-10-13,332726,Justina Gonzalez Daniele,Justina Gonzalez Daniele,762,45,https://api.wtatennis.com/tennis/players/ranked?page=7&pageSize=100&type=rankSingles&sort=asc&metric=SINGLES&at=2025-10-13&name=&nationality=,2026-03-22T00:47:04Z
wta,2025-10-13,333415,Ruien Zhang,Ruien Zhang,763,44,https://api.wtatennis.com/tennis/players/ranked?page=7&pageSize=100&type=rankSingles&sort=asc&metric=SINGLES&at=2025-10-13&name=&nationality=,2026-03-22T00:47:04Z
wta,2025-10-13,320090,Julieta Estable,Julieta Estable,764,44,https://api.wtatennis.com/tennis/players/ranked?page=7&pageSize=100&type=rankSingles&sort=asc&metric=SINGLES&at=2025-10-13&name=&nationality=,2026-03-22T00:47:04Z
wta,2025-10-13,329307,Sofia Rocchetti,Sofia Rocchetti,765,44,https://api.wtatennis.com/tennis/players/ranked?page=7&pageSize=100&type=rankSingles&sort=asc&metric=SINGLES&at=2025-10-13&name=&nationality=,2026-03-22T00:47:04Z
wta,2025-10-13,332803,Julia Stusek,Julia Stusek,766,44,https://api.wtatennis.com/tennis/players/ranked?page=7&pageSize=100&type=rankSingles&sort=asc&metric=SINGLES&at=2025-10-13&name=&nationality=,2026-03-22T00:47:04Z
wta,2025-10-13,316775,Iveta Dapkute,Iveta Dapkute,767,44,https://api.wtatennis.com/tennis/players/ranked?page=7&pageSize=100&type=rankSingles&sort=asc&metric=SINGLES&at=2025-10-13&name=&nationality=,2026-03-22T00:47:04Z
wta,2025-10-13,328646,Adriana Reami,Adriana Reami,768,44,https://api.wtatennis.com/tennis/players/ranked?page=7&pageSize=100&type=rankSingles&sort=asc&metric=SINGLES&at=2025-10-13&name=&nationality=,2026-03-22T00:47:04Z
wta,2025-10-13,329656,Romina Ccuno,Romina Ccuno,769,44,https://api.wtatennis.com/tennis/players/ranked?page=7&pageSize=100&type=rankSingles&sort=asc&metric=SINGLES&at=2025-10-13&name=&nationality=,2026-03-22T00:47:04Z
wta,2025-10-13,323052,Astrid Brune Olsen,Astrid Brune Olsen,770,44,https://api.wtatennis.com/tennis/players/ranked?page=7&pageSize=100&type=rankSingles&sort=asc&metric=SINGLES&at=2025-10-13&name=&nationality=,2026-03-22T00:47:04Z
wta,2025-10-13,319112,Nadia Podoroska,Nadia Podoroska,771,43,https://api.wtatennis.com/tennis/players/ranked?page=7&pageSize=100&type=rankSingles&sort=asc&metric=SINGLES&at=2025-10-13&name=&nationality=,2026-03-22T00:47:04Z
wta,2025-10-13,334602,Nauhany Vitoria Leme Da Silva,Nauhany Vitoria Leme Da Silva,772,43,https://api.wtatennis.com/tennis/players/ranked?page=7&pageSize=100&type=rankSingles&sort=asc&metric=SINGLES&at=2025-10-13&name=&nationality=,2026-03-22T00:47:04Z
wta,2025-10-13,327711,Jimar Gerald Gonzalez,Jimar Gerald Gonzalez,773,43,https://api.wtatennis.com/tennis/players/ranked?page=7&pageSize=100&type=rankSingles&sort=asc&metric=SINGLES&at=2025-10-13&name=&nationality=,2026-03-22T00:47:04Z
wta,2025-10-13,322909,Anna Gabric,Anna Gabric,774,43,https://api.wtatennis.com/tennis/players/ranked?page=7&pageSize=100&type=rankSingles&sort=asc&metric=SINGLES&at=2025-10-13&name=&nationality=,2026-03-22T00:47:04Z
wta,2025-10-13,326074,Aran Teixido Garcia,Aran Teixido Garcia,775,43,https://api.wtatennis.com/tennis/players/ranked?page=7&pageSize=100&type=rankSingles&sort=asc&metric=SINGLES&at=2025-10-13&name=&nationality=,2026-03-22T00:47:04Z
wta,2025-10-13,330389,Raquel Gonzalez Vilar,Raquel Gonzalez Vilar,776,43,https://api.wtatennis.com/tennis/players/ranked?page=7&pageSize=100&type=rankSingles&sort=asc&metric=SINGLES&at=2025-10-13&name=&nationality=,2026-03-22T00:47:04Z
wta,2025-10-13,329671,Yiming Dang,Yiming Dang,777,43,https://api.wtatennis.com/tennis/players/ranked?page=7&pageSize=100&type=rankSingles&sort=asc&metric=SINGLES&at=2025-10-13&name=&nationality=,2026-03-22T00:47:04Z
wta,2025-10-13,333851,Julie Pastikova,Julie Pastikova,778,43,https://api.wtatennis.com/tennis/players/ranked?page=7&pageSize=100&type=rankSingles&sort=asc&metric=SINGLES&at=2025-10-13&name=&nationality=,2026-03-22T00:47:04Z
wta,2025-10-13,330874,Daria Zelinskaya,Daria Zelinskaya,779,43,https://api.wtatennis.com/tennis/players/ranked?page=7&pageSize=100&type=rankSingles&sort=asc&metric=SINGLES&at=2025-10-13&name=&nationality=,2026-03-22T00:47:04Z
wta,2025-10-13,324860,Merel Hoedt,Merel Hoedt,780,43,https://api.wtatennis.com/tennis/players/ranked?page=7&pageSize=100&type=rankSingles&sort=asc&metric=SINGLES&at=2025-10-13&name=&nationality=,2026-03-22T00:47:04Z
wta,2025-10-13,330393,Victoria Gomez,Victoria Gomez,781,42,https://api.wtatennis.com/tennis/players/ranked?page=7&pageSize=100&type=rankSingles&sort=asc&metric=SINGLES&at=2025-10-13&name=&nationality=,2026-03-22T00:47:04Z
wta,2025-10-13,334204,Gaia  Maduzzi,Gaia  Maduzzi,782,42,https://api.wtatennis.com/tennis/players/ranked?page=7&pageSize=100&type=rankSingles&sort=asc&metric=SINGLES&at=2025-10-13&name=&nationality=,2026-03-22T00:47:04Z
wta,2025-10-13,329344,Andre Lukosiute,Andre Lukosiute,783,42,https://api.wtatennis.com/tennis/players/ranked?page=7&pageSize=100&type=rankSingles&sort=asc&metric=SINGLES&at=2025-10-13&name=&nationality=,2026-03-22T00:47:04Z
wta,2025-10-13,321341,Bunyawi Thamchaiwat,Bunyawi Thamchaiwat,784,42,https://api.wtatennis.com/tennis/players/ranked?page=7&pageSize=100&type=rankSingles&sort=asc&metric=SINGLES&at=2025-10-13&name=&nationality=,2026-03-22T00:47:04Z
wta,2025-10-13,328438,Yasmin Ezzat,Yasmin Ezzat,785,42,https://api.wtatennis.com/tennis/players/ranked?page=7&pageSize=100&type=rankSingles&sort=asc&metric=SINGLES&at=2025-10-13&name=&nationality=,2026-03-22T00:47:04Z
wta,2025-10-13,331329,Maria Kalyakina,Maria Kalyakina,786,42,https://api.wtatennis.com/tennis/players/ranked?page=7&pageSize=100&type=rankSingles&sort=asc&metric=SINGLES&at=2025-10-13&name=&nationality=,2026-03-22T00:47:04Z
wta,2025-10-13,324421,Marie Villet,Marie Villet,787,42,https://api.wtatennis.com/tennis/players/ranked?page=7&pageSize=100&type=rankSingles&sort=asc&metric=SINGLES&at=2025-10-13&name=&nationality=,2026-03-22T00:47:04Z
wta,2025-10-13,331545,Brenda Fruhvirtova,Brenda Fruhvirtova,788,41,https://api.wtatennis.com/tennis/players/ranked?page=7&pageSize=100&type=rankSingles&sort=asc&metric=SINGLES&at=2025-10-13&name=&nationality=,2026-03-22T00:47:04Z
wta,2025-10-13,322608,Gaia Squarcialupi,Gaia Squarcialupi,789,41,https://api.wtatennis.com/tennis/players/ranked?page=7&pageSize=100&type=rankSingles&sort=asc&metric=SINGLES&at=2025-10-13&name=&nationality=,2026-03-22T00:47:04Z
wta,2025-10-13,325831,Lilian Poling,Lilian Poling,790,41,https://api.wtatennis.com/tennis/players/ranked?page=7&pageSize=100&type=rankSingles&sort=asc&metric=SINGLES&at=2025-10-13&name=&nationality=,2026-03-22T00:47:04Z
wta,2025-10-13,327918,Nika Radisic,Nika Radisic,791,40,https://api.wtatennis.com/tennis/players/ranked?page=7&pageSize=100&type=rankSingles&sort=asc&metric=SINGLES&at=2025-10-13&name=&nationality=,2026-03-22T00:47:04Z
wta,2025-10-13,333898,Yujin Kim,Yujin Kim,792,40,https://api.wtatennis.com/tennis/players/ranked?page=7&pageSize=100&type=rankSingles&sort=asc&metric=SINGLES&at=2025-10-13&name=&nationality=,2026-03-22T00:47:04Z
wta,2025-10-13,332605,Mara Gae,Mara Gae,793,40,https://api.wtatennis.com/tennis/players/ranked?page=7&pageSize=100&type=rankSingles&sort=asc&metric=SINGLES&at=2025-10-13&name=&nationality=,2026-03-22T00:47:04Z
wta,2025-10-13,328718,Madelief Hageman,Madelief Hageman,794,40,https://api.wtatennis.com/tennis/players/ranked?page=7&pageSize=100&type=rankSingles&sort=asc&metric=SINGLES&at=2025-10-13&name=&nationality=,2026-03-22T00:47:04Z
wta,2025-10-13,324300,Julia Konishi Camargo Silva,Julia Konishi Camargo Silva,795,40,https://api.wtatennis.com/tennis/players/ranked?page=7&pageSize=100&type=rankSingles&sort=asc&metric=SINGLES&at=2025-10-13&name=&nationality=,2026-03-22T00:47:04Z
wta,2025-10-13,313765,Jing-Jing Lu,Jing-Jing Lu,796,39,https://api.wtatennis.com/tennis/players/ranked?page=7&pageSize=100&type=rankSingles&sort=asc&metric=SINGLES&at=2025-10-13&name=&nationality=,2026-03-22T00:47:04Z
wta,2025-10-13,330550,Viola Turini,Viola Turini,797,39,https://api.wtatennis.com/tennis/players/ranked?page=7&pageSize=100&type=rankSingles&sort=asc&metric=SINGLES&at=2025-10-13&name=&nationality=,2026-03-22T00:47:04Z
wta,2025-10-13,319937,Jacqueline Cabaj Awad,Jacqueline Cabaj Awad,798,39,https://api.wtatennis.com/tennis/players/ranked?page=7&pageSize=100&type=rankSingles&sort=asc&metric=SINGLES&at=2025-10-13&name=&nationality=,2026-03-22T00:47:04Z
wta,2025-10-13,325430,Belle Thompson,Belle Thompson,799,39,https://api.wtatennis.com/tennis/players/ranked?page=7&pageSize=100&type=rankSingles&sort=asc&metric=SINGLES&at=2025-10-13&name=&nationality=,2026-03-22T00:47:04Z
wta,2025-10-13,332210,Suana Tucakovic,Suana Tucakovic,800,39,https://api.wtatennis.com/tennis/players/ranked?page=7&pageSize=100&type=rankSingles&sort=asc&metric=SINGLES&at=2025-10-13&name=&nationality=,2026-03-22T00:47:04Z
wta,2025-10-13,331582,Ana Grubor,Ana Grubor,801,39,https://api.wtatennis.com/tennis/players/ranked?page=8&pageSize=100&type=rankSingles&sort=asc&metric=SINGLES&at=2025-10-13&name=&nationality=,2026-03-22T00:47:05Z
wta,2025-10-13,312582,Federica Di Sarra,Federica Di Sarra,802,38,https://api.wtatennis.com/tennis/players/ranked?page=8&pageSize=100&type=rankSingles&sort=asc&metric=SINGLES&at=2025-10-13&name=&nationality=,2026-03-22T00:47:05Z
wta,2025-10-13,332846,Valentina Mediorreal Arias,Valentina Mediorreal Arias,803,38,https://api.wtatennis.com/tennis/players/ranked?page=8&pageSize=100&type=rankSingles&sort=asc&metric=SINGLES&at=2025-10-13&name=&nationality=,2026-03-22T00:47:05Z
wta,2025-10-13,329159,Daria Frayman,Daria Frayman,804,38,https://api.wtatennis.com/tennis/players/ranked?page=8&pageSize=100&type=rankSingles&sort=asc&metric=SINGLES&at=2025-10-13&name=&nationality=,2026-03-22T00:47:05Z
wta,2025-10-13,328207,Solymar Colling,Solymar Colling,805,38,https://api.wtatennis.com/tennis/players/ranked?page=8&pageSize=100&type=rankSingles&sort=asc&metric=SINGLES&at=2025-10-13&name=&nationality=,2026-03-22T00:47:05Z
wta,2025-10-13,333741,Yuhan Wang,Yuhan Wang,806,37,https://api.wtatennis.com/tennis/players/ranked?page=8&pageSize=100&type=rankSingles&sort=asc&metric=SINGLES&at=2025-10-13&name=&nationality=,2026-03-22T00:47:05Z
wta,2025-10-13,331664,Brooke Black,Brooke Black,807,37,https://api.wtatennis.com/tennis/players/ranked?page=8&pageSize=100&type=rankSingles&sort=asc&metric=SINGLES&at=2025-10-13&name=&nationality=,2026-03-22T00:47:05Z
wta,2025-10-13,335303,Kristina Liutova,Kristina Liutova,808,37,https://api.wtatennis.com/tennis/players/ranked?page=8&pageSize=100&type=rankSingles&sort=asc&metric=SINGLES&at=2025-10-13&name=&nationality=,2026-03-22T00:47:05Z
wta,2025-10-13,332194,Vlada Mincheva,Vlada Mincheva,809,37,https://api.wtatennis.com/tennis/players/ranked?page=8&pageSize=100&type=rankSingles&sort=asc&metric=SINGLES&at=2025-10-13&name=&nationality=,2026-03-22T00:47:05Z
wta,2025-10-13,325231,Franziska Sziedat,Franziska Sziedat,810,37,https://api.wtatennis.com/tennis/players/ranked?page=8&pageSize=100&type=rankSingles&sort=asc&metric=SINGLES&at=2025-10-13&name=&nationality=,2026-03-22T00:47:05Z
wta,2025-10-13,327934,Raphaelle Lacasse,Raphaelle Lacasse,811,37,https://api.wtatennis.com/tennis/players/ranked?page=8&pageSize=100&type=rankSingles&sort=asc&metric=SINGLES&at=2025-10-13&name=&nationality=,2026-03-22T00:47:05Z
wta,2025-10-13,334239,Tian Jialin,Tian Jialin,812,37,https://api.wtatennis.com/tennis/players/ranked?page=8&pageSize=100&type=rankSingles&sort=asc&metric=SINGLES&at=2025-10-13&name=&nationality=,2026-03-22T00:47:05Z
wta,2025-10-13,316161,Eugenie Bouchard,Eugenie Bouchard,813,36,https://api.wtatennis.com/tennis/players/ranked?page=8&pageSize=100&type=rankSingles&sort=asc&metric=SINGLES&at=2025-10-13&name=&nationality=,2026-03-22T00:47:05Z
wta,2025-10-13,331135,Anastasiya Lopata,Anastasiya Lopata,814,36,https://api.wtatennis.com/tennis/players/ranked?page=8&pageSize=100&type=rankSingles&sort=asc&metric=SINGLES&at=2025-10-13&name=&nationality=,2026-03-22T00:47:05Z
wta,2025-10-13,332008,Anne Christine Lutkemeyer Obregon,Anne Christine Lutkemeyer Obregon,815,36,https://api.wtatennis.com/tennis/players/ranked?page=8&pageSize=100&type=rankSingles&sort=asc&metric=SINGLES&at=2025-10-13&name=&nationality=,2026-03-22T00:47:05Z
wta,2025-10-13,327469,Marianne Argyrokastriti,Marianne Argyrokastriti,816,36,https://api.wtatennis.com/tennis/players/ranked?page=8&pageSize=100&type=rankSingles&sort=asc&metric=SINGLES&at=2025-10-13&name=&nationality=,2026-03-22T00:47:05Z
wta,2025-10-13,326601,Funa Kozaki,Funa Kozaki,817,36,https://api.wtatennis.com/tennis/players/ranked?page=8&pageSize=100&type=rankSingles&sort=asc&metric=SINGLES&at=2025-10-13&name=&nationality=,2026-03-22T00:47:05Z
wta,2025-10-13,317349,Natalija Stevanovic,Natalija Stevanovic,818,36,https://api.wtatennis.com/tennis/players/ranked?page=8&pageSize=100&type=rankSingles&sort=asc&metric=SINGLES&at=2025-10-13&name=&nationality=,2026-03-22T00:47:05Z
wta,2025-10-13,330719,Salma Drugdova,Salma Drugdova,819,36,https://api.wtatennis.com/tennis/players/ranked?page=8&pageSize=100&type=rankSingles&sort=asc&metric=SINGLES&at=2025-10-13&name=&nationality=,2026-03-22T00:47:05Z
wta,2025-10-13,329797,Elena Korokozidi,Elena Korokozidi,820,36,https://api.wtatennis.com/tennis/players/ranked?page=8&pageSize=100&type=rankSingles&sort=asc&metric=SINGLES&at=2025-10-13&name=&nationality=,2026-03-22T00:47:05Z
wta,2025-10-13,316554,Peangtarn Plipuech,Peangtarn Plipuech,821,35,https://api.wtatennis.com/tennis/players/ranked?page=8&pageSize=100&type=rankSingles&sort=asc&metric=SINGLES&at=2025-10-13&name=&nationality=,2026-03-22T00:47:05Z
wta,2025-10-13,330508,Carmen Lopez Martinez,Carmen Lopez Martinez,822,35,https://api.wtatennis.com/tennis/players/ranked?page=8&pageSize=100&type=rankSingles&sort=asc&metric=SINGLES&at=2025-10-13&name=&nationality=,2026-03-22T00:47:05Z
wta,2025-10-13,319029,Victoria Kan,Victoria Kan,823,35,https://api.wtatennis.com/tennis/players/ranked?page=8&pageSize=100&type=rankSingles&sort=asc&metric=SINGLES&at=2025-10-13&name=&nationality=,2026-03-22T00:47:05Z
wta,2025-10-13,320329,Shilin Xu,Shilin Xu,824,35,https://api.wtatennis.com/tennis/players/ranked?page=8&pageSize=100&type=rankSingles&sort=asc&metric=SINGLES&at=2025-10-13&name=&nationality=,2026-03-22T00:47:05Z
wta,2025-10-13,330756,Luciana Moyano,Luciana Moyano,825,35,https://api.wtatennis.com/tennis/players/ranked?page=8&pageSize=100&type=rankSingles&sort=asc&metric=SINGLES&at=2025-10-13&name=&nationality=,2026-03-22T00:47:05Z
wta,2025-10-13,332117,Lan Mi,Lan Mi,826,35,https://api.wtatennis.com/tennis/players/ranked?page=8&pageSize=100&type=rankSingles&sort=asc&metric=SINGLES&at=2025-10-13&name=&nationality=,2026-03-22T00:47:05Z
wta,2025-10-13,327643,Maddalena Giordano,Maddalena Giordano,827,35,https://api.wtatennis.com/tennis/players/ranked?page=8&pageSize=100&type=rankSingles&sort=asc&metric=SINGLES&at=2025-10-13&name=&nationality=,2026-03-22T00:47:05Z
wta,2025-10-13,332950,Eleejah Inisan,Eleejah Inisan,828,34,https://api.wtatennis.com/tennis/players/ranked?page=8&pageSize=100&type=rankSingles&sort=asc&metric=SINGLES&at=2025-10-13&name=&nationality=,2026-03-22T00:47:05Z
wta,2025-10-13,330642,Liv Hovde,Liv Hovde,829,34,https://api.wtatennis.com/tennis/players/ranked?page=8&pageSize=100&type=rankSingles&sort=asc&metric=SINGLES&at=2025-10-13&name=&nationality=,2026-03-22T00:47:05Z
wta,2025-10-13,320369,Martina Colmegna,Martina Colmegna,830,34,https://api.wtatennis.com/tennis/players/ranked?page=8&pageSize=100&type=rankSingles&sort=asc&metric=SINGLES&at=2025-10-13&name=&nationality=,2026-03-22T00:47:05Z
wta,2025-10-13,319663,Ines Murta,Ines Murta,831,34,https://api.wtatennis.com/tennis/players/ranked?page=8&pageSize=100&type=rankSingles&sort=asc&metric=SINGLES&at=2025-10-13&name=&nationality=,2026-03-22T00:47:05Z
wta,2025-10-13,335348,Sae Noguchi,Sae Noguchi,832,34,https://api.wtatennis.com/tennis/players/ranked?page=8&pageSize=100&type=rankSingles&sort=asc&metric=SINGLES&at=2025-10-13&name=&nationality=,2026-03-22T00:47:05Z
wta,2025-10-13,326209,Kristina Novak,Kristina Novak,833,34,https://api.wtatennis.com/tennis/players/ranked?page=8&pageSize=100&type=rankSingles&sort=asc&metric=SINGLES&at=2025-10-13&name=&nationality=,2026-03-22T00:47:05Z
wta,2025-10-13,330956,Mao Mushika,Mao Mushika,834,34,https://api.wtatennis.com/tennis/players/ranked?page=8&pageSize=100&type=rankSingles&sort=asc&metric=SINGLES&at=2025-10-13&name=&nationality=,2026-03-22T00:47:05Z
wta,2025-10-13,327059,Selina Dal,Selina Dal,835,34,https://api.wtatennis.com/tennis/players/ranked?page=8&pageSize=100&type=rankSingles&sort=asc&metric=SINGLES&at=2025-10-13&name=&nationality=,2026-03-22T00:47:05Z
wta,2025-10-13,330593,Aruzhan Sagandykova,Aruzhan Sagandykova,836,34,https://api.wtatennis.com/tennis/players/ranked?page=8&pageSize=100&type=rankSingles&sort=asc&metric=SINGLES&at=2025-10-13&name=&nationality=,2026-03-22T00:47:05Z
wta,2025-10-13,332423,Tamila Gadamauri,Tamila Gadamauri,837,34,https://api.wtatennis.com/tennis/players/ranked?page=8&pageSize=100&type=rankSingles&sort=asc&metric=SINGLES&at=2025-10-13&name=&nationality=,2026-03-22T00:47:05Z
wta,2025-10-13,327192,Sina Herrmann,Sina Herrmann,838,34,https://api.wtatennis.com/tennis/players/ranked?page=8&pageSize=100&type=rankSingles&sort=asc&metric=SINGLES&at=2025-10-13&name=&nationality=,2026-03-22T00:47:05Z
wta,2025-10-13,316481,Diana Marcinkevica,Diana Marcinkevica,839,34,https://api.wtatennis.com/tennis/players/ranked?page=8&pageSize=100&type=rankSingles&sort=asc&metric=SINGLES&at=2025-10-13&name=&nationality=,2026-03-22T00:47:05Z
wta,2025-10-13,326489,Mana Kawamura,Mana Kawamura,840,34,https://api.wtatennis.com/tennis/players/ranked?page=8&pageSize=100&type=rankSingles&sort=asc&metric=SINGLES&at=2025-10-13&name=&nationality=,2026-03-22T00:47:05Z
wta,2025-10-13,319016,Katy Dunne,Katy Dunne,841,33,https://api.wtatennis.com/tennis/players/ranked?page=8&pageSize=100&type=rankSingles&sort=asc&metric=SINGLES&at=2025-10-13&name=&nationality=,2026-03-22T00:47:05Z
wta,2025-10-13,321216,Jessica Hinojosa Gomez,Jessica Hinojosa Gomez,842,33,https://api.wtatennis.com/tennis/players/ranked?page=8&pageSize=100&type=rankSingles&sort=asc&metric=SINGLES&at=2025-10-13&name=&nationality=,2026-03-22T00:47:05Z
wta,2025-10-13,333949,Sonja Zhenikhova,Sonja Zhenikhova,843,33,https://api.wtatennis.com/tennis/players/ranked?page=8&pageSize=100&type=rankSingles&sort=asc&metric=SINGLES&at=2025-10-13&name=&nationality=,2026-03-22T00:47:05Z
wta,2025-10-13,329464,Maria Torres Murcia,Maria Torres Murcia,844,33,https://api.wtatennis.com/tennis/players/ranked?page=8&pageSize=100&type=rankSingles&sort=asc&metric=SINGLES&at=2025-10-13&name=&nationality=,2026-03-22T00:47:05Z
wta,2025-10-13,318210,Polina Leykina,Polina Leykina,845,33,https://api.wtatennis.com/tennis/players/ranked?page=8&pageSize=100&type=rankSingles&sort=asc&metric=SINGLES&at=2025-10-13&name=&nationality=,2026-03-22T00:47:05Z
wta,2025-10-13,326880,Elena Jamshidi,Elena Jamshidi,846,33,https://api.wtatennis.com/tennis/players/ranked?page=8&pageSize=100&type=rankSingles&sort=asc&metric=SINGLES&at=2025-10-13&name=&nationality=,2026-03-22T00:47:05Z
wta,2025-10-13,326053,Stefania Rogozinska Dzik,Stefania Rogozinska Dzik,847,33,https://api.wtatennis.com/tennis/players/ranked?page=8&pageSize=100&type=rankSingles&sort=asc&metric=SINGLES&at=2025-10-13&name=&nationality=,2026-03-22T00:47:05Z
wta,2025-10-13,326238,Evgeniya Burdina,Evgeniya Burdina,848,33,https://api.wtatennis.com/tennis/players/ranked?page=8&pageSize=100&type=rankSingles&sort=asc&metric=SINGLES&at=2025-10-13&name=&nationality=,2026-03-22T00:47:05Z
wta,2025-10-13,330972,Camilla Gennaro,Camilla Gennaro,849,33,https://api.wtatennis.com/tennis/players/ranked?page=8&pageSize=100&type=rankSingles&sort=asc&metric=SINGLES&at=2025-10-13&name=&nationality=,2026-03-22T00:47:05Z
wta,2025-10-13,329923,Anja Wildgruber,Anja Wildgruber,850,33,https://api.wtatennis.com/tennis/players/ranked?page=8&pageSize=100&type=rankSingles&sort=asc&metric=SINGLES&at=2025-10-13&name=&nationality=,2026-03-22T00:47:05Z
wta,2025-10-13,333154,Kira Matushkina,Kira Matushkina,851,32,https://api.wtatennis.com/tennis/players/ranked?page=8&pageSize=100&type=rankSingles&sort=asc&metric=SINGLES&at=2025-10-13&name=&nationality=,2026-03-22T00:47:05Z
wta,2025-10-13,327137,Sofia Rojas,Sofia Rojas,852,32,https://api.wtatennis.com/tennis/players/ranked?page=8&pageSize=100&type=rankSingles&sort=asc&metric=SINGLES&at=2025-10-13&name=&nationality=,2026-03-22T00:47:05Z
wta,2025-10-13,332736,Laquisa Khan,Laquisa Khan,853,32,https://api.wtatennis.com/tennis/players/ranked?page=8&pageSize=100&type=rankSingles&sort=asc&metric=SINGLES&at=2025-10-13&name=&nationality=,2026-03-22T00:47:05Z
wta,2025-10-13,334943,Maia Ilinca Burcescu,Maia Ilinca Burcescu,854,32,https://api.wtatennis.com/tennis/players/ranked?page=8&pageSize=100&type=rankSingles&sort=asc&metric=SINGLES&at=2025-10-13&name=&nationality=,2026-03-22T00:47:05Z
wta,2025-10-13,334388,Dune Vaissaud,Dune Vaissaud,855,32,https://api.wtatennis.com/tennis/players/ranked?page=8&pageSize=100&type=rankSingles&sort=asc&metric=SINGLES&at=2025-10-13&name=&nationality=,2026-03-22T00:47:05Z
wta,2025-10-13,323038,Daria Kuczer,Daria Kuczer,856,32,https://api.wtatennis.com/tennis/players/ranked?page=8&pageSize=100&type=rankSingles&sort=asc&metric=SINGLES&at=2025-10-13&name=&nationality=,2026-03-22T00:47:05Z
wta,2025-10-13,330983,Chelsea Fontenel,Chelsea Fontenel,857,32,https://api.wtatennis.com/tennis/players/ranked?page=8&pageSize=100&type=rankSingles&sort=asc&metric=SINGLES&at=2025-10-13&name=&nationality=,2026-03-22T00:47:05Z
wta,2025-10-13,321903,Alicia Smith,Alicia Smith,858,32,https://api.wtatennis.com/tennis/players/ranked?page=8&pageSize=100&type=rankSingles&sort=asc&metric=SINGLES&at=2025-10-13&name=&nationality=,2026-03-22T00:47:05Z
wta,2025-10-13,322716,Jessie Aney,Jessie Aney,859,31,https://api.wtatennis.com/tennis/players/ranked?page=8&pageSize=100&type=rankSingles&sort=asc&metric=SINGLES&at=2025-10-13&name=&nationality=,2026-03-22T00:47:05Z
wta,2025-10-13,330875,Lexington Reed,Lexington Reed,860,31,https://api.wtatennis.com/tennis/players/ranked?page=8&pageSize=100&type=rankSingles&sort=asc&metric=SINGLES&at=2025-10-13&name=&nationality=,2026-03-22T00:47:05Z
wta,2025-10-13,328811,Sophia Biolay,Sophia Biolay,861,31,https://api.wtatennis.com/tennis/players/ranked?page=8&pageSize=100&type=rankSingles&sort=asc&metric=SINGLES&at=2025-10-13&name=&nationality=,2026-03-22T00:47:05Z
wta,2025-10-13,332213,Petra Konjikusic,Petra Konjikusic,862,31,https://api.wtatennis.com/tennis/players/ranked?page=8&pageSize=100&type=rankSingles&sort=asc&metric=SINGLES&at=2025-10-13&name=&nationality=,2026-03-22T00:47:05Z
wta,2025-10-13,330990,Rinon Okuwaki,Rinon Okuwaki,863,31,https://api.wtatennis.com/tennis/players/ranked?page=8&pageSize=100&type=rankSingles&sort=asc&metric=SINGLES&at=2025-10-13&name=&nationality=,2026-03-22T00:47:05Z
wta,2025-10-13,331493,Lucie Urbanova,Lucie Urbanova,864,31,https://api.wtatennis.com/tennis/players/ranked?page=8&pageSize=100&type=rankSingles&sort=asc&metric=SINGLES&at=2025-10-13&name=&nationality=,2026-03-22T00:47:05Z
wta,2025-10-13,320922,Ksenia Laskutova,Ksenia Laskutova,865,31,https://api.wtatennis.com/tennis/players/ranked?page=8&pageSize=100&type=rankSingles&sort=asc&metric=SINGLES&at=2025-10-13&name=&nationality=,2026-03-22T00:47:05Z
wta,2025-10-13,332271,Ann Akasha Ceuca,Ann Akasha Ceuca,866,31,https://api.wtatennis.com/tennis/players/ranked?page=8&pageSize=100&type=rankSingles&sort=asc&metric=SINGLES&at=2025-10-13&name=&nationality=,2026-03-22T00:47:05Z
wta,2025-10-13,327849,Ivana Sebestova,Ivana Sebestova,867,31,https://api.wtatennis.com/tennis/players/ranked?page=8&pageSize=100&type=rankSingles&sort=asc&metric=SINGLES&at=2025-10-13&name=&nationality=,2026-03-22T00:47:05Z
wta,2025-10-13,329429,Julia Garcia Ruiz,Julia Garcia Ruiz,868,30,https://api.wtatennis.com/tennis/players/ranked?page=8&pageSize=100&type=rankSingles&sort=asc&metric=SINGLES&at=2025-10-13&name=&nationality=,2026-03-22T00:47:05Z
wta,2025-10-13,328716,Valentina Ivanov,Valentina Ivanov,869,30,https://api.wtatennis.com/tennis/players/ranked?page=8&pageSize=100&type=rankSingles&sort=asc&metric=SINGLES&at=2025-10-13&name=&nationality=,2026-03-22T00:47:05Z
wta,2025-10-13,322540,Kylie Mckenzie,Kylie Mckenzie,870,30,https://api.wtatennis.com/tennis/players/ranked?page=8&pageSize=100&type=rankSingles&sort=asc&metric=SINGLES&at=2025-10-13&name=&nationality=,2026-03-22T00:47:05Z
wta,2025-10-13,333262,Nadia Lagaev,Nadia Lagaev,871,30,https://api.wtatennis.com/tennis/players/ranked?page=8&pageSize=100&type=rankSingles&sort=asc&metric=SINGLES&at=2025-10-13&name=&nationality=,2026-03-22T00:47:05Z
wta,2025-10-13,318776,Ya-Hsuan Lee,Ya-Hsuan Lee,872,30,https://api.wtatennis.com/tennis/players/ranked?page=8&pageSize=100&type=rankSingles&sort=asc&metric=SINGLES&at=2025-10-13&name=&nationality=,2026-03-22T00:47:05Z
wta,2025-10-13,326460,Sofia Milatova,Sofia Milatova,873,30,https://api.wtatennis.com/tennis/players/ranked?page=8&pageSize=100&type=rankSingles&sort=asc&metric=SINGLES&at=2025-10-13&name=&nationality=,2026-03-22T00:47:05Z
wta,2025-10-13,324410,Ekaterina Shalimova,Ekaterina Shalimova,874,30,https://api.wtatennis.com/tennis/players/ranked?page=8&pageSize=100&type=rankSingles&sort=asc&metric=SINGLES&at=2025-10-13&name=&nationality=,2026-03-22T00:47:05Z
wta,2025-10-13,326405,Ella Haavisto,Ella Haavisto,875,30,https://api.wtatennis.com/tennis/players/ranked?page=8&pageSize=100&type=rankSingles&sort=asc&metric=SINGLES&at=2025-10-13&name=&nationality=,2026-03-22T00:47:05Z
wta,2025-10-13,332353,Tanisha Kashyap,Tanisha Kashyap,876,30,https://api.wtatennis.com/tennis/players/ranked?page=8&pageSize=100&type=rankSingles&sort=asc&metric=SINGLES&at=2025-10-13&name=&nationality=,2026-03-22T00:47:05Z
wta,2025-10-13,316655,Julia Stamatova,Julia Stamatova,877,30,https://api.wtatennis.com/tennis/players/ranked?page=8&pageSize=100&type=rankSingles&sort=asc&metric=SINGLES&at=2025-10-13&name=&nationality=,2026-03-22T00:47:05Z
wta,2025-10-13,329646,Darja Suvirdjonkova,Darja Suvirdjonkova,878,30,https://api.wtatennis.com/tennis/players/ranked?page=8&pageSize=100&type=rankSingles&sort=asc&metric=SINGLES&at=2025-10-13&name=&nationality=,2026-03-22T00:47:05Z
wta,2025-10-13,334735,Noemi Maines,Noemi Maines,879,30,https://api.wtatennis.com/tennis/players/ranked?page=8&pageSize=100&type=rankSingles&sort=asc&metric=SINGLES&at=2025-10-13&name=&nationality=,2026-03-22T00:47:05Z
wta,2025-10-13,317317,Ysaline Bonaventure,Ysaline Bonaventure,880,29,https://api.wtatennis.com/tennis/players/ranked?page=8&pageSize=100&type=rankSingles&sort=asc&metric=SINGLES&at=2025-10-13&name=&nationality=,2026-03-22T00:47:05Z
wta,2025-10-13,325807,Shuo Feng,Shuo Feng,881,29,https://api.wtatennis.com/tennis/players/ranked?page=8&pageSize=100&type=rankSingles&sort=asc&metric=SINGLES&at=2025-10-13&name=&nationality=,2026-03-22T00:47:05Z
wta,2025-10-13,335173,Anna Pircher,Anna Pircher,882,29,https://api.wtatennis.com/tennis/players/ranked?page=8&pageSize=100&type=rankSingles&sort=asc&metric=SINGLES&at=2025-10-13&name=&nationality=,2026-03-22T00:47:05Z
wta,2025-10-13,327835,Ava Hrastar,Ava Hrastar,883,29,https://api.wtatennis.com/tennis/players/ranked?page=8&pageSize=100&type=rankSingles&sort=asc&metric=SINGLES&at=2025-10-13&name=&nationality=,2026-03-22T00:47:05Z
wta,2025-10-13,329681,Angelica Blake,Angelica Blake,884,29,https://api.wtatennis.com/tennis/players/ranked?page=8&pageSize=100&type=rankSingles&sort=asc&metric=SINGLES&at=2025-10-13&name=&nationality=,2026-03-22T00:47:05Z
wta,2025-10-13,322601,Agustina Chlpac,Agustina Chlpac,885,29,https://api.wtatennis.com/tennis/players/ranked?page=8&pageSize=100&type=rankSingles&sort=asc&metric=SINGLES&at=2025-10-13&name=&nationality=,2026-03-22T00:47:05Z
wta,2025-10-13,320581,Maria Herazo,Maria Herazo,886,29,https://api.wtatennis.com/tennis/players/ranked?page=8&pageSize=100&type=rankSingles&sort=asc&metric=SINGLES&at=2025-10-13&name=&nationality=,2026-03-22T00:47:05Z
wta,2025-10-13,330932,Sofia Da Cruz Mendonca,Sofia Da Cruz Mendonca,887,28,https://api.wtatennis.com/tennis/players/ranked?page=8&pageSize=100&type=rankSingles&sort=asc&metric=SINGLES&at=2025-10-13&name=&nationality=,2026-03-22T00:47:05Z
wta,2025-10-13,333563,Dj Bennett,Dj Bennett,888,28,https://api.wtatennis.com/tennis/players/ranked?page=8&pageSize=100&type=rankSingles&sort=asc&metric=SINGLES&at=2025-10-13&name=&nationality=,2026-03-22T00:47:05Z
wta,2025-10-13,331640,Lily Taylor,Lily Taylor,889,28,https://api.wtatennis.com/tennis/players/ranked?page=8&pageSize=100&type=rankSingles&sort=asc&metric=SINGLES&at=2025-10-13&name=&nationality=,2026-03-22T00:47:05Z
wta,2025-10-13,320497,Irina Fetecau,Irina Fetecau,890,28,https://api.wtatennis.com/tennis/players/ranked?page=8&pageSize=100&type=rankSingles&sort=asc&metric=SINGLES&at=2025-10-13&name=&nationality=,2026-03-22T00:47:05Z
wta,2025-10-13,332202,Rose Marie Nijkamp,Rose Marie Nijkamp,891,28,https://api.wtatennis.com/tennis/players/ranked?page=8&pageSize=100&type=rankSingles&sort=asc&metric=SINGLES&at=2025-10-13&name=&nationality=,2026-03-22T00:47:05Z
wta,2025-10-13,332097,Carmen Andreea  Herea,Carmen Andreea  Herea,892,28,https://api.wtatennis.com/tennis/players/ranked?page=8&pageSize=100&type=rankSingles&sort=asc&metric=SINGLES&at=2025-10-13&name=&nationality=,2026-03-22T00:47:05Z
wta,2025-10-13,329609,Sylvie Zund,Sylvie Zund,893,28,https://api.wtatennis.com/tennis/players/ranked?page=8&pageSize=100&type=rankSingles&sort=asc&metric=SINGLES&at=2025-10-13&name=&nationality=,2026-03-22T00:47:05Z
wta,2025-10-13,331634,Sarah Rokusek,Sarah Rokusek,894,28,https://api.wtatennis.com/tennis/players/ranked?page=8&pageSize=100&type=rankSingles&sort=asc&metric=SINGLES&at=2025-10-13&name=&nationality=,2026-03-22T00:47:05Z
wta,2025-10-13,328840,Alexandra Vasilyeva,Alexandra Vasilyeva,895,28,https://api.wtatennis.com/tennis/players/ranked?page=8&pageSize=100&type=rankSingles&sort=asc&metric=SINGLES&at=2025-10-13&name=&nationality=,2026-03-22T00:47:05Z
wta,2025-10-13,330392,Celine Simunyu,Celine Simunyu,896,27,https://api.wtatennis.com/tennis/players/ranked?page=8&pageSize=100&type=rankSingles&sort=asc&metric=SINGLES&at=2025-10-13&name=&nationality=,2026-03-22T00:47:05Z
wta,2025-10-13,318924,Sarah Beth Grey,Sarah Beth Grey,897,27,https://api.wtatennis.com/tennis/players/ranked?page=8&pageSize=100&type=rankSingles&sort=asc&metric=SINGLES&at=2025-10-13&name=&nationality=,2026-03-22T00:47:05Z
wta,2025-10-13,325163,Cherry Kim,Cherry Kim,898,27,https://api.wtatennis.com/tennis/players/ranked?page=8&pageSize=100&type=rankSingles&sort=asc&metric=SINGLES&at=2025-10-13&name=&nationality=,2026-03-22T00:47:05Z
wta,2025-10-13,331583,Kate Mansfield,Kate Mansfield,899,27,https://api.wtatennis.com/tennis/players/ranked?page=8&pageSize=100&type=rankSingles&sort=asc&metric=SINGLES&at=2025-10-13&name=&nationality=,2026-03-22T00:47:05Z
wta,2025-10-13,329635,Jamilah Snells,Jamilah Snells,900,27,https://api.wtatennis.com/tennis/players/ranked?page=8&pageSize=100&type=rankSingles&sort=asc&metric=SINGLES&at=2025-10-13&name=&nationality=,2026-03-22T00:47:05Z
wta,2025-10-13,324681,Kathleen Kanev,Kathleen Kanev,901,27,https://api.wtatennis.com/tennis/players/ranked?page=9&pageSize=100&type=rankSingles&sort=asc&metric=SINGLES&at=2025-10-13&name=&nationality=,2026-03-22T00:47:05Z
wta,2025-10-13,330706,Carolin Raschdorf,Carolin Raschdorf,902,27,https://api.wtatennis.com/tennis/players/ranked?page=9&pageSize=100&type=rankSingles&sort=asc&metric=SINGLES&at=2025-10-13&name=&nationality=,2026-03-22T00:47:05Z
wta,2025-10-13,328642,Nanari Katsumi,Nanari Katsumi,903,27,https://api.wtatennis.com/tennis/players/ranked?page=9&pageSize=100&type=rankSingles&sort=asc&metric=SINGLES&at=2025-10-13&name=&nationality=,2026-03-22T00:47:05Z
wta,2025-10-13,331063,Clarissa Blomqvist,Clarissa Blomqvist,904,27,https://api.wtatennis.com/tennis/players/ranked?page=9&pageSize=100&type=rankSingles&sort=asc&metric=SINGLES&at=2025-10-13&name=&nationality=,2026-03-22T00:47:05Z
wta,2025-10-13,333499,Daphnee Mpetshi Perricard,Daphnee Mpetshi Perricard,905,26,https://api.wtatennis.com/tennis/players/ranked?page=9&pageSize=100&type=rankSingles&sort=asc&metric=SINGLES&at=2025-10-13&name=&nationality=,2026-03-22T00:47:05Z
wta,2025-10-13,334245,Natalia Sousa Salazar,Natalia Sousa Salazar,906,26,https://api.wtatennis.com/tennis/players/ranked?page=9&pageSize=100&type=rankSingles&sort=asc&metric=SINGLES&at=2025-10-13&name=&nationality=,2026-03-22T00:47:05Z
wta,2025-10-13,333117,Kate Fakih,Kate Fakih,907,26,https://api.wtatennis.com/tennis/players/ranked?page=9&pageSize=100&type=rankSingles&sort=asc&metric=SINGLES&at=2025-10-13&name=&nationality=,2026-03-22T00:47:05Z
wta,2025-10-13,333243,Tianmei Wang,Tianmei Wang,908,26,https://api.wtatennis.com/tennis/players/ranked?page=9&pageSize=100&type=rankSingles&sort=asc&metric=SINGLES&at=2025-10-13&name=&nationality=,2026-03-22T00:47:05Z
wta,2025-10-13,324263,Karine Sarkisova,Karine Sarkisova,909,26,https://api.wtatennis.com/tennis/players/ranked?page=9&pageSize=100&type=rankSingles&sort=asc&metric=SINGLES&at=2025-10-13&name=&nationality=,2026-03-22T00:47:05Z
wta,2025-10-13,331255,Brandy Walker,Brandy Walker,910,26,https://api.wtatennis.com/tennis/players/ranked?page=9&pageSize=100&type=rankSingles&sort=asc&metric=SINGLES&at=2025-10-13&name=&nationality=,2026-03-22T00:47:05Z
wta,2025-10-13,323743,Sabastiani Leon,Sabastiani Leon,911,26,https://api.wtatennis.com/tennis/players/ranked?page=9&pageSize=100&type=rankSingles&sort=asc&metric=SINGLES&at=2025-10-13&name=&nationality=,2026-03-22T00:47:05Z
wta,2025-10-13,332512,Tianmi Mi,Tianmi Mi,912,26,https://api.wtatennis.com/tennis/players/ranked?page=9&pageSize=100&type=rankSingles&sort=asc&metric=SINGLES&at=2025-10-13&name=&nationality=,2026-03-22T00:47:05Z
wta,2025-10-13,313968,Polona Hercog,Polona Hercog,913,25,https://api.wtatennis.com/tennis/players/ranked?page=9&pageSize=100&type=rankSingles&sort=asc&metric=SINGLES&at=2025-10-13&name=&nationality=,2026-03-22T00:47:05Z
wta,2025-10-13,334194,Kristina Penickova,Kristina Penickova,914,25,https://api.wtatennis.com/tennis/players/ranked?page=9&pageSize=100&type=rankSingles&sort=asc&metric=SINGLES&at=2025-10-13&name=&nationality=,2026-03-22T00:47:05Z
wta,2025-10-13,314917,Christina Mchale,Christina Mchale,915,25,https://api.wtatennis.com/tennis/players/ranked?page=9&pageSize=100&type=rankSingles&sort=asc&metric=SINGLES&at=2025-10-13&name=&nationality=,2026-03-22T00:47:05Z
wta,2025-10-13,321023,Qiu Yu Ye,Qiu Yu Ye,916,25,https://api.wtatennis.com/tennis/players/ranked?page=9&pageSize=100&type=rankSingles&sort=asc&metric=SINGLES&at=2025-10-13&name=&nationality=,2026-03-22T00:47:05Z
wta,2025-10-13,331966,Carolina  Bohrer Martins,Carolina  Bohrer Martins,917,25,https://api.wtatennis.com/tennis/players/ranked?page=9&pageSize=100&type=rankSingles&sort=asc&metric=SINGLES&at=2025-10-13&name=&nationality=,2026-03-22T00:47:05Z
wta,2025-10-13,335920,Bella Payne,Bella Payne,918,25,https://api.wtatennis.com/tennis/players/ranked?page=9&pageSize=100&type=rankSingles&sort=asc&metric=SINGLES&at=2025-10-13&name=&nationality=,2026-03-22T00:47:05Z
wta,2025-10-13,329123,Allura Zamarripa,Allura Zamarripa,919,25,https://api.wtatennis.com/tennis/players/ranked?page=9&pageSize=100&type=rankSingles&sort=asc&metric=SINGLES&at=2025-10-13&name=&nationality=,2026-03-22T00:47:05Z
wta,2025-10-13,327227,Anna Ureke,Anna Ureke,920,25,https://api.wtatennis.com/tennis/players/ranked?page=9&pageSize=100&type=rankSingles&sort=asc&metric=SINGLES&at=2025-10-13&name=&nationality=,2026-03-22T00:47:05Z
wta,2025-10-13,320244,Dabin Kim,Dabin Kim,921,25,https://api.wtatennis.com/tennis/players/ranked?page=9&pageSize=100&type=rankSingles&sort=asc&metric=SINGLES&at=2025-10-13&name=&nationality=,2026-03-22T00:47:05Z
wta,2025-10-13,331358,Fang An Lin,Fang An Lin,922,25,https://api.wtatennis.com/tennis/players/ranked?page=9&pageSize=100&type=rankSingles&sort=asc&metric=SINGLES&at=2025-10-13&name=&nationality=,2026-03-22T00:47:05Z
wta,2025-10-13,334504,Lavinia Luciano,Lavinia Luciano,923,25,https://api.wtatennis.com/tennis/players/ranked?page=9&pageSize=100&type=rankSingles&sort=asc&metric=SINGLES&at=2025-10-13&name=&nationality=,2026-03-22T00:47:05Z
wta,2025-10-13,332208,Paula Cembranos,Paula Cembranos,924,25,https://api.wtatennis.com/tennis/players/ranked?page=9&pageSize=100&type=rankSingles&sort=asc&metric=SINGLES&at=2025-10-13&name=&nationality=,2026-03-22T00:47:05Z
wta,2025-10-13,331388,Irem Kurt,Irem Kurt,925,24,https://api.wtatennis.com/tennis/players/ranked?page=9&pageSize=100&type=rankSingles&sort=asc&metric=SINGLES&at=2025-10-13&name=&nationality=,2026-03-22T00:47:05Z
wta,2025-10-13,318907,Rutuja Bhosale,Rutuja Bhosale,926,24,https://api.wtatennis.com/tennis/players/ranked?page=9&pageSize=100&type=rankSingles&sort=asc&metric=SINGLES&at=2025-10-13&name=&nationality=,2026-03-22T00:47:05Z
wta,2025-10-13,336267,Petra Sedlackova,Petra Sedlackova,927,24,https://api.wtatennis.com/tennis/players/ranked?page=9&pageSize=100&type=rankSingles&sort=asc&metric=SINGLES&at=2025-10-13&name=&nationality=,2026-03-22T00:47:05Z
wta,2025-10-13,328648,Savannah Broadus,Savannah Broadus,928,24,https://api.wtatennis.com/tennis/players/ranked?page=9&pageSize=100&type=rankSingles&sort=asc&metric=SINGLES&at=2025-10-13&name=&nationality=,2026-03-22T00:47:05Z
wta,2025-10-13,321125,Yujin Ahn,Yujin Ahn,929,24,https://api.wtatennis.com/tennis/players/ranked?page=9&pageSize=100&type=rankSingles&sort=asc&metric=SINGLES&at=2025-10-13&name=&nationality=,2026-03-22T00:47:05Z
wta,2025-10-13,331758,Hephzibah Oluwadare,Hephzibah Oluwadare,930,24,https://api.wtatennis.com/tennis/players/ranked?page=9&pageSize=100&type=rankSingles&sort=asc&metric=SINGLES&at=2025-10-13&name=&nationality=,2026-03-22T00:47:05Z
wta,2025-10-13,327747,Beatrice Stagno,Beatrice Stagno,931,24,https://api.wtatennis.com/tennis/players/ranked?page=9&pageSize=100&type=rankSingles&sort=asc&metric=SINGLES&at=2025-10-13&name=&nationality=,2026-03-22T00:47:05Z
wta,2025-10-13,316109,Elena-Teodora Cadar,Elena-Teodora Cadar,932,24,https://api.wtatennis.com/tennis/players/ranked?page=9&pageSize=100&type=rankSingles&sort=asc&metric=SINGLES&at=2025-10-13&name=&nationality=,2026-03-22T00:47:05Z
wta,2025-10-13,328316,Camilla Bossi,Camilla Bossi,933,24,https://api.wtatennis.com/tennis/players/ranked?page=9&pageSize=100&type=rankSingles&sort=asc&metric=SINGLES&at=2025-10-13&name=&nationality=,2026-03-22T00:47:05Z
wta,2025-10-13,323170,Mila Masic,Mila Masic,934,24,https://api.wtatennis.com/tennis/players/ranked?page=9&pageSize=100&type=rankSingles&sort=asc&metric=SINGLES&at=2025-10-13&name=&nationality=,2026-03-22T00:47:05Z
wta,2025-10-13,328725,Simona Ogescu,Simona Ogescu,935,24,https://api.wtatennis.com/tennis/players/ranked?page=9&pageSize=100&type=rankSingles&sort=asc&metric=SINGLES&at=2025-10-13&name=&nationality=,2026-03-22T00:47:05Z
wta,2025-10-13,330342,Ela Milic,Ela Milic,936,24,https://api.wtatennis.com/tennis/players/ranked?page=9&pageSize=100&type=rankSingles&sort=asc&metric=SINGLES&at=2025-10-13&name=&nationality=,2026-03-22T00:47:05Z
wta,2025-10-13,312268,Mihaela Buzarnescu,Mihaela Buzarnescu,937,23,https://api.wtatennis.com/tennis/players/ranked?page=9&pageSize=100&type=rankSingles&sort=asc&metric=SINGLES&at=2025-10-13&name=&nationality=,2026-03-22T00:47:05Z
wta,2025-10-13,330848,Sara Svetac,Sara Svetac,938,23,https://api.wtatennis.com/tennis/players/ranked?page=9&pageSize=100&type=rankSingles&sort=asc&metric=SINGLES&at=2025-10-13&name=&nationality=,2026-03-22T00:47:05Z
wta,2025-10-13,322124,Yuliana Monroy,Yuliana Monroy,939,23,https://api.wtatennis.com/tennis/players/ranked?page=9&pageSize=100&type=rankSingles&sort=asc&metric=SINGLES&at=2025-10-13&name=&nationality=,2026-03-22T00:47:05Z
wta,2025-10-13,330058,Defne Cirpanli,Defne Cirpanli,940,23,https://api.wtatennis.com/tennis/players/ranked?page=9&pageSize=100&type=rankSingles&sort=asc&metric=SINGLES&at=2025-10-13&name=&nationality=,2026-03-22T00:47:05Z
wta,2025-10-13,323794,Maria Kononova,Maria Kononova,941,23,https://api.wtatennis.com/tennis/players/ranked?page=9&pageSize=100&type=rankSingles&sort=asc&metric=SINGLES&at=2025-10-13&name=&nationality=,2026-03-22T00:47:05Z
wta,2025-10-13,330275,Vivian Yang,Vivian Yang,942,23,https://api.wtatennis.com/tennis/players/ranked?page=9&pageSize=100&type=rankSingles&sort=asc&metric=SINGLES&at=2025-10-13&name=&nationality=,2026-03-22T00:47:05Z
wta,2025-10-13,319028,Lea Tholey,Lea Tholey,943,23,https://api.wtatennis.com/tennis/players/ranked?page=9&pageSize=100&type=rankSingles&sort=asc&metric=SINGLES&at=2025-10-13&name=&nationality=,2026-03-22T00:47:05Z
wta,2025-10-13,331426,Nellie Taraba Wallberg,Nellie Taraba Wallberg,944,23,https://api.wtatennis.com/tennis/players/ranked?page=9&pageSize=100&type=rankSingles&sort=asc&metric=SINGLES&at=2025-10-13&name=&nationality=,2026-03-22T00:47:05Z
wta,2025-10-13,330218,Elza Tomase,Elza Tomase,945,23,https://api.wtatennis.com/tennis/players/ranked?page=9&pageSize=100&type=rankSingles&sort=asc&metric=SINGLES&at=2025-10-13&name=&nationality=,2026-03-22T00:47:05Z
wta,2025-10-13,334931,Jahnie Van Zyl,Jahnie Van Zyl,946,23,https://api.wtatennis.com/tennis/players/ranked?page=9&pageSize=100&type=rankSingles&sort=asc&metric=SINGLES&at=2025-10-13&name=&nationality=,2026-03-22T00:47:05Z
wta,2025-10-13,333526,Lea Nilsson,Lea Nilsson,947,23,https://api.wtatennis.com/tennis/players/ranked?page=9&pageSize=100&type=rankSingles&sort=asc&metric=SINGLES&at=2025-10-13&name=&nationality=,2026-03-22T00:47:05Z
wta,2025-10-13,331581,Kristina Paskauskas,Kristina Paskauskas,948,23,https://api.wtatennis.com/tennis/players/ranked?page=9&pageSize=100&type=rankSingles&sort=asc&metric=SINGLES&at=2025-10-13&name=&nationality=,2026-03-22T00:47:05Z
wta,2025-10-13,327946,Katherine Barnes,Katherine Barnes,949,23,https://api.wtatennis.com/tennis/players/ranked?page=9&pageSize=100&type=rankSingles&sort=asc&metric=SINGLES&at=2025-10-13&name=&nationality=,2026-03-22T00:47:05Z
wta,2025-10-13,318985,Rhiann Newborn,Rhiann Newborn,950,23,https://api.wtatennis.com/tennis/players/ranked?page=9&pageSize=100&type=rankSingles&sort=asc&metric=SINGLES&at=2025-10-13&name=&nationality=,2026-03-22T00:47:05Z
wta,2025-10-13,333237,Adriana Tkachenko,Adriana Tkachenko,951,23,https://api.wtatennis.com/tennis/players/ranked?page=9&pageSize=100&type=rankSingles&sort=asc&metric=SINGLES&at=2025-10-13&name=&nationality=,2026-03-22T00:47:05Z
wta,2025-10-13,332112,Jordyn Mcbride,Jordyn Mcbride,952,23,https://api.wtatennis.com/tennis/players/ranked?page=9&pageSize=100&type=rankSingles&sort=asc&metric=SINGLES&at=2025-10-13&name=&nationality=,2026-03-22T00:47:05Z
wta,2025-10-13,328529,Lucie Petruzelova,Lucie Petruzelova,953,23,https://api.wtatennis.com/tennis/players/ranked?page=9&pageSize=100&type=rankSingles&sort=asc&metric=SINGLES&at=2025-10-13&name=&nationality=,2026-03-22T00:47:05Z
wta,2025-10-13,333019,Yanan Hou,Yanan Hou,954,23,https://api.wtatennis.com/tennis/players/ranked?page=9&pageSize=100&type=rankSingles&sort=asc&metric=SINGLES&at=2025-10-13&name=&nationality=,2026-03-22T00:47:05Z
wta,2025-10-13,328128,Gabriella Price,Gabriella Price,955,23,https://api.wtatennis.com/tennis/players/ranked?page=9&pageSize=100&type=rankSingles&sort=asc&metric=SINGLES&at=2025-10-13&name=&nationality=,2026-03-22T00:47:05Z
wta,2025-10-13,322971,Lisa-Marie Rioux,Lisa-Marie Rioux,956,23,https://api.wtatennis.com/tennis/players/ranked?page=9&pageSize=100&type=rankSingles&sort=asc&metric=SINGLES&at=2025-10-13&name=&nationality=,2026-03-22T00:47:05Z
wta,2025-10-13,324673,Maria Toma,Maria Toma,957,23,https://api.wtatennis.com/tennis/players/ranked?page=9&pageSize=100&type=rankSingles&sort=asc&metric=SINGLES&at=2025-10-13&name=&nationality=,2026-03-22T00:47:05Z
wta,2025-10-13,331984,Wozuko Mdlulwa,Wozuko Mdlulwa,958,23,https://api.wtatennis.com/tennis/players/ranked?page=9&pageSize=100&type=rankSingles&sort=asc&metric=SINGLES&at=2025-10-13&name=&nationality=,2026-03-22T00:47:05Z
wta,2025-10-13,332577,Anastasiia Firman,Anastasiia Firman,959,23,https://api.wtatennis.com/tennis/players/ranked?page=9&pageSize=100&type=rankSingles&sort=asc&metric=SINGLES&at=2025-10-13&name=&nationality=,2026-03-22T00:47:05Z
wta,2025-10-13,317138,Eri Hozumi,Eri Hozumi,960,22,https://api.wtatennis.com/tennis/players/ranked?page=9&pageSize=100&type=rankSingles&sort=asc&metric=SINGLES&at=2025-10-13&name=&nationality=,2026-03-22T00:47:05Z
wta,2025-10-13,330483,Aya El Aouni,Aya El Aouni,961,22,https://api.wtatennis.com/tennis/players/ranked?page=9&pageSize=100&type=rankSingles&sort=asc&metric=SINGLES&at=2025-10-13&name=&nationality=,2026-03-22T00:47:05Z
wta,2025-10-13,330274,Elyse Tse,Elyse Tse,962,22,https://api.wtatennis.com/tennis/players/ranked?page=9&pageSize=100&type=rankSingles&sort=asc&metric=SINGLES&at=2025-10-13&name=&nationality=,2026-03-22T00:47:05Z
wta,2025-10-13,332126,Francesca Mattioli,Francesca Mattioli,963,22,https://api.wtatennis.com/tennis/players/ranked?page=9&pageSize=100&type=rankSingles&sort=asc&metric=SINGLES&at=2025-10-13&name=&nationality=,2026-03-22T00:47:05Z
wta,2025-10-13,333164,Laima Vladson,Laima Vladson,964,22,https://api.wtatennis.com/tennis/players/ranked?page=9&pageSize=100&type=rankSingles&sort=asc&metric=SINGLES&at=2025-10-13&name=&nationality=,2026-03-22T00:47:05Z
wta,2025-10-13,329969,Aysegul Mert,Aysegul Mert,964,22,https://api.wtatennis.com/tennis/players/ranked?page=9&pageSize=100&type=rankSingles&sort=asc&metric=SINGLES&at=2025-10-13&name=&nationality=,2026-03-22T00:47:05Z
wta,2025-10-13,326332,Nikola Breckova,Nikola Breckova,964,22,https://api.wtatennis.com/tennis/players/ranked?page=9&pageSize=100&type=rankSingles&sort=asc&metric=SINGLES&at=2025-10-13&name=&nationality=,2026-03-22T00:47:05Z
wta,2025-10-13,329744,Indianna Spink,Indianna Spink,967,22,https://api.wtatennis.com/tennis/players/ranked?page=9&pageSize=100&type=rankSingles&sort=asc&metric=SINGLES&at=2025-10-13&name=&nationality=,2026-03-22T00:47:05Z
wta,2025-10-13,328739,Eszter Meri,Eszter Meri,968,22,https://api.wtatennis.com/tennis/players/ranked?page=9&pageSize=100&type=rankSingles&sort=asc&metric=SINGLES&at=2025-10-13&name=&nationality=,2026-03-22T00:47:05Z
wta,2025-10-13,329124,Maribella Zamarripa,Maribella Zamarripa,969,22,https://api.wtatennis.com/tennis/players/ranked?page=9&pageSize=100&type=rankSingles&sort=asc&metric=SINGLES&at=2025-10-13&name=&nationality=,2026-03-22T00:47:05Z
wta,2025-10-13,333192,Shihomi Li Xuan Leong,Shihomi Li Xuan Leong,970,22,https://api.wtatennis.com/tennis/players/ranked?page=9&pageSize=100&type=rankSingles&sort=asc&metric=SINGLES&at=2025-10-13&name=&nationality=,2026-03-22T00:47:05Z
wta,2025-10-13,325155,Lara Schmidt,Lara Schmidt,971,22,https://api.wtatennis.com/tennis/players/ranked?page=9&pageSize=100&type=rankSingles&sort=asc&metric=SINGLES&at=2025-10-13&name=&nationality=,2026-03-22T00:47:05Z
wta,2025-10-13,324433,Zoe Hitt,Zoe Hitt,972,22,https://api.wtatennis.com/tennis/players/ranked?page=9&pageSize=100&type=rankSingles&sort=asc&metric=SINGLES&at=2025-10-13&name=&nationality=,2026-03-22T00:47:05Z
wta,2025-10-13,330385,Klara Veldman,Klara Veldman,973,22,https://api.wtatennis.com/tennis/players/ranked?page=9&pageSize=100&type=rankSingles&sort=asc&metric=SINGLES&at=2025-10-13&name=&nationality=,2026-03-22T00:47:05Z
wta,2025-10-13,332473,Tiana Tian Deng,Tiana Tian Deng,974,22,https://api.wtatennis.com/tennis/players/ranked?page=9&pageSize=100&type=rankSingles&sort=asc&metric=SINGLES&at=2025-10-13&name=&nationality=,2026-03-22T00:47:05Z
wta,2025-10-13,328318,Abigail Rencheli,Abigail Rencheli,975,22,https://api.wtatennis.com/tennis/players/ranked?page=9&pageSize=100&type=rankSingles&sort=asc&metric=SINGLES&at=2025-10-13&name=&nationality=,2026-03-22T00:47:05Z
wta,2025-10-13,334169,Paola Lopez,Paola Lopez,976,22,https://api.wtatennis.com/tennis/players/ranked?page=9&pageSize=100&type=rankSingles&sort=asc&metric=SINGLES&at=2025-10-13&name=&nationality=,2026-03-22T00:47:05Z
wta,2025-10-13,329166,Alisa Kummel,Alisa Kummel,977,22,https://api.wtatennis.com/tennis/players/ranked?page=9&pageSize=100&type=rankSingles&sort=asc&metric=SINGLES&at=2025-10-13&name=&nationality=,2026-03-22T00:47:05Z
wta,2025-10-13,335046,Ophelie Boullay,Ophelie Boullay,978,21,https://api.wtatennis.com/tennis/players/ranked?page=9&pageSize=100&type=rankSingles&sort=asc&metric=SINGLES&at=2025-10-13&name=&nationality=,2026-03-22T00:47:05Z
wta,2025-10-13,329595,Gabriella Broadfoot,Gabriella Broadfoot,979,21,https://api.wtatennis.com/tennis/players/ranked?page=9&pageSize=100&type=rankSingles&sort=asc&metric=SINGLES&at=2025-10-13&name=&nationality=,2026-03-22T00:47:05Z
wta,2025-10-13,333646,Louna Zoppas,Louna Zoppas,980,21,https://api.wtatennis.com/tennis/players/ranked?page=9&pageSize=100&type=rankSingles&sort=asc&metric=SINGLES&at=2025-10-13&name=&nationality=,2026-03-22T00:47:05Z
wta,2025-10-13,327378,Adithya Karunaratne,Adithya Karunaratne,981,21,https://api.wtatennis.com/tennis/players/ranked?page=9&pageSize=100&type=rankSingles&sort=asc&metric=SINGLES&at=2025-10-13&name=&nationality=,2026-03-22T00:47:05Z
wta,2025-10-13,331158,Romane  Longueville,Romane  Longueville,982,21,https://api.wtatennis.com/tennis/players/ranked?page=9&pageSize=100&type=rankSingles&sort=asc&metric=SINGLES&at=2025-10-13&name=&nationality=,2026-03-22T00:47:05Z
wta,2025-10-13,333074,Ustiniya Lekomtseva,Ustiniya Lekomtseva,983,21,https://api.wtatennis.com/tennis/players/ranked?page=9&pageSize=100&type=rankSingles&sort=asc&metric=SINGLES&at=2025-10-13&name=&nationality=,2026-03-22T00:47:05Z
wta,2025-10-13,330897,Arina Arifullina,Arina Arifullina,984,21,https://api.wtatennis.com/tennis/players/ranked?page=9&pageSize=100&type=rankSingles&sort=asc&metric=SINGLES&at=2025-10-13&name=&nationality=,2026-03-22T00:47:05Z
wta,2025-10-13,322967,Natsuho Arakawa,Natsuho Arakawa,985,21,https://api.wtatennis.com/tennis/players/ranked?page=9&pageSize=100&type=rankSingles&sort=asc&metric=SINGLES&at=2025-10-13&name=&nationality=,2026-03-22T00:47:05Z
wta,2025-10-13,331726,Daniela Piani,Daniela Piani,986,20,https://api.wtatennis.com/tennis/players/ranked?page=9&pageSize=100&type=rankSingles&sort=asc&metric=SINGLES&at=2025-10-13&name=&nationality=,2026-03-22T00:47:05Z
wta,2025-10-13,322334,Veronika Miroshnichenko,Veronika Miroshnichenko,987,20,https://api.wtatennis.com/tennis/players/ranked?page=9&pageSize=100&type=rankSingles&sort=asc&metric=SINGLES&at=2025-10-13&name=&nationality=,2026-03-22T00:47:05Z
wta,2025-10-13,333724,Anastasija Cvetkovic,Anastasija Cvetkovic,988,20,https://api.wtatennis.com/tennis/players/ranked?page=9&pageSize=100&type=rankSingles&sort=asc&metric=SINGLES&at=2025-10-13&name=&nationality=,2026-03-22T00:47:05Z
wta,2025-10-13,319587,Kanako Morisaki,Kanako Morisaki,989,20,https://api.wtatennis.com/tennis/players/ranked?page=9&pageSize=100&type=rankSingles&sort=asc&metric=SINGLES&at=2025-10-13&name=&nationality=,2026-03-22T00:47:05Z
wta,2025-10-13,324486,Holly Hutchinson,Holly Hutchinson,990,20,https://api.wtatennis.com/tennis/players/ranked?page=9&pageSize=100&type=rankSingles&sort=asc&metric=SINGLES&at=2025-10-13&name=&nationality=,2026-03-22T00:47:05Z
wta,2025-10-13,331790,Anjali Rathi,Anjali Rathi,991,20,https://api.wtatennis.com/tennis/players/ranked?page=9&pageSize=100&type=rankSingles&sort=asc&metric=SINGLES&at=2025-10-13&name=&nationality=,2026-03-22T00:47:05Z
wta,2025-10-13,333704,Elizabeth Ionescu,Elizabeth Ionescu,992,20,https://api.wtatennis.com/tennis/players/ranked?page=9&pageSize=100&type=rankSingles&sort=asc&metric=SINGLES&at=2025-10-13&name=&nationality=,2026-03-22T00:47:05Z
wta,2025-10-13,321421,Valentina Losciale,Valentina Losciale,993,20,https://api.wtatennis.com/tennis/players/ranked?page=9&pageSize=100&type=rankSingles&sort=asc&metric=SINGLES&at=2025-10-13&name=&nationality=,2026-03-22T00:47:05Z
wta,2025-10-13,327345,Judith Perello Saavedra,Judith Perello Saavedra,994,20,https://api.wtatennis.com/tennis/players/ranked?page=9&pageSize=100&type=rankSingles&sort=asc&metric=SINGLES&at=2025-10-13&name=&nationality=,2026-03-22T00:47:05Z
wta,2025-10-13,329160,Fabienne Gettwart,Fabienne Gettwart,995,20,https://api.wtatennis.com/tennis/players/ranked?page=9&pageSize=100&type=rankSingles&sort=asc&metric=SINGLES&at=2025-10-13&name=&nationality=,2026-03-22T00:47:05Z
wta,2025-10-13,323643,Gloria Ceschi,Gloria Ceschi,995,20,https://api.wtatennis.com/tennis/players/ranked?page=9&pageSize=100&type=rankSingles&sort=asc&metric=SINGLES&at=2025-10-13&name=&nationality=,2026-03-22T00:47:05Z
wta,2025-10-13,328590,Jenna Dean,Jenna Dean,997,20,https://api.wtatennis.com/tennis/players/ranked?page=9&pageSize=100&type=rankSingles&sort=asc&metric=SINGLES&at=2025-10-13&name=&nationality=,2026-03-22T00:47:05Z
wta,2025-10-13,329220,Carlotta Moccia,Carlotta Moccia,998,20,https://api.wtatennis.com/tennis/players/ranked?page=9&pageSize=100&type=rankSingles&sort=asc&metric=SINGLES&at=2025-10-13&name=&nationality=,2026-03-22T00:47:05Z
wta,2025-10-13,326937,Jizel Matos Sequeira Fernandes,Jizel Matos Sequeira Fernandes,999,20,https://api.wtatennis.com/tennis/players/ranked?page=9&pageSize=100&type=rankSingles&sort=asc&metric=SINGLES&at=2025-10-13&name=&nationality=,2026-03-22T00:47:05Z
wta,2025-10-13,317820,Makoto Ninomiya,Makoto Ninomiya,1000,19,https://api.wtatennis.com/tennis/players/ranked?page=9&pageSize=100&type=rankSingles&sort=asc&metric=SINGLES&at=2025-10-13&name=&nationality=,2026-03-22T00:47:05Z
wta,2025-10-13,331859,Claudia Sofia Martinez Solis,Claudia Sofia Martinez Solis,1001,19,https://api.wtatennis.com/tennis/players/ranked?page=10&pageSize=100&type=rankSingles&sort=asc&metric=SINGLES&at=2025-10-13&name=&nationality=,2026-03-22T00:47:05Z
wta,2025-10-13,319256,Ho Ching Wu,Ho Ching Wu,1002,19,https://api.wtatennis.com/tennis/players/ranked?page=10&pageSize=100&type=rankSingles&sort=asc&metric=SINGLES&at=2025-10-13&name=&nationality=,2026-03-22T00:47:05Z
wta,2025-10-13,335550,Giselle Isabell Guillen,Giselle Isabell Guillen,1003,19,https://api.wtatennis.com/tennis/players/ranked?page=10&pageSize=100&type=rankSingles&sort=asc&metric=SINGLES&at=2025-10-13&name=&nationality=,2026-03-22T00:47:05Z
wta,2025-10-13,332739,Aspen Schuman,Aspen Schuman,1004,19,https://api.wtatennis.com/tennis/players/ranked?page=10&pageSize=100&type=rankSingles&sort=asc&metric=SINGLES&at=2025-10-13&name=&nationality=,2026-03-22T00:47:05Z
wta,2025-10-13,332306,Gloriana Goreti Nahum,Gloriana Goreti Nahum,1005,19,https://api.wtatennis.com/tennis/players/ranked?page=10&pageSize=100&type=rankSingles&sort=asc&metric=SINGLES&at=2025-10-13&name=&nationality=,2026-03-22T00:47:05Z
wta,2025-10-13,332588,Kira Bataikina,Kira Bataikina,1006,19,https://api.wtatennis.com/tennis/players/ranked?page=10&pageSize=100&type=rankSingles&sort=asc&metric=SINGLES&at=2025-10-13&name=&nationality=,2026-03-22T00:47:05Z
wta,2025-10-13,335013,Lexue Xiao,Lexue Xiao,1007,19,https://api.wtatennis.com/tennis/players/ranked?page=10&pageSize=100&type=rankSingles&sort=asc&metric=SINGLES&at=2025-10-13&name=&nationality=,2026-03-22T00:47:05Z
wta,2025-10-13,331897,Lara Smejkal,Lara Smejkal,1008,19,https://api.wtatennis.com/tennis/players/ranked?page=10&pageSize=100&type=rankSingles&sort=asc&metric=SINGLES&at=2025-10-13&name=&nationality=,2026-03-22T00:47:05Z
wta,2025-10-13,333354,Shiho Tsujioka,Shiho Tsujioka,1009,19,https://api.wtatennis.com/tennis/players/ranked?page=10&pageSize=100&type=rankSingles&sort=asc&metric=SINGLES&at=2025-10-13&name=&nationality=,2026-03-22T00:47:05Z
wta,2025-10-13,333587,Yingqun Sun,Yingqun Sun,1010,19,https://api.wtatennis.com/tennis/players/ranked?page=10&pageSize=100&type=rankSingles&sort=asc&metric=SINGLES&at=2025-10-13&name=&nationality=,2026-03-22T00:47:05Z
wta,2025-10-13,330991,Lucie Pawlak,Lucie Pawlak,1011,19,https://api.wtatennis.com/tennis/players/ranked?page=10&pageSize=100&type=rankSingles&sort=asc&metric=SINGLES&at=2025-10-13&name=&nationality=,2026-03-22T00:47:05Z
wta,2025-10-13,327569,Kolie Allen,Kolie Allen,1012,19,https://api.wtatennis.com/tennis/players/ranked?page=10&pageSize=100&type=rankSingles&sort=asc&metric=SINGLES&at=2025-10-13&name=&nationality=,2026-03-22T00:47:05Z
wta,2025-10-13,333699,Kallista Liu,Kallista Liu,1013,19,https://api.wtatennis.com/tennis/players/ranked?page=10&pageSize=100&type=rankSingles&sort=asc&metric=SINGLES&at=2025-10-13&name=&nationality=,2026-03-22T00:47:05Z
wta,2025-10-13,333774,Diana-Ioana Simionescu,Diana-Ioana Simionescu,1014,19,https://api.wtatennis.com/tennis/players/ranked?page=10&pageSize=100&type=rankSingles&sort=asc&metric=SINGLES&at=2025-10-13&name=&nationality=,2026-03-22T00:47:05Z
wta,2025-10-13,314563,Tara Moore,Tara Moore,1015,18,https://api.wtatennis.com/tennis/players/ranked?page=10&pageSize=100&type=rankSingles&sort=asc&metric=SINGLES&at=2025-10-13&name=&nationality=,2026-03-22T00:47:05Z
wta,2025-10-13,319097,Tayisiya Morderger,Tayisiya Morderger,1016,18,https://api.wtatennis.com/tennis/players/ranked?page=10&pageSize=100&type=rankSingles&sort=asc&metric=SINGLES&at=2025-10-13&name=&nationality=,2026-03-22T00:47:05Z
wta,2025-10-13,326644,Denisa Hindova,Denisa Hindova,1017,18,https://api.wtatennis.com/tennis/players/ranked?page=10&pageSize=100&type=rankSingles&sort=asc&metric=SINGLES&at=2025-10-13&name=&nationality=,2026-03-22T00:47:05Z
wta,2025-10-13,334029,Suha Lee,Suha Lee,1018,18,https://api.wtatennis.com/tennis/players/ranked?page=10&pageSize=100&type=rankSingles&sort=asc&metric=SINGLES&at=2025-10-13&name=&nationality=,2026-03-22T00:47:05Z
wta,2025-10-13,333676,Shiyu Ye,Shiyu Ye,1019,18,https://api.wtatennis.com/tennis/players/ranked?page=10&pageSize=100&type=rankSingles&sort=asc&metric=SINGLES&at=2025-10-13&name=&nationality=,2026-03-22T00:47:05Z
wta,2025-10-13,333555,Anna Snigireva,Anna Snigireva,1020,18,https://api.wtatennis.com/tennis/players/ranked?page=10&pageSize=100&type=rankSingles&sort=asc&metric=SINGLES&at=2025-10-13&name=&nationality=,2026-03-22T00:47:05Z
wta,2025-10-13,335910,Polina Skliar,Polina Skliar,1020,18,https://api.wtatennis.com/tennis/players/ranked?page=10&pageSize=100&type=rankSingles&sort=asc&metric=SINGLES&at=2025-10-13&name=&nationality=,2026-03-22T00:47:05Z
wta,2025-10-13,334971,Antonia Stoyanov,Antonia Stoyanov,1022,18,https://api.wtatennis.com/tennis/players/ranked?page=10&pageSize=100&type=rankSingles&sort=asc&metric=SINGLES&at=2025-10-13&name=&nationality=,2026-03-22T00:47:05Z
wta,2025-10-13,334992,Naomi Mckenzie,Naomi Mckenzie,1023,18,https://api.wtatennis.com/tennis/players/ranked?page=10&pageSize=100&type=rankSingles&sort=asc&metric=SINGLES&at=2025-10-13&name=&nationality=,2026-03-22T00:47:05Z
wta,2025-10-13,332956,Michela Castro Zunino,Michela Castro Zunino,1024,18,https://api.wtatennis.com/tennis/players/ranked?page=10&pageSize=100&type=rankSingles&sort=asc&metric=SINGLES&at=2025-10-13&name=&nationality=,2026-03-22T00:47:05Z
wta,2025-10-13,332843,Lorena Solar Donoso,Lorena Solar Donoso,1024,18,https://api.wtatennis.com/tennis/players/ranked?page=10&pageSize=100&type=rankSingles&sort=asc&metric=SINGLES&at=2025-10-13&name=&nationality=,2026-03-22T00:47:05Z
wta,2025-10-13,333497,Cheuk Ying Shek,Cheuk Ying Shek,1026,18,https://api.wtatennis.com/tennis/players/ranked?page=10&pageSize=100&type=rankSingles&sort=asc&metric=SINGLES&at=2025-10-13&name=&nationality=,2026-03-22T00:47:05Z
wta,2025-10-13,329092,Lucie Nguyen Tan,Lucie Nguyen Tan,1026,18,https://api.wtatennis.com/tennis/players/ranked?page=10&pageSize=100&type=rankSingles&sort=asc&metric=SINGLES&at=2025-10-13&name=&nationality=,2026-03-22T00:47:05Z
wta,2025-10-13,311791,Aravane Rezai,Aravane Rezai,1028,18,https://api.wtatennis.com/tennis/players/ranked?page=10&pageSize=100&type=rankSingles&sort=asc&metric=SINGLES&at=2025-10-13&name=&nationality=,2026-03-22T00:47:05Z
wta,2025-10-13,332039,Claudia Ferrer Perez,Claudia Ferrer Perez,1029,18,https://api.wtatennis.com/tennis/players/ranked?page=10&pageSize=100&type=rankSingles&sort=asc&metric=SINGLES&at=2025-10-13&name=&nationality=,2026-03-22T00:47:05Z
wta,2025-10-13,311859,Vlada Ekshibarova,Vlada Ekshibarova,1030,18,https://api.wtatennis.com/tennis/players/ranked?page=10&pageSize=100&type=rankSingles&sort=asc&metric=SINGLES&at=2025-10-13&name=&nationality=,2026-03-22T00:47:05Z
wta,2025-10-13,328805,Krystyna Pochtovyk,Krystyna Pochtovyk,1031,18,https://api.wtatennis.com/tennis/players/ranked?page=10&pageSize=100&type=rankSingles&sort=asc&metric=SINGLES&at=2025-10-13&name=&nationality=,2026-03-22T00:47:05Z
wta,2025-10-13,329590,Sara Mikaca,Sara Mikaca,1032,18,https://api.wtatennis.com/tennis/players/ranked?page=10&pageSize=100&type=rankSingles&sort=asc&metric=SINGLES&at=2025-10-13&name=&nationality=,2026-03-22T00:47:05Z
wta,2025-10-13,323970,Kisa Yoshioka,Kisa Yoshioka,1033,18,https://api.wtatennis.com/tennis/players/ranked?page=10&pageSize=100&type=rankSingles&sort=asc&metric=SINGLES&at=2025-10-13&name=&nationality=,2026-03-22T00:47:05Z
wta,2025-10-13,318790,Ana Filipa Santos,Ana Filipa Santos,1034,17,https://api.wtatennis.com/tennis/players/ranked?page=10&pageSize=100&type=rankSingles&sort=asc&metric=SINGLES&at=2025-10-13&name=&nationality=,2026-03-22T00:47:05Z
wta,2025-10-13,334395,Tegan Bush,Tegan Bush,1035,17,https://api.wtatennis.com/tennis/players/ranked?page=10&pageSize=100&type=rankSingles&sort=asc&metric=SINGLES&at=2025-10-13&name=&nationality=,2026-03-22T00:47:05Z
wta,2025-10-13,315695,Yuliana Lizarazo,Yuliana Lizarazo,1036,17,https://api.wtatennis.com/tennis/players/ranked?page=10&pageSize=100&type=rankSingles&sort=asc&metric=SINGLES&at=2025-10-13&name=&nationality=,2026-03-22T00:47:05Z
wta,2025-10-13,320396,Fang Ying Xun,Fang Ying Xun,1037,17,https://api.wtatennis.com/tennis/players/ranked?page=10&pageSize=100&type=rankSingles&sort=asc&metric=SINGLES&at=2025-10-13&name=&nationality=,2026-03-22T00:47:05Z
wta,2025-10-13,329077,Eva Garkusha,Eva Garkusha,1038,17,https://api.wtatennis.com/tennis/players/ranked?page=10&pageSize=100&type=rankSingles&sort=asc&metric=SINGLES&at=2025-10-13&name=&nationality=,2026-03-22T00:47:05Z
wta,2025-10-13,319042,Allie Kiick,Allie Kiick,1039,17,https://api.wtatennis.com/tennis/players/ranked?page=10&pageSize=100&type=rankSingles&sort=asc&metric=SINGLES&at=2025-10-13&name=&nationality=,2026-03-22T00:47:05Z
wta,2025-10-13,332345,Ava Markham,Ava Markham,1040,17,https://api.wtatennis.com/tennis/players/ranked?page=10&pageSize=100&type=rankSingles&sort=asc&metric=SINGLES&at=2025-10-13&name=&nationality=,2026-03-22T00:47:05Z
wta,2025-10-13,332865,Sarah Mildren,Sarah Mildren,1041,17,https://api.wtatennis.com/tennis/players/ranked?page=10&pageSize=100&type=rankSingles&sort=asc&metric=SINGLES&at=2025-10-13&name=&nationality=,2026-03-22T00:47:05Z
wta,2025-10-13,336113,Jo-Yee Chan,Jo-Yee Chan,1042,17,https://api.wtatennis.com/tennis/players/ranked?page=10&pageSize=100&type=rankSingles&sort=asc&metric=SINGLES&at=2025-10-13&name=&nationality=,2026-03-22T00:47:05Z
wta,2025-10-13,324751,Nagomi Higashitani,Nagomi Higashitani,1043,17,https://api.wtatennis.com/tennis/players/ranked?page=10&pageSize=100&type=rankSingles&sort=asc&metric=SINGLES&at=2025-10-13&name=&nationality=,2026-03-22T00:47:05Z
wta,2025-10-13,334897,Margaux Maquet,Margaux Maquet,1044,17,https://api.wtatennis.com/tennis/players/ranked?page=10&pageSize=100&type=rankSingles&sort=asc&metric=SINGLES&at=2025-10-13&name=&nationality=,2026-03-22T00:47:05Z
wta,2025-10-13,330379,Coco Bosman,Coco Bosman,1045,17,https://api.wtatennis.com/tennis/players/ranked?page=10&pageSize=100&type=rankSingles&sort=asc&metric=SINGLES&at=2025-10-13&name=&nationality=,2026-03-22T00:47:05Z
wta,2025-10-13,332274,Victoria Pohle,Victoria Pohle,1046,17,https://api.wtatennis.com/tennis/players/ranked?page=10&pageSize=100&type=rankSingles&sort=asc&metric=SINGLES&at=2025-10-13&name=&nationality=,2026-03-22T00:47:05Z
wta,2025-10-13,327726,Karolina Vlckova,Karolina Vlckova,1047,17,https://api.wtatennis.com/tennis/players/ranked?page=10&pageSize=100&type=rankSingles&sort=asc&metric=SINGLES&at=2025-10-13&name=&nationality=,2026-03-22T00:47:05Z
wta,2025-10-13,329173,Nana Kawagishi,Nana Kawagishi,1048,17,https://api.wtatennis.com/tennis/players/ranked?page=10&pageSize=100&type=rankSingles&sort=asc&metric=SINGLES&at=2025-10-13&name=&nationality=,2026-03-22T00:47:05Z
wta,2025-10-13,324752,Yui Chikaraishi,Yui Chikaraishi,1049,17,https://api.wtatennis.com/tennis/players/ranked?page=10&pageSize=100&type=rankSingles&sort=asc&metric=SINGLES&at=2025-10-13&name=&nationality=,2026-03-22T00:47:05Z
wta,2025-10-13,331122,Maelle Leclercq,Maelle Leclercq,1050,17,https://api.wtatennis.com/tennis/players/ranked?page=10&pageSize=100&type=rankSingles&sort=asc&metric=SINGLES&at=2025-10-13&name=&nationality=,2026-03-22T00:47:05Z
wta,2025-10-13,334762,Valeriia Artemeva,Valeriia Artemeva,1051,17,https://api.wtatennis.com/tennis/players/ranked?page=10&pageSize=100&type=rankSingles&sort=asc&metric=SINGLES&at=2025-10-13&name=&nationality=,2026-03-22T00:47:05Z
wta,2025-10-13,333462,Polina Kaibekova,Polina Kaibekova,1052,17,https://api.wtatennis.com/tennis/players/ranked?page=10&pageSize=100&type=rankSingles&sort=asc&metric=SINGLES&at=2025-10-13&name=&nationality=,2026-03-22T00:47:05Z
wta,2025-10-13,332505,Valerie Glozman,Valerie Glozman,1053,16,https://api.wtatennis.com/tennis/players/ranked?page=10&pageSize=100&type=rankSingles&sort=asc&metric=SINGLES&at=2025-10-13&name=&nationality=,2026-03-22T00:47:05Z
wta,2025-10-13,313974,Karolina Pliskova,Karolina Pliskova,1054,16,https://api.wtatennis.com/tennis/players/ranked?page=10&pageSize=100&type=rankSingles&sort=asc&metric=SINGLES&at=2025-10-13&name=&nationality=,2026-03-22T00:47:05Z
wta,2025-10-13,331147,Liel Marlies Rothensteiner,Liel Marlies Rothensteiner,1055,16,https://api.wtatennis.com/tennis/players/ranked?page=10&pageSize=100&type=rankSingles&sort=asc&metric=SINGLES&at=2025-10-13&name=&nationality=,2026-03-22T00:47:05Z
wta,2025-10-13,329185,Amy Stevens,Amy Stevens,1056,16,https://api.wtatennis.com/tennis/players/ranked?page=10&pageSize=100&type=rankSingles&sort=asc&metric=SINGLES&at=2025-10-13&name=&nationality=,2026-03-22T00:47:05Z
wta,2025-10-13,329131,Emma Charney,Emma Charney,1056,16,https://api.wtatennis.com/tennis/players/ranked?page=10&pageSize=100&type=rankSingles&sort=asc&metric=SINGLES&at=2025-10-13&name=&nationality=,2026-03-22T00:47:05Z
wta,2025-10-13,332792,Charlotte Keitel,Charlotte Keitel,1056,16,https://api.wtatennis.com/tennis/players/ranked?page=10&pageSize=100&type=rankSingles&sort=asc&metric=SINGLES&at=2025-10-13&name=&nationality=,2026-03-22T00:47:05Z
wta,2025-10-13,335764,Tina Manescu,Tina Manescu,1056,16,https://api.wtatennis.com/tennis/players/ranked?page=10&pageSize=100&type=rankSingles&sort=asc&metric=SINGLES&at=2025-10-13&name=&nationality=,2026-03-22T00:47:05Z
wta,2025-10-13,326630,Kateryna Diatlova,Kateryna Diatlova,1060,16,https://api.wtatennis.com/tennis/players/ranked?page=10&pageSize=100&type=rankSingles&sort=asc&metric=SINGLES&at=2025-10-13&name=&nationality=,2026-03-22T00:47:05Z
wta,2025-10-13,317495,Ani Amiraghyan,Ani Amiraghyan,1060,16,https://api.wtatennis.com/tennis/players/ranked?page=10&pageSize=100&type=rankSingles&sort=asc&metric=SINGLES&at=2025-10-13&name=&nationality=,2026-03-22T00:47:05Z
wta,2025-10-13,334583,Seda Baslilar,Seda Baslilar,1062,16,https://api.wtatennis.com/tennis/players/ranked?page=10&pageSize=100&type=rankSingles&sort=asc&metric=SINGLES&at=2025-10-13&name=&nationality=,2026-03-22T00:47:05Z
wta,2025-10-13,330994,Andrea Obradovic,Andrea Obradovic,1063,16,https://api.wtatennis.com/tennis/players/ranked?page=10&pageSize=100&type=rankSingles&sort=asc&metric=SINGLES&at=2025-10-13&name=&nationality=,2026-03-22T00:47:05Z
wta,2025-10-13,324276,Jennifer Dourado,Jennifer Dourado,1064,16,https://api.wtatennis.com/tennis/players/ranked?page=10&pageSize=100&type=rankSingles&sort=asc&metric=SINGLES&at=2025-10-13&name=&nationality=,2026-03-22T00:47:05Z
wta,2025-10-13,314058,Tori Kinard,Tori Kinard,1065,16,https://api.wtatennis.com/tennis/players/ranked?page=10&pageSize=100&type=rankSingles&sort=asc&metric=SINGLES&at=2025-10-13&name=&nationality=,2026-03-22T00:47:05Z
wta,2025-10-13,331554,Sofia Cohen Perovani,Sofia Cohen Perovani,1066,16,https://api.wtatennis.com/tennis/players/ranked?page=10&pageSize=100&type=rankSingles&sort=asc&metric=SINGLES&at=2025-10-13&name=&nationality=,2026-03-22T00:47:05Z
wta,2025-10-13,325221,Eunji Lee,Eunji Lee,1067,16,https://api.wtatennis.com/tennis/players/ranked?page=10&pageSize=100&type=rankSingles&sort=asc&metric=SINGLES&at=2025-10-13&name=&nationality=,2026-03-22T00:47:05Z
wta,2025-10-13,324622,Polina Bakhmutkina,Polina Bakhmutkina,1068,16,https://api.wtatennis.com/tennis/players/ranked?page=10&pageSize=100&type=rankSingles&sort=asc&metric=SINGLES&at=2025-10-13&name=&nationality=,2026-03-22T00:47:05Z
wta,2025-10-13,332086,Claudia Gasparovic,Claudia Gasparovic,1068,16,https://api.wtatennis.com/tennis/players/ranked?page=10&pageSize=100&type=rankSingles&sort=asc&metric=SINGLES&at=2025-10-13&name=&nationality=,2026-03-22T00:47:05Z
wta,2025-10-13,327206,Amanda Nava Elkin,Amanda Nava Elkin,1070,16,https://api.wtatennis.com/tennis/players/ranked?page=10&pageSize=100&type=rankSingles&sort=asc&metric=SINGLES&at=2025-10-13&name=&nationality=,2026-03-22T00:47:05Z
wta,2025-10-13,335945,Ru Xi Wu,Ru Xi Wu,1071,15,https://api.wtatennis.com/tennis/players/ranked?page=10&pageSize=100&type=rankSingles&sort=asc&metric=SINGLES&at=2025-10-13&name=&nationality=,2026-03-22T00:47:05Z
wta,2025-10-13,336018,Nadia Kulbiej,Nadia Kulbiej,1072,15,https://api.wtatennis.com/tennis/players/ranked?page=10&pageSize=100&type=rankSingles&sort=asc&metric=SINGLES&at=2025-10-13&name=&nationality=,2026-03-22T00:47:05Z
wta,2025-10-13,335306,Kim Chiarello,Kim Chiarello,1073,15,https://api.wtatennis.com/tennis/players/ranked?page=10&pageSize=100&type=rankSingles&sort=asc&metric=SINGLES&at=2025-10-13&name=&nationality=,2026-03-22T00:47:05Z
wta,2025-10-13,335238,Barbara Kostecka,Barbara Kostecka,1073,15,https://api.wtatennis.com/tennis/players/ranked?page=10&pageSize=100&type=rankSingles&sort=asc&metric=SINGLES&at=2025-10-13&name=&nationality=,2026-03-22T00:47:05Z
wta,2025-10-13,312838,Anne Schaefer,Anne Schaefer,1073,15,https://api.wtatennis.com/tennis/players/ranked?page=10&pageSize=100&type=rankSingles&sort=asc&metric=SINGLES&at=2025-10-13&name=&nationality=,2026-03-22T00:47:05Z
wta,2025-10-13,316831,Laetitia Sarrazin,Laetitia Sarrazin,1073,15,https://api.wtatennis.com/tennis/players/ranked?page=10&pageSize=100&type=rankSingles&sort=asc&metric=SINGLES&at=2025-10-13&name=&nationality=,2026-03-22T00:47:05Z
wta,2025-10-13,334215,Amy Sucha,Amy Sucha,1077,15,https://api.wtatennis.com/tennis/players/ranked?page=10&pageSize=100&type=rankSingles&sort=asc&metric=SINGLES&at=2025-10-13&name=&nationality=,2026-03-22T00:47:05Z
wta,2025-10-13,326753,Ingrid Millan,Ingrid Millan,1078,15,https://api.wtatennis.com/tennis/players/ranked?page=10&pageSize=100&type=rankSingles&sort=asc&metric=SINGLES&at=2025-10-13&name=&nationality=,2026-03-22T00:47:05Z
wta,2025-10-13,332782,Shannon Lam,Shannon Lam,1079,15,https://api.wtatennis.com/tennis/players/ranked?page=10&pageSize=100&type=rankSingles&sort=asc&metric=SINGLES&at=2025-10-13&name=&nationality=,2026-03-22T00:47:05Z
wta,2025-10-13,322270,Mallaurie Noel,Mallaurie Noel,1080,15,https://api.wtatennis.com/tennis/players/ranked?page=10&pageSize=100&type=rankSingles&sort=asc&metric=SINGLES&at=2025-10-13&name=&nationality=,2026-03-22T00:47:05Z
wta,2025-10-13,333680,Xi Luo,Xi Luo,1081,15,https://api.wtatennis.com/tennis/players/ranked?page=10&pageSize=100&type=rankSingles&sort=asc&metric=SINGLES&at=2025-10-13&name=&nationality=,2026-03-22T00:47:05Z
wta,2025-10-13,335106,Marta Lombardini,Marta Lombardini,1082,15,https://api.wtatennis.com/tennis/players/ranked?page=10&pageSize=100&type=rankSingles&sort=asc&metric=SINGLES&at=2025-10-13&name=&nationality=,2026-03-22T00:47:05Z
wta,2025-10-13,328623,Emma Wilson,Emma Wilson,1082,15,https://api.wtatennis.com/tennis/players/ranked?page=10&pageSize=100&type=rankSingles&sort=asc&metric=SINGLES&at=2025-10-13&name=&nationality=,2026-03-22T00:47:05Z
wta,2025-10-13,335688,Ava Rodriguez,Ava Rodriguez,1084,15,https://api.wtatennis.com/tennis/players/ranked?page=10&pageSize=100&type=rankSingles&sort=asc&metric=SINGLES&at=2025-10-13&name=&nationality=,2026-03-22T00:47:05Z
wta,2025-10-13,333210,Daria Shadchneva,Daria Shadchneva,1085,15,https://api.wtatennis.com/tennis/players/ranked?page=10&pageSize=100&type=rankSingles&sort=asc&metric=SINGLES&at=2025-10-13&name=&nationality=,2026-03-22T00:47:05Z
wta,2025-10-13,333185,Polina Kuharenko,Polina Kuharenko,1085,15,https://api.wtatennis.com/tennis/players/ranked?page=10&pageSize=100&type=rankSingles&sort=asc&metric=SINGLES&at=2025-10-13&name=&nationality=,2026-03-22T00:47:05Z
wta,2025-10-13,330346,Luana Plaza Araujo,Luana Plaza Araujo,1087,15,https://api.wtatennis.com/tennis/players/ranked?page=10&pageSize=100&type=rankSingles&sort=asc&metric=SINGLES&at=2025-10-13&name=&nationality=,2026-03-22T00:47:05Z
wta,2025-10-13,334232,Kaat Coppez,Kaat Coppez,1088,15,https://api.wtatennis.com/tennis/players/ranked?page=10&pageSize=100&type=rankSingles&sort=asc&metric=SINGLES&at=2025-10-13&name=&nationality=,2026-03-22T00:47:05Z
wta,2025-10-13,334210,Rachael Smith,Rachael Smith,1089,15,https://api.wtatennis.com/tennis/players/ranked?page=10&pageSize=100&type=rankSingles&sort=asc&metric=SINGLES&at=2025-10-13&name=&nationality=,2026-03-22T00:47:05Z
wta,2025-10-13,330458,Emily De Oliveira,Emily De Oliveira,1090,15,https://api.wtatennis.com/tennis/players/ranked?page=10&pageSize=100&type=rankSingles&sort=asc&metric=SINGLES&at=2025-10-13&name=&nationality=,2026-03-22T00:47:05Z
wta,2025-10-13,331617,Andjela Lazarevic,Andjela Lazarevic,1091,15,https://api.wtatennis.com/tennis/players/ranked?page=10&pageSize=100&type=rankSingles&sort=asc&metric=SINGLES&at=2025-10-13&name=&nationality=,2026-03-22T00:47:05Z
wta,2025-10-13,315683,Sloane Stephens,Sloane Stephens,1092,14,https://api.wtatennis.com/tennis/players/ranked?page=10&pageSize=100&type=rankSingles&sort=asc&metric=SINGLES&at=2025-10-13&name=&nationality=,2026-03-22T00:47:05Z
wta,2025-10-13,328440,Eleonora Alvisi,Eleonora Alvisi,1093,14,https://api.wtatennis.com/tennis/players/ranked?page=10&pageSize=100&type=rankSingles&sort=asc&metric=SINGLES&at=2025-10-13&name=&nationality=,2026-03-22T00:47:05Z
wta,2025-10-13,329191,Fanny Norin,Fanny Norin,1094,14,https://api.wtatennis.com/tennis/players/ranked?page=10&pageSize=100&type=rankSingles&sort=asc&metric=SINGLES&at=2025-10-13&name=&nationality=,2026-03-22T00:47:05Z
wta,2025-10-13,321913,Ines Ibbou,Ines Ibbou,1095,14,https://api.wtatennis.com/tennis/players/ranked?page=10&pageSize=100&type=rankSingles&sort=asc&metric=SINGLES&at=2025-10-13&name=&nationality=,2026-03-22T00:47:05Z
wta,2025-10-13,325773,Lauryn John-Baptiste,Lauryn John-Baptiste,1096,14,https://api.wtatennis.com/tennis/players/ranked?page=10&pageSize=100&type=rankSingles&sort=asc&metric=SINGLES&at=2025-10-13&name=&nationality=,2026-03-22T00:47:05Z
wta,2025-10-13,328722,Alexandra Iordache,Alexandra Iordache,1097,14,https://api.wtatennis.com/tennis/players/ranked?page=10&pageSize=100&type=rankSingles&sort=asc&metric=SINGLES&at=2025-10-13&name=&nationality=,2026-03-22T00:47:05Z
wta,2025-10-13,330720,Irina Balus,Irina Balus,1097,14,https://api.wtatennis.com/tennis/players/ranked?page=10&pageSize=100&type=rankSingles&sort=asc&metric=SINGLES&at=2025-10-13&name=&nationality=,2026-03-22T00:47:05Z
wta,2025-10-13,332753,Lorena Schaedel,Lorena Schaedel,1099,14,https://api.wtatennis.com/tennis/players/ranked?page=10&pageSize=100&type=rankSingles&sort=asc&metric=SINGLES&at=2025-10-13&name=&nationality=,2026-03-22T00:47:05Z
wta,2025-10-13,332990,Alice  Ferlito,Alice  Ferlito,1100,14,https://api.wtatennis.com/tennis/players/ranked?page=10&pageSize=100&type=rankSingles&sort=asc&metric=SINGLES&at=2025-10-13&name=&nationality=,2026-03-22T00:47:05Z
wta,2025-10-13,327672,Nicole Rivkin,Nicole Rivkin,1101,14,https://api.wtatennis.com/tennis/players/ranked?page=11&pageSize=100&type=rankSingles&sort=asc&metric=SINGLES&at=2025-10-13&name=&nationality=,2026-03-22T00:47:06Z
wta,2025-10-13,324753,Anri Nagata,Anri Nagata,1102,14,https://api.wtatennis.com/tennis/players/ranked?page=11&pageSize=100&type=rankSingles&sort=asc&metric=SINGLES&at=2025-10-13&name=&nationality=,2026-03-22T00:47:06Z
wta,2025-10-13,321681,Katarina Stresnakova,Katarina Stresnakova,1102,14,https://api.wtatennis.com/tennis/players/ranked?page=11&pageSize=100&type=rankSingles&sort=asc&metric=SINGLES&at=2025-10-13&name=&nationality=,2026-03-22T00:47:06Z
wta,2025-10-13,326119,Vlada Zvereva,Vlada Zvereva,1104,14,https://api.wtatennis.com/tennis/players/ranked?page=11&pageSize=100&type=rankSingles&sort=asc&metric=SINGLES&at=2025-10-13&name=&nationality=,2026-03-22T00:47:06Z
wta,2025-10-13,322983,Mouna Bouzgarrou,Mouna Bouzgarrou,1105,14,https://api.wtatennis.com/tennis/players/ranked?page=11&pageSize=100&type=rankSingles&sort=asc&metric=SINGLES&at=2025-10-13&name=&nationality=,2026-03-22T00:47:06Z
wta,2025-10-13,320585,Alexandra Osborne,Alexandra Osborne,1106,14,https://api.wtatennis.com/tennis/players/ranked?page=11&pageSize=100&type=rankSingles&sort=asc&metric=SINGLES&at=2025-10-13&name=&nationality=,2026-03-22T00:47:06Z
wta,2025-10-13,325764,Isabel Adrover Gallego,Isabel Adrover Gallego,1107,14,https://api.wtatennis.com/tennis/players/ranked?page=11&pageSize=100&type=rankSingles&sort=asc&metric=SINGLES&at=2025-10-13&name=&nationality=,2026-03-22T00:47:06Z
wta,2025-10-13,334159,Kaede Usui,Kaede Usui,1107,14,https://api.wtatennis.com/tennis/players/ranked?page=11&pageSize=100&type=rankSingles&sort=asc&metric=SINGLES&at=2025-10-13&name=&nationality=,2026-03-22T00:47:06Z
wta,2025-10-13,330494,Smriti Bhasin,Smriti Bhasin,1109,14,https://api.wtatennis.com/tennis/players/ranked?page=11&pageSize=100&type=rankSingles&sort=asc&metric=SINGLES&at=2025-10-13&name=&nationality=,2026-03-22T00:47:06Z
wta,2025-10-13,333836,Alexandra Irina Anghel,Alexandra Irina Anghel,1110,14,https://api.wtatennis.com/tennis/players/ranked?page=11&pageSize=100&type=rankSingles&sort=asc&metric=SINGLES&at=2025-10-13&name=&nationality=,2026-03-22T00:47:06Z
wta,2025-10-13,334658,Zi Ying Ruan,Zi Ying Ruan,1111,14,https://api.wtatennis.com/tennis/players/ranked?page=11&pageSize=100&type=rankSingles&sort=asc&metric=SINGLES&at=2025-10-13&name=&nationality=,2026-03-22T00:47:06Z
wta,2025-10-13,324988,Mercedes Aristegui,Mercedes Aristegui,1111,14,https://api.wtatennis.com/tennis/players/ranked?page=11&pageSize=100&type=rankSingles&sort=asc&metric=SINGLES&at=2025-10-13&name=&nationality=,2026-03-22T00:47:06Z
wta,2025-10-13,331458,Arina Varaksina,Arina Varaksina,1113,14,https://api.wtatennis.com/tennis/players/ranked?page=11&pageSize=100&type=rankSingles&sort=asc&metric=SINGLES&at=2025-10-13&name=&nationality=,2026-03-22T00:47:06Z
wta,2025-10-13,320915,Alana Parnaby,Alana Parnaby,1114,14,https://api.wtatennis.com/tennis/players/ranked?page=11&pageSize=100&type=rankSingles&sort=asc&metric=SINGLES&at=2025-10-13&name=&nationality=,2026-03-22T00:47:06Z
wta,2025-10-13,328212,Giulia Paterno,Giulia Paterno,1115,14,https://api.wtatennis.com/tennis/players/ranked?page=11&pageSize=100&type=rankSingles&sort=asc&metric=SINGLES&at=2025-10-13&name=&nationality=,2026-03-22T00:47:06Z
wta,2025-10-13,330249,Maria Mikhailova,Maria Mikhailova,1116,14,https://api.wtatennis.com/tennis/players/ranked?page=11&pageSize=100&type=rankSingles&sort=asc&metric=SINGLES&at=2025-10-13&name=&nationality=,2026-03-22T00:47:06Z
wta,2025-10-13,322576,Nicole Gadient,Nicole Gadient,1116,14,https://api.wtatennis.com/tennis/players/ranked?page=11&pageSize=100&type=rankSingles&sort=asc&metric=SINGLES&at=2025-10-13&name=&nationality=,2026-03-22T00:47:06Z
wta,2025-10-13,330743,Lourdes Ayala,Lourdes Ayala,1118,14,https://api.wtatennis.com/tennis/players/ranked?page=11&pageSize=100&type=rankSingles&sort=asc&metric=SINGLES&at=2025-10-13&name=&nationality=,2026-03-22T00:47:06Z
wta,2025-10-13,334059,Cindy Langlais,Cindy Langlais,1119,13,https://api.wtatennis.com/tennis/players/ranked?page=11&pageSize=100&type=rankSingles&sort=asc&metric=SINGLES&at=2025-10-13&name=&nationality=,2026-03-22T00:47:06Z
wta,2025-10-13,130713,Bethanie Mattek-Sands,Bethanie Mattek-Sands,1120,13,https://api.wtatennis.com/tennis/players/ranked?page=11&pageSize=100&type=rankSingles&sort=asc&metric=SINGLES&at=2025-10-13&name=&nationality=,2026-03-22T00:47:06Z
wta,2025-10-13,331018,Tamara Kostic,Tamara Kostic,1121,13,https://api.wtatennis.com/tennis/players/ranked?page=11&pageSize=100&type=rankSingles&sort=asc&metric=SINGLES&at=2025-10-13&name=&nationality=,2026-03-22T00:47:06Z
wta,2025-10-13,327015,Selina Atay,Selina Atay,1122,13,https://api.wtatennis.com/tennis/players/ranked?page=11&pageSize=100&type=rankSingles&sort=asc&metric=SINGLES&at=2025-10-13&name=&nationality=,2026-03-22T00:47:06Z
wta,2025-10-13,319706,Dejana Radanovic,Dejana Radanovic,1123,13,https://api.wtatennis.com/tennis/players/ranked?page=11&pageSize=100&type=rankSingles&sort=asc&metric=SINGLES&at=2025-10-13&name=&nationality=,2026-03-22T00:47:06Z
wta,2025-10-13,331293,Alisa Vasileva,Alisa Vasileva,1124,13,https://api.wtatennis.com/tennis/players/ranked?page=11&pageSize=100&type=rankSingles&sort=asc&metric=SINGLES&at=2025-10-13&name=&nationality=,2026-03-22T00:47:06Z
wta,2025-10-13,332711,Reina Goto,Reina Goto,1125,13,https://api.wtatennis.com/tennis/players/ranked?page=11&pageSize=100&type=rankSingles&sort=asc&metric=SINGLES&at=2025-10-13&name=&nationality=,2026-03-22T00:47:06Z
wta,2025-10-13,334267,Anna Kartseva,Anna Kartseva,1126,13,https://api.wtatennis.com/tennis/players/ranked?page=11&pageSize=100&type=rankSingles&sort=asc&metric=SINGLES&at=2025-10-13&name=&nationality=,2026-03-22T00:47:06Z
wta,2025-10-13,320566,Karola  Bejenaru,Karola  Bejenaru,1126,13,https://api.wtatennis.com/tennis/players/ranked?page=11&pageSize=100&type=rankSingles&sort=asc&metric=SINGLES&at=2025-10-13&name=&nationality=,2026-03-22T00:47:06Z
wta,2025-10-13,323010,Julita Saner,Julita Saner,1128,13,https://api.wtatennis.com/tennis/players/ranked?page=11&pageSize=100&type=rankSingles&sort=asc&metric=SINGLES&at=2025-10-13&name=&nationality=,2026-03-22T00:47:06Z
wta,2025-10-13,327128,Maelys Bougrat,Maelys Bougrat,1129,13,https://api.wtatennis.com/tennis/players/ranked?page=11&pageSize=100&type=rankSingles&sort=asc&metric=SINGLES&at=2025-10-13&name=&nationality=,2026-03-22T00:47:06Z
wta,2025-10-13,328003,Humera Baharmus,Humera Baharmus,1130,13,https://api.wtatennis.com/tennis/players/ranked?page=11&pageSize=100&type=rankSingles&sort=asc&metric=SINGLES&at=2025-10-13&name=&nationality=,2026-03-22T00:47:06Z
wta,2025-10-13,330088,Lara Pfeifer,Lara Pfeifer,1131,13,https://api.wtatennis.com/tennis/players/ranked?page=11&pageSize=100&type=rankSingles&sort=asc&metric=SINGLES&at=2025-10-13&name=&nationality=,2026-03-22T00:47:06Z
wta,2025-10-13,331104,Anna Lena Ebster,Anna Lena Ebster,1132,13,https://api.wtatennis.com/tennis/players/ranked?page=11&pageSize=100&type=rankSingles&sort=asc&metric=SINGLES&at=2025-10-13&name=&nationality=,2026-03-22T00:47:06Z
wta,2025-10-13,332243,Patricia Goina,Patricia Goina,1133,13,https://api.wtatennis.com/tennis/players/ranked?page=11&pageSize=100&type=rankSingles&sort=asc&metric=SINGLES&at=2025-10-13&name=&nationality=,2026-03-22T00:47:06Z
wta,2025-10-13,326629,Mariia Bergen,Mariia Bergen,1134,13,https://api.wtatennis.com/tennis/players/ranked?page=11&pageSize=100&type=rankSingles&sort=asc&metric=SINGLES&at=2025-10-13&name=&nationality=,2026-03-22T00:47:06Z
wta,2025-10-13,327042,Ayline Samardzic,Ayline Samardzic,1135,13,https://api.wtatennis.com/tennis/players/ranked?page=11&pageSize=100&type=rankSingles&sort=asc&metric=SINGLES&at=2025-10-13&name=&nationality=,2026-03-22T00:47:06Z
wta,2025-10-13,329227,Marian Gomez Pezuela Cano,Marian Gomez Pezuela Cano,1136,13,https://api.wtatennis.com/tennis/players/ranked?page=11&pageSize=100&type=rankSingles&sort=asc&metric=SINGLES&at=2025-10-13&name=&nationality=,2026-03-22T00:47:06Z
wta,2025-10-13,321350,Saumya Vig,Saumya Vig,1137,13,https://api.wtatennis.com/tennis/players/ranked?page=11&pageSize=100&type=rankSingles&sort=asc&metric=SINGLES&at=2025-10-13&name=&nationality=,2026-03-22T00:47:06Z
wta,2025-10-13,334870,Maya Iyengar,Maya Iyengar,1138,12,https://api.wtatennis.com/tennis/players/ranked?page=11&pageSize=100&type=rankSingles&sort=asc&metric=SINGLES&at=2025-10-13&name=&nationality=,2026-03-22T00:47:06Z
wta,2025-10-13,319465,Eden Silva,Eden Silva,1139,12,https://api.wtatennis.com/tennis/players/ranked?page=11&pageSize=100&type=rankSingles&sort=asc&metric=SINGLES&at=2025-10-13&name=&nationality=,2026-03-22T00:47:06Z
wta,2025-10-13,330269,Catherine Aulia,Catherine Aulia,1140,12,https://api.wtatennis.com/tennis/players/ranked?page=11&pageSize=100&type=rankSingles&sort=asc&metric=SINGLES&at=2025-10-13&name=&nationality=,2026-03-22T00:47:06Z
wta,2025-10-13,319098,Yana Morderger,Yana Morderger,1141,12,https://api.wtatennis.com/tennis/players/ranked?page=11&pageSize=100&type=rankSingles&sort=asc&metric=SINGLES&at=2025-10-13&name=&nationality=,2026-03-22T00:47:06Z
wta,2025-10-13,334175,Deniz Dilek,Deniz Dilek,1142,12,https://api.wtatennis.com/tennis/players/ranked?page=11&pageSize=100&type=rankSingles&sort=asc&metric=SINGLES&at=2025-10-13&name=&nationality=,2026-03-22T00:47:06Z
wta,2025-10-13,316191,Min Liu,Min Liu,1143,12,https://api.wtatennis.com/tennis/players/ranked?page=11&pageSize=100&type=rankSingles&sort=asc&metric=SINGLES&at=2025-10-13&name=&nationality=,2026-03-22T00:47:06Z
wta,2025-10-13,332767,Kiara Zabkova,Kiara Zabkova,1144,12,https://api.wtatennis.com/tennis/players/ranked?page=11&pageSize=100&type=rankSingles&sort=asc&metric=SINGLES&at=2025-10-13&name=&nationality=,2026-03-22T00:47:06Z
wta,2025-10-13,335456,Zaire Clarke,Zaire Clarke,1145,12,https://api.wtatennis.com/tennis/players/ranked?page=11&pageSize=100&type=rankSingles&sort=asc&metric=SINGLES&at=2025-10-13&name=&nationality=,2026-03-22T00:47:06Z
wta,2025-10-13,332921,Berta Passola,Berta Passola,1146,12,https://api.wtatennis.com/tennis/players/ranked?page=11&pageSize=100&type=rankSingles&sort=asc&metric=SINGLES&at=2025-10-13&name=&nationality=,2026-03-22T00:47:06Z
wta,2025-10-13,323176,Paula Arias Manjon,Paula Arias Manjon,1147,12,https://api.wtatennis.com/tennis/players/ranked?page=11&pageSize=100&type=rankSingles&sort=asc&metric=SINGLES&at=2025-10-13&name=&nationality=,2026-03-22T00:47:06Z
wta,2025-10-13,328157,Karine Job,Karine Job,1147,12,https://api.wtatennis.com/tennis/players/ranked?page=11&pageSize=100&type=rankSingles&sort=asc&metric=SINGLES&at=2025-10-13&name=&nationality=,2026-03-22T00:47:06Z
wta,2025-10-13,335444,Chukwumelije Clarke,Chukwumelije Clarke,1149,12,https://api.wtatennis.com/tennis/players/ranked?page=11&pageSize=100&type=rankSingles&sort=asc&metric=SINGLES&at=2025-10-13&name=&nationality=,2026-03-22T00:47:06Z
wta,2025-10-13,329481,Nada Fouad,Nada Fouad,1150,12,https://api.wtatennis.com/tennis/players/ranked?page=11&pageSize=100&type=rankSingles&sort=asc&metric=SINGLES&at=2025-10-13&name=&nationality=,2026-03-22T00:47:06Z
wta,2025-10-13,330896,Alisa Baranovska,Alisa Baranovska,1150,12,https://api.wtatennis.com/tennis/players/ranked?page=11&pageSize=100&type=rankSingles&sort=asc&metric=SINGLES&at=2025-10-13&name=&nationality=,2026-03-22T00:47:06Z
wta,2025-10-13,334090,Nao Nishino,Nao Nishino,1152,12,https://api.wtatennis.com/tennis/players/ranked?page=11&pageSize=100&type=rankSingles&sort=asc&metric=SINGLES&at=2025-10-13&name=&nationality=,2026-03-22T00:47:06Z
wta,2025-10-13,333879,Leilany Ipunesso,Leilany Ipunesso,1153,12,https://api.wtatennis.com/tennis/players/ranked?page=11&pageSize=100&type=rankSingles&sort=asc&metric=SINGLES&at=2025-10-13&name=&nationality=,2026-03-22T00:47:06Z
wta,2025-10-13,318052,Rebeca Pereira,Rebeca Pereira,1154,12,https://api.wtatennis.com/tennis/players/ranked?page=11&pageSize=100&type=rankSingles&sort=asc&metric=SINGLES&at=2025-10-13&name=&nationality=,2026-03-22T00:47:06Z
wta,2025-10-13,330283,Jasmine Conway,Jasmine Conway,1155,12,https://api.wtatennis.com/tennis/players/ranked?page=11&pageSize=100&type=rankSingles&sort=asc&metric=SINGLES&at=2025-10-13&name=&nationality=,2026-03-22T00:47:06Z
wta,2025-10-13,323672,Soha Sadiq,Soha Sadiq,1156,12,https://api.wtatennis.com/tennis/players/ranked?page=11&pageSize=100&type=rankSingles&sort=asc&metric=SINGLES&at=2025-10-13&name=&nationality=,2026-03-22T00:47:06Z
wta,2025-10-13,329701,Annabelle Xu,Annabelle Xu,1157,12,https://api.wtatennis.com/tennis/players/ranked?page=11&pageSize=100&type=rankSingles&sort=asc&metric=SINGLES&at=2025-10-13&name=&nationality=,2026-03-22T00:47:06Z
wta,2025-10-13,332309,Amelie Justine Hejtmanek,Amelie Justine Hejtmanek,1157,12,https://api.wtatennis.com/tennis/players/ranked?page=11&pageSize=100&type=rankSingles&sort=asc&metric=SINGLES&at=2025-10-13&name=&nationality=,2026-03-22T00:47:06Z
wta,2025-10-13,332948,Remika Ohashi,Remika Ohashi,1159,12,https://api.wtatennis.com/tennis/players/ranked?page=11&pageSize=100&type=rankSingles&sort=asc&metric=SINGLES&at=2025-10-13&name=&nationality=,2026-03-22T00:47:06Z
wta,2025-10-13,332978,Mirjana Jovanovic,Mirjana Jovanovic,1160,12,https://api.wtatennis.com/tennis/players/ranked?page=11&pageSize=100&type=rankSingles&sort=asc&metric=SINGLES&at=2025-10-13&name=&nationality=,2026-03-22T00:47:06Z
wta,2025-10-13,330154,Pooja Ingale,Pooja Ingale,1161,12,https://api.wtatennis.com/tennis/players/ranked?page=11&pageSize=100&type=rankSingles&sort=asc&metric=SINGLES&at=2025-10-13&name=&nationality=,2026-03-22T00:47:06Z
wta,2025-10-13,325604,Maria Oliver Sanchez,Maria Oliver Sanchez,1162,12,https://api.wtatennis.com/tennis/players/ranked?page=11&pageSize=100&type=rankSingles&sort=asc&metric=SINGLES&at=2025-10-13&name=&nationality=,2026-03-22T00:47:06Z
wta,2025-10-13,329421,Ana Karen Guadiana Campos,Ana Karen Guadiana Campos,1163,11,https://api.wtatennis.com/tennis/players/ranked?page=11&pageSize=100&type=rankSingles&sort=asc&metric=SINGLES&at=2025-10-13&name=&nationality=,2026-03-22T00:47:06Z
wta,2025-10-13,328150,Mavie Osterreicher,Mavie Osterreicher,1164,11,https://api.wtatennis.com/tennis/players/ranked?page=11&pageSize=100&type=rankSingles&sort=asc&metric=SINGLES&at=2025-10-13&name=&nationality=,2026-03-22T00:47:06Z
wta,2025-10-13,332816,Aoi Ide,Aoi Ide,1165,11,https://api.wtatennis.com/tennis/players/ranked?page=11&pageSize=100&type=rankSingles&sort=asc&metric=SINGLES&at=2025-10-13&name=&nationality=,2026-03-22T00:47:06Z
wta,2025-10-13,331789,Shruti Ahlawat,Shruti Ahlawat,1166,11,https://api.wtatennis.com/tennis/players/ranked?page=11&pageSize=100&type=rankSingles&sort=asc&metric=SINGLES&at=2025-10-13&name=&nationality=,2026-03-22T00:47:06Z
wta,2025-10-13,335473,Jizelle Sibai,Jizelle Sibai,1167,11,https://api.wtatennis.com/tennis/players/ranked?page=11&pageSize=100&type=rankSingles&sort=asc&metric=SINGLES&at=2025-10-13&name=&nationality=,2026-03-22T00:47:06Z
wta,2025-10-13,331774,Lisa Claeys,Lisa Claeys,1168,11,https://api.wtatennis.com/tennis/players/ranked?page=11&pageSize=100&type=rankSingles&sort=asc&metric=SINGLES&at=2025-10-13&name=&nationality=,2026-03-22T00:47:06Z
wta,2025-10-13,332380,Cara Korhonen,Cara Korhonen,1169,11,https://api.wtatennis.com/tennis/players/ranked?page=11&pageSize=100&type=rankSingles&sort=asc&metric=SINGLES&at=2025-10-13&name=&nationality=,2026-03-22T00:47:06Z
wta,2025-10-13,333945,Tereza Krejcova,Tereza Krejcova,1169,11,https://api.wtatennis.com/tennis/players/ranked?page=11&pageSize=100&type=rankSingles&sort=asc&metric=SINGLES&at=2025-10-13&name=&nationality=,2026-03-22T00:47:06Z
wta,2025-10-13,327423,Pia Praefke,Pia Praefke,1169,11,https://api.wtatennis.com/tennis/players/ranked?page=11&pageSize=100&type=rankSingles&sort=asc&metric=SINGLES&at=2025-10-13&name=&nationality=,2026-03-22T00:47:06Z
wta,2025-10-13,331082,Emma Kamper,Emma Kamper,1172,11,https://api.wtatennis.com/tennis/players/ranked?page=11&pageSize=100&type=rankSingles&sort=asc&metric=SINGLES&at=2025-10-13&name=&nationality=,2026-03-22T00:47:06Z
wta,2025-10-13,323621,Johanna Silva,Johanna Silva,1172,11,https://api.wtatennis.com/tennis/players/ranked?page=11&pageSize=100&type=rankSingles&sort=asc&metric=SINGLES&at=2025-10-13&name=&nationality=,2026-03-22T00:47:06Z
wta,2025-10-13,333756,Inka Wawrzkiewicz,Inka Wawrzkiewicz,1172,11,https://api.wtatennis.com/tennis/players/ranked?page=11&pageSize=100&type=rankSingles&sort=asc&metric=SINGLES&at=2025-10-13&name=&nationality=,2026-03-22T00:47:06Z
wta,2025-10-13,334629,Luna Vujovic,Luna Vujovic,1172,11,https://api.wtatennis.com/tennis/players/ranked?page=11&pageSize=100&type=rankSingles&sort=asc&metric=SINGLES&at=2025-10-13&name=&nationality=,2026-03-22T00:47:06Z
wta,2025-10-13,323953,Anastasia Iamachkine,Anastasia Iamachkine,1176,11,https://api.wtatennis.com/tennis/players/ranked?page=11&pageSize=100&type=rankSingles&sort=asc&metric=SINGLES&at=2025-10-13&name=&nationality=,2026-03-22T00:47:06Z
wta,2025-10-13,322506,Giuliana Bestetti,Giuliana Bestetti,1177,11,https://api.wtatennis.com/tennis/players/ranked?page=11&pageSize=100&type=rankSingles&sort=asc&metric=SINGLES&at=2025-10-13&name=&nationality=,2026-03-22T00:47:06Z
wta,2025-10-13,328304,Oceane Babel,Oceane Babel,1177,11,https://api.wtatennis.com/tennis/players/ranked?page=11&pageSize=100&type=rankSingles&sort=asc&metric=SINGLES&at=2025-10-13&name=&nationality=,2026-03-22T00:47:06Z
wta,2025-10-13,335405,Sydney Jara,Sydney Jara,1177,11,https://api.wtatennis.com/tennis/players/ranked?page=11&pageSize=100&type=rankSingles&sort=asc&metric=SINGLES&at=2025-10-13&name=&nationality=,2026-03-22T00:47:06Z
wta,2025-10-13,334003,Stefaniya Pushkar,Stefaniya Pushkar,1180,11,https://api.wtatennis.com/tennis/players/ranked?page=11&pageSize=100&type=rankSingles&sort=asc&metric=SINGLES&at=2025-10-13&name=&nationality=,2026-03-22T00:47:06Z
wta,2025-10-13,322428,Claudia Hoste Ferrer,Claudia Hoste Ferrer,1181,11,https://api.wtatennis.com/tennis/players/ranked?page=11&pageSize=100&type=rankSingles&sort=asc&metric=SINGLES&at=2025-10-13&name=&nationality=,2026-03-22T00:47:06Z
wta,2025-10-13,325906,Milana Maslenkova,Milana Maslenkova,1181,11,https://api.wtatennis.com/tennis/players/ranked?page=11&pageSize=100&type=rankSingles&sort=asc&metric=SINGLES&at=2025-10-13&name=&nationality=,2026-03-22T00:47:06Z
wta,2025-10-13,329020,Maria Andrienko,Maria Andrienko,1183,11,https://api.wtatennis.com/tennis/players/ranked?page=11&pageSize=100&type=rankSingles&sort=asc&metric=SINGLES&at=2025-10-13&name=&nationality=,2026-03-22T00:47:06Z
wta,2025-10-13,325860,Helena Stevic,Helena Stevic,1184,11,https://api.wtatennis.com/tennis/players/ranked?page=11&pageSize=100&type=rankSingles&sort=asc&metric=SINGLES&at=2025-10-13&name=&nationality=,2026-03-22T00:47:06Z
wta,2025-10-13,331895,Kamonwan Yodpetch,Kamonwan Yodpetch,1184,11,https://api.wtatennis.com/tennis/players/ranked?page=11&pageSize=100&type=rankSingles&sort=asc&metric=SINGLES&at=2025-10-13&name=&nationality=,2026-03-22T00:47:06Z
wta,2025-10-13,336158,Alesia Breaz,Alesia Breaz,1184,11,https://api.wtatennis.com/tennis/players/ranked?page=11&pageSize=100&type=rankSingles&sort=asc&metric=SINGLES&at=2025-10-13&name=&nationality=,2026-03-22T00:47:06Z
wta,2025-10-13,335166,Sofia Martianova,Sofia Martianova,1184,11,https://api.wtatennis.com/tennis/players/ranked?page=11&pageSize=100&type=rankSingles&sort=asc&metric=SINGLES&at=2025-10-13&name=&nationality=,2026-03-22T00:47:06Z
wta,2025-10-13,327340,Laura Bohner,Laura Bohner,1188,11,https://api.wtatennis.com/tennis/players/ranked?page=11&pageSize=100&type=rankSingles&sort=asc&metric=SINGLES&at=2025-10-13&name=&nationality=,2026-03-22T00:47:06Z
wta,2025-10-13,331513,Analu Freitas,Analu Freitas,1189,10,https://api.wtatennis.com/tennis/players/ranked?page=11&pageSize=100&type=rankSingles&sort=asc&metric=SINGLES&at=2025-10-13&name=&nationality=,2026-03-22T00:47:06Z
wta,2025-10-13,333126,Ada Kumru,Ada Kumru,1190,10,https://api.wtatennis.com/tennis/players/ranked?page=11&pageSize=100&type=rankSingles&sort=asc&metric=SINGLES&at=2025-10-13&name=&nationality=,2026-03-22T00:47:06Z
wta,2025-10-13,312180,Naoko Eto,Naoko Eto,1191,10,https://api.wtatennis.com/tennis/players/ranked?page=11&pageSize=100&type=rankSingles&sort=asc&metric=SINGLES&at=2025-10-13&name=&nationality=,2026-03-22T00:47:06Z
wta,2025-10-13,325586,Diae El Jardi,Diae El Jardi,1192,10,https://api.wtatennis.com/tennis/players/ranked?page=11&pageSize=100&type=rankSingles&sort=asc&metric=SINGLES&at=2025-10-13&name=&nationality=,2026-03-22T00:47:06Z
wta,2025-10-13,330694,Thessy Ntondele Zinga,Thessy Ntondele Zinga,1193,10,https://api.wtatennis.com/tennis/players/ranked?page=11&pageSize=100&type=rankSingles&sort=asc&metric=SINGLES&at=2025-10-13&name=&nationality=,2026-03-22T00:47:06Z
wta,2025-10-13,336142,Xinle Geng,Xinle Geng,1193,10,https://api.wtatennis.com/tennis/players/ranked?page=11&pageSize=100&type=rankSingles&sort=asc&metric=SINGLES&at=2025-10-13&name=&nationality=,2026-03-22T00:47:06Z
wta,2025-10-13,334180,Kali Supova,Kali Supova,1195,10,https://api.wtatennis.com/tennis/players/ranked?page=11&pageSize=100&type=rankSingles&sort=asc&metric=SINGLES&at=2025-10-13&name=&nationality=,2026-03-22T00:47:06Z
wta,2025-10-13,332949,Rea Nakashima,Rea Nakashima,1195,10,https://api.wtatennis.com/tennis/players/ranked?page=11&pageSize=100&type=rankSingles&sort=asc&metric=SINGLES&at=2025-10-13&name=&nationality=,2026-03-22T00:47:06Z
wta,2025-10-13,317834,Pei-Chi Lee,Pei-Chi Lee,1197,10,https://api.wtatennis.com/tennis/players/ranked?page=11&pageSize=100&type=rankSingles&sort=asc&metric=SINGLES&at=2025-10-13&name=&nationality=,2026-03-22T00:47:06Z
wta,2025-10-13,317108,Audrey Albie,Audrey Albie,1198,10,https://api.wtatennis.com/tennis/players/ranked?page=11&pageSize=100&type=rankSingles&sort=asc&metric=SINGLES&at=2025-10-13&name=&nationality=,2026-03-22T00:47:06Z
wta,2025-10-13,333413,Celia Anson Sanchez,Celia Anson Sanchez,1198,10,https://api.wtatennis.com/tennis/players/ranked?page=11&pageSize=100&type=rankSingles&sort=asc&metric=SINGLES&at=2025-10-13&name=&nationality=,2026-03-22T00:47:06Z
wta,2025-10-13,332667,Mia Slama,Mia Slama,1200,10,https://api.wtatennis.com/tennis/players/ranked?page=11&pageSize=100&type=rankSingles&sort=asc&metric=SINGLES&at=2025-10-13&name=&nationality=,2026-03-22T00:47:06Z
wta,2025-10-13,332188,Claire Hill,Claire Hill,1200,10,https://api.wtatennis.com/tennis/players/ranked?page=12&pageSize=100&type=rankSingles&sort=asc&metric=SINGLES&at=2025-10-13&name=&nationality=,2026-03-22T00:47:06Z
wta,2025-10-13,336025,Lani Chang,Lani Chang,1200,10,https://api.wtatennis.com/tennis/players/ranked?page=12&pageSize=100&type=rankSingles&sort=asc&metric=SINGLES&at=2025-10-13&name=&nationality=,2026-03-22T00:47:06Z
wta,2025-10-13,335374,Mandegar Farzami,Mandegar Farzami,1200,10,https://api.wtatennis.com/tennis/players/ranked?page=12&pageSize=100&type=rankSingles&sort=asc&metric=SINGLES&at=2025-10-13&name=&nationality=,2026-03-22T00:47:06Z
wta,2025-10-13,321356,Eliessa Vanlangendonck,Eliessa Vanlangendonck,1200,10,https://api.wtatennis.com/tennis/players/ranked?page=12&pageSize=100&type=rankSingles&sort=asc&metric=SINGLES&at=2025-10-13&name=&nationality=,2026-03-22T00:47:06Z
wta,2025-10-13,324555,Anastasia Sukhotina,Anastasia Sukhotina,1200,10,https://api.wtatennis.com/tennis/players/ranked?page=12&pageSize=100&type=rankSingles&sort=asc&metric=SINGLES&at=2025-10-13&name=&nationality=,2026-03-22T00:47:06Z
wta,2025-10-13,330613,Karolina Mrazikova,Karolina Mrazikova,1206,10,https://api.wtatennis.com/tennis/players/ranked?page=12&pageSize=100&type=rankSingles&sort=asc&metric=SINGLES&at=2025-10-13&name=&nationality=,2026-03-22T00:47:06Z
wta,2025-10-13,331345,Rikke De Koning,Rikke De Koning,1207,10,https://api.wtatennis.com/tennis/players/ranked?page=12&pageSize=100&type=rankSingles&sort=asc&metric=SINGLES&at=2025-10-13&name=&nationality=,2026-03-22T00:47:06Z
wta,2025-10-13,329058,Katerina Mandelikova,Katerina Mandelikova,1208,10,https://api.wtatennis.com/tennis/players/ranked?page=12&pageSize=100&type=rankSingles&sort=asc&metric=SINGLES&at=2025-10-13&name=&nationality=,2026-03-22T00:47:06Z
wta,2025-10-13,324754,Yuka Hosoki,Yuka Hosoki,1209,10,https://api.wtatennis.com/tennis/players/ranked?page=12&pageSize=100&type=rankSingles&sort=asc&metric=SINGLES&at=2025-10-13&name=&nationality=,2026-03-22T00:47:06Z
wta,2025-10-13,326248,Yasmine Wagner,Yasmine Wagner,1210,10,https://api.wtatennis.com/tennis/players/ranked?page=12&pageSize=100&type=rankSingles&sort=asc&metric=SINGLES&at=2025-10-13&name=&nationality=,2026-03-22T00:47:06Z
wta,2025-10-13,331340,Sofia Suslova,Sofia Suslova,1210,10,https://api.wtatennis.com/tennis/players/ranked?page=12&pageSize=100&type=rankSingles&sort=asc&metric=SINGLES&at=2025-10-13&name=&nationality=,2026-03-22T00:47:06Z
wta,2025-10-13,331123,Carolann Delaunay,Carolann Delaunay,1210,10,https://api.wtatennis.com/tennis/players/ranked?page=12&pageSize=100&type=rankSingles&sort=asc&metric=SINGLES&at=2025-10-13&name=&nationality=,2026-03-22T00:47:06Z
wta,2025-10-13,330785,Maria Garcia,Maria Garcia,1210,10,https://api.wtatennis.com/tennis/players/ranked?page=12&pageSize=100&type=rankSingles&sort=asc&metric=SINGLES&at=2025-10-13&name=&nationality=,2026-03-22T00:47:06Z
wta,2025-10-13,335461,Juliana Giaccio,Juliana Giaccio,1210,10,https://api.wtatennis.com/tennis/players/ranked?page=12&pageSize=100&type=rankSingles&sort=asc&metric=SINGLES&at=2025-10-13&name=&nationality=,2026-03-22T00:47:06Z
wta,2025-10-13,332568,Saoirse Breen,Saoirse Breen,1210,10,https://api.wtatennis.com/tennis/players/ranked?page=12&pageSize=100&type=rankSingles&sort=asc&metric=SINGLES&at=2025-10-13&name=&nationality=,2026-03-22T00:47:06Z
wta,2025-10-13,333335,Ela Plosnik,Ela Plosnik,1216,10,https://api.wtatennis.com/tennis/players/ranked?page=12&pageSize=100&type=rankSingles&sort=asc&metric=SINGLES&at=2025-10-13&name=&nationality=,2026-03-22T00:47:06Z
wta,2025-10-13,333637,Olivia Bergler,Olivia Bergler,1217,10,https://api.wtatennis.com/tennis/players/ranked?page=12&pageSize=100&type=rankSingles&sort=asc&metric=SINGLES&at=2025-10-13&name=&nationality=,2026-03-22T00:47:06Z
wta,2025-10-13,330659,Laalitya Kalluri,Laalitya Kalluri,1218,10,https://api.wtatennis.com/tennis/players/ranked?page=12&pageSize=100&type=rankSingles&sort=asc&metric=SINGLES&at=2025-10-13&name=&nationality=,2026-03-22T00:47:06Z
wta,2025-10-13,332961,Laura Cilekova,Laura Cilekova,1219,10,https://api.wtatennis.com/tennis/players/ranked?page=12&pageSize=100&type=rankSingles&sort=asc&metric=SINGLES&at=2025-10-13&name=&nationality=,2026-03-22T00:47:06Z
wta,2025-10-13,331957,Isabella Svahn,Isabella Svahn,1219,10,https://api.wtatennis.com/tennis/players/ranked?page=12&pageSize=100&type=rankSingles&sort=asc&metric=SINGLES&at=2025-10-13&name=&nationality=,2026-03-22T00:47:06Z
wta,2025-10-13,332480,Ioana Teodora Sava,Ioana Teodora Sava,1221,10,https://api.wtatennis.com/tennis/players/ranked?page=12&pageSize=100&type=rankSingles&sort=asc&metric=SINGLES&at=2025-10-13&name=&nationality=,2026-03-22T00:47:06Z
wta,2025-10-13,329039,Beatris Spasova,Beatris Spasova,1221,10,https://api.wtatennis.com/tennis/players/ranked?page=12&pageSize=100&type=rankSingles&sort=asc&metric=SINGLES&at=2025-10-13&name=&nationality=,2026-03-22T00:47:06Z
wta,2025-10-13,329895,Caterina Odorizzi,Caterina Odorizzi,1223,10,https://api.wtatennis.com/tennis/players/ranked?page=12&pageSize=100&type=rankSingles&sort=asc&metric=SINGLES&at=2025-10-13&name=&nationality=,2026-03-22T00:47:06Z
wta,2025-10-13,326014,Barbara Dessolis,Barbara Dessolis,1223,10,https://api.wtatennis.com/tennis/players/ranked?page=12&pageSize=100&type=rankSingles&sort=asc&metric=SINGLES&at=2025-10-13&name=&nationality=,2026-03-22T00:47:06Z
wta,2025-10-13,329944,Emma Van Poppel,Emma Van Poppel,1225,10,https://api.wtatennis.com/tennis/players/ranked?page=12&pageSize=100&type=rankSingles&sort=asc&metric=SINGLES&at=2025-10-13&name=&nationality=,2026-03-22T00:47:06Z
wta,2025-10-13,331260,Xichen Zhao,Xichen Zhao,1225,10,https://api.wtatennis.com/tennis/players/ranked?page=12&pageSize=100&type=rankSingles&sort=asc&metric=SINGLES&at=2025-10-13&name=&nationality=,2026-03-22T00:47:06Z
wta,2025-10-13,328813,Lucia Llinares Domingo,Lucia Llinares Domingo,1225,10,https://api.wtatennis.com/tennis/players/ranked?page=12&pageSize=100&type=rankSingles&sort=asc&metric=SINGLES&at=2025-10-13&name=&nationality=,2026-03-22T00:47:06Z
wta,2025-10-13,333703,Anna Frey,Anna Frey,1228,9,https://api.wtatennis.com/tennis/players/ranked?page=12&pageSize=100&type=rankSingles&sort=asc&metric=SINGLES&at=2025-10-13&name=&nationality=,2026-03-22T00:47:06Z
wta,2025-10-13,333616,Charo Esquiva Banuls,Charo Esquiva Banuls,1229,9,https://api.wtatennis.com/tennis/players/ranked?page=12&pageSize=100&type=rankSingles&sort=asc&metric=SINGLES&at=2025-10-13&name=&nationality=,2026-03-22T00:47:06Z
wta,2025-10-13,319796,Maria Paulina Perez Garcia,Maria Paulina Perez Garcia,1230,9,https://api.wtatennis.com/tennis/players/ranked?page=12&pageSize=100&type=rankSingles&sort=asc&metric=SINGLES&at=2025-10-13&name=&nationality=,2026-03-22T00:47:06Z
wta,2025-10-13,332762,Alice Soulie,Alice Soulie,1231,9,https://api.wtatennis.com/tennis/players/ranked?page=12&pageSize=100&type=rankSingles&sort=asc&metric=SINGLES&at=2025-10-13&name=&nationality=,2026-03-22T00:47:06Z
wta,2025-10-13,332730,Sol Ailin Larraya Guidi,Sol Ailin Larraya Guidi,1231,9,https://api.wtatennis.com/tennis/players/ranked?page=12&pageSize=100&type=rankSingles&sort=asc&metric=SINGLES&at=2025-10-13&name=&nationality=,2026-03-22T00:47:06Z
wta,2025-10-13,332016,Dunja Maric,Dunja Maric,1233,9,https://api.wtatennis.com/tennis/players/ranked?page=12&pageSize=100&type=rankSingles&sort=asc&metric=SINGLES&at=2025-10-13&name=&nationality=,2026-03-22T00:47:06Z
wta,2025-10-13,324793,Malkia Menguene,Malkia Menguene,1233,9,https://api.wtatennis.com/tennis/players/ranked?page=12&pageSize=100&type=rankSingles&sort=asc&metric=SINGLES&at=2025-10-13&name=&nationality=,2026-03-22T00:47:06Z
wta,2025-10-13,327401,Jiho Shin,Jiho Shin,1235,9,https://api.wtatennis.com/tennis/players/ranked?page=12&pageSize=100&type=rankSingles&sort=asc&metric=SINGLES&at=2025-10-13&name=&nationality=,2026-03-22T00:47:06Z
wta,2025-10-13,333266,Aleksandra Pozarenko,Aleksandra Pozarenko,1235,9,https://api.wtatennis.com/tennis/players/ranked?page=12&pageSize=100&type=rankSingles&sort=asc&metric=SINGLES&at=2025-10-13&name=&nationality=,2026-03-22T00:47:06Z
wta,2025-10-13,335041,Anna Kmiecik,Anna Kmiecik,1235,9,https://api.wtatennis.com/tennis/players/ranked?page=12&pageSize=100&type=rankSingles&sort=asc&metric=SINGLES&at=2025-10-13&name=&nationality=,2026-03-22T00:47:06Z
wta,2025-10-13,335188,Barbara Straszewska,Barbara Straszewska,1238,9,https://api.wtatennis.com/tennis/players/ranked?page=12&pageSize=100&type=rankSingles&sort=asc&metric=SINGLES&at=2025-10-13&name=&nationality=,2026-03-22T00:47:06Z
wta,2025-10-13,334537,Lucrezia Musetti,Lucrezia Musetti,1238,9,https://api.wtatennis.com/tennis/players/ranked?page=12&pageSize=100&type=rankSingles&sort=asc&metric=SINGLES&at=2025-10-13&name=&nationality=,2026-03-22T00:47:06Z
wta,2025-10-13,335673,Gabriella Mikaul,Gabriella Mikaul,1238,9,https://api.wtatennis.com/tennis/players/ranked?page=12&pageSize=100&type=rankSingles&sort=asc&metric=SINGLES&at=2025-10-13&name=&nationality=,2026-03-22T00:47:06Z
wta,2025-10-13,328401,Julia Middendorf,Julia Middendorf,1238,9,https://api.wtatennis.com/tennis/players/ranked?page=12&pageSize=100&type=rankSingles&sort=asc&metric=SINGLES&at=2025-10-13&name=&nationality=,2026-03-22T00:47:06Z
wta,2025-10-13,322219,Manca Pislak,Manca Pislak,1238,9,https://api.wtatennis.com/tennis/players/ranked?page=12&pageSize=100&type=rankSingles&sort=asc&metric=SINGLES&at=2025-10-13&name=&nationality=,2026-03-22T00:47:06Z
wta,2025-10-13,313983,Ashmitha Easwaramurthi,Ashmitha Easwaramurthi,1243,9,https://api.wtatennis.com/tennis/players/ranked?page=12&pageSize=100&type=rankSingles&sort=asc&metric=SINGLES&at=2025-10-13&name=&nationality=,2026-03-22T00:47:06Z
wta,2025-10-13,334636,Angelica Sara,Angelica Sara,1243,9,https://api.wtatennis.com/tennis/players/ranked?page=12&pageSize=100&type=rankSingles&sort=asc&metric=SINGLES&at=2025-10-13&name=&nationality=,2026-03-22T00:47:06Z
wta,2025-10-13,333485,Kanon Sawashiro,Kanon Sawashiro,1245,9,https://api.wtatennis.com/tennis/players/ranked?page=12&pageSize=100&type=rankSingles&sort=asc&metric=SINGLES&at=2025-10-13&name=&nationality=,2026-03-22T00:47:06Z
wta,2025-10-13,331945,Barbora Michalkova,Barbora Michalkova,1245,9,https://api.wtatennis.com/tennis/players/ranked?page=12&pageSize=100&type=rankSingles&sort=asc&metric=SINGLES&at=2025-10-13&name=&nationality=,2026-03-22T00:47:06Z
wta,2025-10-13,324747,Ana Giraldi Requena,Ana Giraldi Requena,1245,9,https://api.wtatennis.com/tennis/players/ranked?page=12&pageSize=100&type=rankSingles&sort=asc&metric=SINGLES&at=2025-10-13&name=&nationality=,2026-03-22T00:47:06Z
wta,2025-10-13,328698,Phillippa Preugschat,Phillippa Preugschat,1245,9,https://api.wtatennis.com/tennis/players/ranked?page=12&pageSize=100&type=rankSingles&sort=asc&metric=SINGLES&at=2025-10-13&name=&nationality=,2026-03-22T00:47:06Z
wta,2025-10-13,328479,Jeong Moon,Jeong Moon,1245,9,https://api.wtatennis.com/tennis/players/ranked?page=12&pageSize=100&type=rankSingles&sort=asc&metric=SINGLES&at=2025-10-13&name=&nationality=,2026-03-22T00:47:06Z
wta,2025-10-13,330895,Sandugash Kenzhibayeva,Sandugash Kenzhibayeva,1245,9,https://api.wtatennis.com/tennis/players/ranked?page=12&pageSize=100&type=rankSingles&sort=asc&metric=SINGLES&at=2025-10-13&name=&nationality=,2026-03-22T00:47:06Z
wta,2025-10-13,330862,Emma Slavikova,Emma Slavikova,1251,9,https://api.wtatennis.com/tennis/players/ranked?page=12&pageSize=100&type=rankSingles&sort=asc&metric=SINGLES&at=2025-10-13&name=&nationality=,2026-03-22T00:47:06Z
wta,2025-10-13,329649,Elena Giessler,Elena Giessler,1252,9,https://api.wtatennis.com/tennis/players/ranked?page=12&pageSize=100&type=rankSingles&sort=asc&metric=SINGLES&at=2025-10-13&name=&nationality=,2026-03-22T00:47:06Z
wta,2025-10-13,331116,Aglaya Fedorova,Aglaya Fedorova,1253,9,https://api.wtatennis.com/tennis/players/ranked?page=12&pageSize=100&type=rankSingles&sort=asc&metric=SINGLES&at=2025-10-13&name=&nationality=,2026-03-22T00:47:06Z
wta,2025-10-13,331619,Marta Soriano Santiago,Marta Soriano Santiago,1253,9,https://api.wtatennis.com/tennis/players/ranked?page=12&pageSize=100&type=rankSingles&sort=asc&metric=SINGLES&at=2025-10-13&name=&nationality=,2026-03-22T00:47:06Z
wta,2025-10-13,334786,Sara Victoria Balan,Sara Victoria Balan,1253,9,https://api.wtatennis.com/tennis/players/ranked?page=12&pageSize=100&type=rankSingles&sort=asc&metric=SINGLES&at=2025-10-13&name=&nationality=,2026-03-22T00:47:06Z
wta,2025-10-13,329513,Shria Atturu,Shria Atturu,1256,9,https://api.wtatennis.com/tennis/players/ranked?page=12&pageSize=100&type=rankSingles&sort=asc&metric=SINGLES&at=2025-10-13&name=&nationality=,2026-03-22T00:47:06Z
wta,2025-10-13,326660,Summer Yardley,Summer Yardley,1257,9,https://api.wtatennis.com/tennis/players/ranked?page=12&pageSize=100&type=rankSingles&sort=asc&metric=SINGLES&at=2025-10-13&name=&nationality=,2026-03-22T00:47:06Z
wta,2025-10-13,332749,Melis Rasim,Melis Rasim,1257,9,https://api.wtatennis.com/tennis/players/ranked?page=12&pageSize=100&type=rankSingles&sort=asc&metric=SINGLES&at=2025-10-13&name=&nationality=,2026-03-22T00:47:06Z
wta,2025-10-13,334900,Anna Dvorackova,Anna Dvorackova,1259,8,https://api.wtatennis.com/tennis/players/ranked?page=12&pageSize=100&type=rankSingles&sort=asc&metric=SINGLES&at=2025-10-13&name=&nationality=,2026-03-22T00:47:06Z
wta,2025-10-13,333060,Eva Marie Desvignes,Eva Marie Desvignes,1260,8,https://api.wtatennis.com/tennis/players/ranked?page=12&pageSize=100&type=rankSingles&sort=asc&metric=SINGLES&at=2025-10-13&name=&nationality=,2026-03-22T00:47:06Z
wta,2025-10-13,331958,Linea Bajraliu,Linea Bajraliu,1261,8,https://api.wtatennis.com/tennis/players/ranked?page=12&pageSize=100&type=rankSingles&sort=asc&metric=SINGLES&at=2025-10-13&name=&nationality=,2026-03-22T00:47:06Z
wta,2025-10-13,331712,Ximena Senties,Ximena Senties,1262,8,https://api.wtatennis.com/tennis/players/ranked?page=12&pageSize=100&type=rankSingles&sort=asc&metric=SINGLES&at=2025-10-13&name=&nationality=,2026-03-22T00:47:06Z
wta,2025-10-13,333337,Alja Senica,Alja Senica,1263,8,https://api.wtatennis.com/tennis/players/ranked?page=12&pageSize=100&type=rankSingles&sort=asc&metric=SINGLES&at=2025-10-13&name=&nationality=,2026-03-22T00:47:06Z
wta,2025-10-13,333184,Isabel Skoog,Isabel Skoog,1264,8,https://api.wtatennis.com/tennis/players/ranked?page=12&pageSize=100&type=rankSingles&sort=asc&metric=SINGLES&at=2025-10-13&name=&nationality=,2026-03-22T00:47:06Z
wta,2025-10-13,333913,Daria Shubina,Daria Shubina,1264,8,https://api.wtatennis.com/tennis/players/ranked?page=12&pageSize=100&type=rankSingles&sort=asc&metric=SINGLES&at=2025-10-13&name=&nationality=,2026-03-22T00:47:06Z
wta,2025-10-13,332239,Alexia Iulia Marginean,Alexia Iulia Marginean,1264,8,https://api.wtatennis.com/tennis/players/ranked?page=12&pageSize=100&type=rankSingles&sort=asc&metric=SINGLES&at=2025-10-13&name=&nationality=,2026-03-22T00:47:06Z
wta,2025-10-13,329700,Mia Kupres,Mia Kupres,1264,8,https://api.wtatennis.com/tennis/players/ranked?page=12&pageSize=100&type=rankSingles&sort=asc&metric=SINGLES&at=2025-10-13&name=&nationality=,2026-03-22T00:47:06Z
wta,2025-10-13,327719,Sera Nishimoto,Sera Nishimoto,1264,8,https://api.wtatennis.com/tennis/players/ranked?page=12&pageSize=100&type=rankSingles&sort=asc&metric=SINGLES&at=2025-10-13&name=&nationality=,2026-03-22T00:47:06Z
wta,2025-10-13,329348,Ioana Zvonaru,Ioana Zvonaru,1264,8,https://api.wtatennis.com/tennis/players/ranked?page=12&pageSize=100&type=rankSingles&sort=asc&metric=SINGLES&at=2025-10-13&name=&nationality=,2026-03-22T00:47:06Z
wta,2025-10-13,331420,Tilde Stromquist,Tilde Stromquist,1270,8,https://api.wtatennis.com/tennis/players/ranked?page=12&pageSize=100&type=rankSingles&sort=asc&metric=SINGLES&at=2025-10-13&name=&nationality=,2026-03-22T00:47:06Z
wta,2025-10-13,326250,Georgina Groth,Georgina Groth,1270,8,https://api.wtatennis.com/tennis/players/ranked?page=12&pageSize=100&type=rankSingles&sort=asc&metric=SINGLES&at=2025-10-13&name=&nationality=,2026-03-22T00:47:06Z
wta,2025-10-13,332574,Giulia Alessia Monteleone,Giulia Alessia Monteleone,1270,8,https://api.wtatennis.com/tennis/players/ranked?page=12&pageSize=100&type=rankSingles&sort=asc&metric=SINGLES&at=2025-10-13&name=&nationality=,2026-03-22T00:47:06Z
wta,2025-10-13,333498,Ciara Moore,Ciara Moore,1270,8,https://api.wtatennis.com/tennis/players/ranked?page=12&pageSize=100&type=rankSingles&sort=asc&metric=SINGLES&at=2025-10-13&name=&nationality=,2026-03-22T00:47:06Z
wta,2025-10-13,333107,Aishi Das,Aishi Das,1274,8,https://api.wtatennis.com/tennis/players/ranked?page=12&pageSize=100&type=rankSingles&sort=asc&metric=SINGLES&at=2025-10-13&name=&nationality=,2026-03-22T00:47:06Z
wta,2025-10-13,332576,Marcella Dessolis,Marcella Dessolis,1274,8,https://api.wtatennis.com/tennis/players/ranked?page=12&pageSize=100&type=rankSingles&sort=asc&metric=SINGLES&at=2025-10-13&name=&nationality=,2026-03-22T00:47:06Z
wta,2025-10-13,320144,Leticia Garcia Vidal,Leticia Garcia Vidal,1274,8,https://api.wtatennis.com/tennis/players/ranked?page=12&pageSize=100&type=rankSingles&sort=asc&metric=SINGLES&at=2025-10-13&name=&nationality=,2026-03-22T00:47:06Z
wta,2025-10-13,331647,Jelena Cvijanovic,Jelena Cvijanovic,1274,8,https://api.wtatennis.com/tennis/players/ranked?page=12&pageSize=100&type=rankSingles&sort=asc&metric=SINGLES&at=2025-10-13&name=&nationality=,2026-03-22T00:47:06Z
wta,2025-10-13,331746,Katja Markus,Katja Markus,1274,8,https://api.wtatennis.com/tennis/players/ranked?page=12&pageSize=100&type=rankSingles&sort=asc&metric=SINGLES&at=2025-10-13&name=&nationality=,2026-03-22T00:47:06Z
wta,2025-10-13,330065,Vanessa Popa Teiusanu,Vanessa Popa Teiusanu,1274,8,https://api.wtatennis.com/tennis/players/ranked?page=12&pageSize=100&type=rankSingles&sort=asc&metric=SINGLES&at=2025-10-13&name=&nationality=,2026-03-22T00:47:06Z
wta,2025-10-13,329187,Yuhan Liu,Yuhan Liu,1274,8,https://api.wtatennis.com/tennis/players/ranked?page=12&pageSize=100&type=rankSingles&sort=asc&metric=SINGLES&at=2025-10-13&name=&nationality=,2026-03-22T00:47:06Z
wta,2025-10-13,328548,Hwui Wi,Hwui Wi,1274,8,https://api.wtatennis.com/tennis/players/ranked?page=12&pageSize=100&type=rankSingles&sort=asc&metric=SINGLES&at=2025-10-13&name=&nationality=,2026-03-22T00:47:06Z
wta,2025-10-13,328632,Melissa Boyden,Melissa Boyden,1274,8,https://api.wtatennis.com/tennis/players/ranked?page=12&pageSize=100&type=rankSingles&sort=asc&metric=SINGLES&at=2025-10-13&name=&nationality=,2026-03-22T00:47:06Z
wta,2025-10-13,328782,Zixuan Zeng,Zixuan Zeng,1274,8,https://api.wtatennis.com/tennis/players/ranked?page=12&pageSize=100&type=rankSingles&sort=asc&metric=SINGLES&at=2025-10-13&name=&nationality=,2026-03-22T00:47:06Z
wta,2025-10-13,328845,Zdena Safarova,Zdena Safarova,1284,8,https://api.wtatennis.com/tennis/players/ranked?page=12&pageSize=100&type=rankSingles&sort=asc&metric=SINGLES&at=2025-10-13&name=&nationality=,2026-03-22T00:47:06Z
wta,2025-10-13,328145,Danielle Daley,Danielle Daley,1284,8,https://api.wtatennis.com/tennis/players/ranked?page=12&pageSize=100&type=rankSingles&sort=asc&metric=SINGLES&at=2025-10-13&name=&nationality=,2026-03-22T00:47:06Z
wta,2025-10-13,333055,Tamara Sramkova,Tamara Sramkova,1284,8,https://api.wtatennis.com/tennis/players/ranked?page=12&pageSize=100&type=rankSingles&sort=asc&metric=SINGLES&at=2025-10-13&name=&nationality=,2026-03-22T00:47:06Z
wta,2025-10-13,315265,Conny Perrin,Conny Perrin,1287,8,https://api.wtatennis.com/tennis/players/ranked?page=12&pageSize=100&type=rankSingles&sort=asc&metric=SINGLES&at=2025-10-13&name=&nationality=,2026-03-22T00:47:06Z
wta,2025-10-13,333855,Emma Ottavia Ghirardato,Emma Ottavia Ghirardato,1288,8,https://api.wtatennis.com/tennis/players/ranked?page=12&pageSize=100&type=rankSingles&sort=asc&metric=SINGLES&at=2025-10-13&name=&nationality=,2026-03-22T00:47:06Z
wta,2025-10-13,333893,Laura Brunkel,Laura Brunkel,1289,8,https://api.wtatennis.com/tennis/players/ranked?page=12&pageSize=100&type=rankSingles&sort=asc&metric=SINGLES&at=2025-10-13&name=&nationality=,2026-03-22T00:47:06Z
wta,2025-10-13,333795,Feier Hu,Feier Hu,1289,8,https://api.wtatennis.com/tennis/players/ranked?page=12&pageSize=100&type=rankSingles&sort=asc&metric=SINGLES&at=2025-10-13&name=&nationality=,2026-03-22T00:47:06Z
wta,2025-10-13,331453,Anastasia Safta,Anastasia Safta,1289,8,https://api.wtatennis.com/tennis/players/ranked?page=12&pageSize=100&type=rankSingles&sort=asc&metric=SINGLES&at=2025-10-13&name=&nationality=,2026-03-22T00:47:06Z
wta,2025-10-13,332768,Natalia Krockova,Natalia Krockova,1292,8,https://api.wtatennis.com/tennis/players/ranked?page=12&pageSize=100&type=rankSingles&sort=asc&metric=SINGLES&at=2025-10-13&name=&nationality=,2026-03-22T00:47:06Z
wta,2025-10-13,327779,Kianah Motosono,Kianah Motosono,1293,8,https://api.wtatennis.com/tennis/players/ranked?page=12&pageSize=100&type=rankSingles&sort=asc&metric=SINGLES&at=2025-10-13&name=&nationality=,2026-03-22T00:47:06Z
wta,2025-10-13,315083,Paula Ormaechea,Paula Ormaechea,1294,7,https://api.wtatennis.com/tennis/players/ranked?page=12&pageSize=100&type=rankSingles&sort=asc&metric=SINGLES&at=2025-10-13&name=&nationality=,2026-03-22T00:47:06Z
wta,2025-10-13,331181,Mariana Isabel Higuita Barraza,Mariana Isabel Higuita Barraza,1295,7,https://api.wtatennis.com/tennis/players/ranked?page=12&pageSize=100&type=rankSingles&sort=asc&metric=SINGLES&at=2025-10-13&name=&nationality=,2026-03-22T00:47:06Z
wta,2025-10-13,335246,Victoria Luiza Barros,Victoria Luiza Barros,1296,7,https://api.wtatennis.com/tennis/players/ranked?page=12&pageSize=100&type=rankSingles&sort=asc&metric=SINGLES&at=2025-10-13&name=&nationality=,2026-03-22T00:47:06Z
wta,2025-10-13,327833,Elizabeth Coleman,Elizabeth Coleman,1297,7,https://api.wtatennis.com/tennis/players/ranked?page=12&pageSize=100&type=rankSingles&sort=asc&metric=SINGLES&at=2025-10-13&name=&nationality=,2026-03-22T00:47:06Z
wta,2025-10-13,331419,Ida Johansson,Ida Johansson,1298,7,https://api.wtatennis.com/tennis/players/ranked?page=12&pageSize=100&type=rankSingles&sort=asc&metric=SINGLES&at=2025-10-13&name=&nationality=,2026-03-22T00:47:06Z
wta,2025-10-13,330974,Sara Milanese,Sara Milanese,1298,7,https://api.wtatennis.com/tennis/players/ranked?page=12&pageSize=100&type=rankSingles&sort=asc&metric=SINGLES&at=2025-10-13&name=&nationality=,2026-03-22T00:47:06Z
wta,2025-10-13,332132,Gyeong Seo Lee,Gyeong Seo Lee,1298,7,https://api.wtatennis.com/tennis/players/ranked?page=12&pageSize=100&type=rankSingles&sort=asc&metric=SINGLES&at=2025-10-13&name=&nationality=,2026-03-22T00:47:06Z
wta,2025-10-13,333463,Elena Michel,Elena Michel,1298,7,https://api.wtatennis.com/tennis/players/ranked?page=13&pageSize=100&type=rankSingles&sort=asc&metric=SINGLES&at=2025-10-13&name=&nationality=,2026-03-22T00:47:06Z
wta,2025-10-13,334206,Karolina Lincer,Karolina Lincer,1302,7,https://api.wtatennis.com/tennis/players/ranked?page=13&pageSize=100&type=rankSingles&sort=asc&metric=SINGLES&at=2025-10-13&name=&nationality=,2026-03-22T00:47:06Z
wta,2025-10-13,332669,Gabriella Lindgren,Gabriella Lindgren,1302,7,https://api.wtatennis.com/tennis/players/ranked?page=13&pageSize=100&type=rankSingles&sort=asc&metric=SINGLES&at=2025-10-13&name=&nationality=,2026-03-22T00:47:06Z
wta,2025-10-13,326995,Doga Turkmen,Doga Turkmen,1304,7,https://api.wtatennis.com/tennis/players/ranked?page=13&pageSize=100&type=rankSingles&sort=asc&metric=SINGLES&at=2025-10-13&name=&nationality=,2026-03-22T00:47:06Z
wta,2025-10-13,325832,Marcella Cruz,Marcella Cruz,1304,7,https://api.wtatennis.com/tennis/players/ranked?page=13&pageSize=100&type=rankSingles&sort=asc&metric=SINGLES&at=2025-10-13&name=&nationality=,2026-03-22T00:47:06Z
wta,2025-10-13,314181,Chieh-Yu Hsu,Chieh-Yu Hsu,1306,7,https://api.wtatennis.com/tennis/players/ranked?page=13&pageSize=100&type=rankSingles&sort=asc&metric=SINGLES&at=2025-10-13&name=&nationality=,2026-03-22T00:47:06Z
wta,2025-10-13,332857,Karolina Krajmer,Karolina Krajmer,1306,7,https://api.wtatennis.com/tennis/players/ranked?page=13&pageSize=100&type=rankSingles&sort=asc&metric=SINGLES&at=2025-10-13&name=&nationality=,2026-03-22T00:47:06Z
wta,2025-10-13,333796,Ruirui Zou,Ruirui Zou,1306,7,https://api.wtatennis.com/tennis/players/ranked?page=13&pageSize=100&type=rankSingles&sort=asc&metric=SINGLES&at=2025-10-13&name=&nationality=,2026-03-22T00:47:06Z
wta,2025-10-13,332603,Alexia Lavinia Puiac,Alexia Lavinia Puiac,1309,7,https://api.wtatennis.com/tennis/players/ranked?page=13&pageSize=100&type=rankSingles&sort=asc&metric=SINGLES&at=2025-10-13&name=&nationality=,2026-03-22T00:47:06Z
wta,2025-10-13,316664,Nigina Abduraimova,Nigina Abduraimova,1309,7,https://api.wtatennis.com/tennis/players/ranked?page=13&pageSize=100&type=rankSingles&sort=asc&metric=SINGLES&at=2025-10-13&name=&nationality=,2026-03-22T00:47:06Z
wta,2025-10-13,328604,Carmen Gallardo Guevara,Carmen Gallardo Guevara,1309,7,https://api.wtatennis.com/tennis/players/ranked?page=13&pageSize=100&type=rankSingles&sort=asc&metric=SINGLES&at=2025-10-13&name=&nationality=,2026-03-22T00:47:06Z
wta,2025-10-13,331723,Ava Williamson,Ava Williamson,1309,7,https://api.wtatennis.com/tennis/players/ranked?page=13&pageSize=100&type=rankSingles&sort=asc&metric=SINGLES&at=2025-10-13&name=&nationality=,2026-03-22T00:47:06Z
wta,2025-10-13,331339,Maria Eduarda Lages,Maria Eduarda Lages,1313,7,https://api.wtatennis.com/tennis/players/ranked?page=13&pageSize=100&type=rankSingles&sort=asc&metric=SINGLES&at=2025-10-13&name=&nationality=,2026-03-22T00:47:06Z
wta,2025-10-13,330831,Mika Buchnik,Mika Buchnik,1313,7,https://api.wtatennis.com/tennis/players/ranked?page=13&pageSize=100&type=rankSingles&sort=asc&metric=SINGLES&at=2025-10-13&name=&nationality=,2026-03-22T00:47:06Z
wta,2025-10-13,331163,Anastasia Grechkina,Anastasia Grechkina,1313,7,https://api.wtatennis.com/tennis/players/ranked?page=13&pageSize=100&type=rankSingles&sort=asc&metric=SINGLES&at=2025-10-13&name=&nationality=,2026-03-22T00:47:06Z
wta,2025-10-13,329519,Matylda Burylo,Matylda Burylo,1313,7,https://api.wtatennis.com/tennis/players/ranked?page=13&pageSize=100&type=rankSingles&sort=asc&metric=SINGLES&at=2025-10-13&name=&nationality=,2026-03-22T00:47:06Z
wta,2025-10-13,332823,Mutsumi Uemura,Mutsumi Uemura,1313,7,https://api.wtatennis.com/tennis/players/ranked?page=13&pageSize=100&type=rankSingles&sort=asc&metric=SINGLES&at=2025-10-13&name=&nationality=,2026-03-22T00:47:06Z
wta,2025-10-13,335175,Katarina Kujovic,Katarina Kujovic,1313,7,https://api.wtatennis.com/tennis/players/ranked?page=13&pageSize=100&type=rankSingles&sort=asc&metric=SINGLES&at=2025-10-13&name=&nationality=,2026-03-22T00:47:06Z
wta,2025-10-13,334551,Yui Ohwaki,Yui Ohwaki,1313,7,https://api.wtatennis.com/tennis/players/ranked?page=13&pageSize=100&type=rankSingles&sort=asc&metric=SINGLES&at=2025-10-13&name=&nationality=,2026-03-22T00:47:06Z
wta,2025-10-13,334781,Ilinca Sagmar,Ilinca Sagmar,1313,7,https://api.wtatennis.com/tennis/players/ranked?page=13&pageSize=100&type=rankSingles&sort=asc&metric=SINGLES&at=2025-10-13&name=&nationality=,2026-03-22T00:47:06Z
wta,2025-10-13,331969,Lois Newberry,Lois Newberry,1321,7,https://api.wtatennis.com/tennis/players/ranked?page=13&pageSize=100&type=rankSingles&sort=asc&metric=SINGLES&at=2025-10-13&name=&nationality=,2026-03-22T00:47:06Z
wta,2025-10-13,330259,Isabella Barrera Aguirre,Isabella Barrera Aguirre,1322,7,https://api.wtatennis.com/tennis/players/ranked?page=13&pageSize=100&type=rankSingles&sort=asc&metric=SINGLES&at=2025-10-13&name=&nationality=,2026-03-22T00:47:06Z
wta,2025-10-13,326488,Himari Sato,Himari Sato,1322,7,https://api.wtatennis.com/tennis/players/ranked?page=13&pageSize=100&type=rankSingles&sort=asc&metric=SINGLES&at=2025-10-13&name=&nationality=,2026-03-22T00:47:06Z
wta,2025-10-13,325489,Tenika Mcgiffin,Tenika Mcgiffin,1324,7,https://api.wtatennis.com/tennis/players/ranked?page=13&pageSize=100&type=rankSingles&sort=asc&metric=SINGLES&at=2025-10-13&name=&nationality=,2026-03-22T00:47:06Z
wta,2025-10-13,311117,Dia Evtimova,Dia Evtimova,1324,7,https://api.wtatennis.com/tennis/players/ranked?page=13&pageSize=100&type=rankSingles&sort=asc&metric=SINGLES&at=2025-10-13&name=&nationality=,2026-03-22T00:47:06Z
wta,2025-10-13,335315,Neus Torner Sensano,Neus Torner Sensano,1326,6,https://api.wtatennis.com/tennis/players/ranked?page=13&pageSize=100&type=rankSingles&sort=asc&metric=SINGLES&at=2025-10-13&name=&nationality=,2026-03-22T00:47:06Z
wta,2025-10-13,334219,Vlada Guryleva,Vlada Guryleva,1327,6,https://api.wtatennis.com/tennis/players/ranked?page=13&pageSize=100&type=rankSingles&sort=asc&metric=SINGLES&at=2025-10-13&name=&nationality=,2026-03-22T00:47:06Z
wta,2025-10-13,332915,Allegra Korpanec Davies,Allegra Korpanec Davies,1328,6,https://api.wtatennis.com/tennis/players/ranked?page=13&pageSize=100&type=rankSingles&sort=asc&metric=SINGLES&at=2025-10-13&name=&nationality=,2026-03-22T00:47:06Z
wta,2025-10-13,332710,Honori Koyama,Honori Koyama,1328,6,https://api.wtatennis.com/tennis/players/ranked?page=13&pageSize=100&type=rankSingles&sort=asc&metric=SINGLES&at=2025-10-13&name=&nationality=,2026-03-22T00:47:06Z
wta,2025-10-13,315428,Valeria Savinykh,Valeria Savinykh,1328,6,https://api.wtatennis.com/tennis/players/ranked?page=13&pageSize=100&type=rankSingles&sort=asc&metric=SINGLES&at=2025-10-13&name=&nationality=,2026-03-22T00:47:06Z
wta,2025-10-13,324327,Qianhui Tang,Qianhui Tang,1328,6,https://api.wtatennis.com/tennis/players/ranked?page=13&pageSize=100&type=rankSingles&sort=asc&metric=SINGLES&at=2025-10-13&name=&nationality=,2026-03-22T00:47:06Z
wta,2025-10-13,331512,Lena Couto,Lena Couto,1332,6,https://api.wtatennis.com/tennis/players/ranked?page=13&pageSize=100&type=rankSingles&sort=asc&metric=SINGLES&at=2025-10-13&name=&nationality=,2026-03-22T00:47:06Z
wta,2025-10-13,331376,Marina Bulbarella,Marina Bulbarella,1333,6,https://api.wtatennis.com/tennis/players/ranked?page=13&pageSize=100&type=rankSingles&sort=asc&metric=SINGLES&at=2025-10-13&name=&nationality=,2026-03-22T00:47:06Z
wta,2025-10-13,327273,Teresa Franco Dias,Teresa Franco Dias,1333,6,https://api.wtatennis.com/tennis/players/ranked?page=13&pageSize=100&type=rankSingles&sort=asc&metric=SINGLES&at=2025-10-13&name=&nationality=,2026-03-22T00:47:06Z
wta,2025-10-13,330443,Michaela Laki,Michaela Laki,1335,6,https://api.wtatennis.com/tennis/players/ranked?page=13&pageSize=100&type=rankSingles&sort=asc&metric=SINGLES&at=2025-10-13&name=&nationality=,2026-03-22T00:47:06Z
wta,2025-10-13,323531,Isabelle Boulais,Isabelle Boulais,1335,6,https://api.wtatennis.com/tennis/players/ranked?page=13&pageSize=100&type=rankSingles&sort=asc&metric=SINGLES&at=2025-10-13&name=&nationality=,2026-03-22T00:47:06Z
wta,2025-10-13,320063,Ana Victoria Gobbi Monllau,Ana Victoria Gobbi Monllau,1335,6,https://api.wtatennis.com/tennis/players/ranked?page=13&pageSize=100&type=rankSingles&sort=asc&metric=SINGLES&at=2025-10-13&name=&nationality=,2026-03-22T00:47:06Z
wta,2025-10-13,330427,Ria Dernikovic,Ria Dernikovic,1338,6,https://api.wtatennis.com/tennis/players/ranked?page=13&pageSize=100&type=rankSingles&sort=asc&metric=SINGLES&at=2025-10-13&name=&nationality=,2026-03-22T00:47:06Z
wta,2025-10-13,329910,Anika Jaskova,Anika Jaskova,1338,6,https://api.wtatennis.com/tennis/players/ranked?page=13&pageSize=100&type=rankSingles&sort=asc&metric=SINGLES&at=2025-10-13&name=&nationality=,2026-03-22T00:47:06Z
wta,2025-10-13,331543,Magdalena Smekalova,Magdalena Smekalova,1338,6,https://api.wtatennis.com/tennis/players/ranked?page=13&pageSize=100&type=rankSingles&sort=asc&metric=SINGLES&at=2025-10-13&name=&nationality=,2026-03-22T00:47:06Z
wta,2025-10-13,331886,Margot Phanthala,Margot Phanthala,1338,6,https://api.wtatennis.com/tennis/players/ranked?page=13&pageSize=100&type=rankSingles&sort=asc&metric=SINGLES&at=2025-10-13&name=&nationality=,2026-03-22T00:47:06Z
wta,2025-10-13,333357,Moeka Miyata,Moeka Miyata,1338,6,https://api.wtatennis.com/tennis/players/ranked?page=13&pageSize=100&type=rankSingles&sort=asc&metric=SINGLES&at=2025-10-13&name=&nationality=,2026-03-22T00:47:06Z
wta,2025-10-13,334243,Sofia Meabe,Sofia Meabe,1343,6,https://api.wtatennis.com/tennis/players/ranked?page=13&pageSize=100&type=rankSingles&sort=asc&metric=SINGLES&at=2025-10-13&name=&nationality=,2026-03-22T00:47:06Z
wta,2025-10-13,334193,Annika Penickova,Annika Penickova,1343,6,https://api.wtatennis.com/tennis/players/ranked?page=13&pageSize=100&type=rankSingles&sort=asc&metric=SINGLES&at=2025-10-13&name=&nationality=,2026-03-22T00:47:06Z
wta,2025-10-13,332229,Maayan Laron,Maayan Laron,1343,6,https://api.wtatennis.com/tennis/players/ranked?page=13&pageSize=100&type=rankSingles&sort=asc&metric=SINGLES&at=2025-10-13&name=&nationality=,2026-03-22T00:47:06Z
wta,2025-10-13,332347,Naomi Xu,Naomi Xu,1343,6,https://api.wtatennis.com/tennis/players/ranked?page=13&pageSize=100&type=rankSingles&sort=asc&metric=SINGLES&at=2025-10-13&name=&nationality=,2026-03-22T00:47:06Z
wta,2025-10-13,332464,Lola Giza,Lola Giza,1343,6,https://api.wtatennis.com/tennis/players/ranked?page=13&pageSize=100&type=rankSingles&sort=asc&metric=SINGLES&at=2025-10-13&name=&nationality=,2026-03-22T00:47:06Z
wta,2025-10-13,332944,Megan Heuser,Megan Heuser,1343,6,https://api.wtatennis.com/tennis/players/ranked?page=13&pageSize=100&type=rankSingles&sort=asc&metric=SINGLES&at=2025-10-13&name=&nationality=,2026-03-22T00:47:06Z
wta,2025-10-13,335018,Polina Isakova,Polina Isakova,1343,6,https://api.wtatennis.com/tennis/players/ranked?page=13&pageSize=100&type=rankSingles&sort=asc&metric=SINGLES&at=2025-10-13&name=&nationality=,2026-03-22T00:47:06Z
wta,2025-10-13,334734,Claire An,Claire An,1343,6,https://api.wtatennis.com/tennis/players/ranked?page=13&pageSize=100&type=rankSingles&sort=asc&metric=SINGLES&at=2025-10-13&name=&nationality=,2026-03-22T00:47:06Z
wta,2025-10-13,334863,Dusica Popovski,Dusica Popovski,1343,6,https://api.wtatennis.com/tennis/players/ranked?page=13&pageSize=100&type=rankSingles&sort=asc&metric=SINGLES&at=2025-10-13&name=&nationality=,2026-03-22T00:47:06Z
wta,2025-10-13,334894,Kaili Demi Teso,Kaili Demi Teso,1343,6,https://api.wtatennis.com/tennis/players/ranked?page=13&pageSize=100&type=rankSingles&sort=asc&metric=SINGLES&at=2025-10-13&name=&nationality=,2026-03-22T00:47:06Z
wta,2025-10-13,334630,Ekaterina Agureeva,Ekaterina Agureeva,1343,6,https://api.wtatennis.com/tennis/players/ranked?page=13&pageSize=100&type=rankSingles&sort=asc&metric=SINGLES&at=2025-10-13&name=&nationality=,2026-03-22T00:47:06Z
wta,2025-10-13,334526,Anna Tabunshchyk,Anna Tabunshchyk,1343,6,https://api.wtatennis.com/tennis/players/ranked?page=13&pageSize=100&type=rankSingles&sort=asc&metric=SINGLES&at=2025-10-13&name=&nationality=,2026-03-22T00:47:06Z
wta,2025-10-13,334453,Paulina Montiel,Paulina Montiel,1343,6,https://api.wtatennis.com/tennis/players/ranked?page=13&pageSize=100&type=rankSingles&sort=asc&metric=SINGLES&at=2025-10-13&name=&nationality=,2026-03-22T00:47:06Z
wta,2025-10-13,336093,Gala Ivanovic,Gala Ivanovic,1343,6,https://api.wtatennis.com/tennis/players/ranked?page=13&pageSize=100&type=rankSingles&sort=asc&metric=SINGLES&at=2025-10-13&name=&nationality=,2026-03-22T00:47:06Z
wta,2025-10-13,331560,Catarina Mellei Ibiaraba Melleiro,Catarina Mellei Ibiaraba Melleiro,1343,6,https://api.wtatennis.com/tennis/players/ranked?page=13&pageSize=100&type=rankSingles&sort=asc&metric=SINGLES&at=2025-10-13&name=&nationality=,2026-03-22T00:47:06Z
wta,2025-10-13,329640,Sana Garakani,Sana Garakani,1343,6,https://api.wtatennis.com/tennis/players/ranked?page=13&pageSize=100&type=rankSingles&sort=asc&metric=SINGLES&at=2025-10-13&name=&nationality=,2026-03-22T00:47:06Z
wta,2025-10-13,330531,Elena Grekul,Elena Grekul,1343,6,https://api.wtatennis.com/tennis/players/ranked?page=13&pageSize=100&type=rankSingles&sort=asc&metric=SINGLES&at=2025-10-13&name=&nationality=,2026-03-22T00:47:06Z
wta,2025-10-13,330736,Vanja Gudelj,Vanja Gudelj,1343,6,https://api.wtatennis.com/tennis/players/ranked?page=13&pageSize=100&type=rankSingles&sort=asc&metric=SINGLES&at=2025-10-13&name=&nationality=,2026-03-22T00:47:06Z
wta,2025-10-13,330764,Asylzhan Arystanbekova,Asylzhan Arystanbekova,1343,6,https://api.wtatennis.com/tennis/players/ranked?page=13&pageSize=100&type=rankSingles&sort=asc&metric=SINGLES&at=2025-10-13&name=&nationality=,2026-03-22T00:47:06Z
wta,2025-10-13,330677,Isabelle Cherny,Isabelle Cherny,1343,6,https://api.wtatennis.com/tennis/players/ranked?page=13&pageSize=100&type=rankSingles&sort=asc&metric=SINGLES&at=2025-10-13&name=&nationality=,2026-03-22T00:47:06Z
wta,2025-10-13,329129,Klara Kosan,Klara Kosan,1343,6,https://api.wtatennis.com/tennis/players/ranked?page=13&pageSize=100&type=rankSingles&sort=asc&metric=SINGLES&at=2025-10-13&name=&nationality=,2026-03-22T00:47:06Z
wta,2025-10-13,323509,Luisa Hrda,Luisa Hrda,1343,6,https://api.wtatennis.com/tennis/players/ranked?page=13&pageSize=100&type=rankSingles&sort=asc&metric=SINGLES&at=2025-10-13&name=&nationality=,2026-03-22T00:47:06Z
wta,2025-10-13,322605,Francesca Dell'Edera,Francesca Dell'Edera,1343,6,https://api.wtatennis.com/tennis/players/ranked?page=13&pageSize=100&type=rankSingles&sort=asc&metric=SINGLES&at=2025-10-13&name=&nationality=,2026-03-22T00:47:06Z
wta,2025-10-13,326298,Nina Rudiukova,Nina Rudiukova,1343,6,https://api.wtatennis.com/tennis/players/ranked?page=13&pageSize=100&type=rankSingles&sort=asc&metric=SINGLES&at=2025-10-13&name=&nationality=,2026-03-22T00:47:06Z
wta,2025-10-13,328727,Jada Bui,Jada Bui,1367,6,https://api.wtatennis.com/tennis/players/ranked?page=13&pageSize=100&type=rankSingles&sort=asc&metric=SINGLES&at=2025-10-13&name=&nationality=,2026-03-22T00:47:06Z
wta,2025-10-13,334485,Anna Maria Fedotova,Anna Maria Fedotova,1367,6,https://api.wtatennis.com/tennis/players/ranked?page=13&pageSize=100&type=rankSingles&sort=asc&metric=SINGLES&at=2025-10-13&name=&nationality=,2026-03-22T00:47:06Z
wta,2025-10-13,332409,Ines Leon,Ines Leon,1369,6,https://api.wtatennis.com/tennis/players/ranked?page=13&pageSize=100&type=rankSingles&sort=asc&metric=SINGLES&at=2025-10-13&name=&nationality=,2026-03-22T00:47:06Z
wta,2025-10-13,330539,Hanna Bougouffa,Hanna Bougouffa,1369,6,https://api.wtatennis.com/tennis/players/ranked?page=13&pageSize=100&type=rankSingles&sort=asc&metric=SINGLES&at=2025-10-13&name=&nationality=,2026-03-22T00:47:06Z
wta,2025-10-13,330450,Darya Velikova,Darya Velikova,1369,6,https://api.wtatennis.com/tennis/players/ranked?page=13&pageSize=100&type=rankSingles&sort=asc&metric=SINGLES&at=2025-10-13&name=&nationality=,2026-03-22T00:47:06Z
wta,2025-10-13,331093,Zuzanna  Kolonus,Zuzanna  Kolonus,1369,6,https://api.wtatennis.com/tennis/players/ranked?page=13&pageSize=100&type=rankSingles&sort=asc&metric=SINGLES&at=2025-10-13&name=&nationality=,2026-03-22T00:47:06Z
wta,2025-10-13,330912,Ana Zamburek,Ana Zamburek,1369,6,https://api.wtatennis.com/tennis/players/ranked?page=13&pageSize=100&type=rankSingles&sort=asc&metric=SINGLES&at=2025-10-13&name=&nationality=,2026-03-22T00:47:06Z
wta,2025-10-13,325309,Prathyusha Rachapudi,Prathyusha Rachapudi,1369,6,https://api.wtatennis.com/tennis/players/ranked?page=13&pageSize=100&type=rankSingles&sort=asc&metric=SINGLES&at=2025-10-13&name=&nationality=,2026-03-22T00:47:06Z
wta,2025-10-13,331092,Sofia Avataneo,Sofia Avataneo,1375,6,https://api.wtatennis.com/tennis/players/ranked?page=13&pageSize=100&type=rankSingles&sort=asc&metric=SINGLES&at=2025-10-13&name=&nationality=,2026-03-22T00:47:06Z
wta,2025-10-13,330667,Paavanii Paathak,Paavanii Paathak,1375,6,https://api.wtatennis.com/tennis/players/ranked?page=13&pageSize=100&type=rankSingles&sort=asc&metric=SINGLES&at=2025-10-13&name=&nationality=,2026-03-22T00:47:06Z
wta,2025-10-13,328571,Tara Malik,Tara Malik,1375,6,https://api.wtatennis.com/tennis/players/ranked?page=13&pageSize=100&type=rankSingles&sort=asc&metric=SINGLES&at=2025-10-13&name=&nationality=,2026-03-22T00:47:06Z
wta,2025-10-13,334057,Milena Ciocan,Milena Ciocan,1375,6,https://api.wtatennis.com/tennis/players/ranked?page=13&pageSize=100&type=rankSingles&sort=asc&metric=SINGLES&at=2025-10-13&name=&nationality=,2026-03-22T00:47:06Z
wta,2025-10-13,315314,Ulrikke Eikeri,Ulrikke Eikeri,1379,5,https://api.wtatennis.com/tennis/players/ranked?page=13&pageSize=100&type=rankSingles&sort=asc&metric=SINGLES&at=2025-10-13&name=&nationality=,2026-03-22T00:47:06Z
wta,2025-10-13,312336,Stefanie Voegele,Stefanie Voegele,1380,5,https://api.wtatennis.com/tennis/players/ranked?page=13&pageSize=100&type=rankSingles&sort=asc&metric=SINGLES&at=2025-10-13&name=&nationality=,2026-03-22T00:47:06Z
wta,2025-10-13,321946,Melany Krywoj,Melany Krywoj,1381,5,https://api.wtatennis.com/tennis/players/ranked?page=13&pageSize=100&type=rankSingles&sort=asc&metric=SINGLES&at=2025-10-13&name=&nationality=,2026-03-22T00:47:06Z
wta,2025-10-13,333324,Maria Jose Sanchez Uribe,Maria Jose Sanchez Uribe,1382,5,https://api.wtatennis.com/tennis/players/ranked?page=13&pageSize=100&type=rankSingles&sort=asc&metric=SINGLES&at=2025-10-13&name=&nationality=,2026-03-22T00:47:06Z
wta,2025-10-13,334112,Daniela Martinez Guerrero,Daniela Martinez Guerrero,1383,5,https://api.wtatennis.com/tennis/players/ranked?page=13&pageSize=100&type=rankSingles&sort=asc&metric=SINGLES&at=2025-10-13&name=&nationality=,2026-03-22T00:47:06Z
wta,2025-10-13,332842,Amalia Suciu,Amalia Suciu,1384,5,https://api.wtatennis.com/tennis/players/ranked?page=13&pageSize=100&type=rankSingles&sort=asc&metric=SINGLES&at=2025-10-13&name=&nationality=,2026-03-22T00:47:06Z
wta,2025-10-13,332446,Zimmer Alexandra,Zimmer Alexandra,1385,5,https://api.wtatennis.com/tennis/players/ranked?page=13&pageSize=100&type=rankSingles&sort=asc&metric=SINGLES&at=2025-10-13&name=&nationality=,2026-03-22T00:47:06Z
wta,2025-10-13,332131,Soo Ha Jang,Soo Ha Jang,1385,5,https://api.wtatennis.com/tennis/players/ranked?page=13&pageSize=100&type=rankSingles&sort=asc&metric=SINGLES&at=2025-10-13&name=&nationality=,2026-03-22T00:47:06Z
wta,2025-10-13,331870,Helena Buchwald,Helena Buchwald,1385,5,https://api.wtatennis.com/tennis/players/ranked?page=13&pageSize=100&type=rankSingles&sort=asc&metric=SINGLES&at=2025-10-13&name=&nationality=,2026-03-22T00:47:06Z
wta,2025-10-13,334045,Zhirui Liu,Zhirui Liu,1385,5,https://api.wtatennis.com/tennis/players/ranked?page=13&pageSize=100&type=rankSingles&sort=asc&metric=SINGLES&at=2025-10-13&name=&nationality=,2026-03-22T00:47:06Z
wta,2025-10-13,333767,Camila Rodero Contreras,Camila Rodero Contreras,1385,5,https://api.wtatennis.com/tennis/players/ranked?page=13&pageSize=100&type=rankSingles&sort=asc&metric=SINGLES&at=2025-10-13&name=&nationality=,2026-03-22T00:47:06Z
wta,2025-10-13,333151,Marine Le Bozec,Marine Le Bozec,1385,5,https://api.wtatennis.com/tennis/players/ranked?page=13&pageSize=100&type=rankSingles&sort=asc&metric=SINGLES&at=2025-10-13&name=&nationality=,2026-03-22T00:47:06Z
wta,2025-10-13,332987,Francesca Gandolfi,Francesca Gandolfi,1385,5,https://api.wtatennis.com/tennis/players/ranked?page=13&pageSize=100&type=rankSingles&sort=asc&metric=SINGLES&at=2025-10-13&name=&nationality=,2026-03-22T00:47:06Z
wta,2025-10-13,333439,Gabia Paskauskas,Gabia Paskauskas,1385,5,https://api.wtatennis.com/tennis/players/ranked?page=13&pageSize=100&type=rankSingles&sort=asc&metric=SINGLES&at=2025-10-13&name=&nationality=,2026-03-22T00:47:06Z
wta,2025-10-13,334783,Iulia Maria Buculei,Iulia Maria Buculei,1385,5,https://api.wtatennis.com/tennis/players/ranked?page=13&pageSize=100&type=rankSingles&sort=asc&metric=SINGLES&at=2025-10-13&name=&nationality=,2026-03-22T00:47:06Z
wta,2025-10-13,334966,Charlotte Pikkaart,Charlotte Pikkaart,1385,5,https://api.wtatennis.com/tennis/players/ranked?page=13&pageSize=100&type=rankSingles&sort=asc&metric=SINGLES&at=2025-10-13&name=&nationality=,2026-03-22T00:47:06Z
wta,2025-10-13,335720,Amelia Paszun,Amelia Paszun,1385,5,https://api.wtatennis.com/tennis/players/ranked?page=13&pageSize=100&type=rankSingles&sort=asc&metric=SINGLES&at=2025-10-13&name=&nationality=,2026-03-22T00:47:06Z
wta,2025-10-13,335866,Ekaterina Tupitsyna,Ekaterina Tupitsyna,1385,5,https://api.wtatennis.com/tennis/players/ranked?page=13&pageSize=100&type=rankSingles&sort=asc&metric=SINGLES&at=2025-10-13&name=&nationality=,2026-03-22T00:47:06Z
wta,2025-10-13,325076,Lucia Natal Gomez,Lucia Natal Gomez,1385,5,https://api.wtatennis.com/tennis/players/ranked?page=13&pageSize=100&type=rankSingles&sort=asc&metric=SINGLES&at=2025-10-13&name=&nationality=,2026-03-22T00:47:06Z
wta,2025-10-13,325802,Isabella Harvison,Isabella Harvison,1385,5,https://api.wtatennis.com/tennis/players/ranked?page=13&pageSize=100&type=rankSingles&sort=asc&metric=SINGLES&at=2025-10-13&name=&nationality=,2026-03-22T00:47:06Z
wta,2025-10-13,314129,Na-Ri Kim,Na-Ri Kim,1385,5,https://api.wtatennis.com/tennis/players/ranked?page=13&pageSize=100&type=rankSingles&sort=asc&metric=SINGLES&at=2025-10-13&name=&nationality=,2026-03-22T00:47:06Z
wta,2025-10-13,329441,Alice Battesti,Alice Battesti,1385,5,https://api.wtatennis.com/tennis/players/ranked?page=13&pageSize=100&type=rankSingles&sort=asc&metric=SINGLES&at=2025-10-13&name=&nationality=,2026-03-22T00:47:06Z
wta,2025-10-13,329417,Midori Castillo Meza,Midori Castillo Meza,1385,5,https://api.wtatennis.com/tennis/players/ranked?page=14&pageSize=100&type=rankSingles&sort=asc&metric=SINGLES&at=2025-10-13&name=&nationality=,2026-03-22T00:47:06Z
wta,2025-10-13,330624,Heike Janse Van Vuuren,Heike Janse Van Vuuren,1385,5,https://api.wtatennis.com/tennis/players/ranked?page=14&pageSize=100&type=rankSingles&sort=asc&metric=SINGLES&at=2025-10-13&name=&nationality=,2026-03-22T00:47:06Z
wta,2025-10-13,330500,Viktoria Veleva,Viktoria Veleva,1385,5,https://api.wtatennis.com/tennis/players/ranked?page=14&pageSize=100&type=rankSingles&sort=asc&metric=SINGLES&at=2025-10-13&name=&nationality=,2026-03-22T00:47:06Z
wta,2025-10-13,330391,Didi Bredberg Canizares,Didi Bredberg Canizares,1385,5,https://api.wtatennis.com/tennis/players/ranked?page=14&pageSize=100&type=rankSingles&sort=asc&metric=SINGLES&at=2025-10-13&name=&nationality=,2026-03-22T00:47:06Z
wta,2025-10-13,329924,Tiziana Rossini,Tiziana Rossini,1385,5,https://api.wtatennis.com/tennis/players/ranked?page=14&pageSize=100&type=rankSingles&sort=asc&metric=SINGLES&at=2025-10-13&name=&nationality=,2026-03-22T00:47:06Z
wta,2025-10-13,331033,Victoria Chramcova,Victoria Chramcova,1385,5,https://api.wtatennis.com/tennis/players/ranked?page=14&pageSize=100&type=rankSingles&sort=asc&metric=SINGLES&at=2025-10-13&name=&nationality=,2026-03-22T00:47:06Z
wta,2025-10-13,331217,Gabriela Maria  Vancea,Gabriela Maria  Vancea,1385,5,https://api.wtatennis.com/tennis/players/ranked?page=14&pageSize=100&type=rankSingles&sort=asc&metric=SINGLES&at=2025-10-13&name=&nationality=,2026-03-22T00:47:06Z
wta,2025-10-13,330882,Emilija Tverijonaite,Emilija Tverijonaite,1385,5,https://api.wtatennis.com/tennis/players/ranked?page=14&pageSize=100&type=rankSingles&sort=asc&metric=SINGLES&at=2025-10-13&name=&nationality=,2026-03-22T00:47:06Z
wta,2025-10-13,318085,Mana Ayukawa,Mana Ayukawa,1409,5,https://api.wtatennis.com/tennis/players/ranked?page=14&pageSize=100&type=rankSingles&sort=asc&metric=SINGLES&at=2025-10-13&name=&nationality=,2026-03-22T00:47:06Z
wta,2025-10-13,330654,Priyanshi Bhandari,Priyanshi Bhandari,1410,5,https://api.wtatennis.com/tennis/players/ranked?page=14&pageSize=100&type=rankSingles&sort=asc&metric=SINGLES&at=2025-10-13&name=&nationality=,2026-03-22T00:47:06Z
wta,2025-10-13,333109,Sonal Patil,Sonal Patil,1410,5,https://api.wtatennis.com/tennis/players/ranked?page=14&pageSize=100&type=rankSingles&sort=asc&metric=SINGLES&at=2025-10-13&name=&nationality=,2026-03-22T00:47:06Z
wta,2025-10-13,333131,Mia Wainwright,Mia Wainwright,1410,5,https://api.wtatennis.com/tennis/players/ranked?page=14&pageSize=100&type=rankSingles&sort=asc&metric=SINGLES&at=2025-10-13&name=&nationality=,2026-03-22T00:47:06Z
wta,2025-10-13,332156,Cayetana Gay,Cayetana Gay,1410,5,https://api.wtatennis.com/tennis/players/ranked?page=14&pageSize=100&type=rankSingles&sort=asc&metric=SINGLES&at=2025-10-13&name=&nationality=,2026-03-22T00:47:06Z
wta,2025-10-13,332316,Maya Drozd,Maya Drozd,1414,5,https://api.wtatennis.com/tennis/players/ranked?page=14&pageSize=100&type=rankSingles&sort=asc&metric=SINGLES&at=2025-10-13&name=&nationality=,2026-03-22T00:47:06Z
wta,2025-10-13,333080,Cristiana  Todoni,Cristiana  Todoni,1414,5,https://api.wtatennis.com/tennis/players/ranked?page=14&pageSize=100&type=rankSingles&sort=asc&metric=SINGLES&at=2025-10-13&name=&nationality=,2026-03-22T00:47:06Z
wta,2025-10-13,333200,I Wen Wan,I Wen Wan,1414,5,https://api.wtatennis.com/tennis/players/ranked?page=14&pageSize=100&type=rankSingles&sort=asc&metric=SINGLES&at=2025-10-13&name=&nationality=,2026-03-22T00:47:06Z
wta,2025-10-13,333794,Meshkatolzahra Safi,Meshkatolzahra Safi,1414,5,https://api.wtatennis.com/tennis/players/ranked?page=14&pageSize=100&type=rankSingles&sort=asc&metric=SINGLES&at=2025-10-13&name=&nationality=,2026-03-22T00:47:06Z
wta,2025-10-13,334238,Juliette Trunet,Juliette Trunet,1414,5,https://api.wtatennis.com/tennis/players/ranked?page=14&pageSize=100&type=rankSingles&sort=asc&metric=SINGLES&at=2025-10-13&name=&nationality=,2026-03-22T00:47:06Z
wta,2025-10-13,335221,Meritxell Teixido Garcia,Meritxell Teixido Garcia,1414,5,https://api.wtatennis.com/tennis/players/ranked?page=14&pageSize=100&type=rankSingles&sort=asc&metric=SINGLES&at=2025-10-13&name=&nationality=,2026-03-22T00:47:06Z
wta,2025-10-13,330786,Chiara Fornasieri,Chiara Fornasieri,1414,5,https://api.wtatennis.com/tennis/players/ranked?page=14&pageSize=100&type=rankSingles&sort=asc&metric=SINGLES&at=2025-10-13&name=&nationality=,2026-03-22T00:47:06Z
wta,2025-10-13,330772,Ginevra Parentini Vallega Montebruno,Ginevra Parentini Vallega Montebruno,1414,5,https://api.wtatennis.com/tennis/players/ranked?page=14&pageSize=100&type=rankSingles&sort=asc&metric=SINGLES&at=2025-10-13&name=&nationality=,2026-03-22T00:47:06Z
wta,2025-10-13,331310,Helena Bueno,Helena Bueno,1414,5,https://api.wtatennis.com/tennis/players/ranked?page=14&pageSize=100&type=rankSingles&sort=asc&metric=SINGLES&at=2025-10-13&name=&nationality=,2026-03-22T00:47:06Z
wta,2025-10-13,328978,Yuna Ohashi,Yuna Ohashi,1414,5,https://api.wtatennis.com/tennis/players/ranked?page=14&pageSize=100&type=rankSingles&sort=asc&metric=SINGLES&at=2025-10-13&name=&nationality=,2026-03-22T00:47:06Z
wta,2025-10-13,325212,Vivien Sandberg,Vivien Sandberg,1414,5,https://api.wtatennis.com/tennis/players/ranked?page=14&pageSize=100&type=rankSingles&sort=asc&metric=SINGLES&at=2025-10-13&name=&nationality=,2026-03-22T00:47:06Z
wta,2025-10-13,335219,Yushan Shao,Yushan Shao,1425,4,https://api.wtatennis.com/tennis/players/ranked?page=14&pageSize=100&type=rankSingles&sort=asc&metric=SINGLES&at=2025-10-13&name=&nationality=,2026-03-22T00:47:06Z
wta,2025-10-13,335062,Francisca Laundes,Francisca Laundes,1426,4,https://api.wtatennis.com/tennis/players/ranked?page=14&pageSize=100&type=rankSingles&sort=asc&metric=SINGLES&at=2025-10-13&name=&nationality=,2026-03-22T00:47:06Z
wta,2025-10-13,335853,Mariia Nozdrachova,Mariia Nozdrachova,1426,4,https://api.wtatennis.com/tennis/players/ranked?page=14&pageSize=100&type=rankSingles&sort=asc&metric=SINGLES&at=2025-10-13&name=&nationality=,2026-03-22T00:47:06Z
wta,2025-10-13,329453,Bianca Fernandez,Bianca Fernandez,1426,4,https://api.wtatennis.com/tennis/players/ranked?page=14&pageSize=100&type=rankSingles&sort=asc&metric=SINGLES&at=2025-10-13&name=&nationality=,2026-03-22T00:47:06Z
wta,2025-10-13,326879,Kseniya Yersh,Kseniya Yersh,1429,4,https://api.wtatennis.com/tennis/players/ranked?page=14&pageSize=100&type=rankSingles&sort=asc&metric=SINGLES&at=2025-10-13&name=&nationality=,2026-03-22T00:47:06Z
wta,2025-10-13,327787,Mariya Poduraeva,Mariya Poduraeva,1429,4,https://api.wtatennis.com/tennis/players/ranked?page=14&pageSize=100&type=rankSingles&sort=asc&metric=SINGLES&at=2025-10-13&name=&nationality=,2026-03-22T00:47:06Z
wta,2025-10-13,327611,Venla Ahti,Venla Ahti,1429,4,https://api.wtatennis.com/tennis/players/ranked?page=14&pageSize=100&type=rankSingles&sort=asc&metric=SINGLES&at=2025-10-13&name=&nationality=,2026-03-22T00:47:06Z
wta,2025-10-13,331299,Scarlett Nicholson,Scarlett Nicholson,1429,4,https://api.wtatennis.com/tennis/players/ranked?page=14&pageSize=100&type=rankSingles&sort=asc&metric=SINGLES&at=2025-10-13&name=&nationality=,2026-03-22T00:47:06Z
wta,2025-10-13,331432,Mia Yamakita,Mia Yamakita,1429,4,https://api.wtatennis.com/tennis/players/ranked?page=14&pageSize=100&type=rankSingles&sort=asc&metric=SINGLES&at=2025-10-13&name=&nationality=,2026-03-22T00:47:06Z
wta,2025-10-13,325731,Marie Mattel,Marie Mattel,1429,4,https://api.wtatennis.com/tennis/players/ranked?page=14&pageSize=100&type=rankSingles&sort=asc&metric=SINGLES&at=2025-10-13&name=&nationality=,2026-03-22T00:47:06Z
wta,2025-10-13,334968,Jade Groen,Jade Groen,1429,4,https://api.wtatennis.com/tennis/players/ranked?page=14&pageSize=100&type=rankSingles&sort=asc&metric=SINGLES&at=2025-10-13&name=&nationality=,2026-03-22T00:47:06Z
wta,2025-10-13,334825,Yichen Zhao,Yichen Zhao,1429,4,https://api.wtatennis.com/tennis/players/ranked?page=14&pageSize=100&type=rankSingles&sort=asc&metric=SINGLES&at=2025-10-13&name=&nationality=,2026-03-22T00:47:06Z
wta,2025-10-13,334451,Elda Lara Cruz,Elda Lara Cruz,1429,4,https://api.wtatennis.com/tennis/players/ranked?page=14&pageSize=100&type=rankSingles&sort=asc&metric=SINGLES&at=2025-10-13&name=&nationality=,2026-03-22T00:47:06Z
wta,2025-10-13,333383,Dora Miskovic,Dora Miskovic,1429,4,https://api.wtatennis.com/tennis/players/ranked?page=14&pageSize=100&type=rankSingles&sort=asc&metric=SINGLES&at=2025-10-13&name=&nationality=,2026-03-22T00:47:06Z
wta,2025-10-13,332125,Yu-Yun Li,Yu-Yun Li,1429,4,https://api.wtatennis.com/tennis/players/ranked?page=14&pageSize=100&type=rankSingles&sort=asc&metric=SINGLES&at=2025-10-13&name=&nationality=,2026-03-22T00:47:06Z
wta,2025-10-13,332559,Charlotte Van Zonneveld,Charlotte Van Zonneveld,1429,4,https://api.wtatennis.com/tennis/players/ranked?page=14&pageSize=100&type=rankSingles&sort=asc&metric=SINGLES&at=2025-10-13&name=&nationality=,2026-03-22T00:47:06Z
wta,2025-10-13,333434,Maddy  Zampardo,Maddy  Zampardo,1441,4,https://api.wtatennis.com/tennis/players/ranked?page=14&pageSize=100&type=rankSingles&sort=asc&metric=SINGLES&at=2025-10-13&name=&nationality=,2026-03-22T00:47:06Z
wta,2025-10-13,334446,Abigayel Vosloo,Abigayel Vosloo,1441,4,https://api.wtatennis.com/tennis/players/ranked?page=14&pageSize=100&type=rankSingles&sort=asc&metric=SINGLES&at=2025-10-13&name=&nationality=,2026-03-22T00:47:06Z
wta,2025-10-13,334018,Yuyao Li,Yuyao Li,1441,4,https://api.wtatennis.com/tennis/players/ranked?page=14&pageSize=100&type=rankSingles&sort=asc&metric=SINGLES&at=2025-10-13&name=&nationality=,2026-03-22T00:47:06Z
wta,2025-10-13,334350,Laura Badia,Laura Badia,1441,4,https://api.wtatennis.com/tennis/players/ranked?page=14&pageSize=100&type=rankSingles&sort=asc&metric=SINGLES&at=2025-10-13&name=&nationality=,2026-03-22T00:47:06Z
wta,2025-10-13,334466,Yuzuha Negishi,Yuzuha Negishi,1441,4,https://api.wtatennis.com/tennis/players/ranked?page=14&pageSize=100&type=rankSingles&sort=asc&metric=SINGLES&at=2025-10-13&name=&nationality=,2026-03-22T00:47:06Z
wta,2025-10-13,334546,Sabrina Olimjanova,Sabrina Olimjanova,1441,4,https://api.wtatennis.com/tennis/players/ranked?page=14&pageSize=100&type=rankSingles&sort=asc&metric=SINGLES&at=2025-10-13&name=&nationality=,2026-03-22T00:47:06Z
wta,2025-10-13,335381,Alina Yuneva,Alina Yuneva,1441,4,https://api.wtatennis.com/tennis/players/ranked?page=14&pageSize=100&type=rankSingles&sort=asc&metric=SINGLES&at=2025-10-13&name=&nationality=,2026-03-22T00:47:06Z
wta,2025-10-13,325843,Juliette Mazzoni,Juliette Mazzoni,1441,4,https://api.wtatennis.com/tennis/players/ranked?page=14&pageSize=100&type=rankSingles&sort=asc&metric=SINGLES&at=2025-10-13&name=&nationality=,2026-03-22T00:47:06Z
wta,2025-10-13,325918,Najah Dawson,Najah Dawson,1441,4,https://api.wtatennis.com/tennis/players/ranked?page=14&pageSize=100&type=rankSingles&sort=asc&metric=SINGLES&at=2025-10-13&name=&nationality=,2026-03-22T00:47:06Z
wta,2025-10-13,321337,Magdalena Stoilkovska,Magdalena Stoilkovska,1441,4,https://api.wtatennis.com/tennis/players/ranked?page=14&pageSize=100&type=rankSingles&sort=asc&metric=SINGLES&at=2025-10-13&name=&nationality=,2026-03-22T00:47:06Z
wta,2025-10-13,331652,Mariam Atia,Mariam Atia,1441,4,https://api.wtatennis.com/tennis/players/ranked?page=14&pageSize=100&type=rankSingles&sort=asc&metric=SINGLES&at=2025-10-13&name=&nationality=,2026-03-22T00:47:06Z
wta,2025-10-13,330986,Daria Gorska,Daria Gorska,1441,4,https://api.wtatennis.com/tennis/players/ranked?page=14&pageSize=100&type=rankSingles&sort=asc&metric=SINGLES&at=2025-10-13&name=&nationality=,2026-03-22T00:47:06Z
wta,2025-10-13,331078,Sarafina Hansen,Sarafina Hansen,1441,4,https://api.wtatennis.com/tennis/players/ranked?page=14&pageSize=100&type=rankSingles&sort=asc&metric=SINGLES&at=2025-10-13&name=&nationality=,2026-03-22T00:47:06Z
wta,2025-10-13,330638,Michelle Dzjachangirova,Michelle Dzjachangirova,1441,4,https://api.wtatennis.com/tennis/players/ranked?page=14&pageSize=100&type=rankSingles&sort=asc&metric=SINGLES&at=2025-10-13&name=&nationality=,2026-03-22T00:47:06Z
wta,2025-10-13,330429,Xenia Bandurowska,Xenia Bandurowska,1441,4,https://api.wtatennis.com/tennis/players/ranked?page=14&pageSize=100&type=rankSingles&sort=asc&metric=SINGLES&at=2025-10-13&name=&nationality=,2026-03-22T00:47:06Z
wta,2025-10-13,330471,Denise Valente,Denise Valente,1441,4,https://api.wtatennis.com/tennis/players/ranked?page=14&pageSize=100&type=rankSingles&sort=asc&metric=SINGLES&at=2025-10-13&name=&nationality=,2026-03-22T00:47:06Z
wta,2025-10-13,330200,Gloria Contrino,Gloria Contrino,1441,4,https://api.wtatennis.com/tennis/players/ranked?page=14&pageSize=100&type=rankSingles&sort=asc&metric=SINGLES&at=2025-10-13&name=&nationality=,2026-03-22T00:47:06Z
wta,2025-10-13,327759,Melina Maruca,Melina Maruca,1441,4,https://api.wtatennis.com/tennis/players/ranked?page=14&pageSize=100&type=rankSingles&sort=asc&metric=SINGLES&at=2025-10-13&name=&nationality=,2026-03-22T00:47:06Z
wta,2025-10-13,329580,Na Kang,Na Kang,1441,4,https://api.wtatennis.com/tennis/players/ranked?page=14&pageSize=100&type=rankSingles&sort=asc&metric=SINGLES&at=2025-10-13&name=&nationality=,2026-03-22T00:47:06Z
wta,2025-10-13,329138,Maria Penalver Aguilo,Maria Penalver Aguilo,1441,4,https://api.wtatennis.com/tennis/players/ranked?page=14&pageSize=100&type=rankSingles&sort=asc&metric=SINGLES&at=2025-10-13&name=&nationality=,2026-03-22T00:47:06Z
wta,2025-10-13,329007,Miyu Nakashima,Miyu Nakashima,1441,4,https://api.wtatennis.com/tennis/players/ranked?page=14&pageSize=100&type=rankSingles&sort=asc&metric=SINGLES&at=2025-10-13&name=&nationality=,2026-03-22T00:47:06Z
wta,2025-10-13,328826,Margarita Ignatjeva,Margarita Ignatjeva,1441,4,https://api.wtatennis.com/tennis/players/ranked?page=14&pageSize=100&type=rankSingles&sort=asc&metric=SINGLES&at=2025-10-13&name=&nationality=,2026-03-22T00:47:06Z
wta,2025-10-13,328455,María Marchesini,María Marchesini,1441,4,https://api.wtatennis.com/tennis/players/ranked?page=14&pageSize=100&type=rankSingles&sort=asc&metric=SINGLES&at=2025-10-13&name=&nationality=,2026-03-22T00:47:06Z
wta,2025-10-13,317938,Margarita Gasparyan,Margarita Gasparyan,1464,3,https://api.wtatennis.com/tennis/players/ranked?page=14&pageSize=100&type=rankSingles&sort=asc&metric=SINGLES&at=2025-10-13&name=&nationality=,2026-03-22T00:47:06Z
wta,2025-10-13,325612,Sara Lanca,Sara Lanca,1465,3,https://api.wtatennis.com/tennis/players/ranked?page=14&pageSize=100&type=rankSingles&sort=asc&metric=SINGLES&at=2025-10-13&name=&nationality=,2026-03-22T00:47:06Z
wta,2025-10-13,330415,Fernanda Rain Contreras,Fernanda Rain Contreras,1465,3,https://api.wtatennis.com/tennis/players/ranked?page=14&pageSize=100&type=rankSingles&sort=asc&metric=SINGLES&at=2025-10-13&name=&nationality=,2026-03-22T00:47:06Z
wta,2025-10-13,331009,Olga Bienzobas Fernandez,Olga Bienzobas Fernandez,1465,3,https://api.wtatennis.com/tennis/players/ranked?page=14&pageSize=100&type=rankSingles&sort=asc&metric=SINGLES&at=2025-10-13&name=&nationality=,2026-03-22T00:47:06Z
wta,2025-10-13,333420,Nala Kovacic,Nala Kovacic,1465,3,https://api.wtatennis.com/tennis/players/ranked?page=14&pageSize=100&type=rankSingles&sort=asc&metric=SINGLES&at=2025-10-13&name=&nationality=,2026-03-22T00:47:06Z
wta,2025-10-13,333580,Pietra Rivoli,Pietra Rivoli,1465,3,https://api.wtatennis.com/tennis/players/ranked?page=14&pageSize=100&type=rankSingles&sort=asc&metric=SINGLES&at=2025-10-13&name=&nationality=,2026-03-22T00:47:06Z
wta,2025-10-13,333639,Maria Aytoyan,Maria Aytoyan,1470,3,https://api.wtatennis.com/tennis/players/ranked?page=14&pageSize=100&type=rankSingles&sort=asc&metric=SINGLES&at=2025-10-13&name=&nationality=,2026-03-22T00:47:06Z
wta,2025-10-13,333669,Duanrui Gao,Duanrui Gao,1470,3,https://api.wtatennis.com/tennis/players/ranked?page=14&pageSize=100&type=rankSingles&sort=asc&metric=SINGLES&at=2025-10-13&name=&nationality=,2026-03-22T00:47:06Z
wta,2025-10-13,333213,Sophia Ksandinov,Sophia Ksandinov,1470,3,https://api.wtatennis.com/tennis/players/ranked?page=14&pageSize=100&type=rankSingles&sort=asc&metric=SINGLES&at=2025-10-13&name=&nationality=,2026-03-22T00:47:06Z
wta,2025-10-13,333231,Amelia Zylberman,Amelia Zylberman,1470,3,https://api.wtatennis.com/tennis/players/ranked?page=14&pageSize=100&type=rankSingles&sort=asc&metric=SINGLES&at=2025-10-13&name=&nationality=,2026-03-22T00:47:06Z
wta,2025-10-13,333022,Anastasiia Sergienko,Anastasiia Sergienko,1470,3,https://api.wtatennis.com/tennis/players/ranked?page=14&pageSize=100&type=rankSingles&sort=asc&metric=SINGLES&at=2025-10-13&name=&nationality=,2026-03-22T00:47:06Z
wta,2025-10-13,334296,Maria Lazarenko,Maria Lazarenko,1470,3,https://api.wtatennis.com/tennis/players/ranked?page=14&pageSize=100&type=rankSingles&sort=asc&metric=SINGLES&at=2025-10-13&name=&nationality=,2026-03-22T00:47:06Z
wta,2025-10-13,334322,Yuliya Perapekhina,Yuliya Perapekhina,1470,3,https://api.wtatennis.com/tennis/players/ranked?page=14&pageSize=100&type=rankSingles&sort=asc&metric=SINGLES&at=2025-10-13&name=&nationality=,2026-03-22T00:47:06Z
wta,2025-10-13,334158,Sophie Llewellyn,Sophie Llewellyn,1470,3,https://api.wtatennis.com/tennis/players/ranked?page=14&pageSize=100&type=rankSingles&sort=asc&metric=SINGLES&at=2025-10-13&name=&nationality=,2026-03-22T00:47:06Z
wta,2025-10-13,332504,Kayla Brianne Moore,Kayla Brianne Moore,1470,3,https://api.wtatennis.com/tennis/players/ranked?page=14&pageSize=100&type=rankSingles&sort=asc&metric=SINGLES&at=2025-10-13&name=&nationality=,2026-03-22T00:47:06Z
wta,2025-10-13,332609,Ke Ren,Ke Ren,1470,3,https://api.wtatennis.com/tennis/players/ranked?page=14&pageSize=100&type=rankSingles&sort=asc&metric=SINGLES&at=2025-10-13&name=&nationality=,2026-03-22T00:47:06Z
wta,2025-10-13,331967,Jaquelyn Ogunwale,Jaquelyn Ogunwale,1470,3,https://api.wtatennis.com/tennis/players/ranked?page=14&pageSize=100&type=rankSingles&sort=asc&metric=SINGLES&at=2025-10-13&name=&nationality=,2026-03-22T00:47:06Z
wta,2025-10-13,331810,Sofiia Nagornaia,Sofiia Nagornaia,1470,3,https://api.wtatennis.com/tennis/players/ranked?page=14&pageSize=100&type=rankSingles&sort=asc&metric=SINGLES&at=2025-10-13&name=&nationality=,2026-03-22T00:47:06Z
wta,2025-10-13,332350,Isabella Marton,Isabella Marton,1470,3,https://api.wtatennis.com/tennis/players/ranked?page=14&pageSize=100&type=rankSingles&sort=asc&metric=SINGLES&at=2025-10-13&name=&nationality=,2026-03-22T00:47:06Z
wta,2025-10-13,332447,Ava Schueller,Ava Schueller,1470,3,https://api.wtatennis.com/tennis/players/ranked?page=14&pageSize=100&type=rankSingles&sort=asc&metric=SINGLES&at=2025-10-13&name=&nationality=,2026-03-22T00:47:06Z
wta,2025-10-13,335387,Daria Belyaeva,Daria Belyaeva,1470,3,https://api.wtatennis.com/tennis/players/ranked?page=14&pageSize=100&type=rankSingles&sort=asc&metric=SINGLES&at=2025-10-13&name=&nationality=,2026-03-22T00:47:06Z
wta,2025-10-13,335373,Polina Skopintseva,Polina Skopintseva,1470,3,https://api.wtatennis.com/tennis/players/ranked?page=14&pageSize=100&type=rankSingles&sort=asc&metric=SINGLES&at=2025-10-13&name=&nationality=,2026-03-22T00:47:06Z
wta,2025-10-13,335320,Dominika Pirohova,Dominika Pirohova,1470,3,https://api.wtatennis.com/tennis/players/ranked?page=14&pageSize=100&type=rankSingles&sort=asc&metric=SINGLES&at=2025-10-13&name=&nationality=,2026-03-22T00:47:06Z
wta,2025-10-13,335016,Maria Shmakova,Maria Shmakova,1470,3,https://api.wtatennis.com/tennis/players/ranked?page=14&pageSize=100&type=rankSingles&sort=asc&metric=SINGLES&at=2025-10-13&name=&nationality=,2026-03-22T00:47:06Z
wta,2025-10-13,335151,Magdalena Baniak,Magdalena Baniak,1470,3,https://api.wtatennis.com/tennis/players/ranked?page=14&pageSize=100&type=rankSingles&sort=asc&metric=SINGLES&at=2025-10-13&name=&nationality=,2026-03-22T00:47:06Z
wta,2025-10-13,334855,Bruna Liotto De Carvalho,Bruna Liotto De Carvalho,1470,3,https://api.wtatennis.com/tennis/players/ranked?page=14&pageSize=100&type=rankSingles&sort=asc&metric=SINGLES&at=2025-10-13&name=&nationality=,2026-03-22T00:47:06Z
wta,2025-10-13,336085,Madalena Matias,Madalena Matias,1470,3,https://api.wtatennis.com/tennis/players/ranked?page=14&pageSize=100&type=rankSingles&sort=asc&metric=SINGLES&at=2025-10-13&name=&nationality=,2026-03-22T00:47:06Z
wta,2025-10-13,335868,Havah Kaur Kaler,Havah Kaur Kaler,1470,3,https://api.wtatennis.com/tennis/players/ranked?page=14&pageSize=100&type=rankSingles&sort=asc&metric=SINGLES&at=2025-10-13&name=&nationality=,2026-03-22T00:47:06Z
wta,2025-10-13,335845,Valeria Garnevska,Valeria Garnevska,1470,3,https://api.wtatennis.com/tennis/players/ranked?page=14&pageSize=100&type=rankSingles&sort=asc&metric=SINGLES&at=2025-10-13&name=&nationality=,2026-03-22T00:47:06Z
wta,2025-10-13,335558,Defne Aydemir,Defne Aydemir,1470,3,https://api.wtatennis.com/tennis/players/ranked?page=14&pageSize=100&type=rankSingles&sort=asc&metric=SINGLES&at=2025-10-13&name=&nationality=,2026-03-22T00:47:06Z
wta,2025-10-13,331016,Joody Elkady,Joody Elkady,1470,3,https://api.wtatennis.com/tennis/players/ranked?page=14&pageSize=100&type=rankSingles&sort=asc&metric=SINGLES&at=2025-10-13&name=&nationality=,2026-03-22T00:47:06Z
wta,2025-10-13,331030,Aliesia Reva,Aliesia Reva,1470,3,https://api.wtatennis.com/tennis/players/ranked?page=14&pageSize=100&type=rankSingles&sort=asc&metric=SINGLES&at=2025-10-13&name=&nationality=,2026-03-22T00:47:06Z
wta,2025-10-13,331219,Ekaterina Kuznetsova,Ekaterina Kuznetsova,1470,3,https://api.wtatennis.com/tennis/players/ranked?page=14&pageSize=100&type=rankSingles&sort=asc&metric=SINGLES&at=2025-10-13&name=&nationality=,2026-03-22T00:47:06Z
wta,2025-10-13,331224,Jian Ibrahim,Jian Ibrahim,1470,3,https://api.wtatennis.com/tennis/players/ranked?page=14&pageSize=100&type=rankSingles&sort=asc&metric=SINGLES&at=2025-10-13&name=&nationality=,2026-03-22T00:47:06Z
wta,2025-10-13,331680,Gabriela Kawano Cho,Gabriela Kawano Cho,1470,3,https://api.wtatennis.com/tennis/players/ranked?page=14&pageSize=100&type=rankSingles&sort=asc&metric=SINGLES&at=2025-10-13&name=&nationality=,2026-03-22T00:47:06Z
wta,2025-10-13,331770,Pilar Beveraggi Lespiau,Pilar Beveraggi Lespiau,1470,3,https://api.wtatennis.com/tennis/players/ranked?page=14&pageSize=100&type=rankSingles&sort=asc&metric=SINGLES&at=2025-10-13&name=&nationality=,2026-03-22T00:47:06Z
wta,2025-10-13,331306,Carolina Xavier Laydner,Carolina Xavier Laydner,1470,3,https://api.wtatennis.com/tennis/players/ranked?page=14&pageSize=100&type=rankSingles&sort=asc&metric=SINGLES&at=2025-10-13&name=&nationality=,2026-03-22T00:47:06Z
wta,2025-10-13,330769,Danique Havermans,Danique Havermans,1470,3,https://api.wtatennis.com/tennis/players/ranked?page=15&pageSize=100&type=rankSingles&sort=asc&metric=SINGLES&at=2025-10-13&name=&nationality=,2026-03-22T00:47:07Z
wta,2025-10-13,328724,Stefana Lazar,Stefana Lazar,1470,3,https://api.wtatennis.com/tennis/players/ranked?page=15&pageSize=100&type=rankSingles&sort=asc&metric=SINGLES&at=2025-10-13&name=&nationality=,2026-03-22T00:47:07Z
wta,2025-10-13,329162,Margaux Komano,Margaux Komano,1470,3,https://api.wtatennis.com/tennis/players/ranked?page=15&pageSize=100&type=rankSingles&sort=asc&metric=SINGLES&at=2025-10-13&name=&nationality=,2026-03-22T00:47:07Z
wta,2025-10-13,329096,Sebastianna Scilipoti,Sebastianna Scilipoti,1470,3,https://api.wtatennis.com/tennis/players/ranked?page=15&pageSize=100&type=rankSingles&sort=asc&metric=SINGLES&at=2025-10-13&name=&nationality=,2026-03-22T00:47:07Z
wta,2025-10-13,327224,Hania Abouelsaad,Hania Abouelsaad,1470,3,https://api.wtatennis.com/tennis/players/ranked?page=15&pageSize=100&type=rankSingles&sort=asc&metric=SINGLES&at=2025-10-13&name=&nationality=,2026-03-22T00:47:07Z
wta,2025-10-13,324849,Taylor Gruber,Taylor Gruber,1470,3,https://api.wtatennis.com/tennis/players/ranked?page=15&pageSize=100&type=rankSingles&sort=asc&metric=SINGLES&at=2025-10-13&name=&nationality=,2026-03-22T00:47:07Z
wta,2025-10-13,325780,Maika Adair,Maika Adair,1470,3,https://api.wtatennis.com/tennis/players/ranked?page=15&pageSize=100&type=rankSingles&sort=asc&metric=SINGLES&at=2025-10-13&name=&nationality=,2026-03-22T00:47:07Z
wta,2025-10-13,324310,Emma Mazzoni,Emma Mazzoni,1470,3,https://api.wtatennis.com/tennis/players/ranked?page=15&pageSize=100&type=rankSingles&sort=asc&metric=SINGLES&at=2025-10-13&name=&nationality=,2026-03-22T00:47:07Z
wta,2025-10-13,317341,Alisa Danilova,Alisa Danilova,1470,3,https://api.wtatennis.com/tennis/players/ranked?page=15&pageSize=100&type=rankSingles&sort=asc&metric=SINGLES&at=2025-10-13&name=&nationality=,2026-03-22T00:47:07Z
wta,2025-10-13,321724,Pranjala Yadlapalli,Pranjala Yadlapalli,1470,3,https://api.wtatennis.com/tennis/players/ranked?page=15&pageSize=100&type=rankSingles&sort=asc&metric=SINGLES&at=2025-10-13&name=&nationality=,2026-03-22T00:47:07Z
