tour,snapshot_date,player_id,display_name,full_name,rank,rank_points,source_url,fetched_at_utc
wta,2025-02-03,320760,Aryna Sabalenka,Aryna Sabalenka,1,8956,https://api.wtatennis.com/tennis/players/ranked?page=0&pageSize=100&type=rankSingles&sort=asc&metric=SINGLES&at=2025-02-03&name=&nationality=,2026-03-22T00:44:21Z
wta,2025-02-03,326408,Iga Swiatek,Iga Swiatek,2,8770,https://api.wtatennis.com/tennis/players/ranked?page=0&pageSize=100&type=rankSingles&sort=asc&metric=SINGLES&at=2025-02-03&name=&nationality=,2026-03-22T00:44:21Z
wta,2025-02-03,328560,Coco Gauff,Coco Gauff,3,6538,https://api.wtatennis.com/tennis/players/ranked?page=0&pageSize=100&type=rankSingles&sort=asc&metric=SINGLES&at=2025-02-03&name=&nationality=,2026-03-22T00:44:21Z
wta,2025-02-03,319280,Jasmine Paolini,Jasmine Paolini,4,5288,https://api.wtatennis.com/tennis/players/ranked?page=0&pageSize=100&type=rankSingles&sort=asc&metric=SINGLES&at=2025-02-03&name=&nationality=,2026-03-22T00:44:21Z
wta,2025-02-03,324166,Elena Rybakina,Elena Rybakina,5,4893,https://api.wtatennis.com/tennis/players/ranked?page=0&pageSize=100&type=rankSingles&sort=asc&metric=SINGLES&at=2025-02-03&name=&nationality=,2026-03-22T00:44:21Z
wta,2025-02-03,316956,Jessica Pegula,Jessica Pegula,6,4861,https://api.wtatennis.com/tennis/players/ranked?page=0&pageSize=100&type=rankSingles&sort=asc&metric=SINGLES&at=2025-02-03&name=&nationality=,2026-03-22T00:44:21Z
wta,2025-02-03,316959,Madison Keys,Madison Keys,7,4680,https://api.wtatennis.com/tennis/players/ranked?page=0&pageSize=100&type=rankSingles&sort=asc&metric=SINGLES&at=2025-02-03&name=&nationality=,2026-03-22T00:44:21Z
wta,2025-02-03,328120,Qinwen Zheng,Qinwen Zheng,8,4095,https://api.wtatennis.com/tennis/players/ranked?page=0&pageSize=100&type=rankSingles&sort=asc&metric=SINGLES&at=2025-02-03&name=&nationality=,2026-03-22T00:44:21Z
wta,2025-02-03,325410,Emma Navarro,Emma Navarro,9,3709,https://api.wtatennis.com/tennis/players/ranked?page=0&pageSize=100&type=rankSingles&sort=asc&metric=SINGLES&at=2025-02-03&name=&nationality=,2026-03-22T00:44:21Z
wta,2025-02-03,320124,Paula Badosa,Paula Badosa,10,3588,https://api.wtatennis.com/tennis/players/ranked?page=0&pageSize=100&type=rankSingles&sort=asc&metric=SINGLES&at=2025-02-03&name=&nationality=,2026-03-22T00:44:21Z
wta,2025-02-03,322082,Daria Kasatkina,Daria Kasatkina,11,3321,https://api.wtatennis.com/tennis/players/ranked?page=0&pageSize=100&type=rankSingles&sort=asc&metric=SINGLES&at=2025-02-03&name=&nationality=,2026-03-22T00:44:21Z
wta,2025-02-03,316925,Danielle Collins,Danielle Collins,12,3207,https://api.wtatennis.com/tennis/players/ranked?page=0&pageSize=100&type=rankSingles&sort=asc&metric=SINGLES&at=2025-02-03&name=&nationality=,2026-03-22T00:44:21Z
wta,2025-02-03,330482,Diana Shnaider,Diana Shnaider,13,2873,https://api.wtatennis.com/tennis/players/ranked?page=0&pageSize=100&type=rankSingles&sort=asc&metric=SINGLES&at=2025-02-03&name=&nationality=,2026-03-22T00:44:21Z
wta,2025-02-03,318314,Barbora Krejcikova,Barbora Krejcikova,14,2783,https://api.wtatennis.com/tennis/players/ranked?page=0&pageSize=100&type=rankSingles&sort=asc&metric=SINGLES&at=2025-02-03&name=&nationality=,2026-03-22T00:44:21Z
wta,2025-02-03,331809,Mirra Andreeva,Mirra Andreeva,15,2665,https://api.wtatennis.com/tennis/players/ranked?page=0&pageSize=100&type=rankSingles&sort=asc&metric=SINGLES&at=2025-02-03&name=&nationality=,2026-03-22T00:44:21Z
wta,2025-02-03,318176,Beatriz Haddad Maia,Beatriz Haddad Maia,16,2554,https://api.wtatennis.com/tennis/players/ranked?page=0&pageSize=100&type=rankSingles&sort=asc&metric=SINGLES&at=2025-02-03&name=&nationality=,2026-03-22T00:44:21Z
wta,2025-02-03,322191,Karolina Muchova,Karolina Muchova,17,2344,https://api.wtatennis.com/tennis/players/ranked?page=0&pageSize=100&type=rankSingles&sort=asc&metric=SINGLES&at=2025-02-03&name=&nationality=,2026-03-22T00:44:21Z
wta,2025-02-03,323942,Anna Kalinskaya,Anna Kalinskaya,18,2304,https://api.wtatennis.com/tennis/players/ranked?page=0&pageSize=100&type=rankSingles&sort=asc&metric=SINGLES&at=2025-02-03&name=&nationality=,2026-03-22T00:44:21Z
wta,2025-02-03,318516,Donna Vekic,Donna Vekic,19,2273,https://api.wtatennis.com/tennis/players/ranked?page=0&pageSize=100&type=rankSingles&sort=asc&metric=SINGLES&at=2025-02-03&name=&nationality=,2026-03-22T00:44:21Z
wta,2025-02-03,322222,Liudmila Samsonova,Liudmila Samsonova,20,2130,https://api.wtatennis.com/tennis/players/ranked?page=0&pageSize=100&type=rankSingles&sort=asc&metric=SINGLES&at=2025-02-03&name=&nationality=,2026-03-22T00:44:21Z
wta,2025-02-03,317683,Yulia Putintseva,Yulia Putintseva,21,2093,https://api.wtatennis.com/tennis/players/ranked?page=0&pageSize=100&type=rankSingles&sort=asc&metric=SINGLES&at=2025-02-03&name=&nationality=,2026-03-22T00:44:21Z
wta,2025-02-03,326482,Marta Kostyuk,Marta Kostyuk,22,2064,https://api.wtatennis.com/tennis/players/ranked?page=0&pageSize=100&type=rankSingles&sort=asc&metric=SINGLES&at=2025-02-03&name=&nationality=,2026-03-22T00:44:21Z
wta,2025-02-03,316738,Elina Svitolina,Elina Svitolina,23,1970,https://api.wtatennis.com/tennis/players/ranked?page=0&pageSize=100&type=rankSingles&sort=asc&metric=SINGLES&at=2025-02-03&name=&nationality=,2026-03-22T00:44:21Z
wta,2025-02-03,319125,Katie Boulter,Katie Boulter,24,1931,https://api.wtatennis.com/tennis/players/ranked?page=0&pageSize=100&type=rankSingles&sort=asc&metric=SINGLES&at=2025-02-03&name=&nationality=,2026-03-22T00:44:21Z
wta,2025-02-03,319007,Ekaterina Alexandrova,Ekaterina Alexandrova,25,1888,https://api.wtatennis.com/tennis/players/ranked?page=0&pageSize=100&type=rankSingles&sort=asc&metric=SINGLES&at=2025-02-03&name=&nationality=,2026-03-22T00:44:21Z
wta,2025-02-03,313796,Anastasia Pavlyuchenkova,Anastasia Pavlyuchenkova,26,1841,https://api.wtatennis.com/tennis/players/ranked?page=0&pageSize=100&type=rankSingles&sort=asc&metric=SINGLES&at=2025-02-03&name=&nationality=,2026-03-22T00:44:21Z
wta,2025-02-03,326735,Leylah Fernandez,Leylah Fernandez,27,1815,https://api.wtatennis.com/tennis/players/ranked?page=0&pageSize=100&type=rankSingles&sort=asc&metric=SINGLES&at=2025-02-03&name=&nationality=,2026-03-22T00:44:21Z
wta,2025-02-03,320277,Magdalena Frech,Magdalena Frech,28,1800,https://api.wtatennis.com/tennis/players/ranked?page=0&pageSize=100&type=rankSingles&sort=asc&metric=SINGLES&at=2025-02-03&name=&nationality=,2026-03-22T00:44:21Z
wta,2025-02-03,318312,Maria Sakkari,Maria Sakkari,29,1774,https://api.wtatennis.com/tennis/players/ranked?page=0&pageSize=100&type=rankSingles&sort=asc&metric=SINGLES&at=2025-02-03&name=&nationality=,2026-03-22T00:44:21Z
wta,2025-02-03,312001,Victoria Azarenka,Victoria Azarenka,30,1762,https://api.wtatennis.com/tennis/players/ranked?page=0&pageSize=100&type=rankSingles&sort=asc&metric=SINGLES&at=2025-02-03&name=&nationality=,2026-03-22T00:44:21Z
wta,2025-02-03,317964,Elise Mertens,Elise Mertens,31,1666,https://api.wtatennis.com/tennis/players/ranked?page=0&pageSize=100&type=rankSingles&sort=asc&metric=SINGLES&at=2025-02-03&name=&nationality=,2026-03-22T00:44:21Z
wta,2025-02-03,325601,Anastasia Potapova,Anastasia Potapova,32,1494,https://api.wtatennis.com/tennis/players/ranked?page=0&pageSize=100&type=rankSingles&sort=asc&metric=SINGLES&at=2025-02-03&name=&nationality=,2026-03-22T00:44:21Z
wta,2025-02-03,316847,Ons Jabeur,Ons Jabeur,33,1454,https://api.wtatennis.com/tennis/players/ranked?page=0&pageSize=100&type=rankSingles&sort=asc&metric=SINGLES&at=2025-02-03&name=&nationality=,2026-03-22T00:44:21Z
wta,2025-02-03,327793,Clara Tauson,Clara Tauson,34,1441,https://api.wtatennis.com/tennis/players/ranked?page=0&pageSize=100&type=rankSingles&sort=asc&metric=SINGLES&at=2025-02-03&name=&nationality=,2026-03-22T00:44:21Z
wta,2025-02-03,319939,Jelena Ostapenko,Jelena Ostapenko,35,1422,https://api.wtatennis.com/tennis/players/ranked?page=0&pageSize=100&type=rankSingles&sort=asc&metric=SINGLES&at=2025-02-03&name=&nationality=,2026-03-22T00:44:21Z
wta,2025-02-03,326376,Xinyu Wang,Xinyu Wang,36,1413,https://api.wtatennis.com/tennis/players/ranked?page=0&pageSize=100&type=rankSingles&sort=asc&metric=SINGLES&at=2025-02-03&name=&nationality=,2026-03-22T00:44:21Z
wta,2025-02-03,323027,Marketa Vondrousova,Marketa Vondrousova,37,1393,https://api.wtatennis.com/tennis/players/ranked?page=0&pageSize=100&type=rankSingles&sort=asc&metric=SINGLES&at=2025-02-03&name=&nationality=,2026-03-22T00:44:21Z
wta,2025-02-03,315130,Magda Linette,Magda Linette,38,1376,https://api.wtatennis.com/tennis/players/ranked?page=0&pageSize=100&type=rankSingles&sort=asc&metric=SINGLES&at=2025-02-03&name=&nationality=,2026-03-22T00:44:21Z
wta,2025-02-03,329668,Linda Noskova,Linda Noskova,39,1358,https://api.wtatennis.com/tennis/players/ranked?page=0&pageSize=100&type=rankSingles&sort=asc&metric=SINGLES&at=2025-02-03&name=&nationality=,2026-03-22T00:44:21Z
wta,2025-02-03,326384,Amanda Anisimova,Amanda Anisimova,40,1316,https://api.wtatennis.com/tennis/players/ranked?page=0&pageSize=100&type=rankSingles&sort=asc&metric=SINGLES&at=2025-02-03&name=&nationality=,2026-03-22T00:44:21Z
wta,2025-02-03,324934,Olga Danilovic,Olga Danilovic,41,1275,https://api.wtatennis.com/tennis/players/ranked?page=0&pageSize=100&type=rankSingles&sort=asc&metric=SINGLES&at=2025-02-03&name=&nationality=,2026-03-22T00:44:21Z
wta,2025-02-03,319998,Naomi Osaka,Naomi Osaka,42,1265,https://api.wtatennis.com/tennis/players/ranked?page=0&pageSize=100&type=rankSingles&sort=asc&metric=SINGLES&at=2025-02-03&name=&nationality=,2026-03-22T00:44:21Z
wta,2025-02-03,320983,Marie Bouzkova,Marie Bouzkova,43,1262,https://api.wtatennis.com/tennis/players/ranked?page=0&pageSize=100&type=rankSingles&sort=asc&metric=SINGLES&at=2025-02-03&name=&nationality=,2026-03-22T00:44:21Z
wta,2025-02-03,320228,Rebecca Sramkova,Rebecca Sramkova,44,1236,https://api.wtatennis.com/tennis/players/ranked?page=0&pageSize=100&type=rankSingles&sort=asc&metric=SINGLES&at=2025-02-03&name=&nationality=,2026-03-22T00:44:21Z
wta,2025-02-03,324576,Lulu Sun,Lulu Sun,45,1223,https://api.wtatennis.com/tennis/players/ranked?page=0&pageSize=100&type=rankSingles&sort=asc&metric=SINGLES&at=2025-02-03&name=&nationality=,2026-03-22T00:44:21Z
wta,2025-02-03,327573,Peyton Stearns,Peyton Stearns,46,1198,https://api.wtatennis.com/tennis/players/ranked?page=0&pageSize=100&type=rankSingles&sort=asc&metric=SINGLES&at=2025-02-03&name=&nationality=,2026-03-22T00:44:21Z
wta,2025-02-03,313974,Karolina Pliskova,Karolina Pliskova,47,1196,https://api.wtatennis.com/tennis/players/ranked?page=0&pageSize=100&type=rankSingles&sort=asc&metric=SINGLES&at=2025-02-03&name=&nationality=,2026-03-22T00:44:21Z
wta,2025-02-03,327620,Elina Avanesyan,Elina Avanesyan,48,1190,https://api.wtatennis.com/tennis/players/ranked?page=0&pageSize=100&type=rankSingles&sort=asc&metric=SINGLES&at=2025-02-03&name=&nationality=,2026-03-22T00:44:21Z
wta,2025-02-03,320567,Anhelina Kalinina,Anhelina Kalinina,49,1171,https://api.wtatennis.com/tennis/players/ranked?page=0&pageSize=100&type=rankSingles&sort=asc&metric=SINGLES&at=2025-02-03&name=&nationality=,2026-03-22T00:44:21Z
wta,2025-02-03,324261,Dayana Yastremska,Dayana Yastremska,50,1169,https://api.wtatennis.com/tennis/players/ranked?page=0&pageSize=100&type=rankSingles&sort=asc&metric=SINGLES&at=2025-02-03&name=&nationality=,2026-03-22T00:44:21Z
wta,2025-02-03,329409,Ashlyn Krueger,Ashlyn Krueger,51,1141,https://api.wtatennis.com/tennis/players/ranked?page=0&pageSize=100&type=rankSingles&sort=asc&metric=SINGLES&at=2025-02-03&name=&nationality=,2026-03-22T00:44:21Z
wta,2025-02-03,319526,Veronika Kudermetova,Veronika Kudermetova,52,1118,https://api.wtatennis.com/tennis/players/ranked?page=0&pageSize=100&type=rankSingles&sort=asc&metric=SINGLES&at=2025-02-03&name=&nationality=,2026-03-22T00:44:21Z
wta,2025-02-03,325898,Camila Osorio,Camila Osorio,53,1095,https://api.wtatennis.com/tennis/players/ranked?page=0&pageSize=100&type=rankSingles&sort=asc&metric=SINGLES&at=2025-02-03&name=&nationality=,2026-03-22T00:44:21Z
wta,2025-02-03,320301,Katerina Siniakova,Katerina Siniakova,54,1092,https://api.wtatennis.com/tennis/players/ranked?page=0&pageSize=100&type=rankSingles&sort=asc&metric=SINGLES&at=2025-02-03&name=&nationality=,2026-03-22T00:44:21Z
wta,2025-02-03,324325,Yue Yuan,Yue Yuan,55,1086,https://api.wtatennis.com/tennis/players/ranked?page=0&pageSize=100&type=rankSingles&sort=asc&metric=SINGLES&at=2025-02-03&name=&nationality=,2026-03-22T00:44:21Z
wta,2025-02-03,328366,Emma Raducanu,Emma Raducanu,56,1056,https://api.wtatennis.com/tennis/players/ranked?page=0&pageSize=100&type=rankSingles&sort=asc&metric=SINGLES&at=2025-02-03&name=&nationality=,2026-03-22T00:44:21Z
wta,2025-02-03,326678,Mccartney Kessler,Mccartney Kessler,57,1053,https://api.wtatennis.com/tennis/players/ranked?page=0&pageSize=100&type=rankSingles&sort=asc&metric=SINGLES&at=2025-02-03&name=&nationality=,2026-03-22T00:44:21Z
wta,2025-02-03,328139,Jessica Bouzas Maneiro,Jessica Bouzas Maneiro,58,1040,https://api.wtatennis.com/tennis/players/ranked?page=0&pageSize=100&type=rankSingles&sort=asc&metric=SINGLES&at=2025-02-03&name=&nationality=,2026-03-22T00:44:21Z
wta,2025-02-03,328897,Polina Kudermetova,Polina Kudermetova,59,1011,https://api.wtatennis.com/tennis/players/ranked?page=0&pageSize=100&type=rankSingles&sort=asc&metric=SINGLES&at=2025-02-03&name=&nationality=,2026-03-22T00:44:21Z
wta,2025-02-03,327909,Elisabetta Cocciaretto,Elisabetta Cocciaretto,60,988,https://api.wtatennis.com/tennis/players/ranked?page=0&pageSize=100&type=rankSingles&sort=asc&metric=SINGLES&at=2025-02-03&name=&nationality=,2026-03-22T00:44:21Z
wta,2025-02-03,326096,Ann Li,Ann Li,61,985,https://api.wtatennis.com/tennis/players/ranked?page=0&pageSize=100&type=rankSingles&sort=asc&metric=SINGLES&at=2025-02-03&name=&nationality=,2026-03-22T00:44:21Z
wta,2025-02-03,327241,Moyuka Uchijima,Moyuka Uchijima,62,983,https://api.wtatennis.com/tennis/players/ranked?page=0&pageSize=100&type=rankSingles&sort=asc&metric=SINGLES&at=2025-02-03&name=&nationality=,2026-03-22T00:44:21Z
wta,2025-02-03,317584,Viktoriya Tomova,Viktoriya Tomova,63,981,https://api.wtatennis.com/tennis/players/ranked?page=0&pageSize=100&type=rankSingles&sort=asc&metric=SINGLES&at=2025-02-03&name=&nationality=,2026-03-22T00:44:21Z
wta,2025-02-03,312469,Sorana Cirstea,Sorana Cirstea,64,973,https://api.wtatennis.com/tennis/players/ranked?page=0&pageSize=100&type=rankSingles&sort=asc&metric=SINGLES&at=2025-02-03&name=&nationality=,2026-03-22T00:44:21Z
wta,2025-02-03,318711,Mayar Sherif,Mayar Sherif,65,956,https://api.wtatennis.com/tennis/players/ranked?page=0&pageSize=100&type=rankSingles&sort=asc&metric=SINGLES&at=2025-02-03&name=&nationality=,2026-03-22T00:44:21Z
wta,2025-02-03,320716,Renata Zarazua,Renata Zarazua,66,950,https://api.wtatennis.com/tennis/players/ranked?page=0&pageSize=100&type=rankSingles&sort=asc&metric=SINGLES&at=2025-02-03&name=&nationality=,2026-03-22T00:44:21Z
wta,2025-02-03,324898,Suzan Lamens,Suzan Lamens,67,944,https://api.wtatennis.com/tennis/players/ranked?page=0&pageSize=100&type=rankSingles&sort=asc&metric=SINGLES&at=2025-02-03&name=&nationality=,2026-03-22T00:44:21Z
wta,2025-02-03,327391,Katie Volynets,Katie Volynets,68,932,https://api.wtatennis.com/tennis/players/ranked?page=0&pageSize=100&type=rankSingles&sort=asc&metric=SINGLES&at=2025-02-03&name=&nationality=,2026-03-22T00:44:21Z
wta,2025-02-03,325936,Kamilla Rakhimova,Kamilla Rakhimova,69,927,https://api.wtatennis.com/tennis/players/ranked?page=0&pageSize=100&type=rankSingles&sort=asc&metric=SINGLES&at=2025-02-03&name=&nationality=,2026-03-22T00:44:21Z
wta,2025-02-03,325836,Varvara Gracheva,Varvara Gracheva,70,925,https://api.wtatennis.com/tennis/players/ranked?page=0&pageSize=100&type=rankSingles&sort=asc&metric=SINGLES&at=2025-02-03&name=&nationality=,2026-03-22T00:44:21Z
wta,2025-02-03,324267,Anna Blinkova,Anna Blinkova,71,916,https://api.wtatennis.com/tennis/players/ranked?page=0&pageSize=100&type=rankSingles&sort=asc&metric=SINGLES&at=2025-02-03&name=&nationality=,2026-03-22T00:44:21Z
wta,2025-02-03,322280,Lucia Bronzetti,Lucia Bronzetti,72,915,https://api.wtatennis.com/tennis/players/ranked?page=0&pageSize=100&type=rankSingles&sort=asc&metric=SINGLES&at=2025-02-03&name=&nationality=,2026-03-22T00:44:21Z
wta,2025-02-03,320319,Jaqueline  Cristian,Jaqueline  Cristian,73,909,https://api.wtatennis.com/tennis/players/ranked?page=0&pageSize=100&type=rankSingles&sort=asc&metric=SINGLES&at=2025-02-03&name=&nationality=,2026-03-22T00:44:21Z
wta,2025-02-03,310440,Tatjana Maria,Tatjana Maria,74,896,https://api.wtatennis.com/tennis/players/ranked?page=0&pageSize=100&type=rankSingles&sort=asc&metric=SINGLES&at=2025-02-03&name=&nationality=,2026-03-22T00:44:21Z
wta,2025-02-03,320942,Sofia Kenin,Sofia Kenin,75,892,https://api.wtatennis.com/tennis/players/ranked?page=0&pageSize=100&type=rankSingles&sort=asc&metric=SINGLES&at=2025-02-03&name=&nationality=,2026-03-22T00:44:21Z
wta,2025-02-03,315391,Caroline Garcia,Caroline Garcia,76,884,https://api.wtatennis.com/tennis/players/ranked?page=0&pageSize=100&type=rankSingles&sort=asc&metric=SINGLES&at=2025-02-03&name=&nationality=,2026-03-22T00:44:21Z
wta,2025-02-03,330151,Erika Andreeva,Erika Andreeva,77,883,https://api.wtatennis.com/tennis/players/ranked?page=0&pageSize=100&type=rankSingles&sort=asc&metric=SINGLES&at=2025-02-03&name=&nationality=,2026-03-22T00:44:21Z
wta,2025-02-03,317708,Bernarda Pera,Bernarda Pera,78,877,https://api.wtatennis.com/tennis/players/ranked?page=0&pageSize=100&type=rankSingles&sort=asc&metric=SINGLES&at=2025-02-03&name=&nationality=,2026-03-22T00:44:21Z
wta,2025-02-03,313169,Irina-Camelia Begu,Irina-Camelia Begu,79,876,https://api.wtatennis.com/tennis/players/ranked?page=0&pageSize=100&type=rankSingles&sort=asc&metric=SINGLES&at=2025-02-03&name=&nationality=,2026-03-22T00:44:21Z
wta,2025-02-03,310926,Laura Siegemund,Laura Siegemund,80,846,https://api.wtatennis.com/tennis/players/ranked?page=0&pageSize=100&type=rankSingles&sort=asc&metric=SINGLES&at=2025-02-03&name=&nationality=,2026-03-22T00:44:21Z
wta,2025-02-03,318609,Taylor Townsend,Taylor Townsend,81,844,https://api.wtatennis.com/tennis/players/ranked?page=0&pageSize=100&type=rankSingles&sort=asc&metric=SINGLES&at=2025-02-03&name=&nationality=,2026-03-22T00:44:21Z
wta,2025-02-03,322052,Caroline Dolehide,Caroline Dolehide,82,844,https://api.wtatennis.com/tennis/players/ranked?page=0&pageSize=100&type=rankSingles&sort=asc&metric=SINGLES&at=2025-02-03&name=&nationality=,2026-03-22T00:44:21Z
wta,2025-02-03,318872,Sara Sorribes Tormo,Sara Sorribes Tormo,83,839,https://api.wtatennis.com/tennis/players/ranked?page=0&pageSize=100&type=rankSingles&sort=asc&metric=SINGLES&at=2025-02-03&name=&nationality=,2026-03-22T00:44:21Z
wta,2025-02-03,313402,Caroline Wozniacki,Caroline Wozniacki,84,837,https://api.wtatennis.com/tennis/players/ranked?page=0&pageSize=100&type=rankSingles&sort=asc&metric=SINGLES&at=2025-02-03&name=&nationality=,2026-03-22T00:44:21Z
wta,2025-02-03,327077,Diane Parry,Diane Parry,85,830,https://api.wtatennis.com/tennis/players/ranked?page=0&pageSize=100&type=rankSingles&sort=asc&metric=SINGLES&at=2025-02-03&name=&nationality=,2026-03-22T00:44:21Z
wta,2025-02-03,320728,Kimberly Birrell,Kimberly Birrell,86,828,https://api.wtatennis.com/tennis/players/ranked?page=0&pageSize=100&type=rankSingles&sort=asc&metric=SINGLES&at=2025-02-03&name=&nationality=,2026-03-22T00:44:21Z
wta,2025-02-03,321454,Greet Minnen,Greet Minnen,87,823,https://api.wtatennis.com/tennis/players/ranked?page=0&pageSize=100&type=rankSingles&sort=asc&metric=SINGLES&at=2025-02-03&name=&nationality=,2026-03-22T00:44:21Z
wta,2025-02-03,313349,Arantxa Rus,Arantxa Rus,88,814,https://api.wtatennis.com/tennis/players/ranked?page=0&pageSize=100&type=rankSingles&sort=asc&metric=SINGLES&at=2025-02-03&name=&nationality=,2026-03-22T00:44:21Z
wta,2025-02-03,317510,Yafan Wang,Yafan Wang,89,812,https://api.wtatennis.com/tennis/players/ranked?page=0&pageSize=100&type=rankSingles&sort=asc&metric=SINGLES&at=2025-02-03&name=&nationality=,2026-03-22T00:44:21Z
wta,2025-02-03,326007,Alycia Parks,Alycia Parks,90,809,https://api.wtatennis.com/tennis/players/ranked?page=0&pageSize=100&type=rankSingles&sort=asc&metric=SINGLES&at=2025-02-03&name=&nationality=,2026-03-22T00:44:21Z
wta,2025-02-03,329918,Sonay Kartal,Sonay Kartal,91,808,https://api.wtatennis.com/tennis/players/ranked?page=0&pageSize=100&type=rankSingles&sort=asc&metric=SINGLES&at=2025-02-03&name=&nationality=,2026-03-22T00:44:21Z
wta,2025-02-03,325826,Eva Lys,Eva Lys,92,807,https://api.wtatennis.com/tennis/players/ranked?page=0&pageSize=100&type=rankSingles&sort=asc&metric=SINGLES&at=2025-02-03&name=&nationality=,2026-03-22T00:44:21Z
wta,2025-02-03,327101,Hailey Baptiste,Hailey Baptiste,93,801,https://api.wtatennis.com/tennis/players/ranked?page=0&pageSize=100&type=rankSingles&sort=asc&metric=SINGLES&at=2025-02-03&name=&nationality=,2026-03-22T00:44:21Z
wta,2025-02-03,322942,Anna Bondar,Anna Bondar,94,801,https://api.wtatennis.com/tennis/players/ranked?page=0&pageSize=100&type=rankSingles&sort=asc&metric=SINGLES&at=2025-02-03&name=&nationality=,2026-03-22T00:44:21Z
wta,2025-02-03,326907,Zeynep Sonmez,Zeynep Sonmez,95,788,https://api.wtatennis.com/tennis/players/ranked?page=0&pageSize=100&type=rankSingles&sort=asc&metric=SINGLES&at=2025-02-03&name=&nationality=,2026-03-22T00:44:21Z
wta,2025-02-03,325940,Jule Niemeier,Jule Niemeier,96,784,https://api.wtatennis.com/tennis/players/ranked?page=0&pageSize=100&type=rankSingles&sort=asc&metric=SINGLES&at=2025-02-03&name=&nationality=,2026-03-22T00:44:21Z
wta,2025-02-03,326160,Xiyu Wang,Xiyu Wang,97,766,https://api.wtatennis.com/tennis/players/ranked?page=0&pageSize=100&type=rankSingles&sort=asc&metric=SINGLES&at=2025-02-03&name=&nationality=,2026-03-22T00:44:21Z
wta,2025-02-03,321158,Cristina Bucsa,Cristina Bucsa,98,765,https://api.wtatennis.com/tennis/players/ranked?page=0&pageSize=100&type=rankSingles&sort=asc&metric=SINGLES&at=2025-02-03&name=&nationality=,2026-03-22T00:44:21Z
wta,2025-02-03,322638,Maria Lourdes Carle,Maria Lourdes Carle,99,764,https://api.wtatennis.com/tennis/players/ranked?page=0&pageSize=100&type=rankSingles&sort=asc&metric=SINGLES&at=2025-02-03&name=&nationality=,2026-03-22T00:44:21Z
wta,2025-02-03,319489,Harriet Dart,Harriet Dart,100,755,https://api.wtatennis.com/tennis/players/ranked?page=0&pageSize=100&type=rankSingles&sort=asc&metric=SINGLES&at=2025-02-03&name=&nationality=,2026-03-22T00:44:21Z
wta,2025-02-03,326653,Olivia Gadecki,Olivia Gadecki,101,754,https://api.wtatennis.com/tennis/players/ranked?page=1&pageSize=100&type=rankSingles&sort=asc&metric=SINGLES&at=2025-02-03&name=&nationality=,2026-03-22T00:44:22Z
wta,2025-02-03,330544,Maya Joint,Maya Joint,102,746,https://api.wtatennis.com/tennis/players/ranked?page=1&pageSize=100&type=rankSingles&sort=asc&metric=SINGLES&at=2025-02-03&name=&nationality=,2026-03-22T00:44:22Z
wta,2025-02-03,313485,Rebecca Marino,Rebecca Marino,103,744,https://api.wtatennis.com/tennis/players/ranked?page=1&pageSize=100&type=rankSingles&sort=asc&metric=SINGLES&at=2025-02-03&name=&nationality=,2026-03-22T00:44:22Z
wta,2025-02-03,314359,Nuria Parrizas Diaz,Nuria Parrizas Diaz,104,743,https://api.wtatennis.com/tennis/players/ranked?page=1&pageSize=100&type=rankSingles&sort=asc&metric=SINGLES&at=2025-02-03&name=&nationality=,2026-03-22T00:44:22Z
wta,2025-02-03,315683,Sloane Stephens,Sloane Stephens,105,731,https://api.wtatennis.com/tennis/players/ranked?page=1&pageSize=100&type=rankSingles&sort=asc&metric=SINGLES&at=2025-02-03&name=&nationality=,2026-03-22T00:44:22Z
wta,2025-02-03,319112,Nadia Podoroska,Nadia Podoroska,106,727,https://api.wtatennis.com/tennis/players/ranked?page=1&pageSize=100&type=rankSingles&sort=asc&metric=SINGLES&at=2025-02-03&name=&nationality=,2026-03-22T00:44:22Z
wta,2025-02-03,329408,Robin Montgomery,Robin Montgomery,107,727,https://api.wtatennis.com/tennis/players/ranked?page=1&pageSize=100&type=rankSingles&sort=asc&metric=SINGLES&at=2025-02-03&name=&nationality=,2026-03-22T00:44:22Z
wta,2025-02-03,330442,Anca Todoni,Anca Todoni,108,710,https://api.wtatennis.com/tennis/players/ranked?page=1&pageSize=100&type=rankSingles&sort=asc&metric=SINGLES&at=2025-02-03&name=&nationality=,2026-03-22T00:44:22Z
wta,2025-02-03,325338,Yuliia Starodubtseva,Yuliia Starodubtseva,109,705,https://api.wtatennis.com/tennis/players/ranked?page=1&pageSize=100&type=rankSingles&sort=asc&metric=SINGLES&at=2025-02-03&name=&nationality=,2026-03-22T00:44:22Z
wta,2025-02-03,310761,Sara Errani,Sara Errani,110,704,https://api.wtatennis.com/tennis/players/ranked?page=1&pageSize=100&type=rankSingles&sort=asc&metric=SINGLES&at=2025-02-03&name=&nationality=,2026-03-22T00:44:22Z
wta,2025-02-03,313711,Petra Martic,Petra Martic,111,696,https://api.wtatennis.com/tennis/players/ranked?page=1&pageSize=100&type=rankSingles&sort=asc&metric=SINGLES&at=2025-02-03&name=&nationality=,2026-03-22T00:44:22Z
wta,2025-02-03,320408,Elena-Gabriela Ruse,Elena-Gabriela Ruse,112,690,https://api.wtatennis.com/tennis/players/ranked?page=1&pageSize=100&type=rankSingles&sort=asc&metric=SINGLES&at=2025-02-03&name=&nationality=,2026-03-22T00:44:22Z
wta,2025-02-03,316296,Viktorija Golubic,Viktorija Golubic,113,690,https://api.wtatennis.com/tennis/players/ranked?page=1&pageSize=100&type=rankSingles&sort=asc&metric=SINGLES&at=2025-02-03&name=&nationality=,2026-03-22T00:44:22Z
wta,2025-02-03,329009,Aoi Ito,Aoi Ito,114,676,https://api.wtatennis.com/tennis/players/ranked?page=1&pageSize=100&type=rankSingles&sort=asc&metric=SINGLES&at=2025-02-03&name=&nationality=,2026-03-22T00:44:22Z
wta,2025-02-03,315232,Ajla Tomljanovic,Ajla Tomljanovic,115,667,https://api.wtatennis.com/tennis/players/ranked?page=1&pageSize=100&type=rankSingles&sort=asc&metric=SINGLES&at=2025-02-03&name=&nationality=,2026-03-22T00:44:22Z
wta,2025-02-03,328426,Sijia Wei,Sijia Wei,116,650,https://api.wtatennis.com/tennis/players/ranked?page=1&pageSize=100&type=rankSingles&sort=asc&metric=SINGLES&at=2025-02-03&name=&nationality=,2026-03-22T00:44:22Z
wta,2025-02-03,320926,Jil Teichmann,Jil Teichmann,117,628,https://api.wtatennis.com/tennis/players/ranked?page=1&pageSize=100&type=rankSingles&sort=asc&metric=SINGLES&at=2025-02-03&name=&nationality=,2026-03-22T00:44:22Z
wta,2025-02-03,318203,Anna Karolina Schmiedlova,Anna Karolina Schmiedlova,118,618,https://api.wtatennis.com/tennis/players/ranked?page=1&pageSize=100&type=rankSingles&sort=asc&metric=SINGLES&at=2025-02-03&name=&nationality=,2026-03-22T00:44:22Z
wta,2025-02-03,329614,Marina Stakusic,Marina Stakusic,119,600,https://api.wtatennis.com/tennis/players/ranked?page=1&pageSize=100&type=rankSingles&sort=asc&metric=SINGLES&at=2025-02-03&name=&nationality=,2026-03-22T00:44:22Z
wta,2025-02-03,315427,Ana Bogdan,Ana Bogdan,120,597,https://api.wtatennis.com/tennis/players/ranked?page=1&pageSize=100&type=rankSingles&sort=asc&metric=SINGLES&at=2025-02-03&name=&nationality=,2026-03-22T00:44:22Z
wta,2025-02-03,326929,Mananchaya Sawangkaew,Mananchaya Sawangkaew,121,597,https://api.wtatennis.com/tennis/players/ranked?page=1&pageSize=100&type=rankSingles&sort=asc&metric=SINGLES&at=2025-02-03&name=&nationality=,2026-03-22T00:44:22Z
wta,2025-02-03,329457,Darja Semenistaja,Darja Semenistaja,122,590,https://api.wtatennis.com/tennis/players/ranked?page=1&pageSize=100&type=rankSingles&sort=asc&metric=SINGLES&at=2025-02-03&name=&nationality=,2026-03-22T00:44:22Z
wta,2025-02-03,320313,Leolia Jeanjean,Leolia Jeanjean,123,589,https://api.wtatennis.com/tennis/players/ranked?page=1&pageSize=100&type=rankSingles&sort=asc&metric=SINGLES&at=2025-02-03&name=&nationality=,2026-03-22T00:44:22Z
wta,2025-02-03,120420,Varvara Lepchenko,Varvara Lepchenko,124,585,https://api.wtatennis.com/tennis/players/ranked?page=1&pageSize=100&type=rankSingles&sort=asc&metric=SINGLES&at=2025-02-03&name=&nationality=,2026-03-22T00:44:22Z
wta,2025-02-03,315997,Daria Saville,Daria Saville,125,576,https://api.wtatennis.com/tennis/players/ranked?page=1&pageSize=100&type=rankSingles&sort=asc&metric=SINGLES&at=2025-02-03&name=&nationality=,2026-03-22T00:44:22Z
wta,2025-02-03,318839,Chloe Paquet,Chloe Paquet,126,575,https://api.wtatennis.com/tennis/players/ranked?page=1&pageSize=100&type=rankSingles&sort=asc&metric=SINGLES&at=2025-02-03&name=&nationality=,2026-03-22T00:44:22Z
wta,2025-02-03,320945,Jana Fett,Jana Fett,127,573,https://api.wtatennis.com/tennis/players/ranked?page=1&pageSize=100&type=rankSingles&sort=asc&metric=SINGLES&at=2025-02-03&name=&nationality=,2026-03-22T00:44:22Z
wta,2025-02-03,317790,Aliaksandra Sasnovich,Aliaksandra Sasnovich,128,570,https://api.wtatennis.com/tennis/players/ranked?page=1&pageSize=100&type=rankSingles&sort=asc&metric=SINGLES&at=2025-02-03&name=&nationality=,2026-03-22T00:44:22Z
wta,2025-02-03,325639,Maja Chwalinska,Maja Chwalinska,129,565,https://api.wtatennis.com/tennis/players/ranked?page=1&pageSize=100&type=rankSingles&sort=asc&metric=SINGLES&at=2025-02-03&name=&nationality=,2026-03-22T00:44:22Z
wta,2025-02-03,325088,Bianca Andreescu,Bianca Andreescu,130,563,https://api.wtatennis.com/tennis/players/ranked?page=1&pageSize=100&type=rankSingles&sort=asc&metric=SINGLES&at=2025-02-03&name=&nationality=,2026-03-22T00:44:22Z
wta,2025-02-03,316266,Martina Trevisan,Martina Trevisan,131,542,https://api.wtatennis.com/tennis/players/ranked?page=1&pageSize=100&type=rankSingles&sort=asc&metric=SINGLES&at=2025-02-03&name=&nationality=,2026-03-22T00:44:22Z
wta,2025-02-03,329393,Talia Gibson,Talia Gibson,132,530,https://api.wtatennis.com/tennis/players/ranked?page=1&pageSize=100&type=rankSingles&sort=asc&metric=SINGLES&at=2025-02-03&name=&nationality=,2026-03-22T00:44:22Z
wta,2025-02-03,327367,Anastasia Zakharova,Anastasia Zakharova,133,530,https://api.wtatennis.com/tennis/players/ranked?page=1&pageSize=100&type=rankSingles&sort=asc&metric=SINGLES&at=2025-02-03&name=&nationality=,2026-03-22T00:44:22Z
wta,2025-02-03,320238,Nao Hibino,Nao Hibino,134,529,https://api.wtatennis.com/tennis/players/ranked?page=1&pageSize=100&type=rankSingles&sort=asc&metric=SINGLES&at=2025-02-03&name=&nationality=,2026-03-22T00:44:22Z
wta,2025-02-03,325320,Clara Burel,Clara Burel,135,529,https://api.wtatennis.com/tennis/players/ranked?page=1&pageSize=100&type=rankSingles&sort=asc&metric=SINGLES&at=2025-02-03&name=&nationality=,2026-03-22T00:44:22Z
wta,2025-02-03,327845,Daria Snigur,Daria Snigur,136,527,https://api.wtatennis.com/tennis/players/ranked?page=1&pageSize=100&type=rankSingles&sort=asc&metric=SINGLES&at=2025-02-03&name=&nationality=,2026-03-22T00:44:22Z
wta,2025-02-03,330332,Alexandra Eala,Alexandra Eala,137,525,https://api.wtatennis.com/tennis/players/ranked?page=1&pageSize=100&type=rankSingles&sort=asc&metric=SINGLES&at=2025-02-03&name=&nationality=,2026-03-22T00:44:22Z
wta,2025-02-03,322925,Xinyu Gao,Xinyu Gao,138,523,https://api.wtatennis.com/tennis/players/ranked?page=1&pageSize=100&type=rankSingles&sort=asc&metric=SINGLES&at=2025-02-03&name=&nationality=,2026-03-22T00:44:22Z
wta,2025-02-03,329505,Antonia Ruzic,Antonia Ruzic,139,522,https://api.wtatennis.com/tennis/players/ranked?page=1&pageSize=100&type=rankSingles&sort=asc&metric=SINGLES&at=2025-02-03&name=&nationality=,2026-03-22T00:44:22Z
wta,2025-02-03,325956,Panna Udvardy,Panna Udvardy,140,521,https://api.wtatennis.com/tennis/players/ranked?page=1&pageSize=100&type=rankSingles&sort=asc&metric=SINGLES&at=2025-02-03&name=&nationality=,2026-03-22T00:44:22Z
wta,2025-02-03,330375,Sara Bejlek,Sara Bejlek,141,506,https://api.wtatennis.com/tennis/players/ranked?page=1&pageSize=100&type=rankSingles&sort=asc&metric=SINGLES&at=2025-02-03&name=&nationality=,2026-03-22T00:44:22Z
wta,2025-02-03,327287,Julia Riera,Julia Riera,142,505,https://api.wtatennis.com/tennis/players/ranked?page=1&pageSize=100&type=rankSingles&sort=asc&metric=SINGLES&at=2025-02-03&name=&nationality=,2026-03-22T00:44:22Z
wta,2025-02-03,330548,Ella Seidel,Ella Seidel,143,505,https://api.wtatennis.com/tennis/players/ranked?page=1&pageSize=100&type=rankSingles&sort=asc&metric=SINGLES&at=2025-02-03&name=&nationality=,2026-03-22T00:44:22Z
wta,2025-02-03,322527,Ena Shibahara,Ena Shibahara,144,501,https://api.wtatennis.com/tennis/players/ranked?page=1&pageSize=100&type=rankSingles&sort=asc&metric=SINGLES&at=2025-02-03&name=&nationality=,2026-03-22T00:44:22Z
wta,2025-02-03,321179,Maddison Inglis,Maddison Inglis,145,500,https://api.wtatennis.com/tennis/players/ranked?page=1&pageSize=100&type=rankSingles&sort=asc&metric=SINGLES&at=2025-02-03&name=&nationality=,2026-03-22T00:44:22Z
wta,2025-02-03,319421,Jessika Ponchet,Jessika Ponchet,146,499,https://api.wtatennis.com/tennis/players/ranked?page=1&pageSize=100&type=rankSingles&sort=asc&metric=SINGLES&at=2025-02-03&name=&nationality=,2026-03-22T00:44:22Z
wta,2025-02-03,315295,Lesia Tsurenko,Lesia Tsurenko,147,490,https://api.wtatennis.com/tennis/players/ranked?page=1&pageSize=100&type=rankSingles&sort=asc&metric=SINGLES&at=2025-02-03&name=&nationality=,2026-03-22T00:44:22Z
wta,2025-02-03,323149,Lucrezia Stefanini,Lucrezia Stefanini,148,489,https://api.wtatennis.com/tennis/players/ranked?page=1&pageSize=100&type=rankSingles&sort=asc&metric=SINGLES&at=2025-02-03&name=&nationality=,2026-03-22T00:44:22Z
wta,2025-02-03,330149,Dominika Salkova,Dominika Salkova,149,486,https://api.wtatennis.com/tennis/players/ranked?page=1&pageSize=100&type=rankSingles&sort=asc&metric=SINGLES&at=2025-02-03&name=&nationality=,2026-03-22T00:44:22Z
wta,2025-02-03,330352,Victoria Jimenez Kasintseva,Victoria Jimenez Kasintseva,150,486,https://api.wtatennis.com/tennis/players/ranked?page=1&pageSize=100&type=rankSingles&sort=asc&metric=SINGLES&at=2025-02-03&name=&nationality=,2026-03-22T00:44:22Z
wta,2025-02-03,329199,Oksana Selekhmeteva,Oksana Selekhmeteva,151,482,https://api.wtatennis.com/tennis/players/ranked?page=1&pageSize=100&type=rankSingles&sort=asc&metric=SINGLES&at=2025-02-03&name=&nationality=,2026-03-22T00:44:22Z
wta,2025-02-03,329081,Solana Sierra,Solana Sierra,152,480,https://api.wtatennis.com/tennis/players/ranked?page=1&pageSize=100&type=rankSingles&sort=asc&metric=SINGLES&at=2025-02-03&name=&nationality=,2026-03-22T00:44:22Z
wta,2025-02-03,328142,Elsa Jacquemot,Elsa Jacquemot,153,476,https://api.wtatennis.com/tennis/players/ranked?page=1&pageSize=100&type=rankSingles&sort=asc&metric=SINGLES&at=2025-02-03&name=&nationality=,2026-03-22T00:44:22Z
wta,2025-02-03,324479,Francesca Jones,Francesca Jones,154,474,https://api.wtatennis.com/tennis/players/ranked?page=1&pageSize=100&type=rankSingles&sort=asc&metric=SINGLES&at=2025-02-03&name=&nationality=,2026-03-22T00:44:22Z
wta,2025-02-03,326891,Leyre Romero Gormaz,Leyre Romero Gormaz,155,472,https://api.wtatennis.com/tennis/players/ranked?page=1&pageSize=100&type=rankSingles&sort=asc&metric=SINGLES&at=2025-02-03&name=&nationality=,2026-03-22T00:44:22Z
wta,2025-02-03,322087,Rebeka Masarova,Rebeka Masarova,156,466,https://api.wtatennis.com/tennis/players/ranked?page=1&pageSize=100&type=rankSingles&sort=asc&metric=SINGLES&at=2025-02-03&name=&nationality=,2026-03-22T00:44:22Z
wta,2025-02-03,319001,Belinda Bencic,Belinda Bencic,157,463,https://api.wtatennis.com/tennis/players/ranked?page=1&pageSize=100&type=rankSingles&sort=asc&metric=SINGLES&at=2025-02-03&name=&nationality=,2026-03-22T00:44:22Z
wta,2025-02-03,317155,Laura Pigossi,Laura Pigossi,158,459,https://api.wtatennis.com/tennis/players/ranked?page=1&pageSize=100&type=rankSingles&sort=asc&metric=SINGLES&at=2025-02-03&name=&nationality=,2026-03-22T00:44:22Z
wta,2025-02-03,316981,Heather Watson,Heather Watson,159,458,https://api.wtatennis.com/tennis/players/ranked?page=1&pageSize=100&type=rankSingles&sort=asc&metric=SINGLES&at=2025-02-03&name=&nationality=,2026-03-22T00:44:22Z
wta,2025-02-03,327655,Veronika Erjavec,Veronika Erjavec,160,456,https://api.wtatennis.com/tennis/players/ranked?page=1&pageSize=100&type=rankSingles&sort=asc&metric=SINGLES&at=2025-02-03&name=&nationality=,2026-03-22T00:44:22Z
wta,2025-02-03,325771,Simona Waltert,Simona Waltert,161,456,https://api.wtatennis.com/tennis/players/ranked?page=1&pageSize=100&type=rankSingles&sort=asc&metric=SINGLES&at=2025-02-03&name=&nationality=,2026-03-22T00:44:22Z
wta,2025-02-03,317286,Kathinka Von Deichmann,Kathinka Von Deichmann,162,454,https://api.wtatennis.com/tennis/players/ranked?page=1&pageSize=100&type=rankSingles&sort=asc&metric=SINGLES&at=2025-02-03&name=&nationality=,2026-03-22T00:44:22Z
wta,2025-02-03,321106,Dalma Galfi,Dalma Galfi,163,453,https://api.wtatennis.com/tennis/players/ranked?page=1&pageSize=100&type=rankSingles&sort=asc&metric=SINGLES&at=2025-02-03&name=&nationality=,2026-03-22T00:44:22Z
wta,2025-02-03,330581,Celine Naef,Celine Naef,164,450,https://api.wtatennis.com/tennis/players/ranked?page=1&pageSize=100&type=rankSingles&sort=asc&metric=SINGLES&at=2025-02-03&name=&nationality=,2026-03-22T00:44:22Z
wta,2025-02-03,324789,Emiliana Arango,Emiliana Arango,165,447,https://api.wtatennis.com/tennis/players/ranked?page=1&pageSize=100&type=rankSingles&sort=asc&metric=SINGLES&at=2025-02-03&name=&nationality=,2026-03-22T00:44:22Z
wta,2025-02-03,324750,Mai Hontama,Mai Hontama,166,443,https://api.wtatennis.com/tennis/players/ranked?page=1&pageSize=100&type=rankSingles&sort=asc&metric=SINGLES&at=2025-02-03&name=&nationality=,2026-03-22T00:44:22Z
wta,2025-02-03,330291,Taylah Preston,Taylah Preston,167,439,https://api.wtatennis.com/tennis/players/ranked?page=1&pageSize=100&type=rankSingles&sort=asc&metric=SINGLES&at=2025-02-03&name=&nationality=,2026-03-22T00:44:22Z
wta,2025-02-03,320543,Priscilla Hon,Priscilla Hon,168,436,https://api.wtatennis.com/tennis/players/ranked?page=1&pageSize=100&type=rankSingles&sort=asc&metric=SINGLES&at=2025-02-03&name=&nationality=,2026-03-22T00:44:22Z
wta,2025-02-03,332285,Iva Jovic,Iva Jovic,169,432,https://api.wtatennis.com/tennis/players/ranked?page=1&pageSize=100&type=rankSingles&sort=asc&metric=SINGLES&at=2025-02-03&name=&nationality=,2026-03-22T00:44:22Z
wta,2025-02-03,324219,Destanee Aiava,Destanee Aiava,170,429,https://api.wtatennis.com/tennis/players/ranked?page=1&pageSize=100&type=rankSingles&sort=asc&metric=SINGLES&at=2025-02-03&name=&nationality=,2026-03-22T00:44:22Z
wta,2025-02-03,323079,Tamara Zidansek,Tamara Zidansek,171,420,https://api.wtatennis.com/tennis/players/ranked?page=1&pageSize=100&type=rankSingles&sort=asc&metric=SINGLES&at=2025-02-03&name=&nationality=,2026-03-22T00:44:22Z
wta,2025-02-03,315365,Mona Barthel,Mona Barthel,172,414,https://api.wtatennis.com/tennis/players/ranked?page=1&pageSize=100&type=rankSingles&sort=asc&metric=SINGLES&at=2025-02-03&name=&nationality=,2026-03-22T00:44:22Z
wta,2025-02-03,311779,Shuai Zhang,Shuai Zhang,173,411,https://api.wtatennis.com/tennis/players/ranked?page=1&pageSize=100&type=rankSingles&sort=asc&metric=SINGLES&at=2025-02-03&name=&nationality=,2026-03-22T00:44:22Z
wta,2025-02-03,323451,Arianne Hartono,Arianne Hartono,174,411,https://api.wtatennis.com/tennis/players/ranked?page=1&pageSize=100&type=rankSingles&sort=asc&metric=SINGLES&at=2025-02-03&name=&nationality=,2026-03-22T00:44:22Z
wta,2025-02-03,329651,Lanlana Tararudee,Lanlana Tararudee,175,411,https://api.wtatennis.com/tennis/players/ranked?page=1&pageSize=100&type=rankSingles&sort=asc&metric=SINGLES&at=2025-02-03&name=&nationality=,2026-03-22T00:44:22Z
wta,2025-02-03,325794,Manon Leonard,Manon Leonard,176,401,https://api.wtatennis.com/tennis/players/ranked?page=1&pageSize=100&type=rankSingles&sort=asc&metric=SINGLES&at=2025-02-03&name=&nationality=,2026-03-22T00:44:22Z
wta,2025-02-03,332175,Sara Saito,Sara Saito,177,400,https://api.wtatennis.com/tennis/players/ranked?page=1&pageSize=100&type=rankSingles&sort=asc&metric=SINGLES&at=2025-02-03&name=&nationality=,2026-03-22T00:44:22Z
wta,2025-02-03,330723,Tatiana Prozorova,Tatiana Prozorova,178,398,https://api.wtatennis.com/tennis/players/ranked?page=1&pageSize=100&type=rankSingles&sort=asc&metric=SINGLES&at=2025-02-03&name=&nationality=,2026-03-22T00:44:22Z
wta,2025-02-03,320218,Louisa Chirico,Louisa Chirico,179,397,https://api.wtatennis.com/tennis/players/ranked?page=1&pageSize=100&type=rankSingles&sort=asc&metric=SINGLES&at=2025-02-03&name=&nationality=,2026-03-22T00:44:22Z
wta,2025-02-03,330363,Barbora Palicova,Barbora Palicova,180,397,https://api.wtatennis.com/tennis/players/ranked?page=1&pageSize=100&type=rankSingles&sort=asc&metric=SINGLES&at=2025-02-03&name=&nationality=,2026-03-22T00:44:22Z
wta,2025-02-03,329090,Selena Janicijevic,Selena Janicijevic,181,394,https://api.wtatennis.com/tennis/players/ranked?page=1&pageSize=100&type=rankSingles&sort=asc&metric=SINGLES&at=2025-02-03&name=&nationality=,2026-03-22T00:44:22Z
wta,2025-02-03,330905,Elena Pridankina,Elena Pridankina,182,393,https://api.wtatennis.com/tennis/players/ranked?page=1&pageSize=100&type=rankSingles&sort=asc&metric=SINGLES&at=2025-02-03&name=&nationality=,2026-03-22T00:44:22Z
wta,2025-02-03,319436,Oceane Dodin,Oceane Dodin,183,389,https://api.wtatennis.com/tennis/players/ranked?page=1&pageSize=100&type=rankSingles&sort=asc&metric=SINGLES&at=2025-02-03&name=&nationality=,2026-03-22T00:44:22Z
wta,2025-02-03,316464,Emina Bektas,Emina Bektas,184,389,https://api.wtatennis.com/tennis/players/ranked?page=1&pageSize=100&type=rankSingles&sort=asc&metric=SINGLES&at=2025-02-03&name=&nationality=,2026-03-22T00:44:22Z
wta,2025-02-03,319183,Kyoka Okamura,Kyoka Okamura,185,385,https://api.wtatennis.com/tennis/players/ranked?page=1&pageSize=100&type=rankSingles&sort=asc&metric=SINGLES&at=2025-02-03&name=&nationality=,2026-03-22T00:44:22Z
wta,2025-02-03,325433,Nuria Brancaccio,Nuria Brancaccio,186,381,https://api.wtatennis.com/tennis/players/ranked?page=1&pageSize=100&type=rankSingles&sort=asc&metric=SINGLES&at=2025-02-03&name=&nationality=,2026-03-22T00:44:22Z
wta,2025-02-03,331102,Hanne Vandewinkel,Hanne Vandewinkel,187,376,https://api.wtatennis.com/tennis/players/ranked?page=1&pageSize=100&type=rankSingles&sort=asc&metric=SINGLES&at=2025-02-03&name=&nationality=,2026-03-22T00:44:22Z
wta,2025-02-03,330808,Tereza Valentova,Tereza Valentova,188,376,https://api.wtatennis.com/tennis/players/ranked?page=1&pageSize=100&type=rankSingles&sort=asc&metric=SINGLES&at=2025-02-03&name=&nationality=,2026-03-22T00:44:22Z
wta,2025-02-03,321743,Hanna Chang,Hanna Chang,189,372,https://api.wtatennis.com/tennis/players/ranked?page=1&pageSize=100&type=rankSingles&sort=asc&metric=SINGLES&at=2025-02-03&name=&nationality=,2026-03-22T00:44:22Z
wta,2025-02-03,330751,Lola Radivojevic,Lola Radivojevic,190,372,https://api.wtatennis.com/tennis/players/ranked?page=1&pageSize=100&type=rankSingles&sort=asc&metric=SINGLES&at=2025-02-03&name=&nationality=,2026-03-22T00:44:22Z
wta,2025-02-03,323802,Jodie Burrage,Jodie Burrage,191,365,https://api.wtatennis.com/tennis/players/ranked?page=1&pageSize=100&type=rankSingles&sort=asc&metric=SINGLES&at=2025-02-03&name=&nationality=,2026-03-22T00:44:22Z
wta,2025-02-03,319571,Tamara Korpatsch,Tamara Korpatsch,192,362,https://api.wtatennis.com/tennis/players/ranked?page=1&pageSize=100&type=rankSingles&sort=asc&metric=SINGLES&at=2025-02-03&name=&nationality=,2026-03-22T00:44:22Z
wta,2025-02-03,322450,Berfu Cengiz,Berfu Cengiz,193,360,https://api.wtatennis.com/tennis/players/ranked?page=1&pageSize=100&type=rankSingles&sort=asc&metric=SINGLES&at=2025-02-03&name=&nationality=,2026-03-22T00:44:22Z
wta,2025-02-03,317443,Sachia Vickery,Sachia Vickery,194,359,https://api.wtatennis.com/tennis/players/ranked?page=1&pageSize=100&type=rankSingles&sort=asc&metric=SINGLES&at=2025-02-03&name=&nationality=,2026-03-22T00:44:22Z
wta,2025-02-03,329627,Linda Fruhvirtova,Linda Fruhvirtova,195,357,https://api.wtatennis.com/tennis/players/ranked?page=1&pageSize=100&type=rankSingles&sort=asc&metric=SINGLES&at=2025-02-03&name=&nationality=,2026-03-22T00:44:22Z
wta,2025-02-03,328988,Anouk Koevermans,Anouk Koevermans,196,354,https://api.wtatennis.com/tennis/players/ranked?page=1&pageSize=100&type=rankSingles&sort=asc&metric=SINGLES&at=2025-02-03&name=&nationality=,2026-03-22T00:44:22Z
wta,2025-02-03,330372,Giorgia Pedone,Giorgia Pedone,197,353,https://api.wtatennis.com/tennis/players/ranked?page=1&pageSize=100&type=rankSingles&sort=asc&metric=SINGLES&at=2025-02-03&name=&nationality=,2026-03-22T00:44:22Z
wta,2025-02-03,312413,Arina Rodionova,Arina Rodionova,198,352,https://api.wtatennis.com/tennis/players/ranked?page=1&pageSize=100&type=rankSingles&sort=asc&metric=SINGLES&at=2025-02-03&name=&nationality=,2026-03-22T00:44:22Z
wta,2025-02-03,315616,Kristina Mladenovic,Kristina Mladenovic,199,352,https://api.wtatennis.com/tennis/players/ranked?page=1&pageSize=100&type=rankSingles&sort=asc&metric=SINGLES&at=2025-02-03&name=&nationality=,2026-03-22T00:44:22Z
wta,2025-02-03,321280,Raluka Serban,Raluka Serban,200,350,https://api.wtatennis.com/tennis/players/ranked?page=1&pageSize=100&type=rankSingles&sort=asc&metric=SINGLES&at=2025-02-03&name=&nationality=,2026-03-22T00:44:22Z
wta,2025-02-03,321032,Susan Bandecchi,Susan Bandecchi,201,350,https://api.wtatennis.com/tennis/players/ranked?page=2&pageSize=100&type=rankSingles&sort=asc&metric=SINGLES&at=2025-02-03&name=&nationality=,2026-03-22T00:44:22Z
wta,2025-02-03,323091,Lina Glushko,Lina Glushko,202,349,https://api.wtatennis.com/tennis/players/ranked?page=2&pageSize=100&type=rankSingles&sort=asc&metric=SINGLES&at=2025-02-03&name=&nationality=,2026-03-22T00:44:22Z
wta,2025-02-03,328631,Noma Noha Akugue,Noma Noha Akugue,203,348,https://api.wtatennis.com/tennis/players/ranked?page=2&pageSize=100&type=rankSingles&sort=asc&metric=SINGLES&at=2025-02-03&name=&nationality=,2026-03-22T00:44:22Z
wta,2025-02-03,320592,Mariam Bolkvadze,Mariam Bolkvadze,204,347,https://api.wtatennis.com/tennis/players/ranked?page=2&pageSize=100&type=rankSingles&sort=asc&metric=SINGLES&at=2025-02-03&name=&nationality=,2026-03-22T00:44:22Z
wta,2025-02-03,327061,Sinja Kraus,Sinja Kraus,205,346,https://api.wtatennis.com/tennis/players/ranked?page=2&pageSize=100&type=rankSingles&sort=asc&metric=SINGLES&at=2025-02-03&name=&nationality=,2026-03-22T00:44:22Z
wta,2025-02-03,324028,Leonie Kung,Leonie Kung,206,346,https://api.wtatennis.com/tennis/players/ranked?page=2&pageSize=100&type=rankSingles&sort=asc&metric=SINGLES&at=2025-02-03&name=&nationality=,2026-03-22T00:44:22Z
wta,2025-02-03,326101,Whitney Osuigwe,Whitney Osuigwe,207,346,https://api.wtatennis.com/tennis/players/ranked?page=2&pageSize=100&type=rankSingles&sort=asc&metric=SINGLES&at=2025-02-03&name=&nationality=,2026-03-22T00:44:22Z
wta,2025-02-03,321495,Yuriko Lily Miyazaki,Yuriko Lily Miyazaki,208,341,https://api.wtatennis.com/tennis/players/ranked?page=2&pageSize=100&type=rankSingles&sort=asc&metric=SINGLES&at=2025-02-03&name=&nationality=,2026-03-22T00:44:22Z
wta,2025-02-03,331361,Xinxin Yao,Xinxin Yao,209,341,https://api.wtatennis.com/tennis/players/ranked?page=2&pageSize=100&type=rankSingles&sort=asc&metric=SINGLES&at=2025-02-03&name=&nationality=,2026-03-22T00:44:22Z
wta,2025-02-03,323171,Lea Boskovic,Lea Boskovic,210,339,https://api.wtatennis.com/tennis/players/ranked?page=2&pageSize=100&type=rankSingles&sort=asc&metric=SINGLES&at=2025-02-03&name=&nationality=,2026-03-22T00:44:22Z
wta,2025-02-03,323119,Miriam Bulgaru,Miriam Bulgaru,211,338,https://api.wtatennis.com/tennis/players/ranked?page=2&pageSize=100&type=rankSingles&sort=asc&metric=SINGLES&at=2025-02-03&name=&nationality=,2026-03-22T00:44:22Z
wta,2025-02-03,331963,Sayaka Ishii,Sayaka Ishii,212,338,https://api.wtatennis.com/tennis/players/ranked?page=2&pageSize=100&type=rankSingles&sort=asc&metric=SINGLES&at=2025-02-03&name=&nationality=,2026-03-22T00:44:22Z
wta,2025-02-03,323677,Justina Mikulskyte,Justina Mikulskyte,213,337,https://api.wtatennis.com/tennis/players/ranked?page=2&pageSize=100&type=rankSingles&sort=asc&metric=SINGLES&at=2025-02-03&name=&nationality=,2026-03-22T00:44:22Z
wta,2025-02-03,329824,Han Shi,Han Shi,214,336,https://api.wtatennis.com/tennis/players/ranked?page=2&pageSize=100&type=rankSingles&sort=asc&metric=SINGLES&at=2025-02-03&name=&nationality=,2026-03-22T00:44:22Z
wta,2025-02-03,331006,Victoria Mboko,Victoria Mboko,215,336,https://api.wtatennis.com/tennis/players/ranked?page=2&pageSize=100&type=rankSingles&sort=asc&metric=SINGLES&at=2025-02-03&name=&nationality=,2026-03-22T00:44:22Z
wta,2025-02-03,318080,Andrea Lazaro Garcia,Andrea Lazaro Garcia,216,336,https://api.wtatennis.com/tennis/players/ranked?page=2&pageSize=100&type=rankSingles&sort=asc&metric=SINGLES&at=2025-02-03&name=&nationality=,2026-03-22T00:44:22Z
wta,2025-02-03,319696,Astra Sharma,Astra Sharma,217,335,https://api.wtatennis.com/tennis/players/ranked?page=2&pageSize=100&type=rankSingles&sort=asc&metric=SINGLES&at=2025-02-03&name=&nationality=,2026-03-22T00:44:22Z
wta,2025-02-03,319709,Nina Stojanovic,Nina Stojanovic,218,335,https://api.wtatennis.com/tennis/players/ranked?page=2&pageSize=100&type=rankSingles&sort=asc&metric=SINGLES&at=2025-02-03&name=&nationality=,2026-03-22T00:44:22Z
wta,2025-02-03,329061,Linda Klimovicova,Linda Klimovicova,219,334,https://api.wtatennis.com/tennis/players/ranked?page=2&pageSize=100&type=rankSingles&sort=asc&metric=SINGLES&at=2025-02-03&name=&nationality=,2026-03-22T00:44:22Z
wta,2025-02-03,317306,Lin Zhu,Lin Zhu,220,330,https://api.wtatennis.com/tennis/players/ranked?page=2&pageSize=100&type=rankSingles&sort=asc&metric=SINGLES&at=2025-02-03&name=&nationality=,2026-03-22T00:44:22Z
wta,2025-02-03,328884,Lois Boisson,Lois Boisson,221,330,https://api.wtatennis.com/tennis/players/ranked?page=2&pageSize=100&type=rankSingles&sort=asc&metric=SINGLES&at=2025-02-03&name=&nationality=,2026-03-22T00:44:22Z
wta,2025-02-03,319433,Marie Benoit,Marie Benoit,222,328,https://api.wtatennis.com/tennis/players/ranked?page=2&pageSize=100&type=rankSingles&sort=asc&metric=SINGLES&at=2025-02-03&name=&nationality=,2026-03-22T00:44:22Z
wta,2025-02-03,328896,Maria Timofeeva,Maria Timofeeva,223,327,https://api.wtatennis.com/tennis/players/ranked?page=2&pageSize=100&type=rankSingles&sort=asc&metric=SINGLES&at=2025-02-03&name=&nationality=,2026-03-22T00:44:22Z
wta,2025-02-03,321157,Irene Burillo,Irene Burillo,224,326,https://api.wtatennis.com/tennis/players/ranked?page=2&pageSize=100&type=rankSingles&sort=asc&metric=SINGLES&at=2025-02-03&name=&nationality=,2026-03-22T00:44:22Z
wta,2025-02-03,320759,Iryna Shymanovich,Iryna Shymanovich,225,322,https://api.wtatennis.com/tennis/players/ranked?page=2&pageSize=100&type=rankSingles&sort=asc&metric=SINGLES&at=2025-02-03&name=&nationality=,2026-03-22T00:44:22Z
wta,2025-02-03,328320,Hina Inoue,Hina Inoue,226,320,https://api.wtatennis.com/tennis/players/ranked?page=2&pageSize=100&type=rankSingles&sort=asc&metric=SINGLES&at=2025-02-03&name=&nationality=,2026-03-22T00:44:22Z
wta,2025-02-03,329250,Aliona Falei,Aliona Falei,227,319,https://api.wtatennis.com/tennis/players/ranked?page=2&pageSize=100&type=rankSingles&sort=asc&metric=SINGLES&at=2025-02-03&name=&nationality=,2026-03-22T00:44:22Z
wta,2025-02-03,329858,Anastasiia Sobolieva,Anastasiia Sobolieva,228,319,https://api.wtatennis.com/tennis/players/ranked?page=2&pageSize=100&type=rankSingles&sort=asc&metric=SINGLES&at=2025-02-03&name=&nationality=,2026-03-22T00:44:22Z
wta,2025-02-03,324786,Guiomar Maristany Zuleta De Reales,Guiomar Maristany Zuleta De Reales,229,318,https://api.wtatennis.com/tennis/players/ranked?page=2&pageSize=100&type=rankSingles&sort=asc&metric=SINGLES&at=2025-02-03&name=&nationality=,2026-03-22T00:44:22Z
wta,2025-02-03,327127,Margaux Rouvroy,Margaux Rouvroy,230,317,https://api.wtatennis.com/tennis/players/ranked?page=2&pageSize=100&type=rankSingles&sort=asc&metric=SINGLES&at=2025-02-03&name=&nationality=,2026-03-22T00:44:22Z
wta,2025-02-03,330894,Lucija Ciric Bagaric,Lucija Ciric Bagaric,231,316,https://api.wtatennis.com/tennis/players/ranked?page=2&pageSize=100&type=rankSingles&sort=asc&metric=SINGLES&at=2025-02-03&name=&nationality=,2026-03-22T00:44:22Z
wta,2025-02-03,325406,Alice Tubello,Alice Tubello,232,314,https://api.wtatennis.com/tennis/players/ranked?page=2&pageSize=100&type=rankSingles&sort=asc&metric=SINGLES&at=2025-02-03&name=&nationality=,2026-03-22T00:44:22Z
wta,2025-02-03,326911,Carlota Martinez Cirez,Carlota Martinez Cirez,233,311,https://api.wtatennis.com/tennis/players/ranked?page=2&pageSize=100&type=rankSingles&sort=asc&metric=SINGLES&at=2025-02-03&name=&nationality=,2026-03-22T00:44:22Z
wta,2025-02-03,322277,Viktoria Hruncakova,Viktoria Hruncakova,234,308,https://api.wtatennis.com/tennis/players/ranked?page=2&pageSize=100&type=rankSingles&sort=asc&metric=SINGLES&at=2025-02-03&name=&nationality=,2026-03-22T00:44:22Z
wta,2025-02-03,321367,Gabriela Knutson,Gabriela Knutson,235,307,https://api.wtatennis.com/tennis/players/ranked?page=2&pageSize=100&type=rankSingles&sort=asc&metric=SINGLES&at=2025-02-03&name=&nationality=,2026-03-22T00:44:22Z
wta,2025-02-03,327283,Jazmin Ortenzi,Jazmin Ortenzi,236,307,https://api.wtatennis.com/tennis/players/ranked?page=2&pageSize=100&type=rankSingles&sort=asc&metric=SINGLES&at=2025-02-03&name=&nationality=,2026-03-22T00:44:22Z
wta,2025-02-03,321834,Ipek Oz,Ipek Oz,237,305,https://api.wtatennis.com/tennis/players/ranked?page=2&pageSize=100&type=rankSingles&sort=asc&metric=SINGLES&at=2025-02-03&name=&nationality=,2026-03-22T00:44:22Z
wta,2025-02-03,324584,Katarina Zavatska,Katarina Zavatska,238,304,https://api.wtatennis.com/tennis/players/ranked?page=2&pageSize=100&type=rankSingles&sort=asc&metric=SINGLES&at=2025-02-03&name=&nationality=,2026-03-22T00:44:22Z
wta,2025-02-03,324128,Marina Bassols Ribera,Marina Bassols Ribera,239,302,https://api.wtatennis.com/tennis/players/ranked?page=2&pageSize=100&type=rankSingles&sort=asc&metric=SINGLES&at=2025-02-03&name=&nationality=,2026-03-22T00:44:22Z
wta,2025-02-03,328308,Ekaterina Makarova,Ekaterina Makarova,240,298,https://api.wtatennis.com/tennis/players/ranked?page=2&pageSize=100&type=rankSingles&sort=asc&metric=SINGLES&at=2025-02-03&name=&nationality=,2026-03-22T00:44:22Z
wta,2025-02-03,317171,Patricia Maria Tig,Patricia Maria Tig,241,297,https://api.wtatennis.com/tennis/players/ranked?page=2&pageSize=100&type=rankSingles&sort=asc&metric=SINGLES&at=2025-02-03&name=&nationality=,2026-03-22T00:44:22Z
wta,2025-02-03,321146,Sophie Chang,Sophie Chang,242,296,https://api.wtatennis.com/tennis/players/ranked?page=2&pageSize=100&type=rankSingles&sort=asc&metric=SINGLES&at=2025-02-03&name=&nationality=,2026-03-22T00:44:22Z
wta,2025-02-03,322355,Angela Fita Boluda,Angela Fita Boluda,243,296,https://api.wtatennis.com/tennis/players/ranked?page=2&pageSize=100&type=rankSingles&sort=asc&metric=SINGLES&at=2025-02-03&name=&nationality=,2026-03-22T00:44:22Z
wta,2025-02-03,322417,Ye-Xin Ma,Ye-Xin Ma,244,295,https://api.wtatennis.com/tennis/players/ranked?page=2&pageSize=100&type=rankSingles&sort=asc&metric=SINGLES&at=2025-02-03&name=&nationality=,2026-03-22T00:44:22Z
wta,2025-02-03,315806,Katarzyna Kawa,Katarzyna Kawa,245,294,https://api.wtatennis.com/tennis/players/ranked?page=2&pageSize=100&type=rankSingles&sort=asc&metric=SINGLES&at=2025-02-03&name=&nationality=,2026-03-22T00:44:22Z
wta,2025-02-03,315294,Dalila Jakupovic,Dalila Jakupovic,246,294,https://api.wtatennis.com/tennis/players/ranked?page=2&pageSize=100&type=rankSingles&sort=asc&metric=SINGLES&at=2025-02-03&name=&nationality=,2026-03-22T00:44:22Z
wta,2025-02-03,325991,Carole Monnet,Carole Monnet,247,292,https://api.wtatennis.com/tennis/players/ranked?page=2&pageSize=100&type=rankSingles&sort=asc&metric=SINGLES&at=2025-02-03&name=&nationality=,2026-03-22T00:44:22Z
wta,2025-02-03,326379,Elizabeth Mandlik,Elizabeth Mandlik,248,291,https://api.wtatennis.com/tennis/players/ranked?page=2&pageSize=100&type=rankSingles&sort=asc&metric=SINGLES&at=2025-02-03&name=&nationality=,2026-03-22T00:44:22Z
wta,2025-02-03,330102,Julia Avdeeva,Julia Avdeeva,249,290,https://api.wtatennis.com/tennis/players/ranked?page=2&pageSize=100&type=rankSingles&sort=asc&metric=SINGLES&at=2025-02-03&name=&nationality=,2026-03-22T00:44:22Z
wta,2025-02-03,324360,Maria Mateas,Maria Mateas,250,290,https://api.wtatennis.com/tennis/players/ranked?page=2&pageSize=100&type=rankSingles&sort=asc&metric=SINGLES&at=2025-02-03&name=&nationality=,2026-03-22T00:44:22Z
wta,2025-02-03,320016,Harmony Tan,Harmony Tan,251,289,https://api.wtatennis.com/tennis/players/ranked?page=2&pageSize=100&type=rankSingles&sort=asc&metric=SINGLES&at=2025-02-03&name=&nationality=,2026-03-22T00:44:22Z
wta,2025-02-03,330799,Petra Marcinko,Petra Marcinko,252,289,https://api.wtatennis.com/tennis/players/ranked?page=2&pageSize=100&type=rankSingles&sort=asc&metric=SINGLES&at=2025-02-03&name=&nationality=,2026-03-22T00:44:22Z
wta,2025-02-03,322534,Kayla Day,Kayla Day,253,287,https://api.wtatennis.com/tennis/players/ranked?page=2&pageSize=100&type=rankSingles&sort=asc&metric=SINGLES&at=2025-02-03&name=&nationality=,2026-03-22T00:44:22Z
wta,2025-02-03,330960,Kayla Cross,Kayla Cross,254,284,https://api.wtatennis.com/tennis/players/ranked?page=2&pageSize=100&type=rankSingles&sort=asc&metric=SINGLES&at=2025-02-03&name=&nationality=,2026-03-22T00:44:22Z
wta,2025-02-03,324948,Francisca Jorge,Francisca Jorge,255,283,https://api.wtatennis.com/tennis/players/ranked?page=2&pageSize=100&type=rankSingles&sort=asc&metric=SINGLES&at=2025-02-03&name=&nationality=,2026-03-22T00:44:22Z
wta,2025-02-03,317414,Lauren Davis,Lauren Davis,256,282,https://api.wtatennis.com/tennis/players/ranked?page=2&pageSize=100&type=rankSingles&sort=asc&metric=SINGLES&at=2025-02-03&name=&nationality=,2026-03-22T00:44:22Z
wta,2025-02-03,318857,Haruka Kaji,Haruka Kaji,257,282,https://api.wtatennis.com/tennis/players/ranked?page=2&pageSize=100&type=rankSingles&sort=asc&metric=SINGLES&at=2025-02-03&name=&nationality=,2026-03-22T00:44:22Z
wta,2025-02-03,331330,Alina Korneeva,Alina Korneeva,258,279,https://api.wtatennis.com/tennis/players/ranked?page=2&pageSize=100&type=rankSingles&sort=asc&metric=SINGLES&at=2025-02-03&name=&nationality=,2026-03-22T00:44:22Z
wta,2025-02-03,318559,Tena Lukas,Tena Lukas,259,272,https://api.wtatennis.com/tennis/players/ranked?page=2&pageSize=100&type=rankSingles&sort=asc&metric=SINGLES&at=2025-02-03&name=&nationality=,2026-03-22T00:44:22Z
wta,2025-02-03,331545,Brenda Fruhvirtova,Brenda Fruhvirtova,260,271,https://api.wtatennis.com/tennis/players/ranked?page=2&pageSize=100&type=rankSingles&sort=asc&metric=SINGLES&at=2025-02-03&name=&nationality=,2026-03-22T00:44:22Z
wta,2025-02-03,326512,Joanna Garland,Joanna Garland,261,270,https://api.wtatennis.com/tennis/players/ranked?page=2&pageSize=100&type=rankSingles&sort=asc&metric=SINGLES&at=2025-02-03&name=&nationality=,2026-03-22T00:44:22Z
wta,2025-02-03,317805,Carol Zhao,Carol Zhao,262,268,https://api.wtatennis.com/tennis/players/ranked?page=2&pageSize=100&type=rankSingles&sort=asc&metric=SINGLES&at=2025-02-03&name=&nationality=,2026-03-22T00:44:22Z
wta,2025-02-03,318352,Irina Bara,Irina Bara,263,265,https://api.wtatennis.com/tennis/players/ranked?page=2&pageSize=100&type=rankSingles&sort=asc&metric=SINGLES&at=2025-02-03&name=&nationality=,2026-03-22T00:44:22Z
wta,2025-02-03,318001,Nicole Fossa Huergo,Nicole Fossa Huergo,264,265,https://api.wtatennis.com/tennis/players/ranked?page=2&pageSize=100&type=rankSingles&sort=asc&metric=SINGLES&at=2025-02-03&name=&nationality=,2026-03-22T00:44:22Z
wta,2025-02-03,329919,Amarni Banks,Amarni Banks,265,264,https://api.wtatennis.com/tennis/players/ranked?page=2&pageSize=100&type=rankSingles&sort=asc&metric=SINGLES&at=2025-02-03&name=&nationality=,2026-03-22T00:44:22Z
wta,2025-02-03,328034,Kristina Dmitruk,Kristina Dmitruk,266,263,https://api.wtatennis.com/tennis/players/ranked?page=2&pageSize=100&type=rankSingles&sort=asc&metric=SINGLES&at=2025-02-03&name=&nationality=,2026-03-22T00:44:22Z
wta,2025-02-03,317065,Su Jeong Jang,Su Jeong Jang,267,260,https://api.wtatennis.com/tennis/players/ranked?page=2&pageSize=100&type=rankSingles&sort=asc&metric=SINGLES&at=2025-02-03&name=&nationality=,2026-03-22T00:44:22Z
wta,2025-02-03,333111,Emerson Jones,Emerson Jones,268,260,https://api.wtatennis.com/tennis/players/ranked?page=2&pageSize=100&type=rankSingles&sort=asc&metric=SINGLES&at=2025-02-03&name=&nationality=,2026-03-22T00:44:22Z
wta,2025-02-03,323966,Claire Liu,Claire Liu,269,259,https://api.wtatennis.com/tennis/players/ranked?page=2&pageSize=100&type=rankSingles&sort=asc&metric=SINGLES&at=2025-02-03&name=&nationality=,2026-03-22T00:44:22Z
wta,2025-02-03,316009,Despina Papamichail,Despina Papamichail,270,259,https://api.wtatennis.com/tennis/players/ranked?page=2&pageSize=100&type=rankSingles&sort=asc&metric=SINGLES&at=2025-02-03&name=&nationality=,2026-03-22T00:44:22Z
wta,2025-02-03,320465,Stacey Fung,Stacey Fung,271,259,https://api.wtatennis.com/tennis/players/ranked?page=2&pageSize=100&type=rankSingles&sort=asc&metric=SINGLES&at=2025-02-03&name=&nationality=,2026-03-22T00:44:22Z
wta,2025-02-03,326568,Himeno Sakatsume,Himeno Sakatsume,272,258,https://api.wtatennis.com/tennis/players/ranked?page=2&pageSize=100&type=rankSingles&sort=asc&metric=SINGLES&at=2025-02-03&name=&nationality=,2026-03-22T00:44:22Z
wta,2025-02-03,324830,En-Shuo Liang,En-Shuo Liang,273,256,https://api.wtatennis.com/tennis/players/ranked?page=2&pageSize=100&type=rankSingles&sort=asc&metric=SINGLES&at=2025-02-03&name=&nationality=,2026-03-22T00:44:22Z
wta,2025-02-03,324361,Carson Branstine,Carson Branstine,274,255,https://api.wtatennis.com/tennis/players/ranked?page=2&pageSize=100&type=rankSingles&sort=asc&metric=SINGLES&at=2025-02-03&name=&nationality=,2026-03-22T00:44:22Z
wta,2025-02-03,325011,Eva Vedder,Eva Vedder,275,251,https://api.wtatennis.com/tennis/players/ranked?page=2&pageSize=100&type=rankSingles&sort=asc&metric=SINGLES&at=2025-02-03&name=&nationality=,2026-03-22T00:44:22Z
wta,2025-02-03,313225,Jia-Jing Lu,Jia-Jing Lu,276,249,https://api.wtatennis.com/tennis/players/ranked?page=2&pageSize=100&type=rankSingles&sort=asc&metric=SINGLES&at=2025-02-03&name=&nationality=,2026-03-22T00:44:22Z
wta,2025-02-03,319305,Carolina Alves,Carolina Alves,277,248,https://api.wtatennis.com/tennis/players/ranked?page=2&pageSize=100&type=rankSingles&sort=asc&metric=SINGLES&at=2025-02-03&name=&nationality=,2026-03-22T00:44:22Z
wta,2025-02-03,329198,Alina Charaeva,Alina Charaeva,278,248,https://api.wtatennis.com/tennis/players/ranked?page=2&pageSize=100&type=rankSingles&sort=asc&metric=SINGLES&at=2025-02-03&name=&nationality=,2026-03-22T00:44:22Z
wta,2025-02-03,327834,Elvina Kalieva,Elvina Kalieva,279,247,https://api.wtatennis.com/tennis/players/ranked?page=2&pageSize=100&type=rankSingles&sort=asc&metric=SINGLES&at=2025-02-03&name=&nationality=,2026-03-22T00:44:22Z
wta,2025-02-03,315148,Amandine Hesse,Amandine Hesse,280,247,https://api.wtatennis.com/tennis/players/ranked?page=2&pageSize=100&type=rankSingles&sort=asc&metric=SINGLES&at=2025-02-03&name=&nationality=,2026-03-22T00:44:22Z
wta,2025-02-03,319311,Lina Gjorcheska,Lina Gjorcheska,281,245,https://api.wtatennis.com/tennis/players/ranked?page=2&pageSize=100&type=rankSingles&sort=asc&metric=SINGLES&at=2025-02-03&name=&nationality=,2026-03-22T00:44:22Z
wta,2025-02-03,330236,Tara Wuerth,Tara Wuerth,282,243,https://api.wtatennis.com/tennis/players/ranked?page=2&pageSize=100&type=rankSingles&sort=asc&metric=SINGLES&at=2025-02-03&name=&nationality=,2026-03-22T00:44:22Z
wta,2025-02-03,331856,Akasha Urhobo,Akasha Urhobo,283,243,https://api.wtatennis.com/tennis/players/ranked?page=2&pageSize=100&type=rankSingles&sort=asc&metric=SINGLES&at=2025-02-03&name=&nationality=,2026-03-22T00:44:22Z
wta,2025-02-03,321984,Tessah Andrianjafitrimo,Tessah Andrianjafitrimo,284,243,https://api.wtatennis.com/tennis/players/ranked?page=2&pageSize=100&type=rankSingles&sort=asc&metric=SINGLES&at=2025-02-03&name=&nationality=,2026-03-22T00:44:22Z
wta,2025-02-03,325473,Mei Yamaguchi,Mei Yamaguchi,285,238,https://api.wtatennis.com/tennis/players/ranked?page=2&pageSize=100&type=rankSingles&sort=asc&metric=SINGLES&at=2025-02-03&name=&nationality=,2026-03-22T00:44:22Z
wta,2025-02-03,327182,Oleksandra Oliynykova,Oleksandra Oliynykova,286,235,https://api.wtatennis.com/tennis/players/ranked?page=2&pageSize=100&type=rankSingles&sort=asc&metric=SINGLES&at=2025-02-03&name=&nationality=,2026-03-22T00:44:22Z
wta,2025-02-03,328730,Matilde Jorge,Matilde Jorge,287,235,https://api.wtatennis.com/tennis/players/ranked?page=2&pageSize=100&type=rankSingles&sort=asc&metric=SINGLES&at=2025-02-03&name=&nationality=,2026-03-22T00:44:22Z
wta,2025-02-03,330788,Clervie Ngounoue,Clervie Ngounoue,288,234,https://api.wtatennis.com/tennis/players/ranked?page=2&pageSize=100&type=rankSingles&sort=asc&metric=SINGLES&at=2025-02-03&name=&nationality=,2026-03-22T00:44:22Z
wta,2025-02-03,329366,Nastasja Schunk,Nastasja Schunk,289,231,https://api.wtatennis.com/tennis/players/ranked?page=2&pageSize=100&type=rankSingles&sort=asc&metric=SINGLES&at=2025-02-03&name=&nationality=,2026-03-22T00:44:22Z
wta,2025-02-03,326908,Tina Smith,Tina Smith,290,231,https://api.wtatennis.com/tennis/players/ranked?page=2&pageSize=100&type=rankSingles&sort=asc&metric=SINGLES&at=2025-02-03&name=&nationality=,2026-03-22T00:44:22Z
wta,2025-02-03,331152,Sahaja  Yamalapalli,Sahaja  Yamalapalli,291,229,https://api.wtatennis.com/tennis/players/ranked?page=2&pageSize=100&type=rankSingles&sort=asc&metric=SINGLES&at=2025-02-03&name=&nationality=,2026-03-22T00:44:22Z
wta,2025-02-03,321329,Wushuang Zheng,Wushuang Zheng,292,228,https://api.wtatennis.com/tennis/players/ranked?page=2&pageSize=100&type=rankSingles&sort=asc&metric=SINGLES&at=2025-02-03&name=&nationality=,2026-03-22T00:44:22Z
wta,2025-02-03,327219,Valentina Ryser,Valentina Ryser,293,227,https://api.wtatennis.com/tennis/players/ranked?page=2&pageSize=100&type=rankSingles&sort=asc&metric=SINGLES&at=2025-02-03&name=&nationality=,2026-03-22T00:44:22Z
wta,2025-02-03,320013,Lizette Cabrera,Lizette Cabrera,294,226,https://api.wtatennis.com/tennis/players/ranked?page=2&pageSize=100&type=rankSingles&sort=asc&metric=SINGLES&at=2025-02-03&name=&nationality=,2026-03-22T00:44:22Z
wta,2025-02-03,330451,Sofia Costoulas,Sofia Costoulas,295,224,https://api.wtatennis.com/tennis/players/ranked?page=2&pageSize=100&type=rankSingles&sort=asc&metric=SINGLES&at=2025-02-03&name=&nationality=,2026-03-22T00:44:22Z
wta,2025-02-03,326961,Anastasia Tikhonova,Anastasia Tikhonova,296,223,https://api.wtatennis.com/tennis/players/ranked?page=2&pageSize=100&type=rankSingles&sort=asc&metric=SINGLES&at=2025-02-03&name=&nationality=,2026-03-22T00:44:22Z
wta,2025-02-03,317164,Ankita Raina,Ankita Raina,297,222,https://api.wtatennis.com/tennis/players/ranked?page=2&pageSize=100&type=rankSingles&sort=asc&metric=SINGLES&at=2025-02-03&name=&nationality=,2026-03-22T00:44:22Z
wta,2025-02-03,328472,Mariia Tkacheva,Mariia Tkacheva,298,222,https://api.wtatennis.com/tennis/players/ranked?page=2&pageSize=100&type=rankSingles&sort=asc&metric=SINGLES&at=2025-02-03&name=&nationality=,2026-03-22T00:44:22Z
wta,2025-02-03,330432,Cadence Brace,Cadence Brace,299,222,https://api.wtatennis.com/tennis/players/ranked?page=2&pageSize=100&type=rankSingles&sort=asc&metric=SINGLES&at=2025-02-03&name=&nationality=,2026-03-22T00:44:22Z
wta,2025-02-03,330265,Mary Stoiana,Mary Stoiana,300,220,https://api.wtatennis.com/tennis/players/ranked?page=2&pageSize=100&type=rankSingles&sort=asc&metric=SINGLES&at=2025-02-03&name=&nationality=,2026-03-22T00:44:22Z
wta,2025-02-03,316344,Aleksandra Krunic,Aleksandra Krunic,301,219,https://api.wtatennis.com/tennis/players/ranked?page=3&pageSize=100&type=rankSingles&sort=asc&metric=SINGLES&at=2025-02-03&name=&nationality=,2026-03-22T00:44:23Z
wta,2025-02-03,333944,Laura Samson,Laura Samson,302,217,https://api.wtatennis.com/tennis/players/ranked?page=3&pageSize=100&type=rankSingles&sort=asc&metric=SINGLES&at=2025-02-03&name=&nationality=,2026-03-22T00:44:23Z
wta,2025-02-03,331290,Gina Feistel,Gina Feistel,303,216,https://api.wtatennis.com/tennis/players/ranked?page=3&pageSize=100&type=rankSingles&sort=asc&metric=SINGLES&at=2025-02-03&name=&nationality=,2026-03-22T00:44:23Z
wta,2025-02-03,330951,Julie Struplova,Julie Struplova,304,216,https://api.wtatennis.com/tennis/players/ranked?page=3&pageSize=100&type=rankSingles&sort=asc&metric=SINGLES&at=2025-02-03&name=&nationality=,2026-03-22T00:44:23Z
wta,2025-02-03,329115,Katrina Scott,Katrina Scott,305,214,https://api.wtatennis.com/tennis/players/ranked?page=3&pageSize=100&type=rankSingles&sort=asc&metric=SINGLES&at=2025-02-03&name=&nationality=,2026-03-22T00:44:23Z
wta,2025-02-03,322451,Xiaodi You,Xiaodi You,306,213,https://api.wtatennis.com/tennis/players/ranked?page=3&pageSize=100&type=rankSingles&sort=asc&metric=SINGLES&at=2025-02-03&name=&nationality=,2026-03-22T00:44:23Z
wta,2025-02-03,322579,Petra Hule,Petra Hule,307,212,https://api.wtatennis.com/tennis/players/ranked?page=3&pageSize=100&type=rankSingles&sort=asc&metric=SINGLES&at=2025-02-03&name=&nationality=,2026-03-22T00:44:23Z
wta,2025-02-03,318201,Camilla Rosatello,Camilla Rosatello,308,212,https://api.wtatennis.com/tennis/players/ranked?page=3&pageSize=100&type=rankSingles&sort=asc&metric=SINGLES&at=2025-02-03&name=&nationality=,2026-03-22T00:44:23Z
wta,2025-02-03,319641,Ayla Aksu,Ayla Aksu,309,211,https://api.wtatennis.com/tennis/players/ranked?page=3&pageSize=100&type=rankSingles&sort=asc&metric=SINGLES&at=2025-02-03&name=&nationality=,2026-03-22T00:44:23Z
wta,2025-02-03,328647,Anna Rogers,Anna Rogers,310,211,https://api.wtatennis.com/tennis/players/ranked?page=3&pageSize=100&type=rankSingles&sort=asc&metric=SINGLES&at=2025-02-03&name=&nationality=,2026-03-22T00:44:23Z
wta,2025-02-03,319133,Valeriya Strakhova,Valeriya Strakhova,311,210,https://api.wtatennis.com/tennis/players/ranked?page=3&pageSize=100&type=rankSingles&sort=asc&metric=SINGLES&at=2025-02-03&name=&nationality=,2026-03-22T00:44:23Z
wta,2025-02-03,331742,Kaitlin Quevedo,Kaitlin Quevedo,312,210,https://api.wtatennis.com/tennis/players/ranked?page=3&pageSize=100&type=rankSingles&sort=asc&metric=SINGLES&at=2025-02-03&name=&nationality=,2026-03-22T00:44:23Z
wta,2025-02-03,324394,Ayano Shimizu,Ayano Shimizu,313,207,https://api.wtatennis.com/tennis/players/ranked?page=3&pageSize=100&type=rankSingles&sort=asc&metric=SINGLES&at=2025-02-03&name=&nationality=,2026-03-22T00:44:23Z
wta,2025-02-03,322752,Sara Cakarevic,Sara Cakarevic,314,206,https://api.wtatennis.com/tennis/players/ranked?page=3&pageSize=100&type=rankSingles&sort=asc&metric=SINGLES&at=2025-02-03&name=&nationality=,2026-03-22T00:44:23Z
wta,2025-02-03,330642,Liv Hovde,Liv Hovde,315,205,https://api.wtatennis.com/tennis/players/ranked?page=3&pageSize=100&type=rankSingles&sort=asc&metric=SINGLES&at=2025-02-03&name=&nationality=,2026-03-22T00:44:23Z
wta,2025-02-03,332575,Alevtina Ibragimova,Alevtina Ibragimova,316,205,https://api.wtatennis.com/tennis/players/ranked?page=3&pageSize=100&type=rankSingles&sort=asc&metric=SINGLES&at=2025-02-03&name=&nationality=,2026-03-22T00:44:23Z
wta,2025-02-03,328797,Priska Nugroho,Priska Nugroho,317,204,https://api.wtatennis.com/tennis/players/ranked?page=3&pageSize=100&type=rankSingles&sort=asc&metric=SINGLES&at=2025-02-03&name=&nationality=,2026-03-22T00:44:23Z
wta,2025-02-03,320190,Kajsa Rinaldo Persson,Kajsa Rinaldo Persson,318,202,https://api.wtatennis.com/tennis/players/ranked?page=3&pageSize=100&type=rankSingles&sort=asc&metric=SINGLES&at=2025-02-03&name=&nationality=,2026-03-22T00:44:23Z
wta,2025-02-03,322822,Jaimee Fourlis,Jaimee Fourlis,319,201,https://api.wtatennis.com/tennis/players/ranked?page=3&pageSize=100&type=rankSingles&sort=asc&metric=SINGLES&at=2025-02-03&name=&nationality=,2026-03-22T00:44:23Z
wta,2025-02-03,324203,Zhibek Kulambayeva,Zhibek Kulambayeva,320,201,https://api.wtatennis.com/tennis/players/ranked?page=3&pageSize=100&type=rankSingles&sort=asc&metric=SINGLES&at=2025-02-03&name=&nationality=,2026-03-22T00:44:23Z
wta,2025-02-03,325188,Yasmine Mansouri,Yasmine Mansouri,321,201,https://api.wtatennis.com/tennis/players/ranked?page=3&pageSize=100&type=rankSingles&sort=asc&metric=SINGLES&at=2025-02-03&name=&nationality=,2026-03-22T00:44:23Z
wta,2025-02-03,327351,Dayeon Back,Dayeon Back,322,201,https://api.wtatennis.com/tennis/players/ranked?page=3&pageSize=100&type=rankSingles&sort=asc&metric=SINGLES&at=2025-02-03&name=&nationality=,2026-03-22T00:44:23Z
wta,2025-02-03,329583,Evialina Laskevich,Evialina Laskevich,323,201,https://api.wtatennis.com/tennis/players/ranked?page=3&pageSize=100&type=rankSingles&sort=asc&metric=SINGLES&at=2025-02-03&name=&nationality=,2026-03-22T00:44:23Z
wta,2025-02-03,321397,Ylena In-Albon,Ylena In-Albon,324,200,https://api.wtatennis.com/tennis/players/ranked?page=3&pageSize=100&type=rankSingles&sort=asc&metric=SINGLES&at=2025-02-03&name=&nationality=,2026-03-22T00:44:23Z
wta,2025-02-03,328071,Shrivalli Bhamidipaty,Shrivalli Bhamidipaty,325,200,https://api.wtatennis.com/tennis/players/ranked?page=3&pageSize=100&type=rankSingles&sort=asc&metric=SINGLES&at=2025-02-03&name=&nationality=,2026-03-22T00:44:23Z
wta,2025-02-03,329057,Darja Vidmanova,Darja Vidmanova,326,199,https://api.wtatennis.com/tennis/players/ranked?page=3&pageSize=100&type=rankSingles&sort=asc&metric=SINGLES&at=2025-02-03&name=&nationality=,2026-03-22T00:44:23Z
wta,2025-02-03,317810,Storm Hunter,Storm Hunter,327,196,https://api.wtatennis.com/tennis/players/ranked?page=3&pageSize=100&type=rankSingles&sort=asc&metric=SINGLES&at=2025-02-03&name=&nationality=,2026-03-22T00:44:23Z
wta,2025-02-03,320481,Daria Lodikova,Daria Lodikova,328,196,https://api.wtatennis.com/tennis/players/ranked?page=3&pageSize=100&type=rankSingles&sort=asc&metric=SINGLES&at=2025-02-03&name=&nationality=,2026-03-22T00:44:23Z
wta,2025-02-03,332467,Renata Jamrichova,Renata Jamrichova,329,195,https://api.wtatennis.com/tennis/players/ranked?page=3&pageSize=100&type=rankSingles&sort=asc&metric=SINGLES&at=2025-02-03&name=&nationality=,2026-03-22T00:44:23Z
wta,2025-02-03,325614,Sada Nahimana,Sada Nahimana,330,194,https://api.wtatennis.com/tennis/players/ranked?page=3&pageSize=100&type=rankSingles&sort=asc&metric=SINGLES&at=2025-02-03&name=&nationality=,2026-03-22T00:44:23Z
wta,2025-02-03,327773,Lia Karatancheva,Lia Karatancheva,331,194,https://api.wtatennis.com/tennis/players/ranked?page=3&pageSize=100&type=rankSingles&sort=asc&metric=SINGLES&at=2025-02-03&name=&nationality=,2026-03-22T00:44:23Z
wta,2025-02-03,325374,Gergana Topalova,Gergana Topalova,332,193,https://api.wtatennis.com/tennis/players/ranked?page=3&pageSize=100&type=rankSingles&sort=asc&metric=SINGLES&at=2025-02-03&name=&nationality=,2026-03-22T00:44:23Z
wta,2025-02-03,326723,Hong Yi Cody Wong,Hong Yi Cody Wong,333,193,https://api.wtatennis.com/tennis/players/ranked?page=3&pageSize=100&type=rankSingles&sort=asc&metric=SINGLES&at=2025-02-03&name=&nationality=,2026-03-22T00:44:23Z
wta,2025-02-03,326162,Meiling Wang,Meiling Wang,334,192,https://api.wtatennis.com/tennis/players/ranked?page=3&pageSize=100&type=rankSingles&sort=asc&metric=SINGLES&at=2025-02-03&name=&nationality=,2026-03-22T00:44:23Z
wta,2025-02-03,330636,Nina Vargova,Nina Vargova,335,192,https://api.wtatennis.com/tennis/players/ranked?page=3&pageSize=100&type=rankSingles&sort=asc&metric=SINGLES&at=2025-02-03&name=&nationality=,2026-03-22T00:44:23Z
wta,2025-02-03,322214,Katherine Sebov,Katherine Sebov,336,191,https://api.wtatennis.com/tennis/players/ranked?page=3&pageSize=100&type=rankSingles&sort=asc&metric=SINGLES&at=2025-02-03&name=&nationality=,2026-03-22T00:44:23Z
wta,2025-02-03,312292,Cagla Buyukakcay,Cagla Buyukakcay,337,191,https://api.wtatennis.com/tennis/players/ranked?page=3&pageSize=100&type=rankSingles&sort=asc&metric=SINGLES&at=2025-02-03&name=&nationality=,2026-03-22T00:44:23Z
wta,2025-02-03,326766,Julie Belgraver,Julie Belgraver,338,190,https://api.wtatennis.com/tennis/players/ranked?page=3&pageSize=100&type=rankSingles&sort=asc&metric=SINGLES&at=2025-02-03&name=&nationality=,2026-03-22T00:44:23Z
wta,2025-02-03,317349,Natalija Stevanovic,Natalija Stevanovic,339,189,https://api.wtatennis.com/tennis/players/ranked?page=3&pageSize=100&type=rankSingles&sort=asc&metric=SINGLES&at=2025-02-03&name=&nationality=,2026-03-22T00:44:23Z
wta,2025-02-03,325073,Lucia Cortez Llorca,Lucia Cortez Llorca,340,188,https://api.wtatennis.com/tennis/players/ranked?page=3&pageSize=100&type=rankSingles&sort=asc&metric=SINGLES&at=2025-02-03&name=&nationality=,2026-03-22T00:44:23Z
wta,2025-02-03,322333,Anastasia Gasanova,Anastasia Gasanova,341,188,https://api.wtatennis.com/tennis/players/ranked?page=3&pageSize=100&type=rankSingles&sort=asc&metric=SINGLES&at=2025-02-03&name=&nationality=,2026-03-22T00:44:23Z
wta,2025-02-03,320922,Ksenia Laskutova,Ksenia Laskutova,342,187,https://api.wtatennis.com/tennis/players/ranked?page=3&pageSize=100&type=rankSingles&sort=asc&metric=SINGLES&at=2025-02-03&name=&nationality=,2026-03-22T00:44:23Z
wta,2025-02-03,320512,Victoria Rodriguez,Victoria Rodriguez,343,187,https://api.wtatennis.com/tennis/players/ranked?page=3&pageSize=100&type=rankSingles&sort=asc&metric=SINGLES&at=2025-02-03&name=&nationality=,2026-03-22T00:44:23Z
wta,2025-02-03,317108,Audrey Albie,Audrey Albie,344,185,https://api.wtatennis.com/tennis/players/ranked?page=3&pageSize=100&type=rankSingles&sort=asc&metric=SINGLES&at=2025-02-03&name=&nationality=,2026-03-22T00:44:23Z
wta,2025-02-03,327100,Victoria Hu,Victoria Hu,345,185,https://api.wtatennis.com/tennis/players/ranked?page=3&pageSize=100&type=rankSingles&sort=asc&metric=SINGLES&at=2025-02-03&name=&nationality=,2026-03-22T00:44:23Z
wta,2025-02-03,326561,Sohyun Park,Sohyun Park,346,184,https://api.wtatennis.com/tennis/players/ranked?page=3&pageSize=100&type=rankSingles&sort=asc&metric=SINGLES&at=2025-02-03&name=&nationality=,2026-03-22T00:44:23Z
wta,2025-02-03,315288,Cristina Dinu,Cristina Dinu,347,183,https://api.wtatennis.com/tennis/players/ranked?page=3&pageSize=100&type=rankSingles&sort=asc&metric=SINGLES&at=2025-02-03&name=&nationality=,2026-03-22T00:44:23Z
wta,2025-02-03,330970,Tiantsoa Rakotomanga Rajaonah,Tiantsoa Rakotomanga Rajaonah,348,177,https://api.wtatennis.com/tennis/players/ranked?page=3&pageSize=100&type=rankSingles&sort=asc&metric=SINGLES&at=2025-02-03&name=&nationality=,2026-03-22T00:44:23Z
wta,2025-02-03,325295,Eri Shimizu,Eri Shimizu,349,177,https://api.wtatennis.com/tennis/players/ranked?page=3&pageSize=100&type=rankSingles&sort=asc&metric=SINGLES&at=2025-02-03&name=&nationality=,2026-03-22T00:44:23Z
wta,2025-02-03,328634,Hikaru Sato,Hikaru Sato,350,177,https://api.wtatennis.com/tennis/players/ranked?page=3&pageSize=100&type=rankSingles&sort=asc&metric=SINGLES&at=2025-02-03&name=&nationality=,2026-03-22T00:44:23Z
wta,2025-02-03,327193,Sapfo Sakellaridi,Sapfo Sakellaridi,351,176,https://api.wtatennis.com/tennis/players/ranked?page=3&pageSize=100&type=rankSingles&sort=asc&metric=SINGLES&at=2025-02-03&name=&nationality=,2026-03-22T00:44:23Z
wta,2025-02-03,331259,Zongyu Li,Zongyu Li,352,175,https://api.wtatennis.com/tennis/players/ranked?page=3&pageSize=100&type=rankSingles&sort=asc&metric=SINGLES&at=2025-02-03&name=&nationality=,2026-03-22T00:44:23Z
wta,2025-02-03,315696,Zarina Diyas,Zarina Diyas,353,174,https://api.wtatennis.com/tennis/players/ranked?page=3&pageSize=100&type=rankSingles&sort=asc&metric=SINGLES&at=2025-02-03&name=&nationality=,2026-03-22T00:44:23Z
wta,2025-02-03,328144,Karina Miller,Karina Miller,354,174,https://api.wtatennis.com/tennis/players/ranked?page=3&pageSize=100&type=rankSingles&sort=asc&metric=SINGLES&at=2025-02-03&name=&nationality=,2026-03-22T00:44:23Z
wta,2025-02-03,317421,Shelby Rogers,Shelby Rogers,355,173,https://api.wtatennis.com/tennis/players/ranked?page=3&pageSize=100&type=rankSingles&sort=asc&metric=SINGLES&at=2025-02-03&name=&nationality=,2026-03-22T00:44:23Z
wta,2025-02-03,319444,Caroline Werner,Caroline Werner,356,173,https://api.wtatennis.com/tennis/players/ranked?page=3&pageSize=100&type=rankSingles&sort=asc&metric=SINGLES&at=2025-02-03&name=&nationality=,2026-03-22T00:44:23Z
wta,2025-02-03,324656,Aneta Kucmova,Aneta Kucmova,357,172,https://api.wtatennis.com/tennis/players/ranked?page=3&pageSize=100&type=rankSingles&sort=asc&metric=SINGLES&at=2025-02-03&name=&nationality=,2026-03-22T00:44:23Z
wta,2025-02-03,326459,Katarina Kuzmova,Katarina Kuzmova,358,172,https://api.wtatennis.com/tennis/players/ranked?page=3&pageSize=100&type=rankSingles&sort=asc&metric=SINGLES&at=2025-02-03&name=&nationality=,2026-03-22T00:44:23Z
wta,2025-02-03,321658,Katharina Hobgarski,Katharina Hobgarski,359,171,https://api.wtatennis.com/tennis/players/ranked?page=3&pageSize=100&type=rankSingles&sort=asc&metric=SINGLES&at=2025-02-03&name=&nationality=,2026-03-22T00:44:23Z
wta,2025-02-03,313968,Polona Hercog,Polona Hercog,360,170,https://api.wtatennis.com/tennis/players/ranked?page=3&pageSize=100&type=rankSingles&sort=asc&metric=SINGLES&at=2025-02-03&name=&nationality=,2026-03-22T00:44:23Z
wta,2025-02-03,319606,Fangzhou Liu,Fangzhou Liu,361,170,https://api.wtatennis.com/tennis/players/ranked?page=3&pageSize=100&type=rankSingles&sort=asc&metric=SINGLES&at=2025-02-03&name=&nationality=,2026-03-22T00:44:23Z
wta,2025-02-03,319091,Anna-Lena Friedsam,Anna-Lena Friedsam,362,168,https://api.wtatennis.com/tennis/players/ranked?page=3&pageSize=100&type=rankSingles&sort=asc&metric=SINGLES&at=2025-02-03&name=&nationality=,2026-03-22T00:44:23Z
wta,2025-02-03,317175,Robin Anderson,Robin Anderson,363,168,https://api.wtatennis.com/tennis/players/ranked?page=3&pageSize=100&type=rankSingles&sort=asc&metric=SINGLES&at=2025-02-03&name=&nationality=,2026-03-22T00:44:23Z
wta,2025-02-03,322735,Tatiana Pieri,Tatiana Pieri,364,167,https://api.wtatennis.com/tennis/players/ranked?page=3&pageSize=100&type=rankSingles&sort=asc&metric=SINGLES&at=2025-02-03&name=&nationality=,2026-03-22T00:44:23Z
wta,2025-02-03,319438,Eudice Chong,Eudice Chong,365,166,https://api.wtatennis.com/tennis/players/ranked?page=3&pageSize=100&type=rankSingles&sort=asc&metric=SINGLES&at=2025-02-03&name=&nationality=,2026-03-22T00:44:23Z
wta,2025-02-03,328281,Madison Sieg,Madison Sieg,366,166,https://api.wtatennis.com/tennis/players/ranked?page=3&pageSize=100&type=rankSingles&sort=asc&metric=SINGLES&at=2025-02-03&name=&nationality=,2026-03-22T00:44:23Z
wta,2025-02-03,330920,Elena Micic,Elena Micic,367,164,https://api.wtatennis.com/tennis/players/ranked?page=3&pageSize=100&type=rankSingles&sort=asc&metric=SINGLES&at=2025-02-03&name=&nationality=,2026-03-22T00:44:23Z
wta,2025-02-03,330075,Melisa Ercan,Melisa Ercan,368,164,https://api.wtatennis.com/tennis/players/ranked?page=3&pageSize=100&type=rankSingles&sort=asc&metric=SINGLES&at=2025-02-03&name=&nationality=,2026-03-22T00:44:23Z
wta,2025-02-03,327191,Naho Sato,Naho Sato,369,163,https://api.wtatennis.com/tennis/players/ranked?page=3&pageSize=100&type=rankSingles&sort=asc&metric=SINGLES&at=2025-02-03&name=&nationality=,2026-03-22T00:44:23Z
wta,2025-02-03,319969,Fiona Ferro,Fiona Ferro,370,162,https://api.wtatennis.com/tennis/players/ranked?page=3&pageSize=100&type=rankSingles&sort=asc&metric=SINGLES&at=2025-02-03&name=&nationality=,2026-03-22T00:44:23Z
wta,2025-02-03,323368,Georgia Craciun,Georgia Craciun,371,162,https://api.wtatennis.com/tennis/players/ranked?page=3&pageSize=100&type=rankSingles&sort=asc&metric=SINGLES&at=2025-02-03&name=&nationality=,2026-03-22T00:44:23Z
wta,2025-02-03,314429,Qiang Wang,Qiang Wang,372,161,https://api.wtatennis.com/tennis/players/ranked?page=3&pageSize=100&type=rankSingles&sort=asc&metric=SINGLES&at=2025-02-03&name=&nationality=,2026-03-22T00:44:23Z
wta,2025-02-03,330995,Natalija Senic,Natalija Senic,373,161,https://api.wtatennis.com/tennis/players/ranked?page=3&pageSize=100&type=rankSingles&sort=asc&metric=SINGLES&at=2025-02-03&name=&nationality=,2026-03-22T00:44:23Z
wta,2025-02-03,322478,Alice Rame,Alice Rame,374,161,https://api.wtatennis.com/tennis/players/ranked?page=3&pageSize=100&type=rankSingles&sort=asc&metric=SINGLES&at=2025-02-03&name=&nationality=,2026-03-22T00:44:23Z
wta,2025-02-03,317070,Timea Babos,Timea Babos,375,160,https://api.wtatennis.com/tennis/players/ranked?page=3&pageSize=100&type=rankSingles&sort=asc&metric=SINGLES&at=2025-02-03&name=&nationality=,2026-03-22T00:44:23Z
wta,2025-02-03,319706,Dejana Radanovic,Dejana Radanovic,376,160,https://api.wtatennis.com/tennis/players/ranked?page=3&pageSize=100&type=rankSingles&sort=asc&metric=SINGLES&at=2025-02-03&name=&nationality=,2026-03-22T00:44:23Z
wta,2025-02-03,316588,Isabella Shinikova,Isabella Shinikova,377,160,https://api.wtatennis.com/tennis/players/ranked?page=3&pageSize=100&type=rankSingles&sort=asc&metric=SINGLES&at=2025-02-03&name=&nationality=,2026-03-22T00:44:23Z
wta,2025-02-03,323055,Malene Helgø,Malene Helgø,378,160,https://api.wtatennis.com/tennis/players/ranked?page=3&pageSize=100&type=rankSingles&sort=asc&metric=SINGLES&at=2025-02-03&name=&nationality=,2026-03-22T00:44:23Z
wta,2025-02-03,319454,Gabriela Lee,Gabriela Lee,379,159,https://api.wtatennis.com/tennis/players/ranked?page=3&pageSize=100&type=rankSingles&sort=asc&metric=SINGLES&at=2025-02-03&name=&nationality=,2026-03-22T00:44:23Z
wta,2025-02-03,328468,Daria Kudashova,Daria Kudashova,380,159,https://api.wtatennis.com/tennis/players/ranked?page=3&pageSize=100&type=rankSingles&sort=asc&metric=SINGLES&at=2025-02-03&name=&nationality=,2026-03-22T00:44:23Z
wta,2025-02-03,328878,Lea Ma,Lea Ma,381,159,https://api.wtatennis.com/tennis/players/ranked?page=3&pageSize=100&type=rankSingles&sort=asc&metric=SINGLES&at=2025-02-03&name=&nationality=,2026-03-22T00:44:23Z
wta,2025-02-03,325827,Gabriella Da Silva Fick,Gabriella Da Silva Fick,382,158,https://api.wtatennis.com/tennis/players/ranked?page=3&pageSize=100&type=rankSingles&sort=asc&metric=SINGLES&at=2025-02-03&name=&nationality=,2026-03-22T00:44:23Z
wta,2025-02-03,327196,Zhuoxuan Bai,Zhuoxuan Bai,383,157,https://api.wtatennis.com/tennis/players/ranked?page=3&pageSize=100&type=rankSingles&sort=asc&metric=SINGLES&at=2025-02-03&name=&nationality=,2026-03-22T00:44:23Z
wta,2025-02-03,328625,Diana Martynov,Diana Martynov,384,157,https://api.wtatennis.com/tennis/players/ranked?page=3&pageSize=100&type=rankSingles&sort=asc&metric=SINGLES&at=2025-02-03&name=&nationality=,2026-03-22T00:44:23Z
wta,2025-02-03,323608,Anastasia Kulikova,Anastasia Kulikova,385,157,https://api.wtatennis.com/tennis/players/ranked?page=3&pageSize=100&type=rankSingles&sort=asc&metric=SINGLES&at=2025-02-03&name=&nationality=,2026-03-22T00:44:23Z
wta,2025-02-03,324255,Maria Portillo Ramirez,Maria Portillo Ramirez,386,157,https://api.wtatennis.com/tennis/players/ranked?page=3&pageSize=100&type=rankSingles&sort=asc&metric=SINGLES&at=2025-02-03&name=&nationality=,2026-03-22T00:44:23Z
wta,2025-02-03,316694,Ana Sofia Sánchez,Ana Sofia Sánchez,387,156,https://api.wtatennis.com/tennis/players/ranked?page=3&pageSize=100&type=rankSingles&sort=asc&metric=SINGLES&at=2025-02-03&name=&nationality=,2026-03-22T00:44:23Z
wta,2025-02-03,327527,Lian Tran,Lian Tran,388,156,https://api.wtatennis.com/tennis/players/ranked?page=3&pageSize=100&type=rankSingles&sort=asc&metric=SINGLES&at=2025-02-03&name=&nationality=,2026-03-22T00:44:23Z
wta,2025-02-03,329308,Beatrice Ricci,Beatrice Ricci,389,155,https://api.wtatennis.com/tennis/players/ranked?page=3&pageSize=100&type=rankSingles&sort=asc&metric=SINGLES&at=2025-02-03&name=&nationality=,2026-03-22T00:44:23Z
wta,2025-02-03,321837,Vivian Wolff,Vivian Wolff,390,155,https://api.wtatennis.com/tennis/players/ranked?page=3&pageSize=100&type=rankSingles&sort=asc&metric=SINGLES&at=2025-02-03&name=&nationality=,2026-03-22T00:44:23Z
wta,2025-02-03,314660,Ekaterine Gorgodze,Ekaterine Gorgodze,391,154,https://api.wtatennis.com/tennis/players/ranked?page=3&pageSize=100&type=rankSingles&sort=asc&metric=SINGLES&at=2025-02-03&name=&nationality=,2026-03-22T00:44:23Z
wta,2025-02-03,320316,Julia Grabher,Julia Grabher,392,153,https://api.wtatennis.com/tennis/players/ranked?page=3&pageSize=100&type=rankSingles&sort=asc&metric=SINGLES&at=2025-02-03&name=&nationality=,2026-03-22T00:44:23Z
wta,2025-02-03,324308,Emeline Dartron,Emeline Dartron,393,153,https://api.wtatennis.com/tennis/players/ranked?page=3&pageSize=100&type=rankSingles&sort=asc&metric=SINGLES&at=2025-02-03&name=&nationality=,2026-03-22T00:44:23Z
wta,2025-02-03,331660,Ella Mcdonald,Ella Mcdonald,394,152,https://api.wtatennis.com/tennis/players/ranked?page=3&pageSize=100&type=rankSingles&sort=asc&metric=SINGLES&at=2025-02-03&name=&nationality=,2026-03-22T00:44:23Z
wta,2025-02-03,328818,Janice Tjen,Janice Tjen,395,152,https://api.wtatennis.com/tennis/players/ranked?page=3&pageSize=100&type=rankSingles&sort=asc&metric=SINGLES&at=2025-02-03&name=&nationality=,2026-03-22T00:44:23Z
wta,2025-02-03,326049,Rina Saigo,Rina Saigo,396,150,https://api.wtatennis.com/tennis/players/ranked?page=3&pageSize=100&type=rankSingles&sort=asc&metric=SINGLES&at=2025-02-03&name=&nationality=,2026-03-22T00:44:23Z
wta,2025-02-03,325404,Aurora Zantedeschi,Aurora Zantedeschi,397,149,https://api.wtatennis.com/tennis/players/ranked?page=3&pageSize=100&type=rankSingles&sort=asc&metric=SINGLES&at=2025-02-03&name=&nationality=,2026-03-22T00:44:23Z
wta,2025-02-03,332168,Alexandra Shubladze,Alexandra Shubladze,398,149,https://api.wtatennis.com/tennis/players/ranked?page=3&pageSize=100&type=rankSingles&sort=asc&metric=SINGLES&at=2025-02-03&name=&nationality=,2026-03-22T00:44:23Z
wta,2025-02-03,322627,Jenny Duerst,Jenny Duerst,399,148,https://api.wtatennis.com/tennis/players/ranked?page=3&pageSize=100&type=rankSingles&sort=asc&metric=SINGLES&at=2025-02-03&name=&nationality=,2026-03-22T00:44:23Z
wta,2025-02-03,322990,Vaidehee Chaudhari,Vaidehee Chaudhari,400,148,https://api.wtatennis.com/tennis/players/ranked?page=3&pageSize=100&type=rankSingles&sort=asc&metric=SINGLES&at=2025-02-03&name=&nationality=,2026-03-22T00:44:23Z
wta,2025-02-03,321195,Usue Maitane Arconada,Usue Maitane Arconada,401,147,https://api.wtatennis.com/tennis/players/ranked?page=4&pageSize=100&type=rankSingles&sort=asc&metric=SINGLES&at=2025-02-03&name=&nationality=,2026-03-22T00:44:23Z
wta,2025-02-03,330926,Mia Ristic,Mia Ristic,402,147,https://api.wtatennis.com/tennis/players/ranked?page=4&pageSize=100&type=rankSingles&sort=asc&metric=SINGLES&at=2025-02-03&name=&nationality=,2026-03-22T00:44:23Z
wta,2025-02-03,328131,Amarissa Toth,Amarissa Toth,403,147,https://api.wtatennis.com/tennis/players/ranked?page=4&pageSize=100&type=rankSingles&sort=asc&metric=SINGLES&at=2025-02-03&name=&nationality=,2026-03-22T00:44:23Z
wta,2025-02-03,328907,Martyna Kubka,Martyna Kubka,404,147,https://api.wtatennis.com/tennis/players/ranked?page=4&pageSize=100&type=rankSingles&sort=asc&metric=SINGLES&at=2025-02-03&name=&nationality=,2026-03-22T00:44:23Z
wta,2025-02-03,320090,Julieta Estable,Julieta Estable,405,147,https://api.wtatennis.com/tennis/players/ranked?page=4&pageSize=100&type=rankSingles&sort=asc&metric=SINGLES&at=2025-02-03&name=&nationality=,2026-03-22T00:44:23Z
wta,2025-02-03,330746,Luisina Giovannini,Luisina Giovannini,406,147,https://api.wtatennis.com/tennis/players/ranked?page=4&pageSize=100&type=rankSingles&sort=asc&metric=SINGLES&at=2025-02-03&name=&nationality=,2026-03-22T00:44:23Z
wta,2025-02-03,322631,Alana Smith,Alana Smith,407,146,https://api.wtatennis.com/tennis/players/ranked?page=4&pageSize=100&type=rankSingles&sort=asc&metric=SINGLES&at=2025-02-03&name=&nationality=,2026-03-22T00:44:23Z
wta,2025-02-03,319393,Deborah Chiesa,Deborah Chiesa,408,146,https://api.wtatennis.com/tennis/players/ranked?page=4&pageSize=100&type=rankSingles&sort=asc&metric=SINGLES&at=2025-02-03&name=&nationality=,2026-03-22T00:44:23Z
wta,2025-02-03,324807,Eunhye Lee,Eunhye Lee,409,145,https://api.wtatennis.com/tennis/players/ranked?page=4&pageSize=100&type=rankSingles&sort=asc&metric=SINGLES&at=2025-02-03&name=&nationality=,2026-03-22T00:44:23Z
wta,2025-02-03,317900,Catherine Harrison,Catherine Harrison,410,145,https://api.wtatennis.com/tennis/players/ranked?page=4&pageSize=100&type=rankSingles&sort=asc&metric=SINGLES&at=2025-02-03&name=&nationality=,2026-03-22T00:44:23Z
wta,2025-02-03,321029,Jessica Pieri,Jessica Pieri,411,145,https://api.wtatennis.com/tennis/players/ranked?page=4&pageSize=100&type=rankSingles&sort=asc&metric=SINGLES&at=2025-02-03&name=&nationality=,2026-03-22T00:44:23Z
wta,2025-02-03,319515,Iva Primorac,Iva Primorac,412,145,https://api.wtatennis.com/tennis/players/ranked?page=4&pageSize=100&type=rankSingles&sort=asc&metric=SINGLES&at=2025-02-03&name=&nationality=,2026-03-22T00:44:23Z
wta,2025-02-03,312121,Alizé Cornet,Alizé Cornet,413,144,https://api.wtatennis.com/tennis/players/ranked?page=4&pageSize=100&type=rankSingles&sort=asc&metric=SINGLES&at=2025-02-03&name=&nationality=,2026-03-22T00:44:23Z
wta,2025-02-03,318060,Tereza Martincova,Tereza Martincova,414,143,https://api.wtatennis.com/tennis/players/ranked?page=4&pageSize=100&type=rankSingles&sort=asc&metric=SINGLES&at=2025-02-03&name=&nationality=,2026-03-22T00:44:23Z
wta,2025-02-03,330569,Ariana Geerlings,Ariana Geerlings,415,143,https://api.wtatennis.com/tennis/players/ranked?page=4&pageSize=100&type=rankSingles&sort=asc&metric=SINGLES&at=2025-02-03&name=&nationality=,2026-03-22T00:44:23Z
wta,2025-02-03,323694,Emily Appleton,Emily Appleton,416,142,https://api.wtatennis.com/tennis/players/ranked?page=4&pageSize=100&type=rankSingles&sort=asc&metric=SINGLES&at=2025-02-03&name=&nationality=,2026-03-22T00:44:23Z
wta,2025-02-03,313035,Tamira Paszek,Tamira Paszek,417,142,https://api.wtatennis.com/tennis/players/ranked?page=4&pageSize=100&type=rankSingles&sort=asc&metric=SINGLES&at=2025-02-03&name=&nationality=,2026-03-22T00:44:23Z
wta,2025-02-03,326604,Saki Imamura,Saki Imamura,418,142,https://api.wtatennis.com/tennis/players/ranked?page=4&pageSize=100&type=rankSingles&sort=asc&metric=SINGLES&at=2025-02-03&name=&nationality=,2026-03-22T00:44:23Z
wta,2025-02-03,333121,Tyra Caterina Grant,Tyra Caterina Grant,419,140,https://api.wtatennis.com/tennis/players/ranked?page=4&pageSize=100&type=rankSingles&sort=asc&metric=SINGLES&at=2025-02-03&name=&nationality=,2026-03-22T00:44:23Z
wta,2025-02-03,318488,Jesika Maleckova,Jesika Maleckova,420,140,https://api.wtatennis.com/tennis/players/ranked?page=4&pageSize=100&type=rankSingles&sort=asc&metric=SINGLES&at=2025-02-03&name=&nationality=,2026-03-22T00:44:23Z
wta,2025-02-03,317519,Stephanie Wagner,Stephanie Wagner,421,140,https://api.wtatennis.com/tennis/players/ranked?page=4&pageSize=100&type=rankSingles&sort=asc&metric=SINGLES&at=2025-02-03&name=&nationality=,2026-03-22T00:44:23Z
wta,2025-02-03,321906,Kaylah Mcphee,Kaylah Mcphee,422,139,https://api.wtatennis.com/tennis/players/ranked?page=4&pageSize=100&type=rankSingles&sort=asc&metric=SINGLES&at=2025-02-03&name=&nationality=,2026-03-22T00:44:23Z
wta,2025-02-03,327633,Thasaporn Naklo,Thasaporn Naklo,423,137,https://api.wtatennis.com/tennis/players/ranked?page=4&pageSize=100&type=rankSingles&sort=asc&metric=SINGLES&at=2025-02-03&name=&nationality=,2026-03-22T00:44:23Z
wta,2025-02-03,330337,Kira Pavlova,Kira Pavlova,424,137,https://api.wtatennis.com/tennis/players/ranked?page=4&pageSize=100&type=rankSingles&sort=asc&metric=SINGLES&at=2025-02-03&name=&nationality=,2026-03-22T00:44:23Z
wta,2025-02-03,328153,Radka Zelnickova,Radka Zelnickova,425,137,https://api.wtatennis.com/tennis/players/ranked?page=4&pageSize=100&type=rankSingles&sort=asc&metric=SINGLES&at=2025-02-03&name=&nationality=,2026-03-22T00:44:23Z
wta,2025-02-03,327490,Ilinca Amariei,Ilinca Amariei,426,136,https://api.wtatennis.com/tennis/players/ranked?page=4&pageSize=100&type=rankSingles&sort=asc&metric=SINGLES&at=2025-02-03&name=&nationality=,2026-03-22T00:44:23Z
wta,2025-02-03,330547,Carolina Kuhl,Carolina Kuhl,427,136,https://api.wtatennis.com/tennis/players/ranked?page=4&pageSize=100&type=rankSingles&sort=asc&metric=SINGLES&at=2025-02-03&name=&nationality=,2026-03-22T00:44:23Z
wta,2025-02-03,328466,Anastasia Zolotareva,Anastasia Zolotareva,428,135,https://api.wtatennis.com/tennis/players/ranked?page=4&pageSize=100&type=rankSingles&sort=asc&metric=SINGLES&at=2025-02-03&name=&nationality=,2026-03-22T00:44:23Z
wta,2025-02-03,329721,Matilde Paoletti,Matilde Paoletti,429,134,https://api.wtatennis.com/tennis/players/ranked?page=4&pageSize=100&type=rankSingles&sort=asc&metric=SINGLES&at=2025-02-03&name=&nationality=,2026-03-22T00:44:23Z
wta,2025-02-03,331268,Lucciana Perez Alarcon,Lucciana Perez Alarcon,430,134,https://api.wtatennis.com/tennis/players/ranked?page=4&pageSize=100&type=rankSingles&sort=asc&metric=SINGLES&at=2025-02-03&name=&nationality=,2026-03-22T00:44:23Z
wta,2025-02-03,317541,Miriana Tona,Miriana Tona,431,134,https://api.wtatennis.com/tennis/players/ranked?page=4&pageSize=100&type=rankSingles&sort=asc&metric=SINGLES&at=2025-02-03&name=&nationality=,2026-03-22T00:44:23Z
wta,2025-02-03,331153,Miho Kuramochi,Miho Kuramochi,432,134,https://api.wtatennis.com/tennis/players/ranked?page=4&pageSize=100&type=rankSingles&sort=asc&metric=SINGLES&at=2025-02-03&name=&nationality=,2026-03-22T00:44:23Z
wta,2025-02-03,331113,Anja Stankovic,Anja Stankovic,433,134,https://api.wtatennis.com/tennis/players/ranked?page=4&pageSize=100&type=rankSingles&sort=asc&metric=SINGLES&at=2025-02-03&name=&nationality=,2026-03-22T00:44:23Z
wta,2025-02-03,320901,Jessica Failla,Jessica Failla,434,133,https://api.wtatennis.com/tennis/players/ranked?page=4&pageSize=100&type=rankSingles&sort=asc&metric=SINGLES&at=2025-02-03&name=&nationality=,2026-03-22T00:44:23Z
wta,2025-02-03,330914,Olivia Lincer,Olivia Lincer,435,133,https://api.wtatennis.com/tennis/players/ranked?page=4&pageSize=100&type=rankSingles&sort=asc&metric=SINGLES&at=2025-02-03&name=&nationality=,2026-03-22T00:44:23Z
wta,2025-02-03,323038,Daria Kuczer,Daria Kuczer,436,132,https://api.wtatennis.com/tennis/players/ranked?page=4&pageSize=100&type=rankSingles&sort=asc&metric=SINGLES&at=2025-02-03&name=&nationality=,2026-03-22T00:44:23Z
wta,2025-02-03,314527,Marina Melnikova,Marina Melnikova,437,131,https://api.wtatennis.com/tennis/players/ranked?page=4&pageSize=100&type=rankSingles&sort=asc&metric=SINGLES&at=2025-02-03&name=&nationality=,2026-03-22T00:44:23Z
wta,2025-02-03,326113,Mina Hodzic,Mina Hodzic,438,131,https://api.wtatennis.com/tennis/players/ranked?page=4&pageSize=100&type=rankSingles&sort=asc&metric=SINGLES&at=2025-02-03&name=&nationality=,2026-03-22T00:44:23Z
wta,2025-02-03,325750,Weronika Falkowska,Weronika Falkowska,439,130,https://api.wtatennis.com/tennis/players/ranked?page=4&pageSize=100&type=rankSingles&sort=asc&metric=SINGLES&at=2025-02-03&name=&nationality=,2026-03-22T00:44:23Z
wta,2025-02-03,319931,Sandra Samir,Sandra Samir,440,130,https://api.wtatennis.com/tennis/players/ranked?page=4&pageSize=100&type=rankSingles&sort=asc&metric=SINGLES&at=2025-02-03&name=&nationality=,2026-03-22T00:44:23Z
wta,2025-02-03,327398,Sakura Hosogi,Sakura Hosogi,441,129,https://api.wtatennis.com/tennis/players/ranked?page=4&pageSize=100&type=rankSingles&sort=asc&metric=SINGLES&at=2025-02-03&name=&nationality=,2026-03-22T00:44:23Z
wta,2025-02-03,316739,Kateryna Baindl,Kateryna Baindl,442,128,https://api.wtatennis.com/tennis/players/ranked?page=4&pageSize=100&type=rankSingles&sort=asc&metric=SINGLES&at=2025-02-03&name=&nationality=,2026-03-22T00:44:23Z
wta,2025-02-03,319411,Jamie Loeb,Jamie Loeb,443,128,https://api.wtatennis.com/tennis/players/ranked?page=4&pageSize=100&type=rankSingles&sort=asc&metric=SINGLES&at=2025-02-03&name=&nationality=,2026-03-22T00:44:23Z
wta,2025-02-03,329307,Sofia Rocchetti,Sofia Rocchetti,444,127,https://api.wtatennis.com/tennis/players/ranked?page=4&pageSize=100&type=rankSingles&sort=asc&metric=SINGLES&at=2025-02-03&name=&nationality=,2026-03-22T00:44:23Z
wta,2025-02-03,315472,Ekaterina Yashina,Ekaterina Yashina,445,127,https://api.wtatennis.com/tennis/players/ranked?page=4&pageSize=100&type=rankSingles&sort=asc&metric=SINGLES&at=2025-02-03&name=&nationality=,2026-03-22T00:44:23Z
wta,2025-02-03,327252,Yeonwoo Ku,Yeonwoo Ku,446,126,https://api.wtatennis.com/tennis/players/ranked?page=4&pageSize=100&type=rankSingles&sort=asc&metric=SINGLES&at=2025-02-03&name=&nationality=,2026-03-22T00:44:23Z
wta,2025-02-03,327547,Stephanie Visscher,Stephanie Visscher,447,126,https://api.wtatennis.com/tennis/players/ranked?page=4&pageSize=100&type=rankSingles&sort=asc&metric=SINGLES&at=2025-02-03&name=&nationality=,2026-03-22T00:44:23Z
wta,2025-02-03,328160,Francesca Curmi,Francesca Curmi,448,125,https://api.wtatennis.com/tennis/players/ranked?page=4&pageSize=100&type=rankSingles&sort=asc&metric=SINGLES&at=2025-02-03&name=&nationality=,2026-03-22T00:44:23Z
wta,2025-02-03,325632,Mariia Kozyreva,Mariia Kozyreva,449,125,https://api.wtatennis.com/tennis/players/ranked?page=4&pageSize=100&type=rankSingles&sort=asc&metric=SINGLES&at=2025-02-03&name=&nationality=,2026-03-22T00:44:23Z
wta,2025-02-03,330466,Polina Iatcenko,Polina Iatcenko,450,125,https://api.wtatennis.com/tennis/players/ranked?page=4&pageSize=100&type=rankSingles&sort=asc&metric=SINGLES&at=2025-02-03&name=&nationality=,2026-03-22T00:44:23Z
wta,2025-02-03,325114,Elena Malygina,Elena Malygina,451,125,https://api.wtatennis.com/tennis/players/ranked?page=4&pageSize=100&type=rankSingles&sort=asc&metric=SINGLES&at=2025-02-03&name=&nationality=,2026-03-22T00:44:23Z
wta,2025-02-03,329575,Nahia Berecoechea,Nahia Berecoechea,452,124,https://api.wtatennis.com/tennis/players/ranked?page=4&pageSize=100&type=rankSingles&sort=asc&metric=SINGLES&at=2025-02-03&name=&nationality=,2026-03-22T00:44:23Z
wta,2025-02-03,325867,Ayumi Koshiishi,Ayumi Koshiishi,453,123,https://api.wtatennis.com/tennis/players/ranked?page=4&pageSize=100&type=rankSingles&sort=asc&metric=SINGLES&at=2025-02-03&name=&nationality=,2026-03-22T00:44:23Z
wta,2025-02-03,329397,Fangran Tian,Fangran Tian,454,122,https://api.wtatennis.com/tennis/players/ranked?page=4&pageSize=100&type=rankSingles&sort=asc&metric=SINGLES&at=2025-02-03&name=&nationality=,2026-03-22T00:44:23Z
wta,2025-02-03,330364,Nikola Bartunkova,Nikola Bartunkova,455,122,https://api.wtatennis.com/tennis/players/ranked?page=4&pageSize=100&type=rankSingles&sort=asc&metric=SINGLES&at=2025-02-03&name=&nationality=,2026-03-22T00:44:23Z
wta,2025-02-03,328130,Clara Vlasselaer,Clara Vlasselaer,456,122,https://api.wtatennis.com/tennis/players/ranked?page=4&pageSize=100&type=rankSingles&sort=asc&metric=SINGLES&at=2025-02-03&name=&nationality=,2026-03-22T00:44:23Z
wta,2025-02-03,329438,Ekaterina Maklakova,Ekaterina Maklakova,457,120,https://api.wtatennis.com/tennis/players/ranked?page=4&pageSize=100&type=rankSingles&sort=asc&metric=SINGLES&at=2025-02-03&name=&nationality=,2026-03-22T00:44:23Z
wta,2025-02-03,318924,Sarah Beth Grey,Sarah Beth Grey,458,119,https://api.wtatennis.com/tennis/players/ranked?page=4&pageSize=100&type=rankSingles&sort=asc&metric=SINGLES&at=2025-02-03&name=&nationality=,2026-03-22T00:44:23Z
wta,2025-02-03,319937,Jacqueline Cabaj Awad,Jacqueline Cabaj Awad,459,119,https://api.wtatennis.com/tennis/players/ranked?page=4&pageSize=100&type=rankSingles&sort=asc&metric=SINGLES&at=2025-02-03&name=&nationality=,2026-03-22T00:44:23Z
wta,2025-02-03,330633,Yara Bartashevich,Yara Bartashevich,460,117,https://api.wtatennis.com/tennis/players/ranked?page=4&pageSize=100&type=rankSingles&sort=asc&metric=SINGLES&at=2025-02-03&name=&nationality=,2026-03-22T00:44:23Z
wta,2025-02-03,322704,Alexandra Bozovic,Alexandra Bozovic,461,117,https://api.wtatennis.com/tennis/players/ranked?page=4&pageSize=100&type=rankSingles&sort=asc&metric=SINGLES&at=2025-02-03&name=&nationality=,2026-03-22T00:44:23Z
wta,2025-02-03,323087,Hanyu Guo,Hanyu Guo,462,115,https://api.wtatennis.com/tennis/players/ranked?page=4&pageSize=100&type=rankSingles&sort=asc&metric=SINGLES&at=2025-02-03&name=&nationality=,2026-03-22T00:44:23Z
wta,2025-02-03,328213,Anastasia Abbagnato,Anastasia Abbagnato,463,115,https://api.wtatennis.com/tennis/players/ranked?page=4&pageSize=100&type=rankSingles&sort=asc&metric=SINGLES&at=2025-02-03&name=&nationality=,2026-03-22T00:44:23Z
wta,2025-02-03,323373,Andreea Prisacariu,Andreea Prisacariu,464,115,https://api.wtatennis.com/tennis/players/ranked?page=4&pageSize=100&type=rankSingles&sort=asc&metric=SINGLES&at=2025-02-03&name=&nationality=,2026-03-22T00:44:23Z
wta,2025-02-03,332913,Yufei Ren,Yufei Ren,465,114,https://api.wtatennis.com/tennis/players/ranked?page=4&pageSize=100&type=rankSingles&sort=asc&metric=SINGLES&at=2025-02-03&name=&nationality=,2026-03-22T00:44:23Z
wta,2025-02-03,329578,Silvia Ambrosio,Silvia Ambrosio,466,114,https://api.wtatennis.com/tennis/players/ranked?page=4&pageSize=100&type=rankSingles&sort=asc&metric=SINGLES&at=2025-02-03&name=&nationality=,2026-03-22T00:44:23Z
wta,2025-02-03,320501,Magali Kempen,Magali Kempen,467,114,https://api.wtatennis.com/tennis/players/ranked?page=4&pageSize=100&type=rankSingles&sort=asc&metric=SINGLES&at=2025-02-03&name=&nationality=,2026-03-22T00:44:23Z
wta,2025-02-03,332748,Rositsa Dencheva,Rositsa Dencheva,468,114,https://api.wtatennis.com/tennis/players/ranked?page=4&pageSize=100&type=rankSingles&sort=asc&metric=SINGLES&at=2025-02-03&name=&nationality=,2026-03-22T00:44:23Z
wta,2025-02-03,329159,Daria Frayman,Daria Frayman,469,114,https://api.wtatennis.com/tennis/players/ranked?page=4&pageSize=100&type=rankSingles&sort=asc&metric=SINGLES&at=2025-02-03&name=&nationality=,2026-03-22T00:44:23Z
wta,2025-02-03,319250,Valentini Grammatikopoulou,Valentini Grammatikopoulou,470,113,https://api.wtatennis.com/tennis/players/ranked?page=4&pageSize=100&type=rankSingles&sort=asc&metric=SINGLES&at=2025-02-03&name=&nationality=,2026-03-22T00:44:23Z
wta,2025-02-03,328173,Diletta Cherubini,Diletta Cherubini,471,113,https://api.wtatennis.com/tennis/players/ranked?page=4&pageSize=100&type=rankSingles&sort=asc&metric=SINGLES&at=2025-02-03&name=&nationality=,2026-03-22T00:44:23Z
wta,2025-02-03,316674,Gabriela Ce,Gabriela Ce,472,113,https://api.wtatennis.com/tennis/players/ranked?page=4&pageSize=100&type=rankSingles&sort=asc&metric=SINGLES&at=2025-02-03&name=&nationality=,2026-03-22T00:44:23Z
wta,2025-02-03,329251,Amelia Rajecki,Amelia Rajecki,473,112,https://api.wtatennis.com/tennis/players/ranked?page=4&pageSize=100&type=rankSingles&sort=asc&metric=SINGLES&at=2025-02-03&name=&nationality=,2026-03-22T00:44:23Z
wta,2025-02-03,329774,Pia Lovric,Pia Lovric,474,112,https://api.wtatennis.com/tennis/players/ranked?page=4&pageSize=100&type=rankSingles&sort=asc&metric=SINGLES&at=2025-02-03&name=&nationality=,2026-03-22T00:44:23Z
wta,2025-02-03,312623,Sofia Shapatava,Sofia Shapatava,475,112,https://api.wtatennis.com/tennis/players/ranked?page=4&pageSize=100&type=rankSingles&sort=asc&metric=SINGLES&at=2025-02-03&name=&nationality=,2026-03-22T00:44:23Z
wta,2025-02-03,329154,Hiromi Abe,Hiromi Abe,476,112,https://api.wtatennis.com/tennis/players/ranked?page=4&pageSize=100&type=rankSingles&sort=asc&metric=SINGLES&at=2025-02-03&name=&nationality=,2026-03-22T00:44:23Z
wta,2025-02-03,330603,Cristina Diaz Adrover,Cristina Diaz Adrover,477,112,https://api.wtatennis.com/tennis/players/ranked?page=4&pageSize=100&type=rankSingles&sort=asc&metric=SINGLES&at=2025-02-03&name=&nationality=,2026-03-22T00:44:23Z
wta,2025-02-03,319042,Allie Kiick,Allie Kiick,478,111,https://api.wtatennis.com/tennis/players/ranked?page=4&pageSize=100&type=rankSingles&sort=asc&metric=SINGLES&at=2025-02-03&name=&nationality=,2026-03-22T00:44:23Z
wta,2025-02-03,329759,Laura Hietaranta,Laura Hietaranta,479,111,https://api.wtatennis.com/tennis/players/ranked?page=4&pageSize=100&type=rankSingles&sort=asc&metric=SINGLES&at=2025-02-03&name=&nationality=,2026-03-22T00:44:23Z
wta,2025-02-03,325758,Haley Giavara,Haley Giavara,480,109,https://api.wtatennis.com/tennis/players/ranked?page=4&pageSize=100&type=rankSingles&sort=asc&metric=SINGLES&at=2025-02-03&name=&nationality=,2026-03-22T00:44:23Z
wta,2025-02-03,331725,Mingge Xu,Mingge Xu,481,109,https://api.wtatennis.com/tennis/players/ranked?page=4&pageSize=100&type=rankSingles&sort=asc&metric=SINGLES&at=2025-02-03&name=&nationality=,2026-03-22T00:44:23Z
wta,2025-02-03,329331,Amandine Monnot,Amandine Monnot,482,109,https://api.wtatennis.com/tennis/players/ranked?page=4&pageSize=100&type=rankSingles&sort=asc&metric=SINGLES&at=2025-02-03&name=&nationality=,2026-03-22T00:44:23Z
wta,2025-02-03,313987,Anastasija Sevastova,Anastasija Sevastova,483,108,https://api.wtatennis.com/tennis/players/ranked?page=4&pageSize=100&type=rankSingles&sort=asc&metric=SINGLES&at=2025-02-03&name=&nationality=,2026-03-22T00:44:23Z
wta,2025-02-03,323615,Martina Okalova,Martina Okalova,484,108,https://api.wtatennis.com/tennis/players/ranked?page=4&pageSize=100&type=rankSingles&sort=asc&metric=SINGLES&at=2025-02-03&name=&nationality=,2026-03-22T00:44:23Z
wta,2025-02-03,327063,Monique Barry,Monique Barry,485,108,https://api.wtatennis.com/tennis/players/ranked?page=4&pageSize=100&type=rankSingles&sort=asc&metric=SINGLES&at=2025-02-03&name=&nationality=,2026-03-22T00:44:23Z
wta,2025-02-03,318776,Ya-Hsuan Lee,Ya-Hsuan Lee,486,108,https://api.wtatennis.com/tennis/players/ranked?page=4&pageSize=100&type=rankSingles&sort=asc&metric=SINGLES&at=2025-02-03&name=&nationality=,2026-03-22T00:44:23Z
wta,2025-02-03,326780,Misaki Matsuda,Misaki Matsuda,487,108,https://api.wtatennis.com/tennis/players/ranked?page=4&pageSize=100&type=rankSingles&sort=asc&metric=SINGLES&at=2025-02-03&name=&nationality=,2026-03-22T00:44:23Z
wta,2025-02-03,324323,Yidi Yang,Yidi Yang,488,107,https://api.wtatennis.com/tennis/players/ranked?page=4&pageSize=100&type=rankSingles&sort=asc&metric=SINGLES&at=2025-02-03&name=&nationality=,2026-03-22T00:44:23Z
wta,2025-02-03,324970,Emma Lene,Emma Lene,489,107,https://api.wtatennis.com/tennis/players/ranked?page=4&pageSize=100&type=rankSingles&sort=asc&metric=SINGLES&at=2025-02-03&name=&nationality=,2026-03-22T00:44:23Z
wta,2025-02-03,328976,Ikumi Yamazaki,Ikumi Yamazaki,490,107,https://api.wtatennis.com/tennis/players/ranked?page=4&pageSize=100&type=rankSingles&sort=asc&metric=SINGLES&at=2025-02-03&name=&nationality=,2026-03-22T00:44:23Z
wta,2025-02-03,321356,Eliessa Vanlangendonck,Eliessa Vanlangendonck,491,107,https://api.wtatennis.com/tennis/players/ranked?page=4&pageSize=100&type=rankSingles&sort=asc&metric=SINGLES&at=2025-02-03&name=&nationality=,2026-03-22T00:44:23Z
wta,2025-02-03,315428,Valeria Savinykh,Valeria Savinykh,492,106,https://api.wtatennis.com/tennis/players/ranked?page=4&pageSize=100&type=rankSingles&sort=asc&metric=SINGLES&at=2025-02-03&name=&nationality=,2026-03-22T00:44:23Z
wta,2025-02-03,326044,Caijsa Hennemann,Caijsa Hennemann,493,103,https://api.wtatennis.com/tennis/players/ranked?page=4&pageSize=100&type=rankSingles&sort=asc&metric=SINGLES&at=2025-02-03&name=&nationality=,2026-03-22T00:44:23Z
wta,2025-02-03,332162,Anastasiia Gureva,Anastasiia Gureva,494,103,https://api.wtatennis.com/tennis/players/ranked?page=4&pageSize=100&type=rankSingles&sort=asc&metric=SINGLES&at=2025-02-03&name=&nationality=,2026-03-22T00:44:23Z
wta,2025-02-03,320342,Patcharin Cheapchandej,Patcharin Cheapchandej,495,103,https://api.wtatennis.com/tennis/players/ranked?page=4&pageSize=100&type=rankSingles&sort=asc&metric=SINGLES&at=2025-02-03&name=&nationality=,2026-03-22T00:44:23Z
wta,2025-02-03,323182,Haruna Arakawa,Haruna Arakawa,496,103,https://api.wtatennis.com/tennis/players/ranked?page=4&pageSize=100&type=rankSingles&sort=asc&metric=SINGLES&at=2025-02-03&name=&nationality=,2026-03-22T00:44:23Z
wta,2025-02-03,319962,Naiktha Bains,Naiktha Bains,497,101,https://api.wtatennis.com/tennis/players/ranked?page=4&pageSize=100&type=rankSingles&sort=asc&metric=SINGLES&at=2025-02-03&name=&nationality=,2026-03-22T00:44:23Z
wta,2025-02-03,317821,Hiroko Kuwata,Hiroko Kuwata,498,101,https://api.wtatennis.com/tennis/players/ranked?page=4&pageSize=100&type=rankSingles&sort=asc&metric=SINGLES&at=2025-02-03&name=&nationality=,2026-03-22T00:44:23Z
wta,2025-02-03,326503,Antonia Schmidt,Antonia Schmidt,499,101,https://api.wtatennis.com/tennis/players/ranked?page=4&pageSize=100&type=rankSingles&sort=asc&metric=SINGLES&at=2025-02-03&name=&nationality=,2026-03-22T00:44:23Z
wta,2025-02-03,323379,Arlinda Rushiti,Arlinda Rushiti,500,101,https://api.wtatennis.com/tennis/players/ranked?page=4&pageSize=100&type=rankSingles&sort=asc&metric=SINGLES&at=2025-02-03&name=&nationality=,2026-03-22T00:44:23Z
wta,2025-02-03,321253,Rasheeda Mcadoo,Rasheeda Mcadoo,501,101,https://api.wtatennis.com/tennis/players/ranked?page=5&pageSize=100&type=rankSingles&sort=asc&metric=SINGLES&at=2025-02-03&name=&nationality=,2026-03-22T00:44:23Z
wta,2025-02-03,316554,Peangtarn Plipuech,Peangtarn Plipuech,502,100,https://api.wtatennis.com/tennis/players/ranked?page=5&pageSize=100&type=rankSingles&sort=asc&metric=SINGLES&at=2025-02-03&name=&nationality=,2026-03-22T00:44:23Z
wta,2025-02-03,314343,Shiho Akita,Shiho Akita,503,100,https://api.wtatennis.com/tennis/players/ranked?page=5&pageSize=100&type=rankSingles&sort=asc&metric=SINGLES&at=2025-02-03&name=&nationality=,2026-03-22T00:44:23Z
wta,2025-02-03,324056,Alice Robbe,Alice Robbe,504,100,https://api.wtatennis.com/tennis/players/ranked?page=5&pageSize=100&type=rankSingles&sort=asc&metric=SINGLES&at=2025-02-03&name=&nationality=,2026-03-22T00:44:23Z
wta,2025-02-03,325155,Lara Schmidt,Lara Schmidt,505,100,https://api.wtatennis.com/tennis/players/ranked?page=5&pageSize=100&type=rankSingles&sort=asc&metric=SINGLES&at=2025-02-03&name=&nationality=,2026-03-22T00:44:23Z
wta,2025-02-03,330476,Klaudija Bubelyte,Klaudija Bubelyte,506,100,https://api.wtatennis.com/tennis/players/ranked?page=5&pageSize=100&type=rankSingles&sort=asc&metric=SINGLES&at=2025-02-03&name=&nationality=,2026-03-22T00:44:23Z
wta,2025-02-03,330420,Federica Urgesi,Federica Urgesi,507,99,https://api.wtatennis.com/tennis/players/ranked?page=5&pageSize=100&type=rankSingles&sort=asc&metric=SINGLES&at=2025-02-03&name=&nationality=,2026-03-22T00:44:23Z
wta,2025-02-03,311832,Erika Sema,Erika Sema,508,99,https://api.wtatennis.com/tennis/players/ranked?page=5&pageSize=100&type=rankSingles&sort=asc&metric=SINGLES&at=2025-02-03&name=&nationality=,2026-03-22T00:44:23Z
wta,2025-02-03,329151,Denislava Glushkova,Denislava Glushkova,509,99,https://api.wtatennis.com/tennis/players/ranked?page=5&pageSize=100&type=rankSingles&sort=asc&metric=SINGLES&at=2025-02-03&name=&nationality=,2026-03-22T00:44:23Z
wta,2025-02-03,325725,Caty Mcnally,Caty Mcnally,510,98,https://api.wtatennis.com/tennis/players/ranked?page=5&pageSize=100&type=rankSingles&sort=asc&metric=SINGLES&at=2025-02-03&name=&nationality=,2026-03-22T00:44:23Z
wta,2025-02-03,313131,Urszula Radwanska,Urszula Radwanska,511,98,https://api.wtatennis.com/tennis/players/ranked?page=5&pageSize=100&type=rankSingles&sort=asc&metric=SINGLES&at=2025-02-03&name=&nationality=,2026-03-22T00:44:23Z
wta,2025-02-03,322510,Dalila Spiteri,Dalila Spiteri,512,98,https://api.wtatennis.com/tennis/players/ranked?page=5&pageSize=100&type=rankSingles&sort=asc&metric=SINGLES&at=2025-02-03&name=&nationality=,2026-03-22T00:44:23Z
wta,2025-02-03,318907,Rutuja Bhosale,Rutuja Bhosale,513,97,https://api.wtatennis.com/tennis/players/ranked?page=5&pageSize=100&type=rankSingles&sort=asc&metric=SINGLES&at=2025-02-03&name=&nationality=,2026-03-22T00:44:23Z
wta,2025-02-03,325048,Dalayna Hewitt,Dalayna Hewitt,514,97,https://api.wtatennis.com/tennis/players/ranked?page=5&pageSize=100&type=rankSingles&sort=asc&metric=SINGLES&at=2025-02-03&name=&nationality=,2026-03-22T00:44:23Z
wta,2025-02-03,334183,Mia Pohankova,Mia Pohankova,515,97,https://api.wtatennis.com/tennis/players/ranked?page=5&pageSize=100&type=rankSingles&sort=asc&metric=SINGLES&at=2025-02-03&name=&nationality=,2026-03-22T00:44:23Z
wta,2025-02-03,323018,Lisa Zaar,Lisa Zaar,516,97,https://api.wtatennis.com/tennis/players/ranked?page=5&pageSize=100&type=rankSingles&sort=asc&metric=SINGLES&at=2025-02-03&name=&nationality=,2026-03-22T00:44:23Z
wta,2025-02-03,321927,Lamis Alhussein Abdel Aziz,Lamis Alhussein Abdel Aziz,517,97,https://api.wtatennis.com/tennis/players/ranked?page=5&pageSize=100&type=rankSingles&sort=asc&metric=SINGLES&at=2025-02-03&name=&nationality=,2026-03-22T00:44:23Z
wta,2025-02-03,326402,Luisa Meyer Auf Der Heide,Luisa Meyer Auf Der Heide,518,97,https://api.wtatennis.com/tennis/players/ranked?page=5&pageSize=100&type=rankSingles&sort=asc&metric=SINGLES&at=2025-02-03&name=&nationality=,2026-03-22T00:44:23Z
wta,2025-02-03,325584,Ekaterina Ovcharenko,Ekaterina Ovcharenko,519,96,https://api.wtatennis.com/tennis/players/ranked?page=5&pageSize=100&type=rankSingles&sort=asc&metric=SINGLES&at=2025-02-03&name=&nationality=,2026-03-22T00:44:23Z
wta,2025-02-03,319717,Amy Zhu,Amy Zhu,520,96,https://api.wtatennis.com/tennis/players/ranked?page=5&pageSize=100&type=rankSingles&sort=asc&metric=SINGLES&at=2025-02-03&name=&nationality=,2026-03-22T00:44:23Z
wta,2025-02-03,324156,Fernanda Labrana,Fernanda Labrana,521,95,https://api.wtatennis.com/tennis/players/ranked?page=5&pageSize=100&type=rankSingles&sort=asc&metric=SINGLES&at=2025-02-03&name=&nationality=,2026-03-22T00:44:23Z
wta,2025-02-03,321742,Ying Zhang,Ying Zhang,522,95,https://api.wtatennis.com/tennis/players/ranked?page=5&pageSize=100&type=rankSingles&sort=asc&metric=SINGLES&at=2025-02-03&name=&nationality=,2026-03-22T00:44:23Z
wta,2025-02-03,324125,Momoko Kobori,Momoko Kobori,523,94,https://api.wtatennis.com/tennis/players/ranked?page=5&pageSize=100&type=rankSingles&sort=asc&metric=SINGLES&at=2025-02-03&name=&nationality=,2026-03-22T00:44:23Z
wta,2025-02-03,321132,Martha Matoula,Martha Matoula,524,93,https://api.wtatennis.com/tennis/players/ranked?page=5&pageSize=100&type=rankSingles&sort=asc&metric=SINGLES&at=2025-02-03&name=&nationality=,2026-03-22T00:44:23Z
wta,2025-02-03,326235,Yuki Naito,Yuki Naito,525,93,https://api.wtatennis.com/tennis/players/ranked?page=5&pageSize=100&type=rankSingles&sort=asc&metric=SINGLES&at=2025-02-03&name=&nationality=,2026-03-22T00:44:23Z
wta,2025-02-03,328659,Ziva Falkner,Ziva Falkner,526,92,https://api.wtatennis.com/tennis/players/ranked?page=5&pageSize=100&type=rankSingles&sort=asc&metric=SINGLES&at=2025-02-03&name=&nationality=,2026-03-22T00:44:23Z
wta,2025-02-03,321313,Oana Gavrila,Oana Gavrila,527,92,https://api.wtatennis.com/tennis/players/ranked?page=5&pageSize=100&type=rankSingles&sort=asc&metric=SINGLES&at=2025-02-03&name=&nationality=,2026-03-22T00:44:23Z
wta,2025-02-03,329160,Fabienne Gettwart,Fabienne Gettwart,528,92,https://api.wtatennis.com/tennis/players/ranked?page=5&pageSize=100&type=rankSingles&sort=asc&metric=SINGLES&at=2025-02-03&name=&nationality=,2026-03-22T00:44:23Z
wta,2025-02-03,324465,Viktoria Morvayova,Viktoria Morvayova,529,91,https://api.wtatennis.com/tennis/players/ranked?page=5&pageSize=100&type=rankSingles&sort=asc&metric=SINGLES&at=2025-02-03&name=&nationality=,2026-03-22T00:44:23Z
wta,2025-02-03,320896,Sara Daavettila,Sara Daavettila,530,91,https://api.wtatennis.com/tennis/players/ranked?page=5&pageSize=100&type=rankSingles&sort=asc&metric=SINGLES&at=2025-02-03&name=&nationality=,2026-03-22T00:44:23Z
wta,2025-02-03,323231,Fanny Stollar,Fanny Stollar,531,90,https://api.wtatennis.com/tennis/players/ranked?page=5&pageSize=100&type=rankSingles&sort=asc&metric=SINGLES&at=2025-02-03&name=&nationality=,2026-03-22T00:44:23Z
wta,2025-02-03,329567,Dimitra Pavlou,Dimitra Pavlou,532,90,https://api.wtatennis.com/tennis/players/ranked?page=5&pageSize=100&type=rankSingles&sort=asc&metric=SINGLES&at=2025-02-03&name=&nationality=,2026-03-22T00:44:23Z
wta,2025-02-03,325592,Michaela Bayerlova,Michaela Bayerlova,533,90,https://api.wtatennis.com/tennis/players/ranked?page=5&pageSize=100&type=rankSingles&sort=asc&metric=SINGLES&at=2025-02-03&name=&nationality=,2026-03-22T00:44:23Z
wta,2025-02-03,326909,Kamilla Bartone,Kamilla Bartone,534,90,https://api.wtatennis.com/tennis/players/ranked?page=5&pageSize=100&type=rankSingles&sort=asc&metric=SINGLES&at=2025-02-03&name=&nationality=,2026-03-22T00:44:23Z
wta,2025-02-03,331215,Jenny Lim,Jenny Lim,535,89,https://api.wtatennis.com/tennis/players/ranked?page=5&pageSize=100&type=rankSingles&sort=asc&metric=SINGLES&at=2025-02-03&name=&nationality=,2026-03-22T00:44:23Z
wta,2025-02-03,324972,Tiphanie Lemaitre,Tiphanie Lemaitre,536,89,https://api.wtatennis.com/tennis/players/ranked?page=5&pageSize=100&type=rankSingles&sort=asc&metric=SINGLES&at=2025-02-03&name=&nationality=,2026-03-22T00:44:23Z
wta,2025-02-03,327056,Jiaqi Wang,Jiaqi Wang,537,89,https://api.wtatennis.com/tennis/players/ranked?page=5&pageSize=100&type=rankSingles&sort=asc&metric=SINGLES&at=2025-02-03&name=&nationality=,2026-03-22T00:44:23Z
wta,2025-02-03,325700,Alexandra Vecic,Alexandra Vecic,538,89,https://api.wtatennis.com/tennis/players/ranked?page=5&pageSize=100&type=rankSingles&sort=asc&metric=SINGLES&at=2025-02-03&name=&nationality=,2026-03-22T00:44:23Z
wta,2025-02-03,333753,Zuzanna Pawlikowska,Zuzanna Pawlikowska,539,89,https://api.wtatennis.com/tennis/players/ranked?page=5&pageSize=100&type=rankSingles&sort=asc&metric=SINGLES&at=2025-02-03&name=&nationality=,2026-03-22T00:44:23Z
wta,2025-02-03,330088,Lara Pfeifer,Lara Pfeifer,540,89,https://api.wtatennis.com/tennis/players/ranked?page=5&pageSize=100&type=rankSingles&sort=asc&metric=SINGLES&at=2025-02-03&name=&nationality=,2026-03-22T00:44:23Z
wta,2025-02-03,316664,Nigina Abduraimova,Nigina Abduraimova,541,88,https://api.wtatennis.com/tennis/players/ranked?page=5&pageSize=100&type=rankSingles&sort=asc&metric=SINGLES&at=2025-02-03&name=&nationality=,2026-03-22T00:44:23Z
wta,2025-02-03,331018,Tamara Kostic,Tamara Kostic,542,88,https://api.wtatennis.com/tennis/players/ranked?page=5&pageSize=100&type=rankSingles&sort=asc&metric=SINGLES&at=2025-02-03&name=&nationality=,2026-03-22T00:44:23Z
wta,2025-02-03,314050,Andreea Mitu,Andreea Mitu,543,87,https://api.wtatennis.com/tennis/players/ranked?page=5&pageSize=100&type=rankSingles&sort=asc&metric=SINGLES&at=2025-02-03&name=&nationality=,2026-03-22T00:44:23Z
wta,2025-02-03,327175,Luiza Fullana,Luiza Fullana,544,87,https://api.wtatennis.com/tennis/players/ranked?page=5&pageSize=100&type=rankSingles&sort=asc&metric=SINGLES&at=2025-02-03&name=&nationality=,2026-03-22T00:44:23Z
wta,2025-02-03,327918,Nika Radisic,Nika Radisic,545,87,https://api.wtatennis.com/tennis/players/ranked?page=5&pageSize=100&type=rankSingles&sort=asc&metric=SINGLES&at=2025-02-03&name=&nationality=,2026-03-22T00:44:23Z
wta,2025-02-03,316707,Noelia Zeballos,Noelia Zeballos,546,85,https://api.wtatennis.com/tennis/players/ranked?page=5&pageSize=100&type=rankSingles&sort=asc&metric=SINGLES&at=2025-02-03&name=&nationality=,2026-03-22T00:44:23Z
wta,2025-02-03,327975,Marie Weckerle,Marie Weckerle,547,85,https://api.wtatennis.com/tennis/players/ranked?page=5&pageSize=100&type=rankSingles&sort=asc&metric=SINGLES&at=2025-02-03&name=&nationality=,2026-03-22T00:44:23Z
wta,2025-02-03,330990,Rinon Okuwaki,Rinon Okuwaki,548,85,https://api.wtatennis.com/tennis/players/ranked?page=5&pageSize=100&type=rankSingles&sort=asc&metric=SINGLES&at=2025-02-03&name=&nationality=,2026-03-22T00:44:23Z
wta,2025-02-03,330035,Malaika Rapolu,Malaika Rapolu,549,84,https://api.wtatennis.com/tennis/players/ranked?page=5&pageSize=100&type=rankSingles&sort=asc&metric=SINGLES&at=2025-02-03&name=&nationality=,2026-03-22T00:44:23Z
wta,2025-02-03,332693,Mayu Crossley,Mayu Crossley,550,84,https://api.wtatennis.com/tennis/players/ranked?page=5&pageSize=100&type=rankSingles&sort=asc&metric=SINGLES&at=2025-02-03&name=&nationality=,2026-03-22T00:44:23Z
wta,2025-02-03,326644,Denisa Hindova,Denisa Hindova,551,84,https://api.wtatennis.com/tennis/players/ranked?page=5&pageSize=100&type=rankSingles&sort=asc&metric=SINGLES&at=2025-02-03&name=&nationality=,2026-03-22T00:44:23Z
wta,2025-02-03,325957,Adrienn Nagy,Adrienn Nagy,552,84,https://api.wtatennis.com/tennis/players/ranked?page=5&pageSize=100&type=rankSingles&sort=asc&metric=SINGLES&at=2025-02-03&name=&nationality=,2026-03-22T00:44:23Z
wta,2025-02-03,322351,Seone Mendez,Seone Mendez,553,83,https://api.wtatennis.com/tennis/players/ranked?page=5&pageSize=100&type=rankSingles&sort=asc&metric=SINGLES&at=2025-02-03&name=&nationality=,2026-03-22T00:44:23Z
wta,2025-02-03,324782,Yuliya Hatouka,Yuliya Hatouka,554,83,https://api.wtatennis.com/tennis/players/ranked?page=5&pageSize=100&type=rankSingles&sort=asc&metric=SINGLES&at=2025-02-03&name=&nationality=,2026-03-22T00:44:23Z
wta,2025-02-03,321965,Amina Anshba,Amina Anshba,555,82,https://api.wtatennis.com/tennis/players/ranked?page=5&pageSize=100&type=rankSingles&sort=asc&metric=SINGLES&at=2025-02-03&name=&nationality=,2026-03-22T00:44:23Z
wta,2025-02-03,323244,Ekaterina Kazionova,Ekaterina Kazionova,556,82,https://api.wtatennis.com/tennis/players/ranked?page=5&pageSize=100&type=rankSingles&sort=asc&metric=SINGLES&at=2025-02-03&name=&nationality=,2026-03-22T00:44:23Z
wta,2025-02-03,329624,Natalia Szabanin,Natalia Szabanin,557,82,https://api.wtatennis.com/tennis/players/ranked?page=5&pageSize=100&type=rankSingles&sort=asc&metric=SINGLES&at=2025-02-03&name=&nationality=,2026-03-22T00:44:23Z
wta,2025-02-03,328432,Mara Guth,Mara Guth,558,82,https://api.wtatennis.com/tennis/players/ranked?page=5&pageSize=100&type=rankSingles&sort=asc&metric=SINGLES&at=2025-02-03&name=&nationality=,2026-03-22T00:44:23Z
wta,2025-02-03,331197,Veronika Podrez,Veronika Podrez,559,82,https://api.wtatennis.com/tennis/players/ranked?page=5&pageSize=100&type=rankSingles&sort=asc&metric=SINGLES&at=2025-02-03&name=&nationality=,2026-03-22T00:44:23Z
wta,2025-02-03,321519,Verena Meliss,Verena Meliss,560,82,https://api.wtatennis.com/tennis/players/ranked?page=5&pageSize=100&type=rankSingles&sort=asc&metric=SINGLES&at=2025-02-03&name=&nationality=,2026-03-22T00:44:23Z
wta,2025-02-03,333685,Julieta Pareja,Julieta Pareja,561,81,https://api.wtatennis.com/tennis/players/ranked?page=5&pageSize=100&type=rankSingles&sort=asc&metric=SINGLES&at=2025-02-03&name=&nationality=,2026-03-22T00:44:23Z
wta,2025-02-03,320735,Aliona Bolsova,Aliona Bolsova,562,81,https://api.wtatennis.com/tennis/players/ranked?page=5&pageSize=100&type=rankSingles&sort=asc&metric=SINGLES&at=2025-02-03&name=&nationality=,2026-03-22T00:44:23Z
wta,2025-02-03,331129,Lavinia Tanasie,Lavinia Tanasie,563,81,https://api.wtatennis.com/tennis/players/ranked?page=5&pageSize=100&type=rankSingles&sort=asc&metric=SINGLES&at=2025-02-03&name=&nationality=,2026-03-22T00:44:23Z
wta,2025-02-03,328986,Jasmijn Gimbrere,Jasmijn Gimbrere,564,81,https://api.wtatennis.com/tennis/players/ranked?page=5&pageSize=100&type=rankSingles&sort=asc&metric=SINGLES&at=2025-02-03&name=&nationality=,2026-03-22T00:44:23Z
wta,2025-02-03,320682,Ana Konjuh,Ana Konjuh,565,80,https://api.wtatennis.com/tennis/players/ranked?page=5&pageSize=100&type=rankSingles&sort=asc&metric=SINGLES&at=2025-02-03&name=&nationality=,2026-03-22T00:44:23Z
wta,2025-02-03,330059,Maria Sara Popa,Maria Sara Popa,566,80,https://api.wtatennis.com/tennis/players/ranked?page=5&pageSize=100&type=rankSingles&sort=asc&metric=SINGLES&at=2025-02-03&name=&nationality=,2026-03-22T00:44:23Z
wta,2025-02-03,326460,Sofia Milatova,Sofia Milatova,567,79,https://api.wtatennis.com/tennis/players/ranked?page=5&pageSize=100&type=rankSingles&sort=asc&metric=SINGLES&at=2025-02-03&name=&nationality=,2026-03-22T00:44:23Z
wta,2025-02-03,326247,Chantal Sauvant,Chantal Sauvant,568,79,https://api.wtatennis.com/tennis/players/ranked?page=5&pageSize=100&type=rankSingles&sort=asc&metric=SINGLES&at=2025-02-03&name=&nationality=,2026-03-22T00:44:23Z
wta,2025-02-03,325737,Ilay Yoruk,Ilay Yoruk,569,79,https://api.wtatennis.com/tennis/players/ranked?page=5&pageSize=100&type=rankSingles&sort=asc&metric=SINGLES&at=2025-02-03&name=&nationality=,2026-03-22T00:44:23Z
wta,2025-02-03,320369,Martina Colmegna,Martina Colmegna,570,78,https://api.wtatennis.com/tennis/players/ranked?page=5&pageSize=100&type=rankSingles&sort=asc&metric=SINGLES&at=2025-02-03&name=&nationality=,2026-03-22T00:44:23Z
wta,2025-02-03,333700,Ayana Akli,Ayana Akli,571,78,https://api.wtatennis.com/tennis/players/ranked?page=5&pageSize=100&type=rankSingles&sort=asc&metric=SINGLES&at=2025-02-03&name=&nationality=,2026-03-22T00:44:23Z
wta,2025-02-03,316481,Diana Marcinkevica,Diana Marcinkevica,572,78,https://api.wtatennis.com/tennis/players/ranked?page=5&pageSize=100&type=rankSingles&sort=asc&metric=SINGLES&at=2025-02-03&name=&nationality=,2026-03-22T00:44:23Z
wta,2025-02-03,322909,Anna Gabric,Anna Gabric,573,78,https://api.wtatennis.com/tennis/players/ranked?page=5&pageSize=100&type=rankSingles&sort=asc&metric=SINGLES&at=2025-02-03&name=&nationality=,2026-03-22T00:44:23Z
wta,2025-02-03,321236,Thaisa Grana Pedretti,Thaisa Grana Pedretti,574,78,https://api.wtatennis.com/tennis/players/ranked?page=5&pageSize=100&type=rankSingles&sort=asc&metric=SINGLES&at=2025-02-03&name=&nationality=,2026-03-22T00:44:23Z
wta,2025-02-03,333440,Hannah Klugman,Hannah Klugman,575,77,https://api.wtatennis.com/tennis/players/ranked?page=5&pageSize=100&type=rankSingles&sort=asc&metric=SINGLES&at=2025-02-03&name=&nationality=,2026-03-22T00:44:23Z
wta,2025-02-03,328193,Lisa Pigato,Lisa Pigato,576,77,https://api.wtatennis.com/tennis/players/ranked?page=5&pageSize=100&type=rankSingles&sort=asc&metric=SINGLES&at=2025-02-03&name=&nationality=,2026-03-22T00:44:23Z
wta,2025-02-03,320545,Martina Capurro Taborda,Martina Capurro Taborda,577,77,https://api.wtatennis.com/tennis/players/ranked?page=5&pageSize=100&type=rankSingles&sort=asc&metric=SINGLES&at=2025-02-03&name=&nationality=,2026-03-22T00:44:23Z
wta,2025-02-03,334588,Monika Stankiewicz,Monika Stankiewicz,578,77,https://api.wtatennis.com/tennis/players/ranked?page=5&pageSize=100&type=rankSingles&sort=asc&metric=SINGLES&at=2025-02-03&name=&nationality=,2026-03-22T00:44:23Z
wta,2025-02-03,317684,Danka Kovinic,Danka Kovinic,579,76,https://api.wtatennis.com/tennis/players/ranked?page=5&pageSize=100&type=rankSingles&sort=asc&metric=SINGLES&at=2025-02-03&name=&nationality=,2026-03-22T00:44:23Z
wta,2025-02-03,318480,Victoria Bosio,Victoria Bosio,580,76,https://api.wtatennis.com/tennis/players/ranked?page=5&pageSize=100&type=rankSingles&sort=asc&metric=SINGLES&at=2025-02-03&name=&nationality=,2026-03-22T00:44:23Z
wta,2025-02-03,320497,Irina Fetecau,Irina Fetecau,581,76,https://api.wtatennis.com/tennis/players/ranked?page=5&pageSize=100&type=rankSingles&sort=asc&metric=SINGLES&at=2025-02-03&name=&nationality=,2026-03-22T00:44:23Z
wta,2025-02-03,331491,Samira De Stefano,Samira De Stefano,582,76,https://api.wtatennis.com/tennis/players/ranked?page=5&pageSize=100&type=rankSingles&sort=asc&metric=SINGLES&at=2025-02-03&name=&nationality=,2026-03-22T00:44:23Z
wta,2025-02-03,330147,Lucie Havlickova,Lucie Havlickova,583,75,https://api.wtatennis.com/tennis/players/ranked?page=5&pageSize=100&type=rankSingles&sort=asc&metric=SINGLES&at=2025-02-03&name=&nationality=,2026-03-22T00:44:23Z
wta,2025-02-03,327059,Selina Dal,Selina Dal,584,75,https://api.wtatennis.com/tennis/players/ranked?page=5&pageSize=100&type=rankSingles&sort=asc&metric=SINGLES&at=2025-02-03&name=&nationality=,2026-03-22T00:44:23Z
wta,2025-02-03,329135,Camilla Zanolini,Camilla Zanolini,585,75,https://api.wtatennis.com/tennis/players/ranked?page=5&pageSize=100&type=rankSingles&sort=asc&metric=SINGLES&at=2025-02-03&name=&nationality=,2026-03-22T00:44:23Z
wta,2025-02-03,331135,Anastasiya Lopata,Anastasiya Lopata,586,74,https://api.wtatennis.com/tennis/players/ranked?page=5&pageSize=100&type=rankSingles&sort=asc&metric=SINGLES&at=2025-02-03&name=&nationality=,2026-03-22T00:44:23Z
wta,2025-02-03,323887,Valeriia Iushchenko,Valeriia Iushchenko,587,74,https://api.wtatennis.com/tennis/players/ranked?page=5&pageSize=100&type=rankSingles&sort=asc&metric=SINGLES&at=2025-02-03&name=&nationality=,2026-03-22T00:44:23Z
wta,2025-02-03,331487,Arina Bulatova,Arina Bulatova,588,74,https://api.wtatennis.com/tennis/players/ranked?page=5&pageSize=100&type=rankSingles&sort=asc&metric=SINGLES&at=2025-02-03&name=&nationality=,2026-03-22T00:44:23Z
wta,2025-02-03,20702,Kateryna Volodko,Kateryna Volodko,589,73,https://api.wtatennis.com/tennis/players/ranked?page=5&pageSize=100&type=rankSingles&sort=asc&metric=SINGLES&at=2025-02-03&name=&nationality=,2026-03-22T00:44:23Z
wta,2025-02-03,331305,Ana Candiotto,Ana Candiotto,590,73,https://api.wtatennis.com/tennis/players/ranked?page=5&pageSize=100&type=rankSingles&sort=asc&metric=SINGLES&at=2025-02-03&name=&nationality=,2026-03-22T00:44:23Z
wta,2025-02-03,316286,Saisai Zheng,Saisai Zheng,591,72,https://api.wtatennis.com/tennis/players/ranked?page=5&pageSize=100&type=rankSingles&sort=asc&metric=SINGLES&at=2025-02-03&name=&nationality=,2026-03-22T00:44:23Z
wta,2025-02-03,330713,Astrid Lew Yan Foon,Astrid Lew Yan Foon,592,72,https://api.wtatennis.com/tennis/players/ranked?page=5&pageSize=100&type=rankSingles&sort=asc&metric=SINGLES&at=2025-02-03&name=&nationality=,2026-03-22T00:44:23Z
wta,2025-02-03,324617,Olga Helmi,Olga Helmi,593,72,https://api.wtatennis.com/tennis/players/ranked?page=5&pageSize=100&type=rankSingles&sort=asc&metric=SINGLES&at=2025-02-03&name=&nationality=,2026-03-22T00:44:23Z
wta,2025-02-03,319029,Victoria Kan,Victoria Kan,594,71,https://api.wtatennis.com/tennis/players/ranked?page=5&pageSize=100&type=rankSingles&sort=asc&metric=SINGLES&at=2025-02-03&name=&nationality=,2026-03-22T00:44:23Z
wta,2025-02-03,325807,Shuo Feng,Shuo Feng,595,70,https://api.wtatennis.com/tennis/players/ranked?page=5&pageSize=100&type=rankSingles&sort=asc&metric=SINGLES&at=2025-02-03&name=&nationality=,2026-03-22T00:44:23Z
wta,2025-02-03,321880,Alicia Herrero Linana,Alicia Herrero Linana,596,70,https://api.wtatennis.com/tennis/players/ranked?page=5&pageSize=100&type=rankSingles&sort=asc&metric=SINGLES&at=2025-02-03&name=&nationality=,2026-03-22T00:44:23Z
wta,2025-02-03,330953,Ranah Stoiber,Ranah Stoiber,597,70,https://api.wtatennis.com/tennis/players/ranked?page=5&pageSize=100&type=rankSingles&sort=asc&metric=SINGLES&at=2025-02-03&name=&nationality=,2026-03-22T00:44:23Z
wta,2025-02-03,321946,Melany Krywoj,Melany Krywoj,598,70,https://api.wtatennis.com/tennis/players/ranked?page=5&pageSize=100&type=rankSingles&sort=asc&metric=SINGLES&at=2025-02-03&name=&nationality=,2026-03-22T00:44:23Z
wta,2025-02-03,328739,Eszter Meri,Eszter Meri,599,69,https://api.wtatennis.com/tennis/players/ranked?page=5&pageSize=100&type=rankSingles&sort=asc&metric=SINGLES&at=2025-02-03&name=&nationality=,2026-03-22T00:44:23Z
wta,2025-02-03,327192,Sina Herrmann,Sina Herrmann,600,69,https://api.wtatennis.com/tennis/players/ranked?page=5&pageSize=100&type=rankSingles&sort=asc&metric=SINGLES&at=2025-02-03&name=&nationality=,2026-03-22T00:44:23Z
wta,2025-02-03,322382,Eva Guerrero Alvarez,Eva Guerrero Alvarez,601,68,https://api.wtatennis.com/tennis/players/ranked?page=6&pageSize=100&type=rankSingles&sort=asc&metric=SINGLES&at=2025-02-03&name=&nationality=,2026-03-22T00:44:24Z
wta,2025-02-03,330483,Aya El Aouni,Aya El Aouni,602,68,https://api.wtatennis.com/tennis/players/ranked?page=6&pageSize=100&type=rankSingles&sort=asc&metric=SINGLES&at=2025-02-03&name=&nationality=,2026-03-22T00:44:24Z
wta,2025-02-03,327454,Ariana Arseneault,Ariana Arseneault,603,68,https://api.wtatennis.com/tennis/players/ranked?page=6&pageSize=100&type=rankSingles&sort=asc&metric=SINGLES&at=2025-02-03&name=&nationality=,2026-03-22T00:44:24Z
wta,2025-02-03,326212,Arabella Koller,Arabella Koller,604,68,https://api.wtatennis.com/tennis/players/ranked?page=6&pageSize=100&type=rankSingles&sort=asc&metric=SINGLES&at=2025-02-03&name=&nationality=,2026-03-22T00:44:24Z
wta,2025-02-03,328701,Arianna Zucchini,Arianna Zucchini,605,68,https://api.wtatennis.com/tennis/players/ranked?page=6&pageSize=100&type=rankSingles&sort=asc&metric=SINGLES&at=2025-02-03&name=&nationality=,2026-03-22T00:44:24Z
wta,2025-02-03,324410,Ekaterina Shalimova,Ekaterina Shalimova,606,68,https://api.wtatennis.com/tennis/players/ranked?page=6&pageSize=100&type=rankSingles&sort=asc&metric=SINGLES&at=2025-02-03&name=&nationality=,2026-03-22T00:44:24Z
wta,2025-02-03,328401,Julia Middendorf,Julia Middendorf,607,67,https://api.wtatennis.com/tennis/players/ranked?page=6&pageSize=100&type=rankSingles&sort=asc&metric=SINGLES&at=2025-02-03&name=&nationality=,2026-03-22T00:44:24Z
wta,2025-02-03,334641,Daria Egorova,Daria Egorova,608,67,https://api.wtatennis.com/tennis/players/ranked?page=6&pageSize=100&type=rankSingles&sort=asc&metric=SINGLES&at=2025-02-03&name=&nationality=,2026-03-22T00:44:24Z
wta,2025-02-03,320915,Alana Parnaby,Alana Parnaby,609,67,https://api.wtatennis.com/tennis/players/ranked?page=6&pageSize=100&type=rankSingles&sort=asc&metric=SINGLES&at=2025-02-03&name=&nationality=,2026-03-22T00:44:24Z
wta,2025-02-03,315030,Vitalia Diatchenko,Vitalia Diatchenko,610,66,https://api.wtatennis.com/tennis/players/ranked?page=6&pageSize=100&type=rankSingles&sort=asc&metric=SINGLES&at=2025-02-03&name=&nationality=,2026-03-22T00:44:24Z
wta,2025-02-03,326546,Meiqi Guo,Meiqi Guo,611,66,https://api.wtatennis.com/tennis/players/ranked?page=6&pageSize=100&type=rankSingles&sort=asc&metric=SINGLES&at=2025-02-03&name=&nationality=,2026-03-22T00:44:24Z
wta,2025-02-03,316478,Akiko Omae,Akiko Omae,612,66,https://api.wtatennis.com/tennis/players/ranked?page=6&pageSize=100&type=rankSingles&sort=asc&metric=SINGLES&at=2025-02-03&name=&nationality=,2026-03-22T00:44:24Z
wta,2025-02-03,326601,Funa Kozaki,Funa Kozaki,613,66,https://api.wtatennis.com/tennis/players/ranked?page=6&pageSize=100&type=rankSingles&sort=asc&metric=SINGLES&at=2025-02-03&name=&nationality=,2026-03-22T00:44:24Z
wta,2025-02-03,328237,Ekaterina Reyngold,Ekaterina Reyngold,614,66,https://api.wtatennis.com/tennis/players/ranked?page=6&pageSize=100&type=rankSingles&sort=asc&metric=SINGLES&at=2025-02-03&name=&nationality=,2026-03-22T00:44:24Z
wta,2025-02-03,322716,Jessie Aney,Jessie Aney,615,65,https://api.wtatennis.com/tennis/players/ranked?page=6&pageSize=100&type=rankSingles&sort=asc&metric=SINGLES&at=2025-02-03&name=&nationality=,2026-03-22T00:44:24Z
wta,2025-02-03,319575,Oana Georgeta Simion,Oana Georgeta Simion,616,65,https://api.wtatennis.com/tennis/players/ranked?page=6&pageSize=100&type=rankSingles&sort=asc&metric=SINGLES&at=2025-02-03&name=&nationality=,2026-03-22T00:44:24Z
wta,2025-02-03,333018,Vaishnavi Adkar,Vaishnavi Adkar,617,65,https://api.wtatennis.com/tennis/players/ranked?page=6&pageSize=100&type=rankSingles&sort=asc&metric=SINGLES&at=2025-02-03&name=&nationality=,2026-03-22T00:44:24Z
wta,2025-02-03,322008,Jada Robinson,Jada Robinson,618,65,https://api.wtatennis.com/tennis/players/ranked?page=6&pageSize=100&type=rankSingles&sort=asc&metric=SINGLES&at=2025-02-03&name=&nationality=,2026-03-22T00:44:24Z
wta,2025-02-03,324575,Chengyiyi Yuan,Chengyiyi Yuan,619,65,https://api.wtatennis.com/tennis/players/ranked?page=6&pageSize=100&type=rankSingles&sort=asc&metric=SINGLES&at=2025-02-03&name=&nationality=,2026-03-22T00:44:24Z
wta,2025-02-03,319016,Katy Dunne,Katy Dunne,620,64,https://api.wtatennis.com/tennis/players/ranked?page=6&pageSize=100&type=rankSingles&sort=asc&metric=SINGLES&at=2025-02-03&name=&nationality=,2026-03-22T00:44:24Z
wta,2025-02-03,327697,Boyoung Jeong,Boyoung Jeong,621,64,https://api.wtatennis.com/tennis/players/ranked?page=6&pageSize=100&type=rankSingles&sort=asc&metric=SINGLES&at=2025-02-03&name=&nationality=,2026-03-22T00:44:24Z
wta,2025-02-03,325225,Fiona Ganz,Fiona Ganz,622,64,https://api.wtatennis.com/tennis/players/ranked?page=6&pageSize=100&type=rankSingles&sort=asc&metric=SINGLES&at=2025-02-03&name=&nationality=,2026-03-22T00:44:24Z
wta,2025-02-03,323095,Chihiro Muramatsu,Chihiro Muramatsu,623,64,https://api.wtatennis.com/tennis/players/ranked?page=6&pageSize=100&type=rankSingles&sort=asc&metric=SINGLES&at=2025-02-03&name=&nationality=,2026-03-22T00:44:24Z
wta,2025-02-03,322266,Celia Cervino Ruiz,Celia Cervino Ruiz,624,63,https://api.wtatennis.com/tennis/players/ranked?page=6&pageSize=100&type=rankSingles&sort=asc&metric=SINGLES&at=2025-02-03&name=&nationality=,2026-03-22T00:44:24Z
wta,2025-02-03,330972,Camilla Gennaro,Camilla Gennaro,625,63,https://api.wtatennis.com/tennis/players/ranked?page=6&pageSize=100&type=rankSingles&sort=asc&metric=SINGLES&at=2025-02-03&name=&nationality=,2026-03-22T00:44:24Z
wta,2025-02-03,330705,Alyssa Reguer,Alyssa Reguer,626,63,https://api.wtatennis.com/tennis/players/ranked?page=6&pageSize=100&type=rankSingles&sort=asc&metric=SINGLES&at=2025-02-03&name=&nationality=,2026-03-22T00:44:24Z
wta,2025-02-03,323485,Lara Salden,Lara Salden,627,62,https://api.wtatennis.com/tennis/players/ranked?page=6&pageSize=100&type=rankSingles&sort=asc&metric=SINGLES&at=2025-02-03&name=&nationality=,2026-03-22T00:44:24Z
wta,2025-02-03,325728,Alice Gillan,Alice Gillan,628,62,https://api.wtatennis.com/tennis/players/ranked?page=6&pageSize=100&type=rankSingles&sort=asc&metric=SINGLES&at=2025-02-03&name=&nationality=,2026-03-22T00:44:24Z
wta,2025-02-03,331696,Rinko Matsuda,Rinko Matsuda,629,62,https://api.wtatennis.com/tennis/players/ranked?page=6&pageSize=100&type=rankSingles&sort=asc&metric=SINGLES&at=2025-02-03&name=&nationality=,2026-03-22T00:44:24Z
wta,2025-02-03,330719,Salma Drugdova,Salma Drugdova,630,62,https://api.wtatennis.com/tennis/players/ranked?page=6&pageSize=100&type=rankSingles&sort=asc&metric=SINGLES&at=2025-02-03&name=&nationality=,2026-03-22T00:44:24Z
wta,2025-02-03,326252,Angelina Wirges,Angelina Wirges,631,62,https://api.wtatennis.com/tennis/players/ranked?page=6&pageSize=100&type=rankSingles&sort=asc&metric=SINGLES&at=2025-02-03&name=&nationality=,2026-03-22T00:44:24Z
wta,2025-02-03,322016,Jaeda Daniel,Jaeda Daniel,632,62,https://api.wtatennis.com/tennis/players/ranked?page=6&pageSize=100&type=rankSingles&sort=asc&metric=SINGLES&at=2025-02-03&name=&nationality=,2026-03-22T00:44:24Z
wta,2025-02-03,330233,Marie Vogt,Marie Vogt,633,62,https://api.wtatennis.com/tennis/players/ranked?page=6&pageSize=100&type=rankSingles&sort=asc&metric=SINGLES&at=2025-02-03&name=&nationality=,2026-03-22T00:44:24Z
wta,2025-02-03,332297,Sonja Zhiyenbayeva,Sonja Zhiyenbayeva,634,61,https://api.wtatennis.com/tennis/players/ranked?page=6&pageSize=100&type=rankSingles&sort=asc&metric=SINGLES&at=2025-02-03&name=&nationality=,2026-03-22T00:44:24Z
wta,2025-02-03,324595,Daniela Vismane,Daniela Vismane,635,61,https://api.wtatennis.com/tennis/players/ranked?page=6&pageSize=100&type=rankSingles&sort=asc&metric=SINGLES&at=2025-02-03&name=&nationality=,2026-03-22T00:44:24Z
wta,2025-02-03,323775,Camila Romero,Camila Romero,636,61,https://api.wtatennis.com/tennis/players/ranked?page=6&pageSize=100&type=rankSingles&sort=asc&metric=SINGLES&at=2025-02-03&name=&nationality=,2026-03-22T00:44:24Z
wta,2025-02-03,310047,Pemra Ozgen,Pemra Ozgen,637,61,https://api.wtatennis.com/tennis/players/ranked?page=6&pageSize=100&type=rankSingles&sort=asc&metric=SINGLES&at=2025-02-03&name=&nationality=,2026-03-22T00:44:24Z
wta,2025-02-03,323007,Mirjam Bjorklund,Mirjam Bjorklund,638,60,https://api.wtatennis.com/tennis/players/ranked?page=6&pageSize=100&type=rankSingles&sort=asc&metric=SINGLES&at=2025-02-03&name=&nationality=,2026-03-22T00:44:24Z
wta,2025-02-03,320863,Freya Christie,Freya Christie,639,60,https://api.wtatennis.com/tennis/players/ranked?page=6&pageSize=100&type=rankSingles&sort=asc&metric=SINGLES&at=2025-02-03&name=&nationality=,2026-03-22T00:44:24Z
wta,2025-02-03,316537,Lesley Pattinama Kerkhove,Lesley Pattinama Kerkhove,640,60,https://api.wtatennis.com/tennis/players/ranked?page=6&pageSize=100&type=rankSingles&sort=asc&metric=SINGLES&at=2025-02-03&name=&nationality=,2026-03-22T00:44:24Z
wta,2025-02-03,329769,Angella Okutoyi,Angella Okutoyi,641,60,https://api.wtatennis.com/tennis/players/ranked?page=6&pageSize=100&type=rankSingles&sort=asc&metric=SINGLES&at=2025-02-03&name=&nationality=,2026-03-22T00:44:24Z
wta,2025-02-03,332974,Maria Golovina,Maria Golovina,642,60,https://api.wtatennis.com/tennis/players/ranked?page=6&pageSize=100&type=rankSingles&sort=asc&metric=SINGLES&at=2025-02-03&name=&nationality=,2026-03-22T00:44:24Z
wta,2025-02-03,329458,Demi Tran,Demi Tran,643,60,https://api.wtatennis.com/tennis/players/ranked?page=6&pageSize=100&type=rankSingles&sort=asc&metric=SINGLES&at=2025-02-03&name=&nationality=,2026-03-22T00:44:24Z
wta,2025-02-03,312582,Federica Di Sarra,Federica Di Sarra,644,59,https://api.wtatennis.com/tennis/players/ranked?page=6&pageSize=100&type=rankSingles&sort=asc&metric=SINGLES&at=2025-02-03&name=&nationality=,2026-03-22T00:44:24Z
wta,2025-02-03,328646,Adriana Reami,Adriana Reami,645,59,https://api.wtatennis.com/tennis/players/ranked?page=6&pageSize=100&type=rankSingles&sort=asc&metric=SINGLES&at=2025-02-03&name=&nationality=,2026-03-22T00:44:24Z
wta,2025-02-03,330443,Michaela Laki,Michaela Laki,646,59,https://api.wtatennis.com/tennis/players/ranked?page=6&pageSize=100&type=rankSingles&sort=asc&metric=SINGLES&at=2025-02-03&name=&nationality=,2026-03-22T00:44:24Z
wta,2025-02-03,329217,Jennifer Ruggeri,Jennifer Ruggeri,647,58,https://api.wtatennis.com/tennis/players/ranked?page=6&pageSize=100&type=rankSingles&sort=asc&metric=SINGLES&at=2025-02-03&name=&nationality=,2026-03-22T00:44:24Z
wta,2025-02-03,331039,Ksenia Zaytseva,Ksenia Zaytseva,648,58,https://api.wtatennis.com/tennis/players/ranked?page=6&pageSize=100&type=rankSingles&sort=asc&metric=SINGLES&at=2025-02-03&name=&nationality=,2026-03-22T00:44:24Z
wta,2025-02-03,322472,Emily Seibold,Emily Seibold,649,58,https://api.wtatennis.com/tennis/players/ranked?page=6&pageSize=100&type=rankSingles&sort=asc&metric=SINGLES&at=2025-02-03&name=&nationality=,2026-03-22T00:44:24Z
wta,2025-02-03,331986,Kristiana Sidorova,Kristiana Sidorova,650,58,https://api.wtatennis.com/tennis/players/ranked?page=6&pageSize=100&type=rankSingles&sort=asc&metric=SINGLES&at=2025-02-03&name=&nationality=,2026-03-22T00:44:24Z
wta,2025-02-03,320566,Karola  Bejenaru,Karola  Bejenaru,651,58,https://api.wtatennis.com/tennis/players/ranked?page=6&pageSize=100&type=rankSingles&sort=asc&metric=SINGLES&at=2025-02-03&name=&nationality=,2026-03-22T00:44:24Z
wta,2025-02-03,325291,Aneta Laboutkova,Aneta Laboutkova,652,58,https://api.wtatennis.com/tennis/players/ranked?page=6&pageSize=100&type=rankSingles&sort=asc&metric=SINGLES&at=2025-02-03&name=&nationality=,2026-03-22T00:44:24Z
wta,2025-02-03,320221,Riya Bhatia,Riya Bhatia,653,58,https://api.wtatennis.com/tennis/players/ranked?page=6&pageSize=100&type=rankSingles&sort=asc&metric=SINGLES&at=2025-02-03&name=&nationality=,2026-03-22T00:44:24Z
wta,2025-02-03,320396,Fang Ying Xun,Fang Ying Xun,654,58,https://api.wtatennis.com/tennis/players/ranked?page=6&pageSize=100&type=rankSingles&sort=asc&metric=SINGLES&at=2025-02-03&name=&nationality=,2026-03-22T00:44:24Z
wta,2025-02-03,331826,Eryn Cayetano,Eryn Cayetano,655,57,https://api.wtatennis.com/tennis/players/ranked?page=6&pageSize=100&type=rankSingles&sort=asc&metric=SINGLES&at=2025-02-03&name=&nationality=,2026-03-22T00:44:24Z
wta,2025-02-03,323798,Katerina Tsygourova,Katerina Tsygourova,656,57,https://api.wtatennis.com/tennis/players/ranked?page=6&pageSize=100&type=rankSingles&sort=asc&metric=SINGLES&at=2025-02-03&name=&nationality=,2026-03-22T00:44:24Z
wta,2025-02-03,324198,Marcelina Podlinska,Marcelina Podlinska,657,56,https://api.wtatennis.com/tennis/players/ranked?page=6&pageSize=100&type=rankSingles&sort=asc&metric=SINGLES&at=2025-02-03&name=&nationality=,2026-03-22T00:44:24Z
wta,2025-02-03,320581,Maria Herazo,Maria Herazo,658,56,https://api.wtatennis.com/tennis/players/ranked?page=6&pageSize=100&type=rankSingles&sort=asc&metric=SINGLES&at=2025-02-03&name=&nationality=,2026-03-22T00:44:24Z
wta,2025-02-03,331759,Anouck Vrancken Peeters,Anouck Vrancken Peeters,659,56,https://api.wtatennis.com/tennis/players/ranked?page=6&pageSize=100&type=rankSingles&sort=asc&metric=SINGLES&at=2025-02-03&name=&nationality=,2026-03-22T00:44:24Z
wta,2025-02-03,331077,Rebecca Munk Mortensen,Rebecca Munk Mortensen,660,56,https://api.wtatennis.com/tennis/players/ranked?page=6&pageSize=100&type=rankSingles&sort=asc&metric=SINGLES&at=2025-02-03&name=&nationality=,2026-03-22T00:44:24Z
wta,2025-02-03,321879,Noelia Bouzo Zanotti,Noelia Bouzo Zanotti,661,56,https://api.wtatennis.com/tennis/players/ranked?page=6&pageSize=100&type=rankSingles&sort=asc&metric=SINGLES&at=2025-02-03&name=&nationality=,2026-03-22T00:44:24Z
wta,2025-02-03,331736,Stefania Bojica,Stefania Bojica,662,56,https://api.wtatennis.com/tennis/players/ranked?page=6&pageSize=100&type=rankSingles&sort=asc&metric=SINGLES&at=2025-02-03&name=&nationality=,2026-03-22T00:44:24Z
wta,2025-02-03,327011,Marine Szostak,Marine Szostak,663,56,https://api.wtatennis.com/tennis/players/ranked?page=6&pageSize=100&type=rankSingles&sort=asc&metric=SINGLES&at=2025-02-03&name=&nationality=,2026-03-22T00:44:24Z
wta,2025-02-03,329092,Lucie Nguyen Tan,Lucie Nguyen Tan,664,56,https://api.wtatennis.com/tennis/players/ranked?page=6&pageSize=100&type=rankSingles&sort=asc&metric=SINGLES&at=2025-02-03&name=&nationality=,2026-03-22T00:44:24Z
wta,2025-02-03,324860,Merel Hoedt,Merel Hoedt,665,56,https://api.wtatennis.com/tennis/players/ranked?page=6&pageSize=100&type=rankSingles&sort=asc&metric=SINGLES&at=2025-02-03&name=&nationality=,2026-03-22T00:44:24Z
wta,2025-02-03,324995,Anna Siskova,Anna Siskova,666,55,https://api.wtatennis.com/tennis/players/ranked?page=6&pageSize=100&type=rankSingles&sort=asc&metric=SINGLES&at=2025-02-03&name=&nationality=,2026-03-22T00:44:24Z
wta,2025-02-03,324632,Zeel Desai,Zeel Desai,667,55,https://api.wtatennis.com/tennis/players/ranked?page=6&pageSize=100&type=rankSingles&sort=asc&metric=SINGLES&at=2025-02-03&name=&nationality=,2026-03-22T00:44:24Z
wta,2025-02-03,332174,Hayu Kinoshita,Hayu Kinoshita,668,55,https://api.wtatennis.com/tennis/players/ranked?page=6&pageSize=100&type=rankSingles&sort=asc&metric=SINGLES&at=2025-02-03&name=&nationality=,2026-03-22T00:44:24Z
wta,2025-02-03,321832,Diana Demidova,Diana Demidova,669,55,https://api.wtatennis.com/tennis/players/ranked?page=6&pageSize=100&type=rankSingles&sort=asc&metric=SINGLES&at=2025-02-03&name=&nationality=,2026-03-22T00:44:24Z
wta,2025-02-03,328614,Jana Kolodynska,Jana Kolodynska,670,54,https://api.wtatennis.com/tennis/players/ranked?page=6&pageSize=100&type=rankSingles&sort=asc&metric=SINGLES&at=2025-02-03&name=&nationality=,2026-03-22T00:44:24Z
wta,2025-02-03,333758,Amelia Honer,Amelia Honer,671,54,https://api.wtatennis.com/tennis/players/ranked?page=6&pageSize=100&type=rankSingles&sort=asc&metric=SINGLES&at=2025-02-03&name=&nationality=,2026-03-22T00:44:24Z
wta,2025-02-03,324681,Kathleen Kanev,Kathleen Kanev,672,54,https://api.wtatennis.com/tennis/players/ranked?page=6&pageSize=100&type=rankSingles&sort=asc&metric=SINGLES&at=2025-02-03&name=&nationality=,2026-03-22T00:44:24Z
wta,2025-02-03,333132,Mika Stojsavljevic,Mika Stojsavljevic,673,53,https://api.wtatennis.com/tennis/players/ranked?page=6&pageSize=100&type=rankSingles&sort=asc&metric=SINGLES&at=2025-02-03&name=&nationality=,2026-03-22T00:44:24Z
wta,2025-02-03,315265,Conny Perrin,Conny Perrin,674,53,https://api.wtatennis.com/tennis/players/ranked?page=6&pageSize=100&type=rankSingles&sort=asc&metric=SINGLES&at=2025-02-03&name=&nationality=,2026-03-22T00:44:24Z
wta,2025-02-03,329096,Sebastianna Scilipoti,Sebastianna Scilipoti,675,53,https://api.wtatennis.com/tennis/players/ranked?page=6&pageSize=100&type=rankSingles&sort=asc&metric=SINGLES&at=2025-02-03&name=&nationality=,2026-03-22T00:44:24Z
wta,2025-02-03,327048,Alessandra Mazzola,Alessandra Mazzola,676,53,https://api.wtatennis.com/tennis/players/ranked?page=6&pageSize=100&type=rankSingles&sort=asc&metric=SINGLES&at=2025-02-03&name=&nationality=,2026-03-22T00:44:24Z
wta,2025-02-03,328261,Mathilde Lollia,Mathilde Lollia,677,53,https://api.wtatennis.com/tennis/players/ranked?page=6&pageSize=100&type=rankSingles&sort=asc&metric=SINGLES&at=2025-02-03&name=&nationality=,2026-03-22T00:44:24Z
wta,2025-02-03,328919,Natsumi Kawaguchi,Natsumi Kawaguchi,678,53,https://api.wtatennis.com/tennis/players/ranked?page=6&pageSize=100&type=rankSingles&sort=asc&metric=SINGLES&at=2025-02-03&name=&nationality=,2026-03-22T00:44:24Z
wta,2025-02-03,329181,Anastasia Kovaleva,Anastasia Kovaleva,679,53,https://api.wtatennis.com/tennis/players/ranked?page=6&pageSize=100&type=rankSingles&sort=asc&metric=SINGLES&at=2025-02-03&name=&nationality=,2026-03-22T00:44:24Z
wta,2025-02-03,327849,Ivana Sebestova,Ivana Sebestova,680,53,https://api.wtatennis.com/tennis/players/ranked?page=6&pageSize=100&type=rankSingles&sort=asc&metric=SINGLES&at=2025-02-03&name=&nationality=,2026-03-22T00:44:24Z
wta,2025-02-03,331531,Francesca Pace,Francesca Pace,681,53,https://api.wtatennis.com/tennis/players/ranked?page=6&pageSize=100&type=rankSingles&sort=asc&metric=SINGLES&at=2025-02-03&name=&nationality=,2026-03-22T00:44:24Z
wta,2025-02-03,319256,Ho Ching Wu,Ho Ching Wu,682,52,https://api.wtatennis.com/tennis/players/ranked?page=6&pageSize=100&type=rankSingles&sort=asc&metric=SINGLES&at=2025-02-03&name=&nationality=,2026-03-22T00:44:24Z
wta,2025-02-03,332098,Elena Ruxandra Bertea,Elena Ruxandra Bertea,683,52,https://api.wtatennis.com/tennis/players/ranked?page=6&pageSize=100&type=rankSingles&sort=asc&metric=SINGLES&at=2025-02-03&name=&nationality=,2026-03-22T00:44:24Z
wta,2025-02-03,330298,Dasha Plekhanova,Dasha Plekhanova,684,52,https://api.wtatennis.com/tennis/players/ranked?page=6&pageSize=100&type=rankSingles&sort=asc&metric=SINGLES&at=2025-02-03&name=&nationality=,2026-03-22T00:44:24Z
wta,2025-02-03,331820,Victoria Osuigwe,Victoria Osuigwe,685,52,https://api.wtatennis.com/tennis/players/ranked?page=6&pageSize=100&type=rankSingles&sort=asc&metric=SINGLES&at=2025-02-03&name=&nationality=,2026-03-22T00:44:24Z
wta,2025-02-03,329898,Nina Radovanovic,Nina Radovanovic,686,52,https://api.wtatennis.com/tennis/players/ranked?page=6&pageSize=100&type=rankSingles&sort=asc&metric=SINGLES&at=2025-02-03&name=&nationality=,2026-03-22T00:44:24Z
wta,2025-02-03,315695,Yuliana Lizarazo,Yuliana Lizarazo,687,51,https://api.wtatennis.com/tennis/players/ranked?page=6&pageSize=100&type=rankSingles&sort=asc&metric=SINGLES&at=2025-02-03&name=&nationality=,2026-03-22T00:44:24Z
wta,2025-02-03,332562,Tessa Johanna Brockmann,Tessa Johanna Brockmann,688,51,https://api.wtatennis.com/tennis/players/ranked?page=6&pageSize=100&type=rankSingles&sort=asc&metric=SINGLES&at=2025-02-03&name=&nationality=,2026-03-22T00:44:24Z
wta,2025-02-03,330949,Patricija Paukstyte,Patricija Paukstyte,689,51,https://api.wtatennis.com/tennis/players/ranked?page=6&pageSize=100&type=rankSingles&sort=asc&metric=SINGLES&at=2025-02-03&name=&nationality=,2026-03-22T00:44:24Z
wta,2025-02-03,323643,Gloria Ceschi,Gloria Ceschi,690,51,https://api.wtatennis.com/tennis/players/ranked?page=6&pageSize=100&type=rankSingles&sort=asc&metric=SINGLES&at=2025-02-03&name=&nationality=,2026-03-22T00:44:24Z
wta,2025-02-03,328971,Joelle Steur,Joelle Steur,691,51,https://api.wtatennis.com/tennis/players/ranked?page=6&pageSize=100&type=rankSingles&sort=asc&metric=SINGLES&at=2025-02-03&name=&nationality=,2026-03-22T00:44:24Z
wta,2025-02-03,321341,Bunyawi Thamchaiwat,Bunyawi Thamchaiwat,692,50,https://api.wtatennis.com/tennis/players/ranked?page=6&pageSize=100&type=rankSingles&sort=asc&metric=SINGLES&at=2025-02-03&name=&nationality=,2026-03-22T00:44:24Z
wta,2025-02-03,320215,Elina Nepliy,Elina Nepliy,693,50,https://api.wtatennis.com/tennis/players/ranked?page=6&pageSize=100&type=rankSingles&sort=asc&metric=SINGLES&at=2025-02-03&name=&nationality=,2026-03-22T00:44:24Z
wta,2025-02-03,333123,Candela Vazquez,Candela Vazquez,694,50,https://api.wtatennis.com/tennis/players/ranked?page=6&pageSize=100&type=rankSingles&sort=asc&metric=SINGLES&at=2025-02-03&name=&nationality=,2026-03-22T00:44:24Z
wta,2025-02-03,327226,Punnin Kovapitukted,Punnin Kovapitukted,695,50,https://api.wtatennis.com/tennis/players/ranked?page=6&pageSize=100&type=rankSingles&sort=asc&metric=SINGLES&at=2025-02-03&name=&nationality=,2026-03-22T00:44:24Z
wta,2025-02-03,326489,Mana Kawamura,Mana Kawamura,696,50,https://api.wtatennis.com/tennis/players/ranked?page=6&pageSize=100&type=rankSingles&sort=asc&metric=SINGLES&at=2025-02-03&name=&nationality=,2026-03-22T00:44:24Z
wta,2025-02-03,332314,Weronika Ewald,Weronika Ewald,697,49,https://api.wtatennis.com/tennis/players/ranked?page=6&pageSize=100&type=rankSingles&sort=asc&metric=SINGLES&at=2025-02-03&name=&nationality=,2026-03-22T00:44:24Z
wta,2025-02-03,325798,Marie Mettraux,Marie Mettraux,698,49,https://api.wtatennis.com/tennis/players/ranked?page=6&pageSize=100&type=rankSingles&sort=asc&metric=SINGLES&at=2025-02-03&name=&nationality=,2026-03-22T00:44:24Z
wta,2025-02-03,329415,Jenna Defalco,Jenna Defalco,699,49,https://api.wtatennis.com/tennis/players/ranked?page=6&pageSize=100&type=rankSingles&sort=asc&metric=SINGLES&at=2025-02-03&name=&nationality=,2026-03-22T00:44:24Z
wta,2025-02-03,326880,Elena Jamshidi,Elena Jamshidi,700,49,https://api.wtatennis.com/tennis/players/ranked?page=6&pageSize=100&type=rankSingles&sort=asc&metric=SINGLES&at=2025-02-03&name=&nationality=,2026-03-22T00:44:24Z
wta,2025-02-03,332518,Lidia Encheva,Lidia Encheva,701,49,https://api.wtatennis.com/tennis/players/ranked?page=7&pageSize=100&type=rankSingles&sort=asc&metric=SINGLES&at=2025-02-03&name=&nationality=,2026-03-22T00:44:24Z
wta,2025-02-03,311791,Aravane Rezai,Aravane Rezai,702,49,https://api.wtatennis.com/tennis/players/ranked?page=7&pageSize=100&type=rankSingles&sort=asc&metric=SINGLES&at=2025-02-03&name=&nationality=,2026-03-22T00:44:24Z
wta,2025-02-03,316109,Elena-Teodora Cadar,Elena-Teodora Cadar,703,49,https://api.wtatennis.com/tennis/players/ranked?page=7&pageSize=100&type=rankSingles&sort=asc&metric=SINGLES&at=2025-02-03&name=&nationality=,2026-03-22T00:44:24Z
wta,2025-02-03,321681,Katarina Stresnakova,Katarina Stresnakova,704,49,https://api.wtatennis.com/tennis/players/ranked?page=7&pageSize=100&type=rankSingles&sort=asc&metric=SINGLES&at=2025-02-03&name=&nationality=,2026-03-22T00:44:24Z
wta,2025-02-03,329348,Ioana Zvonaru,Ioana Zvonaru,705,49,https://api.wtatennis.com/tennis/players/ranked?page=7&pageSize=100&type=rankSingles&sort=asc&metric=SINGLES&at=2025-02-03&name=&nationality=,2026-03-22T00:44:24Z
wta,2025-02-03,326481,Sofya Lansere,Sofya Lansere,706,48,https://api.wtatennis.com/tennis/players/ranked?page=7&pageSize=100&type=rankSingles&sort=asc&metric=SINGLES&at=2025-02-03&name=&nationality=,2026-03-22T00:44:24Z
wta,2025-02-03,321846,Lena Papadakis,Lena Papadakis,707,48,https://api.wtatennis.com/tennis/players/ranked?page=7&pageSize=100&type=rankSingles&sort=asc&metric=SINGLES&at=2025-02-03&name=&nationality=,2026-03-22T00:44:24Z
wta,2025-02-03,329459,Isabella Kruger,Isabella Kruger,708,48,https://api.wtatennis.com/tennis/players/ranked?page=7&pageSize=100&type=rankSingles&sort=asc&metric=SINGLES&at=2025-02-03&name=&nationality=,2026-03-22T00:44:24Z
wta,2025-02-03,327999,Laura Mair,Laura Mair,709,48,https://api.wtatennis.com/tennis/players/ranked?page=7&pageSize=100&type=rankSingles&sort=asc&metric=SINGLES&at=2025-02-03&name=&nationality=,2026-03-22T00:44:24Z
wta,2025-02-03,322532,Ashley Kratzer,Ashley Kratzer,710,47,https://api.wtatennis.com/tennis/players/ranked?page=7&pageSize=100&type=rankSingles&sort=asc&metric=SINGLES&at=2025-02-03&name=&nationality=,2026-03-22T00:44:24Z
wta,2025-02-03,332204,Joy De Zeeuw,Joy De Zeeuw,711,47,https://api.wtatennis.com/tennis/players/ranked?page=7&pageSize=100&type=rankSingles&sort=asc&metric=SINGLES&at=2025-02-03&name=&nationality=,2026-03-22T00:44:24Z
wta,2025-02-03,323071,Makenna Jones,Makenna Jones,712,47,https://api.wtatennis.com/tennis/players/ranked?page=7&pageSize=100&type=rankSingles&sort=asc&metric=SINGLES&at=2025-02-03&name=&nationality=,2026-03-22T00:44:24Z
wta,2025-02-03,330258,Sara Dols,Sara Dols,713,47,https://api.wtatennis.com/tennis/players/ranked?page=7&pageSize=100&type=rankSingles&sort=asc&metric=SINGLES&at=2025-02-03&name=&nationality=,2026-03-22T00:44:24Z
wta,2025-02-03,333154,Kira Matushkina,Kira Matushkina,714,46,https://api.wtatennis.com/tennis/players/ranked?page=7&pageSize=100&type=rankSingles&sort=asc&metric=SINGLES&at=2025-02-03&name=&nationality=,2026-03-22T00:44:24Z
wta,2025-02-03,332888,Rada Zolotareva,Rada Zolotareva,715,46,https://api.wtatennis.com/tennis/players/ranked?page=7&pageSize=100&type=rankSingles&sort=asc&metric=SINGLES&at=2025-02-03&name=&nationality=,2026-03-22T00:44:24Z
wta,2025-02-03,332761,Ruth Roura Llaverias,Ruth Roura Llaverias,716,46,https://api.wtatennis.com/tennis/players/ranked?page=7&pageSize=100&type=rankSingles&sort=asc&metric=SINGLES&at=2025-02-03&name=&nationality=,2026-03-22T00:44:24Z
wta,2025-02-03,331074,Johanne Svendsen,Johanne Svendsen,717,46,https://api.wtatennis.com/tennis/players/ranked?page=7&pageSize=100&type=rankSingles&sort=asc&metric=SINGLES&at=2025-02-03&name=&nationality=,2026-03-22T00:44:24Z
wta,2025-02-03,332599,Sarah Van Emst,Sarah Van Emst,718,46,https://api.wtatennis.com/tennis/players/ranked?page=7&pageSize=100&type=rankSingles&sort=asc&metric=SINGLES&at=2025-02-03&name=&nationality=,2026-03-22T00:44:24Z
wta,2025-02-03,322124,Yuliana Monroy,Yuliana Monroy,719,45,https://api.wtatennis.com/tennis/players/ranked?page=7&pageSize=100&type=rankSingles&sort=asc&metric=SINGLES&at=2025-02-03&name=&nationality=,2026-03-22T00:44:24Z
wta,2025-02-03,328688,Alina Granwehr,Alina Granwehr,720,45,https://api.wtatennis.com/tennis/players/ranked?page=7&pageSize=100&type=rankSingles&sort=asc&metric=SINGLES&at=2025-02-03&name=&nationality=,2026-03-22T00:44:24Z
wta,2025-02-03,329153,Honoka Kobayashi,Honoka Kobayashi,721,45,https://api.wtatennis.com/tennis/players/ranked?page=7&pageSize=100&type=rankSingles&sort=asc&metric=SINGLES&at=2025-02-03&name=&nationality=,2026-03-22T00:44:24Z
wta,2025-02-03,332097,Carmen Andreea  Herea,Carmen Andreea  Herea,722,45,https://api.wtatennis.com/tennis/players/ranked?page=7&pageSize=100&type=rankSingles&sort=asc&metric=SINGLES&at=2025-02-03&name=&nationality=,2026-03-22T00:44:24Z
wta,2025-02-03,317614,Michika Ozeki,Michika Ozeki,723,45,https://api.wtatennis.com/tennis/players/ranked?page=7&pageSize=100&type=rankSingles&sort=asc&metric=SINGLES&at=2025-02-03&name=&nationality=,2026-03-22T00:44:24Z
wta,2025-02-03,326665,Linda Sevcikova,Linda Sevcikova,724,45,https://api.wtatennis.com/tennis/players/ranked?page=7&pageSize=100&type=rankSingles&sort=asc&metric=SINGLES&at=2025-02-03&name=&nationality=,2026-03-22T00:44:24Z
wta,2025-02-03,324421,Marie Villet,Marie Villet,725,45,https://api.wtatennis.com/tennis/players/ranked?page=7&pageSize=100&type=rankSingles&sort=asc&metric=SINGLES&at=2025-02-03&name=&nationality=,2026-03-22T00:44:24Z
wta,2025-02-03,329923,Anja Wildgruber,Anja Wildgruber,726,45,https://api.wtatennis.com/tennis/players/ranked?page=7&pageSize=100&type=rankSingles&sort=asc&metric=SINGLES&at=2025-02-03&name=&nationality=,2026-03-22T00:44:24Z
wta,2025-02-03,333415,Ruien Zhang,Ruien Zhang,727,44,https://api.wtatennis.com/tennis/players/ranked?page=7&pageSize=100&type=rankSingles&sort=asc&metric=SINGLES&at=2025-02-03&name=&nationality=,2026-03-22T00:44:24Z
wta,2025-02-03,331004,Luca Udvardy,Luca Udvardy,728,44,https://api.wtatennis.com/tennis/players/ranked?page=7&pageSize=100&type=rankSingles&sort=asc&metric=SINGLES&at=2025-02-03&name=&nationality=,2026-03-22T00:44:24Z
wta,2025-02-03,327049,Matilde Mariani,Matilde Mariani,729,44,https://api.wtatennis.com/tennis/players/ranked?page=7&pageSize=100&type=rankSingles&sort=asc&metric=SINGLES&at=2025-02-03&name=&nationality=,2026-03-22T00:44:24Z
wta,2025-02-03,325615,Anna Kubareva,Anna Kubareva,730,44,https://api.wtatennis.com/tennis/players/ranked?page=7&pageSize=100&type=rankSingles&sort=asc&metric=SINGLES&at=2025-02-03&name=&nationality=,2026-03-22T00:44:24Z
wta,2025-02-03,330922,Bianca Barbulescu,Bianca Barbulescu,731,44,https://api.wtatennis.com/tennis/players/ranked?page=7&pageSize=100&type=rankSingles&sort=asc&metric=SINGLES&at=2025-02-03&name=&nationality=,2026-03-22T00:44:24Z
wta,2025-02-03,319314,Berta Bonardi,Berta Bonardi,732,44,https://api.wtatennis.com/tennis/players/ranked?page=7&pageSize=100&type=rankSingles&sort=asc&metric=SINGLES&at=2025-02-03&name=&nationality=,2026-03-22T00:44:24Z
wta,2025-02-03,324266,Paris Corley,Paris Corley,733,44,https://api.wtatennis.com/tennis/players/ranked?page=7&pageSize=100&type=rankSingles&sort=asc&metric=SINGLES&at=2025-02-03&name=&nationality=,2026-03-22T00:44:24Z
wta,2025-02-03,331669,Chia Yi Tsao,Chia Yi Tsao,734,43,https://api.wtatennis.com/tennis/players/ranked?page=7&pageSize=100&type=rankSingles&sort=asc&metric=SINGLES&at=2025-02-03&name=&nationality=,2026-03-22T00:44:24Z
wta,2025-02-03,322334,Veronika Miroshnichenko,Veronika Miroshnichenko,735,43,https://api.wtatennis.com/tennis/players/ranked?page=7&pageSize=100&type=rankSingles&sort=asc&metric=SINGLES&at=2025-02-03&name=&nationality=,2026-03-22T00:44:24Z
wta,2025-02-03,330162,Mio Mushika,Mio Mushika,736,43,https://api.wtatennis.com/tennis/players/ranked?page=7&pageSize=100&type=rankSingles&sort=asc&metric=SINGLES&at=2025-02-03&name=&nationality=,2026-03-22T00:44:24Z
wta,2025-02-03,334654,Loes Ebeling Koning,Loes Ebeling Koning,737,43,https://api.wtatennis.com/tennis/players/ranked?page=7&pageSize=100&type=rankSingles&sort=asc&metric=SINGLES&at=2025-02-03&name=&nationality=,2026-03-22T00:44:24Z
wta,2025-02-03,332627,Kayo Nishimura,Kayo Nishimura,738,43,https://api.wtatennis.com/tennis/players/ranked?page=7&pageSize=100&type=rankSingles&sort=asc&metric=SINGLES&at=2025-02-03&name=&nationality=,2026-03-22T00:44:24Z
wta,2025-02-03,323378,Arina Vasilescu,Arina Vasilescu,739,43,https://api.wtatennis.com/tennis/players/ranked?page=7&pageSize=100&type=rankSingles&sort=asc&metric=SINGLES&at=2025-02-03&name=&nationality=,2026-03-22T00:44:24Z
wta,2025-02-03,319002,Tess Sugnaux,Tess Sugnaux,740,43,https://api.wtatennis.com/tennis/players/ranked?page=7&pageSize=100&type=rankSingles&sort=asc&metric=SINGLES&at=2025-02-03&name=&nationality=,2026-03-22T00:44:24Z
wta,2025-02-03,331997,Daria Yesypchuk,Daria Yesypchuk,741,43,https://api.wtatennis.com/tennis/players/ranked?page=7&pageSize=100&type=rankSingles&sort=asc&metric=SINGLES&at=2025-02-03&name=&nationality=,2026-03-22T00:44:24Z
wta,2025-02-03,322608,Gaia Squarcialupi,Gaia Squarcialupi,742,43,https://api.wtatennis.com/tennis/players/ranked?page=7&pageSize=100&type=rankSingles&sort=asc&metric=SINGLES&at=2025-02-03&name=&nationality=,2026-03-22T00:44:24Z
wta,2025-02-03,324834,Jana Bojovic,Jana Bojovic,743,43,https://api.wtatennis.com/tennis/players/ranked?page=7&pageSize=100&type=rankSingles&sort=asc&metric=SINGLES&at=2025-02-03&name=&nationality=,2026-03-22T00:44:24Z
wta,2025-02-03,326238,Evgeniya Burdina,Evgeniya Burdina,744,43,https://api.wtatennis.com/tennis/players/ranked?page=7&pageSize=100&type=rankSingles&sort=asc&metric=SINGLES&at=2025-02-03&name=&nationality=,2026-03-22T00:44:24Z
wta,2025-02-03,319999,Nagi Hanatani,Nagi Hanatani,745,43,https://api.wtatennis.com/tennis/players/ranked?page=7&pageSize=100&type=rankSingles&sort=asc&metric=SINGLES&at=2025-02-03&name=&nationality=,2026-03-22T00:44:24Z
wta,2025-02-03,316775,Iveta Dapkute,Iveta Dapkute,746,42,https://api.wtatennis.com/tennis/players/ranked?page=7&pageSize=100&type=rankSingles&sort=asc&metric=SINGLES&at=2025-02-03&name=&nationality=,2026-03-22T00:44:24Z
wta,2025-02-03,331329,Maria Kalyakina,Maria Kalyakina,747,42,https://api.wtatennis.com/tennis/players/ranked?page=7&pageSize=100&type=rankSingles&sort=asc&metric=SINGLES&at=2025-02-03&name=&nationality=,2026-03-22T00:44:24Z
wta,2025-02-03,327535,Vicky Van De Peer,Vicky Van De Peer,748,42,https://api.wtatennis.com/tennis/players/ranked?page=7&pageSize=100&type=rankSingles&sort=asc&metric=SINGLES&at=2025-02-03&name=&nationality=,2026-03-22T00:44:24Z
wta,2025-02-03,324327,Qianhui Tang,Qianhui Tang,749,41,https://api.wtatennis.com/tennis/players/ranked?page=7&pageSize=100&type=rankSingles&sort=asc&metric=SINGLES&at=2025-02-03&name=&nationality=,2026-03-22T00:44:24Z
wta,2025-02-03,326532,Zoziya Kardava,Zoziya Kardava,750,41,https://api.wtatennis.com/tennis/players/ranked?page=7&pageSize=100&type=rankSingles&sort=asc&metric=SINGLES&at=2025-02-03&name=&nationality=,2026-03-22T00:44:24Z
wta,2025-02-03,329166,Alisa Kummel,Alisa Kummel,751,41,https://api.wtatennis.com/tennis/players/ranked?page=7&pageSize=100&type=rankSingles&sort=asc&metric=SINGLES&at=2025-02-03&name=&nationality=,2026-03-22T00:44:24Z
wta,2025-02-03,332150,Lilli Tagger,Lilli Tagger,752,40,https://api.wtatennis.com/tennis/players/ranked?page=7&pageSize=100&type=rankSingles&sort=asc&metric=SINGLES&at=2025-02-03&name=&nationality=,2026-03-22T00:44:24Z
wta,2025-02-03,331413,Eliska Tichackova,Eliska Tichackova,753,40,https://api.wtatennis.com/tennis/players/ranked?page=7&pageSize=100&type=rankSingles&sort=asc&metric=SINGLES&at=2025-02-03&name=&nationality=,2026-03-22T00:44:24Z
wta,2025-02-03,329020,Maria Andrienko,Maria Andrienko,754,40,https://api.wtatennis.com/tennis/players/ranked?page=7&pageSize=100&type=rankSingles&sort=asc&metric=SINGLES&at=2025-02-03&name=&nationality=,2026-03-22T00:44:24Z
wta,2025-02-03,326840,Zoe Kruger,Zoe Kruger,755,40,https://api.wtatennis.com/tennis/players/ranked?page=7&pageSize=100&type=rankSingles&sort=asc&metric=SINGLES&at=2025-02-03&name=&nationality=,2026-03-22T00:44:24Z
wta,2025-02-03,333117,Kate Fakih,Kate Fakih,756,40,https://api.wtatennis.com/tennis/players/ranked?page=7&pageSize=100&type=rankSingles&sort=asc&metric=SINGLES&at=2025-02-03&name=&nationality=,2026-03-22T00:44:24Z
wta,2025-02-03,327128,Maelys Bougrat,Maelys Bougrat,757,40,https://api.wtatennis.com/tennis/players/ranked?page=7&pageSize=100&type=rankSingles&sort=asc&metric=SINGLES&at=2025-02-03&name=&nationality=,2026-03-22T00:44:24Z
wta,2025-02-03,332540,Josy Daems,Josy Daems,758,40,https://api.wtatennis.com/tennis/players/ranked?page=7&pageSize=100&type=rankSingles&sort=asc&metric=SINGLES&at=2025-02-03&name=&nationality=,2026-03-22T00:44:24Z
wta,2025-02-03,328440,Eleonora Alvisi,Eleonora Alvisi,759,39,https://api.wtatennis.com/tennis/players/ranked?page=7&pageSize=100&type=rankSingles&sort=asc&metric=SINGLES&at=2025-02-03&name=&nationality=,2026-03-22T00:44:24Z
wta,2025-02-03,313765,Jing-Jing Lu,Jing-Jing Lu,760,39,https://api.wtatennis.com/tennis/players/ranked?page=7&pageSize=100&type=rankSingles&sort=asc&metric=SINGLES&at=2025-02-03&name=&nationality=,2026-03-22T00:44:24Z
wta,2025-02-03,320579,Ana Paula Neffa De Los Rios,Ana Paula Neffa De Los Rios,761,39,https://api.wtatennis.com/tennis/players/ranked?page=7&pageSize=100&type=rankSingles&sort=asc&metric=SINGLES&at=2025-02-03&name=&nationality=,2026-03-22T00:44:24Z
wta,2025-02-03,321913,Ines Ibbou,Ines Ibbou,762,39,https://api.wtatennis.com/tennis/players/ranked?page=7&pageSize=100&type=rankSingles&sort=asc&metric=SINGLES&at=2025-02-03&name=&nationality=,2026-03-22T00:44:24Z
wta,2025-02-03,329700,Mia Kupres,Mia Kupres,763,38,https://api.wtatennis.com/tennis/players/ranked?page=7&pageSize=100&type=rankSingles&sort=asc&metric=SINGLES&at=2025-02-03&name=&nationality=,2026-03-22T00:44:24Z
wta,2025-02-03,319909,Maegan Manasse,Maegan Manasse,764,38,https://api.wtatennis.com/tennis/players/ranked?page=7&pageSize=100&type=rankSingles&sort=asc&metric=SINGLES&at=2025-02-03&name=&nationality=,2026-03-22T00:44:24Z
wta,2025-02-03,333664,Yujia Huang,Yujia Huang,765,38,https://api.wtatennis.com/tennis/players/ranked?page=7&pageSize=100&type=rankSingles&sort=asc&metric=SINGLES&at=2025-02-03&name=&nationality=,2026-03-22T00:44:24Z
wta,2025-02-03,322017,Victoria Flores,Victoria Flores,766,38,https://api.wtatennis.com/tennis/players/ranked?page=7&pageSize=100&type=rankSingles&sort=asc&metric=SINGLES&at=2025-02-03&name=&nationality=,2026-03-22T00:44:24Z
wta,2025-02-03,331776,Angelina Voloshchuk,Angelina Voloshchuk,767,38,https://api.wtatennis.com/tennis/players/ranked?page=7&pageSize=100&type=rankSingles&sort=asc&metric=SINGLES&at=2025-02-03&name=&nationality=,2026-03-22T00:44:24Z
wta,2025-02-03,327723,Milana Zhabrailova,Milana Zhabrailova,768,38,https://api.wtatennis.com/tennis/players/ranked?page=7&pageSize=100&type=rankSingles&sort=asc&metric=SINGLES&at=2025-02-03&name=&nationality=,2026-03-22T00:44:24Z
wta,2025-02-03,331582,Ana Grubor,Ana Grubor,769,38,https://api.wtatennis.com/tennis/players/ranked?page=7&pageSize=100&type=rankSingles&sort=asc&metric=SINGLES&at=2025-02-03&name=&nationality=,2026-03-22T00:44:24Z
wta,2025-02-03,332501,Ena Koike,Ena Koike,770,37,https://api.wtatennis.com/tennis/players/ranked?page=7&pageSize=100&type=rankSingles&sort=asc&metric=SINGLES&at=2025-02-03&name=&nationality=,2026-03-22T00:44:24Z
wta,2025-02-03,317146,Nadiia Kolb,Nadiia Kolb,771,37,https://api.wtatennis.com/tennis/players/ranked?page=7&pageSize=100&type=rankSingles&sort=asc&metric=SINGLES&at=2025-02-03&name=&nationality=,2026-03-22T00:44:24Z
wta,2025-02-03,334141,Mariella Thamm,Mariella Thamm,772,37,https://api.wtatennis.com/tennis/players/ranked?page=7&pageSize=100&type=rankSingles&sort=asc&metric=SINGLES&at=2025-02-03&name=&nationality=,2026-03-22T00:44:24Z
wta,2025-02-03,327781,Fiona Crawley,Fiona Crawley,773,37,https://api.wtatennis.com/tennis/players/ranked?page=7&pageSize=100&type=rankSingles&sort=asc&metric=SINGLES&at=2025-02-03&name=&nationality=,2026-03-22T00:44:24Z
wta,2025-02-03,328207,Solymar Colling,Solymar Colling,774,37,https://api.wtatennis.com/tennis/players/ranked?page=7&pageSize=100&type=rankSingles&sort=asc&metric=SINGLES&at=2025-02-03&name=&nationality=,2026-03-22T00:44:24Z
wta,2025-02-03,326775,Mayuka Aikawa,Mayuka Aikawa,775,37,https://api.wtatennis.com/tennis/players/ranked?page=7&pageSize=100&type=rankSingles&sort=asc&metric=SINGLES&at=2025-02-03&name=&nationality=,2026-03-22T00:44:24Z
wta,2025-02-03,324300,Julia Konishi Camargo Silva,Julia Konishi Camargo Silva,776,37,https://api.wtatennis.com/tennis/players/ranked?page=7&pageSize=100&type=rankSingles&sort=asc&metric=SINGLES&at=2025-02-03&name=&nationality=,2026-03-22T00:44:24Z
wta,2025-02-03,323794,Maria Kononova,Maria Kononova,777,36,https://api.wtatennis.com/tennis/players/ranked?page=7&pageSize=100&type=rankSingles&sort=asc&metric=SINGLES&at=2025-02-03&name=&nationality=,2026-03-22T00:44:24Z
wta,2025-02-03,329509,Rachel Gailis,Rachel Gailis,778,36,https://api.wtatennis.com/tennis/players/ranked?page=7&pageSize=100&type=rankSingles&sort=asc&metric=SINGLES&at=2025-02-03&name=&nationality=,2026-03-22T00:44:24Z
wta,2025-02-03,330086,Sofia Cabezas Dominguez,Sofia Cabezas Dominguez,779,36,https://api.wtatennis.com/tennis/players/ranked?page=7&pageSize=100&type=rankSingles&sort=asc&metric=SINGLES&at=2025-02-03&name=&nationality=,2026-03-22T00:44:24Z
wta,2025-02-03,333917,India Houghton,India Houghton,780,36,https://api.wtatennis.com/tennis/players/ranked?page=7&pageSize=100&type=rankSingles&sort=asc&metric=SINGLES&at=2025-02-03&name=&nationality=,2026-03-22T00:44:24Z
wta,2025-02-03,330393,Victoria Gomez,Victoria Gomez,781,36,https://api.wtatennis.com/tennis/players/ranked?page=7&pageSize=100&type=rankSingles&sort=asc&metric=SINGLES&at=2025-02-03&name=&nationality=,2026-03-22T00:44:24Z
wta,2025-02-03,325228,Enola Chiesa,Enola Chiesa,782,36,https://api.wtatennis.com/tennis/players/ranked?page=7&pageSize=100&type=rankSingles&sort=asc&metric=SINGLES&at=2025-02-03&name=&nationality=,2026-03-22T00:44:24Z
wta,2025-02-03,329656,Romina Ccuno,Romina Ccuno,783,36,https://api.wtatennis.com/tennis/players/ranked?page=7&pageSize=100&type=rankSingles&sort=asc&metric=SINGLES&at=2025-02-03&name=&nationality=,2026-03-22T00:44:24Z
wta,2025-02-03,323953,Anastasia Iamachkine,Anastasia Iamachkine,784,36,https://api.wtatennis.com/tennis/players/ranked?page=7&pageSize=100&type=rankSingles&sort=asc&metric=SINGLES&at=2025-02-03&name=&nationality=,2026-03-22T00:44:24Z
wta,2025-02-03,332846,Valentina Mediorreal Arias,Valentina Mediorreal Arias,785,35,https://api.wtatennis.com/tennis/players/ranked?page=7&pageSize=100&type=rankSingles&sort=asc&metric=SINGLES&at=2025-02-03&name=&nationality=,2026-03-22T00:44:24Z
wta,2025-02-03,329337,Merna Refaat,Merna Refaat,786,35,https://api.wtatennis.com/tennis/players/ranked?page=7&pageSize=100&type=rankSingles&sort=asc&metric=SINGLES&at=2025-02-03&name=&nationality=,2026-03-22T00:44:24Z
wta,2025-02-03,326997,Carolyn Campana,Carolyn Campana,787,35,https://api.wtatennis.com/tennis/players/ranked?page=7&pageSize=100&type=rankSingles&sort=asc&metric=SINGLES&at=2025-02-03&name=&nationality=,2026-03-22T00:44:24Z
wta,2025-02-03,328128,Gabriella Price,Gabriella Price,788,35,https://api.wtatennis.com/tennis/players/ranked?page=7&pageSize=100&type=rankSingles&sort=asc&metric=SINGLES&at=2025-02-03&name=&nationality=,2026-03-22T00:44:24Z
wta,2025-02-03,328628,Gina Dittmann,Gina Dittmann,789,35,https://api.wtatennis.com/tennis/players/ranked?page=7&pageSize=100&type=rankSingles&sort=asc&metric=SINGLES&at=2025-02-03&name=&nationality=,2026-03-22T00:44:24Z
wta,2025-02-03,325231,Franziska Sziedat,Franziska Sziedat,790,35,https://api.wtatennis.com/tennis/players/ranked?page=7&pageSize=100&type=rankSingles&sort=asc&metric=SINGLES&at=2025-02-03&name=&nationality=,2026-03-22T00:44:24Z
wta,2025-02-03,330727,Carla Markus,Carla Markus,791,35,https://api.wtatennis.com/tennis/players/ranked?page=7&pageSize=100&type=rankSingles&sort=asc&metric=SINGLES&at=2025-02-03&name=&nationality=,2026-03-22T00:44:24Z
wta,2025-02-03,321094,Eleni Christofi,Eleni Christofi,792,35,https://api.wtatennis.com/tennis/players/ranked?page=7&pageSize=100&type=rankSingles&sort=asc&metric=SINGLES&at=2025-02-03&name=&nationality=,2026-03-22T00:44:24Z
wta,2025-02-03,329401,Meng-Yi Chen,Meng-Yi Chen,793,35,https://api.wtatennis.com/tennis/players/ranked?page=7&pageSize=100&type=rankSingles&sort=asc&metric=SINGLES&at=2025-02-03&name=&nationality=,2026-03-22T00:44:24Z
wta,2025-02-03,326123,Draginja Vukovic,Draginja Vukovic,794,35,https://api.wtatennis.com/tennis/players/ranked?page=7&pageSize=100&type=rankSingles&sort=asc&metric=SINGLES&at=2025-02-03&name=&nationality=,2026-03-22T00:44:24Z
wta,2025-02-03,315083,Paula Ormaechea,Paula Ormaechea,795,34,https://api.wtatennis.com/tennis/players/ranked?page=7&pageSize=100&type=rankSingles&sort=asc&metric=SINGLES&at=2025-02-03&name=&nationality=,2026-03-22T00:44:24Z
wta,2025-02-03,333851,Julie Pastikova,Julie Pastikova,796,34,https://api.wtatennis.com/tennis/players/ranked?page=7&pageSize=100&type=rankSingles&sort=asc&metric=SINGLES&at=2025-02-03&name=&nationality=,2026-03-22T00:44:24Z
wta,2025-02-03,329463,Karolina Kozakova,Karolina Kozakova,797,34,https://api.wtatennis.com/tennis/players/ranked?page=7&pageSize=100&type=rankSingles&sort=asc&metric=SINGLES&at=2025-02-03&name=&nationality=,2026-03-22T00:44:24Z
wta,2025-02-03,327946,Katherine Barnes,Katherine Barnes,798,34,https://api.wtatennis.com/tennis/players/ranked?page=7&pageSize=100&type=rankSingles&sort=asc&metric=SINGLES&at=2025-02-03&name=&nationality=,2026-03-22T00:44:24Z
wta,2025-02-03,323705,Emily Welker,Emily Welker,799,34,https://api.wtatennis.com/tennis/players/ranked?page=7&pageSize=100&type=rankSingles&sort=asc&metric=SINGLES&at=2025-02-03&name=&nationality=,2026-03-22T00:44:24Z
wta,2025-02-03,322971,Lisa-Marie Rioux,Lisa-Marie Rioux,800,34,https://api.wtatennis.com/tennis/players/ranked?page=7&pageSize=100&type=rankSingles&sort=asc&metric=SINGLES&at=2025-02-03&name=&nationality=,2026-03-22T00:44:24Z
wta,2025-02-03,324751,Nagomi Higashitani,Nagomi Higashitani,801,34,https://api.wtatennis.com/tennis/players/ranked?page=8&pageSize=100&type=rankSingles&sort=asc&metric=SINGLES&at=2025-02-03&name=&nationality=,2026-03-22T00:44:25Z
wta,2025-02-03,323531,Isabelle Boulais,Isabelle Boulais,802,34,https://api.wtatennis.com/tennis/players/ranked?page=8&pageSize=100&type=rankSingles&sort=asc&metric=SINGLES&at=2025-02-03&name=&nationality=,2026-03-22T00:44:25Z
wta,2025-02-03,330471,Denise Valente,Denise Valente,803,34,https://api.wtatennis.com/tennis/players/ranked?page=8&pageSize=100&type=rankSingles&sort=asc&metric=SINGLES&at=2025-02-03&name=&nationality=,2026-03-22T00:44:25Z
wta,2025-02-03,329275,Alba Rey Garcia,Alba Rey Garcia,804,34,https://api.wtatennis.com/tennis/players/ranked?page=8&pageSize=100&type=rankSingles&sort=asc&metric=SINGLES&at=2025-02-03&name=&nationality=,2026-03-22T00:44:25Z
wta,2025-02-03,329248,Ya Yi Yang,Ya Yi Yang,805,33,https://api.wtatennis.com/tennis/players/ranked?page=8&pageSize=100&type=rankSingles&sort=asc&metric=SINGLES&at=2025-02-03&name=&nationality=,2026-03-22T00:44:25Z
wta,2025-02-03,334557,Alena Kovackova,Alena Kovackova,806,33,https://api.wtatennis.com/tennis/players/ranked?page=8&pageSize=100&type=rankSingles&sort=asc&metric=SINGLES&at=2025-02-03&name=&nationality=,2026-03-22T00:44:25Z
wta,2025-02-03,334255,Ksenia Efremova,Ksenia Efremova,807,33,https://api.wtatennis.com/tennis/players/ranked?page=8&pageSize=100&type=rankSingles&sort=asc&metric=SINGLES&at=2025-02-03&name=&nationality=,2026-03-22T00:44:25Z
wta,2025-02-03,332718,Alisa Oktiabreva,Alisa Oktiabreva,807,33,https://api.wtatennis.com/tennis/players/ranked?page=8&pageSize=100&type=rankSingles&sort=asc&metric=SINGLES&at=2025-02-03&name=&nationality=,2026-03-22T00:44:25Z
wta,2025-02-03,329124,Maribella Zamarripa,Maribella Zamarripa,809,33,https://api.wtatennis.com/tennis/players/ranked?page=8&pageSize=100&type=rankSingles&sort=asc&metric=SINGLES&at=2025-02-03&name=&nationality=,2026-03-22T00:44:25Z
wta,2025-02-03,330527,Amelie Van Impe,Amelie Van Impe,810,33,https://api.wtatennis.com/tennis/players/ranked?page=8&pageSize=100&type=rankSingles&sort=asc&metric=SINGLES&at=2025-02-03&name=&nationality=,2026-03-22T00:44:25Z
wta,2025-02-03,327451,Jiangxue Han,Jiangxue Han,811,33,https://api.wtatennis.com/tennis/players/ranked?page=8&pageSize=100&type=rankSingles&sort=asc&metric=SINGLES&at=2025-02-03&name=&nationality=,2026-03-22T00:44:25Z
wta,2025-02-03,332726,Justina Gonzalez Daniele,Justina Gonzalez Daniele,812,33,https://api.wtatennis.com/tennis/players/ranked?page=8&pageSize=100&type=rankSingles&sort=asc&metric=SINGLES&at=2025-02-03&name=&nationality=,2026-03-22T00:44:25Z
wta,2025-02-03,329646,Darja Suvirdjonkova,Darja Suvirdjonkova,813,33,https://api.wtatennis.com/tennis/players/ranked?page=8&pageSize=100&type=rankSingles&sort=asc&metric=SINGLES&at=2025-02-03&name=&nationality=,2026-03-22T00:44:25Z
wta,2025-02-03,323176,Paula Arias Manjon,Paula Arias Manjon,814,33,https://api.wtatennis.com/tennis/players/ranked?page=8&pageSize=100&type=rankSingles&sort=asc&metric=SINGLES&at=2025-02-03&name=&nationality=,2026-03-22T00:44:25Z
wta,2025-02-03,329797,Elena Korokozidi,Elena Korokozidi,815,33,https://api.wtatennis.com/tennis/players/ranked?page=8&pageSize=100&type=rankSingles&sort=asc&metric=SINGLES&at=2025-02-03&name=&nationality=,2026-03-22T00:44:25Z
wta,2025-02-03,333464,Julia Adams,Julia Adams,816,33,https://api.wtatennis.com/tennis/players/ranked?page=8&pageSize=100&type=rankSingles&sort=asc&metric=SINGLES&at=2025-02-03&name=&nationality=,2026-03-22T00:44:25Z
wta,2025-02-03,330526,Tilwith Di Girolami,Tilwith Di Girolami,817,33,https://api.wtatennis.com/tennis/players/ranked?page=8&pageSize=100&type=rankSingles&sort=asc&metric=SINGLES&at=2025-02-03&name=&nationality=,2026-03-22T00:44:25Z
wta,2025-02-03,319097,Tayisiya Morderger,Tayisiya Morderger,818,33,https://api.wtatennis.com/tennis/players/ranked?page=8&pageSize=100&type=rankSingles&sort=asc&metric=SINGLES&at=2025-02-03&name=&nationality=,2026-03-22T00:44:25Z
wta,2025-02-03,312536,Yanina Wickmayer,Yanina Wickmayer,819,32,https://api.wtatennis.com/tennis/players/ranked?page=8&pageSize=100&type=rankSingles&sort=asc&metric=SINGLES&at=2025-02-03&name=&nationality=,2026-03-22T00:44:25Z
wta,2025-02-03,332494,Vittoria Paganetti,Vittoria Paganetti,820,32,https://api.wtatennis.com/tennis/players/ranked?page=8&pageSize=100&type=rankSingles&sort=asc&metric=SINGLES&at=2025-02-03&name=&nationality=,2026-03-22T00:44:25Z
wta,2025-02-03,333703,Anna Frey,Anna Frey,821,32,https://api.wtatennis.com/tennis/players/ranked?page=8&pageSize=100&type=rankSingles&sort=asc&metric=SINGLES&at=2025-02-03&name=&nationality=,2026-03-22T00:44:25Z
wta,2025-02-03,326052,Ania Hertel,Ania Hertel,822,32,https://api.wtatennis.com/tennis/players/ranked?page=8&pageSize=100&type=rankSingles&sort=asc&metric=SINGLES&at=2025-02-03&name=&nationality=,2026-03-22T00:44:25Z
wta,2025-02-03,330733,Yasmine Kabbaj,Yasmine Kabbaj,823,32,https://api.wtatennis.com/tennis/players/ranked?page=8&pageSize=100&type=rankSingles&sort=asc&metric=SINGLES&at=2025-02-03&name=&nationality=,2026-03-22T00:44:25Z
wta,2025-02-03,330116,Daria Khomutsianskaya,Daria Khomutsianskaya,824,32,https://api.wtatennis.com/tennis/players/ranked?page=8&pageSize=100&type=rankSingles&sort=asc&metric=SINGLES&at=2025-02-03&name=&nationality=,2026-03-22T00:44:25Z
wta,2025-02-03,329173,Nana Kawagishi,Nana Kawagishi,825,32,https://api.wtatennis.com/tennis/players/ranked?page=8&pageSize=100&type=rankSingles&sort=asc&metric=SINGLES&at=2025-02-03&name=&nationality=,2026-03-22T00:44:25Z
wta,2025-02-03,319098,Yana Morderger,Yana Morderger,826,32,https://api.wtatennis.com/tennis/players/ranked?page=8&pageSize=100&type=rankSingles&sort=asc&metric=SINGLES&at=2025-02-03&name=&nationality=,2026-03-22T00:44:25Z
wta,2025-02-03,312660,Samantha Murray Sharan,Samantha Murray Sharan,827,31,https://api.wtatennis.com/tennis/players/ranked?page=8&pageSize=100&type=rankSingles&sort=asc&metric=SINGLES&at=2025-02-03&name=&nationality=,2026-03-22T00:44:25Z
wta,2025-02-03,323426,Katarina Kozarov,Katarina Kozarov,828,31,https://api.wtatennis.com/tennis/players/ranked?page=8&pageSize=100&type=rankSingles&sort=asc&metric=SINGLES&at=2025-02-03&name=&nationality=,2026-03-22T00:44:25Z
wta,2025-02-03,330215,Briana Szabo,Briana Szabo,829,31,https://api.wtatennis.com/tennis/players/ranked?page=8&pageSize=100&type=rankSingles&sort=asc&metric=SINGLES&at=2025-02-03&name=&nationality=,2026-03-22T00:44:25Z
wta,2025-02-03,322540,Kylie Mckenzie,Kylie Mckenzie,830,31,https://api.wtatennis.com/tennis/players/ranked?page=8&pageSize=100&type=rankSingles&sort=asc&metric=SINGLES&at=2025-02-03&name=&nationality=,2026-03-22T00:44:25Z
wta,2025-02-03,331581,Kristina Paskauskas,Kristina Paskauskas,831,31,https://api.wtatennis.com/tennis/players/ranked?page=8&pageSize=100&type=rankSingles&sort=asc&metric=SINGLES&at=2025-02-03&name=&nationality=,2026-03-22T00:44:25Z
wta,2025-02-03,327296,Elena Milovanovic,Elena Milovanovic,832,31,https://api.wtatennis.com/tennis/players/ranked?page=8&pageSize=100&type=rankSingles&sort=asc&metric=SINGLES&at=2025-02-03&name=&nationality=,2026-03-22T00:44:25Z
wta,2025-02-03,331163,Anastasia Grechkina,Anastasia Grechkina,833,31,https://api.wtatennis.com/tennis/players/ranked?page=8&pageSize=100&type=rankSingles&sort=asc&metric=SINGLES&at=2025-02-03&name=&nationality=,2026-03-22T00:44:25Z
wta,2025-02-03,320703,Dasha Ivanova,Dasha Ivanova,834,31,https://api.wtatennis.com/tennis/players/ranked?page=8&pageSize=100&type=rankSingles&sort=asc&metric=SINGLES&at=2025-02-03&name=&nationality=,2026-03-22T00:44:25Z
wta,2025-02-03,329671,Yiming Dang,Yiming Dang,835,31,https://api.wtatennis.com/tennis/players/ranked?page=8&pageSize=100&type=rankSingles&sort=asc&metric=SINGLES&at=2025-02-03&name=&nationality=,2026-03-22T00:44:25Z
wta,2025-02-03,320673,Maria Fernanda Navarro Oliva,Maria Fernanda Navarro Oliva,836,30,https://api.wtatennis.com/tennis/players/ranked?page=8&pageSize=100&type=rankSingles&sort=asc&metric=SINGLES&at=2025-02-03&name=&nationality=,2026-03-22T00:44:25Z
wta,2025-02-03,331857,Wakana Sonobe,Wakana Sonobe,837,30,https://api.wtatennis.com/tennis/players/ranked?page=8&pageSize=100&type=rankSingles&sort=asc&metric=SINGLES&at=2025-02-03&name=&nationality=,2026-03-22T00:44:25Z
wta,2025-02-03,328099,Akanksha Nitture,Akanksha Nitture,838,30,https://api.wtatennis.com/tennis/players/ranked?page=8&pageSize=100&type=rankSingles&sort=asc&metric=SINGLES&at=2025-02-03&name=&nationality=,2026-03-22T00:44:25Z
wta,2025-02-03,312838,Anne Schaefer,Anne Schaefer,839,30,https://api.wtatennis.com/tennis/players/ranked?page=8&pageSize=100&type=rankSingles&sort=asc&metric=SINGLES&at=2025-02-03&name=&nationality=,2026-03-22T00:44:25Z
wta,2025-02-03,334629,Luna Vujovic,Luna Vujovic,840,30,https://api.wtatennis.com/tennis/players/ranked?page=8&pageSize=100&type=rankSingles&sort=asc&metric=SINGLES&at=2025-02-03&name=&nationality=,2026-03-22T00:44:25Z
wta,2025-02-03,330875,Lexington Reed,Lexington Reed,841,30,https://api.wtatennis.com/tennis/players/ranked?page=8&pageSize=100&type=rankSingles&sort=asc&metric=SINGLES&at=2025-02-03&name=&nationality=,2026-03-22T00:44:25Z
wta,2025-02-03,331758,Hephzibah Oluwadare,Hephzibah Oluwadare,842,30,https://api.wtatennis.com/tennis/players/ranked?page=8&pageSize=100&type=rankSingles&sort=asc&metric=SINGLES&at=2025-02-03&name=&nationality=,2026-03-22T00:44:25Z
wta,2025-02-03,320943,Mia Horvit,Mia Horvit,843,30,https://api.wtatennis.com/tennis/players/ranked?page=8&pageSize=100&type=rankSingles&sort=asc&metric=SINGLES&at=2025-02-03&name=&nationality=,2026-03-22T00:44:25Z
wta,2025-02-03,331847,Vendula Valdmannova,Vendula Valdmannova,844,30,https://api.wtatennis.com/tennis/players/ranked?page=8&pageSize=100&type=rankSingles&sort=asc&metric=SINGLES&at=2025-02-03&name=&nationality=,2026-03-22T00:44:25Z
wta,2025-02-03,326013,Angelica Raggi,Angelica Raggi,845,30,https://api.wtatennis.com/tennis/players/ranked?page=8&pageSize=100&type=rankSingles&sort=asc&metric=SINGLES&at=2025-02-03&name=&nationality=,2026-03-22T00:44:25Z
wta,2025-02-03,326400,Eva Voracek,Eva Voracek,846,30,https://api.wtatennis.com/tennis/players/ranked?page=8&pageSize=100&type=rankSingles&sort=asc&metric=SINGLES&at=2025-02-03&name=&nationality=,2026-03-22T00:44:25Z
wta,2025-02-03,330611,Denise Hrdinkova,Denise Hrdinkova,847,30,https://api.wtatennis.com/tennis/players/ranked?page=8&pageSize=100&type=rankSingles&sort=asc&metric=SINGLES&at=2025-02-03&name=&nationality=,2026-03-22T00:44:25Z
wta,2025-02-03,323743,Sabastiani Leon,Sabastiani Leon,848,30,https://api.wtatennis.com/tennis/players/ranked?page=8&pageSize=100&type=rankSingles&sort=asc&metric=SINGLES&at=2025-02-03&name=&nationality=,2026-03-22T00:44:25Z
wta,2025-02-03,316655,Julia Stamatova,Julia Stamatova,849,30,https://api.wtatennis.com/tennis/players/ranked?page=8&pageSize=100&type=rankSingles&sort=asc&metric=SINGLES&at=2025-02-03&name=&nationality=,2026-03-22T00:44:25Z
wta,2025-02-03,330506,Sarah Iliev,Sarah Iliev,850,29,https://api.wtatennis.com/tennis/players/ranked?page=8&pageSize=100&type=rankSingles&sort=asc&metric=SINGLES&at=2025-02-03&name=&nationality=,2026-03-22T00:44:25Z
wta,2025-02-03,332117,Lan Mi,Lan Mi,851,29,https://api.wtatennis.com/tennis/players/ranked?page=8&pageSize=100&type=rankSingles&sort=asc&metric=SINGLES&at=2025-02-03&name=&nationality=,2026-03-22T00:44:25Z
wta,2025-02-03,331228,Ashton Bowers,Ashton Bowers,852,29,https://api.wtatennis.com/tennis/players/ranked?page=8&pageSize=100&type=rankSingles&sort=asc&metric=SINGLES&at=2025-02-03&name=&nationality=,2026-03-22T00:44:25Z
wta,2025-02-03,332481,Eva Maria Ionescu,Eva Maria Ionescu,853,29,https://api.wtatennis.com/tennis/players/ranked?page=8&pageSize=100&type=rankSingles&sort=asc&metric=SINGLES&at=2025-02-03&name=&nationality=,2026-03-22T00:44:25Z
wta,2025-02-03,329077,Eva Garkusha,Eva Garkusha,854,29,https://api.wtatennis.com/tennis/players/ranked?page=8&pageSize=100&type=rankSingles&sort=asc&metric=SINGLES&at=2025-02-03&name=&nationality=,2026-03-22T00:44:25Z
wta,2025-02-03,328718,Madelief Hageman,Madelief Hageman,855,29,https://api.wtatennis.com/tennis/players/ranked?page=8&pageSize=100&type=rankSingles&sort=asc&metric=SINGLES&at=2025-02-03&name=&nationality=,2026-03-22T00:44:25Z
wta,2025-02-03,324753,Anri Nagata,Anri Nagata,856,29,https://api.wtatennis.com/tennis/players/ranked?page=8&pageSize=100&type=rankSingles&sort=asc&metric=SINGLES&at=2025-02-03&name=&nationality=,2026-03-22T00:44:25Z
wta,2025-02-03,333783,Isis Louise Van Den Broek,Isis Louise Van Den Broek,857,28,https://api.wtatennis.com/tennis/players/ranked?page=8&pageSize=100&type=rankSingles&sort=asc&metric=SINGLES&at=2025-02-03&name=&nationality=,2026-03-22T00:44:25Z
wta,2025-02-03,333262,Nadia Lagaev,Nadia Lagaev,858,28,https://api.wtatennis.com/tennis/players/ranked?page=8&pageSize=100&type=rankSingles&sort=asc&metric=SINGLES&at=2025-02-03&name=&nationality=,2026-03-22T00:44:25Z
wta,2025-02-03,329369,Alexis Blokhina,Alexis Blokhina,859,28,https://api.wtatennis.com/tennis/players/ranked?page=8&pageSize=100&type=rankSingles&sort=asc&metric=SINGLES&at=2025-02-03&name=&nationality=,2026-03-22T00:44:25Z
wta,2025-02-03,325373,Maria Urrutia,Maria Urrutia,860,28,https://api.wtatennis.com/tennis/players/ranked?page=8&pageSize=100&type=rankSingles&sort=asc&metric=SINGLES&at=2025-02-03&name=&nationality=,2026-03-22T00:44:25Z
wta,2025-02-03,330896,Alisa Baranovska,Alisa Baranovska,861,28,https://api.wtatennis.com/tennis/players/ranked?page=8&pageSize=100&type=rankSingles&sort=asc&metric=SINGLES&at=2025-02-03&name=&nationality=,2026-03-22T00:44:25Z
wta,2025-02-03,330700,Sarah Tatu,Sarah Tatu,862,28,https://api.wtatennis.com/tennis/players/ranked?page=8&pageSize=100&type=rankSingles&sort=asc&metric=SINGLES&at=2025-02-03&name=&nationality=,2026-03-22T00:44:25Z
wta,2025-02-03,316808,Basak Eraydin,Basak Eraydin,863,28,https://api.wtatennis.com/tennis/players/ranked?page=8&pageSize=100&type=rankSingles&sort=asc&metric=SINGLES&at=2025-02-03&name=&nationality=,2026-03-22T00:44:25Z
wta,2025-02-03,333796,Ruirui Zou,Ruirui Zou,864,28,https://api.wtatennis.com/tennis/players/ranked?page=8&pageSize=100&type=rankSingles&sort=asc&metric=SINGLES&at=2025-02-03&name=&nationality=,2026-03-22T00:44:25Z
wta,2025-02-03,325831,Lilian Poling,Lilian Poling,865,28,https://api.wtatennis.com/tennis/players/ranked?page=8&pageSize=100&type=rankSingles&sort=asc&metric=SINGLES&at=2025-02-03&name=&nationality=,2026-03-22T00:44:25Z
wta,2025-02-03,325792,Jessica Bertoldo,Jessica Bertoldo,866,28,https://api.wtatennis.com/tennis/players/ranked?page=8&pageSize=100&type=rankSingles&sort=asc&metric=SINGLES&at=2025-02-03&name=&nationality=,2026-03-22T00:44:25Z
wta,2025-02-03,328316,Camilla Bossi,Camilla Bossi,867,28,https://api.wtatennis.com/tennis/players/ranked?page=8&pageSize=100&type=rankSingles&sort=asc&metric=SINGLES&at=2025-02-03&name=&nationality=,2026-03-22T00:44:25Z
wta,2025-02-03,329910,Anika Jaskova,Anika Jaskova,868,28,https://api.wtatennis.com/tennis/players/ranked?page=8&pageSize=100&type=rankSingles&sort=asc&metric=SINGLES&at=2025-02-03&name=&nationality=,2026-03-22T00:44:25Z
wta,2025-02-03,327206,Amanda Nava Elkin,Amanda Nava Elkin,869,28,https://api.wtatennis.com/tennis/players/ranked?page=8&pageSize=100&type=rankSingles&sort=asc&metric=SINGLES&at=2025-02-03&name=&nationality=,2026-03-22T00:44:25Z
wta,2025-02-03,314320,Simona Halep,Simona Halep,870,27,https://api.wtatennis.com/tennis/players/ranked?page=8&pageSize=100&type=rankSingles&sort=asc&metric=SINGLES&at=2025-02-03&name=&nationality=,2026-03-22T00:44:25Z
wta,2025-02-03,319465,Eden Silva,Eden Silva,871,27,https://api.wtatennis.com/tennis/players/ranked?page=8&pageSize=100&type=rankSingles&sort=asc&metric=SINGLES&at=2025-02-03&name=&nationality=,2026-03-22T00:44:25Z
wta,2025-02-03,332661,Tahlia Kokkinis,Tahlia Kokkinis,872,27,https://api.wtatennis.com/tennis/players/ranked?page=8&pageSize=100&type=rankSingles&sort=asc&metric=SINGLES&at=2025-02-03&name=&nationality=,2026-03-22T00:44:25Z
wta,2025-02-03,329683,Dana Guzman,Dana Guzman,873,27,https://api.wtatennis.com/tennis/players/ranked?page=8&pageSize=100&type=rankSingles&sort=asc&metric=SINGLES&at=2025-02-03&name=&nationality=,2026-03-22T00:44:25Z
wta,2025-02-03,326183,Elysia Bolton,Elysia Bolton,874,27,https://api.wtatennis.com/tennis/players/ranked?page=8&pageSize=100&type=rankSingles&sort=asc&metric=SINGLES&at=2025-02-03&name=&nationality=,2026-03-22T00:44:25Z
wta,2025-02-03,325773,Lauryn John-Baptiste,Lauryn John-Baptiste,875,27,https://api.wtatennis.com/tennis/players/ranked?page=8&pageSize=100&type=rankSingles&sort=asc&metric=SINGLES&at=2025-02-03&name=&nationality=,2026-03-22T00:44:25Z
wta,2025-02-03,332512,Tianmi Mi,Tianmi Mi,876,27,https://api.wtatennis.com/tennis/players/ranked?page=8&pageSize=100&type=rankSingles&sort=asc&metric=SINGLES&at=2025-02-03&name=&nationality=,2026-03-22T00:44:25Z
wta,2025-02-03,321903,Alicia Smith,Alicia Smith,877,27,https://api.wtatennis.com/tennis/players/ranked?page=8&pageSize=100&type=rankSingles&sort=asc&metric=SINGLES&at=2025-02-03&name=&nationality=,2026-03-22T00:44:25Z
wta,2025-02-03,319587,Kanako Morisaki,Kanako Morisaki,878,27,https://api.wtatennis.com/tennis/players/ranked?page=8&pageSize=100&type=rankSingles&sort=asc&metric=SINGLES&at=2025-02-03&name=&nationality=,2026-03-22T00:44:25Z
wta,2025-02-03,326039,Federica Sacco,Federica Sacco,879,27,https://api.wtatennis.com/tennis/players/ranked?page=8&pageSize=100&type=rankSingles&sort=asc&metric=SINGLES&at=2025-02-03&name=&nationality=,2026-03-22T00:44:25Z
wta,2025-02-03,327672,Nicole Rivkin,Nicole Rivkin,880,27,https://api.wtatennis.com/tennis/players/ranked?page=8&pageSize=100&type=rankSingles&sort=asc&metric=SINGLES&at=2025-02-03&name=&nationality=,2026-03-22T00:44:25Z
wta,2025-02-03,323170,Mila Masic,Mila Masic,881,27,https://api.wtatennis.com/tennis/players/ranked?page=8&pageSize=100&type=rankSingles&sort=asc&metric=SINGLES&at=2025-02-03&name=&nationality=,2026-03-22T00:44:25Z
wta,2025-02-03,329264,Maria Martinez Vaquero,Maria Martinez Vaquero,882,27,https://api.wtatennis.com/tennis/players/ranked?page=8&pageSize=100&type=rankSingles&sort=asc&metric=SINGLES&at=2025-02-03&name=&nationality=,2026-03-22T00:44:25Z
wta,2025-02-03,327726,Karolina Vlckova,Karolina Vlckova,883,27,https://api.wtatennis.com/tennis/players/ranked?page=8&pageSize=100&type=rankSingles&sort=asc&metric=SINGLES&at=2025-02-03&name=&nationality=,2026-03-22T00:44:25Z
wta,2025-02-03,331136,Yelyzaveta Kotliar,Yelyzaveta Kotliar,883,27,https://api.wtatennis.com/tennis/players/ranked?page=8&pageSize=100&type=rankSingles&sort=asc&metric=SINGLES&at=2025-02-03&name=&nationality=,2026-03-22T00:44:25Z
wta,2025-02-03,331405,Antonia Vergara Rivera,Antonia Vergara Rivera,885,26,https://api.wtatennis.com/tennis/players/ranked?page=8&pageSize=100&type=rankSingles&sort=asc&metric=SINGLES&at=2025-02-03&name=&nationality=,2026-03-22T00:44:25Z
wta,2025-02-03,329123,Allura Zamarripa,Allura Zamarripa,886,26,https://api.wtatennis.com/tennis/players/ranked?page=8&pageSize=100&type=rankSingles&sort=asc&metric=SINGLES&at=2025-02-03&name=&nationality=,2026-03-22T00:44:25Z
wta,2025-02-03,330906,Edda Mamedova,Edda Mamedova,887,26,https://api.wtatennis.com/tennis/players/ranked?page=8&pageSize=100&type=rankSingles&sort=asc&metric=SINGLES&at=2025-02-03&name=&nationality=,2026-03-22T00:44:25Z
wta,2025-02-03,334791,Teodora Kostovic,Teodora Kostovic,888,26,https://api.wtatennis.com/tennis/players/ranked?page=8&pageSize=100&type=rankSingles&sort=asc&metric=SINGLES&at=2025-02-03&name=&nationality=,2026-03-22T00:44:25Z
wta,2025-02-03,331870,Helena Buchwald,Helena Buchwald,889,26,https://api.wtatennis.com/tennis/players/ranked?page=8&pageSize=100&type=rankSingles&sort=asc&metric=SINGLES&at=2025-02-03&name=&nationality=,2026-03-22T00:44:25Z
wta,2025-02-03,332353,Tanisha Kashyap,Tanisha Kashyap,890,26,https://api.wtatennis.com/tennis/players/ranked?page=8&pageSize=100&type=rankSingles&sort=asc&metric=SINGLES&at=2025-02-03&name=&nationality=,2026-03-22T00:44:25Z
wta,2025-02-03,330895,Sandugash Kenzhibayeva,Sandugash Kenzhibayeva,891,26,https://api.wtatennis.com/tennis/players/ranked?page=8&pageSize=100&type=rankSingles&sort=asc&metric=SINGLES&at=2025-02-03&name=&nationality=,2026-03-22T00:44:25Z
wta,2025-02-03,320986,Naima Karamoko,Naima Karamoko,892,26,https://api.wtatennis.com/tennis/players/ranked?page=8&pageSize=100&type=rankSingles&sort=asc&metric=SINGLES&at=2025-02-03&name=&nationality=,2026-03-22T00:44:25Z
wta,2025-02-03,331255,Brandy Walker,Brandy Walker,893,26,https://api.wtatennis.com/tennis/players/ranked?page=8&pageSize=100&type=rankSingles&sort=asc&metric=SINGLES&at=2025-02-03&name=&nationality=,2026-03-22T00:44:25Z
wta,2025-02-03,318461,Laura Svatikova,Laura Svatikova,894,26,https://api.wtatennis.com/tennis/players/ranked?page=8&pageSize=100&type=rankSingles&sort=asc&metric=SINGLES&at=2025-02-03&name=&nationality=,2026-03-22T00:44:25Z
wta,2025-02-03,330550,Viola Turini,Viola Turini,895,26,https://api.wtatennis.com/tennis/players/ranked?page=8&pageSize=100&type=rankSingles&sort=asc&metric=SINGLES&at=2025-02-03&name=&nationality=,2026-03-22T00:44:25Z
wta,2025-02-03,330346,Luana Plaza Araujo,Luana Plaza Araujo,896,26,https://api.wtatennis.com/tennis/players/ranked?page=8&pageSize=100&type=rankSingles&sort=asc&metric=SINGLES&at=2025-02-03&name=&nationality=,2026-03-22T00:44:25Z
wta,2025-02-03,328482,Chiara Girelli,Chiara Girelli,897,26,https://api.wtatennis.com/tennis/players/ranked?page=8&pageSize=100&type=rankSingles&sort=asc&metric=SINGLES&at=2025-02-03&name=&nationality=,2026-03-22T00:44:25Z
wta,2025-02-03,319731,Anna Danilina,Anna Danilina,898,25,https://api.wtatennis.com/tennis/players/ranked?page=8&pageSize=100&type=rankSingles&sort=asc&metric=SINGLES&at=2025-02-03&name=&nationality=,2026-03-22T00:44:25Z
wta,2025-02-03,323582,Fernanda Contreras,Fernanda Contreras,899,25,https://api.wtatennis.com/tennis/players/ranked?page=8&pageSize=100&type=rankSingles&sort=asc&metric=SINGLES&at=2025-02-03&name=&nationality=,2026-03-22T00:44:25Z
wta,2025-02-03,333898,Yujin Kim,Yujin Kim,900,25,https://api.wtatennis.com/tennis/players/ranked?page=8&pageSize=100&type=rankSingles&sort=asc&metric=SINGLES&at=2025-02-03&name=&nationality=,2026-03-22T00:44:25Z
wta,2025-02-03,335375,Kristina Kroitor,Kristina Kroitor,901,25,https://api.wtatennis.com/tennis/players/ranked?page=9&pageSize=100&type=rankSingles&sort=asc&metric=SINGLES&at=2025-02-03&name=&nationality=,2026-03-22T00:44:25Z
wta,2025-02-03,317771,Rebecca Peterson,Rebecca Peterson,902,25,https://api.wtatennis.com/tennis/players/ranked?page=9&pageSize=100&type=rankSingles&sort=asc&metric=SINGLES&at=2025-02-03&name=&nationality=,2026-03-22T00:44:25Z
wta,2025-02-03,331043,Ekaterina Khayrutdinova,Ekaterina Khayrutdinova,903,25,https://api.wtatennis.com/tennis/players/ranked?page=9&pageSize=100&type=rankSingles&sort=asc&metric=SINGLES&at=2025-02-03&name=&nationality=,2026-03-22T00:44:25Z
wta,2025-02-03,330574,Noemi Basiletti,Noemi Basiletti,904,25,https://api.wtatennis.com/tennis/players/ranked?page=9&pageSize=100&type=rankSingles&sort=asc&metric=SINGLES&at=2025-02-03&name=&nationality=,2026-03-22T00:44:25Z
wta,2025-02-03,321407,Mary Lewis,Mary Lewis,905,25,https://api.wtatennis.com/tennis/players/ranked?page=9&pageSize=100&type=rankSingles&sort=asc&metric=SINGLES&at=2025-02-03&name=&nationality=,2026-03-22T00:44:25Z
wta,2025-02-03,334622,Varvara Panshina,Varvara Panshina,906,25,https://api.wtatennis.com/tennis/players/ranked?page=9&pageSize=100&type=rankSingles&sort=asc&metric=SINGLES&at=2025-02-03&name=&nationality=,2026-03-22T00:44:25Z
wta,2025-02-03,325430,Belle Thompson,Belle Thompson,907,25,https://api.wtatennis.com/tennis/players/ranked?page=9&pageSize=100&type=rankSingles&sort=asc&metric=SINGLES&at=2025-02-03&name=&nationality=,2026-03-22T00:44:25Z
wta,2025-02-03,333587,Yingqun Sun,Yingqun Sun,908,25,https://api.wtatennis.com/tennis/players/ranked?page=9&pageSize=100&type=rankSingles&sort=asc&metric=SINGLES&at=2025-02-03&name=&nationality=,2026-03-22T00:44:25Z
wta,2025-02-03,330408,Chloe Noel,Chloe Noel,909,25,https://api.wtatennis.com/tennis/players/ranked?page=9&pageSize=100&type=rankSingles&sort=asc&metric=SINGLES&at=2025-02-03&name=&nationality=,2026-03-22T00:44:25Z
wta,2025-02-03,331420,Tilde Stromquist,Tilde Stromquist,910,25,https://api.wtatennis.com/tennis/players/ranked?page=9&pageSize=100&type=rankSingles&sort=asc&metric=SINGLES&at=2025-02-03&name=&nationality=,2026-03-22T00:44:25Z
wta,2025-02-03,331597,Onyu Choi,Onyu Choi,911,25,https://api.wtatennis.com/tennis/players/ranked?page=9&pageSize=100&type=rankSingles&sort=asc&metric=SINGLES&at=2025-02-03&name=&nationality=,2026-03-22T00:44:25Z
wta,2025-02-03,315134,Ema Burgic,Ema Burgic,912,25,https://api.wtatennis.com/tennis/players/ranked?page=9&pageSize=100&type=rankSingles&sort=asc&metric=SINGLES&at=2025-02-03&name=&nationality=,2026-03-22T00:44:25Z
wta,2025-02-03,326663,Bronte Murgett,Bronte Murgett,913,25,https://api.wtatennis.com/tennis/players/ranked?page=9&pageSize=100&type=rankSingles&sort=asc&metric=SINGLES&at=2025-02-03&name=&nationality=,2026-03-22T00:44:25Z
wta,2025-02-03,330407,Astrid Cirotte,Astrid Cirotte,914,25,https://api.wtatennis.com/tennis/players/ranked?page=9&pageSize=100&type=rankSingles&sort=asc&metric=SINGLES&at=2025-02-03&name=&nationality=,2026-03-22T00:44:25Z
wta,2025-02-03,327345,Judith Perello Saavedra,Judith Perello Saavedra,915,25,https://api.wtatennis.com/tennis/players/ranked?page=9&pageSize=100&type=rankSingles&sort=asc&metric=SINGLES&at=2025-02-03&name=&nationality=,2026-03-22T00:44:25Z
wta,2025-02-03,327711,Jimar Gerald Gonzalez,Jimar Gerald Gonzalez,916,24,https://api.wtatennis.com/tennis/players/ranked?page=9&pageSize=100&type=rankSingles&sort=asc&metric=SINGLES&at=2025-02-03&name=&nationality=,2026-03-22T00:44:25Z
wta,2025-02-03,327137,Sofia Rojas,Sofia Rojas,917,24,https://api.wtatennis.com/tennis/players/ranked?page=9&pageSize=100&type=rankSingles&sort=asc&metric=SINGLES&at=2025-02-03&name=&nationality=,2026-03-22T00:44:25Z
wta,2025-02-03,326332,Nikola Breckova,Nikola Breckova,917,24,https://api.wtatennis.com/tennis/players/ranked?page=9&pageSize=100&type=rankSingles&sort=asc&metric=SINGLES&at=2025-02-03&name=&nationality=,2026-03-22T00:44:25Z
wta,2025-02-03,326053,Stefania Rogozinska Dzik,Stefania Rogozinska Dzik,919,24,https://api.wtatennis.com/tennis/players/ranked?page=9&pageSize=100&type=rankSingles&sort=asc&metric=SINGLES&at=2025-02-03&name=&nationality=,2026-03-22T00:44:25Z
wta,2025-02-03,328840,Alexandra Vasilyeva,Alexandra Vasilyeva,920,24,https://api.wtatennis.com/tennis/players/ranked?page=9&pageSize=100&type=rankSingles&sort=asc&metric=SINGLES&at=2025-02-03&name=&nationality=,2026-03-22T00:44:25Z
wta,2025-02-03,318338,Pauline Payet,Pauline Payet,921,24,https://api.wtatennis.com/tennis/players/ranked?page=9&pageSize=100&type=rankSingles&sort=asc&metric=SINGLES&at=2025-02-03&name=&nationality=,2026-03-22T00:44:25Z
wta,2025-02-03,329444,Esther Adeshina,Esther Adeshina,922,24,https://api.wtatennis.com/tennis/players/ranked?page=9&pageSize=100&type=rankSingles&sort=asc&metric=SINGLES&at=2025-02-03&name=&nationality=,2026-03-22T00:44:25Z
wta,2025-02-03,329609,Sylvie Zund,Sylvie Zund,923,24,https://api.wtatennis.com/tennis/players/ranked?page=9&pageSize=100&type=rankSingles&sort=asc&metric=SINGLES&at=2025-02-03&name=&nationality=,2026-03-22T00:44:25Z
wta,2025-02-03,311859,Vlada Ekshibarova,Vlada Ekshibarova,924,24,https://api.wtatennis.com/tennis/players/ranked?page=9&pageSize=100&type=rankSingles&sort=asc&metric=SINGLES&at=2025-02-03&name=&nationality=,2026-03-22T00:44:25Z
wta,2025-02-03,324555,Anastasia Sukhotina,Anastasia Sukhotina,925,24,https://api.wtatennis.com/tennis/players/ranked?page=9&pageSize=100&type=rankSingles&sort=asc&metric=SINGLES&at=2025-02-03&name=&nationality=,2026-03-22T00:44:25Z
wta,2025-02-03,328722,Alexandra Iordache,Alexandra Iordache,926,24,https://api.wtatennis.com/tennis/players/ranked?page=9&pageSize=100&type=rankSingles&sort=asc&metric=SINGLES&at=2025-02-03&name=&nationality=,2026-03-22T00:44:25Z
wta,2025-02-03,324486,Holly Hutchinson,Holly Hutchinson,927,24,https://api.wtatennis.com/tennis/players/ranked?page=9&pageSize=100&type=rankSingles&sort=asc&metric=SINGLES&at=2025-02-03&name=&nationality=,2026-03-22T00:44:25Z
wta,2025-02-03,332016,Dunja Maric,Dunja Maric,928,24,https://api.wtatennis.com/tennis/players/ranked?page=9&pageSize=100&type=rankSingles&sort=asc&metric=SINGLES&at=2025-02-03&name=&nationality=,2026-03-22T00:44:25Z
wta,2025-02-03,328642,Nanari Katsumi,Nanari Katsumi,929,24,https://api.wtatennis.com/tennis/players/ranked?page=9&pageSize=100&type=rankSingles&sort=asc&metric=SINGLES&at=2025-02-03&name=&nationality=,2026-03-22T00:44:25Z
wta,2025-02-03,330593,Aruzhan Sagandykova,Aruzhan Sagandykova,930,24,https://api.wtatennis.com/tennis/players/ranked?page=9&pageSize=100&type=rankSingles&sort=asc&metric=SINGLES&at=2025-02-03&name=&nationality=,2026-03-22T00:44:25Z
wta,2025-02-03,328727,Jada Bui,Jada Bui,931,24,https://api.wtatennis.com/tennis/players/ranked?page=9&pageSize=100&type=rankSingles&sort=asc&metric=SINGLES&at=2025-02-03&name=&nationality=,2026-03-22T00:44:25Z
wta,2025-02-03,324673,Maria Toma,Maria Toma,932,24,https://api.wtatennis.com/tennis/players/ranked?page=9&pageSize=100&type=rankSingles&sort=asc&metric=SINGLES&at=2025-02-03&name=&nationality=,2026-03-22T00:44:25Z
wta,2025-02-03,331116,Aglaya Fedorova,Aglaya Fedorova,933,24,https://api.wtatennis.com/tennis/players/ranked?page=9&pageSize=100&type=rankSingles&sort=asc&metric=SINGLES&at=2025-02-03&name=&nationality=,2026-03-22T00:44:25Z
wta,2025-02-03,334245,Natalia Sousa Salazar,Natalia Sousa Salazar,934,24,https://api.wtatennis.com/tennis/players/ranked?page=9&pageSize=100&type=rankSingles&sort=asc&metric=SINGLES&at=2025-02-03&name=&nationality=,2026-03-22T00:44:25Z
wta,2025-02-03,327245,Alexa Noel,Alexa Noel,935,23,https://api.wtatennis.com/tennis/players/ranked?page=9&pageSize=100&type=rankSingles&sort=asc&metric=SINGLES&at=2025-02-03&name=&nationality=,2026-03-22T00:44:25Z
wta,2025-02-03,318790,Ana Filipa Santos,Ana Filipa Santos,936,23,https://api.wtatennis.com/tennis/players/ranked?page=9&pageSize=100&type=rankSingles&sort=asc&metric=SINGLES&at=2025-02-03&name=&nationality=,2026-03-22T00:44:25Z
wta,2025-02-03,332634,Gaeul Jang,Gaeul Jang,937,23,https://api.wtatennis.com/tennis/players/ranked?page=9&pageSize=100&type=rankSingles&sort=asc&metric=SINGLES&at=2025-02-03&name=&nationality=,2026-03-22T00:44:25Z
wta,2025-02-03,324961,Yi-Tsen Cho,Yi-Tsen Cho,938,23,https://api.wtatennis.com/tennis/players/ranked?page=9&pageSize=100&type=rankSingles&sort=asc&metric=SINGLES&at=2025-02-03&name=&nationality=,2026-03-22T00:44:25Z
wta,2025-02-03,329595,Gabriella Broadfoot,Gabriella Broadfoot,939,23,https://api.wtatennis.com/tennis/players/ranked?page=9&pageSize=100&type=rankSingles&sort=asc&metric=SINGLES&at=2025-02-03&name=&nationality=,2026-03-22T00:44:25Z
wta,2025-02-03,329203,Laia Petretic,Laia Petretic,940,23,https://api.wtatennis.com/tennis/players/ranked?page=9&pageSize=100&type=rankSingles&sort=asc&metric=SINGLES&at=2025-02-03&name=&nationality=,2026-03-22T00:44:25Z
wta,2025-02-03,318210,Polina Leykina,Polina Leykina,941,23,https://api.wtatennis.com/tennis/players/ranked?page=9&pageSize=100&type=rankSingles&sort=asc&metric=SINGLES&at=2025-02-03&name=&nationality=,2026-03-22T00:44:25Z
wta,2025-02-03,310053,Su-Wei Hsieh,Su-Wei Hsieh,942,22,https://api.wtatennis.com/tennis/players/ranked?page=9&pageSize=100&type=rankSingles&sort=asc&metric=SINGLES&at=2025-02-03&name=&nationality=,2026-03-22T00:44:25Z
wta,2025-02-03,329429,Julia Garcia Ruiz,Julia Garcia Ruiz,943,22,https://api.wtatennis.com/tennis/players/ranked?page=9&pageSize=100&type=rankSingles&sort=asc&metric=SINGLES&at=2025-02-03&name=&nationality=,2026-03-22T00:44:25Z
wta,2025-02-03,330342,Ela Milic,Ela Milic,944,22,https://api.wtatennis.com/tennis/players/ranked?page=9&pageSize=100&type=rankSingles&sort=asc&metric=SINGLES&at=2025-02-03&name=&nationality=,2026-03-22T00:44:25Z
wta,2025-02-03,333927,Eva Bennemann,Eva Bennemann,945,22,https://api.wtatennis.com/tennis/players/ranked?page=9&pageSize=100&type=rankSingles&sort=asc&metric=SINGLES&at=2025-02-03&name=&nationality=,2026-03-22T00:44:25Z
wta,2025-02-03,327227,Anna Ureke,Anna Ureke,946,22,https://api.wtatennis.com/tennis/players/ranked?page=9&pageSize=100&type=rankSingles&sort=asc&metric=SINGLES&at=2025-02-03&name=&nationality=,2026-03-22T00:44:25Z
wta,2025-02-03,332239,Alexia Iulia Marginean,Alexia Iulia Marginean,947,22,https://api.wtatennis.com/tennis/players/ranked?page=9&pageSize=100&type=rankSingles&sort=asc&metric=SINGLES&at=2025-02-03&name=&nationality=,2026-03-22T00:44:25Z
wta,2025-02-03,332210,Suana Tucakovic,Suana Tucakovic,948,22,https://api.wtatennis.com/tennis/players/ranked?page=9&pageSize=100&type=rankSingles&sort=asc&metric=SINGLES&at=2025-02-03&name=&nationality=,2026-03-22T00:44:25Z
wta,2025-02-03,314820,Sarah-Rebecca Sekulic,Sarah-Rebecca Sekulic,949,22,https://api.wtatennis.com/tennis/players/ranked?page=9&pageSize=100&type=rankSingles&sort=asc&metric=SINGLES&at=2025-02-03&name=&nationality=,2026-03-22T00:44:25Z
wta,2025-02-03,324433,Zoe Hitt,Zoe Hitt,950,22,https://api.wtatennis.com/tennis/players/ranked?page=9&pageSize=100&type=rankSingles&sort=asc&metric=SINGLES&at=2025-02-03&name=&nationality=,2026-03-22T00:44:25Z
wta,2025-02-03,331358,Fang An Lin,Fang An Lin,951,22,https://api.wtatennis.com/tennis/players/ranked?page=9&pageSize=100&type=rankSingles&sort=asc&metric=SINGLES&at=2025-02-03&name=&nationality=,2026-03-22T00:44:25Z
wta,2025-02-03,328438,Yasmin Ezzat,Yasmin Ezzat,952,22,https://api.wtatennis.com/tennis/players/ranked?page=9&pageSize=100&type=rankSingles&sort=asc&metric=SINGLES&at=2025-02-03&name=&nationality=,2026-03-22T00:44:25Z
wta,2025-02-03,311117,Dia Evtimova,Dia Evtimova,953,22,https://api.wtatennis.com/tennis/players/ranked?page=9&pageSize=100&type=rankSingles&sort=asc&metric=SINGLES&at=2025-02-03&name=&nationality=,2026-03-22T00:44:25Z
wta,2025-02-03,328578,Darya Astakhova,Darya Astakhova,954,21,https://api.wtatennis.com/tennis/players/ranked?page=9&pageSize=100&type=rankSingles&sort=asc&metric=SINGLES&at=2025-02-03&name=&nationality=,2026-03-22T00:44:25Z
wta,2025-02-03,321216,Jessica Hinojosa Gomez,Jessica Hinojosa Gomez,955,21,https://api.wtatennis.com/tennis/players/ranked?page=9&pageSize=100&type=rankSingles&sort=asc&metric=SINGLES&at=2025-02-03&name=&nationality=,2026-03-22T00:44:25Z
wta,2025-02-03,330848,Sara Svetac,Sara Svetac,956,21,https://api.wtatennis.com/tennis/players/ranked?page=9&pageSize=100&type=rankSingles&sort=asc&metric=SINGLES&at=2025-02-03&name=&nationality=,2026-03-22T00:44:25Z
wta,2025-02-03,333616,Charo Esquiva Banuls,Charo Esquiva Banuls,957,21,https://api.wtatennis.com/tennis/players/ranked?page=9&pageSize=100&type=rankSingles&sort=asc&metric=SINGLES&at=2025-02-03&name=&nationality=,2026-03-22T00:44:25Z
wta,2025-02-03,332107,Alyssa Ahn,Alyssa Ahn,958,21,https://api.wtatennis.com/tennis/players/ranked?page=9&pageSize=100&type=rankSingles&sort=asc&metric=SINGLES&at=2025-02-03&name=&nationality=,2026-03-22T00:44:25Z
wta,2025-02-03,318985,Rhiann Newborn,Rhiann Newborn,959,21,https://api.wtatennis.com/tennis/players/ranked?page=9&pageSize=100&type=rankSingles&sort=asc&metric=SINGLES&at=2025-02-03&name=&nationality=,2026-03-22T00:44:25Z
wta,2025-02-03,334931,Jahnie Van Zyl,Jahnie Van Zyl,960,21,https://api.wtatennis.com/tennis/players/ranked?page=9&pageSize=100&type=rankSingles&sort=asc&metric=SINGLES&at=2025-02-03&name=&nationality=,2026-03-22T00:44:25Z
wta,2025-02-03,330956,Mao Mushika,Mao Mushika,961,21,https://api.wtatennis.com/tennis/players/ranked?page=9&pageSize=100&type=rankSingles&sort=asc&metric=SINGLES&at=2025-02-03&name=&nationality=,2026-03-22T00:44:25Z
wta,2025-02-03,314058,Tori Kinard,Tori Kinard,962,21,https://api.wtatennis.com/tennis/players/ranked?page=9&pageSize=100&type=rankSingles&sort=asc&metric=SINGLES&at=2025-02-03&name=&nationality=,2026-03-22T00:44:25Z
wta,2025-02-03,332202,Rose Marie Nijkamp,Rose Marie Nijkamp,963,21,https://api.wtatennis.com/tennis/players/ranked?page=9&pageSize=100&type=rankSingles&sort=asc&metric=SINGLES&at=2025-02-03&name=&nationality=,2026-03-22T00:44:25Z
wta,2025-02-03,332420,Jana Otzipka,Jana Otzipka,964,21,https://api.wtatennis.com/tennis/players/ranked?page=9&pageSize=100&type=rankSingles&sort=asc&metric=SINGLES&at=2025-02-03&name=&nationality=,2026-03-22T00:44:25Z
wta,2025-02-03,315301,Alizé Lim,Alizé Lim,965,21,https://api.wtatennis.com/tennis/players/ranked?page=9&pageSize=100&type=rankSingles&sort=asc&metric=SINGLES&at=2025-02-03&name=&nationality=,2026-03-22T00:44:25Z
wta,2025-02-03,324752,Yui Chikaraishi,Yui Chikaraishi,966,21,https://api.wtatennis.com/tennis/players/ranked?page=9&pageSize=100&type=rankSingles&sort=asc&metric=SINGLES&at=2025-02-03&name=&nationality=,2026-03-22T00:44:25Z
wta,2025-02-03,326209,Kristina Novak,Kristina Novak,967,21,https://api.wtatennis.com/tennis/players/ranked?page=9&pageSize=100&type=rankSingles&sort=asc&metric=SINGLES&at=2025-02-03&name=&nationality=,2026-03-22T00:44:25Z
wta,2025-02-03,325655,Valeriia Olianovskaia,Valeriia Olianovskaia,968,21,https://api.wtatennis.com/tennis/players/ranked?page=9&pageSize=100&type=rankSingles&sort=asc&metric=SINGLES&at=2025-02-03&name=&nationality=,2026-03-22T00:44:25Z
wta,2025-02-03,331260,Xichen Zhao,Xichen Zhao,969,21,https://api.wtatennis.com/tennis/players/ranked?page=9&pageSize=100&type=rankSingles&sort=asc&metric=SINGLES&at=2025-02-03&name=&nationality=,2026-03-22T00:44:25Z
wta,2025-02-03,334897,Margaux Maquet,Margaux Maquet,970,21,https://api.wtatennis.com/tennis/players/ranked?page=9&pageSize=100&type=rankSingles&sort=asc&metric=SINGLES&at=2025-02-03&name=&nationality=,2026-03-22T00:44:25Z
wta,2025-02-03,332505,Valerie Glozman,Valerie Glozman,971,20,https://api.wtatennis.com/tennis/players/ranked?page=9&pageSize=100&type=rankSingles&sort=asc&metric=SINGLES&at=2025-02-03&name=&nationality=,2026-03-22T00:44:25Z
wta,2025-02-03,230220,Venus Williams,Venus Williams,972,20,https://api.wtatennis.com/tennis/players/ranked?page=9&pageSize=100&type=rankSingles&sort=asc&metric=SINGLES&at=2025-02-03&name=&nationality=,2026-03-22T00:44:25Z
wta,2025-02-03,333011,Alana Subasic,Alana Subasic,973,20,https://api.wtatennis.com/tennis/players/ranked?page=9&pageSize=100&type=rankSingles&sort=asc&metric=SINGLES&at=2025-02-03&name=&nationality=,2026-03-22T00:44:25Z
wta,2025-02-03,331426,Nellie Taraba Wallberg,Nellie Taraba Wallberg,974,20,https://api.wtatennis.com/tennis/players/ranked?page=9&pageSize=100&type=rankSingles&sort=asc&metric=SINGLES&at=2025-02-03&name=&nationality=,2026-03-22T00:44:25Z
wta,2025-02-03,330389,Raquel Gonzalez Vilar,Raquel Gonzalez Vilar,975,20,https://api.wtatennis.com/tennis/players/ranked?page=9&pageSize=100&type=rankSingles&sort=asc&metric=SINGLES&at=2025-02-03&name=&nationality=,2026-03-22T00:44:25Z
wta,2025-02-03,331063,Clarissa Blomqvist,Clarissa Blomqvist,976,20,https://api.wtatennis.com/tennis/players/ranked?page=9&pageSize=100&type=rankSingles&sort=asc&metric=SINGLES&at=2025-02-03&name=&nationality=,2026-03-22T00:44:25Z
wta,2025-02-03,333457,Yuno Kitahara,Yuno Kitahara,977,20,https://api.wtatennis.com/tennis/players/ranked?page=9&pageSize=100&type=rankSingles&sort=asc&metric=SINGLES&at=2025-02-03&name=&nationality=,2026-03-22T00:44:25Z
wta,2025-02-03,333645,Anastasia Bertacchi,Anastasia Bertacchi,978,20,https://api.wtatennis.com/tennis/players/ranked?page=9&pageSize=100&type=rankSingles&sort=asc&metric=SINGLES&at=2025-02-03&name=&nationality=,2026-03-22T00:44:25Z
wta,2025-02-03,331123,Carolann Delaunay,Carolann Delaunay,979,20,https://api.wtatennis.com/tennis/players/ranked?page=9&pageSize=100&type=rankSingles&sort=asc&metric=SINGLES&at=2025-02-03&name=&nationality=,2026-03-22T00:44:25Z
wta,2025-02-03,332961,Laura Cilekova,Laura Cilekova,980,20,https://api.wtatennis.com/tennis/players/ranked?page=9&pageSize=100&type=rankSingles&sort=asc&metric=SINGLES&at=2025-02-03&name=&nationality=,2026-03-22T00:44:25Z
wta,2025-02-03,328145,Danielle Daley,Danielle Daley,981,20,https://api.wtatennis.com/tennis/players/ranked?page=9&pageSize=100&type=rankSingles&sort=asc&metric=SINGLES&at=2025-02-03&name=&nationality=,2026-03-22T00:44:25Z
wta,2025-02-03,324747,Ana Giraldi Requena,Ana Giraldi Requena,982,20,https://api.wtatennis.com/tennis/players/ranked?page=9&pageSize=100&type=rankSingles&sort=asc&metric=SINGLES&at=2025-02-03&name=&nationality=,2026-03-22T00:44:25Z
wta,2025-02-03,321292,Katarina Jokic,Katarina Jokic,983,19,https://api.wtatennis.com/tennis/players/ranked?page=9&pageSize=100&type=rankSingles&sort=asc&metric=SINGLES&at=2025-02-03&name=&nationality=,2026-03-22T00:44:25Z
wta,2025-02-03,331966,Carolina  Bohrer Martins,Carolina  Bohrer Martins,984,19,https://api.wtatennis.com/tennis/players/ranked?page=9&pageSize=100&type=rankSingles&sort=asc&metric=SINGLES&at=2025-02-03&name=&nationality=,2026-03-22T00:44:25Z
wta,2025-02-03,328648,Savannah Broadus,Savannah Broadus,985,19,https://api.wtatennis.com/tennis/players/ranked?page=9&pageSize=100&type=rankSingles&sort=asc&metric=SINGLES&at=2025-02-03&name=&nationality=,2026-03-22T00:44:25Z
wta,2025-02-03,330512,Maria Garcia Cid,Maria Garcia Cid,986,19,https://api.wtatennis.com/tennis/players/ranked?page=9&pageSize=100&type=rankSingles&sort=asc&metric=SINGLES&at=2025-02-03&name=&nationality=,2026-03-22T00:44:25Z
wta,2025-02-03,330983,Chelsea Fontenel,Chelsea Fontenel,987,19,https://api.wtatennis.com/tennis/players/ranked?page=9&pageSize=100&type=rankSingles&sort=asc&metric=SINGLES&at=2025-02-03&name=&nationality=,2026-03-22T00:44:25Z
wta,2025-02-03,327378,Adithya Karunaratne,Adithya Karunaratne,988,19,https://api.wtatennis.com/tennis/players/ranked?page=9&pageSize=100&type=rankSingles&sort=asc&metric=SINGLES&at=2025-02-03&name=&nationality=,2026-03-22T00:44:25Z
wta,2025-02-03,320244,Dabin Kim,Dabin Kim,989,19,https://api.wtatennis.com/tennis/players/ranked?page=9&pageSize=100&type=rankSingles&sort=asc&metric=SINGLES&at=2025-02-03&name=&nationality=,2026-03-22T00:44:25Z
wta,2025-02-03,334239,Tian Jialin,Tian Jialin,990,19,https://api.wtatennis.com/tennis/players/ranked?page=9&pageSize=100&type=rankSingles&sort=asc&metric=SINGLES&at=2025-02-03&name=&nationality=,2026-03-22T00:44:25Z
wta,2025-02-03,330897,Arina Arifullina,Arina Arifullina,991,19,https://api.wtatennis.com/tennis/players/ranked?page=9&pageSize=100&type=rankSingles&sort=asc&metric=SINGLES&at=2025-02-03&name=&nationality=,2026-03-22T00:44:25Z
wta,2025-02-03,320144,Leticia Garcia Vidal,Leticia Garcia Vidal,992,19,https://api.wtatennis.com/tennis/players/ranked?page=9&pageSize=100&type=rankSingles&sort=asc&metric=SINGLES&at=2025-02-03&name=&nationality=,2026-03-22T00:44:25Z
wta,2025-02-03,323970,Kisa Yoshioka,Kisa Yoshioka,993,19,https://api.wtatennis.com/tennis/players/ranked?page=9&pageSize=100&type=rankSingles&sort=asc&metric=SINGLES&at=2025-02-03&name=&nationality=,2026-03-22T00:44:25Z
wta,2025-02-03,316161,Eugenie Bouchard,Eugenie Bouchard,994,18,https://api.wtatennis.com/tennis/players/ranked?page=9&pageSize=100&type=rankSingles&sort=asc&metric=SINGLES&at=2025-02-03&name=&nationality=,2026-03-22T00:44:25Z
wta,2025-02-03,334420,Christasha Mcneil,Christasha Mcneil,995,18,https://api.wtatennis.com/tennis/players/ranked?page=9&pageSize=100&type=rankSingles&sort=asc&metric=SINGLES&at=2025-02-03&name=&nationality=,2026-03-22T00:44:25Z
wta,2025-02-03,330392,Celine Simunyu,Celine Simunyu,996,18,https://api.wtatennis.com/tennis/players/ranked?page=9&pageSize=100&type=rankSingles&sort=asc&metric=SINGLES&at=2025-02-03&name=&nationality=,2026-03-22T00:44:25Z
wta,2025-02-03,329464,Maria Torres Murcia,Maria Torres Murcia,997,18,https://api.wtatennis.com/tennis/players/ranked?page=9&pageSize=100&type=rankSingles&sort=asc&metric=SINGLES&at=2025-02-03&name=&nationality=,2026-03-22T00:44:25Z
wta,2025-02-03,325612,Sara Lanca,Sara Lanca,998,18,https://api.wtatennis.com/tennis/players/ranked?page=9&pageSize=100&type=rankSingles&sort=asc&metric=SINGLES&at=2025-02-03&name=&nationality=,2026-03-22T00:44:25Z
wta,2025-02-03,323183,I-Hsuan Cho,I-Hsuan Cho,999,18,https://api.wtatennis.com/tennis/players/ranked?page=9&pageSize=100&type=rankSingles&sort=asc&metric=SINGLES&at=2025-02-03&name=&nationality=,2026-03-22T00:44:25Z
wta,2025-02-03,323621,Johanna Silva,Johanna Silva,1000,18,https://api.wtatennis.com/tennis/players/ranked?page=9&pageSize=100&type=rankSingles&sort=asc&metric=SINGLES&at=2025-02-03&name=&nationality=,2026-03-22T00:44:25Z
wta,2025-02-03,323039,Oliwia Szymczuch,Oliwia Szymczuch,1001,18,https://api.wtatennis.com/tennis/players/ranked?page=10&pageSize=100&type=rankSingles&sort=asc&metric=SINGLES&at=2025-02-03&name=&nationality=,2026-03-22T00:44:26Z
wta,2025-02-03,323052,Astrid Brune Olsen,Astrid Brune Olsen,1002,18,https://api.wtatennis.com/tennis/players/ranked?page=10&pageSize=100&type=rankSingles&sort=asc&metric=SINGLES&at=2025-02-03&name=&nationality=,2026-03-22T00:44:26Z
wta,2025-02-03,326405,Ella Haavisto,Ella Haavisto,1003,18,https://api.wtatennis.com/tennis/players/ranked?page=10&pageSize=100&type=rankSingles&sort=asc&metric=SINGLES&at=2025-02-03&name=&nationality=,2026-03-22T00:44:26Z
wta,2025-02-03,329579,Aleksandra Zuchanska,Aleksandra Zuchanska,1004,18,https://api.wtatennis.com/tennis/players/ranked?page=10&pageSize=100&type=rankSingles&sort=asc&metric=SINGLES&at=2025-02-03&name=&nationality=,2026-03-22T00:44:26Z
wta,2025-02-03,332956,Michela Castro Zunino,Michela Castro Zunino,1005,18,https://api.wtatennis.com/tennis/players/ranked?page=10&pageSize=100&type=rankSingles&sort=asc&metric=SINGLES&at=2025-02-03&name=&nationality=,2026-03-22T00:44:26Z
wta,2025-02-03,332763,Kateryna Lazarenko,Kateryna Lazarenko,1005,18,https://api.wtatennis.com/tennis/players/ranked?page=10&pageSize=100&type=rankSingles&sort=asc&metric=SINGLES&at=2025-02-03&name=&nationality=,2026-03-22T00:44:26Z
wta,2025-02-03,324395,Ayumi Miyamoto,Ayumi Miyamoto,1007,18,https://api.wtatennis.com/tennis/players/ranked?page=10&pageSize=100&type=rankSingles&sort=asc&metric=SINGLES&at=2025-02-03&name=&nationality=,2026-03-22T00:44:26Z
wta,2025-02-03,324793,Malkia Menguene,Malkia Menguene,1008,18,https://api.wtatennis.com/tennis/players/ranked?page=10&pageSize=100&type=rankSingles&sort=asc&metric=SINGLES&at=2025-02-03&name=&nationality=,2026-03-22T00:44:26Z
wta,2025-02-03,332417,Amelia Waligora,Amelia Waligora,1009,18,https://api.wtatennis.com/tennis/players/ranked?page=10&pageSize=100&type=rankSingles&sort=asc&metric=SINGLES&at=2025-02-03&name=&nationality=,2026-03-22T00:44:26Z
wta,2025-02-03,331634,Sarah Rokusek,Sarah Rokusek,1010,18,https://api.wtatennis.com/tennis/players/ranked?page=10&pageSize=100&type=rankSingles&sort=asc&metric=SINGLES&at=2025-02-03&name=&nationality=,2026-03-22T00:44:26Z
wta,2025-02-03,328322,Hibah Shaikh,Hibah Shaikh,1011,18,https://api.wtatennis.com/tennis/players/ranked?page=10&pageSize=100&type=rankSingles&sort=asc&metric=SINGLES&at=2025-02-03&name=&nationality=,2026-03-22T00:44:26Z
wta,2025-02-03,330756,Luciana Moyano,Luciana Moyano,1012,18,https://api.wtatennis.com/tennis/players/ranked?page=10&pageSize=100&type=rankSingles&sort=asc&metric=SINGLES&at=2025-02-03&name=&nationality=,2026-03-22T00:44:26Z
wta,2025-02-03,323889,Irene Lavino,Irene Lavino,1013,18,https://api.wtatennis.com/tennis/players/ranked?page=10&pageSize=100&type=rankSingles&sort=asc&metric=SINGLES&at=2025-02-03&name=&nationality=,2026-03-22T00:44:26Z
wta,2025-02-03,327643,Maddalena Giordano,Maddalena Giordano,1014,18,https://api.wtatennis.com/tennis/players/ranked?page=10&pageSize=100&type=rankSingles&sort=asc&metric=SINGLES&at=2025-02-03&name=&nationality=,2026-03-22T00:44:26Z
wta,2025-02-03,327569,Kolie Allen,Kolie Allen,1015,18,https://api.wtatennis.com/tennis/players/ranked?page=10&pageSize=100&type=rankSingles&sort=asc&metric=SINGLES&at=2025-02-03&name=&nationality=,2026-03-22T00:44:26Z
wta,2025-02-03,332950,Eleejah Inisan,Eleejah Inisan,1016,17,https://api.wtatennis.com/tennis/players/ranked?page=10&pageSize=100&type=rankSingles&sort=asc&metric=SINGLES&at=2025-02-03&name=&nationality=,2026-03-22T00:44:26Z
wta,2025-02-03,323145,Katie Swan,Katie Swan,1017,17,https://api.wtatennis.com/tennis/players/ranked?page=10&pageSize=100&type=rankSingles&sort=asc&metric=SINGLES&at=2025-02-03&name=&nationality=,2026-03-22T00:44:26Z
wta,2025-02-03,326937,Jizel Matos Sequeira Fernandes,Jizel Matos Sequeira Fernandes,1018,17,https://api.wtatennis.com/tennis/players/ranked?page=10&pageSize=100&type=rankSingles&sort=asc&metric=SINGLES&at=2025-02-03&name=&nationality=,2026-03-22T00:44:26Z
wta,2025-02-03,324754,Yuka Hosoki,Yuka Hosoki,1019,17,https://api.wtatennis.com/tennis/players/ranked?page=10&pageSize=100&type=rankSingles&sort=asc&metric=SINGLES&at=2025-02-03&name=&nationality=,2026-03-22T00:44:26Z
wta,2025-02-03,322967,Natsuho Arakawa,Natsuho Arakawa,1020,17,https://api.wtatennis.com/tennis/players/ranked?page=10&pageSize=100&type=rankSingles&sort=asc&metric=SINGLES&at=2025-02-03&name=&nationality=,2026-03-22T00:44:26Z
wta,2025-02-03,322428,Claudia Hoste Ferrer,Claudia Hoste Ferrer,1021,17,https://api.wtatennis.com/tennis/players/ranked?page=10&pageSize=100&type=rankSingles&sort=asc&metric=SINGLES&at=2025-02-03&name=&nationality=,2026-03-22T00:44:26Z
wta,2025-02-03,318052,Rebeca Pereira,Rebeca Pereira,1022,17,https://api.wtatennis.com/tennis/players/ranked?page=10&pageSize=100&type=rankSingles&sort=asc&metric=SINGLES&at=2025-02-03&name=&nationality=,2026-03-22T00:44:26Z
wta,2025-02-03,330508,Carmen Lopez Martinez,Carmen Lopez Martinez,1023,16,https://api.wtatennis.com/tennis/players/ranked?page=10&pageSize=100&type=rankSingles&sort=asc&metric=SINGLES&at=2025-02-03&name=&nationality=,2026-03-22T00:44:26Z
wta,2025-02-03,329131,Emma Charney,Emma Charney,1024,16,https://api.wtatennis.com/tennis/players/ranked?page=10&pageSize=100&type=rankSingles&sort=asc&metric=SINGLES&at=2025-02-03&name=&nationality=,2026-03-22T00:44:26Z
wta,2025-02-03,331852,Jeline Vandromme,Jeline Vandromme,1025,16,https://api.wtatennis.com/tennis/players/ranked?page=10&pageSize=100&type=rankSingles&sort=asc&metric=SINGLES&at=2025-02-03&name=&nationality=,2026-03-22T00:44:26Z
wta,2025-02-03,321139,Fanny Ostlund,Fanny Ostlund,1026,16,https://api.wtatennis.com/tennis/players/ranked?page=10&pageSize=100&type=rankSingles&sort=asc&metric=SINGLES&at=2025-02-03&name=&nationality=,2026-03-22T00:44:26Z
wta,2025-02-03,333555,Anna Snigireva,Anna Snigireva,1027,16,https://api.wtatennis.com/tennis/players/ranked?page=10&pageSize=100&type=rankSingles&sort=asc&metric=SINGLES&at=2025-02-03&name=&nationality=,2026-03-22T00:44:26Z
wta,2025-02-03,331257,Na Dong,Na Dong,1028,16,https://api.wtatennis.com/tennis/players/ranked?page=10&pageSize=100&type=rankSingles&sort=asc&metric=SINGLES&at=2025-02-03&name=&nationality=,2026-03-22T00:44:26Z
wta,2025-02-03,320585,Alexandra Osborne,Alexandra Osborne,1029,16,https://api.wtatennis.com/tennis/players/ranked?page=10&pageSize=100&type=rankSingles&sort=asc&metric=SINGLES&at=2025-02-03&name=&nationality=,2026-03-22T00:44:26Z
wta,2025-02-03,333144,Yifan Sun,Yifan Sun,1030,16,https://api.wtatennis.com/tennis/players/ranked?page=10&pageSize=100&type=rankSingles&sort=asc&metric=SINGLES&at=2025-02-03&name=&nationality=,2026-03-22T00:44:26Z
wta,2025-02-03,333672,Jiayou Li,Jiayou Li,1031,16,https://api.wtatennis.com/tennis/players/ranked?page=10&pageSize=100&type=rankSingles&sort=asc&metric=SINGLES&at=2025-02-03&name=&nationality=,2026-03-22T00:44:26Z
wta,2025-02-03,332086,Claudia Gasparovic,Claudia Gasparovic,1032,16,https://api.wtatennis.com/tennis/players/ranked?page=10&pageSize=100&type=rankSingles&sort=asc&metric=SINGLES&at=2025-02-03&name=&nationality=,2026-03-22T00:44:26Z
wta,2025-02-03,321125,Yujin Ahn,Yujin Ahn,1033,16,https://api.wtatennis.com/tennis/players/ranked?page=10&pageSize=100&type=rankSingles&sort=asc&metric=SINGLES&at=2025-02-03&name=&nationality=,2026-03-22T00:44:26Z
wta,2025-02-03,328109,Melania Delai,Melania Delai,1034,16,https://api.wtatennis.com/tennis/players/ranked?page=10&pageSize=100&type=rankSingles&sort=asc&metric=SINGLES&at=2025-02-03&name=&nationality=,2026-03-22T00:44:26Z
wta,2025-02-03,317107,Haine Ogata,Haine Ogata,1035,16,https://api.wtatennis.com/tennis/players/ranked?page=10&pageSize=100&type=rankSingles&sort=asc&metric=SINGLES&at=2025-02-03&name=&nationality=,2026-03-22T00:44:26Z
wta,2025-02-03,331453,Anastasia Safta,Anastasia Safta,1036,16,https://api.wtatennis.com/tennis/players/ranked?page=10&pageSize=100&type=rankSingles&sort=asc&metric=SINGLES&at=2025-02-03&name=&nationality=,2026-03-22T00:44:26Z
wta,2025-02-03,317820,Makoto Ninomiya,Makoto Ninomiya,1037,15,https://api.wtatennis.com/tennis/players/ranked?page=10&pageSize=100&type=rankSingles&sort=asc&metric=SINGLES&at=2025-02-03&name=&nationality=,2026-03-22T00:44:26Z
wta,2025-02-03,314563,Tara Moore,Tara Moore,1038,15,https://api.wtatennis.com/tennis/players/ranked?page=10&pageSize=100&type=rankSingles&sort=asc&metric=SINGLES&at=2025-02-03&name=&nationality=,2026-03-22T00:44:26Z
wta,2025-02-03,330932,Sofia Da Cruz Mendonca,Sofia Da Cruz Mendonca,1039,15,https://api.wtatennis.com/tennis/players/ranked?page=10&pageSize=100&type=rankSingles&sort=asc&metric=SINGLES&at=2025-02-03&name=&nationality=,2026-03-22T00:44:26Z
wta,2025-02-03,330498,Duru Soke,Duru Soke,1040,15,https://api.wtatennis.com/tennis/players/ranked?page=10&pageSize=100&type=rankSingles&sort=asc&metric=SINGLES&at=2025-02-03&name=&nationality=,2026-03-22T00:44:26Z
wta,2025-02-03,332838,Alanis Hamilton,Alanis Hamilton,1040,15,https://api.wtatennis.com/tennis/players/ranked?page=10&pageSize=100&type=rankSingles&sort=asc&metric=SINGLES&at=2025-02-03&name=&nationality=,2026-03-22T00:44:26Z
wta,2025-02-03,335478,Victoria Milovanova,Victoria Milovanova,1040,15,https://api.wtatennis.com/tennis/players/ranked?page=10&pageSize=100&type=rankSingles&sort=asc&metric=SINGLES&at=2025-02-03&name=&nationality=,2026-03-22T00:44:26Z
wta,2025-02-03,333893,Laura Brunkel,Laura Brunkel,1043,15,https://api.wtatennis.com/tennis/players/ranked?page=10&pageSize=100&type=rankSingles&sort=asc&metric=SINGLES&at=2025-02-03&name=&nationality=,2026-03-22T00:44:26Z
wta,2025-02-03,328910,Mell Reasco Gonzalez,Mell Reasco Gonzalez,1043,15,https://api.wtatennis.com/tennis/players/ranked?page=10&pageSize=100&type=rankSingles&sort=asc&metric=SINGLES&at=2025-02-03&name=&nationality=,2026-03-22T00:44:26Z
wta,2025-02-03,325221,Eunji Lee,Eunji Lee,1045,15,https://api.wtatennis.com/tennis/players/ranked?page=10&pageSize=100&type=rankSingles&sort=asc&metric=SINGLES&at=2025-02-03&name=&nationality=,2026-03-22T00:44:26Z
wta,2025-02-03,334870,Maya Iyengar,Maya Iyengar,1046,15,https://api.wtatennis.com/tennis/players/ranked?page=10&pageSize=100&type=rankSingles&sort=asc&metric=SINGLES&at=2025-02-03&name=&nationality=,2026-03-22T00:44:26Z
wta,2025-02-03,322270,Mallaurie Noel,Mallaurie Noel,1047,15,https://api.wtatennis.com/tennis/players/ranked?page=10&pageSize=100&type=rankSingles&sort=asc&metric=SINGLES&at=2025-02-03&name=&nationality=,2026-03-22T00:44:26Z
wta,2025-02-03,320824,Nina Potocnik,Nina Potocnik,1048,15,https://api.wtatennis.com/tennis/players/ranked?page=10&pageSize=100&type=rankSingles&sort=asc&metric=SINGLES&at=2025-02-03&name=&nationality=,2026-03-22T00:44:26Z
wta,2025-02-03,317333,Olga Parres Azcoitia,Olga Parres Azcoitia,1049,15,https://api.wtatennis.com/tennis/players/ranked?page=10&pageSize=100&type=rankSingles&sort=asc&metric=SINGLES&at=2025-02-03&name=&nationality=,2026-03-22T00:44:26Z
wta,2025-02-03,334193,Annika Penickova,Annika Penickova,1050,15,https://api.wtatennis.com/tennis/players/ranked?page=10&pageSize=100&type=rankSingles&sort=asc&metric=SINGLES&at=2025-02-03&name=&nationality=,2026-03-22T00:44:26Z
wta,2025-02-03,331897,Lara Smejkal,Lara Smejkal,1051,15,https://api.wtatennis.com/tennis/players/ranked?page=10&pageSize=100&type=rankSingles&sort=asc&metric=SINGLES&at=2025-02-03&name=&nationality=,2026-03-22T00:44:26Z
wta,2025-02-03,321023,Qiu Yu Ye,Qiu Yu Ye,1052,15,https://api.wtatennis.com/tennis/players/ranked?page=10&pageSize=100&type=rankSingles&sort=asc&metric=SINGLES&at=2025-02-03&name=&nationality=,2026-03-22T00:44:26Z
wta,2025-02-03,323672,Soha Sadiq,Soha Sadiq,1053,15,https://api.wtatennis.com/tennis/players/ranked?page=10&pageSize=100&type=rankSingles&sort=asc&metric=SINGLES&at=2025-02-03&name=&nationality=,2026-03-22T00:44:26Z
wta,2025-02-03,330912,Ana Zamburek,Ana Zamburek,1054,15,https://api.wtatennis.com/tennis/players/ranked?page=10&pageSize=100&type=rankSingles&sort=asc&metric=SINGLES&at=2025-02-03&name=&nationality=,2026-03-22T00:44:26Z
wta,2025-02-03,332132,Gyeong Seo Lee,Gyeong Seo Lee,1055,15,https://api.wtatennis.com/tennis/players/ranked?page=10&pageSize=100&type=rankSingles&sort=asc&metric=SINGLES&at=2025-02-03&name=&nationality=,2026-03-22T00:44:26Z
wta,2025-02-03,334232,Kaat Coppez,Kaat Coppez,1056,15,https://api.wtatennis.com/tennis/players/ranked?page=10&pageSize=100&type=rankSingles&sort=asc&metric=SINGLES&at=2025-02-03&name=&nationality=,2026-03-22T00:44:26Z
wta,2025-02-03,332978,Mirjana Jovanovic,Mirjana Jovanovic,1057,15,https://api.wtatennis.com/tennis/players/ranked?page=10&pageSize=100&type=rankSingles&sort=asc&metric=SINGLES&at=2025-02-03&name=&nationality=,2026-03-22T00:44:26Z
wta,2025-02-03,324988,Mercedes Aristegui,Mercedes Aristegui,1057,15,https://api.wtatennis.com/tennis/players/ranked?page=10&pageSize=100&type=rankSingles&sort=asc&metric=SINGLES&at=2025-02-03&name=&nationality=,2026-03-22T00:44:26Z
wta,2025-02-03,328813,Lucia Llinares Domingo,Lucia Llinares Domingo,1059,15,https://api.wtatennis.com/tennis/players/ranked?page=10&pageSize=100&type=rankSingles&sort=asc&metric=SINGLES&at=2025-02-03&name=&nationality=,2026-03-22T00:44:26Z
wta,2025-02-03,328623,Emma Wilson,Emma Wilson,1060,15,https://api.wtatennis.com/tennis/players/ranked?page=10&pageSize=100&type=rankSingles&sort=asc&metric=SINGLES&at=2025-02-03&name=&nationality=,2026-03-22T00:44:26Z
wta,2025-02-03,319796,Maria Paulina Perez Garcia,Maria Paulina Perez Garcia,1061,14,https://api.wtatennis.com/tennis/players/ranked?page=10&pageSize=100&type=rankSingles&sort=asc&metric=SINGLES&at=2025-02-03&name=&nationality=,2026-03-22T00:44:26Z
wta,2025-02-03,332730,Sol Ailin Larraya Guidi,Sol Ailin Larraya Guidi,1062,14,https://api.wtatennis.com/tennis/players/ranked?page=10&pageSize=100&type=rankSingles&sort=asc&metric=SINGLES&at=2025-02-03&name=&nationality=,2026-03-22T00:44:26Z
wta,2025-02-03,328716,Valentina Ivanov,Valentina Ivanov,1063,14,https://api.wtatennis.com/tennis/players/ranked?page=10&pageSize=100&type=rankSingles&sort=asc&metric=SINGLES&at=2025-02-03&name=&nationality=,2026-03-22T00:44:26Z
wta,2025-02-03,330382,Annelin Bakker,Annelin Bakker,1064,14,https://api.wtatennis.com/tennis/players/ranked?page=10&pageSize=100&type=rankSingles&sort=asc&metric=SINGLES&at=2025-02-03&name=&nationality=,2026-03-22T00:44:26Z
wta,2025-02-03,330421,Amelie Smejkalova,Amelie Smejkalova,1065,14,https://api.wtatennis.com/tennis/players/ranked?page=10&pageSize=100&type=rankSingles&sort=asc&metric=SINGLES&at=2025-02-03&name=&nationality=,2026-03-22T00:44:26Z
wta,2025-02-03,315261,Irina Ramialison,Irina Ramialison,1066,14,https://api.wtatennis.com/tennis/players/ranked?page=10&pageSize=100&type=rankSingles&sort=asc&metric=SINGLES&at=2025-02-03&name=&nationality=,2026-03-22T00:44:26Z
wta,2025-02-03,330632,Maria Sholokhova,Maria Sholokhova,1067,14,https://api.wtatennis.com/tennis/players/ranked?page=10&pageSize=100&type=rankSingles&sort=asc&metric=SINGLES&at=2025-02-03&name=&nationality=,2026-03-22T00:44:26Z
wta,2025-02-03,328829,Sabine Rutlauka,Sabine Rutlauka,1067,14,https://api.wtatennis.com/tennis/players/ranked?page=10&pageSize=100&type=rankSingles&sort=asc&metric=SINGLES&at=2025-02-03&name=&nationality=,2026-03-22T00:44:26Z
wta,2025-02-03,332782,Shannon Lam,Shannon Lam,1069,14,https://api.wtatennis.com/tennis/players/ranked?page=10&pageSize=100&type=rankSingles&sort=asc&metric=SINGLES&at=2025-02-03&name=&nationality=,2026-03-22T00:44:26Z
wta,2025-02-03,333812,Adelina Lachinova,Adelina Lachinova,1070,14,https://api.wtatennis.com/tennis/players/ranked?page=10&pageSize=100&type=rankSingles&sort=asc&metric=SINGLES&at=2025-02-03&name=&nationality=,2026-03-22T00:44:26Z
wta,2025-02-03,326030,Eunji Oh,Eunji Oh,1071,14,https://api.wtatennis.com/tennis/players/ranked?page=10&pageSize=100&type=rankSingles&sort=asc&metric=SINGLES&at=2025-02-03&name=&nationality=,2026-03-22T00:44:26Z
wta,2025-02-03,328698,Phillippa Preugschat,Phillippa Preugschat,1072,14,https://api.wtatennis.com/tennis/players/ranked?page=10&pageSize=100&type=rankSingles&sort=asc&metric=SINGLES&at=2025-02-03&name=&nationality=,2026-03-22T00:44:26Z
wta,2025-02-03,330959,Virginia Ferrara,Virginia Ferrara,1073,14,https://api.wtatennis.com/tennis/players/ranked?page=10&pageSize=100&type=rankSingles&sort=asc&metric=SINGLES&at=2025-02-03&name=&nationality=,2026-03-22T00:44:26Z
wta,2025-02-03,332253,Anamaria Oana,Anamaria Oana,1073,14,https://api.wtatennis.com/tennis/players/ranked?page=10&pageSize=100&type=rankSingles&sort=asc&metric=SINGLES&at=2025-02-03&name=&nationality=,2026-03-22T00:44:26Z
wta,2025-02-03,331583,Kate Mansfield,Kate Mansfield,1073,14,https://api.wtatennis.com/tennis/players/ranked?page=10&pageSize=100&type=rankSingles&sort=asc&metric=SINGLES&at=2025-02-03&name=&nationality=,2026-03-22T00:44:26Z
wta,2025-02-03,332768,Natalia Krockova,Natalia Krockova,1076,14,https://api.wtatennis.com/tennis/players/ranked?page=10&pageSize=100&type=rankSingles&sort=asc&metric=SINGLES&at=2025-02-03&name=&nationality=,2026-03-22T00:44:26Z
wta,2025-02-03,332753,Lorena Schaedel,Lorena Schaedel,1076,14,https://api.wtatennis.com/tennis/players/ranked?page=10&pageSize=100&type=rankSingles&sort=asc&metric=SINGLES&at=2025-02-03&name=&nationality=,2026-03-22T00:44:26Z
wta,2025-02-03,332921,Berta Passola,Berta Passola,1078,14,https://api.wtatennis.com/tennis/players/ranked?page=10&pageSize=100&type=rankSingles&sort=asc&metric=SINGLES&at=2025-02-03&name=&nationality=,2026-03-22T00:44:26Z
wta,2025-02-03,332270,Valentina  Steiner,Valentina  Steiner,1078,14,https://api.wtatennis.com/tennis/players/ranked?page=10&pageSize=100&type=rankSingles&sort=asc&metric=SINGLES&at=2025-02-03&name=&nationality=,2026-03-22T00:44:26Z
wta,2025-02-03,331891,Salakthip Ounmuang,Salakthip Ounmuang,1078,14,https://api.wtatennis.com/tennis/players/ranked?page=10&pageSize=100&type=rankSingles&sort=asc&metric=SINGLES&at=2025-02-03&name=&nationality=,2026-03-22T00:44:26Z
wta,2025-02-03,326774,Anastasiia Poplavska,Anastasiia Poplavska,1081,14,https://api.wtatennis.com/tennis/players/ranked?page=10&pageSize=100&type=rankSingles&sort=asc&metric=SINGLES&at=2025-02-03&name=&nationality=,2026-03-22T00:44:26Z
wta,2025-02-03,321271,Gozal Ainitdinova,Gozal Ainitdinova,1082,14,https://api.wtatennis.com/tennis/players/ranked?page=10&pageSize=100&type=rankSingles&sort=asc&metric=SINGLES&at=2025-02-03&name=&nationality=,2026-03-22T00:44:26Z
wta,2025-02-03,325817,Georgia Gulin,Georgia Gulin,1083,14,https://api.wtatennis.com/tennis/players/ranked?page=10&pageSize=100&type=rankSingles&sort=asc&metric=SINGLES&at=2025-02-03&name=&nationality=,2026-03-22T00:44:26Z
wta,2025-02-03,331720,Talia Neilson Gatenby,Talia Neilson Gatenby,1084,14,https://api.wtatennis.com/tennis/players/ranked?page=10&pageSize=100&type=rankSingles&sort=asc&metric=SINGLES&at=2025-02-03&name=&nationality=,2026-03-22T00:44:26Z
wta,2025-02-03,330874,Daria Zelinskaya,Daria Zelinskaya,1085,14,https://api.wtatennis.com/tennis/players/ranked?page=10&pageSize=100&type=rankSingles&sort=asc&metric=SINGLES&at=2025-02-03&name=&nationality=,2026-03-22T00:44:26Z
wta,2025-02-03,331181,Mariana Isabel Higuita Barraza,Mariana Isabel Higuita Barraza,1086,13,https://api.wtatennis.com/tennis/players/ranked?page=10&pageSize=100&type=rankSingles&sort=asc&metric=SINGLES&at=2025-02-03&name=&nationality=,2026-03-22T00:44:26Z
wta,2025-02-03,327864,Kylie Collins,Kylie Collins,1087,13,https://api.wtatennis.com/tennis/players/ranked?page=10&pageSize=100&type=rankSingles&sort=asc&metric=SINGLES&at=2025-02-03&name=&nationality=,2026-03-22T00:44:26Z
wta,2025-02-03,333712,Zi Ye Zhang,Zi Ye Zhang,1088,13,https://api.wtatennis.com/tennis/players/ranked?page=10&pageSize=100&type=rankSingles&sort=asc&metric=SINGLES&at=2025-02-03&name=&nationality=,2026-03-22T00:44:26Z
wta,2025-02-03,333210,Daria Shadchneva,Daria Shadchneva,1089,13,https://api.wtatennis.com/tennis/players/ranked?page=10&pageSize=100&type=rankSingles&sort=asc&metric=SINGLES&at=2025-02-03&name=&nationality=,2026-03-22T00:44:26Z
wta,2025-02-03,330831,Mika Buchnik,Mika Buchnik,1089,13,https://api.wtatennis.com/tennis/players/ranked?page=10&pageSize=100&type=rankSingles&sort=asc&metric=SINGLES&at=2025-02-03&name=&nationality=,2026-03-22T00:44:26Z
wta,2025-02-03,331248,Panna Bartha,Panna Bartha,1091,13,https://api.wtatennis.com/tennis/players/ranked?page=10&pageSize=100&type=rankSingles&sort=asc&metric=SINGLES&at=2025-02-03&name=&nationality=,2026-03-22T00:44:26Z
wta,2025-02-03,333678,Chenting Zhu,Chenting Zhu,1092,13,https://api.wtatennis.com/tennis/players/ranked?page=10&pageSize=100&type=rankSingles&sort=asc&metric=SINGLES&at=2025-02-03&name=&nationality=,2026-03-22T00:44:26Z
wta,2025-02-03,335013,Lexue Xiao,Lexue Xiao,1093,13,https://api.wtatennis.com/tennis/players/ranked?page=10&pageSize=100&type=rankSingles&sort=asc&metric=SINGLES&at=2025-02-03&name=&nationality=,2026-03-22T00:44:26Z
wta,2025-02-03,329110,Anita Sahdiieva,Anita Sahdiieva,1093,13,https://api.wtatennis.com/tennis/players/ranked?page=10&pageSize=100&type=rankSingles&sort=asc&metric=SINGLES&at=2025-02-03&name=&nationality=,2026-03-22T00:44:26Z
wta,2025-02-03,327807,Bianca Compuesto,Bianca Compuesto,1095,13,https://api.wtatennis.com/tennis/players/ranked?page=10&pageSize=100&type=rankSingles&sort=asc&metric=SINGLES&at=2025-02-03&name=&nationality=,2026-03-22T00:44:26Z
wta,2025-02-03,334735,Noemi Maines,Noemi Maines,1096,13,https://api.wtatennis.com/tennis/players/ranked?page=10&pageSize=100&type=rankSingles&sort=asc&metric=SINGLES&at=2025-02-03&name=&nationality=,2026-03-22T00:44:26Z
wta,2025-02-03,324559,Yanni Liu,Yanni Liu,1097,13,https://api.wtatennis.com/tennis/players/ranked?page=10&pageSize=100&type=rankSingles&sort=asc&metric=SINGLES&at=2025-02-03&name=&nationality=,2026-03-22T00:44:26Z
wta,2025-02-03,331414,Greta Greco Lucchina,Greta Greco Lucchina,1098,13,https://api.wtatennis.com/tennis/players/ranked?page=10&pageSize=100&type=rankSingles&sort=asc&metric=SINGLES&at=2025-02-03&name=&nationality=,2026-03-22T00:44:26Z
wta,2025-02-03,330720,Irina Balus,Irina Balus,1099,13,https://api.wtatennis.com/tennis/players/ranked?page=10&pageSize=100&type=rankSingles&sort=asc&metric=SINGLES&at=2025-02-03&name=&nationality=,2026-03-22T00:44:26Z
wta,2025-02-03,318180,Caroline Romeo,Caroline Romeo,1100,13,https://api.wtatennis.com/tennis/players/ranked?page=10&pageSize=100&type=rankSingles&sort=asc&metric=SINGLES&at=2025-02-03&name=&nationality=,2026-03-22T00:44:26Z
wta,2025-02-03,331263,Iva Ivanova,Iva Ivanova,1101,13,https://api.wtatennis.com/tennis/players/ranked?page=11&pageSize=100&type=rankSingles&sort=asc&metric=SINGLES&at=2025-02-03&name=&nationality=,2026-03-22T00:44:27Z
wta,2025-02-03,334551,Yui Ohwaki,Yui Ohwaki,1101,13,https://api.wtatennis.com/tennis/players/ranked?page=11&pageSize=100&type=rankSingles&sort=asc&metric=SINGLES&at=2025-02-03&name=&nationality=,2026-03-22T00:44:27Z
wta,2025-02-03,330994,Andrea Obradovic,Andrea Obradovic,1103,13,https://api.wtatennis.com/tennis/players/ranked?page=11&pageSize=100&type=rankSingles&sort=asc&metric=SINGLES&at=2025-02-03&name=&nationality=,2026-03-22T00:44:27Z
wta,2025-02-03,317915,Irina Khromacheva,Irina Khromacheva,1104,12,https://api.wtatennis.com/tennis/players/ranked?page=11&pageSize=100&type=rankSingles&sort=asc&metric=SINGLES&at=2025-02-03&name=&nationality=,2026-03-22T00:44:27Z
wta,2025-02-03,330275,Vivian Yang,Vivian Yang,1105,12,https://api.wtatennis.com/tennis/players/ranked?page=11&pageSize=100&type=rankSingles&sort=asc&metric=SINGLES&at=2025-02-03&name=&nationality=,2026-03-22T00:44:27Z
wta,2025-02-03,329670,Carolina Gomez,Carolina Gomez,1106,12,https://api.wtatennis.com/tennis/players/ranked?page=11&pageSize=100&type=rankSingles&sort=asc&metric=SINGLES&at=2025-02-03&name=&nationality=,2026-03-22T00:44:27Z
wta,2025-02-03,319028,Lea Tholey,Lea Tholey,1107,12,https://api.wtatennis.com/tennis/players/ranked?page=11&pageSize=100&type=rankSingles&sort=asc&metric=SINGLES&at=2025-02-03&name=&nationality=,2026-03-22T00:44:27Z
wta,2025-02-03,331158,Romane  Longueville,Romane  Longueville,1108,12,https://api.wtatennis.com/tennis/players/ranked?page=11&pageSize=100&type=rankSingles&sort=asc&metric=SINGLES&at=2025-02-03&name=&nationality=,2026-03-22T00:44:27Z
wta,2025-02-03,330626,Marilouise Van Zyl,Marilouise Van Zyl,1109,12,https://api.wtatennis.com/tennis/players/ranked?page=11&pageSize=100&type=rankSingles&sort=asc&metric=SINGLES&at=2025-02-03&name=&nationality=,2026-03-22T00:44:27Z
wta,2025-02-03,332739,Aspen Schuman,Aspen Schuman,1110,12,https://api.wtatennis.com/tennis/players/ranked?page=11&pageSize=100&type=rankSingles&sort=asc&metric=SINGLES&at=2025-02-03&name=&nationality=,2026-03-22T00:44:27Z
wta,2025-02-03,335246,Victoria Luiza Barros,Victoria Luiza Barros,1110,12,https://api.wtatennis.com/tennis/players/ranked?page=11&pageSize=100&type=rankSingles&sort=asc&metric=SINGLES&at=2025-02-03&name=&nationality=,2026-03-22T00:44:27Z
wta,2025-02-03,322219,Manca Pislak,Manca Pislak,1112,12,https://api.wtatennis.com/tennis/players/ranked?page=11&pageSize=100&type=rankSingles&sort=asc&metric=SINGLES&at=2025-02-03&name=&nationality=,2026-03-22T00:44:27Z
wta,2025-02-03,317834,Pei-Chi Lee,Pei-Chi Lee,1113,12,https://api.wtatennis.com/tennis/players/ranked?page=11&pageSize=100&type=rankSingles&sort=asc&metric=SINGLES&at=2025-02-03&name=&nationality=,2026-03-22T00:44:27Z
wta,2025-02-03,331828,Ariana  Anazagasty-Pursoo,Ariana  Anazagasty-Pursoo,1114,12,https://api.wtatennis.com/tennis/players/ranked?page=11&pageSize=100&type=rankSingles&sort=asc&metric=SINGLES&at=2025-02-03&name=&nationality=,2026-03-22T00:44:27Z
wta,2025-02-03,318019,Martina Spigarelli,Martina Spigarelli,1115,12,https://api.wtatennis.com/tennis/players/ranked?page=11&pageSize=100&type=rankSingles&sort=asc&metric=SINGLES&at=2025-02-03&name=&nationality=,2026-03-22T00:44:27Z
wta,2025-02-03,335221,Meritxell Teixido Garcia,Meritxell Teixido Garcia,1116,12,https://api.wtatennis.com/tennis/players/ranked?page=11&pageSize=100&type=rankSingles&sort=asc&metric=SINGLES&at=2025-02-03&name=&nationality=,2026-03-22T00:44:27Z
wta,2025-02-03,331554,Sofia Cohen Perovani,Sofia Cohen Perovani,1117,12,https://api.wtatennis.com/tennis/players/ranked?page=11&pageSize=100&type=rankSingles&sort=asc&metric=SINGLES&at=2025-02-03&name=&nationality=,2026-03-22T00:44:27Z
wta,2025-02-03,331092,Sofia Avataneo,Sofia Avataneo,1118,12,https://api.wtatennis.com/tennis/players/ranked?page=11&pageSize=100&type=rankSingles&sort=asc&metric=SINGLES&at=2025-02-03&name=&nationality=,2026-03-22T00:44:27Z
wta,2025-02-03,324276,Jennifer Dourado,Jennifer Dourado,1119,12,https://api.wtatennis.com/tennis/players/ranked?page=11&pageSize=100&type=rankSingles&sort=asc&metric=SINGLES&at=2025-02-03&name=&nationality=,2026-03-22T00:44:27Z
wta,2025-02-03,333490,Anna Linn Puls,Anna Linn Puls,1119,12,https://api.wtatennis.com/tennis/players/ranked?page=11&pageSize=100&type=rankSingles&sort=asc&metric=SINGLES&at=2025-02-03&name=&nationality=,2026-03-22T00:44:27Z
wta,2025-02-03,325835,Maileen Nuudi,Maileen Nuudi,1121,12,https://api.wtatennis.com/tennis/players/ranked?page=11&pageSize=100&type=rankSingles&sort=asc&metric=SINGLES&at=2025-02-03&name=&nationality=,2026-03-22T00:44:27Z
wta,2025-02-03,329108,Anastasiya Zaparyniuk,Anastasiya Zaparyniuk,1122,12,https://api.wtatennis.com/tennis/players/ranked?page=11&pageSize=100&type=rankSingles&sort=asc&metric=SINGLES&at=2025-02-03&name=&nationality=,2026-03-22T00:44:27Z
wta,2025-02-03,334169,Paola Lopez,Paola Lopez,1123,12,https://api.wtatennis.com/tennis/players/ranked?page=11&pageSize=100&type=rankSingles&sort=asc&metric=SINGLES&at=2025-02-03&name=&nationality=,2026-03-22T00:44:27Z
wta,2025-02-03,327787,Mariya Poduraeva,Mariya Poduraeva,1124,12,https://api.wtatennis.com/tennis/players/ranked?page=11&pageSize=100&type=rankSingles&sort=asc&metric=SINGLES&at=2025-02-03&name=&nationality=,2026-03-22T00:44:27Z
wta,2025-02-03,328590,Jenna Dean,Jenna Dean,1125,12,https://api.wtatennis.com/tennis/players/ranked?page=11&pageSize=100&type=rankSingles&sort=asc&metric=SINGLES&at=2025-02-03&name=&nationality=,2026-03-22T00:44:27Z
wta,2025-02-03,328782,Zixuan Zeng,Zixuan Zeng,1126,12,https://api.wtatennis.com/tennis/players/ranked?page=11&pageSize=100&type=rankSingles&sort=asc&metric=SINGLES&at=2025-02-03&name=&nationality=,2026-03-22T00:44:27Z
wta,2025-02-03,319135,Victoria Muntean,Victoria Muntean,1127,12,https://api.wtatennis.com/tennis/players/ranked?page=11&pageSize=100&type=rankSingles&sort=asc&metric=SINGLES&at=2025-02-03&name=&nationality=,2026-03-22T00:44:27Z
wta,2025-02-03,331346,Anna Petkovic,Anna Petkovic,1128,11,https://api.wtatennis.com/tennis/players/ranked?page=11&pageSize=100&type=rankSingles&sort=asc&metric=SINGLES&at=2025-02-03&name=&nationality=,2026-03-22T00:44:27Z
wta,2025-02-03,329421,Ana Karen Guadiana Campos,Ana Karen Guadiana Campos,1129,11,https://api.wtatennis.com/tennis/players/ranked?page=11&pageSize=100&type=rankSingles&sort=asc&metric=SINGLES&at=2025-02-03&name=&nationality=,2026-03-22T00:44:27Z
wta,2025-02-03,311578,Michaella Krajicek,Michaella Krajicek,1130,11,https://api.wtatennis.com/tennis/players/ranked?page=11&pageSize=100&type=rankSingles&sort=asc&metric=SINGLES&at=2025-02-03&name=&nationality=,2026-03-22T00:44:27Z
wta,2025-02-03,332605,Mara Gae,Mara Gae,1131,11,https://api.wtatennis.com/tennis/players/ranked?page=11&pageSize=100&type=rankSingles&sort=asc&metric=SINGLES&at=2025-02-03&name=&nationality=,2026-03-22T00:44:27Z
wta,2025-02-03,334175,Deniz Dilek,Deniz Dilek,1132,11,https://api.wtatennis.com/tennis/players/ranked?page=11&pageSize=100&type=rankSingles&sort=asc&metric=SINGLES&at=2025-02-03&name=&nationality=,2026-03-22T00:44:27Z
wta,2025-02-03,328864,Katja Wiersholm,Katja Wiersholm,1133,11,https://api.wtatennis.com/tennis/players/ranked?page=11&pageSize=100&type=rankSingles&sort=asc&metric=SINGLES&at=2025-02-03&name=&nationality=,2026-03-22T00:44:27Z
wta,2025-02-03,328136,Kimmi Hance,Kimmi Hance,1133,11,https://api.wtatennis.com/tennis/players/ranked?page=11&pageSize=100&type=rankSingles&sort=asc&metric=SINGLES&at=2025-02-03&name=&nationality=,2026-03-22T00:44:27Z
wta,2025-02-03,333563,Dj Bennett,Dj Bennett,1135,11,https://api.wtatennis.com/tennis/players/ranked?page=11&pageSize=100&type=rankSingles&sort=asc&metric=SINGLES&at=2025-02-03&name=&nationality=,2026-03-22T00:44:27Z
wta,2025-02-03,314917,Christina Mchale,Christina Mchale,1136,11,https://api.wtatennis.com/tennis/players/ranked?page=11&pageSize=100&type=rankSingles&sort=asc&metric=SINGLES&at=2025-02-03&name=&nationality=,2026-03-22T00:44:27Z
wta,2025-02-03,334210,Rachael Smith,Rachael Smith,1137,11,https://api.wtatennis.com/tennis/players/ranked?page=11&pageSize=100&type=rankSingles&sort=asc&metric=SINGLES&at=2025-02-03&name=&nationality=,2026-03-22T00:44:27Z
wta,2025-02-03,329872,Yuxuan Luo,Yuxuan Luo,1138,11,https://api.wtatennis.com/tennis/players/ranked?page=11&pageSize=100&type=rankSingles&sort=asc&metric=SINGLES&at=2025-02-03&name=&nationality=,2026-03-22T00:44:27Z
wta,2025-02-03,313983,Ashmitha Easwaramurthi,Ashmitha Easwaramurthi,1139,11,https://api.wtatennis.com/tennis/players/ranked?page=11&pageSize=100&type=rankSingles&sort=asc&metric=SINGLES&at=2025-02-03&name=&nationality=,2026-03-22T00:44:27Z
wta,2025-02-03,329231,Chiara Di Genova,Chiara Di Genova,1140,11,https://api.wtatennis.com/tennis/players/ranked?page=11&pageSize=100&type=rankSingles&sort=asc&metric=SINGLES&at=2025-02-03&name=&nationality=,2026-03-22T00:44:27Z
wta,2025-02-03,329728,Mia Mack,Mia Mack,1141,11,https://api.wtatennis.com/tennis/players/ranked?page=11&pageSize=100&type=rankSingles&sort=asc&metric=SINGLES&at=2025-02-03&name=&nationality=,2026-03-22T00:44:27Z
wta,2025-02-03,333676,Shiyu Ye,Shiyu Ye,1141,11,https://api.wtatennis.com/tennis/players/ranked?page=11&pageSize=100&type=rankSingles&sort=asc&metric=SINGLES&at=2025-02-03&name=&nationality=,2026-03-22T00:44:27Z
wta,2025-02-03,330259,Isabella Barrera Aguirre,Isabella Barrera Aguirre,1143,11,https://api.wtatennis.com/tennis/players/ranked?page=11&pageSize=100&type=rankSingles&sort=asc&metric=SINGLES&at=2025-02-03&name=&nationality=,2026-03-22T00:44:27Z
wta,2025-02-03,324330,Zhuoma Ni Ma,Zhuoma Ni Ma,1143,11,https://api.wtatennis.com/tennis/players/ranked?page=11&pageSize=100&type=rankSingles&sort=asc&metric=SINGLES&at=2025-02-03&name=&nationality=,2026-03-22T00:44:27Z
wta,2025-02-03,332669,Gabriella Lindgren,Gabriella Lindgren,1145,11,https://api.wtatennis.com/tennis/players/ranked?page=11&pageSize=100&type=rankSingles&sort=asc&metric=SINGLES&at=2025-02-03&name=&nationality=,2026-03-22T00:44:27Z
wta,2025-02-03,330539,Hanna Bougouffa,Hanna Bougouffa,1146,11,https://api.wtatennis.com/tennis/players/ranked?page=11&pageSize=100&type=rankSingles&sort=asc&metric=SINGLES&at=2025-02-03&name=&nationality=,2026-03-22T00:44:27Z
wta,2025-02-03,324971,Emmanuelle Girard,Emmanuelle Girard,1147,11,https://api.wtatennis.com/tennis/players/ranked?page=11&pageSize=100&type=rankSingles&sort=asc&metric=SINGLES&at=2025-02-03&name=&nationality=,2026-03-22T00:44:27Z
wta,2025-02-03,321350,Saumya Vig,Saumya Vig,1148,11,https://api.wtatennis.com/tennis/players/ranked?page=11&pageSize=100&type=rankSingles&sort=asc&metric=SINGLES&at=2025-02-03&name=&nationality=,2026-03-22T00:44:27Z
wta,2025-02-03,327747,Beatrice Stagno,Beatrice Stagno,1149,11,https://api.wtatennis.com/tennis/players/ranked?page=11&pageSize=100&type=rankSingles&sort=asc&metric=SINGLES&at=2025-02-03&name=&nationality=,2026-03-22T00:44:27Z
wta,2025-02-03,328455,María Marchesini,María Marchesini,1149,11,https://api.wtatennis.com/tennis/players/ranked?page=11&pageSize=100&type=rankSingles&sort=asc&metric=SINGLES&at=2025-02-03&name=&nationality=,2026-03-22T00:44:27Z
wta,2025-02-03,327340,Laura Bohner,Laura Bohner,1151,11,https://api.wtatennis.com/tennis/players/ranked?page=11&pageSize=100&type=rankSingles&sort=asc&metric=SINGLES&at=2025-02-03&name=&nationality=,2026-03-22T00:44:27Z
wta,2025-02-03,331737,Malak El Allami,Malak El Allami,1152,10,https://api.wtatennis.com/tennis/players/ranked?page=11&pageSize=100&type=rankSingles&sort=asc&metric=SINGLES&at=2025-02-03&name=&nationality=,2026-03-22T00:44:27Z
wta,2025-02-03,332762,Alice Soulie,Alice Soulie,1153,10,https://api.wtatennis.com/tennis/players/ranked?page=11&pageSize=100&type=rankSingles&sort=asc&metric=SINGLES&at=2025-02-03&name=&nationality=,2026-03-22T00:44:27Z
wta,2025-02-03,333019,Yanan Hou,Yanan Hou,1153,10,https://api.wtatennis.com/tennis/players/ranked?page=11&pageSize=100&type=rankSingles&sort=asc&metric=SINGLES&at=2025-02-03&name=&nationality=,2026-03-22T00:44:27Z
wta,2025-02-03,332949,Rea Nakashima,Rea Nakashima,1155,10,https://api.wtatennis.com/tennis/players/ranked?page=11&pageSize=100&type=rankSingles&sort=asc&metric=SINGLES&at=2025-02-03&name=&nationality=,2026-03-22T00:44:27Z
wta,2025-02-03,333949,Sonja Zhenikhova,Sonja Zhenikhova,1156,10,https://api.wtatennis.com/tennis/players/ranked?page=11&pageSize=100&type=rankSingles&sort=asc&metric=SINGLES&at=2025-02-03&name=&nationality=,2026-03-22T00:44:27Z
wta,2025-02-03,327423,Pia Praefke,Pia Praefke,1156,10,https://api.wtatennis.com/tennis/players/ranked?page=11&pageSize=100&type=rankSingles&sort=asc&metric=SINGLES&at=2025-02-03&name=&nationality=,2026-03-22T00:44:27Z
wta,2025-02-03,140195,Junri Namigata,Junri Namigata,1156,10,https://api.wtatennis.com/tennis/players/ranked?page=11&pageSize=100&type=rankSingles&sort=asc&metric=SINGLES&at=2025-02-03&name=&nationality=,2026-03-22T00:44:27Z
wta,2025-02-03,330301,Lily Fairclough,Lily Fairclough,1159,10,https://api.wtatennis.com/tennis/players/ranked?page=11&pageSize=100&type=rankSingles&sort=asc&metric=SINGLES&at=2025-02-03&name=&nationality=,2026-03-22T00:44:27Z
wta,2025-02-03,332741,Alexis Nguyen,Alexis Nguyen,1159,10,https://api.wtatennis.com/tennis/players/ranked?page=11&pageSize=100&type=rankSingles&sort=asc&metric=SINGLES&at=2025-02-03&name=&nationality=,2026-03-22T00:44:27Z
wta,2025-02-03,331640,Lily Taylor,Lily Taylor,1159,10,https://api.wtatennis.com/tennis/players/ranked?page=11&pageSize=100&type=rankSingles&sort=asc&metric=SINGLES&at=2025-02-03&name=&nationality=,2026-03-22T00:44:27Z
wta,2025-02-03,331652,Mariam Atia,Mariam Atia,1162,10,https://api.wtatennis.com/tennis/players/ranked?page=11&pageSize=100&type=rankSingles&sort=asc&metric=SINGLES&at=2025-02-03&name=&nationality=,2026-03-22T00:44:27Z
wta,2025-02-03,333074,Ustiniya Lekomtseva,Ustiniya Lekomtseva,1162,10,https://api.wtatennis.com/tennis/players/ranked?page=11&pageSize=100&type=rankSingles&sort=asc&metric=SINGLES&at=2025-02-03&name=&nationality=,2026-03-22T00:44:27Z
wta,2025-02-03,330458,Emily De Oliveira,Emily De Oliveira,1164,10,https://api.wtatennis.com/tennis/players/ranked?page=11&pageSize=100&type=rankSingles&sort=asc&metric=SINGLES&at=2025-02-03&name=&nationality=,2026-03-22T00:44:27Z
wta,2025-02-03,328108,Cristina Tiglea,Cristina Tiglea,1165,10,https://api.wtatennis.com/tennis/players/ranked?page=11&pageSize=100&type=rankSingles&sort=asc&metric=SINGLES&at=2025-02-03&name=&nationality=,2026-03-22T00:44:27Z
wta,2025-02-03,332309,Amelie Justine Hejtmanek,Amelie Justine Hejtmanek,1165,10,https://api.wtatennis.com/tennis/players/ranked?page=11&pageSize=100&type=rankSingles&sort=asc&metric=SINGLES&at=2025-02-03&name=&nationality=,2026-03-22T00:44:27Z
wta,2025-02-03,329058,Katerina Mandelikova,Katerina Mandelikova,1167,10,https://api.wtatennis.com/tennis/players/ranked?page=11&pageSize=100&type=rankSingles&sort=asc&metric=SINGLES&at=2025-02-03&name=&nationality=,2026-03-22T00:44:27Z
wta,2025-02-03,330429,Xenia Bandurowska,Xenia Bandurowska,1168,10,https://api.wtatennis.com/tennis/players/ranked?page=11&pageSize=100&type=rankSingles&sort=asc&metric=SINGLES&at=2025-02-03&name=&nationality=,2026-03-22T00:44:27Z
wta,2025-02-03,331608,Meisha Kendall-Woseley,Meisha Kendall-Woseley,1168,10,https://api.wtatennis.com/tennis/players/ranked?page=11&pageSize=100&type=rankSingles&sort=asc&metric=SINGLES&at=2025-02-03&name=&nationality=,2026-03-22T00:44:27Z
wta,2025-02-03,332316,Maya Drozd,Maya Drozd,1170,10,https://api.wtatennis.com/tennis/players/ranked?page=11&pageSize=100&type=rankSingles&sort=asc&metric=SINGLES&at=2025-02-03&name=&nationality=,2026-03-22T00:44:27Z
wta,2025-02-03,330986,Daria Gorska,Daria Gorska,1170,10,https://api.wtatennis.com/tennis/players/ranked?page=11&pageSize=100&type=rankSingles&sort=asc&metric=SINGLES&at=2025-02-03&name=&nationality=,2026-03-22T00:44:27Z
wta,2025-02-03,331746,Katja Markus,Katja Markus,1172,10,https://api.wtatennis.com/tennis/players/ranked?page=11&pageSize=100&type=rankSingles&sort=asc&metric=SINGLES&at=2025-02-03&name=&nationality=,2026-03-22T00:44:27Z
wta,2025-02-03,332667,Mia Slama,Mia Slama,1173,10,https://api.wtatennis.com/tennis/players/ranked?page=11&pageSize=100&type=rankSingles&sort=asc&metric=SINGLES&at=2025-02-03&name=&nationality=,2026-03-22T00:44:27Z
wta,2025-02-03,332125,Yu-Yun Li,Yu-Yun Li,1174,10,https://api.wtatennis.com/tennis/players/ranked?page=11&pageSize=100&type=rankSingles&sort=asc&metric=SINGLES&at=2025-02-03&name=&nationality=,2026-03-22T00:44:27Z
wta,2025-02-03,330743,Lourdes Ayala,Lourdes Ayala,1175,10,https://api.wtatennis.com/tennis/players/ranked?page=11&pageSize=100&type=rankSingles&sort=asc&metric=SINGLES&at=2025-02-03&name=&nationality=,2026-03-22T00:44:27Z
wta,2025-02-03,328826,Margarita Ignatjeva,Margarita Ignatjeva,1175,10,https://api.wtatennis.com/tennis/players/ranked?page=11&pageSize=100&type=rankSingles&sort=asc&metric=SINGLES&at=2025-02-03&name=&nationality=,2026-03-22T00:44:27Z
wta,2025-02-03,334194,Kristina Penickova,Kristina Penickova,1177,9,https://api.wtatennis.com/tennis/players/ranked?page=11&pageSize=100&type=rankSingles&sort=asc&metric=SINGLES&at=2025-02-03&name=&nationality=,2026-03-22T00:44:27Z
wta,2025-02-03,260142,Vera Zvonareva,Vera Zvonareva,1178,9,https://api.wtatennis.com/tennis/players/ranked?page=11&pageSize=100&type=rankSingles&sort=asc&metric=SINGLES&at=2025-02-03&name=&nationality=,2026-03-22T00:44:27Z
wta,2025-02-03,333337,Alja Senica,Alja Senica,1179,9,https://api.wtatennis.com/tennis/players/ranked?page=11&pageSize=100&type=rankSingles&sort=asc&metric=SINGLES&at=2025-02-03&name=&nationality=,2026-03-22T00:44:27Z
wta,2025-02-03,333383,Dora Miskovic,Dora Miskovic,1180,9,https://api.wtatennis.com/tennis/players/ranked?page=11&pageSize=100&type=rankSingles&sort=asc&metric=SINGLES&at=2025-02-03&name=&nationality=,2026-03-22T00:44:27Z
wta,2025-02-03,331656,Alessia Popescu,Alessia Popescu,1180,9,https://api.wtatennis.com/tennis/players/ranked?page=11&pageSize=100&type=rankSingles&sort=asc&metric=SINGLES&at=2025-02-03&name=&nationality=,2026-03-22T00:44:27Z
wta,2025-02-03,334658,Zi Ying Ruan,Zi Ying Ruan,1180,9,https://api.wtatennis.com/tennis/players/ranked?page=11&pageSize=100&type=rankSingles&sort=asc&metric=SINGLES&at=2025-02-03&name=&nationality=,2026-03-22T00:44:27Z
wta,2025-02-03,326823,Eliz Maloney,Eliz Maloney,1180,9,https://api.wtatennis.com/tennis/players/ranked?page=11&pageSize=100&type=rankSingles&sort=asc&metric=SINGLES&at=2025-02-03&name=&nationality=,2026-03-22T00:44:27Z
wta,2025-02-03,324771,Salma Ewing,Salma Ewing,1184,9,https://api.wtatennis.com/tennis/players/ranked?page=11&pageSize=100&type=rankSingles&sort=asc&metric=SINGLES&at=2025-02-03&name=&nationality=,2026-03-22T00:44:27Z
wta,2025-02-03,334602,Nauhany Vitoria Leme Da Silva,Nauhany Vitoria Leme Da Silva,1184,9,https://api.wtatennis.com/tennis/players/ranked?page=11&pageSize=100&type=rankSingles&sort=asc&metric=SINGLES&at=2025-02-03&name=&nationality=,2026-03-22T00:44:27Z
wta,2025-02-03,333213,Sophia Ksandinov,Sophia Ksandinov,1186,9,https://api.wtatennis.com/tennis/players/ranked?page=11&pageSize=100&type=rankSingles&sort=asc&metric=SINGLES&at=2025-02-03&name=&nationality=,2026-03-22T00:44:27Z
wta,2025-02-03,318387,Tiffany William,Tiffany William,1186,9,https://api.wtatennis.com/tennis/players/ranked?page=11&pageSize=100&type=rankSingles&sort=asc&metric=SINGLES&at=2025-02-03&name=&nationality=,2026-03-22T00:44:27Z
wta,2025-02-03,330840,Camilia Samel Druz,Camilia Samel Druz,1186,9,https://api.wtatennis.com/tennis/players/ranked?page=11&pageSize=100&type=rankSingles&sort=asc&metric=SINGLES&at=2025-02-03&name=&nationality=,2026-03-22T00:44:27Z
wta,2025-02-03,330638,Michelle Dzjachangirova,Michelle Dzjachangirova,1186,9,https://api.wtatennis.com/tennis/players/ranked?page=11&pageSize=100&type=rankSingles&sort=asc&metric=SINGLES&at=2025-02-03&name=&nationality=,2026-03-22T00:44:27Z
wta,2025-02-03,325489,Tenika Mcgiffin,Tenika Mcgiffin,1190,9,https://api.wtatennis.com/tennis/players/ranked?page=11&pageSize=100&type=rankSingles&sort=asc&metric=SINGLES&at=2025-02-03&name=&nationality=,2026-03-22T00:44:27Z
wta,2025-02-03,330677,Isabelle Cherny,Isabelle Cherny,1191,9,https://api.wtatennis.com/tennis/players/ranked?page=11&pageSize=100&type=rankSingles&sort=asc&metric=SINGLES&at=2025-02-03&name=&nationality=,2026-03-22T00:44:27Z
wta,2025-02-03,326879,Kseniya Yersh,Kseniya Yersh,1191,9,https://api.wtatennis.com/tennis/players/ranked?page=11&pageSize=100&type=rankSingles&sort=asc&metric=SINGLES&at=2025-02-03&name=&nationality=,2026-03-22T00:44:27Z
wta,2025-02-03,328003,Humera Baharmus,Humera Baharmus,1193,9,https://api.wtatennis.com/tennis/players/ranked?page=11&pageSize=100&type=rankSingles&sort=asc&metric=SINGLES&at=2025-02-03&name=&nationality=,2026-03-22T00:44:27Z
wta,2025-02-03,332736,Laquisa Khan,Laquisa Khan,1193,9,https://api.wtatennis.com/tennis/players/ranked?page=11&pageSize=100&type=rankSingles&sort=asc&metric=SINGLES&at=2025-02-03&name=&nationality=,2026-03-22T00:44:27Z
wta,2025-02-03,319522,Ingrid Vojcinakova,Ingrid Vojcinakova,1195,9,https://api.wtatennis.com/tennis/players/ranked?page=11&pageSize=100&type=rankSingles&sort=asc&metric=SINGLES&at=2025-02-03&name=&nationality=,2026-03-22T00:44:27Z
wta,2025-02-03,317994,Giorgia Pinto,Giorgia Pinto,1196,9,https://api.wtatennis.com/tennis/players/ranked?page=11&pageSize=100&type=rankSingles&sort=asc&metric=SINGLES&at=2025-02-03&name=&nationality=,2026-03-22T00:44:27Z
wta,2025-02-03,325596,Jacquline Nylander Altelius,Jacquline Nylander Altelius,1196,9,https://api.wtatennis.com/tennis/players/ranked?page=11&pageSize=100&type=rankSingles&sort=asc&metric=SINGLES&at=2025-02-03&name=&nationality=,2026-03-22T00:44:27Z
wta,2025-02-03,323509,Luisa Hrda,Luisa Hrda,1196,9,https://api.wtatennis.com/tennis/players/ranked?page=11&pageSize=100&type=rankSingles&sort=asc&metric=SINGLES&at=2025-02-03&name=&nationality=,2026-03-22T00:44:27Z
wta,2025-02-03,321337,Magdalena Stoilkovska,Magdalena Stoilkovska,1196,9,https://api.wtatennis.com/tennis/players/ranked?page=11&pageSize=100&type=rankSingles&sort=asc&metric=SINGLES&at=2025-02-03&name=&nationality=,2026-03-22T00:44:27Z
wta,2025-02-03,328805,Krystyna Pochtovyk,Krystyna Pochtovyk,1196,9,https://api.wtatennis.com/tennis/players/ranked?page=11&pageSize=100&type=rankSingles&sort=asc&metric=SINGLES&at=2025-02-03&name=&nationality=,2026-03-22T00:44:27Z
wta,2025-02-03,328725,Simona Ogescu,Simona Ogescu,1196,9,https://api.wtatennis.com/tennis/players/ranked?page=12&pageSize=100&type=rankSingles&sort=asc&metric=SINGLES&at=2025-02-03&name=&nationality=,2026-03-22T00:44:28Z
wta,2025-02-03,332948,Remika Ohashi,Remika Ohashi,1196,9,https://api.wtatennis.com/tennis/players/ranked?page=12&pageSize=100&type=rankSingles&sort=asc&metric=SINGLES&at=2025-02-03&name=&nationality=,2026-03-22T00:44:28Z
wta,2025-02-03,328686,Nadine Keller,Nadine Keller,1203,9,https://api.wtatennis.com/tennis/players/ranked?page=12&pageSize=100&type=rankSingles&sort=asc&metric=SINGLES&at=2025-02-03&name=&nationality=,2026-03-22T00:44:28Z
wta,2025-02-03,311597,Bibiane Schoofs,Bibiane Schoofs,1204,8,https://api.wtatennis.com/tennis/players/ranked?page=12&pageSize=100&type=rankSingles&sort=asc&metric=SINGLES&at=2025-02-03&name=&nationality=,2026-03-22T00:44:28Z
wta,2025-02-03,323010,Julita Saner,Julita Saner,1205,8,https://api.wtatennis.com/tennis/players/ranked?page=12&pageSize=100&type=rankSingles&sort=asc&metric=SINGLES&at=2025-02-03&name=&nationality=,2026-03-22T00:44:28Z
wta,2025-02-03,326248,Yasmine Wagner,Yasmine Wagner,1205,8,https://api.wtatennis.com/tennis/players/ranked?page=12&pageSize=100&type=rankSingles&sort=asc&metric=SINGLES&at=2025-02-03&name=&nationality=,2026-03-22T00:44:28Z
wta,2025-02-03,332675,Junhan Zhang,Junhan Zhang,1205,8,https://api.wtatennis.com/tennis/players/ranked?page=12&pageSize=100&type=rankSingles&sort=asc&metric=SINGLES&at=2025-02-03&name=&nationality=,2026-03-22T00:44:28Z
wta,2025-02-03,332650,Elizara Yaneva,Elizara Yaneva,1205,8,https://api.wtatennis.com/tennis/players/ranked?page=12&pageSize=100&type=rankSingles&sort=asc&metric=SINGLES&at=2025-02-03&name=&nationality=,2026-03-22T00:44:28Z
wta,2025-02-03,331513,Analu Freitas,Analu Freitas,1205,8,https://api.wtatennis.com/tennis/players/ranked?page=12&pageSize=100&type=rankSingles&sort=asc&metric=SINGLES&at=2025-02-03&name=&nationality=,2026-03-22T00:44:28Z
wta,2025-02-03,332243,Patricia Goina,Patricia Goina,1205,8,https://api.wtatennis.com/tennis/players/ranked?page=12&pageSize=100&type=rankSingles&sort=asc&metric=SINGLES&at=2025-02-03&name=&nationality=,2026-03-22T00:44:28Z
wta,2025-02-03,334549,Jana Hossam Salah,Jana Hossam Salah,1205,8,https://api.wtatennis.com/tennis/players/ranked?page=12&pageSize=100&type=rankSingles&sort=asc&metric=SINGLES&at=2025-02-03&name=&nationality=,2026-03-22T00:44:28Z
wta,2025-02-03,334180,Kali Supova,Kali Supova,1205,8,https://api.wtatennis.com/tennis/players/ranked?page=12&pageSize=100&type=rankSingles&sort=asc&metric=SINGLES&at=2025-02-03&name=&nationality=,2026-03-22T00:44:28Z
wta,2025-02-03,332843,Lorena Solar Donoso,Lorena Solar Donoso,1213,8,https://api.wtatennis.com/tennis/players/ranked?page=12&pageSize=100&type=rankSingles&sort=asc&metric=SINGLES&at=2025-02-03&name=&nationality=,2026-03-22T00:44:28Z
wta,2025-02-03,333845,Emma Si Yu Dong,Emma Si Yu Dong,1213,8,https://api.wtatennis.com/tennis/players/ranked?page=12&pageSize=100&type=rankSingles&sort=asc&metric=SINGLES&at=2025-02-03&name=&nationality=,2026-03-22T00:44:28Z
wta,2025-02-03,333699,Kallista Liu,Kallista Liu,1215,8,https://api.wtatennis.com/tennis/players/ranked?page=12&pageSize=100&type=rankSingles&sort=asc&metric=SINGLES&at=2025-02-03&name=&nationality=,2026-03-22T00:44:28Z
wta,2025-02-03,328015,Anastasia Mozgaleva,Anastasia Mozgaleva,1215,8,https://api.wtatennis.com/tennis/players/ranked?page=12&pageSize=100&type=rankSingles&sort=asc&metric=SINGLES&at=2025-02-03&name=&nationality=,2026-03-22T00:44:28Z
wta,2025-02-03,330659,Laalitya Kalluri,Laalitya Kalluri,1215,8,https://api.wtatennis.com/tennis/players/ranked?page=12&pageSize=100&type=rankSingles&sort=asc&metric=SINGLES&at=2025-02-03&name=&nationality=,2026-03-22T00:44:28Z
wta,2025-02-03,332918,Alexia Jacobs,Alexia Jacobs,1218,8,https://api.wtatennis.com/tennis/players/ranked?page=12&pageSize=100&type=rankSingles&sort=asc&metric=SINGLES&at=2025-02-03&name=&nationality=,2026-03-22T00:44:28Z
wta,2025-02-03,334206,Karolina Lincer,Karolina Lincer,1218,8,https://api.wtatennis.com/tennis/players/ranked?page=12&pageSize=100&type=rankSingles&sort=asc&metric=SINGLES&at=2025-02-03&name=&nationality=,2026-03-22T00:44:28Z
wta,2025-02-03,333071,Ekaterina Perelygina,Ekaterina Perelygina,1220,8,https://api.wtatennis.com/tennis/players/ranked?page=12&pageSize=100&type=rankSingles&sort=asc&metric=SINGLES&at=2025-02-03&name=&nationality=,2026-03-22T00:44:28Z
wta,2025-02-03,332208,Paula Cembranos,Paula Cembranos,1220,8,https://api.wtatennis.com/tennis/players/ranked?page=12&pageSize=100&type=rankSingles&sort=asc&metric=SINGLES&at=2025-02-03&name=&nationality=,2026-03-22T00:44:28Z
wta,2025-02-03,329158,Olivia Gram,Olivia Gram,1220,8,https://api.wtatennis.com/tennis/players/ranked?page=12&pageSize=100&type=rankSingles&sort=asc&metric=SINGLES&at=2025-02-03&name=&nationality=,2026-03-22T00:44:28Z
wta,2025-02-03,326882,Carola Cavelli,Carola Cavelli,1220,8,https://api.wtatennis.com/tennis/players/ranked?page=12&pageSize=100&type=rankSingles&sort=asc&metric=SINGLES&at=2025-02-03&name=&nationality=,2026-03-22T00:44:28Z
wta,2025-02-03,321399,Anna Turati,Anna Turati,1220,8,https://api.wtatennis.com/tennis/players/ranked?page=12&pageSize=100&type=rankSingles&sort=asc&metric=SINGLES&at=2025-02-03&name=&nationality=,2026-03-22T00:44:28Z
wta,2025-02-03,326629,Mariia Bergen,Mariia Bergen,1225,8,https://api.wtatennis.com/tennis/players/ranked?page=12&pageSize=100&type=rankSingles&sort=asc&metric=SINGLES&at=2025-02-03&name=&nationality=,2026-03-22T00:44:28Z
wta,2025-02-03,335078,Ellie Schoppe,Ellie Schoppe,1225,8,https://api.wtatennis.com/tennis/players/ranked?page=12&pageSize=100&type=rankSingles&sort=asc&metric=SINGLES&at=2025-02-03&name=&nationality=,2026-03-22T00:44:28Z
wta,2025-02-03,333109,Sonal Patil,Sonal Patil,1227,8,https://api.wtatennis.com/tennis/players/ranked?page=12&pageSize=100&type=rankSingles&sort=asc&metric=SINGLES&at=2025-02-03&name=&nationality=,2026-03-22T00:44:28Z
wta,2025-02-03,330065,Vanessa Popa Teiusanu,Vanessa Popa Teiusanu,1228,8,https://api.wtatennis.com/tennis/players/ranked?page=12&pageSize=100&type=rankSingles&sort=asc&metric=SINGLES&at=2025-02-03&name=&nationality=,2026-03-22T00:44:28Z
wta,2025-02-03,331122,Maelle Leclercq,Maelle Leclercq,1228,8,https://api.wtatennis.com/tennis/players/ranked?page=12&pageSize=100&type=rankSingles&sort=asc&metric=SINGLES&at=2025-02-03&name=&nationality=,2026-03-22T00:44:28Z
wta,2025-02-03,330991,Lucie Pawlak,Lucie Pawlak,1230,8,https://api.wtatennis.com/tennis/players/ranked?page=12&pageSize=100&type=rankSingles&sort=asc&metric=SINGLES&at=2025-02-03&name=&nationality=,2026-03-22T00:44:28Z
wta,2025-02-03,330249,Maria Mikhailova,Maria Mikhailova,1230,8,https://api.wtatennis.com/tennis/players/ranked?page=12&pageSize=100&type=rankSingles&sort=asc&metric=SINGLES&at=2025-02-03&name=&nationality=,2026-03-22T00:44:28Z
wta,2025-02-03,326995,Doga Turkmen,Doga Turkmen,1230,8,https://api.wtatennis.com/tennis/players/ranked?page=12&pageSize=100&type=rankSingles&sort=asc&metric=SINGLES&at=2025-02-03&name=&nationality=,2026-03-22T00:44:28Z
wta,2025-02-03,327294,Mihaela Djakovic,Mihaela Djakovic,1230,8,https://api.wtatennis.com/tennis/players/ranked?page=12&pageSize=100&type=rankSingles&sort=asc&metric=SINGLES&at=2025-02-03&name=&nationality=,2026-03-22T00:44:28Z
wta,2025-02-03,316191,Min Liu,Min Liu,1234,8,https://api.wtatennis.com/tennis/players/ranked?page=12&pageSize=100&type=rankSingles&sort=asc&metric=SINGLES&at=2025-02-03&name=&nationality=,2026-03-22T00:44:28Z
wta,2025-02-03,318085,Mana Ayukawa,Mana Ayukawa,1234,8,https://api.wtatennis.com/tennis/players/ranked?page=12&pageSize=100&type=rankSingles&sort=asc&metric=SINGLES&at=2025-02-03&name=&nationality=,2026-03-22T00:44:28Z
wta,2025-02-03,328452,Noka Juric,Noka Juric,1236,8,https://api.wtatennis.com/tennis/players/ranked?page=12&pageSize=100&type=rankSingles&sort=asc&metric=SINGLES&at=2025-02-03&name=&nationality=,2026-03-22T00:44:28Z
wta,2025-02-03,331859,Claudia Sofia Martinez Solis,Claudia Sofia Martinez Solis,1236,8,https://api.wtatennis.com/tennis/players/ranked?page=12&pageSize=100&type=rankSingles&sort=asc&metric=SINGLES&at=2025-02-03&name=&nationality=,2026-03-22T00:44:28Z
wta,2025-02-03,317317,Ysaline Bonaventure,Ysaline Bonaventure,1238,7,https://api.wtatennis.com/tennis/players/ranked?page=12&pageSize=100&type=rankSingles&sort=asc&metric=SINGLES&at=2025-02-03&name=&nationality=,2026-03-22T00:44:28Z
wta,2025-02-03,333499,Daphnee Mpetshi Perricard,Daphnee Mpetshi Perricard,1239,7,https://api.wtatennis.com/tennis/players/ranked?page=12&pageSize=100&type=rankSingles&sort=asc&metric=SINGLES&at=2025-02-03&name=&nationality=,2026-03-22T00:44:28Z
wta,2025-02-03,333324,Maria Jose Sanchez Uribe,Maria Jose Sanchez Uribe,1240,7,https://api.wtatennis.com/tennis/players/ranked?page=12&pageSize=100&type=rankSingles&sort=asc&metric=SINGLES&at=2025-02-03&name=&nationality=,2026-03-22T00:44:28Z
wta,2025-02-03,323440,Ilona-Georgiana Ghioroaie,Ilona-Georgiana Ghioroaie,1241,7,https://api.wtatennis.com/tennis/players/ranked?page=12&pageSize=100&type=rankSingles&sort=asc&metric=SINGLES&at=2025-02-03&name=&nationality=,2026-03-22T00:44:28Z
wta,2025-02-03,330274,Elyse Tse,Elyse Tse,1242,7,https://api.wtatennis.com/tennis/players/ranked?page=12&pageSize=100&type=rankSingles&sort=asc&metric=SINGLES&at=2025-02-03&name=&nationality=,2026-03-22T00:44:28Z
wta,2025-02-03,321000,Chiraz Bechri,Chiraz Bechri,1243,7,https://api.wtatennis.com/tennis/players/ranked?page=12&pageSize=100&type=rankSingles&sort=asc&metric=SINGLES&at=2025-02-03&name=&nationality=,2026-03-22T00:44:28Z
wta,2025-02-03,331093,Zuzanna  Kolonus,Zuzanna  Kolonus,1244,7,https://api.wtatennis.com/tennis/players/ranked?page=12&pageSize=100&type=rankSingles&sort=asc&metric=SINGLES&at=2025-02-03&name=&nationality=,2026-03-22T00:44:28Z
wta,2025-02-03,328763,Le Yi Liu,Le Yi Liu,1244,7,https://api.wtatennis.com/tennis/players/ranked?page=12&pageSize=100&type=rankSingles&sort=asc&metric=SINGLES&at=2025-02-03&name=&nationality=,2026-03-22T00:44:28Z
wta,2025-02-03,328632,Melissa Boyden,Melissa Boyden,1246,7,https://api.wtatennis.com/tennis/players/ranked?page=12&pageSize=100&type=rankSingles&sort=asc&metric=SINGLES&at=2025-02-03&name=&nationality=,2026-03-22T00:44:28Z
wta,2025-02-03,330974,Sara Milanese,Sara Milanese,1246,7,https://api.wtatennis.com/tennis/players/ranked?page=12&pageSize=100&type=rankSingles&sort=asc&metric=SINGLES&at=2025-02-03&name=&nationality=,2026-03-22T00:44:28Z
wta,2025-02-03,330862,Emma Slavikova,Emma Slavikova,1246,7,https://api.wtatennis.com/tennis/players/ranked?page=12&pageSize=100&type=rankSingles&sort=asc&metric=SINGLES&at=2025-02-03&name=&nationality=,2026-03-22T00:44:28Z
wta,2025-02-03,329924,Tiziana Rossini,Tiziana Rossini,1246,7,https://api.wtatennis.com/tennis/players/ranked?page=12&pageSize=100&type=rankSingles&sort=asc&metric=SINGLES&at=2025-02-03&name=&nationality=,2026-03-22T00:44:28Z
wta,2025-02-03,334883,Giulia Safina Popa,Giulia Safina Popa,1246,7,https://api.wtatennis.com/tennis/players/ranked?page=12&pageSize=100&type=rankSingles&sort=asc&metric=SINGLES&at=2025-02-03&name=&nationality=,2026-03-22T00:44:28Z
wta,2025-02-03,334494,Nathalie Gerald Marinovitch Zegarra,Nathalie Gerald Marinovitch Zegarra,1246,7,https://api.wtatennis.com/tennis/players/ranked?page=12&pageSize=100&type=rankSingles&sort=asc&metric=SINGLES&at=2025-02-03&name=&nationality=,2026-03-22T00:44:28Z
wta,2025-02-03,334636,Angelica Sara,Angelica Sara,1252,7,https://api.wtatennis.com/tennis/players/ranked?page=12&pageSize=100&type=rankSingles&sort=asc&metric=SINGLES&at=2025-02-03&name=&nationality=,2026-03-22T00:44:28Z
wta,2025-02-03,333354,Shiho Tsujioka,Shiho Tsujioka,1253,7,https://api.wtatennis.com/tennis/players/ranked?page=12&pageSize=100&type=rankSingles&sort=asc&metric=SINGLES&at=2025-02-03&name=&nationality=,2026-03-22T00:44:28Z
wta,2025-02-03,333781,Mathilde Ngijol Carre,Mathilde Ngijol Carre,1253,7,https://api.wtatennis.com/tennis/players/ranked?page=12&pageSize=100&type=rankSingles&sort=asc&metric=SINGLES&at=2025-02-03&name=&nationality=,2026-03-22T00:44:28Z
wta,2025-02-03,332039,Claudia Ferrer Perez,Claudia Ferrer Perez,1253,7,https://api.wtatennis.com/tennis/players/ranked?page=12&pageSize=100&type=rankSingles&sort=asc&metric=SINGLES&at=2025-02-03&name=&nationality=,2026-03-22T00:44:28Z
wta,2025-02-03,332473,Tiana Tian Deng,Tiana Tian Deng,1253,7,https://api.wtatennis.com/tennis/players/ranked?page=12&pageSize=100&type=rankSingles&sort=asc&metric=SINGLES&at=2025-02-03&name=&nationality=,2026-03-22T00:44:28Z
wta,2025-02-03,327934,Raphaelle Lacasse,Raphaelle Lacasse,1253,7,https://api.wtatennis.com/tennis/players/ranked?page=12&pageSize=100&type=rankSingles&sort=asc&metric=SINGLES&at=2025-02-03&name=&nationality=,2026-03-22T00:44:28Z
wta,2025-02-03,328283,Anna Campana,Anna Campana,1253,7,https://api.wtatennis.com/tennis/players/ranked?page=12&pageSize=100&type=rankSingles&sort=asc&metric=SINGLES&at=2025-02-03&name=&nationality=,2026-03-22T00:44:28Z
wta,2025-02-03,322811,Erina Hayashi,Erina Hayashi,1253,7,https://api.wtatennis.com/tennis/players/ranked?page=12&pageSize=100&type=rankSingles&sort=asc&metric=SINGLES&at=2025-02-03&name=&nationality=,2026-03-22T00:44:28Z
wta,2025-02-03,325722,Csilla Fodor,Csilla Fodor,1253,7,https://api.wtatennis.com/tennis/players/ranked?page=12&pageSize=100&type=rankSingles&sort=asc&metric=SINGLES&at=2025-02-03&name=&nationality=,2026-03-22T00:44:28Z
wta,2025-02-03,327764,Carmen Corley,Carmen Corley,1261,7,https://api.wtatennis.com/tennis/players/ranked?page=12&pageSize=100&type=rankSingles&sort=asc&metric=SINGLES&at=2025-02-03&name=&nationality=,2026-03-22T00:44:28Z
wta,2025-02-03,327719,Sera Nishimoto,Sera Nishimoto,1262,7,https://api.wtatennis.com/tennis/players/ranked?page=12&pageSize=100&type=rankSingles&sort=asc&metric=SINGLES&at=2025-02-03&name=&nationality=,2026-03-22T00:44:28Z
wta,2025-02-03,328767,Ane Mintegi Del Olmo,Ane Mintegi Del Olmo,1262,7,https://api.wtatennis.com/tennis/players/ranked?page=12&pageSize=100&type=rankSingles&sort=asc&metric=SINGLES&at=2025-02-03&name=&nationality=,2026-03-22T00:44:28Z
wta,2025-02-03,331664,Brooke Black,Brooke Black,1262,7,https://api.wtatennis.com/tennis/players/ranked?page=12&pageSize=100&type=rankSingles&sort=asc&metric=SINGLES&at=2025-02-03&name=&nationality=,2026-03-22T00:44:28Z
wta,2025-02-03,333231,Amelia Zylberman,Amelia Zylberman,1262,7,https://api.wtatennis.com/tennis/players/ranked?page=12&pageSize=100&type=rankSingles&sort=asc&metric=SINGLES&at=2025-02-03&name=&nationality=,2026-03-22T00:44:28Z
wta,2025-02-03,332857,Karolina Krajmer,Karolina Krajmer,1262,7,https://api.wtatennis.com/tennis/players/ranked?page=12&pageSize=100&type=rankSingles&sort=asc&metric=SINGLES&at=2025-02-03&name=&nationality=,2026-03-22T00:44:28Z
wta,2025-02-03,333138,Victoria Bervid,Victoria Bervid,1267,7,https://api.wtatennis.com/tennis/players/ranked?page=12&pageSize=100&type=rankSingles&sort=asc&metric=SINGLES&at=2025-02-03&name=&nationality=,2026-03-22T00:44:28Z
wta,2025-02-03,321150,Maria  Viviani,Maria  Viviani,1267,7,https://api.wtatennis.com/tennis/players/ranked?page=12&pageSize=100&type=rankSingles&sort=asc&metric=SINGLES&at=2025-02-03&name=&nationality=,2026-03-22T00:44:28Z
wta,2025-02-03,328548,Hwui Wi,Hwui Wi,1269,7,https://api.wtatennis.com/tennis/players/ranked?page=12&pageSize=100&type=rankSingles&sort=asc&metric=SINGLES&at=2025-02-03&name=&nationality=,2026-03-22T00:44:28Z
wta,2025-02-03,326119,Vlada Zvereva,Vlada Zvereva,1269,7,https://api.wtatennis.com/tennis/players/ranked?page=12&pageSize=100&type=rankSingles&sort=asc&metric=SINGLES&at=2025-02-03&name=&nationality=,2026-03-22T00:44:28Z
wta,2025-02-03,329590,Sara Mikaca,Sara Mikaca,1269,7,https://api.wtatennis.com/tennis/players/ranked?page=12&pageSize=100&type=rankSingles&sort=asc&metric=SINGLES&at=2025-02-03&name=&nationality=,2026-03-22T00:44:28Z
wta,2025-02-03,330154,Pooja Ingale,Pooja Ingale,1269,7,https://api.wtatennis.com/tennis/players/ranked?page=12&pageSize=100&type=rankSingles&sort=asc&metric=SINGLES&at=2025-02-03&name=&nationality=,2026-03-22T00:44:28Z
wta,2025-02-03,330058,Defne Cirpanli,Defne Cirpanli,1269,7,https://api.wtatennis.com/tennis/players/ranked?page=12&pageSize=100&type=rankSingles&sort=asc&metric=SINGLES&at=2025-02-03&name=&nationality=,2026-03-22T00:44:28Z
wta,2025-02-03,330786,Chiara Fornasieri,Chiara Fornasieri,1269,7,https://api.wtatennis.com/tennis/players/ranked?page=12&pageSize=100&type=rankSingles&sort=asc&metric=SINGLES&at=2025-02-03&name=&nationality=,2026-03-22T00:44:28Z
wta,2025-02-03,330494,Smriti Bhasin,Smriti Bhasin,1269,7,https://api.wtatennis.com/tennis/players/ranked?page=12&pageSize=100&type=rankSingles&sort=asc&metric=SINGLES&at=2025-02-03&name=&nationality=,2026-03-22T00:44:28Z
wta,2025-02-03,333157,Riko Kikawada,Riko Kikawada,1269,7,https://api.wtatennis.com/tennis/players/ranked?page=12&pageSize=100&type=rankSingles&sort=asc&metric=SINGLES&at=2025-02-03&name=&nationality=,2026-03-22T00:44:28Z
wta,2025-02-03,333184,Isabel Skoog,Isabel Skoog,1269,7,https://api.wtatennis.com/tennis/players/ranked?page=12&pageSize=100&type=rankSingles&sort=asc&metric=SINGLES&at=2025-02-03&name=&nationality=,2026-03-22T00:44:28Z
wta,2025-02-03,333704,Elizabeth Ionescu,Elizabeth Ionescu,1269,7,https://api.wtatennis.com/tennis/players/ranked?page=12&pageSize=100&type=rankSingles&sort=asc&metric=SINGLES&at=2025-02-03&name=&nationality=,2026-03-22T00:44:28Z
wta,2025-02-03,333926,Friederike Nolte,Friederike Nolte,1269,7,https://api.wtatennis.com/tennis/players/ranked?page=12&pageSize=100&type=rankSingles&sort=asc&metric=SINGLES&at=2025-02-03&name=&nationality=,2026-03-22T00:44:28Z
wta,2025-02-03,334052,Isabella Maria Serban,Isabella Maria Serban,1269,7,https://api.wtatennis.com/tennis/players/ranked?page=12&pageSize=100&type=rankSingles&sort=asc&metric=SINGLES&at=2025-02-03&name=&nationality=,2026-03-22T00:44:28Z
wta,2025-02-03,331945,Barbora Michalkova,Barbora Michalkova,1269,7,https://api.wtatennis.com/tennis/players/ranked?page=12&pageSize=100&type=rankSingles&sort=asc&metric=SINGLES&at=2025-02-03&name=&nationality=,2026-03-22T00:44:28Z
wta,2025-02-03,331984,Wozuko Mdlulwa,Wozuko Mdlulwa,1269,7,https://api.wtatennis.com/tennis/players/ranked?page=12&pageSize=100&type=rankSingles&sort=asc&metric=SINGLES&at=2025-02-03&name=&nationality=,2026-03-22T00:44:28Z
wta,2025-02-03,334504,Lavinia Luciano,Lavinia Luciano,1269,7,https://api.wtatennis.com/tennis/players/ranked?page=12&pageSize=100&type=rankSingles&sort=asc&metric=SINGLES&at=2025-02-03&name=&nationality=,2026-03-22T00:44:28Z
wta,2025-02-03,332665,Love-Star Alexis,Love-Star Alexis,1284,7,https://api.wtatennis.com/tennis/players/ranked?page=12&pageSize=100&type=rankSingles&sort=asc&metric=SINGLES&at=2025-02-03&name=&nationality=,2026-03-22T00:44:28Z
wta,2025-02-03,331712,Ximena Senties,Ximena Senties,1285,7,https://api.wtatennis.com/tennis/players/ranked?page=12&pageSize=100&type=rankSingles&sort=asc&metric=SINGLES&at=2025-02-03&name=&nationality=,2026-03-22T00:44:28Z
wta,2025-02-03,331593,Carolyn Ansari,Carolyn Ansari,1285,7,https://api.wtatennis.com/tennis/players/ranked?page=12&pageSize=100&type=rankSingles&sort=asc&metric=SINGLES&at=2025-02-03&name=&nationality=,2026-03-22T00:44:28Z
wta,2025-02-03,334537,Lucrezia Musetti,Lucrezia Musetti,1285,7,https://api.wtatennis.com/tennis/players/ranked?page=12&pageSize=100&type=rankSingles&sort=asc&metric=SINGLES&at=2025-02-03&name=&nationality=,2026-03-22T00:44:28Z
wta,2025-02-03,329227,Marian Gomez Pezuela Cano,Marian Gomez Pezuela Cano,1285,7,https://api.wtatennis.com/tennis/players/ranked?page=12&pageSize=100&type=rankSingles&sort=asc&metric=SINGLES&at=2025-02-03&name=&nationality=,2026-03-22T00:44:28Z
wta,2025-02-03,329513,Shria Atturu,Shria Atturu,1285,7,https://api.wtatennis.com/tennis/players/ranked?page=12&pageSize=100&type=rankSingles&sort=asc&metric=SINGLES&at=2025-02-03&name=&nationality=,2026-03-22T00:44:28Z
wta,2025-02-03,329220,Carlotta Moccia,Carlotta Moccia,1290,7,https://api.wtatennis.com/tennis/players/ranked?page=12&pageSize=100&type=rankSingles&sort=asc&metric=SINGLES&at=2025-02-03&name=&nationality=,2026-03-22T00:44:28Z
wta,2025-02-03,329944,Emma Van Poppel,Emma Van Poppel,1290,7,https://api.wtatennis.com/tennis/players/ranked?page=12&pageSize=100&type=rankSingles&sort=asc&metric=SINGLES&at=2025-02-03&name=&nationality=,2026-03-22T00:44:28Z
wta,2025-02-03,325604,Maria Oliver Sanchez,Maria Oliver Sanchez,1290,7,https://api.wtatennis.com/tennis/players/ranked?page=12&pageSize=100&type=rankSingles&sort=asc&metric=SINGLES&at=2025-02-03&name=&nationality=,2026-03-22T00:44:28Z
wta,2025-02-03,324769,Christina Rosca,Christina Rosca,1293,6,https://api.wtatennis.com/tennis/players/ranked?page=12&pageSize=100&type=rankSingles&sort=asc&metric=SINGLES&at=2025-02-03&name=&nationality=,2026-03-22T00:44:28Z
wta,2025-02-03,328150,Mavie Osterreicher,Mavie Osterreicher,1294,6,https://api.wtatennis.com/tennis/players/ranked?page=12&pageSize=100&type=rankSingles&sort=asc&metric=SINGLES&at=2025-02-03&name=&nationality=,2026-03-22T00:44:28Z
wta,2025-02-03,332861,Martina Genis Salas,Martina Genis Salas,1294,6,https://api.wtatennis.com/tennis/players/ranked?page=12&pageSize=100&type=rankSingles&sort=asc&metric=SINGLES&at=2025-02-03&name=&nationality=,2026-03-22T00:44:28Z
wta,2025-02-03,332803,Julia Stusek,Julia Stusek,1294,6,https://api.wtatennis.com/tennis/players/ranked?page=12&pageSize=100&type=rankSingles&sort=asc&metric=SINGLES&at=2025-02-03&name=&nationality=,2026-03-22T00:44:28Z
wta,2025-02-03,332842,Amalia Suciu,Amalia Suciu,1297,6,https://api.wtatennis.com/tennis/players/ranked?page=12&pageSize=100&type=rankSingles&sort=asc&metric=SINGLES&at=2025-02-03&name=&nationality=,2026-03-22T00:44:28Z
wta,2025-02-03,333108,Madhurima Sawant,Madhurima Sawant,1297,6,https://api.wtatennis.com/tennis/players/ranked?page=12&pageSize=100&type=rankSingles&sort=asc&metric=SINGLES&at=2025-02-03&name=&nationality=,2026-03-22T00:44:28Z
wta,2025-02-03,331376,Marina Bulbarella,Marina Bulbarella,1297,6,https://api.wtatennis.com/tennis/players/ranked?page=12&pageSize=100&type=rankSingles&sort=asc&metric=SINGLES&at=2025-02-03&name=&nationality=,2026-03-22T00:44:28Z
wta,2025-02-03,330785,Maria Garcia,Maria Garcia,1297,6,https://api.wtatennis.com/tennis/players/ranked?page=12&pageSize=100&type=rankSingles&sort=asc&metric=SINGLES&at=2025-02-03&name=&nationality=,2026-03-22T00:44:28Z
wta,2025-02-03,331895,Kamonwan Yodpetch,Kamonwan Yodpetch,1301,6,https://api.wtatennis.com/tennis/players/ranked?page=13&pageSize=100&type=rankSingles&sort=asc&metric=SINGLES&at=2025-02-03&name=&nationality=,2026-03-22T00:44:28Z
wta,2025-02-03,331723,Ava Williamson,Ava Williamson,1302,6,https://api.wtatennis.com/tennis/players/ranked?page=13&pageSize=100&type=rankSingles&sort=asc&metric=SINGLES&at=2025-02-03&name=&nationality=,2026-03-22T00:44:28Z
wta,2025-02-03,334159,Kaede Usui,Kaede Usui,1302,6,https://api.wtatennis.com/tennis/players/ranked?page=13&pageSize=100&type=rankSingles&sort=asc&metric=SINGLES&at=2025-02-03&name=&nationality=,2026-03-22T00:44:28Z
wta,2025-02-03,333855,Emma Ottavia Ghirardato,Emma Ottavia Ghirardato,1302,6,https://api.wtatennis.com/tennis/players/ranked?page=13&pageSize=100&type=rankSingles&sort=asc&metric=SINGLES&at=2025-02-03&name=&nationality=,2026-03-22T00:44:28Z
wta,2025-02-03,328203,Camille Kiss,Camille Kiss,1302,6,https://api.wtatennis.com/tennis/players/ranked?page=13&pageSize=100&type=rankSingles&sort=asc&metric=SINGLES&at=2025-02-03&name=&nationality=,2026-03-22T00:44:28Z
wta,2025-02-03,321172,Yukina Saigo,Yukina Saigo,1302,6,https://api.wtatennis.com/tennis/players/ranked?page=13&pageSize=100&type=rankSingles&sort=asc&metric=SINGLES&at=2025-02-03&name=&nationality=,2026-03-22T00:44:28Z
wta,2025-02-03,318750,Natalia Siedliska,Natalia Siedliska,1307,6,https://api.wtatennis.com/tennis/players/ranked?page=13&pageSize=100&type=rankSingles&sort=asc&metric=SINGLES&at=2025-02-03&name=&nationality=,2026-03-22T00:44:28Z
wta,2025-02-03,327401,Jiho Shin,Jiho Shin,1307,6,https://api.wtatennis.com/tennis/players/ranked?page=13&pageSize=100&type=rankSingles&sort=asc&metric=SINGLES&at=2025-02-03&name=&nationality=,2026-03-22T00:44:28Z
wta,2025-02-03,330379,Coco Bosman,Coco Bosman,1307,6,https://api.wtatennis.com/tennis/players/ranked?page=13&pageSize=100&type=rankSingles&sort=asc&metric=SINGLES&at=2025-02-03&name=&nationality=,2026-03-22T00:44:28Z
wta,2025-02-03,330018,Sol Rabin,Sol Rabin,1307,6,https://api.wtatennis.com/tennis/players/ranked?page=13&pageSize=100&type=rankSingles&sort=asc&metric=SINGLES&at=2025-02-03&name=&nationality=,2026-03-22T00:44:28Z
wta,2025-02-03,330101,Marija Semenistaja,Marija Semenistaja,1307,6,https://api.wtatennis.com/tennis/players/ranked?page=13&pageSize=100&type=rankSingles&sort=asc&metric=SINGLES&at=2025-02-03&name=&nationality=,2026-03-22T00:44:28Z
wta,2025-02-03,331645,Stefani Webb,Stefani Webb,1307,6,https://api.wtatennis.com/tennis/players/ranked?page=13&pageSize=100&type=rankSingles&sort=asc&metric=SINGLES&at=2025-02-03&name=&nationality=,2026-03-22T00:44:28Z
wta,2025-02-03,331493,Lucie Urbanova,Lucie Urbanova,1307,6,https://api.wtatennis.com/tennis/players/ranked?page=13&pageSize=100&type=rankSingles&sort=asc&metric=SINGLES&at=2025-02-03&name=&nationality=,2026-03-22T00:44:28Z
wta,2025-02-03,331958,Linea Bajraliu,Linea Bajraliu,1307,6,https://api.wtatennis.com/tennis/players/ranked?page=13&pageSize=100&type=rankSingles&sort=asc&metric=SINGLES&at=2025-02-03&name=&nationality=,2026-03-22T00:44:28Z
wta,2025-02-03,334233,Yelyzaveta Chainykova,Yelyzaveta Chainykova,1307,6,https://api.wtatennis.com/tennis/players/ranked?page=13&pageSize=100&type=rankSingles&sort=asc&metric=SINGLES&at=2025-02-03&name=&nationality=,2026-03-22T00:44:28Z
wta,2025-02-03,333669,Duanrui Gao,Duanrui Gao,1316,6,https://api.wtatennis.com/tennis/players/ranked?page=13&pageSize=100&type=rankSingles&sort=asc&metric=SINGLES&at=2025-02-03&name=&nationality=,2026-03-22T00:44:28Z
wta,2025-02-03,327962,Savanna Ly-Nguyen,Savanna Ly-Nguyen,1316,6,https://api.wtatennis.com/tennis/players/ranked?page=13&pageSize=100&type=rankSingles&sort=asc&metric=SINGLES&at=2025-02-03&name=&nationality=,2026-03-22T00:44:28Z
wta,2025-02-03,328811,Sophia Biolay,Sophia Biolay,1316,6,https://api.wtatennis.com/tennis/players/ranked?page=13&pageSize=100&type=rankSingles&sort=asc&metric=SINGLES&at=2025-02-03&name=&nationality=,2026-03-22T00:44:28Z
wta,2025-02-03,328369,Jiayu Xu,Jiayu Xu,1319,6,https://api.wtatennis.com/tennis/players/ranked?page=13&pageSize=100&type=rankSingles&sort=asc&metric=SINGLES&at=2025-02-03&name=&nationality=,2026-03-22T00:44:28Z
wta,2025-02-03,315836,Daniela Seguel,Daniela Seguel,1319,6,https://api.wtatennis.com/tennis/players/ranked?page=13&pageSize=100&type=rankSingles&sort=asc&metric=SINGLES&at=2025-02-03&name=&nationality=,2026-03-22T00:44:28Z
wta,2025-02-03,334045,Zhirui Liu,Zhirui Liu,1319,6,https://api.wtatennis.com/tennis/players/ranked?page=13&pageSize=100&type=rankSingles&sort=asc&metric=SINGLES&at=2025-02-03&name=&nationality=,2026-03-22T00:44:28Z
wta,2025-02-03,333637,Olivia Bergler,Olivia Bergler,1322,6,https://api.wtatennis.com/tennis/players/ranked?page=13&pageSize=100&type=rankSingles&sort=asc&metric=SINGLES&at=2025-02-03&name=&nationality=,2026-03-22T00:44:28Z
wta,2025-02-03,332194,Vlada Mincheva,Vlada Mincheva,1322,6,https://api.wtatennis.com/tennis/players/ranked?page=13&pageSize=100&type=rankSingles&sort=asc&metric=SINGLES&at=2025-02-03&name=&nationality=,2026-03-22T00:44:28Z
wta,2025-02-03,319707,Bojana Marinkovic,Bojana Marinkovic,1322,6,https://api.wtatennis.com/tennis/players/ranked?page=13&pageSize=100&type=rankSingles&sort=asc&metric=SINGLES&at=2025-02-03&name=&nationality=,2026-03-22T00:44:28Z
wta,2025-02-03,321064,Valeria Koussenkova,Valeria Koussenkova,1322,6,https://api.wtatennis.com/tennis/players/ranked?page=13&pageSize=100&type=rankSingles&sort=asc&metric=SINGLES&at=2025-02-03&name=&nationality=,2026-03-22T00:44:28Z
wta,2025-02-03,329162,Margaux Komano,Margaux Komano,1322,6,https://api.wtatennis.com/tennis/players/ranked?page=13&pageSize=100&type=rankSingles&sort=asc&metric=SINGLES&at=2025-02-03&name=&nationality=,2026-03-22T00:44:28Z
wta,2025-02-03,316606,Reka Luca Jani,Reka Luca Jani,1327,5,https://api.wtatennis.com/tennis/players/ranked?page=13&pageSize=100&type=rankSingles&sort=asc&metric=SINGLES&at=2025-02-03&name=&nationality=,2026-03-22T00:44:28Z
wta,2025-02-03,320852,Man Ying Ng,Man Ying Ng,1328,5,https://api.wtatennis.com/tennis/players/ranked?page=13&pageSize=100&type=rankSingles&sort=asc&metric=SINGLES&at=2025-02-03&name=&nationality=,2026-03-22T00:44:28Z
wta,2025-02-03,331147,Liel Marlies Rothensteiner,Liel Marlies Rothensteiner,1328,5,https://api.wtatennis.com/tennis/players/ranked?page=13&pageSize=100&type=rankSingles&sort=asc&metric=SINGLES&at=2025-02-03&name=&nationality=,2026-03-22T00:44:28Z
wta,2025-02-03,332156,Cayetana Gay,Cayetana Gay,1330,5,https://api.wtatennis.com/tennis/players/ranked?page=13&pageSize=100&type=rankSingles&sort=asc&metric=SINGLES&at=2025-02-03&name=&nationality=,2026-03-22T00:44:28Z
wta,2025-02-03,332444,Ekaterina Ivanova,Ekaterina Ivanova,1330,5,https://api.wtatennis.com/tennis/players/ranked?page=13&pageSize=100&type=rankSingles&sort=asc&metric=SINGLES&at=2025-02-03&name=&nationality=,2026-03-22T00:44:28Z
wta,2025-02-03,332306,Gloriana Goreti Nahum,Gloriana Goreti Nahum,1330,5,https://api.wtatennis.com/tennis/players/ranked?page=13&pageSize=100&type=rankSingles&sort=asc&metric=SINGLES&at=2025-02-03&name=&nationality=,2026-03-22T00:44:28Z
wta,2025-02-03,332112,Jordyn Mcbride,Jordyn Mcbride,1330,5,https://api.wtatennis.com/tennis/players/ranked?page=13&pageSize=100&type=rankSingles&sort=asc&metric=SINGLES&at=2025-02-03&name=&nationality=,2026-03-22T00:44:28Z
wta,2025-02-03,331886,Margot Phanthala,Margot Phanthala,1330,5,https://api.wtatennis.com/tennis/players/ranked?page=13&pageSize=100&type=rankSingles&sort=asc&metric=SINGLES&at=2025-02-03&name=&nationality=,2026-03-22T00:44:28Z
wta,2025-02-03,331770,Pilar Beveraggi Lespiau,Pilar Beveraggi Lespiau,1330,5,https://api.wtatennis.com/tennis/players/ranked?page=13&pageSize=100&type=rankSingles&sort=asc&metric=SINGLES&at=2025-02-03&name=&nationality=,2026-03-22T00:44:28Z
wta,2025-02-03,333439,Gabia Paskauskas,Gabia Paskauskas,1330,5,https://api.wtatennis.com/tennis/players/ranked?page=13&pageSize=100&type=rankSingles&sort=asc&metric=SINGLES&at=2025-02-03&name=&nationality=,2026-03-22T00:44:28Z
wta,2025-02-03,333185,Polina Kuharenko,Polina Kuharenko,1330,5,https://api.wtatennis.com/tennis/players/ranked?page=13&pageSize=100&type=rankSingles&sort=asc&metric=SINGLES&at=2025-02-03&name=&nationality=,2026-03-22T00:44:28Z
wta,2025-02-03,333164,Laima Vladson,Laima Vladson,1330,5,https://api.wtatennis.com/tennis/players/ranked?page=13&pageSize=100&type=rankSingles&sort=asc&metric=SINGLES&at=2025-02-03&name=&nationality=,2026-03-22T00:44:28Z
wta,2025-02-03,333151,Marine Le Bozec,Marine Le Bozec,1330,5,https://api.wtatennis.com/tennis/players/ranked?page=13&pageSize=100&type=rankSingles&sort=asc&metric=SINGLES&at=2025-02-03&name=&nationality=,2026-03-22T00:44:28Z
wta,2025-02-03,334158,Sophie Llewellyn,Sophie Llewellyn,1330,5,https://api.wtatennis.com/tennis/players/ranked?page=13&pageSize=100&type=rankSingles&sort=asc&metric=SINGLES&at=2025-02-03&name=&nationality=,2026-03-22T00:44:28Z
wta,2025-02-03,334243,Sofia Meabe,Sofia Meabe,1330,5,https://api.wtatennis.com/tennis/players/ranked?page=13&pageSize=100&type=rankSingles&sort=asc&metric=SINGLES&at=2025-02-03&name=&nationality=,2026-03-22T00:44:28Z
wta,2025-02-03,322566,Watsachol Sawasdee,Watsachol Sawasdee,1330,5,https://api.wtatennis.com/tennis/players/ranked?page=13&pageSize=100&type=rankSingles&sort=asc&metric=SINGLES&at=2025-02-03&name=&nationality=,2026-03-22T00:44:28Z
wta,2025-02-03,329519,Matylda Burylo,Matylda Burylo,1330,5,https://api.wtatennis.com/tennis/players/ranked?page=13&pageSize=100&type=rankSingles&sort=asc&metric=SINGLES&at=2025-02-03&name=&nationality=,2026-03-22T00:44:28Z
wta,2025-02-03,330736,Vanja Gudelj,Vanja Gudelj,1330,5,https://api.wtatennis.com/tennis/players/ranked?page=13&pageSize=100&type=rankSingles&sort=asc&metric=SINGLES&at=2025-02-03&name=&nationality=,2026-03-22T00:44:28Z
wta,2025-02-03,326298,Nina Rudiukova,Nina Rudiukova,1330,5,https://api.wtatennis.com/tennis/players/ranked?page=13&pageSize=100&type=rankSingles&sort=asc&metric=SINGLES&at=2025-02-03&name=&nationality=,2026-03-22T00:44:28Z
wta,2025-02-03,328154,Anastasia Piangerelli,Anastasia Piangerelli,1346,5,https://api.wtatennis.com/tennis/players/ranked?page=13&pageSize=100&type=rankSingles&sort=asc&metric=SINGLES&at=2025-02-03&name=&nationality=,2026-03-22T00:44:28Z
wta,2025-02-03,319838,Timea Jaruskova,Timea Jaruskova,1346,5,https://api.wtatennis.com/tennis/players/ranked?page=13&pageSize=100&type=rankSingles&sort=asc&metric=SINGLES&at=2025-02-03&name=&nationality=,2026-03-22T00:44:28Z
wta,2025-02-03,327042,Ayline Samardzic,Ayline Samardzic,1348,5,https://api.wtatennis.com/tennis/players/ranked?page=13&pageSize=100&type=rankSingles&sort=asc&metric=SINGLES&at=2025-02-03&name=&nationality=,2026-03-22T00:44:28Z
wta,2025-02-03,332609,Ke Ren,Ke Ren,1348,5,https://api.wtatennis.com/tennis/players/ranked?page=13&pageSize=100&type=rankSingles&sort=asc&metric=SINGLES&at=2025-02-03&name=&nationality=,2026-03-22T00:44:28Z
wta,2025-02-03,332577,Anastasiia Firman,Anastasiia Firman,1348,5,https://api.wtatennis.com/tennis/players/ranked?page=13&pageSize=100&type=rankSingles&sort=asc&metric=SINGLES&at=2025-02-03&name=&nationality=,2026-03-22T00:44:28Z
wta,2025-02-03,332480,Ioana Teodora Sava,Ioana Teodora Sava,1348,5,https://api.wtatennis.com/tennis/players/ranked?page=13&pageSize=100&type=rankSingles&sort=asc&metric=SINGLES&at=2025-02-03&name=&nationality=,2026-03-22T00:44:28Z
wta,2025-02-03,331219,Ekaterina Kuznetsova,Ekaterina Kuznetsova,1352,5,https://api.wtatennis.com/tennis/players/ranked?page=13&pageSize=100&type=rankSingles&sort=asc&metric=SINGLES&at=2025-02-03&name=&nationality=,2026-03-22T00:44:28Z
wta,2025-02-03,331525,Vittoria Modesti,Vittoria Modesti,1352,5,https://api.wtatennis.com/tennis/players/ranked?page=13&pageSize=100&type=rankSingles&sort=asc&metric=SINGLES&at=2025-02-03&name=&nationality=,2026-03-22T00:44:28Z
wta,2025-02-03,333462,Polina Kaibekova,Polina Kaibekova,1352,5,https://api.wtatennis.com/tennis/players/ranked?page=13&pageSize=100&type=rankSingles&sort=asc&metric=SINGLES&at=2025-02-03&name=&nationality=,2026-03-22T00:44:28Z
wta,2025-02-03,330305,Zijun Jiang,Zijun Jiang,1352,5,https://api.wtatennis.com/tennis/players/ranked?page=13&pageSize=100&type=rankSingles&sort=asc&metric=SINGLES&at=2025-02-03&name=&nationality=,2026-03-22T00:44:28Z
wta,2025-02-03,330025,Elizaveta Shebekina,Elizaveta Shebekina,1352,5,https://api.wtatennis.com/tennis/players/ranked?page=13&pageSize=100&type=rankSingles&sort=asc&metric=SINGLES&at=2025-02-03&name=&nationality=,2026-03-22T00:44:28Z
wta,2025-02-03,317938,Margarita Gasparyan,Margarita Gasparyan,1357,4,https://api.wtatennis.com/tennis/players/ranked?page=13&pageSize=100&type=rankSingles&sort=asc&metric=SINGLES&at=2025-02-03&name=&nationality=,2026-03-22T00:44:28Z
wta,2025-02-03,330730,Julia Caffarena,Julia Caffarena,1358,4,https://api.wtatennis.com/tennis/players/ranked?page=13&pageSize=100&type=rankSingles&sort=asc&metric=SINGLES&at=2025-02-03&name=&nationality=,2026-03-22T00:44:28Z
wta,2025-02-03,330524,Dilara Okur,Dilara Okur,1359,4,https://api.wtatennis.com/tennis/players/ranked?page=13&pageSize=100&type=rankSingles&sort=asc&metric=SINGLES&at=2025-02-03&name=&nationality=,2026-03-22T00:44:28Z
wta,2025-02-03,330531,Elena Grekul,Elena Grekul,1359,4,https://api.wtatennis.com/tennis/players/ranked?page=13&pageSize=100&type=rankSingles&sort=asc&metric=SINGLES&at=2025-02-03&name=&nationality=,2026-03-22T00:44:28Z
wta,2025-02-03,331033,Victoria Chramcova,Victoria Chramcova,1359,4,https://api.wtatennis.com/tennis/players/ranked?page=13&pageSize=100&type=rankSingles&sort=asc&metric=SINGLES&at=2025-02-03&name=&nationality=,2026-03-22T00:44:28Z
wta,2025-02-03,329698,Jana Vanik,Jana Vanik,1359,4,https://api.wtatennis.com/tennis/players/ranked?page=13&pageSize=100&type=rankSingles&sort=asc&metric=SINGLES&at=2025-02-03&name=&nationality=,2026-03-22T00:44:28Z
wta,2025-02-03,326488,Himari Sato,Himari Sato,1359,4,https://api.wtatennis.com/tennis/players/ranked?page=13&pageSize=100&type=rankSingles&sort=asc&metric=SINGLES&at=2025-02-03&name=&nationality=,2026-03-22T00:44:28Z
wta,2025-02-03,327927,Mei Hasegawa,Mei Hasegawa,1359,4,https://api.wtatennis.com/tennis/players/ranked?page=13&pageSize=100&type=rankSingles&sort=asc&metric=SINGLES&at=2025-02-03&name=&nationality=,2026-03-22T00:44:28Z
wta,2025-02-03,319432,Dea Herdzelas,Dea Herdzelas,1359,4,https://api.wtatennis.com/tennis/players/ranked?page=13&pageSize=100&type=rankSingles&sort=asc&metric=SINGLES&at=2025-02-03&name=&nationality=,2026-03-22T00:44:28Z
wta,2025-02-03,321564,Anna Ulyashchenko,Anna Ulyashchenko,1359,4,https://api.wtatennis.com/tennis/players/ranked?page=13&pageSize=100&type=rankSingles&sort=asc&metric=SINGLES&at=2025-02-03&name=&nationality=,2026-03-22T00:44:28Z
wta,2025-02-03,324849,Taylor Gruber,Taylor Gruber,1359,4,https://api.wtatennis.com/tennis/players/ranked?page=13&pageSize=100&type=rankSingles&sort=asc&metric=SINGLES&at=2025-02-03&name=&nationality=,2026-03-22T00:44:28Z
wta,2025-02-03,324543,Nefisa Berberovic,Nefisa Berberovic,1359,4,https://api.wtatennis.com/tennis/players/ranked?page=13&pageSize=100&type=rankSingles&sort=asc&metric=SINGLES&at=2025-02-03&name=&nationality=,2026-03-22T00:44:28Z
wta,2025-02-03,333135,Monika  Ekstrand,Monika  Ekstrand,1359,4,https://api.wtatennis.com/tennis/players/ranked?page=13&pageSize=100&type=rankSingles&sort=asc&metric=SINGLES&at=2025-02-03&name=&nationality=,2026-03-22T00:44:28Z
wta,2025-02-03,332603,Alexia Lavinia Puiac,Alexia Lavinia Puiac,1359,4,https://api.wtatennis.com/tennis/players/ranked?page=13&pageSize=100&type=rankSingles&sort=asc&metric=SINGLES&at=2025-02-03&name=&nationality=,2026-03-22T00:44:28Z
wta,2025-02-03,332769,Adela Polakovicova,Adela Polakovicova,1359,4,https://api.wtatennis.com/tennis/players/ranked?page=13&pageSize=100&type=rankSingles&sort=asc&metric=SINGLES&at=2025-02-03&name=&nationality=,2026-03-22T00:44:28Z
wta,2025-02-03,332867,Iulia Bucea,Iulia Bucea,1359,4,https://api.wtatennis.com/tennis/players/ranked?page=13&pageSize=100&type=rankSingles&sort=asc&metric=SINGLES&at=2025-02-03&name=&nationality=,2026-03-22T00:44:28Z
wta,2025-02-03,331512,Lena Couto,Lena Couto,1359,4,https://api.wtatennis.com/tennis/players/ranked?page=13&pageSize=100&type=rankSingles&sort=asc&metric=SINGLES&at=2025-02-03&name=&nationality=,2026-03-22T00:44:28Z
wta,2025-02-03,334234,Scarlet Kavanagh,Scarlet Kavanagh,1359,4,https://api.wtatennis.com/tennis/players/ranked?page=13&pageSize=100&type=rankSingles&sort=asc&metric=SINGLES&at=2025-02-03&name=&nationality=,2026-03-22T00:44:28Z
wta,2025-02-03,334238,Juliette Trunet,Juliette Trunet,1375,4,https://api.wtatennis.com/tennis/players/ranked?page=13&pageSize=100&type=rankSingles&sort=asc&metric=SINGLES&at=2025-02-03&name=&nationality=,2026-03-22T00:44:28Z
wta,2025-02-03,334546,Sabrina Olimjanova,Sabrina Olimjanova,1375,4,https://api.wtatennis.com/tennis/players/ranked?page=13&pageSize=100&type=rankSingles&sort=asc&metric=SINGLES&at=2025-02-03&name=&nationality=,2026-03-22T00:44:28Z
wta,2025-02-03,331419,Ida Johansson,Ida Johansson,1375,4,https://api.wtatennis.com/tennis/players/ranked?page=13&pageSize=100&type=rankSingles&sort=asc&metric=SINGLES&at=2025-02-03&name=&nationality=,2026-03-22T00:44:28Z
wta,2025-02-03,331306,Carolina Xavier Laydner,Carolina Xavier Laydner,1375,4,https://api.wtatennis.com/tennis/players/ranked?page=13&pageSize=100&type=rankSingles&sort=asc&metric=SINGLES&at=2025-02-03&name=&nationality=,2026-03-22T00:44:28Z
wta,2025-02-03,332504,Kayla Brianne Moore,Kayla Brianne Moore,1375,4,https://api.wtatennis.com/tennis/players/ranked?page=13&pageSize=100&type=rankSingles&sort=asc&metric=SINGLES&at=2025-02-03&name=&nationality=,2026-03-22T00:44:28Z
wta,2025-02-03,324622,Polina Bakhmutkina,Polina Bakhmutkina,1375,4,https://api.wtatennis.com/tennis/players/ranked?page=13&pageSize=100&type=rankSingles&sort=asc&metric=SINGLES&at=2025-02-03&name=&nationality=,2026-03-22T00:44:28Z
wta,2025-02-03,328575,Zhenghua Xiao,Zhenghua Xiao,1375,4,https://api.wtatennis.com/tennis/players/ranked?page=13&pageSize=100&type=rankSingles&sort=asc&metric=SINGLES&at=2025-02-03&name=&nationality=,2026-03-22T00:44:28Z
wta,2025-02-03,328845,Zdena Safarova,Zdena Safarova,1375,4,https://api.wtatennis.com/tennis/players/ranked?page=13&pageSize=100&type=rankSingles&sort=asc&metric=SINGLES&at=2025-02-03&name=&nationality=,2026-03-22T00:44:28Z
wta,2025-02-03,326468,Noa Liauw A Fong,Noa Liauw A Fong,1375,4,https://api.wtatennis.com/tennis/players/ranked?page=13&pageSize=100&type=rankSingles&sort=asc&metric=SINGLES&at=2025-02-03&name=&nationality=,2026-03-22T00:44:28Z
wta,2025-02-03,325906,Milana Maslenkova,Milana Maslenkova,1375,4,https://api.wtatennis.com/tennis/players/ranked?page=13&pageSize=100&type=rankSingles&sort=asc&metric=SINGLES&at=2025-02-03&name=&nationality=,2026-03-22T00:44:28Z
wta,2025-02-03,325808,Jiaying He,Jiaying He,1375,4,https://api.wtatennis.com/tennis/players/ranked?page=13&pageSize=100&type=rankSingles&sort=asc&metric=SINGLES&at=2025-02-03&name=&nationality=,2026-03-22T00:44:28Z
wta,2025-02-03,325843,Juliette Mazzoni,Juliette Mazzoni,1375,4,https://api.wtatennis.com/tennis/players/ranked?page=13&pageSize=100&type=rankSingles&sort=asc&metric=SINGLES&at=2025-02-03&name=&nationality=,2026-03-22T00:44:28Z
wta,2025-02-03,325860,Helena Stevic,Helena Stevic,1375,4,https://api.wtatennis.com/tennis/players/ranked?page=13&pageSize=100&type=rankSingles&sort=asc&metric=SINGLES&at=2025-02-03&name=&nationality=,2026-03-22T00:44:28Z
wta,2025-02-03,326798,Julia Rennert,Julia Rennert,1375,4,https://api.wtatennis.com/tennis/players/ranked?page=13&pageSize=100&type=rankSingles&sort=asc&metric=SINGLES&at=2025-02-03&name=&nationality=,2026-03-22T00:44:28Z
wta,2025-02-03,327273,Teresa Franco Dias,Teresa Franco Dias,1375,4,https://api.wtatennis.com/tennis/players/ranked?page=13&pageSize=100&type=rankSingles&sort=asc&metric=SINGLES&at=2025-02-03&name=&nationality=,2026-03-22T00:44:28Z
wta,2025-02-03,329927,Judith Hernandez Miranda,Judith Hernandez Miranda,1375,4,https://api.wtatennis.com/tennis/players/ranked?page=13&pageSize=100&type=rankSingles&sort=asc&metric=SINGLES&at=2025-02-03&name=&nationality=,2026-03-22T00:44:28Z
wta,2025-02-03,329895,Caterina Odorizzi,Caterina Odorizzi,1375,4,https://api.wtatennis.com/tennis/players/ranked?page=13&pageSize=100&type=rankSingles&sort=asc&metric=SINGLES&at=2025-02-03&name=&nationality=,2026-03-22T00:44:28Z
wta,2025-02-03,329676,Jessica Alsola,Jessica Alsola,1375,4,https://api.wtatennis.com/tennis/players/ranked?page=13&pageSize=100&type=rankSingles&sort=asc&metric=SINGLES&at=2025-02-03&name=&nationality=,2026-03-22T00:44:28Z
wta,2025-02-03,330103,Liisa Varul,Liisa Varul,1375,4,https://api.wtatennis.com/tennis/players/ranked?page=13&pageSize=100&type=rankSingles&sort=asc&metric=SINGLES&at=2025-02-03&name=&nationality=,2026-03-22T00:44:28Z
wta,2025-02-03,329344,Andre Lukosiute,Andre Lukosiute,1375,4,https://api.wtatennis.com/tennis/players/ranked?page=13&pageSize=100&type=rankSingles&sort=asc&metric=SINGLES&at=2025-02-03&name=&nationality=,2026-03-22T00:44:28Z
wta,2025-02-03,330825,Alian Zack,Alian Zack,1375,4,https://api.wtatennis.com/tennis/players/ranked?page=13&pageSize=100&type=rankSingles&sort=asc&metric=SINGLES&at=2025-02-03&name=&nationality=,2026-03-22T00:44:28Z
wta,2025-02-03,330385,Klara Veldman,Klara Veldman,1375,4,https://api.wtatennis.com/tennis/players/ranked?page=13&pageSize=100&type=rankSingles&sort=asc&metric=SINGLES&at=2025-02-03&name=&nationality=,2026-03-22T00:44:28Z
wta,2025-02-03,315314,Ulrikke Eikeri,Ulrikke Eikeri,1397,3,https://api.wtatennis.com/tennis/players/ranked?page=13&pageSize=100&type=rankSingles&sort=asc&metric=SINGLES&at=2025-02-03&name=&nationality=,2026-03-22T00:44:28Z
wta,2025-02-03,322043,Raveena Kingsley,Raveena Kingsley,1398,3,https://api.wtatennis.com/tennis/players/ranked?page=13&pageSize=100&type=rankSingles&sort=asc&metric=SINGLES&at=2025-02-03&name=&nationality=,2026-03-22T00:44:28Z
wta,2025-02-03,322120,Ana Becerra,Ana Becerra,1398,3,https://api.wtatennis.com/tennis/players/ranked?page=13&pageSize=100&type=rankSingles&sort=asc&metric=SINGLES&at=2025-02-03&name=&nationality=,2026-03-22T00:44:28Z
wta,2025-02-03,330152,Viera Deeperm,Viera Deeperm,1398,3,https://api.wtatennis.com/tennis/players/ranked?page=13&pageSize=100&type=rankSingles&sort=asc&metric=SINGLES&at=2025-02-03&name=&nationality=,2026-03-22T00:44:28Z
wta,2025-02-03,331174,Ranim Rassil,Ranim Rassil,1398,3,https://api.wtatennis.com/tennis/players/ranked?page=14&pageSize=100&type=rankSingles&sort=asc&metric=SINGLES&at=2025-02-03&name=&nationality=,2026-03-22T00:44:29Z
wta,2025-02-03,331418,Anna Semenova,Anna Semenova,1402,3,https://api.wtatennis.com/tennis/players/ranked?page=14&pageSize=100&type=rankSingles&sort=asc&metric=SINGLES&at=2025-02-03&name=&nationality=,2026-03-22T00:44:29Z
wta,2025-02-03,331504,Natalia Kowalczyk,Natalia Kowalczyk,1402,3,https://api.wtatennis.com/tennis/players/ranked?page=14&pageSize=100&type=rankSingles&sort=asc&metric=SINGLES&at=2025-02-03&name=&nationality=,2026-03-22T00:44:29Z
wta,2025-02-03,331619,Marta Soriano Santiago,Marta Soriano Santiago,1402,3,https://api.wtatennis.com/tennis/players/ranked?page=14&pageSize=100&type=rankSingles&sort=asc&metric=SINGLES&at=2025-02-03&name=&nationality=,2026-03-22T00:44:29Z
wta,2025-02-03,331680,Gabriela Kawano Cho,Gabriela Kawano Cho,1402,3,https://api.wtatennis.com/tennis/players/ranked?page=14&pageSize=100&type=rankSingles&sort=asc&metric=SINGLES&at=2025-02-03&name=&nationality=,2026-03-22T00:44:29Z
wta,2025-02-03,332347,Naomi Xu,Naomi Xu,1402,3,https://api.wtatennis.com/tennis/players/ranked?page=14&pageSize=100&type=rankSingles&sort=asc&metric=SINGLES&at=2025-02-03&name=&nationality=,2026-03-22T00:44:29Z
wta,2025-02-03,332402,Alexa Volkov,Alexa Volkov,1402,3,https://api.wtatennis.com/tennis/players/ranked?page=14&pageSize=100&type=rankSingles&sort=asc&metric=SINGLES&at=2025-02-03&name=&nationality=,2026-03-22T00:44:29Z
wta,2025-02-03,332258,Abhilasha Bista,Abhilasha Bista,1402,3,https://api.wtatennis.com/tennis/players/ranked?page=14&pageSize=100&type=rankSingles&sort=asc&metric=SINGLES&at=2025-02-03&name=&nationality=,2026-03-22T00:44:29Z
wta,2025-02-03,331790,Anjali Rathi,Anjali Rathi,1402,3,https://api.wtatennis.com/tennis/players/ranked?page=14&pageSize=100&type=rankSingles&sort=asc&metric=SINGLES&at=2025-02-03&name=&nationality=,2026-03-22T00:44:29Z
wta,2025-02-03,331967,Jaquelyn Ogunwale,Jaquelyn Ogunwale,1402,3,https://api.wtatennis.com/tennis/players/ranked?page=14&pageSize=100&type=rankSingles&sort=asc&metric=SINGLES&at=2025-02-03&name=&nationality=,2026-03-22T00:44:29Z
wta,2025-02-03,331923,Vladislava Andreevskaya,Vladislava Andreevskaya,1402,3,https://api.wtatennis.com/tennis/players/ranked?page=14&pageSize=100&type=rankSingles&sort=asc&metric=SINGLES&at=2025-02-03&name=&nationality=,2026-03-22T00:44:29Z
wta,2025-02-03,332046,Carla Tomai,Carla Tomai,1402,3,https://api.wtatennis.com/tennis/players/ranked?page=14&pageSize=100&type=rankSingles&sort=asc&metric=SINGLES&at=2025-02-03&name=&nationality=,2026-03-22T00:44:29Z
wta,2025-02-03,332709,Alice Pesci,Alice Pesci,1402,3,https://api.wtatennis.com/tennis/players/ranked?page=14&pageSize=100&type=rankSingles&sort=asc&metric=SINGLES&at=2025-02-03&name=&nationality=,2026-03-22T00:44:29Z
wta,2025-02-03,332969,Natalie  Gaft,Natalie  Gaft,1402,3,https://api.wtatennis.com/tennis/players/ranked?page=14&pageSize=100&type=rankSingles&sort=asc&metric=SINGLES&at=2025-02-03&name=&nationality=,2026-03-22T00:44:29Z
wta,2025-02-03,333192,Shihomi Li Xuan Leong,Shihomi Li Xuan Leong,1402,3,https://api.wtatennis.com/tennis/players/ranked?page=14&pageSize=100&type=rankSingles&sort=asc&metric=SINGLES&at=2025-02-03&name=&nationality=,2026-03-22T00:44:29Z
wta,2025-02-03,333200,I Wen Wan,I Wen Wan,1402,3,https://api.wtatennis.com/tennis/players/ranked?page=14&pageSize=100&type=rankSingles&sort=asc&metric=SINGLES&at=2025-02-03&name=&nationality=,2026-03-22T00:44:29Z
wta,2025-02-03,333243,Tianmei Wang,Tianmei Wang,1402,3,https://api.wtatennis.com/tennis/players/ranked?page=14&pageSize=100&type=rankSingles&sort=asc&metric=SINGLES&at=2025-02-03&name=&nationality=,2026-03-22T00:44:29Z
wta,2025-02-03,333523,Carina Syrtveit,Carina Syrtveit,1402,3,https://api.wtatennis.com/tennis/players/ranked?page=14&pageSize=100&type=rankSingles&sort=asc&metric=SINGLES&at=2025-02-03&name=&nationality=,2026-03-22T00:44:29Z
wta,2025-02-03,333465,Miroslava Medvedeva,Miroslava Medvedeva,1402,3,https://api.wtatennis.com/tennis/players/ranked?page=14&pageSize=100&type=rankSingles&sort=asc&metric=SINGLES&at=2025-02-03&name=&nationality=,2026-03-22T00:44:29Z
wta,2025-02-03,333682,Matilde Parreira,Matilde Parreira,1402,3,https://api.wtatennis.com/tennis/players/ranked?page=14&pageSize=100&type=rankSingles&sort=asc&metric=SINGLES&at=2025-02-03&name=&nationality=,2026-03-22T00:44:29Z
wta,2025-02-03,333794,Meshkatolzahra Safi,Meshkatolzahra Safi,1402,3,https://api.wtatennis.com/tennis/players/ranked?page=14&pageSize=100&type=rankSingles&sort=asc&metric=SINGLES&at=2025-02-03&name=&nationality=,2026-03-22T00:44:29Z
wta,2025-02-03,334828,Dominika Podhajecka,Dominika Podhajecka,1402,3,https://api.wtatennis.com/tennis/players/ranked?page=14&pageSize=100&type=rankSingles&sort=asc&metric=SINGLES&at=2025-02-03&name=&nationality=,2026-03-22T00:44:29Z
wta,2025-02-03,334448,Kaitlyn Leigh Ramduth,Kaitlyn Leigh Ramduth,1402,3,https://api.wtatennis.com/tennis/players/ranked?page=14&pageSize=100&type=rankSingles&sort=asc&metric=SINGLES&at=2025-02-03&name=&nationality=,2026-03-22T00:44:29Z
wta,2025-02-03,334894,Kaili Demi Teso,Kaili Demi Teso,1402,3,https://api.wtatennis.com/tennis/players/ranked?page=14&pageSize=100&type=rankSingles&sort=asc&metric=SINGLES&at=2025-02-03&name=&nationality=,2026-03-22T00:44:29Z
wta,2025-02-03,335062,Francisca Laundes,Francisca Laundes,1402,3,https://api.wtatennis.com/tennis/players/ranked?page=14&pageSize=100&type=rankSingles&sort=asc&metric=SINGLES&at=2025-02-03&name=&nationality=,2026-03-22T00:44:29Z
wta,2025-02-03,335315,Neus Torner Sensano,Neus Torner Sensano,1402,3,https://api.wtatennis.com/tennis/players/ranked?page=14&pageSize=100&type=rankSingles&sort=asc&metric=SINGLES&at=2025-02-03&name=&nationality=,2026-03-22T00:44:29Z
wta,2025-02-03,330125,Noemi La Cagnina,Noemi La Cagnina,1402,3,https://api.wtatennis.com/tennis/players/ranked?page=14&pageSize=100&type=rankSingles&sort=asc&metric=SINGLES&at=2025-02-03&name=&nationality=,2026-03-22T00:44:29Z
wta,2025-02-03,329867,Martina Marusinova,Martina Marusinova,1402,3,https://api.wtatennis.com/tennis/players/ranked?page=14&pageSize=100&type=rankSingles&sort=asc&metric=SINGLES&at=2025-02-03&name=&nationality=,2026-03-22T00:44:29Z
wta,2025-02-03,329930,Tatyana Nikolenko,Tatyana Nikolenko,1402,3,https://api.wtatennis.com/tennis/players/ranked?page=14&pageSize=100&type=rankSingles&sort=asc&metric=SINGLES&at=2025-02-03&name=&nationality=,2026-03-22T00:44:29Z
wta,2025-02-03,329807,Stefanie Auer,Stefanie Auer,1402,3,https://api.wtatennis.com/tennis/players/ranked?page=14&pageSize=100&type=rankSingles&sort=asc&metric=SINGLES&at=2025-02-03&name=&nationality=,2026-03-22T00:44:29Z
wta,2025-02-03,329391,Zhanel Rustemova,Zhanel Rustemova,1402,3,https://api.wtatennis.com/tennis/players/ranked?page=14&pageSize=100&type=rankSingles&sort=asc&metric=SINGLES&at=2025-02-03&name=&nationality=,2026-03-22T00:44:29Z
wta,2025-02-03,329503,Jin Zhang,Jin Zhang,1402,3,https://api.wtatennis.com/tennis/players/ranked?page=14&pageSize=100&type=rankSingles&sort=asc&metric=SINGLES&at=2025-02-03&name=&nationality=,2026-03-22T00:44:29Z
wta,2025-02-03,329039,Beatris Spasova,Beatris Spasova,1402,3,https://api.wtatennis.com/tennis/players/ranked?page=14&pageSize=100&type=rankSingles&sort=asc&metric=SINGLES&at=2025-02-03&name=&nationality=,2026-03-22T00:44:29Z
wta,2025-02-03,330470,Eva Alvarez Sande,Eva Alvarez Sande,1402,3,https://api.wtatennis.com/tennis/players/ranked?page=14&pageSize=100&type=rankSingles&sort=asc&metric=SINGLES&at=2025-02-03&name=&nationality=,2026-03-22T00:44:29Z
wta,2025-02-03,330437,Nikol Palecek,Nikol Palecek,1402,3,https://api.wtatennis.com/tennis/players/ranked?page=14&pageSize=100&type=rankSingles&sort=asc&metric=SINGLES&at=2025-02-03&name=&nationality=,2026-03-22T00:44:29Z
wta,2025-02-03,330667,Paavanii Paathak,Paavanii Paathak,1402,3,https://api.wtatennis.com/tennis/players/ranked?page=14&pageSize=100&type=rankSingles&sort=asc&metric=SINGLES&at=2025-02-03&name=&nationality=,2026-03-22T00:44:29Z
wta,2025-02-03,330763,Dana Baidaulet,Dana Baidaulet,1402,3,https://api.wtatennis.com/tennis/players/ranked?page=14&pageSize=100&type=rankSingles&sort=asc&metric=SINGLES&at=2025-02-03&name=&nationality=,2026-03-22T00:44:29Z
wta,2025-02-03,330764,Asylzhan Arystanbekova,Asylzhan Arystanbekova,1402,3,https://api.wtatennis.com/tennis/players/ranked?page=14&pageSize=100&type=rankSingles&sort=asc&metric=SINGLES&at=2025-02-03&name=&nationality=,2026-03-22T00:44:29Z
wta,2025-02-03,331041,Anastasia Golubkova,Anastasia Golubkova,1402,3,https://api.wtatennis.com/tennis/players/ranked?page=14&pageSize=100&type=rankSingles&sort=asc&metric=SINGLES&at=2025-02-03&name=&nationality=,2026-03-22T00:44:29Z
wta,2025-02-03,331078,Sarafina Hansen,Sarafina Hansen,1402,3,https://api.wtatennis.com/tennis/players/ranked?page=14&pageSize=100&type=rankSingles&sort=asc&metric=SINGLES&at=2025-02-03&name=&nationality=,2026-03-22T00:44:29Z
wta,2025-02-03,331097,Elina Zakharova,Elina Zakharova,1402,3,https://api.wtatennis.com/tennis/players/ranked?page=14&pageSize=100&type=rankSingles&sort=asc&metric=SINGLES&at=2025-02-03&name=&nationality=,2026-03-22T00:44:29Z
wta,2025-02-03,327357,Vanshita Pathania,Vanshita Pathania,1402,3,https://api.wtatennis.com/tennis/players/ranked?page=14&pageSize=100&type=rankSingles&sort=asc&metric=SINGLES&at=2025-02-03&name=&nationality=,2026-03-22T00:44:29Z
wta,2025-02-03,326080,Victoria Mikhaylova,Victoria Mikhaylova,1402,3,https://api.wtatennis.com/tennis/players/ranked?page=14&pageSize=100&type=rankSingles&sort=asc&metric=SINGLES&at=2025-02-03&name=&nationality=,2026-03-22T00:44:29Z
wta,2025-02-03,328724,Stefana Lazar,Stefana Lazar,1402,3,https://api.wtatennis.com/tennis/players/ranked?page=14&pageSize=100&type=rankSingles&sort=asc&metric=SINGLES&at=2025-02-03&name=&nationality=,2026-03-22T00:44:29Z
wta,2025-02-03,328571,Tara Malik,Tara Malik,1402,3,https://api.wtatennis.com/tennis/players/ranked?page=14&pageSize=100&type=rankSingles&sort=asc&metric=SINGLES&at=2025-02-03&name=&nationality=,2026-03-22T00:44:29Z
wta,2025-02-03,328371,Shuoran Wang,Shuoran Wang,1402,3,https://api.wtatennis.com/tennis/players/ranked?page=14&pageSize=100&type=rankSingles&sort=asc&metric=SINGLES&at=2025-02-03&name=&nationality=,2026-03-22T00:44:29Z
wta,2025-02-03,328318,Abigail Rencheli,Abigail Rencheli,1402,3,https://api.wtatennis.com/tennis/players/ranked?page=14&pageSize=100&type=rankSingles&sort=asc&metric=SINGLES&at=2025-02-03&name=&nationality=,2026-03-22T00:44:29Z
wta,2025-02-03,327759,Melina Maruca,Melina Maruca,1402,3,https://api.wtatennis.com/tennis/players/ranked?page=14&pageSize=100&type=rankSingles&sort=asc&metric=SINGLES&at=2025-02-03&name=&nationality=,2026-03-22T00:44:29Z
wta,2025-02-03,322258,Abigail Amos,Abigail Amos,1402,3,https://api.wtatennis.com/tennis/players/ranked?page=14&pageSize=100&type=rankSingles&sort=asc&metric=SINGLES&at=2025-02-03&name=&nationality=,2026-03-22T00:44:29Z
wta,2025-02-03,322345,Khrystyna Vozniak,Khrystyna Vozniak,1402,3,https://api.wtatennis.com/tennis/players/ranked?page=14&pageSize=100&type=rankSingles&sort=asc&metric=SINGLES&at=2025-02-03&name=&nationality=,2026-03-22T00:44:29Z
wta,2025-02-03,322601,Agustina Chlpac,Agustina Chlpac,1402,3,https://api.wtatennis.com/tennis/players/ranked?page=14&pageSize=100&type=rankSingles&sort=asc&metric=SINGLES&at=2025-02-03&name=&nationality=,2026-03-22T00:44:29Z
wta,2025-02-03,321282,Andreea Rosca,Andreea Rosca,1402,3,https://api.wtatennis.com/tennis/players/ranked?page=14&pageSize=100&type=rankSingles&sort=asc&metric=SINGLES&at=2025-02-03&name=&nationality=,2026-03-22T00:44:29Z
wta,2025-02-03,324310,Emma Mazzoni,Emma Mazzoni,1402,3,https://api.wtatennis.com/tennis/players/ranked?page=14&pageSize=100&type=rankSingles&sort=asc&metric=SINGLES&at=2025-02-03&name=&nationality=,2026-03-22T00:44:29Z
wta,2025-02-03,325780,Maika Adair,Maika Adair,1402,3,https://api.wtatennis.com/tennis/players/ranked?page=14&pageSize=100&type=rankSingles&sort=asc&metric=SINGLES&at=2025-02-03&name=&nationality=,2026-03-22T00:44:29Z
wta,2025-02-03,314471,Sandy Marti,Sandy Marti,1402,3,https://api.wtatennis.com/tennis/players/ranked?page=14&pageSize=100&type=rankSingles&sort=asc&metric=SINGLES&at=2025-02-03&name=&nationality=,2026-03-22T00:44:29Z
wta,2025-02-03,314245,Yolande Leacock,Yolande Leacock,1402,3,https://api.wtatennis.com/tennis/players/ranked?page=14&pageSize=100&type=rankSingles&sort=asc&metric=SINGLES&at=2025-02-03&name=&nationality=,2026-03-22T00:44:29Z
wta,2025-02-03,315561,Ani Vangelova,Ani Vangelova,1402,3,https://api.wtatennis.com/tennis/players/ranked?page=14&pageSize=100&type=rankSingles&sort=asc&metric=SINGLES&at=2025-02-03&name=&nationality=,2026-03-22T00:44:29Z
