tour,snapshot_date,player_id,display_name,full_name,rank,rank_points,source_url,fetched_at_utc
wta,2024-01-29,326408,Iga Swiatek,Iga Swiatek,1,9770,https://api.wtatennis.com/tennis/players/ranked?page=0&pageSize=100&type=rankSingles&sort=asc&metric=SINGLES&at=2024-01-29&name=&nationality=,2026-03-22T00:53:07Z
wta,2024-01-29,320760,Aryna Sabalenka,Aryna Sabalenka,2,8905,https://api.wtatennis.com/tennis/players/ranked?page=0&pageSize=100&type=rankSingles&sort=asc&metric=SINGLES&at=2024-01-29&name=&nationality=,2026-03-22T00:53:07Z
wta,2024-01-29,328560,Coco Gauff,Coco Gauff,3,7200,https://api.wtatennis.com/tennis/players/ranked?page=0&pageSize=100&type=rankSingles&sort=asc&metric=SINGLES&at=2024-01-29&name=&nationality=,2026-03-22T00:53:07Z
wta,2024-01-29,316956,Jessica Pegula,Jessica Pegula,4,5705,https://api.wtatennis.com/tennis/players/ranked?page=0&pageSize=100&type=rankSingles&sort=asc&metric=SINGLES&at=2024-01-29&name=&nationality=,2026-03-22T00:53:07Z
wta,2024-01-29,324166,Elena Rybakina,Elena Rybakina,5,5688,https://api.wtatennis.com/tennis/players/ranked?page=0&pageSize=100&type=rankSingles&sort=asc&metric=SINGLES&at=2024-01-29&name=&nationality=,2026-03-22T00:53:07Z
wta,2024-01-29,316847,Ons Jabeur,Ons Jabeur,6,4076,https://api.wtatennis.com/tennis/players/ranked?page=0&pageSize=100&type=rankSingles&sort=asc&metric=SINGLES&at=2024-01-29&name=&nationality=,2026-03-22T00:53:07Z
wta,2024-01-29,328120,Qinwen Zheng,Qinwen Zheng,7,3950,https://api.wtatennis.com/tennis/players/ranked?page=0&pageSize=100&type=rankSingles&sort=asc&metric=SINGLES&at=2024-01-29&name=&nationality=,2026-03-22T00:53:07Z
wta,2024-01-29,323027,Marketa Vondrousova,Marketa Vondrousova,8,3846,https://api.wtatennis.com/tennis/players/ranked?page=0&pageSize=100&type=rankSingles&sort=asc&metric=SINGLES&at=2024-01-29&name=&nationality=,2026-03-22T00:53:07Z
wta,2024-01-29,318312,Maria Sakkari,Maria Sakkari,9,3710,https://api.wtatennis.com/tennis/players/ranked?page=0&pageSize=100&type=rankSingles&sort=asc&metric=SINGLES&at=2024-01-29&name=&nationality=,2026-03-22T00:53:07Z
wta,2024-01-29,322191,Karolina Muchova,Karolina Muchova,10,3520,https://api.wtatennis.com/tennis/players/ranked?page=0&pageSize=100&type=rankSingles&sort=asc&metric=SINGLES&at=2024-01-29&name=&nationality=,2026-03-22T00:53:07Z
wta,2024-01-29,318314,Barbora Krejcikova,Barbora Krejcikova,11,3081,https://api.wtatennis.com/tennis/players/ranked?page=0&pageSize=100&type=rankSingles&sort=asc&metric=SINGLES&at=2024-01-29&name=&nationality=,2026-03-22T00:53:07Z
wta,2024-01-29,319939,Jelena Ostapenko,Jelena Ostapenko,12,3028,https://api.wtatennis.com/tennis/players/ranked?page=0&pageSize=100&type=rankSingles&sort=asc&metric=SINGLES&at=2024-01-29&name=&nationality=,2026-03-22T00:53:07Z
wta,2024-01-29,318176,Beatriz Haddad Maia,Beatriz Haddad Maia,13,2950,https://api.wtatennis.com/tennis/players/ranked?page=0&pageSize=100&type=rankSingles&sort=asc&metric=SINGLES&at=2024-01-29&name=&nationality=,2026-03-22T00:53:07Z
wta,2024-01-29,322082,Daria Kasatkina,Daria Kasatkina,14,2838,https://api.wtatennis.com/tennis/players/ranked?page=0&pageSize=100&type=rankSingles&sort=asc&metric=SINGLES&at=2024-01-29&name=&nationality=,2026-03-22T00:53:07Z
wta,2024-01-29,322222,Liudmila Samsonova,Liudmila Samsonova,15,2700,https://api.wtatennis.com/tennis/players/ranked?page=0&pageSize=100&type=rankSingles&sort=asc&metric=SINGLES&at=2024-01-29&name=&nationality=,2026-03-22T00:53:07Z
wta,2024-01-29,319526,Veronika Kudermetova,Veronika Kudermetova,16,2495,https://api.wtatennis.com/tennis/players/ranked?page=0&pageSize=100&type=rankSingles&sort=asc&metric=SINGLES&at=2024-01-29&name=&nationality=,2026-03-22T00:53:07Z
wta,2024-01-29,316959,Madison Keys,Madison Keys,17,2478,https://api.wtatennis.com/tennis/players/ranked?page=0&pageSize=100&type=rankSingles&sort=asc&metric=SINGLES&at=2024-01-29&name=&nationality=,2026-03-22T00:53:07Z
wta,2024-01-29,314206,Petra Kvitova,Petra Kvitova,18,2465,https://api.wtatennis.com/tennis/players/ranked?page=0&pageSize=100&type=rankSingles&sort=asc&metric=SINGLES&at=2024-01-29&name=&nationality=,2026-03-22T00:53:07Z
wta,2024-01-29,316738,Elina Svitolina,Elina Svitolina,19,2212,https://api.wtatennis.com/tennis/players/ranked?page=0&pageSize=100&type=rankSingles&sort=asc&metric=SINGLES&at=2024-01-29&name=&nationality=,2026-03-22T00:53:07Z
wta,2024-01-29,315391,Caroline Garcia,Caroline Garcia,20,2160,https://api.wtatennis.com/tennis/players/ranked?page=0&pageSize=100&type=rankSingles&sort=asc&metric=SINGLES&at=2024-01-29&name=&nationality=,2026-03-22T00:53:07Z
wta,2024-01-29,319007,Ekaterina Alexandrova,Ekaterina Alexandrova,21,2095,https://api.wtatennis.com/tennis/players/ranked?page=0&pageSize=100&type=rankSingles&sort=asc&metric=SINGLES&at=2024-01-29&name=&nationality=,2026-03-22T00:53:07Z
wta,2024-01-29,319001,Belinda Bencic,Belinda Bencic,22,1837,https://api.wtatennis.com/tennis/players/ranked?page=0&pageSize=100&type=rankSingles&sort=asc&metric=SINGLES&at=2024-01-29&name=&nationality=,2026-03-22T00:53:07Z
wta,2024-01-29,325410,Emma Navarro,Emma Navarro,23,1803,https://api.wtatennis.com/tennis/players/ranked?page=0&pageSize=100&type=rankSingles&sort=asc&metric=SINGLES&at=2024-01-29&name=&nationality=,2026-03-22T00:53:07Z
wta,2024-01-29,319280,Jasmine Paolini,Jasmine Paolini,24,1760,https://api.wtatennis.com/tennis/players/ranked?page=0&pageSize=100&type=rankSingles&sort=asc&metric=SINGLES&at=2024-01-29&name=&nationality=,2026-03-22T00:53:07Z
wta,2024-01-29,312469,Sorana Cirstea,Sorana Cirstea,25,1722,https://api.wtatennis.com/tennis/players/ranked?page=0&pageSize=100&type=rankSingles&sort=asc&metric=SINGLES&at=2024-01-29&name=&nationality=,2026-03-22T00:53:07Z
wta,2024-01-29,317964,Elise Mertens,Elise Mertens,26,1653,https://api.wtatennis.com/tennis/players/ranked?page=0&pageSize=100&type=rankSingles&sort=asc&metric=SINGLES&at=2024-01-29&name=&nationality=,2026-03-22T00:53:07Z
wta,2024-01-29,325601,Anastasia Potapova,Anastasia Potapova,27,1634,https://api.wtatennis.com/tennis/players/ranked?page=0&pageSize=100&type=rankSingles&sort=asc&metric=SINGLES&at=2024-01-29&name=&nationality=,2026-03-22T00:53:07Z
wta,2024-01-29,326482,Marta Kostyuk,Marta Kostyuk,28,1630,https://api.wtatennis.com/tennis/players/ranked?page=0&pageSize=100&type=rankSingles&sort=asc&metric=SINGLES&at=2024-01-29&name=&nationality=,2026-03-22T00:53:07Z
wta,2024-01-29,324261,Dayana Yastremska,Dayana Yastremska,29,1587,https://api.wtatennis.com/tennis/players/ranked?page=0&pageSize=100&type=rankSingles&sort=asc&metric=SINGLES&at=2024-01-29&name=&nationality=,2026-03-22T00:53:07Z
wta,2024-01-29,329668,Linda Noskova,Linda Noskova,30,1571,https://api.wtatennis.com/tennis/players/ranked?page=0&pageSize=100&type=rankSingles&sort=asc&metric=SINGLES&at=2024-01-29&name=&nationality=,2026-03-22T00:53:07Z
wta,2024-01-29,315295,Lesia Tsurenko,Lesia Tsurenko,31,1542,https://api.wtatennis.com/tennis/players/ranked?page=0&pageSize=100&type=rankSingles&sort=asc&metric=SINGLES&at=2024-01-29&name=&nationality=,2026-03-22T00:53:07Z
wta,2024-01-29,320567,Anhelina Kalinina,Anhelina Kalinina,32,1480,https://api.wtatennis.com/tennis/players/ranked?page=0&pageSize=100&type=rankSingles&sort=asc&metric=SINGLES&at=2024-01-29&name=&nationality=,2026-03-22T00:53:07Z
wta,2024-01-29,312001,Victoria Azarenka,Victoria Azarenka,33,1471,https://api.wtatennis.com/tennis/players/ranked?page=0&pageSize=100&type=rankSingles&sort=asc&metric=SINGLES&at=2024-01-29&name=&nationality=,2026-03-22T00:53:07Z
wta,2024-01-29,318516,Donna Vekic,Donna Vekic,34,1445,https://api.wtatennis.com/tennis/players/ranked?page=0&pageSize=100&type=rankSingles&sort=asc&metric=SINGLES&at=2024-01-29&name=&nationality=,2026-03-22T00:53:07Z
wta,2024-01-29,331809,Mirra Andreeva,Mirra Andreeva,35,1408,https://api.wtatennis.com/tennis/players/ranked?page=0&pageSize=100&type=rankSingles&sort=asc&metric=SINGLES&at=2024-01-29&name=&nationality=,2026-03-22T00:53:07Z
wta,2024-01-29,320983,Marie Bouzkova,Marie Bouzkova,36,1382,https://api.wtatennis.com/tennis/players/ranked?page=0&pageSize=100&type=rankSingles&sort=asc&metric=SINGLES&at=2024-01-29&name=&nationality=,2026-03-22T00:53:07Z
wta,2024-01-29,326735,Leylah Fernandez,Leylah Fernandez,37,1355,https://api.wtatennis.com/tennis/players/ranked?page=0&pageSize=100&type=rankSingles&sort=asc&metric=SINGLES&at=2024-01-29&name=&nationality=,2026-03-22T00:53:07Z
wta,2024-01-29,323942,Anna Kalinskaya,Anna Kalinskaya,38,1343,https://api.wtatennis.com/tennis/players/ranked?page=0&pageSize=100&type=rankSingles&sort=asc&metric=SINGLES&at=2024-01-29&name=&nationality=,2026-03-22T00:53:07Z
wta,2024-01-29,315683,Sloane Stephens,Sloane Stephens,39,1322,https://api.wtatennis.com/tennis/players/ranked?page=0&pageSize=100&type=rankSingles&sort=asc&metric=SINGLES&at=2024-01-29&name=&nationality=,2026-03-22T00:53:07Z
wta,2024-01-29,326376,Xinyu Wang,Xinyu Wang,40,1293,https://api.wtatennis.com/tennis/players/ranked?page=0&pageSize=100&type=rankSingles&sort=asc&metric=SINGLES&at=2024-01-29&name=&nationality=,2026-03-22T00:53:07Z
wta,2024-01-29,322052,Caroline Dolehide,Caroline Dolehide,41,1263,https://api.wtatennis.com/tennis/players/ranked?page=0&pageSize=100&type=rankSingles&sort=asc&metric=SINGLES&at=2024-01-29&name=&nationality=,2026-03-22T00:53:07Z
wta,2024-01-29,313796,Anastasia Pavlyuchenkova,Anastasia Pavlyuchenkova,42,1238,https://api.wtatennis.com/tennis/players/ranked?page=0&pageSize=100&type=rankSingles&sort=asc&metric=SINGLES&at=2024-01-29&name=&nationality=,2026-03-22T00:53:07Z
wta,2024-01-29,313349,Arantxa Rus,Arantxa Rus,43,1238,https://api.wtatennis.com/tennis/players/ranked?page=0&pageSize=100&type=rankSingles&sort=asc&metric=SINGLES&at=2024-01-29&name=&nationality=,2026-03-22T00:53:07Z
wta,2024-01-29,310440,Tatjana Maria,Tatjana Maria,44,1235,https://api.wtatennis.com/tennis/players/ranked?page=0&pageSize=100&type=rankSingles&sort=asc&metric=SINGLES&at=2024-01-29&name=&nationality=,2026-03-22T00:53:07Z
wta,2024-01-29,317306,Lin Zhu,Lin Zhu,45,1234,https://api.wtatennis.com/tennis/players/ranked?page=0&pageSize=100&type=rankSingles&sort=asc&metric=SINGLES&at=2024-01-29&name=&nationality=,2026-03-22T00:53:07Z
wta,2024-01-29,325836,Varvara Gracheva,Varvara Gracheva,46,1230,https://api.wtatennis.com/tennis/players/ranked?page=0&pageSize=100&type=rankSingles&sort=asc&metric=SINGLES&at=2024-01-29&name=&nationality=,2026-03-22T00:53:07Z
wta,2024-01-29,320942,Sofia Kenin,Sofia Kenin,47,1225,https://api.wtatennis.com/tennis/players/ranked?page=0&pageSize=100&type=rankSingles&sort=asc&metric=SINGLES&at=2024-01-29&name=&nationality=,2026-03-22T00:53:07Z
wta,2024-01-29,313711,Petra Martic,Petra Martic,48,1223,https://api.wtatennis.com/tennis/players/ranked?page=0&pageSize=100&type=rankSingles&sort=asc&metric=SINGLES&at=2024-01-29&name=&nationality=,2026-03-22T00:53:07Z
wta,2024-01-29,320301,Katerina Siniakova,Katerina Siniakova,49,1215,https://api.wtatennis.com/tennis/players/ranked?page=0&pageSize=100&type=rankSingles&sort=asc&metric=SINGLES&at=2024-01-29&name=&nationality=,2026-03-22T00:53:07Z
wta,2024-01-29,324267,Anna Blinkova,Anna Blinkova,50,1192,https://api.wtatennis.com/tennis/players/ranked?page=0&pageSize=100&type=rankSingles&sort=asc&metric=SINGLES&at=2024-01-29&name=&nationality=,2026-03-22T00:53:07Z
wta,2024-01-29,320277,Magdalena Frech,Magdalena Frech,51,1185,https://api.wtatennis.com/tennis/players/ranked?page=0&pageSize=100&type=rankSingles&sort=asc&metric=SINGLES&at=2024-01-29&name=&nationality=,2026-03-22T00:53:07Z
wta,2024-01-29,325320,Clara Burel,Clara Burel,52,1160,https://api.wtatennis.com/tennis/players/ranked?page=0&pageSize=100&type=rankSingles&sort=asc&metric=SINGLES&at=2024-01-29&name=&nationality=,2026-03-22T00:53:07Z
wta,2024-01-29,319125,Katie Boulter,Katie Boulter,53,1159,https://api.wtatennis.com/tennis/players/ranked?page=0&pageSize=100&type=rankSingles&sort=asc&metric=SINGLES&at=2024-01-29&name=&nationality=,2026-03-22T00:53:07Z
wta,2024-01-29,327573,Peyton Stearns,Peyton Stearns,54,1148,https://api.wtatennis.com/tennis/players/ranked?page=0&pageSize=100&type=rankSingles&sort=asc&metric=SINGLES&at=2024-01-29&name=&nationality=,2026-03-22T00:53:07Z
wta,2024-01-29,318872,Sara Sorribes Tormo,Sara Sorribes Tormo,55,1137,https://api.wtatennis.com/tennis/players/ranked?page=0&pageSize=100&type=rankSingles&sort=asc&metric=SINGLES&at=2024-01-29&name=&nationality=,2026-03-22T00:53:07Z
wta,2024-01-29,315130,Magda Linette,Magda Linette,56,1126,https://api.wtatennis.com/tennis/players/ranked?page=0&pageSize=100&type=rankSingles&sort=asc&metric=SINGLES&at=2024-01-29&name=&nationality=,2026-03-22T00:53:07Z
wta,2024-01-29,316266,Martina Trevisan,Martina Trevisan,57,1105,https://api.wtatennis.com/tennis/players/ranked?page=0&pageSize=100&type=rankSingles&sort=asc&metric=SINGLES&at=2024-01-29&name=&nationality=,2026-03-22T00:53:07Z
wta,2024-01-29,322280,Lucia Bronzetti,Lucia Bronzetti,58,1099,https://api.wtatennis.com/tennis/players/ranked?page=0&pageSize=100&type=rankSingles&sort=asc&metric=SINGLES&at=2024-01-29&name=&nationality=,2026-03-22T00:53:07Z
wta,2024-01-29,327077,Diane Parry,Diane Parry,59,1063,https://api.wtatennis.com/tennis/players/ranked?page=0&pageSize=100&type=rankSingles&sort=asc&metric=SINGLES&at=2024-01-29&name=&nationality=,2026-03-22T00:53:07Z
wta,2024-01-29,327909,Elisabetta Cocciaretto,Elisabetta Cocciaretto,60,1060,https://api.wtatennis.com/tennis/players/ranked?page=0&pageSize=100&type=rankSingles&sort=asc&metric=SINGLES&at=2024-01-29&name=&nationality=,2026-03-22T00:53:07Z
wta,2024-01-29,318711,Mayar Sherif,Mayar Sherif,61,1053,https://api.wtatennis.com/tennis/players/ranked?page=0&pageSize=100&type=rankSingles&sort=asc&metric=SINGLES&at=2024-01-29&name=&nationality=,2026-03-22T00:53:07Z
wta,2024-01-29,327620,Elina Avanesyan,Elina Avanesyan,62,1049,https://api.wtatennis.com/tennis/players/ranked?page=0&pageSize=100&type=rankSingles&sort=asc&metric=SINGLES&at=2024-01-29&name=&nationality=,2026-03-22T00:53:07Z
wta,2024-01-29,326160,Xiyu Wang,Xiyu Wang,63,1034,https://api.wtatennis.com/tennis/players/ranked?page=0&pageSize=100&type=rankSingles&sort=asc&metric=SINGLES&at=2024-01-29&name=&nationality=,2026-03-22T00:53:07Z
wta,2024-01-29,324325,Yue Yuan,Yue Yuan,64,1028,https://api.wtatennis.com/tennis/players/ranked?page=0&pageSize=100&type=rankSingles&sort=asc&metric=SINGLES&at=2024-01-29&name=&nationality=,2026-03-22T00:53:07Z
wta,2024-01-29,317584,Viktoriya Tomova,Viktoriya Tomova,65,1017,https://api.wtatennis.com/tennis/players/ranked?page=0&pageSize=100&type=rankSingles&sort=asc&metric=SINGLES&at=2024-01-29&name=&nationality=,2026-03-22T00:53:07Z
wta,2024-01-29,315427,Ana Bogdan,Ana Bogdan,66,1016,https://api.wtatennis.com/tennis/players/ranked?page=0&pageSize=100&type=rankSingles&sort=asc&metric=SINGLES&at=2024-01-29&name=&nationality=,2026-03-22T00:53:07Z
wta,2024-01-29,319112,Nadia Podoroska,Nadia Podoroska,67,1009,https://api.wtatennis.com/tennis/players/ranked?page=0&pageSize=100&type=rankSingles&sort=asc&metric=SINGLES&at=2024-01-29&name=&nationality=,2026-03-22T00:53:07Z
wta,2024-01-29,314610,Camila Giorgi,Camila Giorgi,68,1000,https://api.wtatennis.com/tennis/players/ranked?page=0&pageSize=100&type=rankSingles&sort=asc&metric=SINGLES&at=2024-01-29&name=&nationality=,2026-03-22T00:53:07Z
wta,2024-01-29,316925,Danielle Collins,Danielle Collins,69,962,https://api.wtatennis.com/tennis/players/ranked?page=0&pageSize=100&type=rankSingles&sort=asc&metric=SINGLES&at=2024-01-29&name=&nationality=,2026-03-22T00:53:07Z
wta,2024-01-29,317683,Yulia Putintseva,Yulia Putintseva,70,954,https://api.wtatennis.com/tennis/players/ranked?page=0&pageSize=100&type=rankSingles&sort=asc&metric=SINGLES&at=2024-01-29&name=&nationality=,2026-03-22T00:53:07Z
wta,2024-01-29,316296,Viktorija Golubic,Viktorija Golubic,71,949,https://api.wtatennis.com/tennis/players/ranked?page=0&pageSize=100&type=rankSingles&sort=asc&metric=SINGLES&at=2024-01-29&name=&nationality=,2026-03-22T00:53:07Z
wta,2024-01-29,326007,Alycia Parks,Alycia Parks,72,948,https://api.wtatennis.com/tennis/players/ranked?page=0&pageSize=100&type=rankSingles&sort=asc&metric=SINGLES&at=2024-01-29&name=&nationality=,2026-03-22T00:53:07Z
wta,2024-01-29,321158,Cristina Bucsa,Cristina Bucsa,73,928,https://api.wtatennis.com/tennis/players/ranked?page=0&pageSize=100&type=rankSingles&sort=asc&metric=SINGLES&at=2024-01-29&name=&nationality=,2026-03-22T00:53:07Z
wta,2024-01-29,321454,Greet Minnen,Greet Minnen,74,928,https://api.wtatennis.com/tennis/players/ranked?page=0&pageSize=100&type=rankSingles&sort=asc&metric=SINGLES&at=2024-01-29&name=&nationality=,2026-03-22T00:53:07Z
wta,2024-01-29,319436,Oceane Dodin,Oceane Dodin,75,925,https://api.wtatennis.com/tennis/players/ranked?page=0&pageSize=100&type=rankSingles&sort=asc&metric=SINGLES&at=2024-01-29&name=&nationality=,2026-03-22T00:53:07Z
wta,2024-01-29,319571,Tamara Korpatsch,Tamara Korpatsch,76,907,https://api.wtatennis.com/tennis/players/ranked?page=0&pageSize=100&type=rankSingles&sort=asc&metric=SINGLES&at=2024-01-29&name=&nationality=,2026-03-22T00:53:07Z
wta,2024-01-29,313974,Karolina Pliskova,Karolina Pliskova,77,902,https://api.wtatennis.com/tennis/players/ranked?page=0&pageSize=100&type=rankSingles&sort=asc&metric=SINGLES&at=2024-01-29&name=&nationality=,2026-03-22T00:53:07Z
wta,2024-01-29,317510,Yafan Wang,Yafan Wang,78,900,https://api.wtatennis.com/tennis/players/ranked?page=0&pageSize=100&type=rankSingles&sort=asc&metric=SINGLES&at=2024-01-29&name=&nationality=,2026-03-22T00:53:07Z
wta,2024-01-29,318203,Anna Karolina Schmiedlova,Anna Karolina Schmiedlova,79,896,https://api.wtatennis.com/tennis/players/ranked?page=0&pageSize=100&type=rankSingles&sort=asc&metric=SINGLES&at=2024-01-29&name=&nationality=,2026-03-22T00:53:07Z
wta,2024-01-29,329409,Ashlyn Krueger,Ashlyn Krueger,80,886,https://api.wtatennis.com/tennis/players/ranked?page=0&pageSize=100&type=rankSingles&sort=asc&metric=SINGLES&at=2024-01-29&name=&nationality=,2026-03-22T00:53:07Z
wta,2024-01-29,312536,Yanina Wickmayer,Yanina Wickmayer,81,883,https://api.wtatennis.com/tennis/players/ranked?page=0&pageSize=100&type=rankSingles&sort=asc&metric=SINGLES&at=2024-01-29&name=&nationality=,2026-03-22T00:53:07Z
wta,2024-01-29,318609,Taylor Townsend,Taylor Townsend,82,882,https://api.wtatennis.com/tennis/players/ranked?page=0&pageSize=100&type=rankSingles&sort=asc&metric=SINGLES&at=2024-01-29&name=&nationality=,2026-03-22T00:53:07Z
wta,2024-01-29,320124,Paula Badosa,Paula Badosa,83,868,https://api.wtatennis.com/tennis/players/ranked?page=0&pageSize=100&type=rankSingles&sort=asc&metric=SINGLES&at=2024-01-29&name=&nationality=,2026-03-22T00:53:07Z
wta,2024-01-29,325936,Kamilla Rakhimova,Kamilla Rakhimova,84,853,https://api.wtatennis.com/tennis/players/ranked?page=0&pageSize=100&type=rankSingles&sort=asc&metric=SINGLES&at=2024-01-29&name=&nationality=,2026-03-22T00:53:07Z
wta,2024-01-29,317708,Bernarda Pera,Bernarda Pera,85,836,https://api.wtatennis.com/tennis/players/ranked?page=0&pageSize=100&type=rankSingles&sort=asc&metric=SINGLES&at=2024-01-29&name=&nationality=,2026-03-22T00:53:07Z
wta,2024-01-29,322087,Rebeka Masarova,Rebeka Masarova,86,836,https://api.wtatennis.com/tennis/players/ranked?page=0&pageSize=100&type=rankSingles&sort=asc&metric=SINGLES&at=2024-01-29&name=&nationality=,2026-03-22T00:53:07Z
wta,2024-01-29,325898,Camila Osorio,Camila Osorio,87,833,https://api.wtatennis.com/tennis/players/ranked?page=0&pageSize=100&type=rankSingles&sort=asc&metric=SINGLES&at=2024-01-29&name=&nationality=,2026-03-22T00:53:07Z
wta,2024-01-29,310926,Laura Siegemund,Laura Siegemund,88,832,https://api.wtatennis.com/tennis/players/ranked?page=0&pageSize=100&type=rankSingles&sort=asc&metric=SINGLES&at=2024-01-29&name=&nationality=,2026-03-22T00:53:07Z
wta,2024-01-29,320319,Jaqueline  Cristian,Jaqueline  Cristian,89,831,https://api.wtatennis.com/tennis/players/ranked?page=0&pageSize=100&type=rankSingles&sort=asc&metric=SINGLES&at=2024-01-29&name=&nationality=,2026-03-22T00:53:07Z
wta,2024-01-29,327196,Zhuoxuan Bai,Zhuoxuan Bai,90,829,https://api.wtatennis.com/tennis/players/ranked?page=0&pageSize=100&type=rankSingles&sort=asc&metric=SINGLES&at=2024-01-29&name=&nationality=,2026-03-22T00:53:07Z
wta,2024-01-29,327793,Clara Tauson,Clara Tauson,91,818,https://api.wtatennis.com/tennis/players/ranked?page=0&pageSize=100&type=rankSingles&sort=asc&metric=SINGLES&at=2024-01-29&name=&nationality=,2026-03-22T00:53:07Z
wta,2024-01-29,322534,Kayla Day,Kayla Day,92,815,https://api.wtatennis.com/tennis/players/ranked?page=0&pageSize=100&type=rankSingles&sort=asc&metric=SINGLES&at=2024-01-29&name=&nationality=,2026-03-22T00:53:07Z
wta,2024-01-29,316464,Emina Bektas,Emina Bektas,93,812,https://api.wtatennis.com/tennis/players/ranked?page=0&pageSize=100&type=rankSingles&sort=asc&metric=SINGLES&at=2024-01-29&name=&nationality=,2026-03-22T00:53:07Z
wta,2024-01-29,320238,Nao Hibino,Nao Hibino,94,788,https://api.wtatennis.com/tennis/players/ranked?page=0&pageSize=100&type=rankSingles&sort=asc&metric=SINGLES&at=2024-01-29&name=&nationality=,2026-03-22T00:53:07Z
wta,2024-01-29,317790,Aliaksandra Sasnovich,Aliaksandra Sasnovich,95,783,https://api.wtatennis.com/tennis/players/ranked?page=0&pageSize=100&type=rankSingles&sort=asc&metric=SINGLES&at=2024-01-29&name=&nationality=,2026-03-22T00:53:07Z
wta,2024-01-29,331545,Brenda Fruhvirtova,Brenda Fruhvirtova,96,774,https://api.wtatennis.com/tennis/players/ranked?page=0&pageSize=100&type=rankSingles&sort=asc&metric=SINGLES&at=2024-01-29&name=&nationality=,2026-03-22T00:53:07Z
wta,2024-01-29,323079,Tamara Zidansek,Tamara Zidansek,97,745,https://api.wtatennis.com/tennis/players/ranked?page=0&pageSize=100&type=rankSingles&sort=asc&metric=SINGLES&at=2024-01-29&name=&nationality=,2026-03-22T00:53:07Z
wta,2024-01-29,320716,Renata Zarazua,Renata Zarazua,98,740,https://api.wtatennis.com/tennis/players/ranked?page=0&pageSize=100&type=rankSingles&sort=asc&metric=SINGLES&at=2024-01-29&name=&nationality=,2026-03-22T00:53:07Z
wta,2024-01-29,310761,Sara Errani,Sara Errani,99,738,https://api.wtatennis.com/tennis/players/ranked?page=0&pageSize=100&type=rankSingles&sort=asc&metric=SINGLES&at=2024-01-29&name=&nationality=,2026-03-22T00:53:07Z
wta,2024-01-29,328896,Maria Timofeeva,Maria Timofeeva,100,730,https://api.wtatennis.com/tennis/players/ranked?page=0&pageSize=100&type=rankSingles&sort=asc&metric=SINGLES&at=2024-01-29&name=&nationality=,2026-03-22T00:53:07Z
wta,2024-01-29,312413,Arina Rodionova,Arina Rodionova,101,722,https://api.wtatennis.com/tennis/players/ranked?page=1&pageSize=100&type=rankSingles&sort=asc&metric=SINGLES&at=2024-01-29&name=&nationality=,2026-03-22T00:53:07Z
wta,2024-01-29,323802,Jodie Burrage,Jodie Burrage,102,713,https://api.wtatennis.com/tennis/players/ranked?page=1&pageSize=100&type=rankSingles&sort=asc&metric=SINGLES&at=2024-01-29&name=&nationality=,2026-03-22T00:53:07Z
wta,2024-01-29,320316,Julia Grabher,Julia Grabher,103,708,https://api.wtatennis.com/tennis/players/ranked?page=1&pageSize=100&type=rankSingles&sort=asc&metric=SINGLES&at=2024-01-29&name=&nationality=,2026-03-22T00:53:07Z
wta,2024-01-29,319489,Harriet Dart,Harriet Dart,104,699,https://api.wtatennis.com/tennis/players/ranked?page=1&pageSize=100&type=rankSingles&sort=asc&metric=SINGLES&at=2024-01-29&name=&nationality=,2026-03-22T00:53:07Z
wta,2024-01-29,324702,Kaja Juvan,Kaja Juvan,105,696,https://api.wtatennis.com/tennis/players/ranked?page=1&pageSize=100&type=rankSingles&sort=asc&metric=SINGLES&at=2024-01-29&name=&nationality=,2026-03-22T00:53:07Z
wta,2024-01-29,324128,Marina Bassols Ribera,Marina Bassols Ribera,106,693,https://api.wtatennis.com/tennis/players/ranked?page=1&pageSize=100&type=rankSingles&sort=asc&metric=SINGLES&at=2024-01-29&name=&nationality=,2026-03-22T00:53:07Z
wta,2024-01-29,312121,Alizé Cornet,Alizé Cornet,107,690,https://api.wtatennis.com/tennis/players/ranked?page=1&pageSize=100&type=rankSingles&sort=asc&metric=SINGLES&at=2024-01-29&name=&nationality=,2026-03-22T00:53:07Z
wta,2024-01-29,330482,Diana Shnaider,Diana Shnaider,108,685,https://api.wtatennis.com/tennis/players/ranked?page=1&pageSize=100&type=rankSingles&sort=asc&metric=SINGLES&at=2024-01-29&name=&nationality=,2026-03-22T00:53:07Z
wta,2024-01-29,323966,Claire Liu,Claire Liu,109,682,https://api.wtatennis.com/tennis/players/ranked?page=1&pageSize=100&type=rankSingles&sort=asc&metric=SINGLES&at=2024-01-29&name=&nationality=,2026-03-22T00:53:07Z
wta,2024-01-29,322638,Maria Lourdes Carle,Maria Lourdes Carle,110,678,https://api.wtatennis.com/tennis/players/ranked?page=1&pageSize=100&type=rankSingles&sort=asc&metric=SINGLES&at=2024-01-29&name=&nationality=,2026-03-22T00:53:07Z
wta,2024-01-29,330151,Erika Andreeva,Erika Andreeva,111,676,https://api.wtatennis.com/tennis/players/ranked?page=1&pageSize=100&type=rankSingles&sort=asc&metric=SINGLES&at=2024-01-29&name=&nationality=,2026-03-22T00:53:07Z
wta,2024-01-29,324789,Emiliana Arango,Emiliana Arango,112,656,https://api.wtatennis.com/tennis/players/ranked?page=1&pageSize=100&type=rankSingles&sort=asc&metric=SINGLES&at=2024-01-29&name=&nationality=,2026-03-22T00:53:07Z
wta,2024-01-29,326379,Elizabeth Mandlik,Elizabeth Mandlik,113,655,https://api.wtatennis.com/tennis/players/ranked?page=1&pageSize=100&type=rankSingles&sort=asc&metric=SINGLES&at=2024-01-29&name=&nationality=,2026-03-22T00:53:07Z
wta,2024-01-29,317155,Laura Pigossi,Laura Pigossi,114,641,https://api.wtatennis.com/tennis/players/ranked?page=1&pageSize=100&type=rankSingles&sort=asc&metric=SINGLES&at=2024-01-29&name=&nationality=,2026-03-22T00:53:07Z
wta,2024-01-29,325088,Bianca Andreescu,Bianca Andreescu,115,640,https://api.wtatennis.com/tennis/players/ranked?page=1&pageSize=100&type=rankSingles&sort=asc&metric=SINGLES&at=2024-01-29&name=&nationality=,2026-03-22T00:53:07Z
wta,2024-01-29,327287,Julia Riera,Julia Riera,116,640,https://api.wtatennis.com/tennis/players/ranked?page=1&pageSize=100&type=rankSingles&sort=asc&metric=SINGLES&at=2024-01-29&name=&nationality=,2026-03-22T00:53:07Z
wta,2024-01-29,324750,Mai Hontama,Mai Hontama,117,635,https://api.wtatennis.com/tennis/players/ranked?page=1&pageSize=100&type=rankSingles&sort=asc&metric=SINGLES&at=2024-01-29&name=&nationality=,2026-03-22T00:53:07Z
wta,2024-01-29,313169,Irina-Camelia Begu,Irina-Camelia Begu,118,633,https://api.wtatennis.com/tennis/players/ranked?page=1&pageSize=100&type=rankSingles&sort=asc&metric=SINGLES&at=2024-01-29&name=&nationality=,2026-03-22T00:53:07Z
wta,2024-01-29,322942,Anna Bondar,Anna Bondar,119,630,https://api.wtatennis.com/tennis/players/ranked?page=1&pageSize=100&type=rankSingles&sort=asc&metric=SINGLES&at=2024-01-29&name=&nationality=,2026-03-22T00:53:07Z
wta,2024-01-29,329457,Darja Semenistaja,Darja Semenistaja,120,623,https://api.wtatennis.com/tennis/players/ranked?page=1&pageSize=100&type=rankSingles&sort=asc&metric=SINGLES&at=2024-01-29&name=&nationality=,2026-03-22T00:53:07Z
wta,2024-01-29,327101,Hailey Baptiste,Hailey Baptiste,121,622,https://api.wtatennis.com/tennis/players/ranked?page=1&pageSize=100&type=rankSingles&sort=asc&metric=SINGLES&at=2024-01-29&name=&nationality=,2026-03-22T00:53:07Z
wta,2024-01-29,324934,Olga Danilovic,Olga Danilovic,122,616,https://api.wtatennis.com/tennis/players/ranked?page=1&pageSize=100&type=rankSingles&sort=asc&metric=SINGLES&at=2024-01-29&name=&nationality=,2026-03-22T00:53:07Z
wta,2024-01-29,317771,Rebecca Peterson,Rebecca Peterson,123,615,https://api.wtatennis.com/tennis/players/ranked?page=1&pageSize=100&type=rankSingles&sort=asc&metric=SINGLES&at=2024-01-29&name=&nationality=,2026-03-22T00:53:07Z
wta,2024-01-29,320728,Kimberly Birrell,Kimberly Birrell,124,611,https://api.wtatennis.com/tennis/players/ranked?page=1&pageSize=100&type=rankSingles&sort=asc&metric=SINGLES&at=2024-01-29&name=&nationality=,2026-03-22T00:53:07Z
wta,2024-01-29,327391,Katie Volynets,Katie Volynets,125,602,https://api.wtatennis.com/tennis/players/ranked?page=1&pageSize=100&type=rankSingles&sort=asc&metric=SINGLES&at=2024-01-29&name=&nationality=,2026-03-22T00:53:07Z
wta,2024-01-29,329627,Linda Fruhvirtova,Linda Fruhvirtova,126,599,https://api.wtatennis.com/tennis/players/ranked?page=1&pageSize=100&type=rankSingles&sort=asc&metric=SINGLES&at=2024-01-29&name=&nationality=,2026-03-22T00:53:07Z
wta,2024-01-29,326653,Olivia Gadecki,Olivia Gadecki,127,595,https://api.wtatennis.com/tennis/players/ranked?page=1&pageSize=100&type=rankSingles&sort=asc&metric=SINGLES&at=2024-01-29&name=&nationality=,2026-03-22T00:53:07Z
wta,2024-01-29,320228,Rebecca Sramkova,Rebecca Sramkova,128,588,https://api.wtatennis.com/tennis/players/ranked?page=1&pageSize=100&type=rankSingles&sort=asc&metric=SINGLES&at=2024-01-29&name=&nationality=,2026-03-22T00:53:07Z
wta,2024-01-29,317810,Storm Hunter,Storm Hunter,129,586,https://api.wtatennis.com/tennis/players/ranked?page=1&pageSize=100&type=rankSingles&sort=asc&metric=SINGLES&at=2024-01-29&name=&nationality=,2026-03-22T00:53:07Z
wta,2024-01-29,319696,Astra Sharma,Astra Sharma,130,578,https://api.wtatennis.com/tennis/players/ranked?page=1&pageSize=100&type=rankSingles&sort=asc&metric=SINGLES&at=2024-01-29&name=&nationality=,2026-03-22T00:53:07Z
wta,2024-01-29,330375,Sara Bejlek,Sara Bejlek,131,574,https://api.wtatennis.com/tennis/players/ranked?page=1&pageSize=100&type=rankSingles&sort=asc&metric=SINGLES&at=2024-01-29&name=&nationality=,2026-03-22T00:53:07Z
wta,2024-01-29,319091,Anna-Lena Friedsam,Anna-Lena Friedsam,132,572,https://api.wtatennis.com/tennis/players/ranked?page=1&pageSize=100&type=rankSingles&sort=asc&metric=SINGLES&at=2024-01-29&name=&nationality=,2026-03-22T00:53:07Z
wta,2024-01-29,327367,Anastasia Zakharova,Anastasia Zakharova,133,570,https://api.wtatennis.com/tennis/players/ranked?page=1&pageSize=100&type=rankSingles&sort=asc&metric=SINGLES&at=2024-01-29&name=&nationality=,2026-03-22T00:53:07Z
wta,2024-01-29,319421,Jessika Ponchet,Jessika Ponchet,134,566,https://api.wtatennis.com/tennis/players/ranked?page=1&pageSize=100&type=rankSingles&sort=asc&metric=SINGLES&at=2024-01-29&name=&nationality=,2026-03-22T00:53:07Z
wta,2024-01-29,327845,Daria Snigur,Daria Snigur,135,559,https://api.wtatennis.com/tennis/players/ranked?page=1&pageSize=100&type=rankSingles&sort=asc&metric=SINGLES&at=2024-01-29&name=&nationality=,2026-03-22T00:53:07Z
wta,2024-01-29,325338,Yuliia Starodubtseva,Yuliia Starodubtseva,136,557,https://api.wtatennis.com/tennis/players/ranked?page=1&pageSize=100&type=rankSingles&sort=asc&metric=SINGLES&at=2024-01-29&name=&nationality=,2026-03-22T00:53:07Z
wta,2024-01-29,321106,Dalma Galfi,Dalma Galfi,137,556,https://api.wtatennis.com/tennis/players/ranked?page=1&pageSize=100&type=rankSingles&sort=asc&metric=SINGLES&at=2024-01-29&name=&nationality=,2026-03-22T00:53:07Z
wta,2024-01-29,314359,Nuria Parrizas Diaz,Nuria Parrizas Diaz,138,552,https://api.wtatennis.com/tennis/players/ranked?page=1&pageSize=100&type=rankSingles&sort=asc&metric=SINGLES&at=2024-01-29&name=&nationality=,2026-03-22T00:53:07Z
wta,2024-01-29,316981,Heather Watson,Heather Watson,139,541,https://api.wtatennis.com/tennis/players/ranked?page=1&pageSize=100&type=rankSingles&sort=asc&metric=SINGLES&at=2024-01-29&name=&nationality=,2026-03-22T00:53:07Z
wta,2024-01-29,317414,Lauren Davis,Lauren Davis,140,539,https://api.wtatennis.com/tennis/players/ranked?page=1&pageSize=100&type=rankSingles&sort=asc&metric=SINGLES&at=2024-01-29&name=&nationality=,2026-03-22T00:53:07Z
wta,2024-01-29,331330,Alina Korneeva,Alina Korneeva,141,537,https://api.wtatennis.com/tennis/players/ranked?page=1&pageSize=100&type=rankSingles&sort=asc&metric=SINGLES&at=2024-01-29&name=&nationality=,2026-03-22T00:53:07Z
wta,2024-01-29,319969,Fiona Ferro,Fiona Ferro,142,535,https://api.wtatennis.com/tennis/players/ranked?page=1&pageSize=100&type=rankSingles&sort=asc&metric=SINGLES&at=2024-01-29&name=&nationality=,2026-03-22T00:53:07Z
wta,2024-01-29,325826,Eva Lys,Eva Lys,143,533,https://api.wtatennis.com/tennis/players/ranked?page=1&pageSize=100&type=rankSingles&sort=asc&metric=SINGLES&at=2024-01-29&name=&nationality=,2026-03-22T00:53:07Z
wta,2024-01-29,320313,Leolia Jeanjean,Leolia Jeanjean,144,533,https://api.wtatennis.com/tennis/players/ranked?page=1&pageSize=100&type=rankSingles&sort=asc&metric=SINGLES&at=2024-01-29&name=&nationality=,2026-03-22T00:53:07Z
wta,2024-01-29,317443,Sachia Vickery,Sachia Vickery,145,526,https://api.wtatennis.com/tennis/players/ranked?page=1&pageSize=100&type=rankSingles&sort=asc&metric=SINGLES&at=2024-01-29&name=&nationality=,2026-03-22T00:53:07Z
wta,2024-01-29,320408,Elena-Gabriela Ruse,Elena-Gabriela Ruse,146,526,https://api.wtatennis.com/tennis/players/ranked?page=1&pageSize=100&type=rankSingles&sort=asc&metric=SINGLES&at=2024-01-29&name=&nationality=,2026-03-22T00:53:07Z
wta,2024-01-29,312328,Madison Brengle,Madison Brengle,147,511,https://api.wtatennis.com/tennis/players/ranked?page=1&pageSize=100&type=rankSingles&sort=asc&metric=SINGLES&at=2024-01-29&name=&nationality=,2026-03-22T00:53:07Z
wta,2024-01-29,315997,Daria Saville,Daria Saville,148,506,https://api.wtatennis.com/tennis/players/ranked?page=1&pageSize=100&type=rankSingles&sort=asc&metric=SINGLES&at=2024-01-29&name=&nationality=,2026-03-22T00:53:07Z
wta,2024-01-29,330581,Celine Naef,Celine Naef,149,506,https://api.wtatennis.com/tennis/players/ranked?page=1&pageSize=100&type=rankSingles&sort=asc&metric=SINGLES&at=2024-01-29&name=&nationality=,2026-03-22T00:53:07Z
wta,2024-01-29,327241,Moyuka Uchijima,Moyuka Uchijima,150,505,https://api.wtatennis.com/tennis/players/ranked?page=1&pageSize=100&type=rankSingles&sort=asc&metric=SINGLES&at=2024-01-29&name=&nationality=,2026-03-22T00:53:07Z
wta,2024-01-29,328139,Jessica Bouzas Maneiro,Jessica Bouzas Maneiro,151,503,https://api.wtatennis.com/tennis/players/ranked?page=1&pageSize=100&type=rankSingles&sort=asc&metric=SINGLES&at=2024-01-29&name=&nationality=,2026-03-22T00:53:07Z
wta,2024-01-29,318839,Chloe Paquet,Chloe Paquet,152,494,https://api.wtatennis.com/tennis/players/ranked?page=1&pageSize=100&type=rankSingles&sort=asc&metric=SINGLES&at=2024-01-29&name=&nationality=,2026-03-22T00:53:07Z
wta,2024-01-29,323149,Lucrezia Stefanini,Lucrezia Stefanini,153,493,https://api.wtatennis.com/tennis/players/ranked?page=1&pageSize=100&type=rankSingles&sort=asc&metric=SINGLES&at=2024-01-29&name=&nationality=,2026-03-22T00:53:07Z
wta,2024-01-29,320545,Martina Capurro Taborda,Martina Capurro Taborda,154,490,https://api.wtatennis.com/tennis/players/ranked?page=1&pageSize=100&type=rankSingles&sort=asc&metric=SINGLES&at=2024-01-29&name=&nationality=,2026-03-22T00:53:07Z
wta,2024-01-29,318060,Tereza Martincova,Tereza Martincova,155,487,https://api.wtatennis.com/tennis/players/ranked?page=1&pageSize=100&type=rankSingles&sort=asc&metric=SINGLES&at=2024-01-29&name=&nationality=,2026-03-22T00:53:07Z
wta,2024-01-29,323451,Arianne Hartono,Arianne Hartono,156,487,https://api.wtatennis.com/tennis/players/ranked?page=1&pageSize=100&type=rankSingles&sort=asc&metric=SINGLES&at=2024-01-29&name=&nationality=,2026-03-22T00:53:07Z
wta,2024-01-29,317065,Su Jeong Jang,Su Jeong Jang,157,485,https://api.wtatennis.com/tennis/players/ranked?page=1&pageSize=100&type=rankSingles&sort=asc&metric=SINGLES&at=2024-01-29&name=&nationality=,2026-03-22T00:53:07Z
wta,2024-01-29,321367,Gabriela Knutson,Gabriela Knutson,158,484,https://api.wtatennis.com/tennis/players/ranked?page=1&pageSize=100&type=rankSingles&sort=asc&metric=SINGLES&at=2024-01-29&name=&nationality=,2026-03-22T00:53:07Z
wta,2024-01-29,325940,Jule Niemeier,Jule Niemeier,159,481,https://api.wtatennis.com/tennis/players/ranked?page=1&pageSize=100&type=rankSingles&sort=asc&metric=SINGLES&at=2024-01-29&name=&nationality=,2026-03-22T00:53:07Z
wta,2024-01-29,330548,Ella Seidel,Ella Seidel,160,478,https://api.wtatennis.com/tennis/players/ranked?page=1&pageSize=100&type=rankSingles&sort=asc&metric=SINGLES&at=2024-01-29&name=&nationality=,2026-03-22T00:53:07Z
wta,2024-01-29,322214,Katherine Sebov,Katherine Sebov,161,468,https://api.wtatennis.com/tennis/players/ranked?page=1&pageSize=100&type=rankSingles&sort=asc&metric=SINGLES&at=2024-01-29&name=&nationality=,2026-03-22T00:53:07Z
wta,2024-01-29,325956,Panna Udvardy,Panna Udvardy,162,465,https://api.wtatennis.com/tennis/players/ranked?page=1&pageSize=100&type=rankSingles&sort=asc&metric=SINGLES&at=2024-01-29&name=&nationality=,2026-03-22T00:53:07Z
wta,2024-01-29,328308,Ekaterina Makarova,Ekaterina Makarova,163,463,https://api.wtatennis.com/tennis/players/ranked?page=1&pageSize=100&type=rankSingles&sort=asc&metric=SINGLES&at=2024-01-29&name=&nationality=,2026-03-22T00:53:07Z
wta,2024-01-29,326096,Ann Li,Ann Li,164,462,https://api.wtatennis.com/tennis/players/ranked?page=1&pageSize=100&type=rankSingles&sort=asc&metric=SINGLES&at=2024-01-29&name=&nationality=,2026-03-22T00:53:07Z
wta,2024-01-29,320926,Jil Teichmann,Jil Teichmann,165,461,https://api.wtatennis.com/tennis/players/ranked?page=1&pageSize=100&type=rankSingles&sort=asc&metric=SINGLES&at=2024-01-29&name=&nationality=,2026-03-22T00:53:07Z
wta,2024-01-29,313485,Rebecca Marino,Rebecca Marino,166,455,https://api.wtatennis.com/tennis/players/ranked?page=1&pageSize=100&type=rankSingles&sort=asc&metric=SINGLES&at=2024-01-29&name=&nationality=,2026-03-22T00:53:07Z
wta,2024-01-29,328142,Elsa Jacquemot,Elsa Jacquemot,167,451,https://api.wtatennis.com/tennis/players/ranked?page=1&pageSize=100&type=rankSingles&sort=asc&metric=SINGLES&at=2024-01-29&name=&nationality=,2026-03-22T00:53:07Z
wta,2024-01-29,315428,Valeria Savinykh,Valeria Savinykh,168,451,https://api.wtatennis.com/tennis/players/ranked?page=1&pageSize=100&type=rankSingles&sort=asc&metric=SINGLES&at=2024-01-29&name=&nationality=,2026-03-22T00:53:07Z
wta,2024-01-29,325771,Simona Waltert,Simona Waltert,169,448,https://api.wtatennis.com/tennis/players/ranked?page=1&pageSize=100&type=rankSingles&sort=asc&metric=SINGLES&at=2024-01-29&name=&nationality=,2026-03-22T00:53:07Z
wta,2024-01-29,322277,Viktoria Hruncakova,Viktoria Hruncakova,170,446,https://api.wtatennis.com/tennis/players/ranked?page=1&pageSize=100&type=rankSingles&sort=asc&metric=SINGLES&at=2024-01-29&name=&nationality=,2026-03-22T00:53:07Z
wta,2024-01-29,325725,Caty Mcnally,Caty Mcnally,171,446,https://api.wtatennis.com/tennis/players/ranked?page=1&pageSize=100&type=rankSingles&sort=asc&metric=SINGLES&at=2024-01-29&name=&nationality=,2026-03-22T00:53:07Z
wta,2024-01-29,321280,Raluka Serban,Raluka Serban,172,444,https://api.wtatennis.com/tennis/players/ranked?page=1&pageSize=100&type=rankSingles&sort=asc&metric=SINGLES&at=2024-01-29&name=&nationality=,2026-03-22T00:53:07Z
wta,2024-01-29,320735,Aliona Bolsova,Aliona Bolsova,173,443,https://api.wtatennis.com/tennis/players/ranked?page=1&pageSize=100&type=rankSingles&sort=asc&metric=SINGLES&at=2024-01-29&name=&nationality=,2026-03-22T00:53:07Z
wta,2024-01-29,325991,Carole Monnet,Carole Monnet,174,443,https://api.wtatennis.com/tennis/players/ranked?page=1&pageSize=100&type=rankSingles&sort=asc&metric=SINGLES&at=2024-01-29&name=&nationality=,2026-03-22T00:53:07Z
wta,2024-01-29,324584,Katarina Zavatska,Katarina Zavatska,175,441,https://api.wtatennis.com/tennis/players/ranked?page=1&pageSize=100&type=rankSingles&sort=asc&metric=SINGLES&at=2024-01-29&name=&nationality=,2026-03-22T00:53:07Z
wta,2024-01-29,318352,Irina Bara,Irina Bara,176,437,https://api.wtatennis.com/tennis/players/ranked?page=1&pageSize=100&type=rankSingles&sort=asc&metric=SINGLES&at=2024-01-29&name=&nationality=,2026-03-22T00:53:07Z
wta,2024-01-29,326678,Mccartney Kessler,Mccartney Kessler,177,433,https://api.wtatennis.com/tennis/players/ranked?page=1&pageSize=100&type=rankSingles&sort=asc&metric=SINGLES&at=2024-01-29&name=&nationality=,2026-03-22T00:53:07Z
wta,2024-01-29,323007,Mirjam Bjorklund,Mirjam Bjorklund,178,432,https://api.wtatennis.com/tennis/players/ranked?page=1&pageSize=100&type=rankSingles&sort=asc&metric=SINGLES&at=2024-01-29&name=&nationality=,2026-03-22T00:53:07Z
wta,2024-01-29,326568,Himeno Sakatsume,Himeno Sakatsume,179,430,https://api.wtatennis.com/tennis/players/ranked?page=1&pageSize=100&type=rankSingles&sort=asc&metric=SINGLES&at=2024-01-29&name=&nationality=,2026-03-22T00:53:07Z
wta,2024-01-29,317070,Timea Babos,Timea Babos,180,429,https://api.wtatennis.com/tennis/players/ranked?page=1&pageSize=100&type=rankSingles&sort=asc&metric=SINGLES&at=2024-01-29&name=&nationality=,2026-03-22T00:53:07Z
wta,2024-01-29,316739,Kateryna Baindl,Kateryna Baindl,181,428,https://api.wtatennis.com/tennis/players/ranked?page=1&pageSize=100&type=rankSingles&sort=asc&metric=SINGLES&at=2024-01-29&name=&nationality=,2026-03-22T00:53:07Z
wta,2024-01-29,326907,Zeynep Sonmez,Zeynep Sonmez,182,424,https://api.wtatennis.com/tennis/players/ranked?page=1&pageSize=100&type=rankSingles&sort=asc&metric=SINGLES&at=2024-01-29&name=&nationality=,2026-03-22T00:53:07Z
wta,2024-01-29,329081,Solana Sierra,Solana Sierra,183,421,https://api.wtatennis.com/tennis/players/ranked?page=1&pageSize=100&type=rankSingles&sort=asc&metric=SINGLES&at=2024-01-29&name=&nationality=,2026-03-22T00:53:07Z
wta,2024-01-29,330332,Alexandra Eala,Alexandra Eala,184,419,https://api.wtatennis.com/tennis/players/ranked?page=1&pageSize=100&type=rankSingles&sort=asc&metric=SINGLES&at=2024-01-29&name=&nationality=,2026-03-22T00:53:07Z
wta,2024-01-29,327061,Sinja Kraus,Sinja Kraus,185,418,https://api.wtatennis.com/tennis/players/ranked?page=1&pageSize=100&type=rankSingles&sort=asc&metric=SINGLES&at=2024-01-29&name=&nationality=,2026-03-22T00:53:07Z
wta,2024-01-29,317349,Natalija Stevanovic,Natalija Stevanovic,186,417,https://api.wtatennis.com/tennis/players/ranked?page=1&pageSize=100&type=rankSingles&sort=asc&metric=SINGLES&at=2024-01-29&name=&nationality=,2026-03-22T00:53:07Z
wta,2024-01-29,317421,Shelby Rogers,Shelby Rogers,187,416,https://api.wtatennis.com/tennis/players/ranked?page=1&pageSize=100&type=rankSingles&sort=asc&metric=SINGLES&at=2024-01-29&name=&nationality=,2026-03-22T00:53:07Z
wta,2024-01-29,328897,Polina Kudermetova,Polina Kudermetova,188,415,https://api.wtatennis.com/tennis/players/ranked?page=1&pageSize=100&type=rankSingles&sort=asc&metric=SINGLES&at=2024-01-29&name=&nationality=,2026-03-22T00:53:07Z
wta,2024-01-29,328631,Noma Noha Akugue,Noma Noha Akugue,189,413,https://api.wtatennis.com/tennis/players/ranked?page=1&pageSize=100&type=rankSingles&sort=asc&metric=SINGLES&at=2024-01-29&name=&nationality=,2026-03-22T00:53:07Z
wta,2024-01-29,327655,Veronika Erjavec,Veronika Erjavec,190,413,https://api.wtatennis.com/tennis/players/ranked?page=1&pageSize=100&type=rankSingles&sort=asc&metric=SINGLES&at=2024-01-29&name=&nationality=,2026-03-22T00:53:07Z
wta,2024-01-29,320945,Jana Fett,Jana Fett,191,412,https://api.wtatennis.com/tennis/players/ranked?page=1&pageSize=100&type=rankSingles&sort=asc&metric=SINGLES&at=2024-01-29&name=&nationality=,2026-03-22T00:53:07Z
wta,2024-01-29,330799,Petra Marcinko,Petra Marcinko,192,411,https://api.wtatennis.com/tennis/players/ranked?page=1&pageSize=100&type=rankSingles&sort=asc&metric=SINGLES&at=2024-01-29&name=&nationality=,2026-03-22T00:53:07Z
wta,2024-01-29,324576,Lulu Sun,Lulu Sun,193,411,https://api.wtatennis.com/tennis/players/ranked?page=1&pageSize=100&type=rankSingles&sort=asc&metric=SINGLES&at=2024-01-29&name=&nationality=,2026-03-22T00:53:07Z
wta,2024-01-29,326961,Anastasia Tikhonova,Anastasia Tikhonova,194,411,https://api.wtatennis.com/tennis/players/ranked?page=1&pageSize=100&type=rankSingles&sort=asc&metric=SINGLES&at=2024-01-29&name=&nationality=,2026-03-22T00:53:07Z
wta,2024-01-29,323119,Miriam Bulgaru,Miriam Bulgaru,195,406,https://api.wtatennis.com/tennis/players/ranked?page=1&pageSize=100&type=rankSingles&sort=asc&metric=SINGLES&at=2024-01-29&name=&nationality=,2026-03-22T00:53:07Z
wta,2024-01-29,315806,Katarzyna Kawa,Katarzyna Kawa,196,398,https://api.wtatennis.com/tennis/players/ranked?page=1&pageSize=100&type=rankSingles&sort=asc&metric=SINGLES&at=2024-01-29&name=&nationality=,2026-03-22T00:53:07Z
wta,2024-01-29,329505,Antonia Ruzic,Antonia Ruzic,197,397,https://api.wtatennis.com/tennis/players/ranked?page=1&pageSize=100&type=rankSingles&sort=asc&metric=SINGLES&at=2024-01-29&name=&nationality=,2026-03-22T00:53:07Z
wta,2024-01-29,329408,Robin Montgomery,Robin Montgomery,198,393,https://api.wtatennis.com/tennis/players/ranked?page=1&pageSize=100&type=rankSingles&sort=asc&metric=SINGLES&at=2024-01-29&name=&nationality=,2026-03-22T00:53:07Z
wta,2024-01-29,330291,Taylah Preston,Taylah Preston,199,392,https://api.wtatennis.com/tennis/players/ranked?page=1&pageSize=100&type=rankSingles&sort=asc&metric=SINGLES&at=2024-01-29&name=&nationality=,2026-03-22T00:53:07Z
wta,2024-01-29,317684,Danka Kovinic,Danka Kovinic,200,383,https://api.wtatennis.com/tennis/players/ranked?page=1&pageSize=100&type=rankSingles&sort=asc&metric=SINGLES&at=2024-01-29&name=&nationality=,2026-03-22T00:53:07Z
wta,2024-01-29,320543,Priscilla Hon,Priscilla Hon,201,383,https://api.wtatennis.com/tennis/players/ranked?page=2&pageSize=100&type=rankSingles&sort=asc&metric=SINGLES&at=2024-01-29&name=&nationality=,2026-03-22T00:53:07Z
wta,2024-01-29,324219,Destanee Aiava,Destanee Aiava,202,379,https://api.wtatennis.com/tennis/players/ranked?page=2&pageSize=100&type=rankSingles&sort=asc&metric=SINGLES&at=2024-01-29&name=&nationality=,2026-03-22T00:53:07Z
wta,2024-01-29,324898,Suzan Lamens,Suzan Lamens,203,375,https://api.wtatennis.com/tennis/players/ranked?page=2&pageSize=100&type=rankSingles&sort=asc&metric=SINGLES&at=2024-01-29&name=&nationality=,2026-03-22T00:53:07Z
wta,2024-01-29,313402,Caroline Wozniacki,Caroline Wozniacki,204,372,https://api.wtatennis.com/tennis/players/ranked?page=2&pageSize=100&type=rankSingles&sort=asc&metric=SINGLES&at=2024-01-29&name=&nationality=,2026-03-22T00:53:07Z
wta,2024-01-29,322417,Ye-Xin Ma,Ye-Xin Ma,205,372,https://api.wtatennis.com/tennis/players/ranked?page=2&pageSize=100&type=rankSingles&sort=asc&metric=SINGLES&at=2024-01-29&name=&nationality=,2026-03-22T00:53:07Z
wta,2024-01-29,319250,Valentini Grammatikopoulou,Valentini Grammatikopoulou,206,371,https://api.wtatennis.com/tennis/players/ranked?page=2&pageSize=100&type=rankSingles&sort=asc&metric=SINGLES&at=2024-01-29&name=&nationality=,2026-03-22T00:53:07Z
wta,2024-01-29,324948,Francisca Jorge,Francisca Jorge,207,371,https://api.wtatennis.com/tennis/players/ranked?page=2&pageSize=100&type=rankSingles&sort=asc&metric=SINGLES&at=2024-01-29&name=&nationality=,2026-03-22T00:53:07Z
wta,2024-01-29,329248,Ya Yi Yang,Ya Yi Yang,208,370,https://api.wtatennis.com/tennis/players/ranked?page=2&pageSize=100&type=rankSingles&sort=asc&metric=SINGLES&at=2024-01-29&name=&nationality=,2026-03-22T00:53:07Z
wta,2024-01-29,330149,Dominika Salkova,Dominika Salkova,209,368,https://api.wtatennis.com/tennis/players/ranked?page=2&pageSize=100&type=rankSingles&sort=asc&metric=SINGLES&at=2024-01-29&name=&nationality=,2026-03-22T00:53:07Z
wta,2024-01-29,327834,Elvina Kalieva,Elvina Kalieva,210,366,https://api.wtatennis.com/tennis/players/ranked?page=2&pageSize=100&type=rankSingles&sort=asc&metric=SINGLES&at=2024-01-29&name=&nationality=,2026-03-22T00:53:07Z
wta,2024-01-29,326481,Sofya Lansere,Sofya Lansere,211,364,https://api.wtatennis.com/tennis/players/ranked?page=2&pageSize=100&type=rankSingles&sort=asc&metric=SINGLES&at=2024-01-29&name=&nationality=,2026-03-22T00:53:07Z
wta,2024-01-29,328578,Darya Astakhova,Darya Astakhova,212,363,https://api.wtatennis.com/tennis/players/ranked?page=2&pageSize=100&type=rankSingles&sort=asc&metric=SINGLES&at=2024-01-29&name=&nationality=,2026-03-22T00:53:07Z
wta,2024-01-29,321495,Yuriko Lily Miyazaki,Yuriko Lily Miyazaki,213,362,https://api.wtatennis.com/tennis/players/ranked?page=2&pageSize=100&type=rankSingles&sort=asc&metric=SINGLES&at=2024-01-29&name=&nationality=,2026-03-22T00:53:07Z
wta,2024-01-29,326384,Amanda Anisimova,Amanda Anisimova,214,360,https://api.wtatennis.com/tennis/players/ranked?page=2&pageSize=100&type=rankSingles&sort=asc&metric=SINGLES&at=2024-01-29&name=&nationality=,2026-03-22T00:53:07Z
wta,2024-01-29,328426,Sijia Wei,Sijia Wei,215,359,https://api.wtatennis.com/tennis/players/ranked?page=2&pageSize=100&type=rankSingles&sort=asc&metric=SINGLES&at=2024-01-29&name=&nationality=,2026-03-22T00:53:07Z
wta,2024-01-29,317805,Carol Zhao,Carol Zhao,216,357,https://api.wtatennis.com/tennis/players/ranked?page=2&pageSize=100&type=rankSingles&sort=asc&metric=SINGLES&at=2024-01-29&name=&nationality=,2026-03-22T00:53:07Z
wta,2024-01-29,110536,Kaia Kanepi,Kaia Kanepi,217,353,https://api.wtatennis.com/tennis/players/ranked?page=2&pageSize=100&type=rankSingles&sort=asc&metric=SINGLES&at=2024-01-29&name=&nationality=,2026-03-22T00:53:07Z
wta,2024-01-29,323171,Lea Boskovic,Lea Boskovic,218,352,https://api.wtatennis.com/tennis/players/ranked?page=2&pageSize=100&type=rankSingles&sort=asc&metric=SINGLES&at=2024-01-29&name=&nationality=,2026-03-22T00:53:07Z
wta,2024-01-29,322822,Jaimee Fourlis,Jaimee Fourlis,219,351,https://api.wtatennis.com/tennis/players/ranked?page=2&pageSize=100&type=rankSingles&sort=asc&metric=SINGLES&at=2024-01-29&name=&nationality=,2026-03-22T00:53:07Z
wta,2024-01-29,314050,Andreea Mitu,Andreea Mitu,220,350,https://api.wtatennis.com/tennis/players/ranked?page=2&pageSize=100&type=rankSingles&sort=asc&metric=SINGLES&at=2024-01-29&name=&nationality=,2026-03-22T00:53:07Z
wta,2024-01-29,329393,Talia Gibson,Talia Gibson,221,349,https://api.wtatennis.com/tennis/players/ranked?page=2&pageSize=100&type=rankSingles&sort=asc&metric=SINGLES&at=2024-01-29&name=&nationality=,2026-03-22T00:53:07Z
wta,2024-01-29,320759,Iryna Shymanovich,Iryna Shymanovich,222,345,https://api.wtatennis.com/tennis/players/ranked?page=2&pageSize=100&type=rankSingles&sort=asc&metric=SINGLES&at=2024-01-29&name=&nationality=,2026-03-22T00:53:07Z
wta,2024-01-29,318559,Tena Lukas,Tena Lukas,223,345,https://api.wtatennis.com/tennis/players/ranked?page=2&pageSize=100&type=rankSingles&sort=asc&metric=SINGLES&at=2024-01-29&name=&nationality=,2026-03-22T00:53:07Z
wta,2024-01-29,322451,Xiaodi You,Xiaodi You,224,344,https://api.wtatennis.com/tennis/players/ranked?page=2&pageSize=100&type=rankSingles&sort=asc&metric=SINGLES&at=2024-01-29&name=&nationality=,2026-03-22T00:53:07Z
wta,2024-01-29,324056,Alice Robbe,Alice Robbe,225,343,https://api.wtatennis.com/tennis/players/ranked?page=2&pageSize=100&type=rankSingles&sort=asc&metric=SINGLES&at=2024-01-29&name=&nationality=,2026-03-22T00:53:07Z
wta,2024-01-29,328614,Jana Kolodynska,Jana Kolodynska,226,343,https://api.wtatennis.com/tennis/players/ranked?page=2&pageSize=100&type=rankSingles&sort=asc&metric=SINGLES&at=2024-01-29&name=&nationality=,2026-03-22T00:53:07Z
wta,2024-01-29,315232,Ajla Tomljanovic,Ajla Tomljanovic,227,341,https://api.wtatennis.com/tennis/players/ranked?page=2&pageSize=100&type=rankSingles&sort=asc&metric=SINGLES&at=2024-01-29&name=&nationality=,2026-03-22T00:53:07Z
wta,2024-01-29,317164,Ankita Raina,Ankita Raina,228,341,https://api.wtatennis.com/tennis/players/ranked?page=2&pageSize=100&type=rankSingles&sort=asc&metric=SINGLES&at=2024-01-29&name=&nationality=,2026-03-22T00:53:07Z
wta,2024-01-29,316009,Despina Papamichail,Despina Papamichail,229,336,https://api.wtatennis.com/tennis/players/ranked?page=2&pageSize=100&type=rankSingles&sort=asc&metric=SINGLES&at=2024-01-29&name=&nationality=,2026-03-22T00:53:07Z
wta,2024-01-29,330723,Tatiana Prozorova,Tatiana Prozorova,230,330,https://api.wtatennis.com/tennis/players/ranked?page=2&pageSize=100&type=rankSingles&sort=asc&metric=SINGLES&at=2024-01-29&name=&nationality=,2026-03-22T00:53:07Z
wta,2024-01-29,315294,Dalila Jakupovic,Dalila Jakupovic,231,330,https://api.wtatennis.com/tennis/players/ranked?page=2&pageSize=100&type=rankSingles&sort=asc&metric=SINGLES&at=2024-01-29&name=&nationality=,2026-03-22T00:53:07Z
wta,2024-01-29,329918,Sonay Kartal,Sonay Kartal,232,326,https://api.wtatennis.com/tennis/players/ranked?page=2&pageSize=100&type=rankSingles&sort=asc&metric=SINGLES&at=2024-01-29&name=&nationality=,2026-03-22T00:53:07Z
wta,2024-01-29,320016,Harmony Tan,Harmony Tan,233,326,https://api.wtatennis.com/tennis/players/ranked?page=2&pageSize=100&type=rankSingles&sort=asc&metric=SINGLES&at=2024-01-29&name=&nationality=,2026-03-22T00:53:07Z
wta,2024-01-29,318358,Jennifer Brady,Jennifer Brady,234,324,https://api.wtatennis.com/tennis/players/ranked?page=2&pageSize=100&type=rankSingles&sort=asc&metric=SINGLES&at=2024-01-29&name=&nationality=,2026-03-22T00:53:07Z
wta,2024-01-29,330442,Anca Todoni,Anca Todoni,235,324,https://api.wtatennis.com/tennis/players/ranked?page=2&pageSize=100&type=rankSingles&sort=asc&metric=SINGLES&at=2024-01-29&name=&nationality=,2026-03-22T00:53:07Z
wta,2024-01-29,321834,Ipek Oz,Ipek Oz,236,323,https://api.wtatennis.com/tennis/players/ranked?page=2&pageSize=100&type=rankSingles&sort=asc&metric=SINGLES&at=2024-01-29&name=&nationality=,2026-03-22T00:53:07Z
wta,2024-01-29,320465,Stacey Fung,Stacey Fung,237,322,https://api.wtatennis.com/tennis/players/ranked?page=2&pageSize=100&type=rankSingles&sort=asc&metric=SINGLES&at=2024-01-29&name=&nationality=,2026-03-22T00:53:07Z
wta,2024-01-29,324782,Yuliya Hatouka,Yuliya Hatouka,238,318,https://api.wtatennis.com/tennis/players/ranked?page=2&pageSize=100&type=rankSingles&sort=asc&metric=SINGLES&at=2024-01-29&name=&nationality=,2026-03-22T00:53:07Z
wta,2024-01-29,321397,Ylena In-Albon,Ylena In-Albon,239,317,https://api.wtatennis.com/tennis/players/ranked?page=2&pageSize=100&type=rankSingles&sort=asc&metric=SINGLES&at=2024-01-29&name=&nationality=,2026-03-22T00:53:07Z
wta,2024-01-29,323677,Justina Mikulskyte,Justina Mikulskyte,240,317,https://api.wtatennis.com/tennis/players/ranked?page=2&pageSize=100&type=rankSingles&sort=asc&metric=SINGLES&at=2024-01-29&name=&nationality=,2026-03-22T00:53:07Z
wta,2024-01-29,316664,Nigina Abduraimova,Nigina Abduraimova,241,316,https://api.wtatennis.com/tennis/players/ranked?page=2&pageSize=100&type=rankSingles&sort=asc&metric=SINGLES&at=2024-01-29&name=&nationality=,2026-03-22T00:53:07Z
wta,2024-01-29,319133,Valeriya Strakhova,Valeriya Strakhova,242,315,https://api.wtatennis.com/tennis/players/ranked?page=2&pageSize=100&type=rankSingles&sort=asc&metric=SINGLES&at=2024-01-29&name=&nationality=,2026-03-22T00:53:07Z
wta,2024-01-29,319311,Lina Gjorcheska,Lina Gjorcheska,243,312,https://api.wtatennis.com/tennis/players/ranked?page=2&pageSize=100&type=rankSingles&sort=asc&metric=SINGLES&at=2024-01-29&name=&nationality=,2026-03-22T00:53:07Z
wta,2024-01-29,313968,Polona Hercog,Polona Hercog,244,310,https://api.wtatennis.com/tennis/players/ranked?page=2&pageSize=100&type=rankSingles&sort=asc&metric=SINGLES&at=2024-01-29&name=&nationality=,2026-03-22T00:53:07Z
wta,2024-01-29,322351,Seone Mendez,Seone Mendez,245,310,https://api.wtatennis.com/tennis/players/ranked?page=2&pageSize=100&type=rankSingles&sort=asc&metric=SINGLES&at=2024-01-29&name=&nationality=,2026-03-22T00:53:07Z
wta,2024-01-29,325374,Gergana Topalova,Gergana Topalova,246,309,https://api.wtatennis.com/tennis/players/ranked?page=2&pageSize=100&type=rankSingles&sort=asc&metric=SINGLES&at=2024-01-29&name=&nationality=,2026-03-22T00:53:07Z
wta,2024-01-29,325433,Nuria Brancaccio,Nuria Brancaccio,247,308,https://api.wtatennis.com/tennis/players/ranked?page=2&pageSize=100&type=rankSingles&sort=asc&metric=SINGLES&at=2024-01-29&name=&nationality=,2026-03-22T00:53:07Z
wta,2024-01-29,320218,Louisa Chirico,Louisa Chirico,248,306,https://api.wtatennis.com/tennis/players/ranked?page=2&pageSize=100&type=rankSingles&sort=asc&metric=SINGLES&at=2024-01-29&name=&nationality=,2026-03-22T00:53:07Z
wta,2024-01-29,326512,Joanna Garland,Joanna Garland,249,302,https://api.wtatennis.com/tennis/players/ranked?page=2&pageSize=100&type=rankSingles&sort=asc&metric=SINGLES&at=2024-01-29&name=&nationality=,2026-03-22T00:53:07Z
wta,2024-01-29,323071,Makenna Jones,Makenna Jones,250,302,https://api.wtatennis.com/tennis/players/ranked?page=2&pageSize=100&type=rankSingles&sort=asc&metric=SINGLES&at=2024-01-29&name=&nationality=,2026-03-22T00:53:07Z
wta,2024-01-29,330102,Julia Avdeeva,Julia Avdeeva,251,301,https://api.wtatennis.com/tennis/players/ranked?page=2&pageSize=100&type=rankSingles&sort=asc&metric=SINGLES&at=2024-01-29&name=&nationality=,2026-03-22T00:53:07Z
wta,2024-01-29,329090,Selena Janicijevic,Selena Janicijevic,252,300,https://api.wtatennis.com/tennis/players/ranked?page=2&pageSize=100&type=rankSingles&sort=asc&metric=SINGLES&at=2024-01-29&name=&nationality=,2026-03-22T00:53:07Z
wta,2024-01-29,319706,Dejana Radanovic,Dejana Radanovic,253,300,https://api.wtatennis.com/tennis/players/ranked?page=2&pageSize=100&type=rankSingles&sort=asc&metric=SINGLES&at=2024-01-29&name=&nationality=,2026-03-22T00:53:07Z
wta,2024-01-29,315288,Cristina Dinu,Cristina Dinu,254,299,https://api.wtatennis.com/tennis/players/ranked?page=2&pageSize=100&type=rankSingles&sort=asc&metric=SINGLES&at=2024-01-29&name=&nationality=,2026-03-22T00:53:07Z
wta,2024-01-29,316537,Lesley Pattinama Kerkhove,Lesley Pattinama Kerkhove,255,298,https://api.wtatennis.com/tennis/players/ranked?page=2&pageSize=100&type=rankSingles&sort=asc&metric=SINGLES&at=2024-01-29&name=&nationality=,2026-03-22T00:53:07Z
wta,2024-01-29,321743,Hanna Chang,Hanna Chang,256,298,https://api.wtatennis.com/tennis/players/ranked?page=2&pageSize=100&type=rankSingles&sort=asc&metric=SINGLES&at=2024-01-29&name=&nationality=,2026-03-22T00:53:07Z
wta,2024-01-29,326911,Carlota Martinez Cirez,Carlota Martinez Cirez,257,297,https://api.wtatennis.com/tennis/players/ranked?page=2&pageSize=100&type=rankSingles&sort=asc&metric=SINGLES&at=2024-01-29&name=&nationality=,2026-03-22T00:53:07Z
wta,2024-01-29,330451,Sofia Costoulas,Sofia Costoulas,258,293,https://api.wtatennis.com/tennis/players/ranked?page=2&pageSize=100&type=rankSingles&sort=asc&metric=SINGLES&at=2024-01-29&name=&nationality=,2026-03-22T00:53:07Z
wta,2024-01-29,315616,Kristina Mladenovic,Kristina Mladenovic,259,292,https://api.wtatennis.com/tennis/players/ranked?page=2&pageSize=100&type=rankSingles&sort=asc&metric=SINGLES&at=2024-01-29&name=&nationality=,2026-03-22T00:53:07Z
wta,2024-01-29,326929,Mananchaya Sawangkaew,Mananchaya Sawangkaew,260,290,https://api.wtatennis.com/tennis/players/ranked?page=2&pageSize=100&type=rankSingles&sort=asc&metric=SINGLES&at=2024-01-29&name=&nationality=,2026-03-22T00:53:07Z
wta,2024-01-29,327127,Margaux Rouvroy,Margaux Rouvroy,261,288,https://api.wtatennis.com/tennis/players/ranked?page=2&pageSize=100&type=rankSingles&sort=asc&metric=SINGLES&at=2024-01-29&name=&nationality=,2026-03-22T00:53:07Z
wta,2024-01-29,321157,Irene Burillo,Irene Burillo,262,286,https://api.wtatennis.com/tennis/players/ranked?page=2&pageSize=100&type=rankSingles&sort=asc&metric=SINGLES&at=2024-01-29&name=&nationality=,2026-03-22T00:53:07Z
wta,2024-01-29,321179,Maddison Inglis,Maddison Inglis,263,286,https://api.wtatennis.com/tennis/players/ranked?page=2&pageSize=100&type=rankSingles&sort=asc&metric=SINGLES&at=2024-01-29&name=&nationality=,2026-03-22T00:53:07Z
wta,2024-01-29,329250,Aliona Falei,Aliona Falei,264,286,https://api.wtatennis.com/tennis/players/ranked?page=2&pageSize=100&type=rankSingles&sort=asc&metric=SINGLES&at=2024-01-29&name=&nationality=,2026-03-22T00:53:07Z
wta,2024-01-29,318857,Haruka Kaji,Haruka Kaji,265,284,https://api.wtatennis.com/tennis/players/ranked?page=2&pageSize=100&type=rankSingles&sort=asc&metric=SINGLES&at=2024-01-29&name=&nationality=,2026-03-22T00:53:07Z
wta,2024-01-29,330894,Lucija Ciric Bagaric,Lucija Ciric Bagaric,266,280,https://api.wtatennis.com/tennis/players/ranked?page=2&pageSize=100&type=rankSingles&sort=asc&metric=SINGLES&at=2024-01-29&name=&nationality=,2026-03-22T00:53:07Z
wta,2024-01-29,322925,Xinyu Gao,Xinyu Gao,267,280,https://api.wtatennis.com/tennis/players/ranked?page=2&pageSize=100&type=rankSingles&sort=asc&metric=SINGLES&at=2024-01-29&name=&nationality=,2026-03-22T00:53:07Z
wta,2024-01-29,324786,Guiomar Maristany Zuleta De Reales,Guiomar Maristany Zuleta De Reales,268,276,https://api.wtatennis.com/tennis/players/ranked?page=2&pageSize=100&type=rankSingles&sort=asc&metric=SINGLES&at=2024-01-29&name=&nationality=,2026-03-22T00:53:07Z
wta,2024-01-29,324360,Maria Mateas,Maria Mateas,269,275,https://api.wtatennis.com/tennis/players/ranked?page=2&pageSize=100&type=rankSingles&sort=asc&metric=SINGLES&at=2024-01-29&name=&nationality=,2026-03-22T00:53:07Z
wta,2024-01-29,316588,Isabella Shinikova,Isabella Shinikova,270,274,https://api.wtatennis.com/tennis/players/ranked?page=2&pageSize=100&type=rankSingles&sort=asc&metric=SINGLES&at=2024-01-29&name=&nationality=,2026-03-22T00:53:07Z
wta,2024-01-29,324830,En-Shuo Liang,En-Shuo Liang,271,274,https://api.wtatennis.com/tennis/players/ranked?page=2&pageSize=100&type=rankSingles&sort=asc&metric=SINGLES&at=2024-01-29&name=&nationality=,2026-03-22T00:53:07Z
wta,2024-01-29,260142,Vera Zvonareva,Vera Zvonareva,272,273,https://api.wtatennis.com/tennis/players/ranked?page=2&pageSize=100&type=rankSingles&sort=asc&metric=SINGLES&at=2024-01-29&name=&nationality=,2026-03-22T00:53:07Z
wta,2024-01-29,327219,Valentina Ryser,Valentina Ryser,273,273,https://api.wtatennis.com/tennis/players/ranked?page=2&pageSize=100&type=rankSingles&sort=asc&metric=SINGLES&at=2024-01-29&name=&nationality=,2026-03-22T00:53:07Z
wta,2024-01-29,330147,Lucie Havlickova,Lucie Havlickova,274,271,https://api.wtatennis.com/tennis/players/ranked?page=2&pageSize=100&type=rankSingles&sort=asc&metric=SINGLES&at=2024-01-29&name=&nationality=,2026-03-22T00:53:07Z
wta,2024-01-29,323231,Fanny Stollar,Fanny Stollar,275,271,https://api.wtatennis.com/tennis/players/ranked?page=2&pageSize=100&type=rankSingles&sort=asc&metric=SINGLES&at=2024-01-29&name=&nationality=,2026-03-22T00:53:07Z
wta,2024-01-29,329578,Silvia Ambrosio,Silvia Ambrosio,276,269,https://api.wtatennis.com/tennis/players/ranked?page=2&pageSize=100&type=rankSingles&sort=asc&metric=SINGLES&at=2024-01-29&name=&nationality=,2026-03-22T00:53:07Z
wta,2024-01-29,317286,Kathinka Von Deichmann,Kathinka Von Deichmann,277,268,https://api.wtatennis.com/tennis/players/ranked?page=2&pageSize=100&type=rankSingles&sort=asc&metric=SINGLES&at=2024-01-29&name=&nationality=,2026-03-22T00:53:07Z
wta,2024-01-29,322450,Berfu Cengiz,Berfu Cengiz,278,268,https://api.wtatennis.com/tennis/players/ranked?page=2&pageSize=100&type=rankSingles&sort=asc&metric=SINGLES&at=2024-01-29&name=&nationality=,2026-03-22T00:53:07Z
wta,2024-01-29,327193,Sapfo Sakellaridi,Sapfo Sakellaridi,279,263,https://api.wtatennis.com/tennis/players/ranked?page=2&pageSize=100&type=rankSingles&sort=asc&metric=SINGLES&at=2024-01-29&name=&nationality=,2026-03-22T00:53:07Z
wta,2024-01-29,330364,Nikola Bartunkova,Nikola Bartunkova,280,262,https://api.wtatennis.com/tennis/players/ranked?page=2&pageSize=100&type=rankSingles&sort=asc&metric=SINGLES&at=2024-01-29&name=&nationality=,2026-03-22T00:53:07Z
wta,2024-01-29,329614,Marina Stakusic,Marina Stakusic,281,261,https://api.wtatennis.com/tennis/players/ranked?page=2&pageSize=100&type=rankSingles&sort=asc&metric=SINGLES&at=2024-01-29&name=&nationality=,2026-03-22T00:53:07Z
wta,2024-01-29,319438,Eudice Chong,Eudice Chong,282,260,https://api.wtatennis.com/tennis/players/ranked?page=2&pageSize=100&type=rankSingles&sort=asc&metric=SINGLES&at=2024-01-29&name=&nationality=,2026-03-22T00:53:07Z
wta,2024-01-29,315365,Mona Barthel,Mona Barthel,283,258,https://api.wtatennis.com/tennis/players/ranked?page=2&pageSize=100&type=rankSingles&sort=asc&metric=SINGLES&at=2024-01-29&name=&nationality=,2026-03-22T00:53:07Z
wta,2024-01-29,330751,Lola Radivojevic,Lola Radivojevic,284,258,https://api.wtatennis.com/tennis/players/ranked?page=2&pageSize=100&type=rankSingles&sort=asc&metric=SINGLES&at=2024-01-29&name=&nationality=,2026-03-22T00:53:07Z
wta,2024-01-29,120420,Varvara Lepchenko,Varvara Lepchenko,285,257,https://api.wtatennis.com/tennis/players/ranked?page=2&pageSize=100&type=rankSingles&sort=asc&metric=SINGLES&at=2024-01-29&name=&nationality=,2026-03-22T00:53:07Z
wta,2024-01-29,316157,Grace Min,Grace Min,286,256,https://api.wtatennis.com/tennis/players/ranked?page=2&pageSize=100&type=rankSingles&sort=asc&metric=SINGLES&at=2024-01-29&name=&nationality=,2026-03-22T00:53:07Z
wta,2024-01-29,319433,Marie Benoit,Marie Benoit,287,256,https://api.wtatennis.com/tennis/players/ranked?page=2&pageSize=100&type=rankSingles&sort=asc&metric=SINGLES&at=2024-01-29&name=&nationality=,2026-03-22T00:53:07Z
wta,2024-01-29,317317,Ysaline Bonaventure,Ysaline Bonaventure,288,255,https://api.wtatennis.com/tennis/players/ranked?page=2&pageSize=100&type=rankSingles&sort=asc&metric=SINGLES&at=2024-01-29&name=&nationality=,2026-03-22T00:53:07Z
wta,2024-01-29,324479,Francesca Jones,Francesca Jones,289,255,https://api.wtatennis.com/tennis/players/ranked?page=2&pageSize=100&type=rankSingles&sort=asc&metric=SINGLES&at=2024-01-29&name=&nationality=,2026-03-22T00:53:07Z
wta,2024-01-29,330951,Julie Struplova,Julie Struplova,290,246,https://api.wtatennis.com/tennis/players/ranked?page=2&pageSize=100&type=rankSingles&sort=asc&metric=SINGLES&at=2024-01-29&name=&nationality=,2026-03-22T00:53:07Z
wta,2024-01-29,317094,Maryna Zanevska,Maryna Zanevska,291,242,https://api.wtatennis.com/tennis/players/ranked?page=2&pageSize=100&type=rankSingles&sort=asc&metric=SINGLES&at=2024-01-29&name=&nationality=,2026-03-22T00:53:07Z
wta,2024-01-29,316161,Eugenie Bouchard,Eugenie Bouchard,292,235,https://api.wtatennis.com/tennis/players/ranked?page=2&pageSize=100&type=rankSingles&sort=asc&metric=SINGLES&at=2024-01-29&name=&nationality=,2026-03-22T00:53:07Z
wta,2024-01-29,313215,Alexandra Cadantu-Ignatik,Alexandra Cadantu-Ignatik,293,233,https://api.wtatennis.com/tennis/players/ranked?page=2&pageSize=100&type=rankSingles&sort=asc&metric=SINGLES&at=2024-01-29&name=&nationality=,2026-03-22T00:53:07Z
wta,2024-01-29,330372,Giorgia Pedone,Giorgia Pedone,294,232,https://api.wtatennis.com/tennis/players/ranked?page=2&pageSize=100&type=rankSingles&sort=asc&metric=SINGLES&at=2024-01-29&name=&nationality=,2026-03-22T00:53:07Z
wta,2024-01-29,328366,Emma Raducanu,Emma Raducanu,295,231,https://api.wtatennis.com/tennis/players/ranked?page=2&pageSize=100&type=rankSingles&sort=asc&metric=SINGLES&at=2024-01-29&name=&nationality=,2026-03-22T00:53:07Z
wta,2024-01-29,316694,Ana Sofia Sánchez,Ana Sofia Sánchez,296,231,https://api.wtatennis.com/tennis/players/ranked?page=2&pageSize=100&type=rankSingles&sort=asc&metric=SINGLES&at=2024-01-29&name=&nationality=,2026-03-22T00:53:07Z
wta,2024-01-29,325639,Maja Chwalinska,Maja Chwalinska,297,231,https://api.wtatennis.com/tennis/players/ranked?page=2&pageSize=100&type=rankSingles&sort=asc&metric=SINGLES&at=2024-01-29&name=&nationality=,2026-03-22T00:53:07Z
wta,2024-01-29,329651,Lanlana Tararudee,Lanlana Tararudee,298,231,https://api.wtatennis.com/tennis/players/ranked?page=2&pageSize=100&type=rankSingles&sort=asc&metric=SINGLES&at=2024-01-29&name=&nationality=,2026-03-22T00:53:07Z
wta,2024-01-29,331102,Hanne Vandewinkel,Hanne Vandewinkel,299,231,https://api.wtatennis.com/tennis/players/ranked?page=2&pageSize=100&type=rankSingles&sort=asc&metric=SINGLES&at=2024-01-29&name=&nationality=,2026-03-22T00:53:07Z
wta,2024-01-29,332175,Sara Saito,Sara Saito,300,230,https://api.wtatennis.com/tennis/players/ranked?page=2&pageSize=100&type=rankSingles&sort=asc&metric=SINGLES&at=2024-01-29&name=&nationality=,2026-03-22T00:53:07Z
wta,2024-01-29,323145,Katie Swan,Katie Swan,301,228,https://api.wtatennis.com/tennis/players/ranked?page=3&pageSize=100&type=rankSingles&sort=asc&metric=SINGLES&at=2024-01-29&name=&nationality=,2026-03-22T00:53:07Z
wta,2024-01-29,326891,Leyre Romero Gormaz,Leyre Romero Gormaz,302,228,https://api.wtatennis.com/tennis/players/ranked?page=3&pageSize=100&type=rankSingles&sort=asc&metric=SINGLES&at=2024-01-29&name=&nationality=,2026-03-22T00:53:07Z
wta,2024-01-29,330466,Polina Iatcenko,Polina Iatcenko,303,228,https://api.wtatennis.com/tennis/players/ranked?page=3&pageSize=100&type=rankSingles&sort=asc&metric=SINGLES&at=2024-01-29&name=&nationality=,2026-03-22T00:53:07Z
wta,2024-01-29,324236,Rosa Vicens Mas,Rosa Vicens Mas,304,227,https://api.wtatennis.com/tennis/players/ranked?page=3&pageSize=100&type=rankSingles&sort=asc&metric=SINGLES&at=2024-01-29&name=&nationality=,2026-03-22T00:53:07Z
wta,2024-01-29,329919,Amarni Banks,Amarni Banks,305,224,https://api.wtatennis.com/tennis/players/ranked?page=3&pageSize=100&type=rankSingles&sort=asc&metric=SINGLES&at=2024-01-29&name=&nationality=,2026-03-22T00:53:07Z
wta,2024-01-29,329858,Anastasiia Sobolieva,Anastasiia Sobolieva,306,222,https://api.wtatennis.com/tennis/players/ranked?page=3&pageSize=100&type=rankSingles&sort=asc&metric=SINGLES&at=2024-01-29&name=&nationality=,2026-03-22T00:53:07Z
wta,2024-01-29,316481,Diana Marcinkevica,Diana Marcinkevica,307,222,https://api.wtatennis.com/tennis/players/ranked?page=3&pageSize=100&type=rankSingles&sort=asc&metric=SINGLES&at=2024-01-29&name=&nationality=,2026-03-22T00:53:07Z
wta,2024-01-29,315148,Amandine Hesse,Amandine Hesse,308,221,https://api.wtatennis.com/tennis/players/ranked?page=3&pageSize=100&type=rankSingles&sort=asc&metric=SINGLES&at=2024-01-29&name=&nationality=,2026-03-22T00:53:07Z
wta,2024-01-29,326561,Sohyun Park,Sohyun Park,309,221,https://api.wtatennis.com/tennis/players/ranked?page=3&pageSize=100&type=rankSingles&sort=asc&metric=SINGLES&at=2024-01-29&name=&nationality=,2026-03-22T00:53:07Z
wta,2024-01-29,330280,Maria Bondarenko,Maria Bondarenko,310,221,https://api.wtatennis.com/tennis/players/ranked?page=3&pageSize=100&type=rankSingles&sort=asc&metric=SINGLES&at=2024-01-29&name=&nationality=,2026-03-22T00:53:07Z
wta,2024-01-29,319305,Carolina Alves,Carolina Alves,311,220,https://api.wtatennis.com/tennis/players/ranked?page=3&pageSize=100&type=rankSingles&sort=asc&metric=SINGLES&at=2024-01-29&name=&nationality=,2026-03-22T00:53:07Z
wta,2024-01-29,328160,Francesca Curmi,Francesca Curmi,312,219,https://api.wtatennis.com/tennis/players/ranked?page=3&pageSize=100&type=rankSingles&sort=asc&metric=SINGLES&at=2024-01-29&name=&nationality=,2026-03-22T00:53:07Z
wta,2024-01-29,328884,Lois Boisson,Lois Boisson,313,218,https://api.wtatennis.com/tennis/players/ranked?page=3&pageSize=100&type=rankSingles&sort=asc&metric=SINGLES&at=2024-01-29&name=&nationality=,2026-03-22T00:53:07Z
wta,2024-01-29,312520,Sabine Lisicki,Sabine Lisicki,314,217,https://api.wtatennis.com/tennis/players/ranked?page=3&pageSize=100&type=rankSingles&sort=asc&metric=SINGLES&at=2024-01-29&name=&nationality=,2026-03-22T00:53:07Z
wta,2024-01-29,319454,Gabriela Lee,Gabriela Lee,315,215,https://api.wtatennis.com/tennis/players/ranked?page=3&pageSize=100&type=rankSingles&sort=asc&metric=SINGLES&at=2024-01-29&name=&nationality=,2026-03-22T00:53:07Z
wta,2024-01-29,329198,Alina Charaeva,Alina Charaeva,316,215,https://api.wtatennis.com/tennis/players/ranked?page=3&pageSize=100&type=rankSingles&sort=asc&metric=SINGLES&at=2024-01-29&name=&nationality=,2026-03-22T00:53:07Z
wta,2024-01-29,330642,Liv Hovde,Liv Hovde,317,214,https://api.wtatennis.com/tennis/players/ranked?page=3&pageSize=100&type=rankSingles&sort=asc&metric=SINGLES&at=2024-01-29&name=&nationality=,2026-03-22T00:53:07Z
wta,2024-01-29,321132,Martha Matoula,Martha Matoula,318,214,https://api.wtatennis.com/tennis/players/ranked?page=3&pageSize=100&type=rankSingles&sort=asc&metric=SINGLES&at=2024-01-29&name=&nationality=,2026-03-22T00:53:07Z
wta,2024-01-29,324394,Ayano Shimizu,Ayano Shimizu,319,212,https://api.wtatennis.com/tennis/players/ranked?page=3&pageSize=100&type=rankSingles&sort=asc&metric=SINGLES&at=2024-01-29&name=&nationality=,2026-03-22T00:53:07Z
wta,2024-01-29,322334,Veronika Miroshnichenko,Veronika Miroshnichenko,320,211,https://api.wtatennis.com/tennis/players/ranked?page=3&pageSize=100&type=rankSingles&sort=asc&metric=SINGLES&at=2024-01-29&name=&nationality=,2026-03-22T00:53:07Z
wta,2024-01-29,327490,Ilinca Amariei,Ilinca Amariei,321,209,https://api.wtatennis.com/tennis/players/ranked?page=3&pageSize=100&type=rankSingles&sort=asc&metric=SINGLES&at=2024-01-29&name=&nationality=,2026-03-22T00:53:07Z
wta,2024-01-29,322043,Raveena Kingsley,Raveena Kingsley,322,208,https://api.wtatennis.com/tennis/players/ranked?page=3&pageSize=100&type=rankSingles&sort=asc&metric=SINGLES&at=2024-01-29&name=&nationality=,2026-03-22T00:53:07Z
wta,2024-01-29,314660,Ekaterine Gorgodze,Ekaterine Gorgodze,323,208,https://api.wtatennis.com/tennis/players/ranked?page=3&pageSize=100&type=rankSingles&sort=asc&metric=SINGLES&at=2024-01-29&name=&nationality=,2026-03-22T00:53:07Z
wta,2024-01-29,329061,Linda Klimovicova,Linda Klimovicova,324,208,https://api.wtatennis.com/tennis/players/ranked?page=3&pageSize=100&type=rankSingles&sort=asc&metric=SINGLES&at=2024-01-29&name=&nationality=,2026-03-22T00:53:07Z
wta,2024-01-29,320013,Lizette Cabrera,Lizette Cabrera,325,206,https://api.wtatennis.com/tennis/players/ranked?page=3&pageSize=100&type=rankSingles&sort=asc&metric=SINGLES&at=2024-01-29&name=&nationality=,2026-03-22T00:53:07Z
wta,2024-01-29,318201,Camilla Rosatello,Camilla Rosatello,326,202,https://api.wtatennis.com/tennis/players/ranked?page=3&pageSize=100&type=rankSingles&sort=asc&metric=SINGLES&at=2024-01-29&name=&nationality=,2026-03-22T00:53:07Z
wta,2024-01-29,323373,Andreea Prisacariu,Andreea Prisacariu,327,202,https://api.wtatennis.com/tennis/players/ranked?page=3&pageSize=100&type=rankSingles&sort=asc&metric=SINGLES&at=2024-01-29&name=&nationality=,2026-03-22T00:53:07Z
wta,2024-01-29,327100,Victoria Hu,Victoria Hu,328,202,https://api.wtatennis.com/tennis/players/ranked?page=3&pageSize=100&type=rankSingles&sort=asc&metric=SINGLES&at=2024-01-29&name=&nationality=,2026-03-22T00:53:07Z
wta,2024-01-29,319183,Kyoka Okamura,Kyoka Okamura,329,202,https://api.wtatennis.com/tennis/players/ranked?page=3&pageSize=100&type=rankSingles&sort=asc&metric=SINGLES&at=2024-01-29&name=&nationality=,2026-03-22T00:53:07Z
wta,2024-01-29,319042,Allie Kiick,Allie Kiick,330,202,https://api.wtatennis.com/tennis/players/ranked?page=3&pageSize=100&type=rankSingles&sort=asc&metric=SINGLES&at=2024-01-29&name=&nationality=,2026-03-22T00:53:07Z
wta,2024-01-29,323608,Anastasia Kulikova,Anastasia Kulikova,331,201,https://api.wtatennis.com/tennis/players/ranked?page=3&pageSize=100&type=rankSingles&sort=asc&metric=SINGLES&at=2024-01-29&name=&nationality=,2026-03-22T00:53:07Z
wta,2024-01-29,322510,Dalila Spiteri,Dalila Spiteri,332,199,https://api.wtatennis.com/tennis/players/ranked?page=3&pageSize=100&type=rankSingles&sort=asc&metric=SINGLES&at=2024-01-29&name=&nationality=,2026-03-22T00:53:07Z
wta,2024-01-29,331006,Victoria Mboko,Victoria Mboko,333,199,https://api.wtatennis.com/tennis/players/ranked?page=3&pageSize=100&type=rankSingles&sort=asc&metric=SINGLES&at=2024-01-29&name=&nationality=,2026-03-22T00:53:07Z
wta,2024-01-29,330926,Mia Ristic,Mia Ristic,334,198,https://api.wtatennis.com/tennis/players/ranked?page=3&pageSize=100&type=rankSingles&sort=asc&metric=SINGLES&at=2024-01-29&name=&nationality=,2026-03-22T00:53:07Z
wta,2024-01-29,331152,Sahaja  Yamalapalli,Sahaja  Yamalapalli,335,197,https://api.wtatennis.com/tennis/players/ranked?page=3&pageSize=100&type=rankSingles&sort=asc&metric=SINGLES&at=2024-01-29&name=&nationality=,2026-03-22T00:53:07Z
wta,2024-01-29,330352,Victoria Jimenez Kasintseva,Victoria Jimenez Kasintseva,336,195,https://api.wtatennis.com/tennis/players/ranked?page=3&pageSize=100&type=rankSingles&sort=asc&metric=SINGLES&at=2024-01-29&name=&nationality=,2026-03-22T00:53:07Z
wta,2024-01-29,20702,Kateryna Volodko,Kateryna Volodko,337,195,https://api.wtatennis.com/tennis/players/ranked?page=3&pageSize=100&type=rankSingles&sort=asc&metric=SINGLES&at=2024-01-29&name=&nationality=,2026-03-22T00:53:07Z
wta,2024-01-29,323426,Katarina Kozarov,Katarina Kozarov,338,195,https://api.wtatennis.com/tennis/players/ranked?page=3&pageSize=100&type=rankSingles&sort=asc&metric=SINGLES&at=2024-01-29&name=&nationality=,2026-03-22T00:53:07Z
wta,2024-01-29,325614,Sada Nahimana,Sada Nahimana,339,195,https://api.wtatennis.com/tennis/players/ranked?page=3&pageSize=100&type=rankSingles&sort=asc&metric=SINGLES&at=2024-01-29&name=&nationality=,2026-03-22T00:53:07Z
wta,2024-01-29,321032,Susan Bandecchi,Susan Bandecchi,340,194,https://api.wtatennis.com/tennis/players/ranked?page=3&pageSize=100&type=rankSingles&sort=asc&metric=SINGLES&at=2024-01-29&name=&nationality=,2026-03-22T00:53:07Z
wta,2024-01-29,316606,Reka Luca Jani,Reka Luca Jani,341,191,https://api.wtatennis.com/tennis/players/ranked?page=3&pageSize=100&type=rankSingles&sort=asc&metric=SINGLES&at=2024-01-29&name=&nationality=,2026-03-22T00:53:07Z
wta,2024-01-29,315159,Na Lae Han,Na Lae Han,342,190,https://api.wtatennis.com/tennis/players/ranked?page=3&pageSize=100&type=rankSingles&sort=asc&metric=SINGLES&at=2024-01-29&name=&nationality=,2026-03-22T00:53:07Z
wta,2024-01-29,330905,Elena Pridankina,Elena Pridankina,343,190,https://api.wtatennis.com/tennis/players/ranked?page=3&pageSize=100&type=rankSingles&sort=asc&metric=SINGLES&at=2024-01-29&name=&nationality=,2026-03-22T00:53:07Z
wta,2024-01-29,319641,Ayla Aksu,Ayla Aksu,344,190,https://api.wtatennis.com/tennis/players/ranked?page=3&pageSize=100&type=rankSingles&sort=asc&metric=SINGLES&at=2024-01-29&name=&nationality=,2026-03-22T00:53:07Z
wta,2024-01-29,328193,Lisa Pigato,Lisa Pigato,345,188,https://api.wtatennis.com/tennis/players/ranked?page=3&pageSize=100&type=rankSingles&sort=asc&metric=SINGLES&at=2024-01-29&name=&nationality=,2026-03-22T00:53:07Z
wta,2024-01-29,320481,Daria Lodikova,Daria Lodikova,346,188,https://api.wtatennis.com/tennis/players/ranked?page=3&pageSize=100&type=rankSingles&sort=asc&metric=SINGLES&at=2024-01-29&name=&nationality=,2026-03-22T00:53:07Z
wta,2024-01-29,325794,Manon Leonard,Manon Leonard,347,187,https://api.wtatennis.com/tennis/players/ranked?page=3&pageSize=100&type=rankSingles&sort=asc&metric=SINGLES&at=2024-01-29&name=&nationality=,2026-03-22T00:53:07Z
wta,2024-01-29,318907,Rutuja Bhosale,Rutuja Bhosale,348,187,https://api.wtatennis.com/tennis/players/ranked?page=3&pageSize=100&type=rankSingles&sort=asc&metric=SINGLES&at=2024-01-29&name=&nationality=,2026-03-22T00:53:07Z
wta,2024-01-29,315265,Conny Perrin,Conny Perrin,349,185,https://api.wtatennis.com/tennis/players/ranked?page=3&pageSize=100&type=rankSingles&sort=asc&metric=SINGLES&at=2024-01-29&name=&nationality=,2026-03-22T00:53:07Z
wta,2024-01-29,313225,Jia-Jing Lu,Jia-Jing Lu,350,185,https://api.wtatennis.com/tennis/players/ranked?page=3&pageSize=100&type=rankSingles&sort=asc&metric=SINGLES&at=2024-01-29&name=&nationality=,2026-03-22T00:53:07Z
wta,2024-01-29,319411,Jamie Loeb,Jamie Loeb,351,184,https://api.wtatennis.com/tennis/players/ranked?page=3&pageSize=100&type=rankSingles&sort=asc&metric=SINGLES&at=2024-01-29&name=&nationality=,2026-03-22T00:53:07Z
wta,2024-01-29,328281,Madison Sieg,Madison Sieg,352,184,https://api.wtatennis.com/tennis/players/ranked?page=3&pageSize=100&type=rankSingles&sort=asc&metric=SINGLES&at=2024-01-29&name=&nationality=,2026-03-22T00:53:07Z
wta,2024-01-29,323582,Fernanda Contreras,Fernanda Contreras,353,183,https://api.wtatennis.com/tennis/players/ranked?page=3&pageSize=100&type=rankSingles&sort=asc&metric=SINGLES&at=2024-01-29&name=&nationality=,2026-03-22T00:53:07Z
wta,2024-01-29,324543,Nefisa Berberovic,Nefisa Berberovic,354,182,https://api.wtatennis.com/tennis/players/ranked?page=3&pageSize=100&type=rankSingles&sort=asc&metric=SINGLES&at=2024-01-29&name=&nationality=,2026-03-22T00:53:07Z
wta,2024-01-29,326908,Tina Smith,Tina Smith,355,181,https://api.wtatennis.com/tennis/players/ranked?page=3&pageSize=100&type=rankSingles&sort=asc&metric=SINGLES&at=2024-01-29&name=&nationality=,2026-03-22T00:53:07Z
wta,2024-01-29,323593,Karman Thandi,Karman Thandi,356,180,https://api.wtatennis.com/tennis/players/ranked?page=3&pageSize=100&type=rankSingles&sort=asc&metric=SINGLES&at=2024-01-29&name=&nationality=,2026-03-22T00:53:07Z
wta,2024-01-29,325011,Eva Vedder,Eva Vedder,357,178,https://api.wtatennis.com/tennis/players/ranked?page=3&pageSize=100&type=rankSingles&sort=asc&metric=SINGLES&at=2024-01-29&name=&nationality=,2026-03-22T00:53:07Z
wta,2024-01-29,325114,Elena Malygina,Elena Malygina,358,178,https://api.wtatennis.com/tennis/players/ranked?page=3&pageSize=100&type=rankSingles&sort=asc&metric=SINGLES&at=2024-01-29&name=&nationality=,2026-03-22T00:53:07Z
wta,2024-01-29,323091,Lina Glushko,Lina Glushko,359,178,https://api.wtatennis.com/tennis/players/ranked?page=3&pageSize=100&type=rankSingles&sort=asc&metric=SINGLES&at=2024-01-29&name=&nationality=,2026-03-22T00:53:07Z
wta,2024-01-29,321658,Katharina Hobgarski,Katharina Hobgarski,360,177,https://api.wtatennis.com/tennis/players/ranked?page=3&pageSize=100&type=rankSingles&sort=asc&metric=SINGLES&at=2024-01-29&name=&nationality=,2026-03-22T00:53:07Z
wta,2024-01-29,324995,Anna Siskova,Anna Siskova,361,177,https://api.wtatennis.com/tennis/players/ranked?page=3&pageSize=100&type=rankSingles&sort=asc&metric=SINGLES&at=2024-01-29&name=&nationality=,2026-03-22T00:53:07Z
wta,2024-01-29,328034,Kristina Dmitruk,Kristina Dmitruk,362,175,https://api.wtatennis.com/tennis/players/ranked?page=3&pageSize=100&type=rankSingles&sort=asc&metric=SINGLES&at=2024-01-29&name=&nationality=,2026-03-22T00:53:07Z
wta,2024-01-29,328907,Martyna Kubka,Martyna Kubka,363,175,https://api.wtatennis.com/tennis/players/ranked?page=3&pageSize=100&type=rankSingles&sort=asc&metric=SINGLES&at=2024-01-29&name=&nationality=,2026-03-22T00:53:07Z
wta,2024-01-29,321139,Fanny Ostlund,Fanny Ostlund,364,175,https://api.wtatennis.com/tennis/players/ranked?page=3&pageSize=100&type=rankSingles&sort=asc&metric=SINGLES&at=2024-01-29&name=&nationality=,2026-03-22T00:53:07Z
wta,2024-01-29,329009,Aoi Ito,Aoi Ito,365,174,https://api.wtatennis.com/tennis/players/ranked?page=3&pageSize=100&type=rankSingles&sort=asc&metric=SINGLES&at=2024-01-29&name=&nationality=,2026-03-22T00:53:07Z
wta,2024-01-29,317175,Robin Anderson,Robin Anderson,366,173,https://api.wtatennis.com/tennis/players/ranked?page=3&pageSize=100&type=rankSingles&sort=asc&metric=SINGLES&at=2024-01-29&name=&nationality=,2026-03-22T00:53:07Z
wta,2024-01-29,328401,Julia Middendorf,Julia Middendorf,367,171,https://api.wtatennis.com/tennis/players/ranked?page=3&pageSize=100&type=rankSingles&sort=asc&metric=SINGLES&at=2024-01-29&name=&nationality=,2026-03-22T00:53:07Z
wta,2024-01-29,319016,Katy Dunne,Katy Dunne,368,170,https://api.wtatennis.com/tennis/players/ranked?page=3&pageSize=100&type=rankSingles&sort=asc&metric=SINGLES&at=2024-01-29&name=&nationality=,2026-03-22T00:53:07Z
wta,2024-01-29,328919,Natsumi Kawaguchi,Natsumi Kawaguchi,369,169,https://api.wtatennis.com/tennis/players/ranked?page=3&pageSize=100&type=rankSingles&sort=asc&metric=SINGLES&at=2024-01-29&name=&nationality=,2026-03-22T00:53:07Z
wta,2024-01-29,324595,Daniela Vismane,Daniela Vismane,370,169,https://api.wtatennis.com/tennis/players/ranked?page=3&pageSize=100&type=rankSingles&sort=asc&metric=SINGLES&at=2024-01-29&name=&nationality=,2026-03-22T00:53:07Z
wta,2024-01-29,324028,Leonie Kung,Leonie Kung,371,169,https://api.wtatennis.com/tennis/players/ranked?page=3&pageSize=100&type=rankSingles&sort=asc&metric=SINGLES&at=2024-01-29&name=&nationality=,2026-03-22T00:53:07Z
wta,2024-01-29,319753,Anna Brogan,Anna Brogan,372,168,https://api.wtatennis.com/tennis/players/ranked?page=3&pageSize=100&type=rankSingles&sort=asc&metric=SINGLES&at=2024-01-29&name=&nationality=,2026-03-22T00:53:07Z
wta,2024-01-29,320512,Victoria Rodriguez,Victoria Rodriguez,373,168,https://api.wtatennis.com/tennis/players/ranked?page=3&pageSize=100&type=rankSingles&sort=asc&metric=SINGLES&at=2024-01-29&name=&nationality=,2026-03-22T00:53:07Z
wta,2024-01-29,315815,Georgina Garcia Perez,Georgina Garcia Perez,374,168,https://api.wtatennis.com/tennis/players/ranked?page=3&pageSize=100&type=rankSingles&sort=asc&metric=SINGLES&at=2024-01-29&name=&nationality=,2026-03-22T00:53:07Z
wta,2024-01-29,327781,Fiona Crawley,Fiona Crawley,375,166,https://api.wtatennis.com/tennis/players/ranked?page=3&pageSize=100&type=rankSingles&sort=asc&metric=SINGLES&at=2024-01-29&name=&nationality=,2026-03-22T00:53:07Z
wta,2024-01-29,323440,Ilona-Georgiana Ghioroaie,Ilona-Georgiana Ghioroaie,376,166,https://api.wtatennis.com/tennis/players/ranked?page=3&pageSize=100&type=rankSingles&sort=asc&metric=SINGLES&at=2024-01-29&name=&nationality=,2026-03-22T00:53:07Z
wta,2024-01-29,327182,Oleksandra Oliynykova,Oleksandra Oliynykova,377,166,https://api.wtatennis.com/tennis/players/ranked?page=3&pageSize=100&type=rankSingles&sort=asc&metric=SINGLES&at=2024-01-29&name=&nationality=,2026-03-22T00:53:07Z
wta,2024-01-29,330363,Barbora Palicova,Barbora Palicova,378,165,https://api.wtatennis.com/tennis/players/ranked?page=3&pageSize=100&type=rankSingles&sort=asc&metric=SINGLES&at=2024-01-29&name=&nationality=,2026-03-22T00:53:07Z
wta,2024-01-29,321837,Vivian Wolff,Vivian Wolff,379,165,https://api.wtatennis.com/tennis/players/ranked?page=3&pageSize=100&type=rankSingles&sort=asc&metric=SINGLES&at=2024-01-29&name=&nationality=,2026-03-22T00:53:07Z
wta,2024-01-29,325073,Lucia Cortez Llorca,Lucia Cortez Llorca,380,164,https://api.wtatennis.com/tennis/players/ranked?page=3&pageSize=100&type=rankSingles&sort=asc&metric=SINGLES&at=2024-01-29&name=&nationality=,2026-03-22T00:53:07Z
wta,2024-01-29,326049,Rina Saigo,Rina Saigo,381,163,https://api.wtatennis.com/tennis/players/ranked?page=3&pageSize=100&type=rankSingles&sort=asc&metric=SINGLES&at=2024-01-29&name=&nationality=,2026-03-22T00:53:07Z
wta,2024-01-29,320369,Martina Colmegna,Martina Colmegna,382,161,https://api.wtatennis.com/tennis/players/ranked?page=3&pageSize=100&type=rankSingles&sort=asc&metric=SINGLES&at=2024-01-29&name=&nationality=,2026-03-22T00:53:07Z
wta,2024-01-29,320178,Guillermina Naya,Guillermina Naya,383,161,https://api.wtatennis.com/tennis/players/ranked?page=3&pageSize=100&type=rankSingles&sort=asc&metric=SINGLES&at=2024-01-29&name=&nationality=,2026-03-22T00:53:07Z
wta,2024-01-29,321146,Sophie Chang,Sophie Chang,384,160,https://api.wtatennis.com/tennis/players/ranked?page=3&pageSize=100&type=rankSingles&sort=asc&metric=SINGLES&at=2024-01-29&name=&nationality=,2026-03-22T00:53:07Z
wta,2024-01-29,331963,Sayaka Ishii,Sayaka Ishii,385,160,https://api.wtatennis.com/tennis/players/ranked?page=3&pageSize=100&type=rankSingles&sort=asc&metric=SINGLES&at=2024-01-29&name=&nationality=,2026-03-22T00:53:07Z
wta,2024-01-29,325781,Ashley Lahey,Ashley Lahey,386,159,https://api.wtatennis.com/tennis/players/ranked?page=3&pageSize=100&type=rankSingles&sort=asc&metric=SINGLES&at=2024-01-29&name=&nationality=,2026-03-22T00:53:07Z
wta,2024-01-29,313035,Tamira Paszek,Tamira Paszek,387,159,https://api.wtatennis.com/tennis/players/ranked?page=3&pageSize=100&type=rankSingles&sort=asc&metric=SINGLES&at=2024-01-29&name=&nationality=,2026-03-22T00:53:07Z
wta,2024-01-29,325423,Chloe Beck,Chloe Beck,388,158,https://api.wtatennis.com/tennis/players/ranked?page=3&pageSize=100&type=rankSingles&sort=asc&metric=SINGLES&at=2024-01-29&name=&nationality=,2026-03-22T00:53:07Z
wta,2024-01-29,317541,Miriana Tona,Miriana Tona,389,158,https://api.wtatennis.com/tennis/players/ranked?page=3&pageSize=100&type=rankSingles&sort=asc&metric=SINGLES&at=2024-01-29&name=&nationality=,2026-03-22T00:53:07Z
wta,2024-01-29,322716,Jessie Aney,Jessie Aney,390,157,https://api.wtatennis.com/tennis/players/ranked?page=3&pageSize=100&type=rankSingles&sort=asc&metric=SINGLES&at=2024-01-29&name=&nationality=,2026-03-22T00:53:07Z
wta,2024-01-29,322382,Eva Guerrero Alvarez,Eva Guerrero Alvarez,391,157,https://api.wtatennis.com/tennis/players/ranked?page=3&pageSize=100&type=rankSingles&sort=asc&metric=SINGLES&at=2024-01-29&name=&nationality=,2026-03-22T00:53:07Z
wta,2024-01-29,325750,Weronika Falkowska,Weronika Falkowska,392,156,https://api.wtatennis.com/tennis/players/ranked?page=3&pageSize=100&type=rankSingles&sort=asc&metric=SINGLES&at=2024-01-29&name=&nationality=,2026-03-22T00:53:07Z
wta,2024-01-29,316607,Marcela Zacarias,Marcela Zacarias,393,155,https://api.wtatennis.com/tennis/players/ranked?page=3&pageSize=100&type=rankSingles&sort=asc&metric=SINGLES&at=2024-01-29&name=&nationality=,2026-03-22T00:53:07Z
wta,2024-01-29,320501,Magali Kempen,Magali Kempen,394,155,https://api.wtatennis.com/tennis/players/ranked?page=3&pageSize=100&type=rankSingles&sort=asc&metric=SINGLES&at=2024-01-29&name=&nationality=,2026-03-22T00:53:07Z
wta,2024-01-29,319465,Eden Silva,Eden Silva,395,155,https://api.wtatennis.com/tennis/players/ranked?page=3&pageSize=100&type=rankSingles&sort=asc&metric=SINGLES&at=2024-01-29&name=&nationality=,2026-03-22T00:53:07Z
wta,2024-01-29,321906,Kaylah Mcphee,Kaylah Mcphee,396,155,https://api.wtatennis.com/tennis/players/ranked?page=3&pageSize=100&type=rankSingles&sort=asc&metric=SINGLES&at=2024-01-29&name=&nationality=,2026-03-22T00:53:07Z
wta,2024-01-29,322579,Petra Hule,Petra Hule,397,155,https://api.wtatennis.com/tennis/players/ranked?page=3&pageSize=100&type=rankSingles&sort=asc&metric=SINGLES&at=2024-01-29&name=&nationality=,2026-03-22T00:53:07Z
wta,2024-01-29,327191,Naho Sato,Naho Sato,398,155,https://api.wtatennis.com/tennis/players/ranked?page=3&pageSize=100&type=rankSingles&sort=asc&metric=SINGLES&at=2024-01-29&name=&nationality=,2026-03-22T00:53:07Z
wta,2024-01-29,331039,Ksenia Zaytseva,Ksenia Zaytseva,399,153,https://api.wtatennis.com/tennis/players/ranked?page=3&pageSize=100&type=rankSingles&sort=asc&metric=SINGLES&at=2024-01-29&name=&nationality=,2026-03-22T00:53:07Z
wta,2024-01-29,328988,Anouk Koevermans,Anouk Koevermans,400,153,https://api.wtatennis.com/tennis/players/ranked?page=3&pageSize=100&type=rankSingles&sort=asc&metric=SINGLES&at=2024-01-29&name=&nationality=,2026-03-22T00:53:07Z
wta,2024-01-29,327918,Nika Radisic,Nika Radisic,401,153,https://api.wtatennis.com/tennis/players/ranked?page=4&pageSize=100&type=rankSingles&sort=asc&metric=SINGLES&at=2024-01-29&name=&nationality=,2026-03-22T00:53:08Z
wta,2024-01-29,330788,Clervie Ngounoue,Clervie Ngounoue,402,151,https://api.wtatennis.com/tennis/players/ranked?page=4&pageSize=100&type=rankSingles&sort=asc&metric=SINGLES&at=2024-01-29&name=&nationality=,2026-03-22T00:53:08Z
wta,2024-01-29,325404,Aurora Zantedeschi,Aurora Zantedeschi,403,151,https://api.wtatennis.com/tennis/players/ranked?page=4&pageSize=100&type=rankSingles&sort=asc&metric=SINGLES&at=2024-01-29&name=&nationality=,2026-03-22T00:53:08Z
wta,2024-01-29,315083,Paula Ormaechea,Paula Ormaechea,404,149,https://api.wtatennis.com/tennis/players/ranked?page=4&pageSize=100&type=rankSingles&sort=asc&metric=SINGLES&at=2024-01-29&name=&nationality=,2026-03-22T00:53:08Z
wta,2024-01-29,331259,Zongyu Li,Zongyu Li,405,149,https://api.wtatennis.com/tennis/players/ranked?page=4&pageSize=100&type=rankSingles&sort=asc&metric=SINGLES&at=2024-01-29&name=&nationality=,2026-03-22T00:53:08Z
wta,2024-01-29,327633,Thasaporn Naklo,Thasaporn Naklo,406,148,https://api.wtatennis.com/tennis/players/ranked?page=4&pageSize=100&type=rankSingles&sort=asc&metric=SINGLES&at=2024-01-29&name=&nationality=,2026-03-22T00:53:08Z
wta,2024-01-29,318924,Sarah Beth Grey,Sarah Beth Grey,407,148,https://api.wtatennis.com/tennis/players/ranked?page=4&pageSize=100&type=rankSingles&sort=asc&metric=SINGLES&at=2024-01-29&name=&nationality=,2026-03-22T00:53:08Z
wta,2024-01-29,326235,Yuki Naito,Yuki Naito,408,147,https://api.wtatennis.com/tennis/players/ranked?page=4&pageSize=100&type=rankSingles&sort=asc&metric=SINGLES&at=2024-01-29&name=&nationality=,2026-03-22T00:53:08Z
wta,2024-01-29,331153,Miho Kuramochi,Miho Kuramochi,409,147,https://api.wtatennis.com/tennis/players/ranked?page=4&pageSize=100&type=rankSingles&sort=asc&metric=SINGLES&at=2024-01-29&name=&nationality=,2026-03-22T00:53:08Z
wta,2024-01-29,317108,Audrey Albie,Audrey Albie,410,146,https://api.wtatennis.com/tennis/players/ranked?page=4&pageSize=100&type=rankSingles&sort=asc&metric=SINGLES&at=2024-01-29&name=&nationality=,2026-03-22T00:53:08Z
wta,2024-01-29,327398,Sakura Hosogi,Sakura Hosogi,411,145,https://api.wtatennis.com/tennis/players/ranked?page=4&pageSize=100&type=rankSingles&sort=asc&metric=SINGLES&at=2024-01-29&name=&nationality=,2026-03-22T00:53:08Z
wta,2024-01-29,324656,Aneta Kucmova,Aneta Kucmova,412,145,https://api.wtatennis.com/tennis/players/ranked?page=4&pageSize=100&type=rankSingles&sort=asc&metric=SINGLES&at=2024-01-29&name=&nationality=,2026-03-22T00:53:08Z
wta,2024-01-29,320682,Ana Konjuh,Ana Konjuh,413,144,https://api.wtatennis.com/tennis/players/ranked?page=4&pageSize=100&type=rankSingles&sort=asc&metric=SINGLES&at=2024-01-29&name=&nationality=,2026-03-22T00:53:08Z
wta,2024-01-29,322355,Angela Fita Boluda,Angela Fita Boluda,414,144,https://api.wtatennis.com/tennis/players/ranked?page=4&pageSize=100&type=rankSingles&sort=asc&metric=SINGLES&at=2024-01-29&name=&nationality=,2026-03-22T00:53:08Z
wta,2024-01-29,318776,Ya-Hsuan Lee,Ya-Hsuan Lee,415,144,https://api.wtatennis.com/tennis/players/ranked?page=4&pageSize=100&type=rankSingles&sort=asc&metric=SINGLES&at=2024-01-29&name=&nationality=,2026-03-22T00:53:08Z
wta,2024-01-29,316674,Gabriela Ce,Gabriela Ce,416,143,https://api.wtatennis.com/tennis/players/ranked?page=4&pageSize=100&type=rankSingles&sort=asc&metric=SINGLES&at=2024-01-29&name=&nationality=,2026-03-22T00:53:08Z
wta,2024-01-29,329567,Dimitra Pavlou,Dimitra Pavlou,417,143,https://api.wtatennis.com/tennis/players/ranked?page=4&pageSize=100&type=rankSingles&sort=asc&metric=SINGLES&at=2024-01-29&name=&nationality=,2026-03-22T00:53:08Z
wta,2024-01-29,329438,Ekaterina Maklakova,Ekaterina Maklakova,418,143,https://api.wtatennis.com/tennis/players/ranked?page=4&pageSize=100&type=rankSingles&sort=asc&metric=SINGLES&at=2024-01-29&name=&nationality=,2026-03-22T00:53:08Z
wta,2024-01-29,330236,Tara Wuerth,Tara Wuerth,419,142,https://api.wtatennis.com/tennis/players/ranked?page=4&pageSize=100&type=rankSingles&sort=asc&metric=SINGLES&at=2024-01-29&name=&nationality=,2026-03-22T00:53:08Z
wta,2024-01-29,313919,Asia Muhammad,Asia Muhammad,420,141,https://api.wtatennis.com/tennis/players/ranked?page=4&pageSize=100&type=rankSingles&sort=asc&metric=SINGLES&at=2024-01-29&name=&nationality=,2026-03-22T00:53:08Z
wta,2024-01-29,322631,Alana Smith,Alana Smith,421,141,https://api.wtatennis.com/tennis/players/ranked?page=4&pageSize=100&type=rankSingles&sort=asc&metric=SINGLES&at=2024-01-29&name=&nationality=,2026-03-22T00:53:08Z
wta,2024-01-29,324681,Kathleen Kanev,Kathleen Kanev,422,141,https://api.wtatennis.com/tennis/players/ranked?page=4&pageSize=100&type=rankSingles&sort=asc&metric=SINGLES&at=2024-01-29&name=&nationality=,2026-03-22T00:53:08Z
wta,2024-01-29,323087,Hanyu Guo,Hanyu Guo,423,140,https://api.wtatennis.com/tennis/players/ranked?page=4&pageSize=100&type=rankSingles&sort=asc&metric=SINGLES&at=2024-01-29&name=&nationality=,2026-03-22T00:53:08Z
wta,2024-01-29,326780,Misaki Matsuda,Misaki Matsuda,424,139,https://api.wtatennis.com/tennis/players/ranked?page=4&pageSize=100&type=rankSingles&sort=asc&metric=SINGLES&at=2024-01-29&name=&nationality=,2026-03-22T00:53:08Z
wta,2024-01-29,312292,Cagla Buyukakcay,Cagla Buyukakcay,425,138,https://api.wtatennis.com/tennis/players/ranked?page=4&pageSize=100&type=rankSingles&sort=asc&metric=SINGLES&at=2024-01-29&name=&nationality=,2026-03-22T00:53:08Z
wta,2024-01-29,325632,Mariia Kozyreva,Mariia Kozyreva,426,138,https://api.wtatennis.com/tennis/players/ranked?page=4&pageSize=100&type=rankSingles&sort=asc&metric=SINGLES&at=2024-01-29&name=&nationality=,2026-03-22T00:53:08Z
wta,2024-01-29,328686,Nadine Keller,Nadine Keller,427,138,https://api.wtatennis.com/tennis/players/ranked?page=4&pageSize=100&type=rankSingles&sort=asc&metric=SINGLES&at=2024-01-29&name=&nationality=,2026-03-22T00:53:08Z
wta,2024-01-29,324970,Emma Lene,Emma Lene,428,137,https://api.wtatennis.com/tennis/players/ranked?page=4&pageSize=100&type=rankSingles&sort=asc&metric=SINGLES&at=2024-01-29&name=&nationality=,2026-03-22T00:53:08Z
wta,2024-01-29,319432,Dea Herdzelas,Dea Herdzelas,429,137,https://api.wtatennis.com/tennis/players/ranked?page=4&pageSize=100&type=rankSingles&sort=asc&metric=SINGLES&at=2024-01-29&name=&nationality=,2026-03-22T00:53:08Z
wta,2024-01-29,323182,Haruna Arakawa,Haruna Arakawa,430,136,https://api.wtatennis.com/tennis/players/ranked?page=4&pageSize=100&type=rankSingles&sort=asc&metric=SINGLES&at=2024-01-29&name=&nationality=,2026-03-22T00:53:08Z
wta,2024-01-29,326723,Hong Yi Cody Wong,Hong Yi Cody Wong,431,135,https://api.wtatennis.com/tennis/players/ranked?page=4&pageSize=100&type=rankSingles&sort=asc&metric=SINGLES&at=2024-01-29&name=&nationality=,2026-03-22T00:53:08Z
wta,2024-01-29,328659,Ziva Falkner,Ziva Falkner,432,135,https://api.wtatennis.com/tennis/players/ranked?page=4&pageSize=100&type=rankSingles&sort=asc&metric=SINGLES&at=2024-01-29&name=&nationality=,2026-03-22T00:53:08Z
wta,2024-01-29,311832,Erika Sema,Erika Sema,433,135,https://api.wtatennis.com/tennis/players/ranked?page=4&pageSize=100&type=rankSingles&sort=asc&metric=SINGLES&at=2024-01-29&name=&nationality=,2026-03-22T00:53:08Z
wta,2024-01-29,323694,Emily Appleton,Emily Appleton,434,134,https://api.wtatennis.com/tennis/players/ranked?page=4&pageSize=100&type=rankSingles&sort=asc&metric=SINGLES&at=2024-01-29&name=&nationality=,2026-03-22T00:53:08Z
wta,2024-01-29,324308,Emeline Dartron,Emeline Dartron,435,134,https://api.wtatennis.com/tennis/players/ranked?page=4&pageSize=100&type=rankSingles&sort=asc&metric=SINGLES&at=2024-01-29&name=&nationality=,2026-03-22T00:53:08Z
wta,2024-01-29,321965,Amina Anshba,Amina Anshba,436,134,https://api.wtatennis.com/tennis/players/ranked?page=4&pageSize=100&type=rankSingles&sort=asc&metric=SINGLES&at=2024-01-29&name=&nationality=,2026-03-22T00:53:08Z
wta,2024-01-29,331074,Johanne Svendsen,Johanne Svendsen,437,134,https://api.wtatennis.com/tennis/players/ranked?page=4&pageSize=100&type=rankSingles&sort=asc&metric=SINGLES&at=2024-01-29&name=&nationality=,2026-03-22T00:53:08Z
wta,2024-01-29,326101,Whitney Osuigwe,Whitney Osuigwe,438,132,https://api.wtatennis.com/tennis/players/ranked?page=4&pageSize=100&type=rankSingles&sort=asc&metric=SINGLES&at=2024-01-29&name=&nationality=,2026-03-22T00:53:08Z
wta,2024-01-29,318488,Jesika Maleckova,Jesika Maleckova,439,132,https://api.wtatennis.com/tennis/players/ranked?page=4&pageSize=100&type=rankSingles&sort=asc&metric=SINGLES&at=2024-01-29&name=&nationality=,2026-03-22T00:53:08Z
wta,2024-01-29,330547,Carolina Kuhl,Carolina Kuhl,440,132,https://api.wtatennis.com/tennis/players/ranked?page=4&pageSize=100&type=rankSingles&sort=asc&metric=SINGLES&at=2024-01-29&name=&nationality=,2026-03-22T00:53:08Z
wta,2024-01-29,322752,Sara Cakarevic,Sara Cakarevic,441,132,https://api.wtatennis.com/tennis/players/ranked?page=4&pageSize=100&type=rankSingles&sort=asc&metric=SINGLES&at=2024-01-29&name=&nationality=,2026-03-22T00:53:08Z
wta,2024-01-29,321984,Tessah Andrianjafitrimo,Tessah Andrianjafitrimo,442,131,https://api.wtatennis.com/tennis/players/ranked?page=4&pageSize=100&type=rankSingles&sort=asc&metric=SINGLES&at=2024-01-29&name=&nationality=,2026-03-22T00:53:08Z
wta,2024-01-29,325758,Haley Giavara,Haley Giavara,443,130,https://api.wtatennis.com/tennis/players/ranked?page=4&pageSize=100&type=rankSingles&sort=asc&metric=SINGLES&at=2024-01-29&name=&nationality=,2026-03-22T00:53:08Z
wta,2024-01-29,322909,Anna Gabric,Anna Gabric,444,130,https://api.wtatennis.com/tennis/players/ranked?page=4&pageSize=100&type=rankSingles&sort=asc&metric=SINGLES&at=2024-01-29&name=&nationality=,2026-03-22T00:53:08Z
wta,2024-01-29,319606,Fangzhou Liu,Fangzhou Liu,445,129,https://api.wtatennis.com/tennis/players/ranked?page=4&pageSize=100&type=rankSingles&sort=asc&metric=SINGLES&at=2024-01-29&name=&nationality=,2026-03-22T00:53:08Z
wta,2024-01-29,319962,Naiktha Bains,Naiktha Bains,446,127,https://api.wtatennis.com/tennis/players/ranked?page=4&pageSize=100&type=rankSingles&sort=asc&metric=SINGLES&at=2024-01-29&name=&nationality=,2026-03-22T00:53:08Z
wta,2024-01-29,318080,Andrea Lazaro Garcia,Andrea Lazaro Garcia,447,127,https://api.wtatennis.com/tennis/players/ranked?page=4&pageSize=100&type=rankSingles&sort=asc&metric=SINGLES&at=2024-01-29&name=&nationality=,2026-03-22T00:53:08Z
wta,2024-01-29,329181,Anastasia Kovaleva,Anastasia Kovaleva,448,126,https://api.wtatennis.com/tennis/players/ranked?page=4&pageSize=100&type=rankSingles&sort=asc&metric=SINGLES&at=2024-01-29&name=&nationality=,2026-03-22T00:53:08Z
wta,2024-01-29,325048,Dalayna Hewitt,Dalayna Hewitt,449,125,https://api.wtatennis.com/tennis/players/ranked?page=4&pageSize=100&type=rankSingles&sort=asc&metric=SINGLES&at=2024-01-29&name=&nationality=,2026-03-22T00:53:08Z
wta,2024-01-29,319937,Jacqueline Cabaj Awad,Jacqueline Cabaj Awad,450,125,https://api.wtatennis.com/tennis/players/ranked?page=4&pageSize=100&type=rankSingles&sort=asc&metric=SINGLES&at=2024-01-29&name=&nationality=,2026-03-22T00:53:08Z
wta,2024-01-29,325700,Alexandra Vecic,Alexandra Vecic,451,125,https://api.wtatennis.com/tennis/players/ranked?page=4&pageSize=100&type=rankSingles&sort=asc&metric=SINGLES&at=2024-01-29&name=&nationality=,2026-03-22T00:53:08Z
wta,2024-01-29,320592,Mariam Bolkvadze,Mariam Bolkvadze,452,124,https://api.wtatennis.com/tennis/players/ranked?page=4&pageSize=100&type=rankSingles&sort=asc&metric=SINGLES&at=2024-01-29&name=&nationality=,2026-03-22T00:53:08Z
wta,2024-01-29,327351,Dayeon Back,Dayeon Back,453,122,https://api.wtatennis.com/tennis/players/ranked?page=4&pageSize=100&type=rankSingles&sort=asc&metric=SINGLES&at=2024-01-29&name=&nationality=,2026-03-22T00:53:08Z
wta,2024-01-29,330059,Maria Sara Popa,Maria Sara Popa,454,122,https://api.wtatennis.com/tennis/players/ranked?page=4&pageSize=100&type=rankSingles&sort=asc&metric=SINGLES&at=2024-01-29&name=&nationality=,2026-03-22T00:53:08Z
wta,2024-01-29,329575,Nahia Berecoechea,Nahia Berecoechea,455,122,https://api.wtatennis.com/tennis/players/ranked?page=4&pageSize=100&type=rankSingles&sort=asc&metric=SINGLES&at=2024-01-29&name=&nationality=,2026-03-22T00:53:08Z
wta,2024-01-29,317171,Patricia Maria Tig,Patricia Maria Tig,456,121,https://api.wtatennis.com/tennis/players/ranked?page=4&pageSize=100&type=rankSingles&sort=asc&metric=SINGLES&at=2024-01-29&name=&nationality=,2026-03-22T00:53:08Z
wta,2024-01-29,330075,Melisa Ercan,Melisa Ercan,457,121,https://api.wtatennis.com/tennis/players/ranked?page=4&pageSize=100&type=rankSingles&sort=asc&metric=SINGLES&at=2024-01-29&name=&nationality=,2026-03-22T00:53:08Z
wta,2024-01-29,330432,Cadence Brace,Cadence Brace,458,121,https://api.wtatennis.com/tennis/players/ranked?page=4&pageSize=100&type=rankSingles&sort=asc&metric=SINGLES&at=2024-01-29&name=&nationality=,2026-03-22T00:53:08Z
wta,2024-01-29,332575,Alevtina Ibragimova,Alevtina Ibragimova,459,121,https://api.wtatennis.com/tennis/players/ranked?page=4&pageSize=100&type=rankSingles&sort=asc&metric=SINGLES&at=2024-01-29&name=&nationality=,2026-03-22T00:53:08Z
wta,2024-01-29,327144,Emilie Lindh Gallagher,Emilie Lindh Gallagher,460,121,https://api.wtatennis.com/tennis/players/ranked?page=4&pageSize=100&type=rankSingles&sort=asc&metric=SINGLES&at=2024-01-29&name=&nationality=,2026-03-22T00:53:08Z
wta,2024-01-29,329307,Sofia Rocchetti,Sofia Rocchetti,461,121,https://api.wtatennis.com/tennis/players/ranked?page=4&pageSize=100&type=rankSingles&sort=asc&metric=SINGLES&at=2024-01-29&name=&nationality=,2026-03-22T00:53:08Z
wta,2024-01-29,312584,Evgeniya Rodina,Evgeniya Rodina,462,120,https://api.wtatennis.com/tennis/players/ranked?page=4&pageSize=100&type=rankSingles&sort=asc&metric=SINGLES&at=2024-01-29&name=&nationality=,2026-03-22T00:53:08Z
wta,2024-01-29,329397,Fangran Tian,Fangran Tian,463,120,https://api.wtatennis.com/tennis/players/ranked?page=4&pageSize=100&type=rankSingles&sort=asc&metric=SINGLES&at=2024-01-29&name=&nationality=,2026-03-22T00:53:08Z
wta,2024-01-29,331197,Veronika Podrez,Veronika Podrez,464,120,https://api.wtatennis.com/tennis/players/ranked?page=4&pageSize=100&type=rankSingles&sort=asc&metric=SINGLES&at=2024-01-29&name=&nationality=,2026-03-22T00:53:08Z
wta,2024-01-29,329759,Laura Hietaranta,Laura Hietaranta,465,120,https://api.wtatennis.com/tennis/players/ranked?page=4&pageSize=100&type=rankSingles&sort=asc&metric=SINGLES&at=2024-01-29&name=&nationality=,2026-03-22T00:53:08Z
wta,2024-01-29,323557,Federica Bilardo,Federica Bilardo,466,119,https://api.wtatennis.com/tennis/players/ranked?page=4&pageSize=100&type=rankSingles&sort=asc&metric=SINGLES&at=2024-01-29&name=&nationality=,2026-03-22T00:53:08Z
wta,2024-01-29,320190,Kajsa Rinaldo Persson,Kajsa Rinaldo Persson,467,118,https://api.wtatennis.com/tennis/players/ranked?page=4&pageSize=100&type=rankSingles&sort=asc&metric=SINGLES&at=2024-01-29&name=&nationality=,2026-03-22T00:53:08Z
wta,2024-01-29,322333,Anastasia Gasanova,Anastasia Gasanova,468,117,https://api.wtatennis.com/tennis/players/ranked?page=4&pageSize=100&type=rankSingles&sort=asc&metric=SINGLES&at=2024-01-29&name=&nationality=,2026-03-22T00:53:08Z
wta,2024-01-29,332162,Anastasiia Gureva,Anastasiia Gureva,469,117,https://api.wtatennis.com/tennis/players/ranked?page=4&pageSize=100&type=rankSingles&sort=asc&metric=SINGLES&at=2024-01-29&name=&nationality=,2026-03-22T00:53:08Z
wta,2024-01-29,328320,Hina Inoue,Hina Inoue,470,115,https://api.wtatennis.com/tennis/players/ranked?page=4&pageSize=100&type=rankSingles&sort=asc&metric=SINGLES&at=2024-01-29&name=&nationality=,2026-03-22T00:53:08Z
wta,2024-01-29,325473,Mei Yamaguchi,Mei Yamaguchi,471,114,https://api.wtatennis.com/tennis/players/ranked?page=4&pageSize=100&type=rankSingles&sort=asc&metric=SINGLES&at=2024-01-29&name=&nationality=,2026-03-22T00:53:08Z
wta,2024-01-29,313131,Urszula Radwanska,Urszula Radwanska,472,114,https://api.wtatennis.com/tennis/players/ranked?page=4&pageSize=100&type=rankSingles&sort=asc&metric=SINGLES&at=2024-01-29&name=&nationality=,2026-03-22T00:53:08Z
wta,2024-01-29,326604,Saki Imamura,Saki Imamura,473,113,https://api.wtatennis.com/tennis/players/ranked?page=4&pageSize=100&type=rankSingles&sort=asc&metric=SINGLES&at=2024-01-29&name=&nationality=,2026-03-22T00:53:08Z
wta,2024-01-29,230220,Venus Williams,Venus Williams,474,112,https://api.wtatennis.com/tennis/players/ranked?page=4&pageSize=100&type=rankSingles&sort=asc&metric=SINGLES&at=2024-01-29&name=&nationality=,2026-03-22T00:53:08Z
wta,2024-01-29,329115,Katrina Scott,Katrina Scott,475,112,https://api.wtatennis.com/tennis/players/ranked?page=4&pageSize=100&type=rankSingles&sort=asc&metric=SINGLES&at=2024-01-29&name=&nationality=,2026-03-22T00:53:08Z
wta,2024-01-29,328131,Amarissa Toth,Amarissa Toth,476,112,https://api.wtatennis.com/tennis/players/ranked?page=4&pageSize=100&type=rankSingles&sort=asc&metric=SINGLES&at=2024-01-29&name=&nationality=,2026-03-22T00:53:08Z
wta,2024-01-29,316554,Peangtarn Plipuech,Peangtarn Plipuech,477,112,https://api.wtatennis.com/tennis/players/ranked?page=4&pageSize=100&type=rankSingles&sort=asc&metric=SINGLES&at=2024-01-29&name=&nationality=,2026-03-22T00:53:08Z
wta,2024-01-29,317819,Alison Van Uytvanck,Alison Van Uytvanck,478,111,https://api.wtatennis.com/tennis/players/ranked?page=4&pageSize=100&type=rankSingles&sort=asc&metric=SINGLES&at=2024-01-29&name=&nationality=,2026-03-22T00:53:08Z
wta,2024-01-29,329217,Jennifer Ruggeri,Jennifer Ruggeri,479,111,https://api.wtatennis.com/tennis/players/ranked?page=4&pageSize=100&type=rankSingles&sort=asc&metric=SINGLES&at=2024-01-29&name=&nationality=,2026-03-22T00:53:08Z
wta,2024-01-29,320090,Julieta Estable,Julieta Estable,480,111,https://api.wtatennis.com/tennis/players/ranked?page=4&pageSize=100&type=rankSingles&sort=asc&metric=SINGLES&at=2024-01-29&name=&nationality=,2026-03-22T00:53:08Z
wta,2024-01-29,322990,Vaidehee Chaudhari,Vaidehee Chaudhari,481,111,https://api.wtatennis.com/tennis/players/ranked?page=4&pageSize=100&type=rankSingles&sort=asc&metric=SINGLES&at=2024-01-29&name=&nationality=,2026-03-22T00:53:08Z
wta,2024-01-29,324465,Viktoria Morvayova,Viktoria Morvayova,482,111,https://api.wtatennis.com/tennis/players/ranked?page=4&pageSize=100&type=rankSingles&sort=asc&metric=SINGLES&at=2024-01-29&name=&nationality=,2026-03-22T00:53:08Z
wta,2024-01-29,330544,Maya Joint,Maya Joint,483,110,https://api.wtatennis.com/tennis/players/ranked?page=4&pageSize=100&type=rankSingles&sort=asc&metric=SINGLES&at=2024-01-29&name=&nationality=,2026-03-22T00:53:08Z
wta,2024-01-29,331361,Xinxin Yao,Xinxin Yao,484,110,https://api.wtatennis.com/tennis/players/ranked?page=4&pageSize=100&type=rankSingles&sort=asc&metric=SINGLES&at=2024-01-29&name=&nationality=,2026-03-22T00:53:08Z
wta,2024-01-29,325835,Maileen Nuudi,Maileen Nuudi,485,110,https://api.wtatennis.com/tennis/players/ranked?page=4&pageSize=100&type=rankSingles&sort=asc&metric=SINGLES&at=2024-01-29&name=&nationality=,2026-03-22T00:53:08Z
wta,2024-01-29,330527,Amelie Van Impe,Amelie Van Impe,486,110,https://api.wtatennis.com/tennis/players/ranked?page=4&pageSize=100&type=rankSingles&sort=asc&metric=SINGLES&at=2024-01-29&name=&nationality=,2026-03-22T00:53:08Z
wta,2024-01-29,322527,Ena Shibahara,Ena Shibahara,487,109,https://api.wtatennis.com/tennis/players/ranked?page=4&pageSize=100&type=rankSingles&sort=asc&metric=SINGLES&at=2024-01-29&name=&nationality=,2026-03-22T00:53:08Z
wta,2024-01-29,325856,Ivana Popovic,Ivana Popovic,488,109,https://api.wtatennis.com/tennis/players/ranked?page=4&pageSize=100&type=rankSingles&sort=asc&metric=SINGLES&at=2024-01-29&name=&nationality=,2026-03-22T00:53:08Z
wta,2024-01-29,330337,Kira Pavlova,Kira Pavlova,489,109,https://api.wtatennis.com/tennis/players/ranked?page=4&pageSize=100&type=rankSingles&sort=asc&metric=SINGLES&at=2024-01-29&name=&nationality=,2026-03-22T00:53:08Z
wta,2024-01-29,324203,Zhibek Kulambayeva,Zhibek Kulambayeva,490,108,https://api.wtatennis.com/tennis/players/ranked?page=4&pageSize=100&type=rankSingles&sort=asc&metric=SINGLES&at=2024-01-29&name=&nationality=,2026-03-22T00:53:08Z
wta,2024-01-29,322735,Tatiana Pieri,Tatiana Pieri,491,108,https://api.wtatennis.com/tennis/players/ranked?page=4&pageSize=100&type=rankSingles&sort=asc&metric=SINGLES&at=2024-01-29&name=&nationality=,2026-03-22T00:53:08Z
wta,2024-01-29,312582,Federica Di Sarra,Federica Di Sarra,492,106,https://api.wtatennis.com/tennis/players/ranked?page=4&pageSize=100&type=rankSingles&sort=asc&metric=SINGLES&at=2024-01-29&name=&nationality=,2026-03-22T00:53:08Z
wta,2024-01-29,326459,Katarina Kuzmova,Katarina Kuzmova,493,106,https://api.wtatennis.com/tennis/players/ranked?page=4&pageSize=100&type=rankSingles&sort=asc&metric=SINGLES&at=2024-01-29&name=&nationality=,2026-03-22T00:53:08Z
wta,2024-01-29,324972,Tiphanie Lemaitre,Tiphanie Lemaitre,494,105,https://api.wtatennis.com/tennis/players/ranked?page=4&pageSize=100&type=rankSingles&sort=asc&metric=SINGLES&at=2024-01-29&name=&nationality=,2026-03-22T00:53:08Z
wta,2024-01-29,331669,Chia Yi Tsao,Chia Yi Tsao,495,105,https://api.wtatennis.com/tennis/players/ranked?page=4&pageSize=100&type=rankSingles&sort=asc&metric=SINGLES&at=2024-01-29&name=&nationality=,2026-03-22T00:53:08Z
wta,2024-01-29,319515,Iva Primorac,Iva Primorac,496,105,https://api.wtatennis.com/tennis/players/ranked?page=4&pageSize=100&type=rankSingles&sort=asc&metric=SINGLES&at=2024-01-29&name=&nationality=,2026-03-22T00:53:08Z
wta,2024-01-29,325188,Yasmine Mansouri,Yasmine Mansouri,497,105,https://api.wtatennis.com/tennis/players/ranked?page=4&pageSize=100&type=rankSingles&sort=asc&metric=SINGLES&at=2024-01-29&name=&nationality=,2026-03-22T00:53:08Z
wta,2024-01-29,314527,Marina Melnikova,Marina Melnikova,498,104,https://api.wtatennis.com/tennis/players/ranked?page=4&pageSize=100&type=rankSingles&sort=asc&metric=SINGLES&at=2024-01-29&name=&nationality=,2026-03-22T00:53:08Z
wta,2024-01-29,321846,Lena Papadakis,Lena Papadakis,499,104,https://api.wtatennis.com/tennis/players/ranked?page=4&pageSize=100&type=rankSingles&sort=asc&metric=SINGLES&at=2024-01-29&name=&nationality=,2026-03-22T00:53:08Z
wta,2024-01-29,322704,Alexandra Bozovic,Alexandra Bozovic,500,104,https://api.wtatennis.com/tennis/players/ranked?page=4&pageSize=100&type=rankSingles&sort=asc&metric=SINGLES&at=2024-01-29&name=&nationality=,2026-03-22T00:53:08Z
wta,2024-01-29,317711,Ganna Poznikhirenko,Ganna Poznikhirenko,501,104,https://api.wtatennis.com/tennis/players/ranked?page=5&pageSize=100&type=rankSingles&sort=asc&metric=SINGLES&at=2024-01-29&name=&nationality=,2026-03-22T00:53:08Z
wta,2024-01-29,325737,Ilay Yoruk,Ilay Yoruk,502,104,https://api.wtatennis.com/tennis/players/ranked?page=5&pageSize=100&type=rankSingles&sort=asc&metric=SINGLES&at=2024-01-29&name=&nationality=,2026-03-22T00:53:08Z
wta,2024-01-29,320901,Jessica Failla,Jessica Failla,503,103,https://api.wtatennis.com/tennis/players/ranked?page=5&pageSize=100&type=rankSingles&sort=asc&metric=SINGLES&at=2024-01-29&name=&nationality=,2026-03-22T00:53:08Z
wta,2024-01-29,325592,Michaela Bayerlova,Michaela Bayerlova,504,103,https://api.wtatennis.com/tennis/players/ranked?page=5&pageSize=100&type=rankSingles&sort=asc&metric=SINGLES&at=2024-01-29&name=&nationality=,2026-03-22T00:53:08Z
wta,2024-01-29,324617,Olga Helmi,Olga Helmi,505,101,https://api.wtatennis.com/tennis/players/ranked?page=5&pageSize=100&type=rankSingles&sort=asc&metric=SINGLES&at=2024-01-29&name=&nationality=,2026-03-22T00:53:08Z
wta,2024-01-29,330443,Michaela Laki,Michaela Laki,506,101,https://api.wtatennis.com/tennis/players/ranked?page=5&pageSize=100&type=rankSingles&sort=asc&metric=SINGLES&at=2024-01-29&name=&nationality=,2026-03-22T00:53:08Z
wta,2024-01-29,328173,Diletta Cherubini,Diletta Cherubini,507,100,https://api.wtatennis.com/tennis/players/ranked?page=5&pageSize=100&type=rankSingles&sort=asc&metric=SINGLES&at=2024-01-29&name=&nationality=,2026-03-22T00:53:08Z
wta,2024-01-29,322627,Jenny Duerst,Jenny Duerst,508,100,https://api.wtatennis.com/tennis/players/ranked?page=5&pageSize=100&type=rankSingles&sort=asc&metric=SINGLES&at=2024-01-29&name=&nationality=,2026-03-22T00:53:08Z
wta,2024-01-29,329824,Han Shi,Han Shi,509,99,https://api.wtatennis.com/tennis/players/ranked?page=5&pageSize=100&type=rankSingles&sort=asc&metric=SINGLES&at=2024-01-29&name=&nationality=,2026-03-22T00:53:08Z
wta,2024-01-29,325155,Lara Schmidt,Lara Schmidt,510,99,https://api.wtatennis.com/tennis/players/ranked?page=5&pageSize=100&type=rankSingles&sort=asc&metric=SINGLES&at=2024-01-29&name=&nationality=,2026-03-22T00:53:08Z
wta,2024-01-29,322931,Xinyu Jiang,Xinyu Jiang,511,98,https://api.wtatennis.com/tennis/players/ranked?page=5&pageSize=100&type=rankSingles&sort=asc&metric=SINGLES&at=2024-01-29&name=&nationality=,2026-03-22T00:53:08Z
wta,2024-01-29,323485,Lara Salden,Lara Salden,512,98,https://api.wtatennis.com/tennis/players/ranked?page=5&pageSize=100&type=rankSingles&sort=asc&metric=SINGLES&at=2024-01-29&name=&nationality=,2026-03-22T00:53:08Z
wta,2024-01-29,314464,Coco Vandeweghe,Coco Vandeweghe,513,97,https://api.wtatennis.com/tennis/players/ranked?page=5&pageSize=100&type=rankSingles&sort=asc&metric=SINGLES&at=2024-01-29&name=&nationality=,2026-03-22T00:53:08Z
wta,2024-01-29,318487,Tereza Smitkova,Tereza Smitkova,514,97,https://api.wtatennis.com/tennis/players/ranked?page=5&pageSize=100&type=rankSingles&sort=asc&metric=SINGLES&at=2024-01-29&name=&nationality=,2026-03-22T00:53:08Z
wta,2024-01-29,325295,Eri Shimizu,Eri Shimizu,515,97,https://api.wtatennis.com/tennis/players/ranked?page=5&pageSize=100&type=rankSingles&sort=asc&metric=SINGLES&at=2024-01-29&name=&nationality=,2026-03-22T00:53:08Z
wta,2024-01-29,329898,Nina Radovanovic,Nina Radovanovic,516,96,https://api.wtatennis.com/tennis/players/ranked?page=5&pageSize=100&type=rankSingles&sort=asc&metric=SINGLES&at=2024-01-29&name=&nationality=,2026-03-22T00:53:08Z
wta,2024-01-29,326044,Caijsa Hennemann,Caijsa Hennemann,517,96,https://api.wtatennis.com/tennis/players/ranked?page=5&pageSize=100&type=rankSingles&sort=asc&metric=SINGLES&at=2024-01-29&name=&nationality=,2026-03-22T00:53:08Z
wta,2024-01-29,328237,Ekaterina Reyngold,Ekaterina Reyngold,518,95,https://api.wtatennis.com/tennis/players/ranked?page=5&pageSize=100&type=rankSingles&sort=asc&metric=SINGLES&at=2024-01-29&name=&nationality=,2026-03-22T00:53:08Z
wta,2024-01-29,329092,Lucie Nguyen Tan,Lucie Nguyen Tan,519,95,https://api.wtatennis.com/tennis/players/ranked?page=5&pageSize=100&type=rankSingles&sort=asc&metric=SINGLES&at=2024-01-29&name=&nationality=,2026-03-22T00:53:08Z
wta,2024-01-29,320824,Nina Potocnik,Nina Potocnik,520,94,https://api.wtatennis.com/tennis/players/ranked?page=5&pageSize=100&type=rankSingles&sort=asc&metric=SINGLES&at=2024-01-29&name=&nationality=,2026-03-22T00:53:08Z
wta,2024-01-29,328071,Shrivalli Bhamidipaty,Shrivalli Bhamidipaty,521,94,https://api.wtatennis.com/tennis/players/ranked?page=5&pageSize=100&type=rankSingles&sort=asc&metric=SINGLES&at=2024-01-29&name=&nationality=,2026-03-22T00:53:08Z
wta,2024-01-29,324632,Zeel Desai,Zeel Desai,522,94,https://api.wtatennis.com/tennis/players/ranked?page=5&pageSize=100&type=rankSingles&sort=asc&metric=SINGLES&at=2024-01-29&name=&nationality=,2026-03-22T00:53:08Z
wta,2024-01-29,327773,Lia Karatancheva,Lia Karatancheva,523,94,https://api.wtatennis.com/tennis/players/ranked?page=5&pageSize=100&type=rankSingles&sort=asc&metric=SINGLES&at=2024-01-29&name=&nationality=,2026-03-22T00:53:08Z
wta,2024-01-29,327296,Elena Milovanovic,Elena Milovanovic,524,94,https://api.wtatennis.com/tennis/players/ranked?page=5&pageSize=100&type=rankSingles&sort=asc&metric=SINGLES&at=2024-01-29&name=&nationality=,2026-03-22T00:53:08Z
wta,2024-01-29,329415,Jenna Defalco,Jenna Defalco,525,94,https://api.wtatennis.com/tennis/players/ranked?page=5&pageSize=100&type=rankSingles&sort=asc&metric=SINGLES&at=2024-01-29&name=&nationality=,2026-03-22T00:53:08Z
wta,2024-01-29,324860,Merel Hoedt,Merel Hoedt,526,94,https://api.wtatennis.com/tennis/players/ranked?page=5&pageSize=100&type=rankSingles&sort=asc&metric=SINGLES&at=2024-01-29&name=&nationality=,2026-03-22T00:53:08Z
wta,2024-01-29,327378,Adithya Karunaratne,Adithya Karunaratne,527,93,https://api.wtatennis.com/tennis/players/ranked?page=5&pageSize=100&type=rankSingles&sort=asc&metric=SINGLES&at=2024-01-29&name=&nationality=,2026-03-22T00:53:08Z
wta,2024-01-29,322478,Alice Rame,Alice Rame,528,93,https://api.wtatennis.com/tennis/players/ranked?page=5&pageSize=100&type=rankSingles&sort=asc&metric=SINGLES&at=2024-01-29&name=&nationality=,2026-03-22T00:53:08Z
wta,2024-01-29,321946,Melany Krywoj,Melany Krywoj,529,93,https://api.wtatennis.com/tennis/players/ranked?page=5&pageSize=100&type=rankSingles&sort=asc&metric=SINGLES&at=2024-01-29&name=&nationality=,2026-03-22T00:53:08Z
wta,2024-01-29,324188,Francesca Di Lorenzo,Francesca Di Lorenzo,530,92,https://api.wtatennis.com/tennis/players/ranked?page=5&pageSize=100&type=rankSingles&sort=asc&metric=SINGLES&at=2024-01-29&name=&nationality=,2026-03-22T00:53:08Z
wta,2024-01-29,321313,Oana Gavrila,Oana Gavrila,531,92,https://api.wtatennis.com/tennis/players/ranked?page=5&pageSize=100&type=rankSingles&sort=asc&metric=SINGLES&at=2024-01-29&name=&nationality=,2026-03-22T00:53:08Z
wta,2024-01-29,323615,Martina Okalova,Martina Okalova,532,92,https://api.wtatennis.com/tennis/players/ranked?page=5&pageSize=100&type=rankSingles&sort=asc&metric=SINGLES&at=2024-01-29&name=&nationality=,2026-03-22T00:53:08Z
wta,2024-01-29,329769,Angella Okutoyi,Angella Okutoyi,533,91,https://api.wtatennis.com/tennis/players/ranked?page=5&pageSize=100&type=rankSingles&sort=asc&metric=SINGLES&at=2024-01-29&name=&nationality=,2026-03-22T00:53:08Z
wta,2024-01-29,328130,Clara Vlasselaer,Clara Vlasselaer,534,91,https://api.wtatennis.com/tennis/players/ranked?page=5&pageSize=100&type=rankSingles&sort=asc&metric=SINGLES&at=2024-01-29&name=&nationality=,2026-03-22T00:53:08Z
wta,2024-01-29,327252,Yeonwoo Ku,Yeonwoo Ku,535,90,https://api.wtatennis.com/tennis/players/ranked?page=5&pageSize=100&type=rankSingles&sort=asc&metric=SINGLES&at=2024-01-29&name=&nationality=,2026-03-22T00:53:08Z
wta,2024-01-29,332913,Yufei Ren,Yufei Ren,536,89,https://api.wtatennis.com/tennis/players/ranked?page=5&pageSize=100&type=rankSingles&sort=asc&metric=SINGLES&at=2024-01-29&name=&nationality=,2026-03-22T00:53:08Z
wta,2024-01-29,323055,Malene Helgø,Malene Helgø,537,88,https://api.wtatennis.com/tennis/players/ranked?page=5&pageSize=100&type=rankSingles&sort=asc&metric=SINGLES&at=2024-01-29&name=&nationality=,2026-03-22T00:53:08Z
wta,2024-01-29,328730,Matilde Jorge,Matilde Jorge,538,87,https://api.wtatennis.com/tennis/players/ranked?page=5&pageSize=100&type=rankSingles&sort=asc&metric=SINGLES&at=2024-01-29&name=&nationality=,2026-03-22T00:53:08Z
wta,2024-01-29,329774,Pia Lovric,Pia Lovric,539,86,https://api.wtatennis.com/tennis/players/ranked?page=5&pageSize=100&type=rankSingles&sort=asc&metric=SINGLES&at=2024-01-29&name=&nationality=,2026-03-22T00:53:08Z
wta,2024-01-29,330733,Yasmine Kabbaj,Yasmine Kabbaj,540,86,https://api.wtatennis.com/tennis/players/ranked?page=5&pageSize=100&type=rankSingles&sort=asc&metric=SINGLES&at=2024-01-29&name=&nationality=,2026-03-22T00:53:08Z
wta,2024-01-29,328432,Mara Guth,Mara Guth,541,86,https://api.wtatennis.com/tennis/players/ranked?page=5&pageSize=100&type=rankSingles&sort=asc&metric=SINGLES&at=2024-01-29&name=&nationality=,2026-03-22T00:53:08Z
wta,2024-01-29,316050,Chiara Scholl,Chiara Scholl,542,86,https://api.wtatennis.com/tennis/players/ranked?page=5&pageSize=100&type=rankSingles&sort=asc&metric=SINGLES&at=2024-01-29&name=&nationality=,2026-03-22T00:53:08Z
wta,2024-01-29,321399,Anna Turati,Anna Turati,543,85,https://api.wtatennis.com/tennis/players/ranked?page=5&pageSize=100&type=rankSingles&sort=asc&metric=SINGLES&at=2024-01-29&name=&nationality=,2026-03-22T00:53:08Z
wta,2024-01-29,325827,Gabriella Da Silva Fick,Gabriella Da Silva Fick,544,85,https://api.wtatennis.com/tennis/players/ranked?page=5&pageSize=100&type=rankSingles&sort=asc&metric=SINGLES&at=2024-01-29&name=&nationality=,2026-03-22T00:53:08Z
wta,2024-01-29,319931,Sandra Samir,Sandra Samir,545,85,https://api.wtatennis.com/tennis/players/ranked?page=5&pageSize=100&type=rankSingles&sort=asc&metric=SINGLES&at=2024-01-29&name=&nationality=,2026-03-22T00:53:08Z
wta,2024-01-29,329331,Amandine Monnot,Amandine Monnot,546,85,https://api.wtatennis.com/tennis/players/ranked?page=5&pageSize=100&type=rankSingles&sort=asc&metric=SINGLES&at=2024-01-29&name=&nationality=,2026-03-22T00:53:08Z
wta,2024-01-29,317821,Hiroko Kuwata,Hiroko Kuwata,547,85,https://api.wtatennis.com/tennis/players/ranked?page=5&pageSize=100&type=rankSingles&sort=asc&metric=SINGLES&at=2024-01-29&name=&nationality=,2026-03-22T00:53:08Z
wta,2024-01-29,321681,Katarina Stresnakova,Katarina Stresnakova,548,84,https://api.wtatennis.com/tennis/players/ranked?page=5&pageSize=100&type=rankSingles&sort=asc&metric=SINGLES&at=2024-01-29&name=&nationality=,2026-03-22T00:53:08Z
wta,2024-01-29,328986,Jasmijn Gimbrere,Jasmijn Gimbrere,549,83,https://api.wtatennis.com/tennis/players/ranked?page=5&pageSize=100&type=rankSingles&sort=asc&metric=SINGLES&at=2024-01-29&name=&nationality=,2026-03-22T00:53:08Z
wta,2024-01-29,317519,Stephanie Wagner,Stephanie Wagner,550,83,https://api.wtatennis.com/tennis/players/ranked?page=5&pageSize=100&type=rankSingles&sort=asc&metric=SINGLES&at=2024-01-29&name=&nationality=,2026-03-22T00:53:08Z
wta,2024-01-29,328767,Ane Mintegi Del Olmo,Ane Mintegi Del Olmo,551,83,https://api.wtatennis.com/tennis/players/ranked?page=5&pageSize=100&type=rankSingles&sort=asc&metric=SINGLES&at=2024-01-29&name=&nationality=,2026-03-22T00:53:08Z
wta,2024-01-29,325615,Anna Kubareva,Anna Kubareva,552,83,https://api.wtatennis.com/tennis/players/ranked?page=5&pageSize=100&type=rankSingles&sort=asc&metric=SINGLES&at=2024-01-29&name=&nationality=,2026-03-22T00:53:08Z
wta,2024-01-29,325867,Ayumi Koshiishi,Ayumi Koshiishi,553,83,https://api.wtatennis.com/tennis/players/ranked?page=5&pageSize=100&type=rankSingles&sort=asc&metric=SINGLES&at=2024-01-29&name=&nationality=,2026-03-22T00:53:08Z
wta,2024-01-29,328625,Diana Martynov,Diana Martynov,554,83,https://api.wtatennis.com/tennis/players/ranked?page=5&pageSize=100&type=rankSingles&sort=asc&metric=SINGLES&at=2024-01-29&name=&nationality=,2026-03-22T00:53:08Z
wta,2024-01-29,315314,Ulrikke Eikeri,Ulrikke Eikeri,555,82,https://api.wtatennis.com/tennis/players/ranked?page=5&pageSize=100&type=rankSingles&sort=asc&metric=SINGLES&at=2024-01-29&name=&nationality=,2026-03-22T00:53:08Z
wta,2024-01-29,319960,Ellen Perez,Ellen Perez,556,82,https://api.wtatennis.com/tennis/players/ranked?page=5&pageSize=100&type=rankSingles&sort=asc&metric=SINGLES&at=2024-01-29&name=&nationality=,2026-03-22T00:53:08Z
wta,2024-01-29,320915,Alana Parnaby,Alana Parnaby,557,82,https://api.wtatennis.com/tennis/players/ranked?page=5&pageSize=100&type=rankSingles&sort=asc&metric=SINGLES&at=2024-01-29&name=&nationality=,2026-03-22T00:53:08Z
wta,2024-01-29,323548,Taylor Ng,Taylor Ng,558,82,https://api.wtatennis.com/tennis/players/ranked?page=5&pageSize=100&type=rankSingles&sort=asc&metric=SINGLES&at=2024-01-29&name=&nationality=,2026-03-22T00:53:08Z
wta,2024-01-29,328213,Anastasia Abbagnato,Anastasia Abbagnato,559,82,https://api.wtatennis.com/tennis/players/ranked?page=5&pageSize=100&type=rankSingles&sort=asc&metric=SINGLES&at=2024-01-29&name=&nationality=,2026-03-22T00:53:08Z
wta,2024-01-29,327056,Jiaqi Wang,Jiaqi Wang,560,82,https://api.wtatennis.com/tennis/players/ranked?page=5&pageSize=100&type=rankSingles&sort=asc&metric=SINGLES&at=2024-01-29&name=&nationality=,2026-03-22T00:53:08Z
wta,2024-01-29,324411,Joanne Zuger,Joanne Zuger,561,81,https://api.wtatennis.com/tennis/players/ranked?page=5&pageSize=100&type=rankSingles&sort=asc&metric=SINGLES&at=2024-01-29&name=&nationality=,2026-03-22T00:53:08Z
wta,2024-01-29,318930,Jasmin Jebawy,Jasmin Jebawy,562,81,https://api.wtatennis.com/tennis/players/ranked?page=5&pageSize=100&type=rankSingles&sort=asc&metric=SINGLES&at=2024-01-29&name=&nationality=,2026-03-22T00:53:08Z
wta,2024-01-29,325655,Valeriia Olianovskaia,Valeriia Olianovskaia,563,81,https://api.wtatennis.com/tennis/players/ranked?page=5&pageSize=100&type=rankSingles&sort=asc&metric=SINGLES&at=2024-01-29&name=&nationality=,2026-03-22T00:53:08Z
wta,2024-01-29,331215,Jenny Lim,Jenny Lim,564,81,https://api.wtatennis.com/tennis/players/ranked?page=5&pageSize=100&type=rankSingles&sort=asc&metric=SINGLES&at=2024-01-29&name=&nationality=,2026-03-22T00:53:08Z
wta,2024-01-29,327849,Ivana Sebestova,Ivana Sebestova,565,81,https://api.wtatennis.com/tennis/players/ranked?page=5&pageSize=100&type=rankSingles&sort=asc&metric=SINGLES&at=2024-01-29&name=&nationality=,2026-03-22T00:53:08Z
wta,2024-01-29,320566,Karola  Bejenaru,Karola  Bejenaru,566,80,https://api.wtatennis.com/tennis/players/ranked?page=5&pageSize=100&type=rankSingles&sort=asc&metric=SINGLES&at=2024-01-29&name=&nationality=,2026-03-22T00:53:08Z
wta,2024-01-29,320497,Irina Fetecau,Irina Fetecau,567,79,https://api.wtatennis.com/tennis/players/ranked?page=5&pageSize=100&type=rankSingles&sort=asc&metric=SINGLES&at=2024-01-29&name=&nationality=,2026-03-22T00:53:08Z
wta,2024-01-29,326801,Ellie Douglas,Ellie Douglas,568,79,https://api.wtatennis.com/tennis/players/ranked?page=5&pageSize=100&type=rankSingles&sort=asc&metric=SINGLES&at=2024-01-29&name=&nationality=,2026-03-22T00:53:08Z
wta,2024-01-29,321927,Lamis Alhussein Abdel Aziz,Lamis Alhussein Abdel Aziz,569,79,https://api.wtatennis.com/tennis/players/ranked?page=5&pageSize=100&type=rankSingles&sort=asc&metric=SINGLES&at=2024-01-29&name=&nationality=,2026-03-22T00:53:08Z
wta,2024-01-29,312673,Kristina Kucova,Kristina Kucova,570,78,https://api.wtatennis.com/tennis/players/ranked?page=5&pageSize=100&type=rankSingles&sort=asc&metric=SINGLES&at=2024-01-29&name=&nationality=,2026-03-22T00:53:08Z
wta,2024-01-29,330265,Mary Stoiana,Mary Stoiana,571,78,https://api.wtatennis.com/tennis/players/ranked?page=5&pageSize=100&type=rankSingles&sort=asc&metric=SINGLES&at=2024-01-29&name=&nationality=,2026-03-22T00:53:08Z
wta,2024-01-29,332501,Ena Koike,Ena Koike,572,78,https://api.wtatennis.com/tennis/players/ranked?page=5&pageSize=100&type=rankSingles&sort=asc&metric=SINGLES&at=2024-01-29&name=&nationality=,2026-03-22T00:53:08Z
wta,2024-01-29,310047,Pemra Ozgen,Pemra Ozgen,573,78,https://api.wtatennis.com/tennis/players/ranked?page=5&pageSize=100&type=rankSingles&sort=asc&metric=SINGLES&at=2024-01-29&name=&nationality=,2026-03-22T00:53:08Z
wta,2024-01-29,327226,Punnin Kovapitukted,Punnin Kovapitukted,574,78,https://api.wtatennis.com/tennis/players/ranked?page=5&pageSize=100&type=rankSingles&sort=asc&metric=SINGLES&at=2024-01-29&name=&nationality=,2026-03-22T00:53:08Z
wta,2024-01-29,328739,Eszter Meri,Eszter Meri,575,78,https://api.wtatennis.com/tennis/players/ranked?page=5&pageSize=100&type=rankSingles&sort=asc&metric=SINGLES&at=2024-01-29&name=&nationality=,2026-03-22T00:53:08Z
wta,2024-01-29,320581,Maria Herazo,Maria Herazo,576,77,https://api.wtatennis.com/tennis/players/ranked?page=5&pageSize=100&type=rankSingles&sort=asc&metric=SINGLES&at=2024-01-29&name=&nationality=,2026-03-22T00:53:08Z
wta,2024-01-29,312623,Sofia Shapatava,Sofia Shapatava,577,77,https://api.wtatennis.com/tennis/players/ranked?page=5&pageSize=100&type=rankSingles&sort=asc&metric=SINGLES&at=2024-01-29&name=&nationality=,2026-03-22T00:53:08Z
wta,2024-01-29,317834,Pei-Chi Lee,Pei-Chi Lee,578,77,https://api.wtatennis.com/tennis/players/ranked?page=5&pageSize=100&type=rankSingles&sort=asc&metric=SINGLES&at=2024-01-29&name=&nationality=,2026-03-22T00:53:08Z
wta,2024-01-29,321253,Rasheeda Mcadoo,Rasheeda Mcadoo,579,77,https://api.wtatennis.com/tennis/players/ranked?page=5&pageSize=100&type=rankSingles&sort=asc&metric=SINGLES&at=2024-01-29&name=&nationality=,2026-03-22T00:53:08Z
wta,2024-01-29,320922,Ksenia Laskutova,Ksenia Laskutova,580,77,https://api.wtatennis.com/tennis/players/ranked?page=5&pageSize=100&type=rankSingles&sort=asc&metric=SINGLES&at=2024-01-29&name=&nationality=,2026-03-22T00:53:08Z
wta,2024-01-29,327547,Stephanie Visscher,Stephanie Visscher,581,77,https://api.wtatennis.com/tennis/players/ranked?page=5&pageSize=100&type=rankSingles&sort=asc&metric=SINGLES&at=2024-01-29&name=&nationality=,2026-03-22T00:53:08Z
wta,2024-01-29,323095,Chihiro Muramatsu,Chihiro Muramatsu,582,76,https://api.wtatennis.com/tennis/players/ranked?page=5&pageSize=100&type=rankSingles&sort=asc&metric=SINGLES&at=2024-01-29&name=&nationality=,2026-03-22T00:53:08Z
wta,2024-01-29,330499,Lucia Peyre,Lucia Peyre,583,76,https://api.wtatennis.com/tennis/players/ranked?page=5&pageSize=100&type=rankSingles&sort=asc&metric=SINGLES&at=2024-01-29&name=&nationality=,2026-03-22T00:53:08Z
wta,2024-01-29,332168,Alexandra Shubladze,Alexandra Shubladze,584,76,https://api.wtatennis.com/tennis/players/ranked?page=5&pageSize=100&type=rankSingles&sort=asc&metric=SINGLES&at=2024-01-29&name=&nationality=,2026-03-22T00:53:08Z
wta,2024-01-29,331305,Ana Candiotto,Ana Candiotto,585,76,https://api.wtatennis.com/tennis/players/ranked?page=5&pageSize=100&type=rankSingles&sort=asc&metric=SINGLES&at=2024-01-29&name=&nationality=,2026-03-22T00:53:08Z
wta,2024-01-29,319393,Deborah Chiesa,Deborah Chiesa,586,75,https://api.wtatennis.com/tennis/players/ranked?page=5&pageSize=100&type=rankSingles&sort=asc&metric=SINGLES&at=2024-01-29&name=&nationality=,2026-03-22T00:53:08Z
wta,2024-01-29,319256,Ho Ching Wu,Ho Ching Wu,587,75,https://api.wtatennis.com/tennis/players/ranked?page=5&pageSize=100&type=rankSingles&sort=asc&metric=SINGLES&at=2024-01-29&name=&nationality=,2026-03-22T00:53:08Z
wta,2024-01-29,328634,Hikaru Sato,Hikaru Sato,588,75,https://api.wtatennis.com/tennis/players/ranked?page=5&pageSize=100&type=rankSingles&sort=asc&metric=SINGLES&at=2024-01-29&name=&nationality=,2026-03-22T00:53:08Z
wta,2024-01-29,320342,Patcharin Cheapchandej,Patcharin Cheapchandej,589,75,https://api.wtatennis.com/tennis/players/ranked?page=5&pageSize=100&type=rankSingles&sort=asc&metric=SINGLES&at=2024-01-29&name=&nationality=,2026-03-22T00:53:08Z
wta,2024-01-29,314343,Shiho Akita,Shiho Akita,590,75,https://api.wtatennis.com/tennis/players/ranked?page=5&pageSize=100&type=rankSingles&sort=asc&metric=SINGLES&at=2024-01-29&name=&nationality=,2026-03-22T00:53:08Z
wta,2024-01-29,330162,Mio Mushika,Mio Mushika,591,75,https://api.wtatennis.com/tennis/players/ranked?page=5&pageSize=100&type=rankSingles&sort=asc&metric=SINGLES&at=2024-01-29&name=&nationality=,2026-03-22T00:53:08Z
wta,2024-01-29,329096,Sebastianna Scilipoti,Sebastianna Scilipoti,592,75,https://api.wtatennis.com/tennis/players/ranked?page=5&pageSize=100&type=rankSingles&sort=asc&metric=SINGLES&at=2024-01-29&name=&nationality=,2026-03-22T00:53:08Z
wta,2024-01-29,326503,Antonia Schmidt,Antonia Schmidt,593,75,https://api.wtatennis.com/tennis/players/ranked?page=5&pageSize=100&type=rankSingles&sort=asc&metric=SINGLES&at=2024-01-29&name=&nationality=,2026-03-22T00:53:08Z
wta,2024-01-29,326252,Angelina Wirges,Angelina Wirges,594,75,https://api.wtatennis.com/tennis/players/ranked?page=5&pageSize=100&type=rankSingles&sort=asc&metric=SINGLES&at=2024-01-29&name=&nationality=,2026-03-22T00:53:08Z
wta,2024-01-29,317915,Irina Khromacheva,Irina Khromacheva,595,74,https://api.wtatennis.com/tennis/players/ranked?page=5&pageSize=100&type=rankSingles&sort=asc&metric=SINGLES&at=2024-01-29&name=&nationality=,2026-03-22T00:53:08Z
wta,2024-01-29,317033,Luksika Kumkhum,Luksika Kumkhum,596,74,https://api.wtatennis.com/tennis/players/ranked?page=5&pageSize=100&type=rankSingles&sort=asc&metric=SINGLES&at=2024-01-29&name=&nationality=,2026-03-22T00:53:08Z
wta,2024-01-29,326775,Mayuka Aikawa,Mayuka Aikawa,597,74,https://api.wtatennis.com/tennis/players/ranked?page=5&pageSize=100&type=rankSingles&sort=asc&metric=SINGLES&at=2024-01-29&name=&nationality=,2026-03-22T00:53:08Z
wta,2024-01-29,328153,Radka Zelnickova,Radka Zelnickova,598,74,https://api.wtatennis.com/tennis/players/ranked?page=5&pageSize=100&type=rankSingles&sort=asc&metric=SINGLES&at=2024-01-29&name=&nationality=,2026-03-22T00:53:08Z
wta,2024-01-29,323183,I-Hsuan Cho,I-Hsuan Cho,599,73,https://api.wtatennis.com/tennis/players/ranked?page=5&pageSize=100&type=rankSingles&sort=asc&metric=SINGLES&at=2024-01-29&name=&nationality=,2026-03-22T00:53:08Z
wta,2024-01-29,325225,Fiona Ganz,Fiona Ganz,600,73,https://api.wtatennis.com/tennis/players/ranked?page=5&pageSize=100&type=rankSingles&sort=asc&metric=SINGLES&at=2024-01-29&name=&nationality=,2026-03-22T00:53:08Z
wta,2024-01-29,326162,Meiling Wang,Meiling Wang,601,72,https://api.wtatennis.com/tennis/players/ranked?page=6&pageSize=100&type=rankSingles&sort=asc&metric=SINGLES&at=2024-01-29&name=&nationality=,2026-03-22T00:53:08Z
wta,2024-01-29,320579,Ana Paula Neffa De Los Rios,Ana Paula Neffa De Los Rios,602,72,https://api.wtatennis.com/tennis/players/ranked?page=6&pageSize=100&type=rankSingles&sort=asc&metric=SINGLES&at=2024-01-29&name=&nationality=,2026-03-22T00:53:08Z
wta,2024-01-29,311779,Shuai Zhang,Shuai Zhang,603,71,https://api.wtatennis.com/tennis/players/ranked?page=6&pageSize=100&type=rankSingles&sort=asc&metric=SINGLES&at=2024-01-29&name=&nationality=,2026-03-22T00:53:08Z
wta,2024-01-29,329721,Matilde Paoletti,Matilde Paoletti,604,71,https://api.wtatennis.com/tennis/players/ranked?page=6&pageSize=100&type=rankSingles&sort=asc&metric=SINGLES&at=2024-01-29&name=&nationality=,2026-03-22T00:53:08Z
wta,2024-01-29,318001,Nicole Fossa Huergo,Nicole Fossa Huergo,605,71,https://api.wtatennis.com/tennis/players/ranked?page=6&pageSize=100&type=rankSingles&sort=asc&metric=SINGLES&at=2024-01-29&name=&nationality=,2026-03-22T00:53:08Z
wta,2024-01-29,320703,Dasha Ivanova,Dasha Ivanova,606,71,https://api.wtatennis.com/tennis/players/ranked?page=6&pageSize=100&type=rankSingles&sort=asc&metric=SINGLES&at=2024-01-29&name=&nationality=,2026-03-22T00:53:08Z
wta,2024-01-29,311470,Angelique Kerber,Angelique Kerber,607,70,https://api.wtatennis.com/tennis/players/ranked?page=6&pageSize=100&type=rankSingles&sort=asc&metric=SINGLES&at=2024-01-29&name=&nationality=,2026-03-22T00:53:08Z
wta,2024-01-29,323393,Sofia Sewing,Sofia Sewing,608,70,https://api.wtatennis.com/tennis/players/ranked?page=6&pageSize=100&type=rankSingles&sort=asc&metric=SINGLES&at=2024-01-29&name=&nationality=,2026-03-22T00:53:08Z
wta,2024-01-29,321292,Katarina Jokic,Katarina Jokic,609,70,https://api.wtatennis.com/tennis/players/ranked?page=6&pageSize=100&type=rankSingles&sort=asc&metric=SINGLES&at=2024-01-29&name=&nationality=,2026-03-22T00:53:08Z
wta,2024-01-29,329160,Fabienne Gettwart,Fabienne Gettwart,610,70,https://api.wtatennis.com/tennis/players/ranked?page=6&pageSize=100&type=rankSingles&sort=asc&metric=SINGLES&at=2024-01-29&name=&nationality=,2026-03-22T00:53:08Z
wta,2024-01-29,318112,Angelica Moratelli,Angelica Moratelli,611,69,https://api.wtatennis.com/tennis/players/ranked?page=6&pageSize=100&type=rankSingles&sort=asc&metric=SINGLES&at=2024-01-29&name=&nationality=,2026-03-22T00:53:08Z
wta,2024-01-29,330506,Sarah Iliev,Sarah Iliev,612,69,https://api.wtatennis.com/tennis/players/ranked?page=6&pageSize=100&type=rankSingles&sort=asc&metric=SINGLES&at=2024-01-29&name=&nationality=,2026-03-22T00:53:08Z
wta,2024-01-29,315472,Ekaterina Yashina,Ekaterina Yashina,613,69,https://api.wtatennis.com/tennis/players/ranked?page=6&pageSize=100&type=rankSingles&sort=asc&metric=SINGLES&at=2024-01-29&name=&nationality=,2026-03-22T00:53:08Z
wta,2024-01-29,323368,Georgia Craciun,Georgia Craciun,614,69,https://api.wtatennis.com/tennis/players/ranked?page=6&pageSize=100&type=rankSingles&sort=asc&metric=SINGLES&at=2024-01-29&name=&nationality=,2026-03-22T00:53:08Z
wta,2024-01-29,327675,Lexie Stevens,Lexie Stevens,615,69,https://api.wtatennis.com/tennis/players/ranked?page=6&pageSize=100&type=rankSingles&sort=asc&metric=SINGLES&at=2024-01-29&name=&nationality=,2026-03-22T00:53:08Z
wta,2024-01-29,332345,Ava Markham,Ava Markham,616,69,https://api.wtatennis.com/tennis/players/ranked?page=6&pageSize=100&type=rankSingles&sort=asc&metric=SINGLES&at=2024-01-29&name=&nationality=,2026-03-22T00:53:08Z
wta,2024-01-29,318180,Caroline Romeo,Caroline Romeo,617,69,https://api.wtatennis.com/tennis/players/ranked?page=6&pageSize=100&type=rankSingles&sort=asc&metric=SINGLES&at=2024-01-29&name=&nationality=,2026-03-22T00:53:08Z
wta,2024-01-29,322428,Claudia Hoste Ferrer,Claudia Hoste Ferrer,618,69,https://api.wtatennis.com/tennis/players/ranked?page=6&pageSize=100&type=rankSingles&sort=asc&metric=SINGLES&at=2024-01-29&name=&nationality=,2026-03-22T00:53:08Z
wta,2024-01-29,331290,Gina Feistel,Gina Feistel,619,68,https://api.wtatennis.com/tennis/players/ranked?page=6&pageSize=100&type=rankSingles&sort=asc&metric=SINGLES&at=2024-01-29&name=&nationality=,2026-03-22T00:53:08Z
wta,2024-01-29,321329,Wushuang Zheng,Wushuang Zheng,620,68,https://api.wtatennis.com/tennis/players/ranked?page=6&pageSize=100&type=rankSingles&sort=asc&metric=SINGLES&at=2024-01-29&name=&nationality=,2026-03-22T00:53:08Z
wta,2024-01-29,327517,Aunchisa Chanta,Aunchisa Chanta,621,68,https://api.wtatennis.com/tennis/players/ranked?page=6&pageSize=100&type=rankSingles&sort=asc&metric=SINGLES&at=2024-01-29&name=&nationality=,2026-03-22T00:53:08Z
wta,2024-01-29,324125,Momoko Kobori,Momoko Kobori,622,68,https://api.wtatennis.com/tennis/players/ranked?page=6&pageSize=100&type=rankSingles&sort=asc&metric=SINGLES&at=2024-01-29&name=&nationality=,2026-03-22T00:53:08Z
wta,2024-01-29,325584,Ekaterina Ovcharenko,Ekaterina Ovcharenko,623,68,https://api.wtatennis.com/tennis/players/ranked?page=6&pageSize=100&type=rankSingles&sort=asc&metric=SINGLES&at=2024-01-29&name=&nationality=,2026-03-22T00:53:08Z
wta,2024-01-29,324255,Maria Portillo Ramirez,Maria Portillo Ramirez,624,68,https://api.wtatennis.com/tennis/players/ranked?page=6&pageSize=100&type=rankSingles&sort=asc&metric=SINGLES&at=2024-01-29&name=&nationality=,2026-03-22T00:53:08Z
wta,2024-01-29,317146,Nadiia Kolb,Nadiia Kolb,625,67,https://api.wtatennis.com/tennis/players/ranked?page=6&pageSize=100&type=rankSingles&sort=asc&metric=SINGLES&at=2024-01-29&name=&nationality=,2026-03-22T00:53:08Z
wta,2024-01-29,326247,Chantal Sauvant,Chantal Sauvant,626,67,https://api.wtatennis.com/tennis/players/ranked?page=6&pageSize=100&type=rankSingles&sort=asc&metric=SINGLES&at=2024-01-29&name=&nationality=,2026-03-22T00:53:08Z
wta,2024-01-29,328468,Daria Kudashova,Daria Kudashova,627,66,https://api.wtatennis.com/tennis/players/ranked?page=6&pageSize=100&type=rankSingles&sort=asc&metric=SINGLES&at=2024-01-29&name=&nationality=,2026-03-22T00:53:08Z
wta,2024-01-29,324834,Jana Bojovic,Jana Bojovic,628,66,https://api.wtatennis.com/tennis/players/ranked?page=6&pageSize=100&type=rankSingles&sort=asc&metric=SINGLES&at=2024-01-29&name=&nationality=,2026-03-22T00:53:08Z
wta,2024-01-29,326489,Mana Kawamura,Mana Kawamura,629,66,https://api.wtatennis.com/tennis/players/ranked?page=6&pageSize=100&type=rankSingles&sort=asc&metric=SINGLES&at=2024-01-29&name=&nationality=,2026-03-22T00:53:08Z
wta,2024-01-29,315836,Daniela Seguel,Daniela Seguel,630,65,https://api.wtatennis.com/tennis/players/ranked?page=6&pageSize=100&type=rankSingles&sort=asc&metric=SINGLES&at=2024-01-29&name=&nationality=,2026-03-22T00:53:08Z
wta,2024-01-29,330914,Olivia Lincer,Olivia Lincer,631,65,https://api.wtatennis.com/tennis/players/ranked?page=6&pageSize=100&type=rankSingles&sort=asc&metric=SINGLES&at=2024-01-29&name=&nationality=,2026-03-22T00:53:08Z
wta,2024-01-29,327723,Milana Zhabrailova,Milana Zhabrailova,632,65,https://api.wtatennis.com/tennis/players/ranked?page=6&pageSize=100&type=rankSingles&sort=asc&metric=SINGLES&at=2024-01-29&name=&nationality=,2026-03-22T00:53:08Z
wta,2024-01-29,318750,Natalia Siedliska,Natalia Siedliska,633,65,https://api.wtatennis.com/tennis/players/ranked?page=6&pageSize=100&type=rankSingles&sort=asc&metric=SINGLES&at=2024-01-29&name=&nationality=,2026-03-22T00:53:08Z
wta,2024-01-29,323378,Arina Vasilescu,Arina Vasilescu,634,65,https://api.wtatennis.com/tennis/players/ranked?page=6&pageSize=100&type=rankSingles&sort=asc&metric=SINGLES&at=2024-01-29&name=&nationality=,2026-03-22T00:53:08Z
wta,2024-01-29,330960,Kayla Cross,Kayla Cross,635,65,https://api.wtatennis.com/tennis/players/ranked?page=6&pageSize=100&type=rankSingles&sort=asc&metric=SINGLES&at=2024-01-29&name=&nationality=,2026-03-22T00:53:08Z
wta,2024-01-29,330746,Luisina Giovannini,Luisina Giovannini,636,64,https://api.wtatennis.com/tennis/players/ranked?page=6&pageSize=100&type=rankSingles&sort=asc&metric=SINGLES&at=2024-01-29&name=&nationality=,2026-03-22T00:53:08Z
wta,2024-01-29,326644,Denisa Hindova,Denisa Hindova,637,64,https://api.wtatennis.com/tennis/players/ranked?page=6&pageSize=100&type=rankSingles&sort=asc&metric=SINGLES&at=2024-01-29&name=&nationality=,2026-03-22T00:53:08Z
wta,2024-01-29,315030,Vitalia Diatchenko,Vitalia Diatchenko,638,64,https://api.wtatennis.com/tennis/players/ranked?page=6&pageSize=100&type=rankSingles&sort=asc&metric=SINGLES&at=2024-01-29&name=&nationality=,2026-03-22T00:53:08Z
wta,2024-01-29,321029,Jessica Pieri,Jessica Pieri,639,64,https://api.wtatennis.com/tennis/players/ranked?page=6&pageSize=100&type=rankSingles&sort=asc&metric=SINGLES&at=2024-01-29&name=&nationality=,2026-03-22T00:53:08Z
wta,2024-01-29,330636,Nina Vargova,Nina Vargova,640,64,https://api.wtatennis.com/tennis/players/ranked?page=6&pageSize=100&type=rankSingles&sort=asc&metric=SINGLES&at=2024-01-29&name=&nationality=,2026-03-22T00:53:08Z
wta,2024-01-29,316344,Aleksandra Krunic,Aleksandra Krunic,641,63,https://api.wtatennis.com/tennis/players/ranked?page=6&pageSize=100&type=rankSingles&sort=asc&metric=SINGLES&at=2024-01-29&name=&nationality=,2026-03-22T00:53:08Z
wta,2024-01-29,327063,Monique Barry,Monique Barry,642,63,https://api.wtatennis.com/tennis/players/ranked?page=6&pageSize=100&type=rankSingles&sort=asc&metric=SINGLES&at=2024-01-29&name=&nationality=,2026-03-22T00:53:08Z
wta,2024-01-29,333700,Ayana Akli,Ayana Akli,643,63,https://api.wtatennis.com/tennis/players/ranked?page=6&pageSize=100&type=rankSingles&sort=asc&metric=SINGLES&at=2024-01-29&name=&nationality=,2026-03-22T00:53:08Z
wta,2024-01-29,323794,Maria Kononova,Maria Kononova,644,63,https://api.wtatennis.com/tennis/players/ranked?page=6&pageSize=100&type=rankSingles&sort=asc&metric=SINGLES&at=2024-01-29&name=&nationality=,2026-03-22T00:53:08Z
wta,2024-01-29,316942,Yvonne Cavalle-Reimers,Yvonne Cavalle-Reimers,645,62,https://api.wtatennis.com/tennis/players/ranked?page=6&pageSize=100&type=rankSingles&sort=asc&metric=SINGLES&at=2024-01-29&name=&nationality=,2026-03-22T00:53:08Z
wta,2024-01-29,319135,Victoria Muntean,Victoria Muntean,646,62,https://api.wtatennis.com/tennis/players/ranked?page=6&pageSize=100&type=rankSingles&sort=asc&metric=SINGLES&at=2024-01-29&name=&nationality=,2026-03-22T00:53:08Z
wta,2024-01-29,330995,Natalija Senic,Natalija Senic,647,62,https://api.wtatennis.com/tennis/players/ranked?page=6&pageSize=100&type=rankSingles&sort=asc&metric=SINGLES&at=2024-01-29&name=&nationality=,2026-03-22T00:53:08Z
wta,2024-01-29,329624,Natalia Szabanin,Natalia Szabanin,648,61,https://api.wtatennis.com/tennis/players/ranked?page=6&pageSize=100&type=rankSingles&sort=asc&metric=SINGLES&at=2024-01-29&name=&nationality=,2026-03-22T00:53:08Z
wta,2024-01-29,324961,Yi-Tsen Cho,Yi-Tsen Cho,649,61,https://api.wtatennis.com/tennis/players/ranked?page=6&pageSize=100&type=rankSingles&sort=asc&metric=SINGLES&at=2024-01-29&name=&nationality=,2026-03-22T00:53:08Z
wta,2024-01-29,322540,Kylie Mckenzie,Kylie Mckenzie,650,61,https://api.wtatennis.com/tennis/players/ranked?page=6&pageSize=100&type=rankSingles&sort=asc&metric=SINGLES&at=2024-01-29&name=&nationality=,2026-03-22T00:53:08Z
wta,2024-01-29,325687,Layne Sleeth,Layne Sleeth,651,61,https://api.wtatennis.com/tennis/players/ranked?page=6&pageSize=100&type=rankSingles&sort=asc&metric=SINGLES&at=2024-01-29&name=&nationality=,2026-03-22T00:53:08Z
wta,2024-01-29,327527,Lian Tran,Lian Tran,652,61,https://api.wtatennis.com/tennis/players/ranked?page=6&pageSize=100&type=rankSingles&sort=asc&metric=SINGLES&at=2024-01-29&name=&nationality=,2026-03-22T00:53:08Z
wta,2024-01-29,319456,Marine Partaud,Marine Partaud,653,60,https://api.wtatennis.com/tennis/players/ranked?page=6&pageSize=100&type=rankSingles&sort=asc&metric=SINGLES&at=2024-01-29&name=&nationality=,2026-03-22T00:53:08Z
wta,2024-01-29,324323,Yidi Yang,Yidi Yang,654,60,https://api.wtatennis.com/tennis/players/ranked?page=6&pageSize=100&type=rankSingles&sort=asc&metric=SINGLES&at=2024-01-29&name=&nationality=,2026-03-22T00:53:08Z
wta,2024-01-29,332285,Iva Jovic,Iva Jovic,655,60,https://api.wtatennis.com/tennis/players/ranked?page=6&pageSize=100&type=rankSingles&sort=asc&metric=SINGLES&at=2024-01-29&name=&nationality=,2026-03-22T00:53:08Z
wta,2024-01-29,328701,Arianna Zucchini,Arianna Zucchini,656,60,https://api.wtatennis.com/tennis/players/ranked?page=6&pageSize=100&type=rankSingles&sort=asc&metric=SINGLES&at=2024-01-29&name=&nationality=,2026-03-22T00:53:08Z
wta,2024-01-29,320896,Sara Daavettila,Sara Daavettila,657,60,https://api.wtatennis.com/tennis/players/ranked?page=6&pageSize=100&type=rankSingles&sort=asc&metric=SINGLES&at=2024-01-29&name=&nationality=,2026-03-22T00:53:08Z
wta,2024-01-29,328647,Anna Rogers,Anna Rogers,658,59,https://api.wtatennis.com/tennis/players/ranked?page=6&pageSize=100&type=rankSingles&sort=asc&metric=SINGLES&at=2024-01-29&name=&nationality=,2026-03-22T00:53:08Z
wta,2024-01-29,331736,Stefania Bojica,Stefania Bojica,659,58,https://api.wtatennis.com/tennis/players/ranked?page=6&pageSize=100&type=rankSingles&sort=asc&metric=SINGLES&at=2024-01-29&name=&nationality=,2026-03-22T00:53:08Z
wta,2024-01-29,328797,Priska Nugroho,Priska Nugroho,660,58,https://api.wtatennis.com/tennis/players/ranked?page=6&pageSize=100&type=rankSingles&sort=asc&metric=SINGLES&at=2024-01-29&name=&nationality=,2026-03-22T00:53:08Z
wta,2024-01-29,313987,Anastasija Sevastova,Anastasija Sevastova,661,58,https://api.wtatennis.com/tennis/players/ranked?page=6&pageSize=100&type=rankSingles&sort=asc&metric=SINGLES&at=2024-01-29&name=&nationality=,2026-03-22T00:53:08Z
wta,2024-01-29,320244,Dabin Kim,Dabin Kim,662,58,https://api.wtatennis.com/tennis/players/ranked?page=6&pageSize=100&type=rankSingles&sort=asc&metric=SINGLES&at=2024-01-29&name=&nationality=,2026-03-22T00:53:08Z
wta,2024-01-29,330953,Ranah Stoiber,Ranah Stoiber,663,58,https://api.wtatennis.com/tennis/players/ranked?page=6&pageSize=100&type=rankSingles&sort=asc&metric=SINGLES&at=2024-01-29&name=&nationality=,2026-03-22T00:53:08Z
wta,2024-01-29,331619,Marta Soriano Santiago,Marta Soriano Santiago,664,58,https://api.wtatennis.com/tennis/players/ranked?page=6&pageSize=100&type=rankSingles&sort=asc&metric=SINGLES&at=2024-01-29&name=&nationality=,2026-03-22T00:53:08Z
wta,2024-01-29,332512,Tianmi Mi,Tianmi Mi,665,58,https://api.wtatennis.com/tennis/players/ranked?page=6&pageSize=100&type=rankSingles&sort=asc&metric=SINGLES&at=2024-01-29&name=&nationality=,2026-03-22T00:53:08Z
wta,2024-01-29,330476,Klaudija Bubelyte,Klaudija Bubelyte,666,58,https://api.wtatennis.com/tennis/players/ranked?page=6&pageSize=100&type=rankSingles&sort=asc&metric=SINGLES&at=2024-01-29&name=&nationality=,2026-03-22T00:53:08Z
wta,2024-01-29,333440,Hannah Klugman,Hannah Klugman,667,57,https://api.wtatennis.com/tennis/players/ranked?page=6&pageSize=100&type=rankSingles&sort=asc&metric=SINGLES&at=2024-01-29&name=&nationality=,2026-03-22T00:53:08Z
wta,2024-01-29,314852,Andrea Gamiz,Andrea Gamiz,668,57,https://api.wtatennis.com/tennis/players/ranked?page=6&pageSize=100&type=rankSingles&sort=asc&metric=SINGLES&at=2024-01-29&name=&nationality=,2026-03-22T00:53:08Z
wta,2024-01-29,323531,Isabelle Boulais,Isabelle Boulais,669,57,https://api.wtatennis.com/tennis/players/ranked?page=6&pageSize=100&type=rankSingles&sort=asc&metric=SINGLES&at=2024-01-29&name=&nationality=,2026-03-22T00:53:08Z
wta,2024-01-29,328971,Joelle Steur,Joelle Steur,670,57,https://api.wtatennis.com/tennis/players/ranked?page=6&pageSize=100&type=rankSingles&sort=asc&metric=SINGLES&at=2024-01-29&name=&nationality=,2026-03-22T00:53:08Z
wta,2024-01-29,318019,Martina Spigarelli,Martina Spigarelli,671,57,https://api.wtatennis.com/tennis/players/ranked?page=6&pageSize=100&type=rankSingles&sort=asc&metric=SINGLES&at=2024-01-29&name=&nationality=,2026-03-22T00:53:08Z
wta,2024-01-29,326183,Elysia Bolton,Elysia Bolton,672,56,https://api.wtatennis.com/tennis/players/ranked?page=6&pageSize=100&type=rankSingles&sort=asc&metric=SINGLES&at=2024-01-29&name=&nationality=,2026-03-22T00:53:08Z
wta,2024-01-29,316109,Elena-Teodora Cadar,Elena-Teodora Cadar,673,56,https://api.wtatennis.com/tennis/players/ranked?page=6&pageSize=100&type=rankSingles&sort=asc&metric=SINGLES&at=2024-01-29&name=&nationality=,2026-03-22T00:53:08Z
wta,2024-01-29,320619,Katerina Stewart,Katerina Stewart,674,56,https://api.wtatennis.com/tennis/players/ranked?page=6&pageSize=100&type=rankSingles&sort=asc&metric=SINGLES&at=2024-01-29&name=&nationality=,2026-03-22T00:53:08Z
wta,2024-01-29,316655,Julia Stamatova,Julia Stamatova,675,56,https://api.wtatennis.com/tennis/players/ranked?page=6&pageSize=100&type=rankSingles&sort=asc&metric=SINGLES&at=2024-01-29&name=&nationality=,2026-03-22T00:53:08Z
wta,2024-01-29,330182,Matilda Mutavdzic,Matilda Mutavdzic,676,56,https://api.wtatennis.com/tennis/players/ranked?page=6&pageSize=100&type=rankSingles&sort=asc&metric=SINGLES&at=2024-01-29&name=&nationality=,2026-03-22T00:53:08Z
wta,2024-01-29,319098,Yana Morderger,Yana Morderger,677,55,https://api.wtatennis.com/tennis/players/ranked?page=6&pageSize=100&type=rankSingles&sort=asc&metric=SINGLES&at=2024-01-29&name=&nationality=,2026-03-22T00:53:08Z
wta,2024-01-29,322124,Yuliana Monroy,Yuliana Monroy,678,55,https://api.wtatennis.com/tennis/players/ranked?page=6&pageSize=100&type=rankSingles&sort=asc&metric=SINGLES&at=2024-01-29&name=&nationality=,2026-03-22T00:53:08Z
wta,2024-01-29,328878,Lea Ma,Lea Ma,679,55,https://api.wtatennis.com/tennis/players/ranked?page=6&pageSize=100&type=rankSingles&sort=asc&metric=SINGLES&at=2024-01-29&name=&nationality=,2026-03-22T00:53:08Z
wta,2024-01-29,330719,Salma Drugdova,Salma Drugdova,680,55,https://api.wtatennis.com/tennis/players/ranked?page=6&pageSize=100&type=rankSingles&sort=asc&metric=SINGLES&at=2024-01-29&name=&nationality=,2026-03-22T00:53:08Z
wta,2024-01-29,327535,Vicky Van De Peer,Vicky Van De Peer,681,55,https://api.wtatennis.com/tennis/players/ranked?page=6&pageSize=100&type=rankSingles&sort=asc&metric=SINGLES&at=2024-01-29&name=&nationality=,2026-03-22T00:53:08Z
wta,2024-01-29,321094,Eleni Christofi,Eleni Christofi,682,55,https://api.wtatennis.com/tennis/players/ranked?page=6&pageSize=100&type=rankSingles&sort=asc&metric=SINGLES&at=2024-01-29&name=&nationality=,2026-03-22T00:53:08Z
wta,2024-01-29,317090,Tamara Curovic,Tamara Curovic,683,54,https://api.wtatennis.com/tennis/players/ranked?page=6&pageSize=100&type=rankSingles&sort=asc&metric=SINGLES&at=2024-01-29&name=&nationality=,2026-03-22T00:53:08Z
wta,2024-01-29,316478,Akiko Omae,Akiko Omae,684,54,https://api.wtatennis.com/tennis/players/ranked?page=6&pageSize=100&type=rankSingles&sort=asc&metric=SINGLES&at=2024-01-29&name=&nationality=,2026-03-22T00:53:08Z
wta,2024-01-29,331018,Tamara Kostic,Tamara Kostic,685,54,https://api.wtatennis.com/tennis/players/ranked?page=6&pageSize=100&type=rankSingles&sort=asc&metric=SINGLES&at=2024-01-29&name=&nationality=,2026-03-22T00:53:08Z
wta,2024-01-29,321879,Noelia Bouzo Zanotti,Noelia Bouzo Zanotti,686,54,https://api.wtatennis.com/tennis/players/ranked?page=6&pageSize=100&type=rankSingles&sort=asc&metric=SINGLES&at=2024-01-29&name=&nationality=,2026-03-22T00:53:08Z
wta,2024-01-29,329199,Oksana Selekhmeteva,Oksana Selekhmeteva,687,53,https://api.wtatennis.com/tennis/players/ranked?page=6&pageSize=100&type=rankSingles&sort=asc&metric=SINGLES&at=2024-01-29&name=&nationality=,2026-03-22T00:53:08Z
wta,2024-01-29,331757,Isabelle Lacy,Isabelle Lacy,688,53,https://api.wtatennis.com/tennis/players/ranked?page=6&pageSize=100&type=rankSingles&sort=asc&metric=SINGLES&at=2024-01-29&name=&nationality=,2026-03-22T00:53:08Z
wta,2024-01-29,330808,Tereza Valentova,Tereza Valentova,689,53,https://api.wtatennis.com/tennis/players/ranked?page=6&pageSize=100&type=rankSingles&sort=asc&metric=SINGLES&at=2024-01-29&name=&nationality=,2026-03-22T00:53:08Z
wta,2024-01-29,325957,Adrienn Nagy,Adrienn Nagy,690,53,https://api.wtatennis.com/tennis/players/ranked?page=6&pageSize=100&type=rankSingles&sort=asc&metric=SINGLES&at=2024-01-29&name=&nationality=,2026-03-22T00:53:08Z
wta,2024-01-29,319999,Nagi Hanatani,Nagi Hanatani,691,53,https://api.wtatennis.com/tennis/players/ranked?page=6&pageSize=100&type=rankSingles&sort=asc&metric=SINGLES&at=2024-01-29&name=&nationality=,2026-03-22T00:53:08Z
wta,2024-01-29,330713,Astrid Lew Yan Foon,Astrid Lew Yan Foon,692,53,https://api.wtatennis.com/tennis/players/ranked?page=6&pageSize=100&type=rankSingles&sort=asc&metric=SINGLES&at=2024-01-29&name=&nationality=,2026-03-22T00:53:08Z
wta,2024-01-29,323705,Emily Welker,Emily Welker,693,53,https://api.wtatennis.com/tennis/players/ranked?page=6&pageSize=100&type=rankSingles&sort=asc&metric=SINGLES&at=2024-01-29&name=&nationality=,2026-03-22T00:53:08Z
wta,2024-01-29,326238,Evgeniya Burdina,Evgeniya Burdina,694,53,https://api.wtatennis.com/tennis/players/ranked?page=6&pageSize=100&type=rankSingles&sort=asc&metric=SINGLES&at=2024-01-29&name=&nationality=,2026-03-22T00:53:08Z
wta,2024-01-29,310053,Su-Wei Hsieh,Su-Wei Hsieh,695,52,https://api.wtatennis.com/tennis/players/ranked?page=6&pageSize=100&type=rankSingles&sort=asc&metric=SINGLES&at=2024-01-29&name=&nationality=,2026-03-22T00:53:08Z
wta,2024-01-29,320673,Maria Fernanda Navarro Oliva,Maria Fernanda Navarro Oliva,696,52,https://api.wtatennis.com/tennis/players/ranked?page=6&pageSize=100&type=rankSingles&sort=asc&metric=SINGLES&at=2024-01-29&name=&nationality=,2026-03-22T00:53:08Z
wta,2024-01-29,319717,Amy Zhu,Amy Zhu,697,52,https://api.wtatennis.com/tennis/players/ranked?page=6&pageSize=100&type=rankSingles&sort=asc&metric=SINGLES&at=2024-01-29&name=&nationality=,2026-03-22T00:53:08Z
wta,2024-01-29,317138,Eri Hozumi,Eri Hozumi,698,52,https://api.wtatennis.com/tennis/players/ranked?page=6&pageSize=100&type=rankSingles&sort=asc&metric=SINGLES&at=2024-01-29&name=&nationality=,2026-03-22T00:53:08Z
wta,2024-01-29,331826,Eryn Cayetano,Eryn Cayetano,699,52,https://api.wtatennis.com/tennis/players/ranked?page=6&pageSize=100&type=rankSingles&sort=asc&metric=SINGLES&at=2024-01-29&name=&nationality=,2026-03-22T00:53:08Z
wta,2024-01-29,323176,Paula Arias Manjon,Paula Arias Manjon,700,52,https://api.wtatennis.com/tennis/players/ranked?page=6&pageSize=100&type=rankSingles&sort=asc&metric=SINGLES&at=2024-01-29&name=&nationality=,2026-03-22T00:53:08Z
wta,2024-01-29,321832,Diana Demidova,Diana Demidova,701,52,https://api.wtatennis.com/tennis/players/ranked?page=7&pageSize=100&type=rankSingles&sort=asc&metric=SINGLES&at=2024-01-29&name=&nationality=,2026-03-22T00:53:08Z
wta,2024-01-29,331129,Lavinia Tanasie,Lavinia Tanasie,702,52,https://api.wtatennis.com/tennis/players/ranked?page=7&pageSize=100&type=rankSingles&sort=asc&metric=SINGLES&at=2024-01-29&name=&nationality=,2026-03-22T00:53:08Z
wta,2024-01-29,324555,Anastasia Sukhotina,Anastasia Sukhotina,703,52,https://api.wtatennis.com/tennis/players/ranked?page=7&pageSize=100&type=rankSingles&sort=asc&metric=SINGLES&at=2024-01-29&name=&nationality=,2026-03-22T00:53:08Z
wta,2024-01-29,329923,Anja Wildgruber,Anja Wildgruber,704,52,https://api.wtatennis.com/tennis/players/ranked?page=7&pageSize=100&type=rankSingles&sort=asc&metric=SINGLES&at=2024-01-29&name=&nationality=,2026-03-22T00:53:08Z
wta,2024-01-29,329203,Laia Petretic,Laia Petretic,705,52,https://api.wtatennis.com/tennis/players/ranked?page=7&pageSize=100&type=rankSingles&sort=asc&metric=SINGLES&at=2024-01-29&name=&nationality=,2026-03-22T00:53:08Z
wta,2024-01-29,331004,Luca Udvardy,Luca Udvardy,706,51,https://api.wtatennis.com/tennis/players/ranked?page=7&pageSize=100&type=rankSingles&sort=asc&metric=SINGLES&at=2024-01-29&name=&nationality=,2026-03-22T00:53:08Z
wta,2024-01-29,327451,Jiangxue Han,Jiangxue Han,707,51,https://api.wtatennis.com/tennis/players/ranked?page=7&pageSize=100&type=rankSingles&sort=asc&metric=SINGLES&at=2024-01-29&name=&nationality=,2026-03-22T00:53:08Z
wta,2024-01-29,326460,Sofia Milatova,Sofia Milatova,708,51,https://api.wtatennis.com/tennis/players/ranked?page=7&pageSize=100&type=rankSingles&sort=asc&metric=SINGLES&at=2024-01-29&name=&nationality=,2026-03-22T00:53:08Z
wta,2024-01-29,319314,Berta Bonardi,Berta Bonardi,709,50,https://api.wtatennis.com/tennis/players/ranked?page=7&pageSize=100&type=rankSingles&sort=asc&metric=SINGLES&at=2024-01-29&name=&nationality=,2026-03-22T00:53:08Z
wta,2024-01-29,327048,Alessandra Mazzola,Alessandra Mazzola,710,50,https://api.wtatennis.com/tennis/players/ranked?page=7&pageSize=100&type=rankSingles&sort=asc&metric=SINGLES&at=2024-01-29&name=&nationality=,2026-03-22T00:53:08Z
wta,2024-01-29,329151,Denislava Glushkova,Denislava Glushkova,711,50,https://api.wtatennis.com/tennis/players/ranked?page=7&pageSize=100&type=rankSingles&sort=asc&metric=SINGLES&at=2024-01-29&name=&nationality=,2026-03-22T00:53:08Z
wta,2024-01-29,329123,Allura Zamarripa,Allura Zamarripa,712,49,https://api.wtatennis.com/tennis/players/ranked?page=7&pageSize=100&type=rankSingles&sort=asc&metric=SINGLES&at=2024-01-29&name=&nationality=,2026-03-22T00:53:08Z
wta,2024-01-29,323970,Kisa Yoshioka,Kisa Yoshioka,713,49,https://api.wtatennis.com/tennis/players/ranked?page=7&pageSize=100&type=rankSingles&sort=asc&metric=SINGLES&at=2024-01-29&name=&nationality=,2026-03-22T00:53:08Z
wta,2024-01-29,320863,Freya Christie,Freya Christie,714,48,https://api.wtatennis.com/tennis/players/ranked?page=7&pageSize=100&type=rankSingles&sort=asc&metric=SINGLES&at=2024-01-29&name=&nationality=,2026-03-22T00:53:08Z
wta,2024-01-29,322472,Emily Seibold,Emily Seibold,715,48,https://api.wtatennis.com/tennis/players/ranked?page=7&pageSize=100&type=rankSingles&sort=asc&metric=SINGLES&at=2024-01-29&name=&nationality=,2026-03-22T00:53:08Z
wta,2024-01-29,326601,Funa Kozaki,Funa Kozaki,716,48,https://api.wtatennis.com/tennis/players/ranked?page=7&pageSize=100&type=rankSingles&sort=asc&metric=SINGLES&at=2024-01-29&name=&nationality=,2026-03-22T00:53:08Z
wta,2024-01-29,331820,Victoria Osuigwe,Victoria Osuigwe,717,48,https://api.wtatennis.com/tennis/players/ranked?page=7&pageSize=100&type=rankSingles&sort=asc&metric=SINGLES&at=2024-01-29&name=&nationality=,2026-03-22T00:53:08Z
wta,2024-01-29,330956,Mao Mushika,Mao Mushika,718,48,https://api.wtatennis.com/tennis/players/ranked?page=7&pageSize=100&type=rankSingles&sort=asc&metric=SINGLES&at=2024-01-29&name=&nationality=,2026-03-22T00:53:08Z
wta,2024-01-29,324575,Chengyiyi Yuan,Chengyiyi Yuan,719,48,https://api.wtatennis.com/tennis/players/ranked?page=7&pageSize=100&type=rankSingles&sort=asc&metric=SINGLES&at=2024-01-29&name=&nationality=,2026-03-22T00:53:08Z
wta,2024-01-29,327227,Anna Ureke,Anna Ureke,720,48,https://api.wtatennis.com/tennis/players/ranked?page=7&pageSize=100&type=rankSingles&sort=asc&metric=SINGLES&at=2024-01-29&name=&nationality=,2026-03-22T00:53:08Z
wta,2024-01-29,328438,Yasmin Ezzat,Yasmin Ezzat,721,48,https://api.wtatennis.com/tennis/players/ranked?page=7&pageSize=100&type=rankSingles&sort=asc&metric=SINGLES&at=2024-01-29&name=&nationality=,2026-03-22T00:53:08Z
wta,2024-01-29,325406,Alice Tubello,Alice Tubello,722,47,https://api.wtatennis.com/tennis/players/ranked?page=7&pageSize=100&type=rankSingles&sort=asc&metric=SINGLES&at=2024-01-29&name=&nationality=,2026-03-22T00:53:08Z
wta,2024-01-29,317900,Catherine Harrison,Catherine Harrison,723,47,https://api.wtatennis.com/tennis/players/ranked?page=7&pageSize=100&type=rankSingles&sort=asc&metric=SINGLES&at=2024-01-29&name=&nationality=,2026-03-22T00:53:08Z
wta,2024-01-29,328976,Ikumi Yamazaki,Ikumi Yamazaki,724,47,https://api.wtatennis.com/tennis/players/ranked?page=7&pageSize=100&type=rankSingles&sort=asc&metric=SINGLES&at=2024-01-29&name=&nationality=,2026-03-22T00:53:08Z
wta,2024-01-29,331113,Anja Stankovic,Anja Stankovic,725,47,https://api.wtatennis.com/tennis/players/ranked?page=7&pageSize=100&type=rankSingles&sort=asc&metric=SINGLES&at=2024-01-29&name=&nationality=,2026-03-22T00:53:08Z
wta,2024-01-29,330116,Daria Khomutsianskaya,Daria Khomutsianskaya,726,47,https://api.wtatennis.com/tennis/players/ranked?page=7&pageSize=100&type=rankSingles&sort=asc&metric=SINGLES&at=2024-01-29&name=&nationality=,2026-03-22T00:53:08Z
wta,2024-01-29,329583,Evialina Laskevich,Evialina Laskevich,727,47,https://api.wtatennis.com/tennis/players/ranked?page=7&pageSize=100&type=rankSingles&sort=asc&metric=SINGLES&at=2024-01-29&name=&nationality=,2026-03-22T00:53:08Z
wta,2024-01-29,329910,Anika Jaskova,Anika Jaskova,728,47,https://api.wtatennis.com/tennis/players/ranked?page=7&pageSize=100&type=rankSingles&sort=asc&metric=SINGLES&at=2024-01-29&name=&nationality=,2026-03-22T00:53:08Z
wta,2024-01-29,331725,Mingge Xu,Mingge Xu,729,46,https://api.wtatennis.com/tennis/players/ranked?page=7&pageSize=100&type=rankSingles&sort=asc&metric=SINGLES&at=2024-01-29&name=&nationality=,2026-03-22T00:53:08Z
wta,2024-01-29,319413,Quinn Gleason,Quinn Gleason,730,46,https://api.wtatennis.com/tennis/players/ranked?page=7&pageSize=100&type=rankSingles&sort=asc&metric=SINGLES&at=2024-01-29&name=&nationality=,2026-03-22T00:53:08Z
wta,2024-01-29,327245,Alexa Noel,Alexa Noel,731,46,https://api.wtatennis.com/tennis/players/ranked?page=7&pageSize=100&type=rankSingles&sort=asc&metric=SINGLES&at=2024-01-29&name=&nationality=,2026-03-22T00:53:08Z
wta,2024-01-29,329275,Alba Rey Garcia,Alba Rey Garcia,732,46,https://api.wtatennis.com/tennis/players/ranked?page=7&pageSize=100&type=rankSingles&sort=asc&metric=SINGLES&at=2024-01-29&name=&nationality=,2026-03-22T00:53:08Z
wta,2024-01-29,327283,Jazmin Ortenzi,Jazmin Ortenzi,733,46,https://api.wtatennis.com/tennis/players/ranked?page=7&pageSize=100&type=rankSingles&sort=asc&metric=SINGLES&at=2024-01-29&name=&nationality=,2026-03-22T00:53:08Z
wta,2024-01-29,324410,Ekaterina Shalimova,Ekaterina Shalimova,734,46,https://api.wtatennis.com/tennis/players/ranked?page=7&pageSize=100&type=rankSingles&sort=asc&metric=SINGLES&at=2024-01-29&name=&nationality=,2026-03-22T00:53:08Z
wta,2024-01-29,327192,Sina Herrmann,Sina Herrmann,735,46,https://api.wtatennis.com/tennis/players/ranked?page=7&pageSize=100&type=rankSingles&sort=asc&metric=SINGLES&at=2024-01-29&name=&nationality=,2026-03-22T00:53:08Z
wta,2024-01-29,317299,Erin Routliffe,Erin Routliffe,736,45,https://api.wtatennis.com/tennis/players/ranked?page=7&pageSize=100&type=rankSingles&sort=asc&metric=SINGLES&at=2024-01-29&name=&nationality=,2026-03-22T00:53:08Z
wta,2024-01-29,329656,Romina Ccuno,Romina Ccuno,737,45,https://api.wtatennis.com/tennis/players/ranked?page=7&pageSize=100&type=rankSingles&sort=asc&metric=SINGLES&at=2024-01-29&name=&nationality=,2026-03-22T00:53:08Z
wta,2024-01-29,326823,Eliz Maloney,Eliz Maloney,738,45,https://api.wtatennis.com/tennis/players/ranked?page=7&pageSize=100&type=rankSingles&sort=asc&metric=SINGLES&at=2024-01-29&name=&nationality=,2026-03-22T00:53:08Z
wta,2024-01-29,333563,Dj Bennett,Dj Bennett,739,45,https://api.wtatennis.com/tennis/players/ranked?page=7&pageSize=100&type=rankSingles&sort=asc&metric=SINGLES&at=2024-01-29&name=&nationality=,2026-03-22T00:53:08Z
wta,2024-01-29,329459,Isabella Kruger,Isabella Kruger,740,45,https://api.wtatennis.com/tennis/players/ranked?page=7&pageSize=100&type=rankSingles&sort=asc&metric=SINGLES&at=2024-01-29&name=&nationality=,2026-03-22T00:53:08Z
wta,2024-01-29,322016,Jaeda Daniel,Jaeda Daniel,741,45,https://api.wtatennis.com/tennis/players/ranked?page=7&pageSize=100&type=rankSingles&sort=asc&metric=SINGLES&at=2024-01-29&name=&nationality=,2026-03-22T00:53:08Z
wta,2024-01-29,324421,Marie Villet,Marie Villet,742,45,https://api.wtatennis.com/tennis/players/ranked?page=7&pageSize=100&type=rankSingles&sort=asc&metric=SINGLES&at=2024-01-29&name=&nationality=,2026-03-22T00:53:08Z
wta,2024-01-29,326402,Luisa Meyer Auf Der Heide,Luisa Meyer Auf Der Heide,743,44,https://api.wtatennis.com/tennis/players/ranked?page=7&pageSize=100&type=rankSingles&sort=asc&metric=SINGLES&at=2024-01-29&name=&nationality=,2026-03-22T00:53:08Z
wta,2024-01-29,316707,Noelia Zeballos,Noelia Zeballos,744,44,https://api.wtatennis.com/tennis/players/ranked?page=7&pageSize=100&type=rankSingles&sort=asc&metric=SINGLES&at=2024-01-29&name=&nationality=,2026-03-22T00:53:08Z
wta,2024-01-29,321271,Gozal Ainitdinova,Gozal Ainitdinova,745,44,https://api.wtatennis.com/tennis/players/ranked?page=7&pageSize=100&type=rankSingles&sort=asc&metric=SINGLES&at=2024-01-29&name=&nationality=,2026-03-22T00:53:08Z
wta,2024-01-29,327059,Selina Dal,Selina Dal,746,44,https://api.wtatennis.com/tennis/players/ranked?page=7&pageSize=100&type=rankSingles&sort=asc&metric=SINGLES&at=2024-01-29&name=&nationality=,2026-03-22T00:53:08Z
wta,2024-01-29,319097,Tayisiya Morderger,Tayisiya Morderger,747,43,https://api.wtatennis.com/tennis/players/ranked?page=7&pageSize=100&type=rankSingles&sort=asc&metric=SINGLES&at=2024-01-29&name=&nationality=,2026-03-22T00:53:08Z
wta,2024-01-29,330920,Elena Micic,Elena Micic,748,43,https://api.wtatennis.com/tennis/players/ranked?page=7&pageSize=100&type=rankSingles&sort=asc&metric=SINGLES&at=2024-01-29&name=&nationality=,2026-03-22T00:53:08Z
wta,2024-01-29,327999,Laura Mair,Laura Mair,749,43,https://api.wtatennis.com/tennis/players/ranked?page=7&pageSize=100&type=rankSingles&sort=asc&metric=SINGLES&at=2024-01-29&name=&nationality=,2026-03-22T00:53:08Z
wta,2024-01-29,323743,Sabastiani Leon,Sabastiani Leon,750,43,https://api.wtatennis.com/tennis/players/ranked?page=7&pageSize=100&type=rankSingles&sort=asc&metric=SINGLES&at=2024-01-29&name=&nationality=,2026-03-22T00:53:08Z
wta,2024-01-29,314820,Sarah-Rebecca Sekulic,Sarah-Rebecca Sekulic,751,43,https://api.wtatennis.com/tennis/players/ranked?page=7&pageSize=100&type=rankSingles&sort=asc&metric=SINGLES&at=2024-01-29&name=&nationality=,2026-03-22T00:53:08Z
wta,2024-01-29,312838,Anne Schaefer,Anne Schaefer,752,43,https://api.wtatennis.com/tennis/players/ranked?page=7&pageSize=100&type=rankSingles&sort=asc&metric=SINGLES&at=2024-01-29&name=&nationality=,2026-03-22T00:53:08Z
wta,2024-01-29,333783,Isis Louise Van Den Broek,Isis Louise Van Den Broek,753,43,https://api.wtatennis.com/tennis/players/ranked?page=7&pageSize=100&type=rankSingles&sort=asc&metric=SINGLES&at=2024-01-29&name=&nationality=,2026-03-22T00:53:08Z
wta,2024-01-29,327672,Nicole Rivkin,Nicole Rivkin,754,43,https://api.wtatennis.com/tennis/players/ranked?page=7&pageSize=100&type=rankSingles&sort=asc&metric=SINGLES&at=2024-01-29&name=&nationality=,2026-03-22T00:53:08Z
wta,2024-01-29,321356,Eliessa Vanlangendonck,Eliessa Vanlangendonck,755,43,https://api.wtatennis.com/tennis/players/ranked?page=7&pageSize=100&type=rankSingles&sort=asc&metric=SINGLES&at=2024-01-29&name=&nationality=,2026-03-22T00:53:08Z
wta,2024-01-29,325291,Aneta Laboutkova,Aneta Laboutkova,756,43,https://api.wtatennis.com/tennis/players/ranked?page=7&pageSize=100&type=rankSingles&sort=asc&metric=SINGLES&at=2024-01-29&name=&nationality=,2026-03-22T00:53:08Z
wta,2024-01-29,311859,Vlada Ekshibarova,Vlada Ekshibarova,757,43,https://api.wtatennis.com/tennis/players/ranked?page=7&pageSize=100&type=rankSingles&sort=asc&metric=SINGLES&at=2024-01-29&name=&nationality=,2026-03-22T00:53:08Z
wta,2024-01-29,314181,Chieh-Yu Hsu,Chieh-Yu Hsu,758,43,https://api.wtatennis.com/tennis/players/ranked?page=7&pageSize=100&type=rankSingles&sort=asc&metric=SINGLES&at=2024-01-29&name=&nationality=,2026-03-22T00:53:08Z
wta,2024-01-29,319998,Naomi Osaka,Naomi Osaka,759,42,https://api.wtatennis.com/tennis/players/ranked?page=7&pageSize=100&type=rankSingles&sort=asc&metric=SINGLES&at=2024-01-29&name=&nationality=,2026-03-22T00:53:08Z
wta,2024-01-29,329453,Bianca Fernandez,Bianca Fernandez,760,42,https://api.wtatennis.com/tennis/players/ranked?page=7&pageSize=100&type=rankSingles&sort=asc&metric=SINGLES&at=2024-01-29&name=&nationality=,2026-03-22T00:53:08Z
wta,2024-01-29,331856,Akasha Urhobo,Akasha Urhobo,761,42,https://api.wtatennis.com/tennis/players/ranked?page=7&pageSize=100&type=rankSingles&sort=asc&metric=SINGLES&at=2024-01-29&name=&nationality=,2026-03-22T00:53:08Z
wta,2024-01-29,329154,Hiromi Abe,Hiromi Abe,762,42,https://api.wtatennis.com/tennis/players/ranked?page=7&pageSize=100&type=rankSingles&sort=asc&metric=SINGLES&at=2024-01-29&name=&nationality=,2026-03-22T00:53:08Z
wta,2024-01-29,321519,Verena Meliss,Verena Meliss,763,42,https://api.wtatennis.com/tennis/players/ranked?page=7&pageSize=100&type=rankSingles&sort=asc&metric=SINGLES&at=2024-01-29&name=&nationality=,2026-03-22T00:53:08Z
wta,2024-01-29,329308,Beatrice Ricci,Beatrice Ricci,764,41,https://api.wtatennis.com/tennis/players/ranked?page=7&pageSize=100&type=rankSingles&sort=asc&metric=SINGLES&at=2024-01-29&name=&nationality=,2026-03-22T00:53:08Z
wta,2024-01-29,331742,Kaitlin Quevedo,Kaitlin Quevedo,765,41,https://api.wtatennis.com/tennis/players/ranked?page=7&pageSize=100&type=rankSingles&sort=asc&metric=SINGLES&at=2024-01-29&name=&nationality=,2026-03-22T00:53:08Z
wta,2024-01-29,329344,Andre Lukosiute,Andre Lukosiute,766,41,https://api.wtatennis.com/tennis/players/ranked?page=7&pageSize=100&type=rankSingles&sort=asc&metric=SINGLES&at=2024-01-29&name=&nationality=,2026-03-22T00:53:08Z
wta,2024-01-29,318181,Estelle Cascino,Estelle Cascino,767,41,https://api.wtatennis.com/tennis/players/ranked?page=7&pageSize=100&type=rankSingles&sort=asc&metric=SINGLES&at=2024-01-29&name=&nationality=,2026-03-22T00:53:08Z
wta,2024-01-29,325728,Alice Gillan,Alice Gillan,768,41,https://api.wtatennis.com/tennis/players/ranked?page=7&pageSize=100&type=rankSingles&sort=asc&metric=SINGLES&at=2024-01-29&name=&nationality=,2026-03-22T00:53:08Z
wta,2024-01-29,324769,Christina Rosca,Christina Rosca,769,41,https://api.wtatennis.com/tennis/players/ranked?page=7&pageSize=100&type=rankSingles&sort=asc&metric=SINGLES&at=2024-01-29&name=&nationality=,2026-03-22T00:53:08Z
wta,2024-01-29,327294,Mihaela Djakovic,Mihaela Djakovic,770,41,https://api.wtatennis.com/tennis/players/ranked?page=7&pageSize=100&type=rankSingles&sort=asc&metric=SINGLES&at=2024-01-29&name=&nationality=,2026-03-22T00:53:08Z
wta,2024-01-29,330970,Tiantsoa Rakotomanga Rajaonah,Tiantsoa Rakotomanga Rajaonah,771,41,https://api.wtatennis.com/tennis/players/ranked?page=7&pageSize=100&type=rankSingles&sort=asc&metric=SINGLES&at=2024-01-29&name=&nationality=,2026-03-22T00:53:08Z
wta,2024-01-29,328688,Alina Granwehr,Alina Granwehr,772,41,https://api.wtatennis.com/tennis/players/ranked?page=7&pageSize=100&type=rankSingles&sort=asc&metric=SINGLES&at=2024-01-29&name=&nationality=,2026-03-22T00:53:08Z
wta,2024-01-29,324807,Eunhye Lee,Eunhye Lee,773,41,https://api.wtatennis.com/tennis/players/ranked?page=7&pageSize=100&type=rankSingles&sort=asc&metric=SINGLES&at=2024-01-29&name=&nationality=,2026-03-22T00:53:08Z
wta,2024-01-29,330526,Tilwith Di Girolami,Tilwith Di Girolami,774,41,https://api.wtatennis.com/tennis/players/ranked?page=7&pageSize=100&type=rankSingles&sort=asc&metric=SINGLES&at=2024-01-29&name=&nationality=,2026-03-22T00:53:08Z
wta,2024-01-29,324266,Paris Corley,Paris Corley,775,41,https://api.wtatennis.com/tennis/players/ranked?page=7&pageSize=100&type=rankSingles&sort=asc&metric=SINGLES&at=2024-01-29&name=&nationality=,2026-03-22T00:53:08Z
wta,2024-01-29,321216,Jessica Hinojosa Gomez,Jessica Hinojosa Gomez,776,40,https://api.wtatennis.com/tennis/players/ranked?page=7&pageSize=100&type=rankSingles&sort=asc&metric=SINGLES&at=2024-01-29&name=&nationality=,2026-03-22T00:53:08Z
wta,2024-01-29,321236,Thaisa Grana Pedretti,Thaisa Grana Pedretti,777,40,https://api.wtatennis.com/tennis/players/ranked?page=7&pageSize=100&type=rankSingles&sort=asc&metric=SINGLES&at=2024-01-29&name=&nationality=,2026-03-22T00:53:08Z
wta,2024-01-29,323887,Valeriia Iushchenko,Valeriia Iushchenko,778,40,https://api.wtatennis.com/tennis/players/ranked?page=7&pageSize=100&type=rankSingles&sort=asc&metric=SINGLES&at=2024-01-29&name=&nationality=,2026-03-22T00:53:08Z
wta,2024-01-29,331776,Angelina Voloshchuk,Angelina Voloshchuk,779,40,https://api.wtatennis.com/tennis/players/ranked?page=7&pageSize=100&type=rankSingles&sort=asc&metric=SINGLES&at=2024-01-29&name=&nationality=,2026-03-22T00:53:08Z
wta,2024-01-29,331077,Rebecca Munk Mortensen,Rebecca Munk Mortensen,780,40,https://api.wtatennis.com/tennis/players/ranked?page=7&pageSize=100&type=rankSingles&sort=asc&metric=SINGLES&at=2024-01-29&name=&nationality=,2026-03-22T00:53:08Z
wta,2024-01-29,328466,Anastasia Zolotareva,Anastasia Zolotareva,781,40,https://api.wtatennis.com/tennis/players/ranked?page=7&pageSize=100&type=rankSingles&sort=asc&metric=SINGLES&at=2024-01-29&name=&nationality=,2026-03-22T00:53:08Z
wta,2024-01-29,321564,Anna Ulyashchenko,Anna Ulyashchenko,782,40,https://api.wtatennis.com/tennis/players/ranked?page=7&pageSize=100&type=rankSingles&sort=asc&metric=SINGLES&at=2024-01-29&name=&nationality=,2026-03-22T00:53:08Z
wta,2024-01-29,333111,Emerson Jones,Emerson Jones,783,39,https://api.wtatennis.com/tennis/players/ranked?page=7&pageSize=100&type=rankSingles&sort=asc&metric=SINGLES&at=2024-01-29&name=&nationality=,2026-03-22T00:53:08Z
wta,2024-01-29,323018,Lisa Zaar,Lisa Zaar,784,39,https://api.wtatennis.com/tennis/players/ranked?page=7&pageSize=100&type=rankSingles&sort=asc&metric=SINGLES&at=2024-01-29&name=&nationality=,2026-03-22T00:53:08Z
wta,2024-01-29,332467,Renata Jamrichova,Renata Jamrichova,785,39,https://api.wtatennis.com/tennis/players/ranked?page=7&pageSize=100&type=rankSingles&sort=asc&metric=SINGLES&at=2024-01-29&name=&nationality=,2026-03-22T00:53:08Z
wta,2024-01-29,330444,Weronika Baszak,Weronika Baszak,786,39,https://api.wtatennis.com/tennis/players/ranked?page=7&pageSize=100&type=rankSingles&sort=asc&metric=SINGLES&at=2024-01-29&name=&nationality=,2026-03-22T00:53:08Z
wta,2024-01-29,329251,Amelia Rajecki,Amelia Rajecki,787,38,https://api.wtatennis.com/tennis/players/ranked?page=7&pageSize=100&type=rankSingles&sort=asc&metric=SINGLES&at=2024-01-29&name=&nationality=,2026-03-22T00:53:08Z
wta,2024-01-29,325807,Shuo Feng,Shuo Feng,788,38,https://api.wtatennis.com/tennis/players/ranked?page=7&pageSize=100&type=rankSingles&sort=asc&metric=SINGLES&at=2024-01-29&name=&nationality=,2026-03-22T00:53:08Z
wta,2024-01-29,333121,Tyra Caterina Grant,Tyra Caterina Grant,789,38,https://api.wtatennis.com/tennis/players/ranked?page=7&pageSize=100&type=rankSingles&sort=asc&metric=SINGLES&at=2024-01-29&name=&nationality=,2026-03-22T00:53:08Z
wta,2024-01-29,330983,Chelsea Fontenel,Chelsea Fontenel,790,38,https://api.wtatennis.com/tennis/players/ranked?page=7&pageSize=100&type=rankSingles&sort=asc&metric=SINGLES&at=2024-01-29&name=&nationality=,2026-03-22T00:53:08Z
wta,2024-01-29,330611,Denise Hrdinkova,Denise Hrdinkova,791,38,https://api.wtatennis.com/tennis/players/ranked?page=7&pageSize=100&type=rankSingles&sort=asc&metric=SINGLES&at=2024-01-29&name=&nationality=,2026-03-22T00:53:08Z
wta,2024-01-29,326546,Meiqi Guo,Meiqi Guo,792,38,https://api.wtatennis.com/tennis/players/ranked?page=7&pageSize=100&type=rankSingles&sort=asc&metric=SINGLES&at=2024-01-29&name=&nationality=,2026-03-22T00:53:08Z
wta,2024-01-29,330593,Aruzhan Sagandykova,Aruzhan Sagandykova,793,38,https://api.wtatennis.com/tennis/players/ranked?page=7&pageSize=100&type=rankSingles&sort=asc&metric=SINGLES&at=2024-01-29&name=&nationality=,2026-03-22T00:53:08Z
wta,2024-01-29,329609,Sylvie Zund,Sylvie Zund,793,38,https://api.wtatennis.com/tennis/players/ranked?page=7&pageSize=100&type=rankSingles&sort=asc&metric=SINGLES&at=2024-01-29&name=&nationality=,2026-03-22T00:53:08Z
wta,2024-01-29,328482,Chiara Girelli,Chiara Girelli,795,38,https://api.wtatennis.com/tennis/players/ranked?page=7&pageSize=100&type=rankSingles&sort=asc&metric=SINGLES&at=2024-01-29&name=&nationality=,2026-03-22T00:53:08Z
wta,2024-01-29,325798,Marie Mettraux,Marie Mettraux,796,38,https://api.wtatennis.com/tennis/players/ranked?page=7&pageSize=100&type=rankSingles&sort=asc&metric=SINGLES&at=2024-01-29&name=&nationality=,2026-03-22T00:53:08Z
wta,2024-01-29,330342,Ela Milic,Ela Milic,797,37,https://api.wtatennis.com/tennis/players/ranked?page=7&pageSize=100&type=rankSingles&sort=asc&metric=SINGLES&at=2024-01-29&name=&nationality=,2026-03-22T00:53:08Z
wta,2024-01-29,326909,Kamilla Bartone,Kamilla Bartone,798,37,https://api.wtatennis.com/tennis/players/ranked?page=7&pageSize=100&type=rankSingles&sort=asc&metric=SINGLES&at=2024-01-29&name=&nationality=,2026-03-22T00:53:08Z
wta,2024-01-29,330569,Ariana Geerlings,Ariana Geerlings,799,37,https://api.wtatennis.com/tennis/players/ranked?page=7&pageSize=100&type=rankSingles&sort=asc&metric=SINGLES&at=2024-01-29&name=&nationality=,2026-03-22T00:53:08Z
wta,2024-01-29,320943,Mia Horvit,Mia Horvit,800,37,https://api.wtatennis.com/tennis/players/ranked?page=7&pageSize=100&type=rankSingles&sort=asc&metric=SINGLES&at=2024-01-29&name=&nationality=,2026-03-22T00:53:08Z
wta,2024-01-29,331257,Na Dong,Na Dong,801,37,https://api.wtatennis.com/tennis/players/ranked?page=8&pageSize=100&type=rankSingles&sort=asc&metric=SINGLES&at=2024-01-29&name=&nationality=,2026-03-22T00:53:09Z
wta,2024-01-29,326052,Ania Hertel,Ania Hertel,802,37,https://api.wtatennis.com/tennis/players/ranked?page=8&pageSize=100&type=rankSingles&sort=asc&metric=SINGLES&at=2024-01-29&name=&nationality=,2026-03-22T00:53:09Z
wta,2024-01-29,328646,Adriana Reami,Adriana Reami,803,37,https://api.wtatennis.com/tennis/players/ranked?page=8&pageSize=100&type=rankSingles&sort=asc&metric=SINGLES&at=2024-01-29&name=&nationality=,2026-03-22T00:53:09Z
wta,2024-01-29,328472,Mariia Tkacheva,Mariia Tkacheva,804,36,https://api.wtatennis.com/tennis/players/ranked?page=8&pageSize=100&type=rankSingles&sort=asc&metric=SINGLES&at=2024-01-29&name=&nationality=,2026-03-22T00:53:09Z
wta,2024-01-29,318210,Polina Leykina,Polina Leykina,805,36,https://api.wtatennis.com/tennis/players/ranked?page=8&pageSize=100&type=rankSingles&sort=asc&metric=SINGLES&at=2024-01-29&name=&nationality=,2026-03-22T00:53:09Z
wta,2024-01-29,331491,Samira De Stefano,Samira De Stefano,806,36,https://api.wtatennis.com/tennis/players/ranked?page=8&pageSize=100&type=rankSingles&sort=asc&metric=SINGLES&at=2024-01-29&name=&nationality=,2026-03-22T00:53:09Z
wta,2024-01-29,328128,Gabriella Price,Gabriella Price,807,36,https://api.wtatennis.com/tennis/players/ranked?page=8&pageSize=100&type=rankSingles&sort=asc&metric=SINGLES&at=2024-01-29&name=&nationality=,2026-03-22T00:53:09Z
wta,2024-01-29,329173,Nana Kawagishi,Nana Kawagishi,808,36,https://api.wtatennis.com/tennis/players/ranked?page=8&pageSize=100&type=rankSingles&sort=asc&metric=SINGLES&at=2024-01-29&name=&nationality=,2026-03-22T00:53:09Z
wta,2024-01-29,315561,Ani Vangelova,Ani Vangelova,809,36,https://api.wtatennis.com/tennis/players/ranked?page=8&pageSize=100&type=rankSingles&sort=asc&metric=SINGLES&at=2024-01-29&name=&nationality=,2026-03-22T00:53:09Z
wta,2024-01-29,324156,Fernanda Labrana,Fernanda Labrana,810,35,https://api.wtatennis.com/tennis/players/ranked?page=8&pageSize=100&type=rankSingles&sort=asc&metric=SINGLES&at=2024-01-29&name=&nationality=,2026-03-22T00:53:09Z
wta,2024-01-29,315261,Irina Ramialison,Irina Ramialison,811,35,https://api.wtatennis.com/tennis/players/ranked?page=8&pageSize=100&type=rankSingles&sort=asc&metric=SINGLES&at=2024-01-29&name=&nationality=,2026-03-22T00:53:09Z
wta,2024-01-29,324673,Maria Toma,Maria Toma,812,35,https://api.wtatennis.com/tennis/players/ranked?page=8&pageSize=100&type=rankSingles&sort=asc&metric=SINGLES&at=2024-01-29&name=&nationality=,2026-03-22T00:53:09Z
wta,2024-01-29,325228,Enola Chiesa,Enola Chiesa,813,35,https://api.wtatennis.com/tennis/players/ranked?page=8&pageSize=100&type=rankSingles&sort=asc&metric=SINGLES&at=2024-01-29&name=&nationality=,2026-03-22T00:53:09Z
wta,2024-01-29,330408,Chloe Noel,Chloe Noel,814,35,https://api.wtatennis.com/tennis/players/ranked?page=8&pageSize=100&type=rankSingles&sort=asc&metric=SINGLES&at=2024-01-29&name=&nationality=,2026-03-22T00:53:09Z
wta,2024-01-29,312850,Alison Riske-Amritraj,Alison Riske-Amritraj,815,34,https://api.wtatennis.com/tennis/players/ranked?page=8&pageSize=100&type=rankSingles&sort=asc&metric=SINGLES&at=2024-01-29&name=&nationality=,2026-03-22T00:53:09Z
wta,2024-01-29,332505,Valerie Glozman,Valerie Glozman,816,34,https://api.wtatennis.com/tennis/players/ranked?page=8&pageSize=100&type=rankSingles&sort=asc&metric=SINGLES&at=2024-01-29&name=&nationality=,2026-03-22T00:53:09Z
wta,2024-01-29,325487,Nicole Khirin,Nicole Khirin,817,34,https://api.wtatennis.com/tennis/players/ranked?page=8&pageSize=100&type=rankSingles&sort=asc&metric=SINGLES&at=2024-01-29&name=&nationality=,2026-03-22T00:53:09Z
wta,2024-01-29,319029,Victoria Kan,Victoria Kan,818,34,https://api.wtatennis.com/tennis/players/ranked?page=8&pageSize=100&type=rankSingles&sort=asc&metric=SINGLES&at=2024-01-29&name=&nationality=,2026-03-22T00:53:09Z
wta,2024-01-29,318985,Rhiann Newborn,Rhiann Newborn,819,34,https://api.wtatennis.com/tennis/players/ranked?page=8&pageSize=100&type=rankSingles&sort=asc&metric=SINGLES&at=2024-01-29&name=&nationality=,2026-03-22T00:53:09Z
wta,2024-01-29,333672,Jiayou Li,Jiayou Li,820,34,https://api.wtatennis.com/tennis/players/ranked?page=8&pageSize=100&type=rankSingles&sort=asc&metric=SINGLES&at=2024-01-29&name=&nationality=,2026-03-22T00:53:09Z
wta,2024-01-29,330298,Dasha Plekhanova,Dasha Plekhanova,821,34,https://api.wtatennis.com/tennis/players/ranked?page=8&pageSize=100&type=rankSingles&sort=asc&metric=SINGLES&at=2024-01-29&name=&nationality=,2026-03-22T00:53:09Z
wta,2024-01-29,330633,Yara Bartashevich,Yara Bartashevich,822,34,https://api.wtatennis.com/tennis/players/ranked?page=8&pageSize=100&type=rankSingles&sort=asc&metric=SINGLES&at=2024-01-29&name=&nationality=,2026-03-22T00:53:09Z
wta,2024-01-29,331042,Anna Zyryanova,Anna Zyryanova,823,34,https://api.wtatennis.com/tennis/players/ranked?page=8&pageSize=100&type=rankSingles&sort=asc&metric=SINGLES&at=2024-01-29&name=&nationality=,2026-03-22T00:53:09Z
wta,2024-01-29,332174,Hayu Kinoshita,Hayu Kinoshita,824,34,https://api.wtatennis.com/tennis/players/ranked?page=8&pageSize=100&type=rankSingles&sort=asc&metric=SINGLES&at=2024-01-29&name=&nationality=,2026-03-22T00:53:09Z
wta,2024-01-29,328136,Kimmi Hance,Kimmi Hance,825,34,https://api.wtatennis.com/tennis/players/ranked?page=8&pageSize=100&type=rankSingles&sort=asc&metric=SINGLES&at=2024-01-29&name=&nationality=,2026-03-22T00:53:09Z
wta,2024-01-29,332627,Kayo Nishimura,Kayo Nishimura,826,34,https://api.wtatennis.com/tennis/players/ranked?page=8&pageSize=100&type=rankSingles&sort=asc&metric=SINGLES&at=2024-01-29&name=&nationality=,2026-03-22T00:53:09Z
wta,2024-01-29,317614,Michika Ozeki,Michika Ozeki,827,34,https://api.wtatennis.com/tennis/players/ranked?page=8&pageSize=100&type=rankSingles&sort=asc&metric=SINGLES&at=2024-01-29&name=&nationality=,2026-03-22T00:53:09Z
wta,2024-01-29,331453,Anastasia Safta,Anastasia Safta,828,33,https://api.wtatennis.com/tennis/players/ranked?page=8&pageSize=100&type=rankSingles&sort=asc&metric=SINGLES&at=2024-01-29&name=&nationality=,2026-03-22T00:53:09Z
wta,2024-01-29,319220,Samantha Crawford,Samantha Crawford,829,33,https://api.wtatennis.com/tennis/players/ranked?page=8&pageSize=100&type=rankSingles&sort=asc&metric=SINGLES&at=2024-01-29&name=&nationality=,2026-03-22T00:53:09Z
wta,2024-01-29,325815,Lisa Mays,Lisa Mays,830,33,https://api.wtatennis.com/tennis/players/ranked?page=8&pageSize=100&type=rankSingles&sort=asc&metric=SINGLES&at=2024-01-29&name=&nationality=,2026-03-22T00:53:09Z
wta,2024-01-29,321125,Yujin Ahn,Yujin Ahn,831,33,https://api.wtatennis.com/tennis/players/ranked?page=8&pageSize=100&type=rankSingles&sort=asc&metric=SINGLES&at=2024-01-29&name=&nationality=,2026-03-22T00:53:09Z
wta,2024-01-29,330483,Aya El Aouni,Aya El Aouni,832,32,https://api.wtatennis.com/tennis/players/ranked?page=8&pageSize=100&type=rankSingles&sort=asc&metric=SINGLES&at=2024-01-29&name=&nationality=,2026-03-22T00:53:09Z
wta,2024-01-29,333664,Yujia Huang,Yujia Huang,833,32,https://api.wtatennis.com/tennis/players/ranked?page=8&pageSize=100&type=rankSingles&sort=asc&metric=SINGLES&at=2024-01-29&name=&nationality=,2026-03-22T00:53:09Z
wta,2024-01-29,329366,Nastasja Schunk,Nastasja Schunk,834,32,https://api.wtatennis.com/tennis/players/ranked?page=8&pageSize=100&type=rankSingles&sort=asc&metric=SINGLES&at=2024-01-29&name=&nationality=,2026-03-22T00:53:09Z
wta,2024-01-29,323526,Megan Mccray,Megan Mccray,835,32,https://api.wtatennis.com/tennis/players/ranked?page=8&pageSize=100&type=rankSingles&sort=asc&metric=SINGLES&at=2024-01-29&name=&nationality=,2026-03-22T00:53:09Z
wta,2024-01-29,332132,Gyeong Seo Lee,Gyeong Seo Lee,836,32,https://api.wtatennis.com/tennis/players/ranked?page=8&pageSize=100&type=rankSingles&sort=asc&metric=SINGLES&at=2024-01-29&name=&nationality=,2026-03-22T00:53:09Z
wta,2024-01-29,329231,Chiara Di Genova,Chiara Di Genova,837,32,https://api.wtatennis.com/tennis/players/ranked?page=8&pageSize=100&type=rankSingles&sort=asc&metric=SINGLES&at=2024-01-29&name=&nationality=,2026-03-22T00:53:09Z
wta,2024-01-29,331688,Emma Tothova,Emma Tothova,838,32,https://api.wtatennis.com/tennis/players/ranked?page=8&pageSize=100&type=rankSingles&sort=asc&metric=SINGLES&at=2024-01-29&name=&nationality=,2026-03-22T00:53:09Z
wta,2024-01-29,328813,Lucia Llinares Domingo,Lucia Llinares Domingo,839,32,https://api.wtatennis.com/tennis/players/ranked?page=8&pageSize=100&type=rankSingles&sort=asc&metric=SINGLES&at=2024-01-29&name=&nationality=,2026-03-22T00:53:09Z
wta,2024-01-29,332210,Suana Tucakovic,Suana Tucakovic,840,31,https://api.wtatennis.com/tennis/players/ranked?page=8&pageSize=100&type=rankSingles&sort=asc&metric=SINGLES&at=2024-01-29&name=&nationality=,2026-03-22T00:53:09Z
wta,2024-01-29,317462,Demi Schuurs,Demi Schuurs,841,30,https://api.wtatennis.com/tennis/players/ranked?page=8&pageSize=100&type=rankSingles&sort=asc&metric=SINGLES&at=2024-01-29&name=&nationality=,2026-03-22T00:53:09Z
wta,2024-01-29,328440,Eleonora Alvisi,Eleonora Alvisi,842,30,https://api.wtatennis.com/tennis/players/ranked?page=8&pageSize=100&type=rankSingles&sort=asc&metric=SINGLES&at=2024-01-29&name=&nationality=,2026-03-22T00:53:09Z
wta,2024-01-29,324361,Carson Branstine,Carson Branstine,843,30,https://api.wtatennis.com/tennis/players/ranked?page=8&pageSize=100&type=rankSingles&sort=asc&metric=SINGLES&at=2024-01-29&name=&nationality=,2026-03-22T00:53:09Z
wta,2024-01-29,331645,Stefani Webb,Stefani Webb,844,30,https://api.wtatennis.com/tennis/players/ranked?page=8&pageSize=100&type=rankSingles&sort=asc&metric=SINGLES&at=2024-01-29&name=&nationality=,2026-03-22T00:53:09Z
wta,2024-01-29,329078,Darya Shauha,Darya Shauha,845,30,https://api.wtatennis.com/tennis/players/ranked?page=8&pageSize=100&type=rankSingles&sort=asc&metric=SINGLES&at=2024-01-29&name=&nationality=,2026-03-22T00:53:09Z
wta,2024-01-29,323379,Arlinda Rushiti,Arlinda Rushiti,846,30,https://api.wtatennis.com/tennis/players/ranked?page=8&pageSize=100&type=rankSingles&sort=asc&metric=SINGLES&at=2024-01-29&name=&nationality=,2026-03-22T00:53:09Z
wta,2024-01-29,326766,Julie Belgraver,Julie Belgraver,847,30,https://api.wtatennis.com/tennis/players/ranked?page=8&pageSize=100&type=rankSingles&sort=asc&metric=SINGLES&at=2024-01-29&name=&nationality=,2026-03-22T00:53:09Z
wta,2024-01-29,330727,Carla Markus,Carla Markus,848,30,https://api.wtatennis.com/tennis/players/ranked?page=8&pageSize=100&type=rankSingles&sort=asc&metric=SINGLES&at=2024-01-29&name=&nationality=,2026-03-22T00:53:09Z
wta,2024-01-29,323244,Ekaterina Kazionova,Ekaterina Kazionova,849,30,https://api.wtatennis.com/tennis/players/ranked?page=8&pageSize=100&type=rankSingles&sort=asc&metric=SINGLES&at=2024-01-29&name=&nationality=,2026-03-22T00:53:09Z
wta,2024-01-29,330743,Lourdes Ayala,Lourdes Ayala,850,30,https://api.wtatennis.com/tennis/players/ranked?page=8&pageSize=100&type=rankSingles&sort=asc&metric=SINGLES&at=2024-01-29&name=&nationality=,2026-03-22T00:53:09Z
wta,2024-01-29,332314,Weronika Ewald,Weronika Ewald,851,29,https://api.wtatennis.com/tennis/players/ranked?page=8&pageSize=100&type=rankSingles&sort=asc&metric=SINGLES&at=2024-01-29&name=&nationality=,2026-03-22T00:53:09Z
wta,2024-01-29,329676,Jessica Alsola,Jessica Alsola,852,29,https://api.wtatennis.com/tennis/players/ranked?page=8&pageSize=100&type=rankSingles&sort=asc&metric=SINGLES&at=2024-01-29&name=&nationality=,2026-03-22T00:53:09Z
wta,2024-01-29,329124,Maribella Zamarripa,Maribella Zamarripa,853,29,https://api.wtatennis.com/tennis/players/ranked?page=8&pageSize=100&type=rankSingles&sort=asc&metric=SINGLES&at=2024-01-29&name=&nationality=,2026-03-22T00:53:09Z
wta,2024-01-29,318004,Riko Sawayanagi,Riko Sawayanagi,854,29,https://api.wtatennis.com/tennis/players/ranked?page=8&pageSize=100&type=rankSingles&sort=asc&metric=SINGLES&at=2024-01-29&name=&nationality=,2026-03-22T00:53:09Z
wta,2024-01-29,314981,Martina Caregaro,Martina Caregaro,855,29,https://api.wtatennis.com/tennis/players/ranked?page=8&pageSize=100&type=rankSingles&sort=asc&metric=SINGLES&at=2024-01-29&name=&nationality=,2026-03-22T00:53:09Z
wta,2024-01-29,321172,Yukina Saigo,Yukina Saigo,856,29,https://api.wtatennis.com/tennis/players/ranked?page=8&pageSize=100&type=rankSingles&sort=asc&metric=SINGLES&at=2024-01-29&name=&nationality=,2026-03-22T00:53:09Z
wta,2024-01-29,322017,Victoria Flores,Victoria Flores,857,29,https://api.wtatennis.com/tennis/players/ranked?page=8&pageSize=100&type=rankSingles&sort=asc&metric=SINGLES&at=2024-01-29&name=&nationality=,2026-03-22T00:53:09Z
wta,2024-01-29,333018,Vaishnavi Adkar,Vaishnavi Adkar,858,29,https://api.wtatennis.com/tennis/players/ranked?page=8&pageSize=100&type=rankSingles&sort=asc&metric=SINGLES&at=2024-01-29&name=&nationality=,2026-03-22T00:53:09Z
wta,2024-01-29,332417,Amelia Waligora,Amelia Waligora,859,29,https://api.wtatennis.com/tennis/players/ranked?page=8&pageSize=100&type=rankSingles&sort=asc&metric=SINGLES&at=2024-01-29&name=&nationality=,2026-03-22T00:53:09Z
wta,2024-01-29,320986,Naima Karamoko,Naima Karamoko,860,29,https://api.wtatennis.com/tennis/players/ranked?page=8&pageSize=100&type=rankSingles&sort=asc&metric=SINGLES&at=2024-01-29&name=&nationality=,2026-03-22T00:53:09Z
wta,2024-01-29,330471,Denise Valente,Denise Valente,861,29,https://api.wtatennis.com/tennis/players/ranked?page=8&pageSize=100&type=rankSingles&sort=asc&metric=SINGLES&at=2024-01-29&name=&nationality=,2026-03-22T00:53:09Z
wta,2024-01-29,329337,Merna Refaat,Merna Refaat,862,29,https://api.wtatennis.com/tennis/players/ranked?page=8&pageSize=100&type=rankSingles&sort=asc&metric=SINGLES&at=2024-01-29&name=&nationality=,2026-03-22T00:53:09Z
wta,2024-01-29,320654,Maia Lumsden,Maia Lumsden,863,28,https://api.wtatennis.com/tennis/players/ranked?page=8&pageSize=100&type=rankSingles&sort=asc&metric=SINGLES&at=2024-01-29&name=&nationality=,2026-03-22T00:53:09Z
wta,2024-01-29,331966,Carolina  Bohrer Martins,Carolina  Bohrer Martins,864,28,https://api.wtatennis.com/tennis/players/ranked?page=8&pageSize=100&type=rankSingles&sort=asc&metric=SINGLES&at=2024-01-29&name=&nationality=,2026-03-22T00:53:09Z
wta,2024-01-29,332761,Ruth Roura Llaverias,Ruth Roura Llaverias,865,28,https://api.wtatennis.com/tennis/players/ranked?page=8&pageSize=100&type=rankSingles&sort=asc&metric=SINGLES&at=2024-01-29&name=&nationality=,2026-03-22T00:53:09Z
wta,2024-01-29,328592,Daria Lopatetska,Daria Lopatetska,866,28,https://api.wtatennis.com/tennis/players/ranked?page=8&pageSize=100&type=rankSingles&sort=asc&metric=SINGLES&at=2024-01-29&name=&nationality=,2026-03-22T00:53:09Z
wta,2024-01-29,331891,Salakthip Ounmuang,Salakthip Ounmuang,867,28,https://api.wtatennis.com/tennis/players/ranked?page=8&pageSize=100&type=rankSingles&sort=asc&metric=SINGLES&at=2024-01-29&name=&nationality=,2026-03-22T00:53:09Z
wta,2024-01-29,329969,Aysegul Mert,Aysegul Mert,868,28,https://api.wtatennis.com/tennis/players/ranked?page=8&pageSize=100&type=rankSingles&sort=asc&metric=SINGLES&at=2024-01-29&name=&nationality=,2026-03-22T00:53:09Z
wta,2024-01-29,323953,Anastasia Iamachkine,Anastasia Iamachkine,869,28,https://api.wtatennis.com/tennis/players/ranked?page=8&pageSize=100&type=rankSingles&sort=asc&metric=SINGLES&at=2024-01-29&name=&nationality=,2026-03-22T00:53:09Z
wta,2024-01-29,322004,Lauren Proctor,Lauren Proctor,870,28,https://api.wtatennis.com/tennis/players/ranked?page=8&pageSize=100&type=rankSingles&sort=asc&metric=SINGLES&at=2024-01-29&name=&nationality=,2026-03-22T00:53:09Z
wta,2024-01-29,328642,Nanari Katsumi,Nanari Katsumi,871,28,https://api.wtatennis.com/tennis/players/ranked?page=8&pageSize=100&type=rankSingles&sort=asc&metric=SINGLES&at=2024-01-29&name=&nationality=,2026-03-22T00:53:09Z
wta,2024-01-29,324198,Marcelina Podlinska,Marcelina Podlinska,872,28,https://api.wtatennis.com/tennis/players/ranked?page=8&pageSize=100&type=rankSingles&sort=asc&metric=SINGLES&at=2024-01-29&name=&nationality=,2026-03-22T00:53:09Z
wta,2024-01-29,330959,Virginia Ferrara,Virginia Ferrara,873,28,https://api.wtatennis.com/tennis/players/ranked?page=8&pageSize=100&type=rankSingles&sort=asc&metric=SINGLES&at=2024-01-29&name=&nationality=,2026-03-22T00:53:09Z
wta,2024-01-29,331582,Ana Grubor,Ana Grubor,874,28,https://api.wtatennis.com/tennis/players/ranked?page=8&pageSize=100&type=rankSingles&sort=asc&metric=SINGLES&at=2024-01-29&name=&nationality=,2026-03-22T00:53:09Z
wta,2024-01-29,311810,Sesil Karatantcheva,Sesil Karatantcheva,875,27,https://api.wtatennis.com/tennis/players/ranked?page=8&pageSize=100&type=rankSingles&sort=asc&metric=SINGLES&at=2024-01-29&name=&nationality=,2026-03-22T00:53:09Z
wta,2024-01-29,330053,Katherine Hui,Katherine Hui,876,27,https://api.wtatennis.com/tennis/players/ranked?page=8&pageSize=100&type=rankSingles&sort=asc&metric=SINGLES&at=2024-01-29&name=&nationality=,2026-03-22T00:53:09Z
wta,2024-01-29,320396,Fang Ying Xun,Fang Ying Xun,877,27,https://api.wtatennis.com/tennis/players/ranked?page=8&pageSize=100&type=rankSingles&sort=asc&metric=SINGLES&at=2024-01-29&name=&nationality=,2026-03-22T00:53:09Z
wta,2024-01-29,330421,Amelie Smejkalova,Amelie Smejkalova,878,27,https://api.wtatennis.com/tennis/players/ranked?page=8&pageSize=100&type=rankSingles&sort=asc&metric=SINGLES&at=2024-01-29&name=&nationality=,2026-03-22T00:53:09Z
wta,2024-01-29,321913,Ines Ibbou,Ines Ibbou,879,27,https://api.wtatennis.com/tennis/players/ranked?page=8&pageSize=100&type=rankSingles&sort=asc&metric=SINGLES&at=2024-01-29&name=&nationality=,2026-03-22T00:53:09Z
wta,2024-01-29,331593,Carolyn Ansari,Carolyn Ansari,880,27,https://api.wtatennis.com/tennis/players/ranked?page=8&pageSize=100&type=rankSingles&sort=asc&metric=SINGLES&at=2024-01-29&name=&nationality=,2026-03-22T00:53:09Z
wta,2024-01-29,327175,Luiza Fullana,Luiza Fullana,881,27,https://api.wtatennis.com/tennis/players/ranked?page=8&pageSize=100&type=rankSingles&sort=asc&metric=SINGLES&at=2024-01-29&name=&nationality=,2026-03-22T00:53:09Z
wta,2024-01-29,327962,Savanna Ly-Nguyen,Savanna Ly-Nguyen,882,27,https://api.wtatennis.com/tennis/players/ranked?page=8&pageSize=100&type=rankSingles&sort=asc&metric=SINGLES&at=2024-01-29&name=&nationality=,2026-03-22T00:53:09Z
wta,2024-01-29,324754,Yuka Hosoki,Yuka Hosoki,883,27,https://api.wtatennis.com/tennis/players/ranked?page=8&pageSize=100&type=rankSingles&sort=asc&metric=SINGLES&at=2024-01-29&name=&nationality=,2026-03-22T00:53:09Z
wta,2024-01-29,329166,Alisa Kummel,Alisa Kummel,884,27,https://api.wtatennis.com/tennis/players/ranked?page=8&pageSize=100&type=rankSingles&sort=asc&metric=SINGLES&at=2024-01-29&name=&nationality=,2026-03-22T00:53:09Z
wta,2024-01-29,330088,Lara Pfeifer,Lara Pfeifer,885,27,https://api.wtatennis.com/tennis/players/ranked?page=8&pageSize=100&type=rankSingles&sort=asc&metric=SINGLES&at=2024-01-29&name=&nationality=,2026-03-22T00:53:09Z
wta,2024-01-29,322971,Lisa-Marie Rioux,Lisa-Marie Rioux,886,27,https://api.wtatennis.com/tennis/players/ranked?page=8&pageSize=100&type=rankSingles&sort=asc&metric=SINGLES&at=2024-01-29&name=&nationality=,2026-03-22T00:53:09Z
wta,2024-01-29,332763,Kateryna Lazarenko,Kateryna Lazarenko,886,27,https://api.wtatennis.com/tennis/players/ranked?page=8&pageSize=100&type=rankSingles&sort=asc&metric=SINGLES&at=2024-01-29&name=&nationality=,2026-03-22T00:53:09Z
wta,2024-01-29,329464,Maria Torres Murcia,Maria Torres Murcia,888,26,https://api.wtatennis.com/tennis/players/ranked?page=8&pageSize=100&type=rankSingles&sort=asc&metric=SINGLES&at=2024-01-29&name=&nationality=,2026-03-22T00:53:09Z
wta,2024-01-29,329369,Alexis Blokhina,Alexis Blokhina,889,26,https://api.wtatennis.com/tennis/players/ranked?page=8&pageSize=100&type=rankSingles&sort=asc&metric=SINGLES&at=2024-01-29&name=&nationality=,2026-03-22T00:53:09Z
wta,2024-01-29,329159,Daria Frayman,Daria Frayman,890,26,https://api.wtatennis.com/tennis/players/ranked?page=8&pageSize=100&type=rankSingles&sort=asc&metric=SINGLES&at=2024-01-29&name=&nationality=,2026-03-22T00:53:09Z
wta,2024-01-29,330896,Alisa Baranovska,Alisa Baranovska,891,26,https://api.wtatennis.com/tennis/players/ranked?page=8&pageSize=100&type=rankSingles&sort=asc&metric=SINGLES&at=2024-01-29&name=&nationality=,2026-03-22T00:53:09Z
wta,2024-01-29,325773,Lauryn John-Baptiste,Lauryn John-Baptiste,892,26,https://api.wtatennis.com/tennis/players/ranked?page=8&pageSize=100&type=rankSingles&sort=asc&metric=SINGLES&at=2024-01-29&name=&nationality=,2026-03-22T00:53:09Z
wta,2024-01-29,314471,Sandy Marti,Sandy Marti,893,26,https://api.wtatennis.com/tennis/players/ranked?page=8&pageSize=100&type=rankSingles&sort=asc&metric=SINGLES&at=2024-01-29&name=&nationality=,2026-03-22T00:53:09Z
wta,2024-01-29,319663,Ines Murta,Ines Murta,894,26,https://api.wtatennis.com/tennis/players/ranked?page=8&pageSize=100&type=rankSingles&sort=asc&metric=SINGLES&at=2024-01-29&name=&nationality=,2026-03-22T00:53:09Z
wta,2024-01-29,327011,Marine Szostak,Marine Szostak,895,26,https://api.wtatennis.com/tennis/players/ranked?page=8&pageSize=100&type=rankSingles&sort=asc&metric=SINGLES&at=2024-01-29&name=&nationality=,2026-03-22T00:53:09Z
wta,2024-01-29,323798,Katerina Tsygourova,Katerina Tsygourova,896,26,https://api.wtatennis.com/tennis/players/ranked?page=8&pageSize=100&type=rankSingles&sort=asc&metric=SINGLES&at=2024-01-29&name=&nationality=,2026-03-22T00:53:09Z
wta,2024-01-29,311117,Dia Evtimova,Dia Evtimova,897,26,https://api.wtatennis.com/tennis/players/ranked?page=8&pageSize=100&type=rankSingles&sort=asc&metric=SINGLES&at=2024-01-29&name=&nationality=,2026-03-22T00:53:09Z
wta,2024-01-29,317938,Margarita Gasparyan,Margarita Gasparyan,898,25,https://api.wtatennis.com/tennis/players/ranked?page=8&pageSize=100&type=rankSingles&sort=asc&metric=SINGLES&at=2024-01-29&name=&nationality=,2026-03-22T00:53:09Z
wta,2024-01-29,315695,Yuliana Lizarazo,Yuliana Lizarazo,899,25,https://api.wtatennis.com/tennis/players/ranked?page=8&pageSize=100&type=rankSingles&sort=asc&metric=SINGLES&at=2024-01-29&name=&nationality=,2026-03-22T00:53:09Z
wta,2024-01-29,333123,Candela Vazquez,Candela Vazquez,900,25,https://api.wtatennis.com/tennis/players/ranked?page=8&pageSize=100&type=rankSingles&sort=asc&metric=SINGLES&at=2024-01-29&name=&nationality=,2026-03-22T00:53:09Z
wta,2024-01-29,325861,Meixu Wu,Meixu Wu,901,25,https://api.wtatennis.com/tennis/players/ranked?page=9&pageSize=100&type=rankSingles&sort=asc&metric=SINGLES&at=2024-01-29&name=&nationality=,2026-03-22T00:53:09Z
wta,2024-01-29,318387,Tiffany William,Tiffany William,902,25,https://api.wtatennis.com/tennis/players/ranked?page=9&pageSize=100&type=rankSingles&sort=asc&metric=SINGLES&at=2024-01-29&name=&nationality=,2026-03-22T00:53:09Z
wta,2024-01-29,324433,Zoe Hitt,Zoe Hitt,903,25,https://api.wtatennis.com/tennis/players/ranked?page=9&pageSize=100&type=rankSingles&sort=asc&metric=SINGLES&at=2024-01-29&name=&nationality=,2026-03-22T00:53:09Z
wta,2024-01-29,331486,Valery Gynina,Valery Gynina,904,25,https://api.wtatennis.com/tennis/players/ranked?page=9&pageSize=100&type=rankSingles&sort=asc&metric=SINGLES&at=2024-01-29&name=&nationality=,2026-03-22T00:53:09Z
wta,2024-01-29,332097,Carmen Andreea  Herea,Carmen Andreea  Herea,905,25,https://api.wtatennis.com/tennis/players/ranked?page=9&pageSize=100&type=rankSingles&sort=asc&metric=SINGLES&at=2024-01-29&name=&nationality=,2026-03-22T00:53:09Z
wta,2024-01-29,324971,Emmanuelle Girard,Emmanuelle Girard,906,25,https://api.wtatennis.com/tennis/players/ranked?page=9&pageSize=100&type=rankSingles&sort=asc&metric=SINGLES&at=2024-01-29&name=&nationality=,2026-03-22T00:53:09Z
wta,2024-01-29,317994,Giorgia Pinto,Giorgia Pinto,907,25,https://api.wtatennis.com/tennis/players/ranked?page=9&pageSize=100&type=rankSingles&sort=asc&metric=SINGLES&at=2024-01-29&name=&nationality=,2026-03-22T00:53:09Z
wta,2024-01-29,329153,Honoka Kobayashi,Honoka Kobayashi,908,25,https://api.wtatennis.com/tennis/players/ranked?page=9&pageSize=100&type=rankSingles&sort=asc&metric=SINGLES&at=2024-01-29&name=&nationality=,2026-03-22T00:53:09Z
wta,2024-01-29,319731,Anna Danilina,Anna Danilina,909,24,https://api.wtatennis.com/tennis/players/ranked?page=9&pageSize=100&type=rankSingles&sort=asc&metric=SINGLES&at=2024-01-29&name=&nationality=,2026-03-22T00:53:09Z
wta,2024-01-29,320039,Olivia Tjandramulia,Olivia Tjandramulia,910,24,https://api.wtatennis.com/tennis/players/ranked?page=9&pageSize=100&type=rankSingles&sort=asc&metric=SINGLES&at=2024-01-29&name=&nationality=,2026-03-22T00:53:09Z
wta,2024-01-29,318085,Mana Ayukawa,Mana Ayukawa,911,24,https://api.wtatennis.com/tennis/players/ranked?page=9&pageSize=100&type=rankSingles&sort=asc&metric=SINGLES&at=2024-01-29&name=&nationality=,2026-03-22T00:53:09Z
wta,2024-01-29,332918,Alexia Jacobs,Alexia Jacobs,912,24,https://api.wtatennis.com/tennis/players/ranked?page=9&pageSize=100&type=rankSingles&sort=asc&metric=SINGLES&at=2024-01-29&name=&nationality=,2026-03-22T00:53:09Z
wta,2024-01-29,322811,Erina Hayashi,Erina Hayashi,913,24,https://api.wtatennis.com/tennis/players/ranked?page=9&pageSize=100&type=rankSingles&sort=asc&metric=SINGLES&at=2024-01-29&name=&nationality=,2026-03-22T00:53:09Z
wta,2024-01-29,328145,Danielle Daley,Danielle Daley,914,24,https://api.wtatennis.com/tennis/players/ranked?page=9&pageSize=100&type=rankSingles&sort=asc&metric=SINGLES&at=2024-01-29&name=&nationality=,2026-03-22T00:53:09Z
wta,2024-01-29,329348,Ioana Zvonaru,Ioana Zvonaru,915,24,https://api.wtatennis.com/tennis/players/ranked?page=9&pageSize=100&type=rankSingles&sort=asc&metric=SINGLES&at=2024-01-29&name=&nationality=,2026-03-22T00:53:09Z
wta,2024-01-29,325489,Tenika Mcgiffin,Tenika Mcgiffin,916,24,https://api.wtatennis.com/tennis/players/ranked?page=9&pageSize=100&type=rankSingles&sort=asc&metric=SINGLES&at=2024-01-29&name=&nationality=,2026-03-22T00:53:09Z
wta,2024-01-29,330392,Celine Simunyu,Celine Simunyu,917,24,https://api.wtatennis.com/tennis/players/ranked?page=9&pageSize=100&type=rankSingles&sort=asc&metric=SINGLES&at=2024-01-29&name=&nationality=,2026-03-22T00:53:09Z
wta,2024-01-29,328003,Humera Baharmus,Humera Baharmus,918,24,https://api.wtatennis.com/tennis/players/ranked?page=9&pageSize=100&type=rankSingles&sort=asc&metric=SINGLES&at=2024-01-29&name=&nationality=,2026-03-22T00:53:09Z
wta,2024-01-29,328154,Anastasia Piangerelli,Anastasia Piangerelli,919,24,https://api.wtatennis.com/tennis/players/ranked?page=9&pageSize=100&type=rankSingles&sort=asc&metric=SINGLES&at=2024-01-29&name=&nationality=,2026-03-22T00:53:09Z
wta,2024-01-29,327975,Marie Weckerle,Marie Weckerle,920,24,https://api.wtatennis.com/tennis/players/ranked?page=9&pageSize=100&type=rankSingles&sort=asc&metric=SINGLES&at=2024-01-29&name=&nationality=,2026-03-22T00:53:09Z
wta,2024-01-29,320221,Riya Bhatia,Riya Bhatia,921,24,https://api.wtatennis.com/tennis/players/ranked?page=9&pageSize=100&type=rankSingles&sort=asc&metric=SINGLES&at=2024-01-29&name=&nationality=,2026-03-22T00:53:09Z
wta,2024-01-29,330215,Briana Szabo,Briana Szabo,922,23,https://api.wtatennis.com/tennis/players/ranked?page=9&pageSize=100&type=rankSingles&sort=asc&metric=SINGLES&at=2024-01-29&name=&nationality=,2026-03-22T00:53:09Z
wta,2024-01-29,313765,Jing-Jing Lu,Jing-Jing Lu,923,23,https://api.wtatennis.com/tennis/players/ranked?page=9&pageSize=100&type=rankSingles&sort=asc&metric=SINGLES&at=2024-01-29&name=&nationality=,2026-03-22T00:53:09Z
wta,2024-01-29,321000,Chiraz Bechri,Chiraz Bechri,924,23,https://api.wtatennis.com/tennis/players/ranked?page=9&pageSize=100&type=rankSingles&sort=asc&metric=SINGLES&at=2024-01-29&name=&nationality=,2026-03-22T00:53:09Z
wta,2024-01-29,332803,Julia Stusek,Julia Stusek,925,23,https://api.wtatennis.com/tennis/players/ranked?page=9&pageSize=100&type=rankSingles&sort=asc&metric=SINGLES&at=2024-01-29&name=&nationality=,2026-03-22T00:53:09Z
wta,2024-01-29,331228,Ashton Bowers,Ashton Bowers,926,23,https://api.wtatennis.com/tennis/players/ranked?page=9&pageSize=100&type=rankSingles&sort=asc&metric=SINGLES&at=2024-01-29&name=&nationality=,2026-03-22T00:53:09Z
wta,2024-01-29,331432,Mia Yamakita,Mia Yamakita,927,23,https://api.wtatennis.com/tennis/players/ranked?page=9&pageSize=100&type=rankSingles&sort=asc&metric=SINGLES&at=2024-01-29&name=&nationality=,2026-03-22T00:53:09Z
wta,2024-01-29,324395,Ayumi Miyamoto,Ayumi Miyamoto,928,23,https://api.wtatennis.com/tennis/players/ranked?page=9&pageSize=100&type=rankSingles&sort=asc&metric=SINGLES&at=2024-01-29&name=&nationality=,2026-03-22T00:53:09Z
wta,2024-01-29,333138,Victoria Bervid,Victoria Bervid,929,23,https://api.wtatennis.com/tennis/players/ranked?page=9&pageSize=100&type=rankSingles&sort=asc&metric=SINGLES&at=2024-01-29&name=&nationality=,2026-03-22T00:53:09Z
wta,2024-01-29,323775,Camila Romero,Camila Romero,930,23,https://api.wtatennis.com/tennis/players/ranked?page=9&pageSize=100&type=rankSingles&sort=asc&metric=SINGLES&at=2024-01-29&name=&nationality=,2026-03-22T00:53:09Z
wta,2024-01-29,328235,Flavie Brugnone,Flavie Brugnone,930,23,https://api.wtatennis.com/tennis/players/ranked?page=9&pageSize=100&type=rankSingles&sort=asc&metric=SINGLES&at=2024-01-29&name=&nationality=,2026-03-22T00:53:09Z
wta,2024-01-29,324915,Giulia Carbonaro,Giulia Carbonaro,932,23,https://api.wtatennis.com/tennis/players/ranked?page=9&pageSize=100&type=rankSingles&sort=asc&metric=SINGLES&at=2024-01-29&name=&nationality=,2026-03-22T00:53:09Z
wta,2024-01-29,314058,Tori Kinard,Tori Kinard,933,22,https://api.wtatennis.com/tennis/players/ranked?page=9&pageSize=100&type=rankSingles&sort=asc&metric=SINGLES&at=2024-01-29&name=&nationality=,2026-03-22T00:53:09Z
wta,2024-01-29,331696,Rinko Matsuda,Rinko Matsuda,934,22,https://api.wtatennis.com/tennis/players/ranked?page=9&pageSize=100&type=rankSingles&sort=asc&metric=SINGLES&at=2024-01-29&name=&nationality=,2026-03-22T00:53:09Z
wta,2024-01-29,140195,Junri Namigata,Junri Namigata,935,22,https://api.wtatennis.com/tennis/players/ranked?page=9&pageSize=100&type=rankSingles&sort=asc&metric=SINGLES&at=2024-01-29&name=&nationality=,2026-03-22T00:53:09Z
wta,2024-01-29,321713,Suzuho Oshino,Suzuho Oshino,936,22,https://api.wtatennis.com/tennis/players/ranked?page=9&pageSize=100&type=rankSingles&sort=asc&metric=SINGLES&at=2024-01-29&name=&nationality=,2026-03-22T00:53:09Z
wta,2024-01-29,328150,Mavie Osterreicher,Mavie Osterreicher,937,22,https://api.wtatennis.com/tennis/players/ranked?page=9&pageSize=100&type=rankSingles&sort=asc&metric=SINGLES&at=2024-01-29&name=&nationality=,2026-03-22T00:53:09Z
wta,2024-01-29,333587,Yingqun Sun,Yingqun Sun,938,22,https://api.wtatennis.com/tennis/players/ranked?page=9&pageSize=100&type=rankSingles&sort=asc&metric=SINGLES&at=2024-01-29&name=&nationality=,2026-03-22T00:53:09Z
wta,2024-01-29,327345,Judith Perello Saavedra,Judith Perello Saavedra,939,22,https://api.wtatennis.com/tennis/players/ranked?page=9&pageSize=100&type=rankSingles&sort=asc&metric=SINGLES&at=2024-01-29&name=&nationality=,2026-03-22T00:53:09Z
wta,2024-01-29,329463,Karolina Kozakova,Karolina Kozakova,940,22,https://api.wtatennis.com/tennis/players/ranked?page=9&pageSize=100&type=rankSingles&sort=asc&metric=SINGLES&at=2024-01-29&name=&nationality=,2026-03-22T00:53:09Z
wta,2024-01-29,331759,Anouck Vrancken Peeters,Anouck Vrancken Peeters,941,22,https://api.wtatennis.com/tennis/players/ranked?page=9&pageSize=100&type=rankSingles&sort=asc&metric=SINGLES&at=2024-01-29&name=&nationality=,2026-03-22T00:53:09Z
wta,2024-01-29,324300,Julia Konishi Camargo Silva,Julia Konishi Camargo Silva,942,22,https://api.wtatennis.com/tennis/players/ranked?page=9&pageSize=100&type=rankSingles&sort=asc&metric=SINGLES&at=2024-01-29&name=&nationality=,2026-03-22T00:53:09Z
wta,2024-01-29,330270,Jade Otway,Jade Otway,943,21,https://api.wtatennis.com/tennis/players/ranked?page=9&pageSize=100&type=rankSingles&sort=asc&metric=SINGLES&at=2024-01-29&name=&nationality=,2026-03-22T00:53:09Z
wta,2024-01-29,328910,Mell Reasco Gonzalez,Mell Reasco Gonzalez,944,21,https://api.wtatennis.com/tennis/players/ranked?page=9&pageSize=100&type=rankSingles&sort=asc&metric=SINGLES&at=2024-01-29&name=&nationality=,2026-03-22T00:53:09Z
wta,2024-01-29,329135,Camilla Zanolini,Camilla Zanolini,945,21,https://api.wtatennis.com/tennis/players/ranked?page=9&pageSize=100&type=rankSingles&sort=asc&metric=SINGLES&at=2024-01-29&name=&nationality=,2026-03-22T00:53:09Z
wta,2024-01-29,330897,Arina Arifullina,Arina Arifullina,946,21,https://api.wtatennis.com/tennis/players/ranked?page=9&pageSize=100&type=rankSingles&sort=asc&metric=SINGLES&at=2024-01-29&name=&nationality=,2026-03-22T00:53:09Z
wta,2024-01-29,331163,Anastasia Grechkina,Anastasia Grechkina,947,21,https://api.wtatennis.com/tennis/players/ranked?page=9&pageSize=100&type=rankSingles&sort=asc&metric=SINGLES&at=2024-01-29&name=&nationality=,2026-03-22T00:53:09Z
wta,2024-01-29,319575,Oana Georgeta Simion,Oana Georgeta Simion,948,21,https://api.wtatennis.com/tennis/players/ranked?page=9&pageSize=100&type=rankSingles&sort=asc&metric=SINGLES&at=2024-01-29&name=&nationality=,2026-03-22T00:53:09Z
wta,2024-01-29,323621,Johanna Silva,Johanna Silva,949,21,https://api.wtatennis.com/tennis/players/ranked?page=9&pageSize=100&type=rankSingles&sort=asc&metric=SINGLES&at=2024-01-29&name=&nationality=,2026-03-22T00:53:09Z
wta,2024-01-29,319626,Julia Terziyska,Julia Terziyska,950,21,https://api.wtatennis.com/tennis/players/ranked?page=9&pageSize=100&type=rankSingles&sort=asc&metric=SINGLES&at=2024-01-29&name=&nationality=,2026-03-22T00:53:09Z
wta,2024-01-29,316808,Basak Eraydin,Basak Eraydin,951,21,https://api.wtatennis.com/tennis/players/ranked?page=9&pageSize=100&type=rankSingles&sort=asc&metric=SINGLES&at=2024-01-29&name=&nationality=,2026-03-22T00:53:09Z
wta,2024-01-29,328852,Danielle Willson,Danielle Willson,952,21,https://api.wtatennis.com/tennis/players/ranked?page=9&pageSize=100&type=rankSingles&sort=asc&metric=SINGLES&at=2024-01-29&name=&nationality=,2026-03-22T00:53:09Z
wta,2024-01-29,329401,Meng-Yi Chen,Meng-Yi Chen,953,21,https://api.wtatennis.com/tennis/players/ranked?page=9&pageSize=100&type=rankSingles&sort=asc&metric=SINGLES&at=2024-01-29&name=&nationality=,2026-03-22T00:53:09Z
wta,2024-01-29,330994,Andrea Obradovic,Andrea Obradovic,954,21,https://api.wtatennis.com/tennis/players/ranked?page=9&pageSize=100&type=rankSingles&sort=asc&metric=SINGLES&at=2024-01-29&name=&nationality=,2026-03-22T00:53:09Z
wta,2024-01-29,319707,Bojana Marinkovic,Bojana Marinkovic,955,21,https://api.wtatennis.com/tennis/players/ranked?page=9&pageSize=100&type=rankSingles&sort=asc&metric=SINGLES&at=2024-01-29&name=&nationality=,2026-03-22T00:53:09Z
wta,2024-01-29,310775,Monica Niculescu,Monica Niculescu,956,20,https://api.wtatennis.com/tennis/players/ranked?page=9&pageSize=100&type=rankSingles&sort=asc&metric=SINGLES&at=2024-01-29&name=&nationality=,2026-03-22T00:53:09Z
wta,2024-01-29,334183,Mia Pohankova,Mia Pohankova,957,20,https://api.wtatennis.com/tennis/players/ranked?page=9&pageSize=100&type=rankSingles&sort=asc&metric=SINGLES&at=2024-01-29&name=&nationality=,2026-03-22T00:53:09Z
wta,2024-01-29,333728,Natsuki Yoshimoto,Natsuki Yoshimoto,958,20,https://api.wtatennis.com/tennis/players/ranked?page=9&pageSize=100&type=rankSingles&sort=asc&metric=SINGLES&at=2024-01-29&name=&nationality=,2026-03-22T00:53:09Z
wta,2024-01-29,329512,Reese Brantmeier,Reese Brantmeier,959,20,https://api.wtatennis.com/tennis/players/ranked?page=9&pageSize=100&type=rankSingles&sort=asc&metric=SINGLES&at=2024-01-29&name=&nationality=,2026-03-22T00:53:09Z
wta,2024-01-29,331986,Kristiana Sidorova,Kristiana Sidorova,960,20,https://api.wtatennis.com/tennis/players/ranked?page=9&pageSize=100&type=rankSingles&sort=asc&metric=SINGLES&at=2024-01-29&name=&nationality=,2026-03-22T00:53:09Z
wta,2024-01-29,329797,Elena Korokozidi,Elena Korokozidi,961,20,https://api.wtatennis.com/tennis/players/ranked?page=9&pageSize=100&type=rankSingles&sort=asc&metric=SINGLES&at=2024-01-29&name=&nationality=,2026-03-22T00:53:09Z
wta,2024-01-29,331116,Aglaya Fedorova,Aglaya Fedorova,962,20,https://api.wtatennis.com/tennis/players/ranked?page=9&pageSize=100&type=rankSingles&sort=asc&metric=SINGLES&at=2024-01-29&name=&nationality=,2026-03-22T00:53:09Z
wta,2024-01-29,333616,Charo Esquiva Banuls,Charo Esquiva Banuls,963,19,https://api.wtatennis.com/tennis/players/ranked?page=9&pageSize=100&type=rankSingles&sort=asc&metric=SINGLES&at=2024-01-29&name=&nationality=,2026-03-22T00:53:09Z
wta,2024-01-29,328716,Valentina Ivanov,Valentina Ivanov,963,19,https://api.wtatennis.com/tennis/players/ranked?page=9&pageSize=100&type=rankSingles&sort=asc&metric=SINGLES&at=2024-01-29&name=&nationality=,2026-03-22T00:53:09Z
wta,2024-01-29,331260,Xichen Zhao,Xichen Zhao,965,19,https://api.wtatennis.com/tennis/players/ranked?page=9&pageSize=100&type=rankSingles&sort=asc&metric=SINGLES&at=2024-01-29&name=&nationality=,2026-03-22T00:53:09Z
wta,2024-01-29,327697,Boyoung Jeong,Boyoung Jeong,966,19,https://api.wtatennis.com/tennis/players/ranked?page=9&pageSize=100&type=rankSingles&sort=asc&metric=SINGLES&at=2024-01-29&name=&nationality=,2026-03-22T00:53:09Z
wta,2024-01-29,330382,Annelin Bakker,Annelin Bakker,967,19,https://api.wtatennis.com/tennis/players/ranked?page=9&pageSize=100&type=rankSingles&sort=asc&metric=SINGLES&at=2024-01-29&name=&nationality=,2026-03-22T00:53:09Z
wta,2024-01-29,318466,Anna Klasen,Anna Klasen,968,19,https://api.wtatennis.com/tennis/players/ranked?page=9&pageSize=100&type=rankSingles&sort=asc&metric=SINGLES&at=2024-01-29&name=&nationality=,2026-03-22T00:53:09Z
wta,2024-01-29,318480,Victoria Bosio,Victoria Bosio,968,19,https://api.wtatennis.com/tennis/players/ranked?page=9&pageSize=100&type=rankSingles&sort=asc&metric=SINGLES&at=2024-01-29&name=&nationality=,2026-03-22T00:53:09Z
wta,2024-01-29,327049,Matilde Mariani,Matilde Mariani,970,19,https://api.wtatennis.com/tennis/players/ranked?page=9&pageSize=100&type=rankSingles&sort=asc&metric=SINGLES&at=2024-01-29&name=&nationality=,2026-03-22T00:53:09Z
wta,2024-01-29,320720,Louise Kwong,Louise Kwong,971,19,https://api.wtatennis.com/tennis/players/ranked?page=9&pageSize=100&type=rankSingles&sort=asc&metric=SINGLES&at=2024-01-29&name=&nationality=,2026-03-22T00:53:09Z
wta,2024-01-29,329077,Eva Garkusha,Eva Garkusha,972,19,https://api.wtatennis.com/tennis/players/ranked?page=9&pageSize=100&type=rankSingles&sort=asc&metric=SINGLES&at=2024-01-29&name=&nationality=,2026-03-22T00:53:09Z
wta,2024-01-29,330720,Irina Balus,Irina Balus,973,19,https://api.wtatennis.com/tennis/players/ranked?page=9&pageSize=100&type=rankSingles&sort=asc&metric=SINGLES&at=2024-01-29&name=&nationality=,2026-03-22T00:53:09Z
wta,2024-01-29,328623,Emma Wilson,Emma Wilson,974,19,https://api.wtatennis.com/tennis/players/ranked?page=9&pageSize=100&type=rankSingles&sort=asc&metric=SINGLES&at=2024-01-29&name=&nationality=,2026-03-22T00:53:09Z
wta,2024-01-29,330346,Luana Plaza Araujo,Luana Plaza Araujo,975,19,https://api.wtatennis.com/tennis/players/ranked?page=9&pageSize=100&type=rankSingles&sort=asc&metric=SINGLES&at=2024-01-29&name=&nationality=,2026-03-22T00:53:09Z
wta,2024-01-29,332353,Tanisha Kashyap,Tanisha Kashyap,976,19,https://api.wtatennis.com/tennis/players/ranked?page=9&pageSize=100&type=rankSingles&sort=asc&metric=SINGLES&at=2024-01-29&name=&nationality=,2026-03-22T00:53:09Z
wta,2024-01-29,312964,Angelina Gabueva,Angelina Gabueva,977,18,https://api.wtatennis.com/tennis/players/ranked?page=9&pageSize=100&type=rankSingles&sort=asc&metric=SINGLES&at=2024-01-29&name=&nationality=,2026-03-22T00:53:09Z
wta,2024-01-29,329671,Yiming Dang,Yiming Dang,978,18,https://api.wtatennis.com/tennis/players/ranked?page=9&pageSize=100&type=rankSingles&sort=asc&metric=SINGLES&at=2024-01-29&name=&nationality=,2026-03-22T00:53:09Z
wta,2024-01-29,325373,Maria Urrutia,Maria Urrutia,979,18,https://api.wtatennis.com/tennis/players/ranked?page=9&pageSize=100&type=rankSingles&sort=asc&metric=SINGLES&at=2024-01-29&name=&nationality=,2026-03-22T00:53:09Z
wta,2024-01-29,328628,Gina Dittmann,Gina Dittmann,980,18,https://api.wtatennis.com/tennis/players/ranked?page=9&pageSize=100&type=rankSingles&sort=asc&metric=SINGLES&at=2024-01-29&name=&nationality=,2026-03-22T00:53:09Z
wta,2024-01-29,322270,Mallaurie Noel,Mallaurie Noel,981,18,https://api.wtatennis.com/tennis/players/ranked?page=9&pageSize=100&type=rankSingles&sort=asc&metric=SINGLES&at=2024-01-29&name=&nationality=,2026-03-22T00:53:09Z
wta,2024-01-29,332730,Sol Ailin Larraya Guidi,Sol Ailin Larraya Guidi,982,18,https://api.wtatennis.com/tennis/players/ranked?page=9&pageSize=100&type=rankSingles&sort=asc&metric=SINGLES&at=2024-01-29&name=&nationality=,2026-03-22T00:53:09Z
wta,2024-01-29,331253,Tatum Evans,Tatum Evans,983,18,https://api.wtatennis.com/tennis/players/ranked?page=9&pageSize=100&type=rankSingles&sort=asc&metric=SINGLES&at=2024-01-29&name=&nationality=,2026-03-22T00:53:09Z
wta,2024-01-29,326013,Angelica Raggi,Angelica Raggi,984,18,https://api.wtatennis.com/tennis/players/ranked?page=9&pageSize=100&type=rankSingles&sort=asc&metric=SINGLES&at=2024-01-29&name=&nationality=,2026-03-22T00:53:09Z
wta,2024-01-29,330233,Marie Vogt,Marie Vogt,985,18,https://api.wtatennis.com/tennis/players/ranked?page=9&pageSize=100&type=rankSingles&sort=asc&metric=SINGLES&at=2024-01-29&name=&nationality=,2026-03-22T00:53:09Z
wta,2024-01-29,324988,Mercedes Aristegui,Mercedes Aristegui,986,18,https://api.wtatennis.com/tennis/players/ranked?page=9&pageSize=100&type=rankSingles&sort=asc&metric=SINGLES&at=2024-01-29&name=&nationality=,2026-03-22T00:53:09Z
wta,2024-01-29,318052,Rebeca Pereira,Rebeca Pereira,987,18,https://api.wtatennis.com/tennis/players/ranked?page=9&pageSize=100&type=rankSingles&sort=asc&metric=SINGLES&at=2024-01-29&name=&nationality=,2026-03-22T00:53:09Z
wta,2024-01-29,331525,Vittoria Modesti,Vittoria Modesti,988,18,https://api.wtatennis.com/tennis/players/ranked?page=9&pageSize=100&type=rankSingles&sort=asc&metric=SINGLES&at=2024-01-29&name=&nationality=,2026-03-22T00:53:09Z
wta,2024-01-29,329670,Carolina Gomez,Carolina Gomez,989,18,https://api.wtatennis.com/tennis/players/ranked?page=9&pageSize=100&type=rankSingles&sort=asc&metric=SINGLES&at=2024-01-29&name=&nationality=,2026-03-22T00:53:09Z
wta,2024-01-29,330301,Lily Fairclough,Lily Fairclough,990,18,https://api.wtatennis.com/tennis/players/ranked?page=9&pageSize=100&type=rankSingles&sort=asc&metric=SINGLES&at=2024-01-29&name=&nationality=,2026-03-22T00:53:09Z
wta,2024-01-29,330058,Defne Cirpanli,Defne Cirpanli,991,18,https://api.wtatennis.com/tennis/players/ranked?page=9&pageSize=100&type=rankSingles&sort=asc&metric=SINGLES&at=2024-01-29&name=&nationality=,2026-03-22T00:53:09Z
wta,2024-01-29,325792,Jessica Bertoldo,Jessica Bertoldo,992,17,https://api.wtatennis.com/tennis/players/ranked?page=9&pageSize=100&type=rankSingles&sort=asc&metric=SINGLES&at=2024-01-29&name=&nationality=,2026-03-22T00:53:09Z
wta,2024-01-29,331231,Lya Isabel Fernandez Olivares,Lya Isabel Fernandez Olivares,993,17,https://api.wtatennis.com/tennis/players/ranked?page=9&pageSize=100&type=rankSingles&sort=asc&metric=SINGLES&at=2024-01-29&name=&nationality=,2026-03-22T00:53:09Z
wta,2024-01-29,331426,Nellie Taraba Wallberg,Nellie Taraba Wallberg,994,17,https://api.wtatennis.com/tennis/players/ranked?page=9&pageSize=100&type=rankSingles&sort=asc&metric=SINGLES&at=2024-01-29&name=&nationality=,2026-03-22T00:53:09Z
wta,2024-01-29,311791,Aravane Rezai,Aravane Rezai,995,17,https://api.wtatennis.com/tennis/players/ranked?page=9&pageSize=100&type=rankSingles&sort=asc&metric=SINGLES&at=2024-01-29&name=&nationality=,2026-03-22T00:53:09Z
wta,2024-01-29,327569,Kolie Allen,Kolie Allen,996,17,https://api.wtatennis.com/tennis/players/ranked?page=9&pageSize=100&type=rankSingles&sort=asc&metric=SINGLES&at=2024-01-29&name=&nationality=,2026-03-22T00:53:09Z
wta,2024-01-29,328763,Le Yi Liu,Le Yi Liu,996,17,https://api.wtatennis.com/tennis/players/ranked?page=9&pageSize=100&type=rankSingles&sort=asc&metric=SINGLES&at=2024-01-29&name=&nationality=,2026-03-22T00:53:09Z
wta,2024-01-29,332562,Tessa Johanna Brockmann,Tessa Johanna Brockmann,998,17,https://api.wtatennis.com/tennis/players/ranked?page=9&pageSize=100&type=rankSingles&sort=asc&metric=SINGLES&at=2024-01-29&name=&nationality=,2026-03-22T00:53:09Z
wta,2024-01-29,328322,Hibah Shaikh,Hibah Shaikh,999,17,https://api.wtatennis.com/tennis/players/ranked?page=9&pageSize=100&type=rankSingles&sort=asc&metric=SINGLES&at=2024-01-29&name=&nationality=,2026-03-22T00:53:09Z
wta,2024-01-29,316920,Sowjanya Bavisetti,Sowjanya Bavisetti,1000,17,https://api.wtatennis.com/tennis/players/ranked?page=9&pageSize=100&type=rankSingles&sort=asc&metric=SINGLES&at=2024-01-29&name=&nationality=,2026-03-22T00:53:09Z
wta,2024-01-29,327401,Jiho Shin,Jiho Shin,1001,17,https://api.wtatennis.com/tennis/players/ranked?page=10&pageSize=100&type=rankSingles&sort=asc&metric=SINGLES&at=2024-01-29&name=&nationality=,2026-03-22T00:53:10Z
wta,2024-01-29,323920,Kennedy Shaffer,Kennedy Shaffer,1002,17,https://api.wtatennis.com/tennis/players/ranked?page=10&pageSize=100&type=rankSingles&sort=asc&metric=SINGLES&at=2024-01-29&name=&nationality=,2026-03-22T00:53:10Z
wta,2024-01-29,321150,Maria  Viviani,Maria  Viviani,1003,17,https://api.wtatennis.com/tennis/players/ranked?page=10&pageSize=100&type=rankSingles&sort=asc&metric=SINGLES&at=2024-01-29&name=&nationality=,2026-03-22T00:53:10Z
wta,2024-01-29,331358,Fang An Lin,Fang An Lin,1004,17,https://api.wtatennis.com/tennis/players/ranked?page=10&pageSize=100&type=rankSingles&sort=asc&metric=SINGLES&at=2024-01-29&name=&nationality=,2026-03-22T00:53:10Z
wta,2024-01-29,330990,Rinon Okuwaki,Rinon Okuwaki,1004,17,https://api.wtatennis.com/tennis/players/ranked?page=10&pageSize=100&type=rankSingles&sort=asc&metric=SINGLES&at=2024-01-29&name=&nationality=,2026-03-22T00:53:10Z
wta,2024-01-29,329646,Darja Suvirdjonkova,Darja Suvirdjonkova,1006,17,https://api.wtatennis.com/tennis/players/ranked?page=10&pageSize=100&type=rankSingles&sort=asc&metric=SINGLES&at=2024-01-29&name=&nationality=,2026-03-22T00:53:10Z
wta,2024-01-29,319796,Maria Paulina Perez Garcia,Maria Paulina Perez Garcia,1007,16,https://api.wtatennis.com/tennis/players/ranked?page=10&pageSize=100&type=rankSingles&sort=asc&metric=SINGLES&at=2024-01-29&name=&nationality=,2026-03-22T00:53:10Z
wta,2024-01-29,330274,Elyse Tse,Elyse Tse,1008,16,https://api.wtatennis.com/tennis/players/ranked?page=10&pageSize=100&type=rankSingles&sort=asc&metric=SINGLES&at=2024-01-29&name=&nationality=,2026-03-22T00:53:10Z
wta,2024-01-29,331248,Panna Bartha,Panna Bartha,1009,16,https://api.wtatennis.com/tennis/players/ranked?page=10&pageSize=100&type=rankSingles&sort=asc&metric=SINGLES&at=2024-01-29&name=&nationality=,2026-03-22T00:53:10Z
wta,2024-01-29,331299,Scarlett Nicholson,Scarlett Nicholson,1010,16,https://api.wtatennis.com/tennis/players/ranked?page=10&pageSize=100&type=rankSingles&sort=asc&metric=SINGLES&at=2024-01-29&name=&nationality=,2026-03-22T00:53:10Z
wta,2024-01-29,330163,Martyna Ostrzygalo,Martyna Ostrzygalo,1011,16,https://api.wtatennis.com/tennis/players/ranked?page=10&pageSize=100&type=rankSingles&sort=asc&metric=SINGLES&at=2024-01-29&name=&nationality=,2026-03-22T00:53:10Z
wta,2024-01-29,330512,Maria Garcia Cid,Maria Garcia Cid,1011,16,https://api.wtatennis.com/tennis/players/ranked?page=10&pageSize=100&type=rankSingles&sort=asc&metric=SINGLES&at=2024-01-29&name=&nationality=,2026-03-22T00:53:10Z
wta,2024-01-29,328811,Sophia Biolay,Sophia Biolay,1013,16,https://api.wtatennis.com/tennis/players/ranked?page=10&pageSize=100&type=rankSingles&sort=asc&metric=SINGLES&at=2024-01-29&name=&nationality=,2026-03-22T00:53:10Z
wta,2024-01-29,324559,Yanni Liu,Yanni Liu,1014,16,https://api.wtatennis.com/tennis/players/ranked?page=10&pageSize=100&type=rankSingles&sort=asc&metric=SINGLES&at=2024-01-29&name=&nationality=,2026-03-22T00:53:10Z
wta,2024-01-29,332239,Alexia Iulia Marginean,Alexia Iulia Marginean,1014,16,https://api.wtatennis.com/tennis/players/ranked?page=10&pageSize=100&type=rankSingles&sort=asc&metric=SINGLES&at=2024-01-29&name=&nationality=,2026-03-22T00:53:10Z
wta,2024-01-29,327762,Luciana Blatter,Luciana Blatter,1016,16,https://api.wtatennis.com/tennis/players/ranked?page=10&pageSize=100&type=rankSingles&sort=asc&metric=SINGLES&at=2024-01-29&name=&nationality=,2026-03-22T00:53:10Z
wta,2024-01-29,331549,Maria Carolina Ferreira Turchetto,Maria Carolina Ferreira Turchetto,1017,16,https://api.wtatennis.com/tennis/players/ranked?page=10&pageSize=100&type=rankSingles&sort=asc&metric=SINGLES&at=2024-01-29&name=&nationality=,2026-03-22T00:53:10Z
wta,2024-01-29,331617,Andjela Lazarevic,Andjela Lazarevic,1018,16,https://api.wtatennis.com/tennis/players/ranked?page=10&pageSize=100&type=rankSingles&sort=asc&metric=SINGLES&at=2024-01-29&name=&nationality=,2026-03-22T00:53:10Z
wta,2024-01-29,330383,Marente Sijbesma,Marente Sijbesma,1019,16,https://api.wtatennis.com/tennis/players/ranked?page=10&pageSize=100&type=rankSingles&sort=asc&metric=SINGLES&at=2024-01-29&name=&nationality=,2026-03-22T00:53:10Z
wta,2024-01-29,322608,Gaia Squarcialupi,Gaia Squarcialupi,1020,16,https://api.wtatennis.com/tennis/players/ranked?page=10&pageSize=100&type=rankSingles&sort=asc&metric=SINGLES&at=2024-01-29&name=&nationality=,2026-03-22T00:53:10Z
wta,2024-01-29,325817,Georgia Gulin,Georgia Gulin,1021,16,https://api.wtatennis.com/tennis/players/ranked?page=10&pageSize=100&type=rankSingles&sort=asc&metric=SINGLES&at=2024-01-29&name=&nationality=,2026-03-22T00:53:10Z
wta,2024-01-29,330539,Hanna Bougouffa,Hanna Bougouffa,1022,16,https://api.wtatennis.com/tennis/players/ranked?page=10&pageSize=100&type=rankSingles&sort=asc&metric=SINGLES&at=2024-01-29&name=&nationality=,2026-03-22T00:53:10Z
wta,2024-01-29,326212,Arabella Koller,Arabella Koller,1023,16,https://api.wtatennis.com/tennis/players/ranked?page=10&pageSize=100&type=rankSingles&sort=asc&metric=SINGLES&at=2024-01-29&name=&nationality=,2026-03-22T00:53:10Z
wta,2024-01-29,330420,Federica Urgesi,Federica Urgesi,1024,15,https://api.wtatennis.com/tennis/players/ranked?page=10&pageSize=100&type=rankSingles&sort=asc&metric=SINGLES&at=2024-01-29&name=&nationality=,2026-03-22T00:53:10Z
wta,2024-01-29,317612,Miyu Kato,Miyu Kato,1025,15,https://api.wtatennis.com/tennis/players/ranked?page=10&pageSize=100&type=rankSingles&sort=asc&metric=SINGLES&at=2024-01-29&name=&nationality=,2026-03-22T00:53:10Z
wta,2024-01-29,326053,Stefania Rogozinska Dzik,Stefania Rogozinska Dzik,1026,15,https://api.wtatennis.com/tennis/players/ranked?page=10&pageSize=100&type=rankSingles&sort=asc&metric=SINGLES&at=2024-01-29&name=&nationality=,2026-03-22T00:53:10Z
wta,2024-01-29,330305,Zijun Jiang,Zijun Jiang,1027,15,https://api.wtatennis.com/tennis/players/ranked?page=10&pageSize=100&type=rankSingles&sort=asc&metric=SINGLES&at=2024-01-29&name=&nationality=,2026-03-22T00:53:10Z
wta,2024-01-29,329701,Annabelle Xu,Annabelle Xu,1028,15,https://api.wtatennis.com/tennis/players/ranked?page=10&pageSize=100&type=rankSingles&sort=asc&metric=SINGLES&at=2024-01-29&name=&nationality=,2026-03-22T00:53:10Z
wta,2024-01-29,311893,Gaelle Desperrier,Gaelle Desperrier,1028,15,https://api.wtatennis.com/tennis/players/ranked?page=10&pageSize=100&type=rankSingles&sort=asc&metric=SINGLES&at=2024-01-29&name=&nationality=,2026-03-22T00:53:10Z
wta,2024-01-29,328318,Abigail Rencheli,Abigail Rencheli,1030,15,https://api.wtatennis.com/tennis/players/ranked?page=10&pageSize=100&type=rankSingles&sort=asc&metric=SINGLES&at=2024-01-29&name=&nationality=,2026-03-22T00:53:10Z
wta,2024-01-29,329509,Rachel Gailis,Rachel Gailis,1030,15,https://api.wtatennis.com/tennis/players/ranked?page=10&pageSize=100&type=rankSingles&sort=asc&metric=SINGLES&at=2024-01-29&name=&nationality=,2026-03-22T00:53:10Z
wta,2024-01-29,333132,Mika Stojsavljevic,Mika Stojsavljevic,1032,15,https://api.wtatennis.com/tennis/players/ranked?page=10&pageSize=100&type=rankSingles&sort=asc&metric=SINGLES&at=2024-01-29&name=&nationality=,2026-03-22T00:53:10Z
wta,2024-01-29,322266,Celia Cervino Ruiz,Celia Cervino Ruiz,1033,15,https://api.wtatennis.com/tennis/players/ranked?page=10&pageSize=100&type=rankSingles&sort=asc&metric=SINGLES&at=2024-01-29&name=&nationality=,2026-03-22T00:53:10Z
wta,2024-01-29,317107,Haine Ogata,Haine Ogata,1034,15,https://api.wtatennis.com/tennis/players/ranked?page=10&pageSize=100&type=rankSingles&sort=asc&metric=SINGLES&at=2024-01-29&name=&nationality=,2026-03-22T00:53:10Z
wta,2024-01-29,330637,Nikola Daubnerova,Nikola Daubnerova,1035,15,https://api.wtatennis.com/tennis/players/ranked?page=10&pageSize=100&type=rankSingles&sort=asc&metric=SINGLES&at=2024-01-29&name=&nationality=,2026-03-22T00:53:10Z
wta,2024-01-29,332016,Dunja Maric,Dunja Maric,1036,15,https://api.wtatennis.com/tennis/players/ranked?page=10&pageSize=100&type=rankSingles&sort=asc&metric=SINGLES&at=2024-01-29&name=&nationality=,2026-03-22T00:53:10Z
wta,2024-01-29,319352,Giulia Crescenzi,Giulia Crescenzi,1037,15,https://api.wtatennis.com/tennis/players/ranked?page=10&pageSize=100&type=rankSingles&sort=asc&metric=SINGLES&at=2024-01-29&name=&nationality=,2026-03-22T00:53:10Z
wta,2024-01-29,330508,Carmen Lopez Martinez,Carmen Lopez Martinez,1038,15,https://api.wtatennis.com/tennis/players/ranked?page=10&pageSize=100&type=rankSingles&sort=asc&metric=SINGLES&at=2024-01-29&name=&nationality=,2026-03-22T00:53:10Z
wta,2024-01-29,327747,Beatrice Stagno,Beatrice Stagno,1038,15,https://api.wtatennis.com/tennis/players/ranked?page=10&pageSize=100&type=rankSingles&sort=asc&metric=SINGLES&at=2024-01-29&name=&nationality=,2026-03-22T00:53:10Z
wta,2024-01-29,332599,Sarah Van Emst,Sarah Van Emst,1038,15,https://api.wtatennis.com/tennis/players/ranked?page=10&pageSize=100&type=rankSingles&sort=asc&metric=SINGLES&at=2024-01-29&name=&nationality=,2026-03-22T00:53:10Z
wta,2024-01-29,321903,Alicia Smith,Alicia Smith,1041,15,https://api.wtatennis.com/tennis/players/ranked?page=10&pageSize=100&type=rankSingles&sort=asc&metric=SINGLES&at=2024-01-29&name=&nationality=,2026-03-22T00:53:10Z
wta,2024-01-29,328175,Milan Krish,Milan Krish,1042,15,https://api.wtatennis.com/tennis/players/ranked?page=10&pageSize=100&type=rankSingles&sort=asc&metric=SINGLES&at=2024-01-29&name=&nationality=,2026-03-22T00:53:10Z
wta,2024-01-29,325860,Helena Stevic,Helena Stevic,1043,15,https://api.wtatennis.com/tennis/players/ranked?page=10&pageSize=100&type=rankSingles&sort=asc&metric=SINGLES&at=2024-01-29&name=&nationality=,2026-03-22T00:53:10Z
wta,2024-01-29,331255,Brandy Walker,Brandy Walker,1044,15,https://api.wtatennis.com/tennis/players/ranked?page=10&pageSize=100&type=rankSingles&sort=asc&metric=SINGLES&at=2024-01-29&name=&nationality=,2026-03-22T00:53:10Z
wta,2024-01-29,328122,Sara Nayar,Sara Nayar,1045,15,https://api.wtatennis.com/tennis/players/ranked?page=10&pageSize=100&type=rankSingles&sort=asc&metric=SINGLES&at=2024-01-29&name=&nationality=,2026-03-22T00:53:10Z
wta,2024-01-29,318461,Laura Svatikova,Laura Svatikova,1046,15,https://api.wtatennis.com/tennis/players/ranked?page=10&pageSize=100&type=rankSingles&sort=asc&metric=SINGLES&at=2024-01-29&name=&nationality=,2026-03-22T00:53:10Z
wta,2024-01-29,328722,Alexandra Iordache,Alexandra Iordache,1047,15,https://api.wtatennis.com/tennis/players/ranked?page=10&pageSize=100&type=rankSingles&sort=asc&metric=SINGLES&at=2024-01-29&name=&nationality=,2026-03-22T00:53:10Z
wta,2024-01-29,329346,Jade Bornay,Jade Bornay,1048,15,https://api.wtatennis.com/tennis/players/ranked?page=10&pageSize=100&type=rankSingles&sort=asc&metric=SINGLES&at=2024-01-29&name=&nationality=,2026-03-22T00:53:10Z
wta,2024-01-29,324753,Anri Nagata,Anri Nagata,1049,15,https://api.wtatennis.com/tennis/players/ranked?page=10&pageSize=100&type=rankSingles&sort=asc&metric=SINGLES&at=2024-01-29&name=&nationality=,2026-03-22T00:53:10Z
wta,2024-01-29,328725,Simona Ogescu,Simona Ogescu,1050,15,https://api.wtatennis.com/tennis/players/ranked?page=10&pageSize=100&type=rankSingles&sort=asc&metric=SINGLES&at=2024-01-29&name=&nationality=,2026-03-22T00:53:10Z
wta,2024-01-29,328782,Zixuan Zeng,Zixuan Zeng,1051,15,https://api.wtatennis.com/tennis/players/ranked?page=10&pageSize=100&type=rankSingles&sort=asc&metric=SINGLES&at=2024-01-29&name=&nationality=,2026-03-22T00:53:10Z
wta,2024-01-29,330949,Patricija Paukstyte,Patricija Paukstyte,1051,15,https://api.wtatennis.com/tennis/players/ranked?page=10&pageSize=100&type=rankSingles&sort=asc&metric=SINGLES&at=2024-01-29&name=&nationality=,2026-03-22T00:53:10Z
wta,2024-01-29,326665,Linda Sevcikova,Linda Sevcikova,1053,15,https://api.wtatennis.com/tennis/players/ranked?page=10&pageSize=100&type=rankSingles&sort=asc&metric=SINGLES&at=2024-01-29&name=&nationality=,2026-03-22T00:53:10Z
wta,2024-01-29,312621,Oksana Kalashnikova,Oksana Kalashnikova,1054,14,https://api.wtatennis.com/tennis/players/ranked?page=10&pageSize=100&type=rankSingles&sort=asc&metric=SINGLES&at=2024-01-29&name=&nationality=,2026-03-22T00:53:10Z
wta,2024-01-29,331268,Lucciana Perez Alarcon,Lucciana Perez Alarcon,1055,14,https://api.wtatennis.com/tennis/players/ranked?page=10&pageSize=100&type=rankSingles&sort=asc&metric=SINGLES&at=2024-01-29&name=&nationality=,2026-03-22T00:53:10Z
wta,2024-01-29,332107,Alyssa Ahn,Alyssa Ahn,1056,14,https://api.wtatennis.com/tennis/players/ranked?page=10&pageSize=100&type=rankSingles&sort=asc&metric=SINGLES&at=2024-01-29&name=&nationality=,2026-03-22T00:53:10Z
wta,2024-01-29,316250,Lara Michel,Lara Michel,1057,14,https://api.wtatennis.com/tennis/players/ranked?page=10&pageSize=100&type=rankSingles&sort=asc&metric=SINGLES&at=2024-01-29&name=&nationality=,2026-03-22T00:53:10Z
wta,2024-01-29,327764,Carmen Corley,Carmen Corley,1058,14,https://api.wtatennis.com/tennis/players/ranked?page=10&pageSize=100&type=rankSingles&sort=asc&metric=SINGLES&at=2024-01-29&name=&nationality=,2026-03-22T00:53:10Z
wta,2024-01-29,331107,Paula Rumpf,Paula Rumpf,1058,14,https://api.wtatennis.com/tennis/players/ranked?page=10&pageSize=100&type=rankSingles&sort=asc&metric=SINGLES&at=2024-01-29&name=&nationality=,2026-03-22T00:53:10Z
wta,2024-01-29,331783,Sandeepti Singh Rao,Sandeepti Singh Rao,1060,14,https://api.wtatennis.com/tennis/players/ranked?page=10&pageSize=100&type=rankSingles&sort=asc&metric=SINGLES&at=2024-01-29&name=&nationality=,2026-03-22T00:53:10Z
wta,2024-01-29,332739,Aspen Schuman,Aspen Schuman,1061,14,https://api.wtatennis.com/tennis/players/ranked?page=10&pageSize=100&type=rankSingles&sort=asc&metric=SINGLES&at=2024-01-29&name=&nationality=,2026-03-22T00:53:10Z
wta,2024-01-29,316143,Silvia Njiric,Silvia Njiric,1062,14,https://api.wtatennis.com/tennis/players/ranked?page=10&pageSize=100&type=rankSingles&sort=asc&metric=SINGLES&at=2024-01-29&name=&nationality=,2026-03-22T00:53:10Z
wta,2024-01-29,319452,Ioana Loredana Rosca,Ioana Loredana Rosca,1063,14,https://api.wtatennis.com/tennis/players/ranked?page=10&pageSize=100&type=rankSingles&sort=asc&metric=SINGLES&at=2024-01-29&name=&nationality=,2026-03-22T00:53:10Z
wta,2024-01-29,331078,Sarafina Hansen,Sarafina Hansen,1064,14,https://api.wtatennis.com/tennis/players/ranked?page=10&pageSize=100&type=rankSingles&sort=asc&metric=SINGLES&at=2024-01-29&name=&nationality=,2026-03-22T00:53:10Z
wta,2024-01-29,331984,Wozuko Mdlulwa,Wozuko Mdlulwa,1065,14,https://api.wtatennis.com/tennis/players/ranked?page=10&pageSize=100&type=rankSingles&sort=asc&metric=SINGLES&at=2024-01-29&name=&nationality=,2026-03-22T00:53:10Z
wta,2024-01-29,333003,Alexia Harmon,Alexia Harmon,1065,14,https://api.wtatennis.com/tennis/players/ranked?page=10&pageSize=100&type=rankSingles&sort=asc&metric=SINGLES&at=2024-01-29&name=&nationality=,2026-03-22T00:53:10Z
wta,2024-01-29,324752,Yui Chikaraishi,Yui Chikaraishi,1065,14,https://api.wtatennis.com/tennis/players/ranked?page=10&pageSize=100&type=rankSingles&sort=asc&metric=SINGLES&at=2024-01-29&name=&nationality=,2026-03-22T00:53:10Z
wta,2024-01-29,326113,Mina Hodzic,Mina Hodzic,1068,14,https://api.wtatennis.com/tennis/players/ranked?page=10&pageSize=100&type=rankSingles&sort=asc&metric=SINGLES&at=2024-01-29&name=&nationality=,2026-03-22T00:53:10Z
wta,2024-01-29,326405,Ella Haavisto,Ella Haavisto,1068,14,https://api.wtatennis.com/tennis/players/ranked?page=10&pageSize=100&type=rankSingles&sort=asc&metric=SINGLES&at=2024-01-29&name=&nationality=,2026-03-22T00:53:10Z
wta,2024-01-29,331261,Xin Tong  Wang,Xin Tong  Wang,1068,14,https://api.wtatennis.com/tennis/players/ranked?page=10&pageSize=100&type=rankSingles&sort=asc&metric=SINGLES&at=2024-01-29&name=&nationality=,2026-03-22T00:53:10Z
wta,2024-01-29,325430,Belle Thompson,Belle Thompson,1071,14,https://api.wtatennis.com/tennis/players/ranked?page=10&pageSize=100&type=rankSingles&sort=asc&metric=SINGLES&at=2024-01-29&name=&nationality=,2026-03-22T00:53:10Z
wta,2024-01-29,325908,Sevil Yuldasheva,Sevil Yuldasheva,1072,14,https://api.wtatennis.com/tennis/players/ranked?page=10&pageSize=100&type=rankSingles&sort=asc&metric=SINGLES&at=2024-01-29&name=&nationality=,2026-03-22T00:53:10Z
wta,2024-01-29,331229,Esther Vyrlan,Esther Vyrlan,1073,14,https://api.wtatennis.com/tennis/players/ranked?page=10&pageSize=100&type=rankSingles&sort=asc&metric=SINGLES&at=2024-01-29&name=&nationality=,2026-03-22T00:53:10Z
wta,2024-01-29,323889,Irene Lavino,Irene Lavino,1074,14,https://api.wtatennis.com/tennis/players/ranked?page=10&pageSize=100&type=rankSingles&sort=asc&metric=SINGLES&at=2024-01-29&name=&nationality=,2026-03-22T00:53:10Z
wta,2024-01-29,331251,Teja Tirunelveli,Teja Tirunelveli,1075,14,https://api.wtatennis.com/tennis/players/ranked?page=10&pageSize=100&type=rankSingles&sort=asc&metric=SINGLES&at=2024-01-29&name=&nationality=,2026-03-22T00:53:10Z
wta,2024-01-29,333637,Olivia Bergler,Olivia Bergler,1075,14,https://api.wtatennis.com/tennis/players/ranked?page=10&pageSize=100&type=rankSingles&sort=asc&metric=SINGLES&at=2024-01-29&name=&nationality=,2026-03-22T00:53:10Z
wta,2024-01-29,330705,Alyssa Reguer,Alyssa Reguer,1077,14,https://api.wtatennis.com/tennis/players/ranked?page=10&pageSize=100&type=rankSingles&sort=asc&metric=SINGLES&at=2024-01-29&name=&nationality=,2026-03-22T00:53:10Z
wta,2024-01-29,322708,Tereza Mihalikova,Tereza Mihalikova,1078,13,https://api.wtatennis.com/tennis/players/ranked?page=10&pageSize=100&type=rankSingles&sort=asc&metric=SINGLES&at=2024-01-29&name=&nationality=,2026-03-22T00:53:10Z
wta,2024-01-29,315741,Hao-Ching Chan,Hao-Ching Chan,1078,13,https://api.wtatennis.com/tennis/players/ranked?page=10&pageSize=100&type=rankSingles&sort=asc&metric=SINGLES&at=2024-01-29&name=&nationality=,2026-03-22T00:53:10Z
wta,2024-01-29,332605,Mara Gae,Mara Gae,1080,13,https://api.wtatennis.com/tennis/players/ranked?page=10&pageSize=100&type=rankSingles&sort=asc&metric=SINGLES&at=2024-01-29&name=&nationality=,2026-03-22T00:53:10Z
wta,2024-01-29,310915,Giulia Gatto-Monticone,Giulia Gatto-Monticone,1081,13,https://api.wtatennis.com/tennis/players/ranked?page=10&pageSize=100&type=rankSingles&sort=asc&metric=SINGLES&at=2024-01-29&name=&nationality=,2026-03-22T00:53:10Z
wta,2024-01-29,326386,Sabina Dadaciu,Sabina Dadaciu,1082,13,https://api.wtatennis.com/tennis/players/ranked?page=10&pageSize=100&type=rankSingles&sort=asc&metric=SINGLES&at=2024-01-29&name=&nationality=,2026-03-22T00:53:10Z
wta,2024-01-29,325679,Rhea Verma,Rhea Verma,1082,13,https://api.wtatennis.com/tennis/players/ranked?page=10&pageSize=100&type=rankSingles&sort=asc&metric=SINGLES&at=2024-01-29&name=&nationality=,2026-03-22T00:53:10Z
wta,2024-01-29,331857,Wakana Sonobe,Wakana Sonobe,1082,13,https://api.wtatennis.com/tennis/players/ranked?page=10&pageSize=100&type=rankSingles&sort=asc&metric=SINGLES&at=2024-01-29&name=&nationality=,2026-03-22T00:53:10Z
wta,2024-01-29,323481,Joanna Zawadzka,Joanna Zawadzka,1085,13,https://api.wtatennis.com/tennis/players/ranked?page=10&pageSize=100&type=rankSingles&sort=asc&metric=SINGLES&at=2024-01-29&name=&nationality=,2026-03-22T00:53:10Z
wta,2024-01-29,333297,Ashlee Narker,Ashlee Narker,1086,13,https://api.wtatennis.com/tennis/players/ranked?page=10&pageSize=100&type=rankSingles&sort=asc&metric=SINGLES&at=2024-01-29&name=&nationality=,2026-03-22T00:53:10Z
wta,2024-01-29,316191,Min Liu,Min Liu,1087,13,https://api.wtatennis.com/tennis/players/ranked?page=10&pageSize=100&type=rankSingles&sort=asc&metric=SINGLES&at=2024-01-29&name=&nationality=,2026-03-22T00:53:10Z
wta,2024-01-29,332365,Lara Walker,Lara Walker,1088,13,https://api.wtatennis.com/tennis/players/ranked?page=10&pageSize=100&type=rankSingles&sort=asc&metric=SINGLES&at=2024-01-29&name=&nationality=,2026-03-22T00:53:10Z
wta,2024-01-29,330494,Smriti Bhasin,Smriti Bhasin,1089,13,https://api.wtatennis.com/tennis/players/ranked?page=10&pageSize=100&type=rankSingles&sort=asc&metric=SINGLES&at=2024-01-29&name=&nationality=,2026-03-22T00:53:10Z
wta,2024-01-29,321407,Mary Lewis,Mary Lewis,1090,13,https://api.wtatennis.com/tennis/players/ranked?page=10&pageSize=100&type=rankSingles&sort=asc&metric=SINGLES&at=2024-01-29&name=&nationality=,2026-03-22T00:53:10Z
wta,2024-01-29,331720,Talia Neilson Gatenby,Talia Neilson Gatenby,1091,13,https://api.wtatennis.com/tennis/players/ranked?page=10&pageSize=100&type=rankSingles&sort=asc&metric=SINGLES&at=2024-01-29&name=&nationality=,2026-03-22T00:53:10Z
wta,2024-01-29,332725,Josefina Estevez,Josefina Estevez,1092,13,https://api.wtatennis.com/tennis/players/ranked?page=10&pageSize=100&type=rankSingles&sort=asc&metric=SINGLES&at=2024-01-29&name=&nationality=,2026-03-22T00:53:10Z
wta,2024-01-29,332726,Justina Gonzalez Daniele,Justina Gonzalez Daniele,1093,13,https://api.wtatennis.com/tennis/players/ranked?page=10&pageSize=100&type=rankSingles&sort=asc&metric=SINGLES&at=2024-01-29&name=&nationality=,2026-03-22T00:53:10Z
wta,2024-01-29,325612,Sara Lanca,Sara Lanca,1094,13,https://api.wtatennis.com/tennis/players/ranked?page=10&pageSize=100&type=rankSingles&sort=asc&metric=SINGLES&at=2024-01-29&name=&nationality=,2026-03-22T00:53:10Z
wta,2024-01-29,332961,Laura Cilekova,Laura Cilekova,1095,13,https://api.wtatennis.com/tennis/players/ranked?page=10&pageSize=100&type=rankSingles&sort=asc&metric=SINGLES&at=2024-01-29&name=&nationality=,2026-03-22T00:53:10Z
wta,2024-01-29,312690,Jessy Rompies,Jessy Rompies,1096,12,https://api.wtatennis.com/tennis/players/ranked?page=10&pageSize=100&type=rankSingles&sort=asc&metric=SINGLES&at=2024-01-29&name=&nationality=,2026-03-22T00:53:10Z
wta,2024-01-29,318410,Vivian Heisen,Vivian Heisen,1096,12,https://api.wtatennis.com/tennis/players/ranked?page=10&pageSize=100&type=rankSingles&sort=asc&metric=SINGLES&at=2024-01-29&name=&nationality=,2026-03-22T00:53:10Z
wta,2024-01-29,331422,Bella Bergkvist Larsson,Bella Bergkvist Larsson,1098,12,https://api.wtatennis.com/tennis/players/ranked?page=10&pageSize=100&type=rankSingles&sort=asc&metric=SINGLES&at=2024-01-29&name=&nationality=,2026-03-22T00:53:10Z
wta,2024-01-29,331660,Ella Mcdonald,Ella Mcdonald,1099,12,https://api.wtatennis.com/tennis/players/ranked?page=10&pageSize=100&type=rankSingles&sort=asc&metric=SINGLES&at=2024-01-29&name=&nationality=,2026-03-22T00:53:10Z
wta,2024-01-29,334255,Ksenia Efremova,Ksenia Efremova,1100,12,https://api.wtatennis.com/tennis/players/ranked?page=10&pageSize=100&type=rankSingles&sort=asc&metric=SINGLES&at=2024-01-29&name=&nationality=,2026-03-22T00:53:10Z
wta,2024-01-29,328934,Alina Shcherbinina,Alina Shcherbinina,1101,12,https://api.wtatennis.com/tennis/players/ranked?page=11&pageSize=100&type=rankSingles&sort=asc&metric=SINGLES&at=2024-01-29&name=&nationality=,2026-03-22T00:53:10Z
wta,2024-01-29,320966,Risa Ushijima,Risa Ushijima,1102,12,https://api.wtatennis.com/tennis/players/ranked?page=11&pageSize=100&type=rankSingles&sort=asc&metric=SINGLES&at=2024-01-29&name=&nationality=,2026-03-22T00:53:10Z
wta,2024-01-29,333676,Shiyu Ye,Shiyu Ye,1102,12,https://api.wtatennis.com/tennis/players/ranked?page=11&pageSize=100&type=rankSingles&sort=asc&metric=SINGLES&at=2024-01-29&name=&nationality=,2026-03-22T00:53:10Z
wta,2024-01-29,330324,Samantha Imbo Nloga,Samantha Imbo Nloga,1104,12,https://api.wtatennis.com/tennis/players/ranked?page=11&pageSize=100&type=rankSingles&sort=asc&metric=SINGLES&at=2024-01-29&name=&nationality=,2026-03-22T00:53:10Z
wta,2024-01-29,329807,Stefanie Auer,Stefanie Auer,1104,12,https://api.wtatennis.com/tennis/players/ranked?page=11&pageSize=100&type=rankSingles&sort=asc&metric=SINGLES&at=2024-01-29&name=&nationality=,2026-03-22T00:53:10Z
wta,2024-01-29,325334,Viktoriia Dema,Viktoriia Dema,1104,12,https://api.wtatennis.com/tennis/players/ranked?page=11&pageSize=100&type=rankSingles&sort=asc&metric=SINGLES&at=2024-01-29&name=&nationality=,2026-03-22T00:53:10Z
wta,2024-01-29,332125,Yu-Yun Li,Yu-Yun Li,1107,12,https://api.wtatennis.com/tennis/players/ranked?page=11&pageSize=100&type=rankSingles&sort=asc&metric=SINGLES&at=2024-01-29&name=&nationality=,2026-03-22T00:53:10Z
wta,2024-01-29,331560,Catarina Mellei Ibiaraba Melleiro,Catarina Mellei Ibiaraba Melleiro,1108,12,https://api.wtatennis.com/tennis/players/ranked?page=11&pageSize=100&type=rankSingles&sort=asc&metric=SINGLES&at=2024-01-29&name=&nationality=,2026-03-22T00:53:10Z
wta,2024-01-29,331581,Kristina Paskauskas,Kristina Paskauskas,1109,12,https://api.wtatennis.com/tennis/players/ranked?page=11&pageSize=100&type=rankSingles&sort=asc&metric=SINGLES&at=2024-01-29&name=&nationality=,2026-03-22T00:53:10Z
wta,2024-01-29,330874,Daria Zelinskaya,Daria Zelinskaya,1109,12,https://api.wtatennis.com/tennis/players/ranked?page=11&pageSize=100&type=rankSingles&sort=asc&metric=SINGLES&at=2024-01-29&name=&nationality=,2026-03-22T00:53:10Z
wta,2024-01-29,330259,Isabella Barrera Aguirre,Isabella Barrera Aguirre,1109,12,https://api.wtatennis.com/tennis/players/ranked?page=11&pageSize=100&type=rankSingles&sort=asc&metric=SINGLES&at=2024-01-29&name=&nationality=,2026-03-22T00:53:10Z
wta,2024-01-29,322566,Watsachol Sawasdee,Watsachol Sawasdee,1109,12,https://api.wtatennis.com/tennis/players/ranked?page=11&pageSize=100&type=rankSingles&sort=asc&metric=SINGLES&at=2024-01-29&name=&nationality=,2026-03-22T00:53:10Z
wta,2024-01-29,330972,Camilla Gennaro,Camilla Gennaro,1113,12,https://api.wtatennis.com/tennis/players/ranked?page=11&pageSize=100&type=rankSingles&sort=asc&metric=SINGLES&at=2024-01-29&name=&nationality=,2026-03-22T00:53:10Z
wta,2024-01-29,332748,Rositsa Dencheva,Rositsa Dencheva,1114,12,https://api.wtatennis.com/tennis/players/ranked?page=11&pageSize=100&type=rankSingles&sort=asc&metric=SINGLES&at=2024-01-29&name=&nationality=,2026-03-22T00:53:10Z
wta,2024-01-29,326488,Himari Sato,Himari Sato,1115,12,https://api.wtatennis.com/tennis/players/ranked?page=11&pageSize=100&type=rankSingles&sort=asc&metric=SINGLES&at=2024-01-29&name=&nationality=,2026-03-22T00:53:10Z
wta,2024-01-29,326014,Barbara Dessolis,Barbara Dessolis,1116,12,https://api.wtatennis.com/tennis/players/ranked?page=11&pageSize=100&type=rankSingles&sort=asc&metric=SINGLES&at=2024-01-29&name=&nationality=,2026-03-22T00:53:10Z
wta,2024-01-29,329944,Emma Van Poppel,Emma Van Poppel,1117,12,https://api.wtatennis.com/tennis/players/ranked?page=11&pageSize=100&type=rankSingles&sort=asc&metric=SINGLES&at=2024-01-29&name=&nationality=,2026-03-22T00:53:10Z
wta,2024-01-29,330700,Sarah Tatu,Sarah Tatu,1118,12,https://api.wtatennis.com/tennis/players/ranked?page=11&pageSize=100&type=rankSingles&sort=asc&metric=SINGLES&at=2024-01-29&name=&nationality=,2026-03-22T00:53:10Z
wta,2024-01-29,328718,Madelief Hageman,Madelief Hageman,1118,12,https://api.wtatennis.com/tennis/players/ranked?page=11&pageSize=100&type=rankSingles&sort=asc&metric=SINGLES&at=2024-01-29&name=&nationality=,2026-03-22T00:53:10Z
wta,2024-01-29,323791,Aleksandra Pospelova,Aleksandra Pospelova,1120,12,https://api.wtatennis.com/tennis/players/ranked?page=11&pageSize=100&type=rankSingles&sort=asc&metric=SINGLES&at=2024-01-29&name=&nationality=,2026-03-22T00:53:10Z
wta,2024-01-29,323010,Julita Saner,Julita Saner,1121,12,https://api.wtatennis.com/tennis/players/ranked?page=11&pageSize=100&type=rankSingles&sort=asc&metric=SINGLES&at=2024-01-29&name=&nationality=,2026-03-22T00:53:10Z
wta,2024-01-29,324751,Nagomi Higashitani,Nagomi Higashitani,1122,12,https://api.wtatennis.com/tennis/players/ranked?page=11&pageSize=100&type=rankSingles&sort=asc&metric=SINGLES&at=2024-01-29&name=&nationality=,2026-03-22T00:53:10Z
wta,2024-01-29,329700,Mia Kupres,Mia Kupres,1123,11,https://api.wtatennis.com/tennis/players/ranked?page=11&pageSize=100&type=rankSingles&sort=asc&metric=SINGLES&at=2024-01-29&name=&nationality=,2026-03-22T00:53:10Z
wta,2024-01-29,328316,Camilla Bossi,Camilla Bossi,1124,11,https://api.wtatennis.com/tennis/players/ranked?page=11&pageSize=100&type=rankSingles&sort=asc&metric=SINGLES&at=2024-01-29&name=&nationality=,2026-03-22T00:53:10Z
wta,2024-01-29,332481,Eva Maria Ionescu,Eva Maria Ionescu,1125,11,https://api.wtatennis.com/tennis/players/ranked?page=11&pageSize=100&type=rankSingles&sort=asc&metric=SINGLES&at=2024-01-29&name=&nationality=,2026-03-22T00:53:10Z
wta,2024-01-29,331737,Malak El Allami,Malak El Allami,1126,11,https://api.wtatennis.com/tennis/players/ranked?page=11&pageSize=100&type=rankSingles&sort=asc&metric=SINGLES&at=2024-01-29&name=&nationality=,2026-03-22T00:53:10Z
wta,2024-01-29,330706,Carolin Raschdorf,Carolin Raschdorf,1127,11,https://api.wtatennis.com/tennis/players/ranked?page=11&pageSize=100&type=rankSingles&sort=asc&metric=SINGLES&at=2024-01-29&name=&nationality=,2026-03-22T00:53:10Z
wta,2024-01-29,319157,Cristiana Ferrando,Cristiana Ferrando,1128,11,https://api.wtatennis.com/tennis/players/ranked?page=11&pageSize=100&type=rankSingles&sort=asc&metric=SINGLES&at=2024-01-29&name=&nationality=,2026-03-22T00:53:10Z
wta,2024-01-29,332867,Iulia Bucea,Iulia Bucea,1128,11,https://api.wtatennis.com/tennis/players/ranked?page=11&pageSize=100&type=rankSingles&sort=asc&metric=SINGLES&at=2024-01-29&name=&nationality=,2026-03-22T00:53:10Z
wta,2024-01-29,332208,Paula Cembranos,Paula Cembranos,1130,11,https://api.wtatennis.com/tennis/players/ranked?page=11&pageSize=100&type=rankSingles&sort=asc&metric=SINGLES&at=2024-01-29&name=&nationality=,2026-03-22T00:53:10Z
wta,2024-01-29,331847,Vendula Valdmannova,Vendula Valdmannova,1131,11,https://api.wtatennis.com/tennis/players/ranked?page=11&pageSize=100&type=rankSingles&sort=asc&metric=SINGLES&at=2024-01-29&name=&nationality=,2026-03-22T00:53:10Z
wta,2024-01-29,333117,Kate Fakih,Kate Fakih,1132,11,https://api.wtatennis.com/tennis/players/ranked?page=11&pageSize=100&type=rankSingles&sort=asc&metric=SINGLES&at=2024-01-29&name=&nationality=,2026-03-22T00:53:10Z
wta,2024-01-29,324468,Magdalini Adaloglou,Magdalini Adaloglou,1133,11,https://api.wtatennis.com/tennis/players/ranked?page=11&pageSize=100&type=rankSingles&sort=asc&metric=SINGLES&at=2024-01-29&name=&nationality=,2026-03-22T00:53:10Z
wta,2024-01-29,328283,Anna Campana,Anna Campana,1133,11,https://api.wtatennis.com/tennis/players/ranked?page=11&pageSize=100&type=rankSingles&sort=asc&metric=SINGLES&at=2024-01-29&name=&nationality=,2026-03-22T00:53:10Z
wta,2024-01-29,328205,Shatoo Mohamad,Shatoo Mohamad,1135,11,https://api.wtatennis.com/tennis/players/ranked?page=11&pageSize=100&type=rankSingles&sort=asc&metric=SINGLES&at=2024-01-29&name=&nationality=,2026-03-22T00:53:10Z
wta,2024-01-29,322008,Jada Robinson,Jada Robinson,1135,11,https://api.wtatennis.com/tennis/players/ranked?page=11&pageSize=100&type=rankSingles&sort=asc&metric=SINGLES&at=2024-01-29&name=&nationality=,2026-03-22T00:53:10Z
wta,2024-01-29,332736,Laquisa Khan,Laquisa Khan,1135,11,https://api.wtatennis.com/tennis/players/ranked?page=11&pageSize=100&type=rankSingles&sort=asc&metric=SINGLES&at=2024-01-29&name=&nationality=,2026-03-22T00:53:10Z
wta,2024-01-29,328762,Bianca Behulova,Bianca Behulova,1138,11,https://api.wtatennis.com/tennis/players/ranked?page=11&pageSize=100&type=rankSingles&sort=asc&metric=SINGLES&at=2024-01-29&name=&nationality=,2026-03-22T00:53:10Z
wta,2024-01-29,330374,Petja Drame,Petja Drame,1139,11,https://api.wtatennis.com/tennis/players/ranked?page=11&pageSize=100&type=rankSingles&sort=asc&metric=SINGLES&at=2024-01-29&name=&nationality=,2026-03-22T00:53:10Z
wta,2024-01-29,326944,Shavit Kimchi,Shavit Kimchi,1139,11,https://api.wtatennis.com/tennis/players/ranked?page=11&pageSize=100&type=rankSingles&sort=asc&metric=SINGLES&at=2024-01-29&name=&nationality=,2026-03-22T00:53:10Z
wta,2024-01-29,323038,Daria Kuczer,Daria Kuczer,1139,11,https://api.wtatennis.com/tennis/players/ranked?page=11&pageSize=100&type=rankSingles&sort=asc&metric=SINGLES&at=2024-01-29&name=&nationality=,2026-03-22T00:53:10Z
wta,2024-01-29,325163,Cherry Kim,Cherry Kim,1142,11,https://api.wtatennis.com/tennis/players/ranked?page=11&pageSize=100&type=rankSingles&sort=asc&metric=SINGLES&at=2024-01-29&name=&nationality=,2026-03-22T00:53:10Z
wta,2024-01-29,333753,Zuzanna Pawlikowska,Zuzanna Pawlikowska,1142,11,https://api.wtatennis.com/tennis/players/ranked?page=11&pageSize=100&type=rankSingles&sort=asc&metric=SINGLES&at=2024-01-29&name=&nationality=,2026-03-22T00:53:10Z
wta,2024-01-29,332888,Rada Zolotareva,Rada Zolotareva,1144,11,https://api.wtatennis.com/tennis/players/ranked?page=11&pageSize=100&type=rankSingles&sort=asc&metric=SINGLES&at=2024-01-29&name=&nationality=,2026-03-22T00:53:10Z
wta,2024-01-29,321615,Nina Alibalic,Nina Alibalic,1144,11,https://api.wtatennis.com/tennis/players/ranked?page=11&pageSize=100&type=rankSingles&sort=asc&metric=SINGLES&at=2024-01-29&name=&nationality=,2026-03-22T00:53:10Z
wta,2024-01-29,324622,Polina Bakhmutkina,Polina Bakhmutkina,1146,11,https://api.wtatennis.com/tennis/players/ranked?page=11&pageSize=100&type=rankSingles&sort=asc&metric=SINGLES&at=2024-01-29&name=&nationality=,2026-03-22T00:53:10Z
wta,2024-01-29,330283,Jasmine Conway,Jasmine Conway,1147,11,https://api.wtatennis.com/tennis/players/ranked?page=11&pageSize=100&type=rankSingles&sort=asc&metric=SINGLES&at=2024-01-29&name=&nationality=,2026-03-22T00:53:10Z
wta,2024-01-29,331093,Zuzanna  Kolonus,Zuzanna  Kolonus,1148,11,https://api.wtatennis.com/tennis/players/ranked?page=11&pageSize=100&type=rankSingles&sort=asc&metric=SINGLES&at=2024-01-29&name=&nationality=,2026-03-22T00:53:10Z
wta,2024-01-29,332316,Maya Drozd,Maya Drozd,1149,11,https://api.wtatennis.com/tennis/players/ranked?page=11&pageSize=100&type=rankSingles&sort=asc&metric=SINGLES&at=2024-01-29&name=&nationality=,2026-03-22T00:53:10Z
wta,2024-01-29,328826,Margarita Ignatjeva,Margarita Ignatjeva,1149,11,https://api.wtatennis.com/tennis/players/ranked?page=11&pageSize=100&type=rankSingles&sort=asc&metric=SINGLES&at=2024-01-29&name=&nationality=,2026-03-22T00:53:10Z
wta,2024-01-29,327058,Jantje Tilbuerger,Jantje Tilbuerger,1149,11,https://api.wtatennis.com/tennis/players/ranked?page=11&pageSize=100&type=rankSingles&sort=asc&metric=SINGLES&at=2024-01-29&name=&nationality=,2026-03-22T00:53:10Z
wta,2024-01-29,326774,Anastasiia Poplavska,Anastasiia Poplavska,1152,11,https://api.wtatennis.com/tennis/players/ranked?page=11&pageSize=100&type=rankSingles&sort=asc&metric=SINGLES&at=2024-01-29&name=&nationality=,2026-03-22T00:53:10Z
wta,2024-01-29,323643,Gloria Ceschi,Gloria Ceschi,1153,11,https://api.wtatennis.com/tennis/players/ranked?page=11&pageSize=100&type=rankSingles&sort=asc&metric=SINGLES&at=2024-01-29&name=&nationality=,2026-03-22T00:53:10Z
wta,2024-01-29,330974,Sara Milanese,Sara Milanese,1153,11,https://api.wtatennis.com/tennis/players/ranked?page=11&pageSize=100&type=rankSingles&sort=asc&metric=SINGLES&at=2024-01-29&name=&nationality=,2026-03-22T00:53:10Z
wta,2024-01-29,328455,María Marchesini,María Marchesini,1155,11,https://api.wtatennis.com/tennis/players/ranked?page=11&pageSize=100&type=rankSingles&sort=asc&metric=SINGLES&at=2024-01-29&name=&nationality=,2026-03-22T00:53:10Z
wta,2024-01-29,326995,Doga Turkmen,Doga Turkmen,1156,11,https://api.wtatennis.com/tennis/players/ranked?page=11&pageSize=100&type=rankSingles&sort=asc&metric=SINGLES&at=2024-01-29&name=&nationality=,2026-03-22T00:53:10Z
wta,2024-01-29,320585,Alexandra Osborne,Alexandra Osborne,1157,10,https://api.wtatennis.com/tennis/players/ranked?page=11&pageSize=100&type=rankSingles&sort=asc&metric=SINGLES&at=2024-01-29&name=&nationality=,2026-03-22T00:53:10Z
wta,2024-01-29,331407,Juliana Rodriguez,Juliana Rodriguez,1158,10,https://api.wtatennis.com/tennis/players/ranked?page=11&pageSize=100&type=rankSingles&sort=asc&metric=SINGLES&at=2024-01-29&name=&nationality=,2026-03-22T00:53:10Z
wta,2024-01-29,332147,Heerae  Im,Heerae  Im,1159,10,https://api.wtatennis.com/tennis/players/ranked?page=11&pageSize=100&type=rankSingles&sort=asc&metric=SINGLES&at=2024-01-29&name=&nationality=,2026-03-22T00:53:10Z
wta,2024-01-29,320971,Schena Benamar,Schena Benamar,1160,10,https://api.wtatennis.com/tennis/players/ranked?page=11&pageSize=100&type=rankSingles&sort=asc&metric=SINGLES&at=2024-01-29&name=&nationality=,2026-03-22T00:53:10Z
wta,2024-01-29,330118,Anna Chekanskaya,Anna Chekanskaya,1160,10,https://api.wtatennis.com/tennis/players/ranked?page=11&pageSize=100&type=rankSingles&sort=asc&metric=SINGLES&at=2024-01-29&name=&nationality=,2026-03-22T00:53:10Z
wta,2024-01-29,326710,Roopa Bains,Roopa Bains,1162,10,https://api.wtatennis.com/tennis/players/ranked?page=11&pageSize=100&type=rankSingles&sort=asc&metric=SINGLES&at=2024-01-29&name=&nationality=,2026-03-22T00:53:10Z
wta,2024-01-29,332782,Shannon Lam,Shannon Lam,1162,10,https://api.wtatennis.com/tennis/players/ranked?page=11&pageSize=100&type=rankSingles&sort=asc&metric=SINGLES&at=2024-01-29&name=&nationality=,2026-03-22T00:53:10Z
wta,2024-01-29,323651,Margarita Skryabina,Margarita Skryabina,1164,10,https://api.wtatennis.com/tennis/players/ranked?page=11&pageSize=100&type=rankSingles&sort=asc&metric=SINGLES&at=2024-01-29&name=&nationality=,2026-03-22T00:53:10Z
wta,2024-01-29,323403,Sunam Jeong,Sunam Jeong,1164,10,https://api.wtatennis.com/tennis/players/ranked?page=11&pageSize=100&type=rankSingles&sort=asc&metric=SINGLES&at=2024-01-29&name=&nationality=,2026-03-22T00:53:10Z
wta,2024-01-29,326285,Maja Radenkovic,Maja Radenkovic,1166,10,https://api.wtatennis.com/tennis/players/ranked?page=11&pageSize=100&type=rankSingles&sort=asc&metric=SINGLES&at=2024-01-29&name=&nationality=,2026-03-22T00:53:10Z
wta,2024-01-29,330882,Emilija Tverijonaite,Emilija Tverijonaite,1166,10,https://api.wtatennis.com/tennis/players/ranked?page=11&pageSize=100&type=rankSingles&sort=asc&metric=SINGLES&at=2024-01-29&name=&nationality=,2026-03-22T00:53:10Z
wta,2024-01-29,325578,Lilly Håseth,Lilly Håseth,1168,10,https://api.wtatennis.com/tennis/players/ranked?page=11&pageSize=100&type=rankSingles&sort=asc&metric=SINGLES&at=2024-01-29&name=&nationality=,2026-03-22T00:53:10Z
wta,2024-01-29,322729,Kariann Pierre-Louis,Kariann Pierre-Louis,1168,10,https://api.wtatennis.com/tennis/players/ranked?page=11&pageSize=100&type=rankSingles&sort=asc&metric=SINGLES&at=2024-01-29&name=&nationality=,2026-03-22T00:53:10Z
wta,2024-01-29,326214,Bojana Klincov,Bojana Klincov,1170,10,https://api.wtatennis.com/tennis/players/ranked?page=11&pageSize=100&type=rankSingles&sort=asc&metric=SINGLES&at=2024-01-29&name=&nationality=,2026-03-22T00:53:10Z
wta,2024-01-29,331997,Daria Yesypchuk,Daria Yesypchuk,1170,10,https://api.wtatennis.com/tennis/players/ranked?page=11&pageSize=100&type=rankSingles&sort=asc&metric=SINGLES&at=2024-01-29&name=&nationality=,2026-03-22T00:53:10Z
wta,2024-01-29,325238,Ramu Ueda,Ramu Ueda,1172,10,https://api.wtatennis.com/tennis/players/ranked?page=11&pageSize=100&type=rankSingles&sort=asc&metric=SINGLES&at=2024-01-29&name=&nationality=,2026-03-22T00:53:10Z
wta,2024-01-29,333210,Daria Shadchneva,Daria Shadchneva,1173,10,https://api.wtatennis.com/tennis/players/ranked?page=11&pageSize=100&type=rankSingles&sort=asc&metric=SINGLES&at=2024-01-29&name=&nationality=,2026-03-22T00:53:10Z
wta,2024-01-29,330931,Gio Jang,Gio Jang,1174,10,https://api.wtatennis.com/tennis/players/ranked?page=11&pageSize=100&type=rankSingles&sort=asc&metric=SINGLES&at=2024-01-29&name=&nationality=,2026-03-22T00:53:10Z
wta,2024-01-29,331647,Jelena Cvijanovic,Jelena Cvijanovic,1174,10,https://api.wtatennis.com/tennis/players/ranked?page=11&pageSize=100&type=rankSingles&sort=asc&metric=SINGLES&at=2024-01-29&name=&nationality=,2026-03-22T00:53:10Z
wta,2024-01-29,330275,Vivian Yang,Vivian Yang,1176,10,https://api.wtatennis.com/tennis/players/ranked?page=11&pageSize=100&type=rankSingles&sort=asc&metric=SINGLES&at=2024-01-29&name=&nationality=,2026-03-22T00:53:10Z
wta,2024-01-29,320144,Leticia Garcia Vidal,Leticia Garcia Vidal,1176,10,https://api.wtatennis.com/tennis/players/ranked?page=11&pageSize=100&type=rankSingles&sort=asc&metric=SINGLES&at=2024-01-29&name=&nationality=,2026-03-22T00:53:10Z
wta,2024-01-29,331122,Maelle Leclercq,Maelle Leclercq,1178,10,https://api.wtatennis.com/tennis/players/ranked?page=11&pageSize=100&type=rankSingles&sort=asc&metric=SINGLES&at=2024-01-29&name=&nationality=,2026-03-22T00:53:10Z
wta,2024-01-29,328990,Sravya Chilakalapudi,Sravya Chilakalapudi,1179,10,https://api.wtatennis.com/tennis/players/ranked?page=11&pageSize=100&type=rankSingles&sort=asc&metric=SINGLES&at=2024-01-29&name=&nationality=,2026-03-22T00:53:10Z
wta,2024-01-29,327711,Jimar Gerald Gonzalez,Jimar Gerald Gonzalez,1180,10,https://api.wtatennis.com/tennis/players/ranked?page=11&pageSize=100&type=rankSingles&sort=asc&metric=SINGLES&at=2024-01-29&name=&nationality=,2026-03-22T00:53:10Z
wta,2024-01-29,332906,Valerija Kargina,Valerija Kargina,1180,10,https://api.wtatennis.com/tennis/players/ranked?page=11&pageSize=100&type=rankSingles&sort=asc&metric=SINGLES&at=2024-01-29&name=&nationality=,2026-03-22T00:53:10Z
wta,2024-01-29,328109,Melania Delai,Melania Delai,1182,10,https://api.wtatennis.com/tennis/players/ranked?page=11&pageSize=100&type=rankSingles&sort=asc&metric=SINGLES&at=2024-01-29&name=&nationality=,2026-03-22T00:53:10Z
wta,2024-01-29,319530,Katharina Hering,Katharina Hering,1183,10,https://api.wtatennis.com/tennis/players/ranked?page=11&pageSize=100&type=rankSingles&sort=asc&metric=SINGLES&at=2024-01-29&name=&nationality=,2026-03-22T00:53:10Z
wta,2024-01-29,328452,Noka Juric,Noka Juric,1184,10,https://api.wtatennis.com/tennis/players/ranked?page=11&pageSize=100&type=rankSingles&sort=asc&metric=SINGLES&at=2024-01-29&name=&nationality=,2026-03-22T00:53:10Z
wta,2024-01-29,326880,Elena Jamshidi,Elena Jamshidi,1185,10,https://api.wtatennis.com/tennis/players/ranked?page=11&pageSize=100&type=rankSingles&sort=asc&metric=SINGLES&at=2024-01-29&name=&nationality=,2026-03-22T00:53:10Z
wta,2024-01-29,327206,Amanda Nava Elkin,Amanda Nava Elkin,1185,10,https://api.wtatennis.com/tennis/players/ranked?page=11&pageSize=100&type=rankSingles&sort=asc&metric=SINGLES&at=2024-01-29&name=&nationality=,2026-03-22T00:53:10Z
wta,2024-01-29,324292,Costanza Traversi,Costanza Traversi,1185,10,https://api.wtatennis.com/tennis/players/ranked?page=11&pageSize=100&type=rankSingles&sort=asc&metric=SINGLES&at=2024-01-29&name=&nationality=,2026-03-22T00:53:10Z
wta,2024-01-29,318790,Ana Filipa Santos,Ana Filipa Santos,1188,9,https://api.wtatennis.com/tennis/players/ranked?page=11&pageSize=100&type=rankSingles&sort=asc&metric=SINGLES&at=2024-01-29&name=&nationality=,2026-03-22T00:53:10Z
wta,2024-01-29,323750,Selma Cadar,Selma Cadar,1189,9,https://api.wtatennis.com/tennis/players/ranked?page=11&pageSize=100&type=rankSingles&sort=asc&metric=SINGLES&at=2024-01-29&name=&nationality=,2026-03-22T00:53:10Z
wta,2024-01-29,321880,Alicia Herrero Linana,Alicia Herrero Linana,1189,9,https://api.wtatennis.com/tennis/players/ranked?page=11&pageSize=100&type=rankSingles&sort=asc&metric=SINGLES&at=2024-01-29&name=&nationality=,2026-03-22T00:53:10Z
wta,2024-01-29,327009,Maneva Rakotomalala,Maneva Rakotomalala,1189,9,https://api.wtatennis.com/tennis/players/ranked?page=11&pageSize=100&type=rankSingles&sort=asc&metric=SINGLES&at=2024-01-29&name=&nationality=,2026-03-22T00:53:10Z
wta,2024-01-29,326400,Eva Voracek,Eva Voracek,1189,9,https://api.wtatennis.com/tennis/players/ranked?page=11&pageSize=100&type=rankSingles&sort=asc&metric=SINGLES&at=2024-01-29&name=&nationality=,2026-03-22T00:53:10Z
wta,2024-01-29,330603,Cristina Diaz Adrover,Cristina Diaz Adrover,1189,9,https://api.wtatennis.com/tennis/players/ranked?page=11&pageSize=100&type=rankSingles&sort=asc&metric=SINGLES&at=2024-01-29&name=&nationality=,2026-03-22T00:53:10Z
wta,2024-01-29,331329,Maria Kalyakina,Maria Kalyakina,1189,9,https://api.wtatennis.com/tennis/players/ranked?page=11&pageSize=100&type=rankSingles&sort=asc&metric=SINGLES&at=2024-01-29&name=&nationality=,2026-03-22T00:53:10Z
wta,2024-01-29,330197,Qavia Lopez,Qavia Lopez,1195,9,https://api.wtatennis.com/tennis/players/ranked?page=11&pageSize=100&type=rankSingles&sort=asc&metric=SINGLES&at=2024-01-29&name=&nationality=,2026-03-22T00:53:10Z
wta,2024-01-29,325600,Ya Hsin Lee,Ya Hsin Lee,1195,9,https://api.wtatennis.com/tennis/players/ranked?page=11&pageSize=100&type=rankSingles&sort=asc&metric=SINGLES&at=2024-01-29&name=&nationality=,2026-03-22T00:53:10Z
wta,2024-01-29,319587,Kanako Morisaki,Kanako Morisaki,1197,9,https://api.wtatennis.com/tennis/players/ranked?page=11&pageSize=100&type=rankSingles&sort=asc&metric=SINGLES&at=2024-01-29&name=&nationality=,2026-03-22T00:53:10Z
wta,2024-01-29,313983,Ashmitha Easwaramurthi,Ashmitha Easwaramurthi,1198,9,https://api.wtatennis.com/tennis/players/ranked?page=11&pageSize=100&type=rankSingles&sort=asc&metric=SINGLES&at=2024-01-29&name=&nationality=,2026-03-22T00:53:10Z
wta,2024-01-29,327927,Mei Hasegawa,Mei Hasegawa,1198,9,https://api.wtatennis.com/tennis/players/ranked?page=11&pageSize=100&type=rankSingles&sort=asc&metric=SINGLES&at=2024-01-29&name=&nationality=,2026-03-22T00:53:10Z
wta,2024-01-29,332759,Malwina Rowinska,Malwina Rowinska,1198,9,https://api.wtatennis.com/tennis/players/ranked?page=11&pageSize=100&type=rankSingles&sort=asc&metric=SINGLES&at=2024-01-29&name=&nationality=,2026-03-22T00:53:10Z
wta,2024-01-29,331608,Meisha Kendall-Woseley,Meisha Kendall-Woseley,1201,9,https://api.wtatennis.com/tennis/players/ranked?page=12&pageSize=100&type=rankSingles&sort=asc&metric=SINGLES&at=2024-01-29&name=&nationality=,2026-03-22T00:53:11Z
wta,2024-01-29,319002,Tess Sugnaux,Tess Sugnaux,1202,9,https://api.wtatennis.com/tennis/players/ranked?page=12&pageSize=100&type=rankSingles&sort=asc&metric=SINGLES&at=2024-01-29&name=&nationality=,2026-03-22T00:53:11Z
wta,2024-01-29,329227,Marian Gomez Pezuela Cano,Marian Gomez Pezuela Cano,1203,9,https://api.wtatennis.com/tennis/players/ranked?page=12&pageSize=100&type=rankSingles&sort=asc&metric=SINGLES&at=2024-01-29&name=&nationality=,2026-03-22T00:53:11Z
wta,2024-01-29,330895,Sandugash Kenzhibayeva,Sandugash Kenzhibayeva,1203,9,https://api.wtatennis.com/tennis/players/ranked?page=12&pageSize=100&type=rankSingles&sort=asc&metric=SINGLES&at=2024-01-29&name=&nationality=,2026-03-22T00:53:11Z
wta,2024-01-29,333692,Anna Sedysheva,Anna Sedysheva,1203,9,https://api.wtatennis.com/tennis/players/ranked?page=12&pageSize=100&type=rankSingles&sort=asc&metric=SINGLES&at=2024-01-29&name=&nationality=,2026-03-22T00:53:11Z
wta,2024-01-29,330906,Edda Mamedova,Edda Mamedova,1206,9,https://api.wtatennis.com/tennis/players/ranked?page=12&pageSize=100&type=rankSingles&sort=asc&metric=SINGLES&at=2024-01-29&name=&nationality=,2026-03-22T00:53:11Z
wta,2024-01-29,322601,Agustina Chlpac,Agustina Chlpac,1206,9,https://api.wtatennis.com/tennis/players/ranked?page=12&pageSize=100&type=rankSingles&sort=asc&metric=SINGLES&at=2024-01-29&name=&nationality=,2026-03-22T00:53:11Z
wta,2024-01-29,319322,Oleksandra Korashvili,Oleksandra Korashvili,1208,9,https://api.wtatennis.com/tennis/players/ranked?page=12&pageSize=100&type=rankSingles&sort=asc&metric=SINGLES&at=2024-01-29&name=&nationality=,2026-03-22T00:53:11Z
wta,2024-01-29,319838,Timea Jaruskova,Timea Jaruskova,1209,9,https://api.wtatennis.com/tennis/players/ranked?page=12&pageSize=100&type=rankSingles&sort=asc&metric=SINGLES&at=2024-01-29&name=&nationality=,2026-03-22T00:53:11Z
wta,2024-01-29,330429,Xenia Bandurowska,Xenia Bandurowska,1209,9,https://api.wtatennis.com/tennis/players/ranked?page=12&pageSize=100&type=rankSingles&sort=asc&metric=SINGLES&at=2024-01-29&name=&nationality=,2026-03-22T00:53:11Z
wta,2024-01-29,325231,Franziska Sziedat,Franziska Sziedat,1209,9,https://api.wtatennis.com/tennis/players/ranked?page=12&pageSize=100&type=rankSingles&sort=asc&metric=SINGLES&at=2024-01-29&name=&nationality=,2026-03-22T00:53:11Z
wta,2024-01-29,330407,Astrid Cirotte,Astrid Cirotte,1212,9,https://api.wtatennis.com/tennis/players/ranked?page=12&pageSize=100&type=rankSingles&sort=asc&metric=SINGLES&at=2024-01-29&name=&nationality=,2026-03-22T00:53:11Z
wta,2024-01-29,330376,Margherita Marcon,Margherita Marcon,1213,9,https://api.wtatennis.com/tennis/players/ranked?page=12&pageSize=100&type=rankSingles&sort=asc&metric=SINGLES&at=2024-01-29&name=&nationality=,2026-03-22T00:53:11Z
wta,2024-01-29,326634,Lola Marandel,Lola Marandel,1214,9,https://api.wtatennis.com/tennis/players/ranked?page=12&pageSize=100&type=rankSingles&sort=asc&metric=SINGLES&at=2024-01-29&name=&nationality=,2026-03-22T00:53:11Z
wta,2024-01-29,322258,Abigail Amos,Abigail Amos,1214,9,https://api.wtatennis.com/tennis/players/ranked?page=12&pageSize=100&type=rankSingles&sort=asc&metric=SINGLES&at=2024-01-29&name=&nationality=,2026-03-22T00:53:11Z
wta,2024-01-29,321337,Magdalena Stoilkovska,Magdalena Stoilkovska,1216,9,https://api.wtatennis.com/tennis/players/ranked?page=12&pageSize=100&type=rankSingles&sort=asc&metric=SINGLES&at=2024-01-29&name=&nationality=,2026-03-22T00:53:11Z
wta,2024-01-29,320958,Lidia Moreno Arias,Lidia Moreno Arias,1217,8,https://api.wtatennis.com/tennis/players/ranked?page=12&pageSize=100&type=rankSingles&sort=asc&metric=SINGLES&at=2024-01-29&name=&nationality=,2026-03-22T00:53:11Z
wta,2024-01-29,330303,Katie Codd,Katie Codd,1217,8,https://api.wtatennis.com/tennis/players/ranked?page=12&pageSize=100&type=rankSingles&sort=asc&metric=SINGLES&at=2024-01-29&name=&nationality=,2026-03-22T00:53:11Z
wta,2024-01-29,328470,Mika Dagan Fruchtman,Mika Dagan Fruchtman,1217,8,https://api.wtatennis.com/tennis/players/ranked?page=12&pageSize=100&type=rankSingles&sort=asc&metric=SINGLES&at=2024-01-29&name=&nationality=,2026-03-22T00:53:11Z
wta,2024-01-29,328864,Katja Wiersholm,Katja Wiersholm,1217,8,https://api.wtatennis.com/tennis/players/ranked?page=12&pageSize=100&type=rankSingles&sort=asc&metric=SINGLES&at=2024-01-29&name=&nationality=,2026-03-22T00:53:11Z
wta,2024-01-29,331123,Carolann Delaunay,Carolann Delaunay,1217,8,https://api.wtatennis.com/tennis/players/ranked?page=12&pageSize=100&type=rankSingles&sort=asc&metric=SINGLES&at=2024-01-29&name=&nationality=,2026-03-22T00:53:11Z
wta,2024-01-29,331414,Greta Greco Lucchina,Greta Greco Lucchina,1217,8,https://api.wtatennis.com/tennis/players/ranked?page=12&pageSize=100&type=rankSingles&sort=asc&metric=SINGLES&at=2024-01-29&name=&nationality=,2026-03-22T00:53:11Z
wta,2024-01-29,332543,Yuyun Chen,Yuyun Chen,1217,8,https://api.wtatennis.com/tennis/players/ranked?page=12&pageSize=100&type=rankSingles&sort=asc&metric=SINGLES&at=2024-01-29&name=&nationality=,2026-03-22T00:53:11Z
wta,2024-01-29,333108,Madhurima Sawant,Madhurima Sawant,1224,8,https://api.wtatennis.com/tennis/players/ranked?page=12&pageSize=100&type=rankSingles&sort=asc&metric=SINGLES&at=2024-01-29&name=&nationality=,2026-03-22T00:53:11Z
wta,2024-01-29,330349,Paola Ueno Dalmonico,Paola Ueno Dalmonico,1224,8,https://api.wtatennis.com/tennis/players/ranked?page=12&pageSize=100&type=rankSingles&sort=asc&metric=SINGLES&at=2024-01-29&name=&nationality=,2026-03-22T00:53:11Z
wta,2024-01-29,326997,Carolyn Campana,Carolyn Campana,1224,8,https://api.wtatennis.com/tennis/players/ranked?page=12&pageSize=100&type=rankSingles&sort=asc&metric=SINGLES&at=2024-01-29&name=&nationality=,2026-03-22T00:53:11Z
wta,2024-01-29,322967,Natsuho Arakawa,Natsuho Arakawa,1224,8,https://api.wtatennis.com/tennis/players/ranked?page=12&pageSize=100&type=rankSingles&sort=asc&metric=SINGLES&at=2024-01-29&name=&nationality=,2026-03-22T00:53:11Z
wta,2024-01-29,331900,Tijana Sretenovic,Tijana Sretenovic,1228,8,https://api.wtatennis.com/tennis/players/ranked?page=12&pageSize=100&type=rankSingles&sort=asc&metric=SINGLES&at=2024-01-29&name=&nationality=,2026-03-22T00:53:11Z
wta,2024-01-29,331815,Suhitha Maruri,Suhitha Maruri,1229,8,https://api.wtatennis.com/tennis/players/ranked?page=12&pageSize=100&type=rankSingles&sort=asc&metric=SINGLES&at=2024-01-29&name=&nationality=,2026-03-22T00:53:11Z
wta,2024-01-29,332838,Alanis Hamilton,Alanis Hamilton,1229,8,https://api.wtatennis.com/tennis/players/ranked?page=12&pageSize=100&type=rankSingles&sort=asc&metric=SINGLES&at=2024-01-29&name=&nationality=,2026-03-22T00:53:11Z
wta,2024-01-29,327340,Laura Bohner,Laura Bohner,1229,8,https://api.wtatennis.com/tennis/players/ranked?page=12&pageSize=100&type=rankSingles&sort=asc&metric=SINGLES&at=2024-01-29&name=&nationality=,2026-03-22T00:53:11Z
wta,2024-01-29,328185,Esther Bataille,Esther Bataille,1232,8,https://api.wtatennis.com/tennis/players/ranked?page=12&pageSize=100&type=rankSingles&sort=asc&metric=SINGLES&at=2024-01-29&name=&nationality=,2026-03-22T00:53:11Z
wta,2024-01-29,325783,Taylor Johnson,Taylor Johnson,1232,8,https://api.wtatennis.com/tennis/players/ranked?page=12&pageSize=100&type=rankSingles&sort=asc&metric=SINGLES&at=2024-01-29&name=&nationality=,2026-03-22T00:53:11Z
wta,2024-01-29,329158,Olivia Gram,Olivia Gram,1232,8,https://api.wtatennis.com/tennis/players/ranked?page=12&pageSize=100&type=rankSingles&sort=asc&metric=SINGLES&at=2024-01-29&name=&nationality=,2026-03-22T00:53:11Z
wta,2024-01-29,331870,Helena Buchwald,Helena Buchwald,1232,8,https://api.wtatennis.com/tennis/players/ranked?page=12&pageSize=100&type=rankSingles&sort=asc&metric=SINGLES&at=2024-01-29&name=&nationality=,2026-03-22T00:53:11Z
wta,2024-01-29,328304,Oceane Babel,Oceane Babel,1236,8,https://api.wtatennis.com/tennis/players/ranked?page=12&pageSize=100&type=rankSingles&sort=asc&metric=SINGLES&at=2024-01-29&name=&nationality=,2026-03-22T00:53:11Z
wta,2024-01-29,331420,Tilde Stromquist,Tilde Stromquist,1237,8,https://api.wtatennis.com/tennis/players/ranked?page=12&pageSize=100&type=rankSingles&sort=asc&metric=SINGLES&at=2024-01-29&name=&nationality=,2026-03-22T00:53:11Z
wta,2024-01-29,330862,Emma Slavikova,Emma Slavikova,1237,8,https://api.wtatennis.com/tennis/players/ranked?page=12&pageSize=100&type=rankSingles&sort=asc&metric=SINGLES&at=2024-01-29&name=&nationality=,2026-03-22T00:53:11Z
wta,2024-01-29,325843,Juliette Mazzoni,Juliette Mazzoni,1239,8,https://api.wtatennis.com/tennis/players/ranked?page=12&pageSize=100&type=rankSingles&sort=asc&metric=SINGLES&at=2024-01-29&name=&nationality=,2026-03-22T00:53:11Z
wta,2024-01-29,321254,Kelly Williford,Kelly Williford,1240,8,https://api.wtatennis.com/tennis/players/ranked?page=12&pageSize=100&type=rankSingles&sort=asc&metric=SINGLES&at=2024-01-29&name=&nationality=,2026-03-22T00:53:11Z
wta,2024-01-29,311597,Bibiane Schoofs,Bibiane Schoofs,1241,7,https://api.wtatennis.com/tennis/players/ranked?page=12&pageSize=100&type=rankSingles&sort=asc&metric=SINGLES&at=2024-01-29&name=&nationality=,2026-03-22T00:53:11Z
wta,2024-01-29,326478,Alina Michalitsch,Alina Michalitsch,1242,7,https://api.wtatennis.com/tennis/players/ranked?page=12&pageSize=100&type=rankSingles&sort=asc&metric=SINGLES&at=2024-01-29&name=&nationality=,2026-03-22T00:53:11Z
wta,2024-01-29,332661,Tahlia Kokkinis,Tahlia Kokkinis,1243,7,https://api.wtatennis.com/tennis/players/ranked?page=12&pageSize=100&type=rankSingles&sort=asc&metric=SINGLES&at=2024-01-29&name=&nationality=,2026-03-22T00:53:11Z
wta,2024-01-29,333019,Yanan Hou,Yanan Hou,1244,7,https://api.wtatennis.com/tennis/players/ranked?page=12&pageSize=100&type=rankSingles&sort=asc&metric=SINGLES&at=2024-01-29&name=&nationality=,2026-03-22T00:53:11Z
wta,2024-01-29,331640,Lily Taylor,Lily Taylor,1245,7,https://api.wtatennis.com/tennis/players/ranked?page=12&pageSize=100&type=rankSingles&sort=asc&metric=SINGLES&at=2024-01-29&name=&nationality=,2026-03-22T00:53:11Z
wta,2024-01-29,324743,Marina Benito,Marina Benito,1245,7,https://api.wtatennis.com/tennis/players/ranked?page=12&pageSize=100&type=rankSingles&sort=asc&metric=SINGLES&at=2024-01-29&name=&nationality=,2026-03-22T00:53:11Z
wta,2024-01-29,328830,Anet Koskel,Anet Koskel,1245,7,https://api.wtatennis.com/tennis/players/ranked?page=12&pageSize=100&type=rankSingles&sort=asc&metric=SINGLES&at=2024-01-29&name=&nationality=,2026-03-22T00:53:11Z
wta,2024-01-29,329729,Natasha Sengphrachanh,Natasha Sengphrachanh,1245,7,https://api.wtatennis.com/tennis/players/ranked?page=12&pageSize=100&type=rankSingles&sort=asc&metric=SINGLES&at=2024-01-29&name=&nationality=,2026-03-22T00:53:11Z
wta,2024-01-29,317333,Olga Parres Azcoitia,Olga Parres Azcoitia,1245,7,https://api.wtatennis.com/tennis/players/ranked?page=12&pageSize=100&type=rankSingles&sort=asc&metric=SINGLES&at=2024-01-29&name=&nationality=,2026-03-22T00:53:11Z
wta,2024-01-29,324486,Holly Hutchinson,Holly Hutchinson,1245,7,https://api.wtatennis.com/tennis/players/ranked?page=12&pageSize=100&type=rankSingles&sort=asc&metric=SINGLES&at=2024-01-29&name=&nationality=,2026-03-22T00:53:11Z
wta,2024-01-29,324327,Qianhui Tang,Qianhui Tang,1251,7,https://api.wtatennis.com/tennis/players/ranked?page=12&pageSize=100&type=rankSingles&sort=asc&metric=SINGLES&at=2024-01-29&name=&nationality=,2026-03-22T00:53:11Z
wta,2024-01-29,329382,Hannah Viller Moller,Hannah Viller Moller,1251,7,https://api.wtatennis.com/tennis/players/ranked?page=12&pageSize=100&type=rankSingles&sort=asc&metric=SINGLES&at=2024-01-29&name=&nationality=,2026-03-22T00:53:11Z
wta,2024-01-29,327946,Katherine Barnes,Katherine Barnes,1251,7,https://api.wtatennis.com/tennis/players/ranked?page=12&pageSize=100&type=rankSingles&sort=asc&metric=SINGLES&at=2024-01-29&name=&nationality=,2026-03-22T00:53:11Z
wta,2024-01-29,327247,Xinyu Cai,Xinyu Cai,1251,7,https://api.wtatennis.com/tennis/players/ranked?page=12&pageSize=100&type=rankSingles&sort=asc&metric=SINGLES&at=2024-01-29&name=&nationality=,2026-03-22T00:53:11Z
wta,2024-01-29,331712,Ximena Senties,Ximena Senties,1251,7,https://api.wtatennis.com/tennis/players/ranked?page=12&pageSize=100&type=rankSingles&sort=asc&metric=SINGLES&at=2024-01-29&name=&nationality=,2026-03-22T00:53:11Z
wta,2024-01-29,331531,Francesca Pace,Francesca Pace,1251,7,https://api.wtatennis.com/tennis/players/ranked?page=12&pageSize=100&type=rankSingles&sort=asc&metric=SINGLES&at=2024-01-29&name=&nationality=,2026-03-22T00:53:11Z
wta,2024-01-29,331395,Georgia Kalamaris,Georgia Kalamaris,1251,7,https://api.wtatennis.com/tennis/players/ranked?page=12&pageSize=100&type=rankSingles&sort=asc&metric=SINGLES&at=2024-01-29&name=&nationality=,2026-03-22T00:53:11Z
wta,2024-01-29,331418,Anna Semenova,Anna Semenova,1251,7,https://api.wtatennis.com/tennis/players/ranked?page=12&pageSize=100&type=rankSingles&sort=asc&metric=SINGLES&at=2024-01-29&name=&nationality=,2026-03-22T00:53:11Z
wta,2024-01-29,331194,Britney  Chiu,Britney  Chiu,1259,7,https://api.wtatennis.com/tennis/players/ranked?page=12&pageSize=100&type=rankSingles&sort=asc&metric=SINGLES&at=2024-01-29&name=&nationality=,2026-03-22T00:53:11Z
wta,2024-01-29,332346,Teah Chavez,Teah Chavez,1259,7,https://api.wtatennis.com/tennis/players/ranked?page=12&pageSize=100&type=rankSingles&sort=asc&metric=SINGLES&at=2024-01-29&name=&nationality=,2026-03-22T00:53:11Z
wta,2024-01-29,315313,Melis Sezer,Melis Sezer,1259,7,https://api.wtatennis.com/tennis/players/ranked?page=12&pageSize=100&type=rankSingles&sort=asc&metric=SINGLES&at=2024-01-29&name=&nationality=,2026-03-22T00:53:11Z
wta,2024-01-29,330035,Malaika Rapolu,Malaika Rapolu,1262,7,https://api.wtatennis.com/tennis/players/ranked?page=12&pageSize=100&type=rankSingles&sort=asc&metric=SINGLES&at=2024-01-29&name=&nationality=,2026-03-22T00:53:11Z
wta,2024-01-29,329648,Eleanor Baglow,Eleanor Baglow,1263,7,https://api.wtatennis.com/tennis/players/ranked?page=12&pageSize=100&type=rankSingles&sort=asc&metric=SINGLES&at=2024-01-29&name=&nationality=,2026-03-22T00:53:11Z
wta,2024-01-29,324747,Ana Giraldi Requena,Ana Giraldi Requena,1263,7,https://api.wtatennis.com/tennis/players/ranked?page=12&pageSize=100&type=rankSingles&sort=asc&metric=SINGLES&at=2024-01-29&name=&nationality=,2026-03-22T00:53:11Z
wta,2024-01-29,321742,Ying Zhang,Ying Zhang,1263,7,https://api.wtatennis.com/tennis/players/ranked?page=12&pageSize=100&type=rankSingles&sort=asc&metric=SINGLES&at=2024-01-29&name=&nationality=,2026-03-22T00:53:11Z
wta,2024-01-29,332297,Sonja Zhiyenbayeva,Sonja Zhiyenbayeva,1263,7,https://api.wtatennis.com/tennis/players/ranked?page=12&pageSize=100&type=rankSingles&sort=asc&metric=SINGLES&at=2024-01-29&name=&nationality=,2026-03-22T00:53:11Z
wta,2024-01-29,332008,Anne Christine Lutkemeyer Obregon,Anne Christine Lutkemeyer Obregon,1263,7,https://api.wtatennis.com/tennis/players/ranked?page=12&pageSize=100&type=rankSingles&sort=asc&metric=SINGLES&at=2024-01-29&name=&nationality=,2026-03-22T00:53:11Z
wta,2024-01-29,331493,Lucie Urbanova,Lucie Urbanova,1268,7,https://api.wtatennis.com/tennis/players/ranked?page=12&pageSize=100&type=rankSingles&sort=asc&metric=SINGLES&at=2024-01-29&name=&nationality=,2026-03-22T00:53:11Z
wta,2024-01-29,330148,Kristyna Tomajkova,Kristyna Tomajkova,1269,7,https://api.wtatennis.com/tennis/players/ranked?page=12&pageSize=100&type=rankSingles&sort=asc&metric=SINGLES&at=2024-01-29&name=&nationality=,2026-03-22T00:53:11Z
wta,2024-01-29,330393,Victoria Gomez,Victoria Gomez,1269,7,https://api.wtatennis.com/tennis/players/ranked?page=12&pageSize=100&type=rankSingles&sort=asc&metric=SINGLES&at=2024-01-29&name=&nationality=,2026-03-22T00:53:11Z
wta,2024-01-29,330025,Elizaveta Shebekina,Elizaveta Shebekina,1271,7,https://api.wtatennis.com/tennis/players/ranked?page=12&pageSize=100&type=rankSingles&sort=asc&metric=SINGLES&at=2024-01-29&name=&nationality=,2026-03-22T00:53:11Z
wta,2024-01-29,322381,Marta Gonzalez Encinas,Marta Gonzalez Encinas,1271,7,https://api.wtatennis.com/tennis/players/ranked?page=12&pageSize=100&type=rankSingles&sort=asc&metric=SINGLES&at=2024-01-29&name=&nationality=,2026-03-22T00:53:11Z
wta,2024-01-29,331246,Caroline Brack,Caroline Brack,1271,7,https://api.wtatennis.com/tennis/players/ranked?page=12&pageSize=100&type=rankSingles&sort=asc&metric=SINGLES&at=2024-01-29&name=&nationality=,2026-03-22T00:53:11Z
wta,2024-01-29,332487,Ada Piestrzynska,Ada Piestrzynska,1274,7,https://api.wtatennis.com/tennis/players/ranked?page=12&pageSize=100&type=rankSingles&sort=asc&metric=SINGLES&at=2024-01-29&name=&nationality=,2026-03-22T00:53:11Z
wta,2024-01-29,321350,Saumya Vig,Saumya Vig,1274,7,https://api.wtatennis.com/tennis/players/ranked?page=12&pageSize=100&type=rankSingles&sort=asc&metric=SINGLES&at=2024-01-29&name=&nationality=,2026-03-22T00:53:11Z
wta,2024-01-29,319181,Chisa Hosonuma,Chisa Hosonuma,1274,7,https://api.wtatennis.com/tennis/players/ranked?page=12&pageSize=100&type=rankSingles&sort=asc&metric=SINGLES&at=2024-01-29&name=&nationality=,2026-03-22T00:53:11Z
wta,2024-01-29,324938,Kristina Milenkovic,Kristina Milenkovic,1274,7,https://api.wtatennis.com/tennis/players/ranked?page=12&pageSize=100&type=rankSingles&sort=asc&metric=SINGLES&at=2024-01-29&name=&nationality=,2026-03-22T00:53:11Z
wta,2024-01-29,326080,Victoria Mikhaylova,Victoria Mikhaylova,1274,7,https://api.wtatennis.com/tennis/players/ranked?page=12&pageSize=100&type=rankSingles&sort=asc&metric=SINGLES&at=2024-01-29&name=&nationality=,2026-03-22T00:53:11Z
wta,2024-01-29,329458,Demi Tran,Demi Tran,1279,7,https://api.wtatennis.com/tennis/players/ranked?page=12&pageSize=100&type=rankSingles&sort=asc&metric=SINGLES&at=2024-01-29&name=&nationality=,2026-03-22T00:53:11Z
wta,2024-01-29,330922,Bianca Barbulescu,Bianca Barbulescu,1279,7,https://api.wtatennis.com/tennis/players/ranked?page=12&pageSize=100&type=rankSingles&sort=asc&metric=SINGLES&at=2024-01-29&name=&nationality=,2026-03-22T00:53:11Z
wta,2024-01-29,333499,Daphnee Mpetshi Perricard,Daphnee Mpetshi Perricard,1281,6,https://api.wtatennis.com/tennis/players/ranked?page=12&pageSize=100&type=rankSingles&sort=asc&metric=SINGLES&at=2024-01-29&name=&nationality=,2026-03-22T00:53:11Z
wta,2024-01-29,312809,Melanie Klaffner,Melanie Klaffner,1282,6,https://api.wtatennis.com/tennis/players/ranked?page=12&pageSize=100&type=rankSingles&sort=asc&metric=SINGLES&at=2024-01-29&name=&nationality=,2026-03-22T00:53:11Z
wta,2024-01-29,320146,Ingrid Martins,Ingrid Martins,1283,6,https://api.wtatennis.com/tennis/players/ranked?page=12&pageSize=100&type=rankSingles&sort=asc&metric=SINGLES&at=2024-01-29&name=&nationality=,2026-03-22T00:53:11Z
wta,2024-01-29,327218,Lucia De Santa Ana,Lucia De Santa Ana,1284,6,https://api.wtatennis.com/tennis/players/ranked?page=12&pageSize=100&type=rankSingles&sort=asc&metric=SINGLES&at=2024-01-29&name=&nationality=,2026-03-22T00:53:11Z
wta,2024-01-29,328108,Cristina Tiglea,Cristina Tiglea,1285,6,https://api.wtatennis.com/tennis/players/ranked?page=12&pageSize=100&type=rankSingles&sort=asc&metric=SINGLES&at=2024-01-29&name=&nationality=,2026-03-22T00:53:11Z
wta,2024-01-29,325831,Lilian Poling,Lilian Poling,1285,6,https://api.wtatennis.com/tennis/players/ranked?page=12&pageSize=100&type=rankSingles&sort=asc&metric=SINGLES&at=2024-01-29&name=&nationality=,2026-03-22T00:53:11Z
wta,2024-01-29,328207,Solymar Colling,Solymar Colling,1285,6,https://api.wtatennis.com/tennis/players/ranked?page=12&pageSize=100&type=rankSingles&sort=asc&metric=SINGLES&at=2024-01-29&name=&nationality=,2026-03-22T00:53:11Z
wta,2024-01-29,328371,Shuoran Wang,Shuoran Wang,1285,6,https://api.wtatennis.com/tennis/players/ranked?page=12&pageSize=100&type=rankSingles&sort=asc&metric=SINGLES&at=2024-01-29&name=&nationality=,2026-03-22T00:53:11Z
wta,2024-01-29,333781,Mathilde Ngijol Carre,Mathilde Ngijol Carre,1289,6,https://api.wtatennis.com/tennis/players/ranked?page=12&pageSize=100&type=rankSingles&sort=asc&metric=SINGLES&at=2024-01-29&name=&nationality=,2026-03-22T00:53:11Z
wta,2024-01-29,332083,Gina Kondos,Gina Kondos,1290,6,https://api.wtatennis.com/tennis/players/ranked?page=12&pageSize=100&type=rankSingles&sort=asc&metric=SINGLES&at=2024-01-29&name=&nationality=,2026-03-22T00:53:11Z
wta,2024-01-29,331306,Carolina Xavier Laydner,Carolina Xavier Laydner,1290,6,https://api.wtatennis.com/tennis/players/ranked?page=12&pageSize=100&type=rankSingles&sort=asc&metric=SINGLES&at=2024-01-29&name=&nationality=,2026-03-22T00:53:11Z
wta,2024-01-29,329110,Anita Sahdiieva,Anita Sahdiieva,1290,6,https://api.wtatennis.com/tennis/players/ranked?page=12&pageSize=100&type=rankSingles&sort=asc&metric=SINGLES&at=2024-01-29&name=&nationality=,2026-03-22T00:53:11Z
wta,2024-01-29,330635,Leyla Elmas,Leyla Elmas,1290,6,https://api.wtatennis.com/tennis/players/ranked?page=12&pageSize=100&type=rankSingles&sort=asc&metric=SINGLES&at=2024-01-29&name=&nationality=,2026-03-22T00:53:11Z
wta,2024-01-29,329811,Leyla Britez Risso,Leyla Britez Risso,1294,6,https://api.wtatennis.com/tennis/players/ranked?page=12&pageSize=100&type=rankSingles&sort=asc&metric=SINGLES&at=2024-01-29&name=&nationality=,2026-03-22T00:53:11Z
wta,2024-01-29,329162,Margaux Komano,Margaux Komano,1294,6,https://api.wtatennis.com/tennis/players/ranked?page=12&pageSize=100&type=rankSingles&sort=asc&metric=SINGLES&at=2024-01-29&name=&nationality=,2026-03-22T00:53:11Z
wta,2024-01-29,320827,Vasanti Shinde,Vasanti Shinde,1294,6,https://api.wtatennis.com/tennis/players/ranked?page=12&pageSize=100&type=rankSingles&sort=asc&metric=SINGLES&at=2024-01-29&name=&nationality=,2026-03-22T00:53:11Z
wta,2024-01-29,331345,Rikke De Koning,Rikke De Koning,1294,6,https://api.wtatennis.com/tennis/players/ranked?page=12&pageSize=100&type=rankSingles&sort=asc&metric=SINGLES&at=2024-01-29&name=&nationality=,2026-03-22T00:53:11Z
wta,2024-01-29,332444,Ekaterina Ivanova,Ekaterina Ivanova,1294,6,https://api.wtatennis.com/tennis/players/ranked?page=12&pageSize=100&type=rankSingles&sort=asc&metric=SINGLES&at=2024-01-29&name=&nationality=,2026-03-22T00:53:11Z
wta,2024-01-29,331487,Arina Bulatova,Arina Bulatova,1299,6,https://api.wtatennis.com/tennis/players/ranked?page=12&pageSize=100&type=rankSingles&sort=asc&metric=SINGLES&at=2024-01-29&name=&nationality=,2026-03-22T00:53:11Z
wta,2024-01-29,330857,Natali Jaiani,Natali Jaiani,1299,6,https://api.wtatennis.com/tennis/players/ranked?page=12&pageSize=100&type=rankSingles&sort=asc&metric=SINGLES&at=2024-01-29&name=&nationality=,2026-03-22T00:53:11Z
wta,2024-01-29,324310,Emma Mazzoni,Emma Mazzoni,1299,6,https://api.wtatennis.com/tennis/players/ranked?page=13&pageSize=100&type=rankSingles&sort=asc&metric=SINGLES&at=2024-01-29&name=&nationality=,2026-03-22T00:53:11Z
wta,2024-01-29,322576,Nicole Gadient,Nicole Gadient,1299,6,https://api.wtatennis.com/tennis/players/ranked?page=13&pageSize=100&type=rankSingles&sort=asc&metric=SINGLES&at=2024-01-29&name=&nationality=,2026-03-22T00:53:11Z
wta,2024-01-29,323263,Anna Ozerova,Anna Ozerova,1299,6,https://api.wtatennis.com/tennis/players/ranked?page=13&pageSize=100&type=rankSingles&sort=asc&metric=SINGLES&at=2024-01-29&name=&nationality=,2026-03-22T00:53:11Z
wta,2024-01-29,319522,Ingrid Vojcinakova,Ingrid Vojcinakova,1299,6,https://api.wtatennis.com/tennis/players/ranked?page=13&pageSize=100&type=rankSingles&sort=asc&metric=SINGLES&at=2024-01-29&name=&nationality=,2026-03-22T00:53:11Z
wta,2024-01-29,329698,Jana Vanik,Jana Vanik,1299,6,https://api.wtatennis.com/tennis/players/ranked?page=13&pageSize=100&type=rankSingles&sort=asc&metric=SINGLES&at=2024-01-29&name=&nationality=,2026-03-22T00:53:11Z
wta,2024-01-29,326269,Pauline Courcoux,Pauline Courcoux,1299,6,https://api.wtatennis.com/tennis/players/ranked?page=13&pageSize=100&type=rankSingles&sort=asc&metric=SINGLES&at=2024-01-29&name=&nationality=,2026-03-22T00:53:11Z
wta,2024-01-29,327015,Selina Atay,Selina Atay,1299,6,https://api.wtatennis.com/tennis/players/ranked?page=13&pageSize=100&type=rankSingles&sort=asc&metric=SINGLES&at=2024-01-29&name=&nationality=,2026-03-22T00:53:11Z
wta,2024-01-29,327942,Julia Lovqvist,Julia Lovqvist,1308,6,https://api.wtatennis.com/tennis/players/ranked?page=13&pageSize=100&type=rankSingles&sort=asc&metric=SINGLES&at=2024-01-29&name=&nationality=,2026-03-22T00:53:11Z
wta,2024-01-29,329427,Maria Martinez Hernandez,Maria Martinez Hernandez,1308,6,https://api.wtatennis.com/tennis/players/ranked?page=13&pageSize=100&type=rankSingles&sort=asc&metric=SINGLES&at=2024-01-29&name=&nationality=,2026-03-22T00:53:11Z
wta,2024-01-29,320852,Man Ying Ng,Man Ying Ng,1310,5,https://api.wtatennis.com/tennis/players/ranked?page=13&pageSize=100&type=rankSingles&sort=asc&metric=SINGLES&at=2024-01-29&name=&nationality=,2026-03-22T00:53:11Z
wta,2024-01-29,330718,Mia Chudejova,Mia Chudejova,1311,5,https://api.wtatennis.com/tennis/players/ranked?page=13&pageSize=100&type=rankSingles&sort=asc&metric=SINGLES&at=2024-01-29&name=&nationality=,2026-03-22T00:53:11Z
wta,2024-01-29,330389,Raquel Gonzalez Vilar,Raquel Gonzalez Vilar,1312,5,https://api.wtatennis.com/tennis/players/ranked?page=13&pageSize=100&type=rankSingles&sort=asc&metric=SINGLES&at=2024-01-29&name=&nationality=,2026-03-22T00:53:11Z
wta,2024-01-29,329991,Alessandra Caceres,Alessandra Caceres,1312,5,https://api.wtatennis.com/tennis/players/ranked?page=13&pageSize=100&type=rankSingles&sort=asc&metric=SINGLES&at=2024-01-29&name=&nationality=,2026-03-22T00:53:11Z
wta,2024-01-29,330018,Sol Rabin,Sol Rabin,1312,5,https://api.wtatennis.com/tennis/players/ranked?page=13&pageSize=100&type=rankSingles&sort=asc&metric=SINGLES&at=2024-01-29&name=&nationality=,2026-03-22T00:53:11Z
wta,2024-01-29,328157,Karine Job,Karine Job,1312,5,https://api.wtatennis.com/tennis/players/ranked?page=13&pageSize=100&type=rankSingles&sort=asc&metric=SINGLES&at=2024-01-29&name=&nationality=,2026-03-22T00:53:11Z
wta,2024-01-29,325185,Alisha Reayer,Alisha Reayer,1312,5,https://api.wtatennis.com/tennis/players/ranked?page=13&pageSize=100&type=rankSingles&sort=asc&metric=SINGLES&at=2024-01-29&name=&nationality=,2026-03-22T00:53:11Z
wta,2024-01-29,323491,Chelsea Vanhoutte,Chelsea Vanhoutte,1312,5,https://api.wtatennis.com/tennis/players/ranked?page=13&pageSize=100&type=rankSingles&sort=asc&metric=SINGLES&at=2024-01-29&name=&nationality=,2026-03-22T00:53:11Z
wta,2024-01-29,322569,Jennifer Luikham,Jennifer Luikham,1312,5,https://api.wtatennis.com/tennis/players/ranked?page=13&pageSize=100&type=rankSingles&sort=asc&metric=SINGLES&at=2024-01-29&name=&nationality=,2026-03-22T00:53:11Z
wta,2024-01-29,324144,Ecaterina Visnevscaia,Ecaterina Visnevscaia,1312,5,https://api.wtatennis.com/tennis/players/ranked?page=13&pageSize=100&type=rankSingles&sort=asc&metric=SINGLES&at=2024-01-29&name=&nationality=,2026-03-22T00:53:11Z
wta,2024-01-29,331510,Jana Stojanova,Jana Stojanova,1312,5,https://api.wtatennis.com/tennis/players/ranked?page=13&pageSize=100&type=rankSingles&sort=asc&metric=SINGLES&at=2024-01-29&name=&nationality=,2026-03-22T00:53:11Z
wta,2024-01-29,331386,Bianca Bulat,Bianca Bulat,1312,5,https://api.wtatennis.com/tennis/players/ranked?page=13&pageSize=100&type=rankSingles&sort=asc&metric=SINGLES&at=2024-01-29&name=&nationality=,2026-03-22T00:53:11Z
wta,2024-01-29,332211,Lara Stojanovski,Lara Stojanovski,1312,5,https://api.wtatennis.com/tennis/players/ranked?page=13&pageSize=100&type=rankSingles&sort=asc&metric=SINGLES&at=2024-01-29&name=&nationality=,2026-03-22T00:53:11Z
wta,2024-01-29,333455,Aely Arai,Aely Arai,1312,5,https://api.wtatennis.com/tennis/players/ranked?page=13&pageSize=100&type=rankSingles&sort=asc&metric=SINGLES&at=2024-01-29&name=&nationality=,2026-03-22T00:53:11Z
wta,2024-01-29,330785,Maria Garcia,Maria Garcia,1324,5,https://api.wtatennis.com/tennis/players/ranked?page=13&pageSize=100&type=rankSingles&sort=asc&metric=SINGLES&at=2024-01-29&name=&nationality=,2026-03-22T00:53:11Z
wta,2024-01-29,323672,Soha Sadiq,Soha Sadiq,1324,5,https://api.wtatennis.com/tennis/players/ranked?page=13&pageSize=100&type=rankSingles&sort=asc&metric=SINGLES&at=2024-01-29&name=&nationality=,2026-03-22T00:53:11Z
wta,2024-01-29,325604,Maria Oliver Sanchez,Maria Oliver Sanchez,1324,5,https://api.wtatennis.com/tennis/players/ranked?page=13&pageSize=100&type=rankSingles&sort=asc&metric=SINGLES&at=2024-01-29&name=&nationality=,2026-03-22T00:53:11Z
wta,2024-01-29,130713,Bethanie Mattek-Sands,Bethanie Mattek-Sands,1327,4,https://api.wtatennis.com/tennis/players/ranked?page=13&pageSize=100&type=rankSingles&sort=asc&metric=SINGLES&at=2024-01-29&name=&nationality=,2026-03-22T00:53:11Z
wta,2024-01-29,326347,Yu Shan,Yu Shan,1328,4,https://api.wtatennis.com/tennis/players/ranked?page=13&pageSize=100&type=rankSingles&sort=asc&metric=SINGLES&at=2024-01-29&name=&nationality=,2026-03-22T00:53:11Z
wta,2024-01-29,329988,Paloma Goldsmith Weinreich,Paloma Goldsmith Weinreich,1329,4,https://api.wtatennis.com/tennis/players/ranked?page=13&pageSize=100&type=rankSingles&sort=asc&metric=SINGLES&at=2024-01-29&name=&nationality=,2026-03-22T00:53:11Z
wta,2024-01-29,328277,Adesuwa Osabuohien,Adesuwa Osabuohien,1329,4,https://api.wtatennis.com/tennis/players/ranked?page=13&pageSize=100&type=rankSingles&sort=asc&metric=SINGLES&at=2024-01-29&name=&nationality=,2026-03-22T00:53:11Z
wta,2024-01-29,329503,Jin Zhang,Jin Zhang,1331,4,https://api.wtatennis.com/tennis/players/ranked?page=13&pageSize=100&type=rankSingles&sort=asc&metric=SINGLES&at=2024-01-29&name=&nationality=,2026-03-22T00:53:11Z
wta,2024-01-29,329818,Taylor Cataldi,Taylor Cataldi,1331,4,https://api.wtatennis.com/tennis/players/ranked?page=13&pageSize=100&type=rankSingles&sort=asc&metric=SINGLES&at=2024-01-29&name=&nationality=,2026-03-22T00:53:11Z
wta,2024-01-29,329867,Martina Marusinova,Martina Marusinova,1331,4,https://api.wtatennis.com/tennis/players/ranked?page=13&pageSize=100&type=rankSingles&sort=asc&metric=SINGLES&at=2024-01-29&name=&nationality=,2026-03-22T00:53:11Z
wta,2024-01-29,329580,Na Kang,Na Kang,1331,4,https://api.wtatennis.com/tennis/players/ranked?page=13&pageSize=100&type=rankSingles&sort=asc&metric=SINGLES&at=2024-01-29&name=&nationality=,2026-03-22T00:53:11Z
wta,2024-01-29,326039,Federica Sacco,Federica Sacco,1331,4,https://api.wtatennis.com/tennis/players/ranked?page=13&pageSize=100&type=rankSingles&sort=asc&metric=SINGLES&at=2024-01-29&name=&nationality=,2026-03-22T00:53:11Z
wta,2024-01-29,327220,Elizaveta Koklina,Elizaveta Koklina,1331,4,https://api.wtatennis.com/tennis/players/ranked?page=13&pageSize=100&type=rankSingles&sort=asc&metric=SINGLES&at=2024-01-29&name=&nationality=,2026-03-22T00:53:11Z
wta,2024-01-29,320206,Nelise Verster,Nelise Verster,1331,4,https://api.wtatennis.com/tennis/players/ranked?page=13&pageSize=100&type=rankSingles&sort=asc&metric=SINGLES&at=2024-01-29&name=&nationality=,2026-03-22T00:53:11Z
wta,2024-01-29,321064,Valeria Koussenkova,Valeria Koussenkova,1331,4,https://api.wtatennis.com/tennis/players/ranked?page=13&pageSize=100&type=rankSingles&sort=asc&metric=SINGLES&at=2024-01-29&name=&nationality=,2026-03-22T00:53:11Z
wta,2024-01-29,331136,Yelyzaveta Kotliar,Yelyzaveta Kotliar,1331,4,https://api.wtatennis.com/tennis/players/ranked?page=13&pageSize=100&type=rankSingles&sort=asc&metric=SINGLES&at=2024-01-29&name=&nationality=,2026-03-22T00:53:11Z
wta,2024-01-29,333357,Moeka Miyata,Moeka Miyata,1331,4,https://api.wtatennis.com/tennis/players/ranked?page=13&pageSize=100&type=rankSingles&sort=asc&metric=SINGLES&at=2024-01-29&name=&nationality=,2026-03-22T00:53:11Z
wta,2024-01-29,333898,Yujin Kim,Yujin Kim,1331,4,https://api.wtatennis.com/tennis/players/ranked?page=13&pageSize=100&type=rankSingles&sort=asc&metric=SINGLES&at=2024-01-29&name=&nationality=,2026-03-22T00:53:11Z
wta,2024-01-29,333678,Chenting Zhu,Chenting Zhu,1331,4,https://api.wtatennis.com/tennis/players/ranked?page=13&pageSize=100&type=rankSingles&sort=asc&metric=SINGLES&at=2024-01-29&name=&nationality=,2026-03-22T00:53:11Z
wta,2024-01-29,331869,Aryana Bartlett,Aryana Bartlett,1331,4,https://api.wtatennis.com/tennis/players/ranked?page=13&pageSize=100&type=rankSingles&sort=asc&metric=SINGLES&at=2024-01-29&name=&nationality=,2026-03-22T00:53:11Z
wta,2024-01-29,332103,Kelly Keller,Kelly Keller,1331,4,https://api.wtatennis.com/tennis/players/ranked?page=13&pageSize=100&type=rankSingles&sort=asc&metric=SINGLES&at=2024-01-29&name=&nationality=,2026-03-22T00:53:11Z
wta,2024-01-29,332134,Haram Kim,Haram Kim,1345,4,https://api.wtatennis.com/tennis/players/ranked?page=13&pageSize=100&type=rankSingles&sort=asc&metric=SINGLES&at=2024-01-29&name=&nationality=,2026-03-22T00:53:11Z
wta,2024-01-29,331874,Anja Nayar,Anja Nayar,1345,4,https://api.wtatennis.com/tennis/players/ranked?page=13&pageSize=100&type=rankSingles&sort=asc&metric=SINGLES&at=2024-01-29&name=&nationality=,2026-03-22T00:53:11Z
wta,2024-01-29,331954,June Bjork,June Bjork,1345,4,https://api.wtatennis.com/tennis/players/ranked?page=13&pageSize=100&type=rankSingles&sort=asc&metric=SINGLES&at=2024-01-29&name=&nationality=,2026-03-22T00:53:11Z
wta,2024-01-29,332768,Natalia Krockova,Natalia Krockova,1345,4,https://api.wtatennis.com/tennis/players/ranked?page=13&pageSize=100&type=rankSingles&sort=asc&metric=SINGLES&at=2024-01-29&name=&nationality=,2026-03-22T00:53:11Z
wta,2024-01-29,331219,Ekaterina Kuznetsova,Ekaterina Kuznetsova,1345,4,https://api.wtatennis.com/tennis/players/ranked?page=13&pageSize=100&type=rankSingles&sort=asc&metric=SINGLES&at=2024-01-29&name=&nationality=,2026-03-22T00:53:11Z
wta,2024-01-29,331743,Serena Pereyra Giubbani,Serena Pereyra Giubbani,1345,4,https://api.wtatennis.com/tennis/players/ranked?page=13&pageSize=100&type=rankSingles&sort=asc&metric=SINGLES&at=2024-01-29&name=&nationality=,2026-03-22T00:53:11Z
wta,2024-01-29,324336,Yu Chen,Yu Chen,1345,4,https://api.wtatennis.com/tennis/players/ranked?page=13&pageSize=100&type=rankSingles&sort=asc&metric=SINGLES&at=2024-01-29&name=&nationality=,2026-03-22T00:53:11Z
wta,2024-01-29,318296,Louise Brunskog,Louise Brunskog,1345,4,https://api.wtatennis.com/tennis/players/ranked?page=13&pageSize=100&type=rankSingles&sort=asc&metric=SINGLES&at=2024-01-29&name=&nationality=,2026-03-22T00:53:11Z
wta,2024-01-29,326663,Bronte Murgett,Bronte Murgett,1345,4,https://api.wtatennis.com/tennis/players/ranked?page=13&pageSize=100&type=rankSingles&sort=asc&metric=SINGLES&at=2024-01-29&name=&nationality=,2026-03-22T00:53:11Z
wta,2024-01-29,326716,Ai Yamaguchi,Ai Yamaguchi,1345,4,https://api.wtatennis.com/tennis/players/ranked?page=13&pageSize=100&type=rankSingles&sort=asc&metric=SINGLES&at=2024-01-29&name=&nationality=,2026-03-22T00:53:11Z
wta,2024-01-29,326782,Ayaka Ozeki,Ayaka Ozeki,1345,4,https://api.wtatennis.com/tennis/players/ranked?page=13&pageSize=100&type=rankSingles&sort=asc&metric=SINGLES&at=2024-01-29&name=&nationality=,2026-03-22T00:53:11Z
wta,2024-01-29,328099,Akanksha Nitture,Akanksha Nitture,1345,4,https://api.wtatennis.com/tennis/players/ranked?page=13&pageSize=100&type=rankSingles&sort=asc&metric=SINGLES&at=2024-01-29&name=&nationality=,2026-03-22T00:53:11Z
wta,2024-01-29,330418,Caroline Vernet,Caroline Vernet,1345,4,https://api.wtatennis.com/tennis/players/ranked?page=13&pageSize=100&type=rankSingles&sort=asc&metric=SINGLES&at=2024-01-29&name=&nationality=,2026-03-22T00:53:11Z
wta,2024-01-29,329482,Nino Natsvlishvili,Nino Natsvlishvili,1345,4,https://api.wtatennis.com/tennis/players/ranked?page=13&pageSize=100&type=rankSingles&sort=asc&metric=SINGLES&at=2024-01-29&name=&nationality=,2026-03-22T00:53:11Z
wta,2024-01-29,328516,Shachf Lieberman,Shachf Lieberman,1345,4,https://api.wtatennis.com/tennis/players/ranked?page=13&pageSize=100&type=rankSingles&sort=asc&metric=SINGLES&at=2024-01-29&name=&nationality=,2026-03-22T00:53:11Z
wta,2024-01-29,327042,Ayline Samardzic,Ayline Samardzic,1360,3,https://api.wtatennis.com/tennis/players/ranked?page=13&pageSize=100&type=rankSingles&sort=asc&metric=SINGLES&at=2024-01-29&name=&nationality=,2026-03-22T00:53:11Z
wta,2024-01-29,331929,Sin Yu Che,Sin Yu Che,1360,3,https://api.wtatennis.com/tennis/players/ranked?page=13&pageSize=100&type=rankSingles&sort=asc&metric=SINGLES&at=2024-01-29&name=&nationality=,2026-03-22T00:53:11Z
wta,2024-01-29,332253,Anamaria Oana,Anamaria Oana,1360,3,https://api.wtatennis.com/tennis/players/ranked?page=13&pageSize=100&type=rankSingles&sort=asc&metric=SINGLES&at=2024-01-29&name=&nationality=,2026-03-22T00:53:11Z
wta,2024-01-29,331886,Margot Phanthala,Margot Phanthala,1363,3,https://api.wtatennis.com/tennis/players/ranked?page=13&pageSize=100&type=rankSingles&sort=asc&metric=SINGLES&at=2024-01-29&name=&nationality=,2026-03-22T00:53:11Z
wta,2024-01-29,332150,Lilli Tagger,Lilli Tagger,1363,3,https://api.wtatennis.com/tennis/players/ranked?page=13&pageSize=100&type=rankSingles&sort=asc&metric=SINGLES&at=2024-01-29&name=&nationality=,2026-03-22T00:53:11Z
wta,2024-01-29,332075,Anna Bochoradze,Anna Bochoradze,1363,3,https://api.wtatennis.com/tennis/players/ranked?page=13&pageSize=100&type=rankSingles&sort=asc&metric=SINGLES&at=2024-01-29&name=&nationality=,2026-03-22T00:53:11Z
wta,2024-01-29,332127,Pimmada Thongkum,Pimmada Thongkum,1363,3,https://api.wtatennis.com/tennis/players/ranked?page=13&pageSize=100&type=rankSingles&sort=asc&metric=SINGLES&at=2024-01-29&name=&nationality=,2026-03-22T00:53:11Z
wta,2024-01-29,332131,Soo Ha Jang,Soo Ha Jang,1363,3,https://api.wtatennis.com/tennis/players/ranked?page=13&pageSize=100&type=rankSingles&sort=asc&metric=SINGLES&at=2024-01-29&name=&nationality=,2026-03-22T00:53:11Z
wta,2024-01-29,333126,Ada Kumru,Ada Kumru,1363,3,https://api.wtatennis.com/tennis/players/ranked?page=13&pageSize=100&type=rankSingles&sort=asc&metric=SINGLES&at=2024-01-29&name=&nationality=,2026-03-22T00:53:11Z
wta,2024-01-29,333329,Yajing Cao,Yajing Cao,1363,3,https://api.wtatennis.com/tennis/players/ranked?page=13&pageSize=100&type=rankSingles&sort=asc&metric=SINGLES&at=2024-01-29&name=&nationality=,2026-03-22T00:53:11Z
wta,2024-01-29,333144,Yifan Sun,Yifan Sun,1363,3,https://api.wtatennis.com/tennis/players/ranked?page=13&pageSize=100&type=rankSingles&sort=asc&metric=SINGLES&at=2024-01-29&name=&nationality=,2026-03-22T00:53:11Z
wta,2024-01-29,333747,Daria Stefania Malaescu,Daria Stefania Malaescu,1363,3,https://api.wtatennis.com/tennis/players/ranked?page=13&pageSize=100&type=rankSingles&sort=asc&metric=SINGLES&at=2024-01-29&name=&nationality=,2026-03-22T00:53:11Z
wta,2024-01-29,331808,Gaia Parravicini,Gaia Parravicini,1363,3,https://api.wtatennis.com/tennis/players/ranked?page=13&pageSize=100&type=rankSingles&sort=asc&metric=SINGLES&at=2024-01-29&name=&nationality=,2026-03-22T00:53:11Z
wta,2024-01-29,331637,Zara Larke,Zara Larke,1363,3,https://api.wtatennis.com/tennis/players/ranked?page=13&pageSize=100&type=rankSingles&sort=asc&metric=SINGLES&at=2024-01-29&name=&nationality=,2026-03-22T00:53:11Z
wta,2024-01-29,331375,Lara Diaz Zayas,Lara Diaz Zayas,1363,3,https://api.wtatennis.com/tennis/players/ranked?page=13&pageSize=100&type=rankSingles&sort=asc&metric=SINGLES&at=2024-01-29&name=&nationality=,2026-03-22T00:53:11Z
wta,2024-01-29,331512,Lena Couto,Lena Couto,1363,3,https://api.wtatennis.com/tennis/players/ranked?page=13&pageSize=100&type=rankSingles&sort=asc&metric=SINGLES&at=2024-01-29&name=&nationality=,2026-03-22T00:53:11Z
wta,2024-01-29,331474,Mia  Popovic,Mia  Popovic,1363,3,https://api.wtatennis.com/tennis/players/ranked?page=13&pageSize=100&type=rankSingles&sort=asc&metric=SINGLES&at=2024-01-29&name=&nationality=,2026-03-22T00:53:11Z
wta,2024-01-29,331092,Sofia Avataneo,Sofia Avataneo,1363,3,https://api.wtatennis.com/tennis/players/ranked?page=13&pageSize=100&type=rankSingles&sort=asc&metric=SINGLES&at=2024-01-29&name=&nationality=,2026-03-22T00:53:11Z
wta,2024-01-29,330991,Lucie Pawlak,Lucie Pawlak,1363,3,https://api.wtatennis.com/tennis/players/ranked?page=13&pageSize=100&type=rankSingles&sort=asc&metric=SINGLES&at=2024-01-29&name=&nationality=,2026-03-22T00:53:11Z
wta,2024-01-29,330786,Chiara Fornasieri,Chiara Fornasieri,1363,3,https://api.wtatennis.com/tennis/players/ranked?page=13&pageSize=100&type=rankSingles&sort=asc&metric=SINGLES&at=2024-01-29&name=&nationality=,2026-03-22T00:53:11Z
wta,2024-01-29,330803,Carolina Mesquita,Carolina Mesquita,1363,3,https://api.wtatennis.com/tennis/players/ranked?page=13&pageSize=100&type=rankSingles&sort=asc&metric=SINGLES&at=2024-01-29&name=&nationality=,2026-03-22T00:53:11Z
wta,2024-01-29,330836,Iva Sepa,Iva Sepa,1363,3,https://api.wtatennis.com/tennis/players/ranked?page=13&pageSize=100&type=rankSingles&sort=asc&metric=SINGLES&at=2024-01-29&name=&nationality=,2026-03-22T00:53:11Z
wta,2024-01-29,326871,Giulia Tedesco,Giulia Tedesco,1363,3,https://api.wtatennis.com/tennis/players/ranked?page=13&pageSize=100&type=rankSingles&sort=asc&metric=SINGLES&at=2024-01-29&name=&nationality=,2026-03-22T00:53:11Z
wta,2024-01-29,326821,Ilaria Sposetti,Ilaria Sposetti,1363,3,https://api.wtatennis.com/tennis/players/ranked?page=13&pageSize=100&type=rankSingles&sort=asc&metric=SINGLES&at=2024-01-29&name=&nationality=,2026-03-22T00:53:11Z
wta,2024-01-29,325906,Milana Maslenkova,Milana Maslenkova,1363,3,https://api.wtatennis.com/tennis/players/ranked?page=13&pageSize=100&type=rankSingles&sort=asc&metric=SINGLES&at=2024-01-29&name=&nationality=,2026-03-22T00:53:11Z
wta,2024-01-29,328548,Hwui Wi,Hwui Wi,1363,3,https://api.wtatennis.com/tennis/players/ranked?page=13&pageSize=100&type=rankSingles&sort=asc&metric=SINGLES&at=2024-01-29&name=&nationality=,2026-03-22T00:53:11Z
wta,2024-01-29,329441,Alice Battesti,Alice Battesti,1363,3,https://api.wtatennis.com/tennis/players/ranked?page=13&pageSize=100&type=rankSingles&sort=asc&metric=SINGLES&at=2024-01-29&name=&nationality=,2026-03-22T00:53:11Z
wta,2024-01-29,329579,Aleksandra Zuchanska,Aleksandra Zuchanska,1363,3,https://api.wtatennis.com/tennis/players/ranked?page=13&pageSize=100&type=rankSingles&sort=asc&metric=SINGLES&at=2024-01-29&name=&nationality=,2026-03-22T00:53:11Z
wta,2024-01-29,329313,Ireni Lucia,Ireni Lucia,1363,3,https://api.wtatennis.com/tennis/players/ranked?page=13&pageSize=100&type=rankSingles&sort=asc&metric=SINGLES&at=2024-01-29&name=&nationality=,2026-03-22T00:53:11Z
wta,2024-01-29,330621,Suzanie Pretorius,Suzanie Pretorius,1363,3,https://api.wtatennis.com/tennis/players/ranked?page=13&pageSize=100&type=rankSingles&sort=asc&metric=SINGLES&at=2024-01-29&name=&nationality=,2026-03-22T00:53:11Z
wta,2024-01-29,330477,Elisabeth Iila,Elisabeth Iila,1363,3,https://api.wtatennis.com/tennis/players/ranked?page=13&pageSize=100&type=rankSingles&sort=asc&metric=SINGLES&at=2024-01-29&name=&nationality=,2026-03-22T00:53:11Z
wta,2024-01-29,329649,Elena Giessler,Elena Giessler,1363,3,https://api.wtatennis.com/tennis/players/ranked?page=13&pageSize=100&type=rankSingles&sort=asc&metric=SINGLES&at=2024-01-29&name=&nationality=,2026-03-22T00:53:11Z
wta,2024-01-29,329692,Gala Arangio,Gala Arangio,1363,3,https://api.wtatennis.com/tennis/players/ranked?page=13&pageSize=100&type=rankSingles&sort=asc&metric=SINGLES&at=2024-01-29&name=&nationality=,2026-03-22T00:53:11Z
wta,2024-01-29,330248,Ela Platenikova,Ela Platenikova,1363,3,https://api.wtatennis.com/tennis/players/ranked?page=13&pageSize=100&type=rankSingles&sort=asc&metric=SINGLES&at=2024-01-29&name=&nationality=,2026-03-22T00:53:11Z
wta,2024-01-29,324151,Tamara Barad Itzhaki,Tamara Barad Itzhaki,1363,3,https://api.wtatennis.com/tennis/players/ranked?page=13&pageSize=100&type=rankSingles&sort=asc&metric=SINGLES&at=2024-01-29&name=&nationality=,2026-03-22T00:53:11Z
wta,2024-01-29,320599,Madison Frahn,Madison Frahn,1363,3,https://api.wtatennis.com/tennis/players/ranked?page=13&pageSize=100&type=rankSingles&sort=asc&metric=SINGLES&at=2024-01-29&name=&nationality=,2026-03-22T00:53:11Z
wta,2024-01-29,321930,Rocio Merlo,Rocio Merlo,1363,3,https://api.wtatennis.com/tennis/players/ranked?page=13&pageSize=100&type=rankSingles&sort=asc&metric=SINGLES&at=2024-01-29&name=&nationality=,2026-03-22T00:53:11Z
