event_date,fighter_a,fighter_b,event_title,source,source_url,captured_at,a_ko_odds_prob,a_sub_odds_prob,a_dec_odds_prob,b_ko_odds_prob,b_sub_odds_prob,b_dec_odds_prob
2012-05-05,Dennis Bermudez,Pablo Garza,,kaggle_mdabbert_bestfightodds,,2024-12-14T00:00:00Z,,,0.268817,,,0.165017
2012-05-05,Nate Diaz,Jim Miller,,kaggle_mdabbert_bestfightodds,,2024-12-14T00:00:00Z,0.06993,0.173913,0.244499,0.136612,0.17094,0.425532
2012-05-05,Josh Koscheck,Johny Hendricks,,kaggle_mdabbert_bestfightodds,,2024-12-14T00:00:00Z,0.148148,0.072727,0.294118,0.273973,0.058309,0.333333
2012-05-05,Rousimar Palhares,Alan Belcher,,kaggle_mdabbert_bestfightodds,,2024-12-14T00:00:00Z,0.07722,0.487805,0.235294,0.178571,0.096154,0.130719
2012-05-05,Pat Barry,Lavar Johnson,,kaggle_mdabbert_bestfightodds,,2024-12-14T00:00:00Z,0.454545,0.142857,0.125786,0.37037,0.055556,0.060606
2012-05-05,Danny Castillo,John Cholish,,kaggle_mdabbert_bestfightodds,,2024-12-14T00:00:00Z,,,0.286533,,,0.384615
2012-05-05,John Dodson,Tim Elliott,,kaggle_mdabbert_bestfightodds,,2024-12-14T00:00:00Z,,,0.283286,,,0.11919
2012-05-05,John Hathaway,Pascal Krauss,,kaggle_mdabbert_bestfightodds,,2024-12-14T00:00:00Z,,,0.497512,,,0.223714
2012-05-05,Louis Gaudinot,John Lineker,,kaggle_mdabbert_bestfightodds,,2024-12-14T00:00:00Z,,,0.173913,,,0.220264
2012-05-05,Tony Ferguson,Michael Johnson,,kaggle_mdabbert_bestfightodds,,2024-12-14T00:00:00Z,,,0.3125,0.37037,0.055556,0.060606
2012-05-15,Jason MacDonald,Tom Lawlor,,kaggle_mdabbert_bestfightodds,,2024-12-14T00:00:00Z,,,,0.344828,0.231481,0.224215
2012-05-15,Igor Pokrajac,Fabio Maldonado,,kaggle_mdabbert_bestfightodds,,2024-12-14T00:00:00Z,0.181818,0.142857,0.209205,0.4,0.057471,0.195695
2012-05-15,Yves Jabouin,Jeff Hougland,,kaggle_mdabbert_bestfightodds,,2024-12-14T00:00:00Z,0.416667,0.068166,0.294118,0.064309,0.222222,0.150376
2012-05-15,Donald Cerrone,Jeremy Stephens,,kaggle_mdabbert_bestfightodds,,2024-12-14T00:00:00Z,0.137552,0.238095,0.444444,0.121212,0.07722,0.206186
2012-05-15,Amir Sadollah,Jorge Lopez,,kaggle_mdabbert_bestfightodds,,2024-12-14T00:00:00Z,0.085837,0.183486,0.384615,0.173913,0.04717,0.308642
2012-05-15,Chan Sung Jung,Dustin Poirier,,kaggle_mdabbert_bestfightodds,,2024-12-14T00:00:00Z,0.16,0.088496,0.095238,0.4,0.25,0.221729
2012-05-26,Junior Dos Santos,Frank Mir,,kaggle_mdabbert_bestfightodds,,2024-12-14T00:00:00Z,0.791667,0.028169,0.073529,0.03663,0.142857,0.102669
2012-05-26,Cain Velasquez,Antonio Silva,,kaggle_mdabbert_bestfightodds,,2024-12-14T00:00:00Z,0.62963,0.047619,0.185874,0.168067,0.059524,0.08
2012-05-26,Roy Nelson,Dave Herman,,kaggle_mdabbert_bestfightodds,,2024-12-14T00:00:00Z,0.37037,0.160772,0.210526,0.173913,0.084388,0.2
2012-05-26,Stipe Miocic,Shane del Rosario,,kaggle_mdabbert_bestfightodds,,2024-12-14T00:00:00Z,0.357143,0.081301,0.274725,0.224719,0.136799,0.133333
2012-05-26,Stefan Struve,Lavar Johnson,,kaggle_mdabbert_bestfightodds,,2024-12-14T00:00:00Z,0.126743,0.487805,0.055556,0.425532,0.036697,0.038462
2012-05-26,Diego Brandao,Darren Elkins,,kaggle_mdabbert_bestfightodds,,2024-12-14T00:00:00Z,,,0.116959,,,0.25
2012-05-26,Edson Barboza,Jamie Varner,,kaggle_mdabbert_bestfightodds,,2024-12-14T00:00:00Z,,,0.47619,,,0.142857
2012-05-26,Jason Miller,CB Dollaway,,kaggle_mdabbert_bestfightodds,,2024-12-14T00:00:00Z,,,0.151515,,,0.25
2012-05-26,Dan Hardy,Duane Ludwig,,kaggle_mdabbert_bestfightodds,,2024-12-14T00:00:00Z,,,0.263158,,,0.266667
2012-06-01,Justin Lawrence,John Cofer,,kaggle_mdabbert_bestfightodds,,2024-12-14T00:00:00Z,,,0.247525,,,0.153846
2012-06-01,Max Holloway,Pat Schilling,,kaggle_mdabbert_bestfightodds,,2024-12-14T00:00:00Z,,,0.247525,,,0.105263
2012-06-01,Jonathan Brookins,Charles Oliveira,,kaggle_mdabbert_bestfightodds,,2024-12-14T00:00:00Z,,,0.263158,,,0.323625
2012-06-01,Michael Chiesa,Al Iaquinta,,kaggle_mdabbert_bestfightodds,,2024-12-14T00:00:00Z,,,0.157729,,,0.310559
2012-06-01,Jake Ellenberger,Martin Kampmann,,kaggle_mdabbert_bestfightodds,,2024-12-14T00:00:00Z,0.444444,0.072464,0.206612,0.090498,0.263158,0.141844
2012-06-08,Demetrious Johnson,Ian McCall,,kaggle_mdabbert_bestfightodds,,2024-12-14T00:00:00Z,0.10101,0.085106,0.454545,0.111111,0.082305,0.347222
2012-06-08,Mike Pyle,Josh Neer,,kaggle_mdabbert_bestfightodds,,2024-12-14T00:00:00Z,0.100604,0.25,0.416667,0.227273,0.118343,0.120192
2012-06-08,Eddie Wineland,Scott Jorgensen,,kaggle_mdabbert_bestfightodds,,2024-12-14T00:00:00Z,0.148148,0.076923,0.240964,0.124069,0.215054,0.393701
2012-06-08,Mike Pierce,Carlos Eduardo Rocha,,kaggle_mdabbert_bestfightodds,,2024-12-14T00:00:00Z,,,0.545455,,,0.181818
2012-06-08,Erick Silva,Charlie Brenneman,,kaggle_mdabbert_bestfightodds,,2024-12-14T00:00:00Z,0.384615,0.125,0.225225,0.088496,0.072202,0.285714
2012-06-08,Leonard Garcia,Matt Grice,,kaggle_mdabbert_bestfightodds,,2024-12-14T00:00:00Z,,,0.2331,,,0.333333
2012-06-08,Dustin Pague,Jared Papazian,,kaggle_mdabbert_bestfightodds,,2024-12-14T00:00:00Z,,,0.222222,,,0.357143
2012-06-08,Tim Means,Justin Salas,,kaggle_mdabbert_bestfightodds,,2024-12-14T00:00:00Z,,,0.373134,,,0.343643
2012-06-08,Buddy Roberts,Caio Magalhaes,,kaggle_mdabbert_bestfightodds,,2024-12-14T00:00:00Z,,,0.25,,,0.176991
2012-06-08,Henry Martinez,Bernardo Magalhaes,,kaggle_mdabbert_bestfightodds,,2024-12-14T00:00:00Z,,,,,,0.176991
2012-06-08,Seth Baczynski,Lance Benoist,,kaggle_mdabbert_bestfightodds,,2024-12-14T00:00:00Z,,,0.15748,,,0.263158
2012-06-22,Gray Maynard,Clay Guida,,kaggle_mdabbert_bestfightodds,,2024-12-14T00:00:00Z,0.3125,0.083682,0.363636,0.083682,0.222222,0.115075
2012-06-22,Sam Stout,Spencer Fisher,,kaggle_mdabbert_bestfightodds,,2024-12-14T00:00:00Z,0.212766,0.127551,0.509804,0.063052,0.072993,0.201207
2012-06-22,Brian Ebersole,TJ Waldburger,,kaggle_mdabbert_bestfightodds,,2024-12-14T00:00:00Z,,,0.292398,,,0.137931
2012-06-22,Ross Pearson,Cub Swanson,,kaggle_mdabbert_bestfightodds,,2024-12-14T00:00:00Z,,,0.545455,,,0.250627
2012-06-22,Rick Story,Brock Jardine,,kaggle_mdabbert_bestfightodds,,2024-12-14T00:00:00Z,,,0.406504,,,0.169779
2012-06-22,Ramsey Nijem,CJ Keith,,kaggle_mdabbert_bestfightodds,,2024-12-14T00:00:00Z,,,0.276243,,,0.173913
2012-06-22,Steven Siler,Joey Gambino,,kaggle_mdabbert_bestfightodds,,2024-12-14T00:00:00Z,,,0.3125,,,0.371747
2012-06-22,Nick Catone,Chris Camozzi,,kaggle_mdabbert_bestfightodds,,2024-12-14T00:00:00Z,,,0.512195,,,0.217865
2012-06-22,Matt Brown,Luis Ramos,,kaggle_mdabbert_bestfightodds,,2024-12-14T00:00:00Z,,,0.234742,,,0.222222
2012-06-22,Hatsu Hioki,Ricardo Lamas,,kaggle_mdabbert_bestfightodds,,2024-12-14T00:00:00Z,,,0.389105,,,0.215054
2012-06-23,Cezar Ferreira,Sergio Moraes,,kaggle_mdabbert_bestfightodds,,2024-12-14T00:00:00Z,,,0.26178,,,0.16
2012-06-23,Wanderlei Silva,Rich Franklin,,kaggle_mdabbert_bestfightodds,,2024-12-14T00:00:00Z,0.37037,0.08,0.117647,0.454545,0.033333,0.160514
2012-06-23,Iuri Alcantara,Hacran Dias,,kaggle_mdabbert_bestfightodds,,2024-12-14T00:00:00Z,,,0.367647,,,0.276243
2012-06-23,Fabricio Werdum,Mike Russow,,kaggle_mdabbert_bestfightodds,,2024-12-14T00:00:00Z,,,0.330033,,,0.166667
2012-07-07,Anderson Silva,Chael Sonnen,,kaggle_mdabbert_bestfightodds,,2024-12-14T00:00:00Z,0.547511,0.180832,0.122549,0.111111,0.046189,0.190476
2012-07-07,Cung Le,Patrick Cote,,kaggle_mdabbert_bestfightodds,,2024-12-14T00:00:00Z,0.25641,0.038462,0.122549,0.454545,0.125156,0.190476
2012-07-07,Dong Hyun Kim,Demian Maia,,kaggle_mdabbert_bestfightodds,,2024-12-14T00:00:00Z,0.149254,0.072727,0.454545,0.065317,0.217391,0.25641
2012-07-07,Chad Mendes,Cody McKenzie,,kaggle_mdabbert_bestfightodds,,2024-12-14T00:00:00Z,0.414938,0.2,0.3125,0.038462,0.136612,0.04878
2012-07-07,Forrest Griffin,Tito Ortiz,,kaggle_mdabbert_bestfightodds,,2024-12-14T00:00:00Z,0.222222,0.057471,0.5,0.125,0.064185,0.192308
2012-07-07,Melvin Guillard,Fabricio Camoes,,kaggle_mdabbert_bestfightodds,,2024-12-14T00:00:00Z,,,0.19084,,,
2012-07-07,Gleison Tibau,Khabib Nurmagomedov,,kaggle_mdabbert_bestfightodds,,2024-12-14T00:00:00Z,,,0.454545,,,0.263158
2012-07-07,Costas Philippou,Riki Fukuda,,kaggle_mdabbert_bestfightodds,,2024-12-14T00:00:00Z,,,0.384615,,,0.294118
2012-07-07,John Alessio,Shane Roller,,kaggle_mdabbert_bestfightodds,,2024-12-14T00:00:00Z,,,0.276243,,,0.44843
2012-07-07,Ivan Menjivar,Mike Easton,,kaggle_mdabbert_bestfightodds,,2024-12-14T00:00:00Z,0.162602,0.174216,0.289855,0.117647,0.086957,0.363636
2012-07-11,Rafael Dos Anjos,Anthony Njokuani,,kaggle_mdabbert_bestfightodds,,2024-12-14T00:00:00Z,,,0.2079,,,0.25
2012-07-11,TJ Dillashaw,Vaughan Lee,,kaggle_mdabbert_bestfightodds,,2024-12-14T00:00:00Z,,,0.454545,,,0.109409
2012-07-11,Karlos Vemola,Francis Carmont,,kaggle_mdabbert_bestfightodds,,2024-12-14T00:00:00Z,,,0.106724,,,0.276243
2012-07-11,Aaron Simpson,Kenny Robertson,,kaggle_mdabbert_bestfightodds,,2024-12-14T00:00:00Z,,,0.359712,,,0.163132
2012-07-11,James Te Huna,Joey Beltran,,kaggle_mdabbert_bestfightodds,,2024-12-14T00:00:00Z,,,0.239234,,,0.164204
2012-07-11,Mark Munoz,Chris Weidman,,kaggle_mdabbert_bestfightodds,,2024-12-14T00:00:00Z,,,0.236967,,,0.320513
2012-07-21,Hector Lombard,Tim Boetsch,,kaggle_mdabbert_bestfightodds,,2024-12-14T00:00:00Z,0.555556,0.090498,0.197239,0.142857,0.06079,0.151515
2012-07-21,Urijah Faber,Renan Barao,,kaggle_mdabbert_bestfightodds,,2024-12-14T00:00:00Z,0.100705,0.181818,0.233645,0.175747,0.212766,0.287356
2012-07-21,Cheick Kongo,Shawn Jordan,,kaggle_mdabbert_bestfightodds,,2024-12-14T00:00:00Z,0.327869,0.0625,0.200401,0.37037,0.086957,0.138889
2012-07-21,Brian Ebersole,James Head,,kaggle_mdabbert_bestfightodds,,2024-12-14T00:00:00Z,0.273973,0.207469,0.37037,0.135135,0.071685,0.139665
2012-08-04,John Moraga,Ulysses Gomez,,kaggle_mdabbert_bestfightodds,,2024-12-14T00:00:00Z,,,0.285714,,,0.364964
2012-08-04,Manvel Gamburyan,Michihiro Omigawa,,kaggle_mdabbert_bestfightodds,,2024-12-14T00:00:00Z,,,0.398406,,,0.353357
2012-08-04,Philip De Fries,Oli Thompson,,kaggle_mdabbert_bestfightodds,,2024-12-14T00:00:00Z,,,0.222222,,,0.095238
2012-08-04,Josh Grispi,Rani Yahya,,kaggle_mdabbert_bestfightodds,,2024-12-14T00:00:00Z,,,0.209205,,,0.204082
2012-08-04,Cole Miller,Nam Phan,,kaggle_mdabbert_bestfightodds,,2024-12-14T00:00:00Z,,,0.398406,,,0.277008
2012-08-04,Mike Swick,DaMarques Johnson,,kaggle_mdabbert_bestfightodds,,2024-12-14T00:00:00Z,0.283286,0.222222,0.211864,0.188679,0.111111,0.164474
2012-08-04,Joe Lauzon,Jamie Varner,,kaggle_mdabbert_bestfightodds,,2024-12-14T00:00:00Z,0.084034,0.384615,0.127226,0.277778,0.118064,0.263158
2012-08-04,Lyoto Machida,Ryan Bader,,kaggle_mdabbert_bestfightodds,,2024-12-14T00:00:00Z,0.357143,0.081103,0.408163,0.085106,0.034783,0.21978
2012-08-04,Mauricio Rua,Brandon Vera,,kaggle_mdabbert_bestfightodds,,2024-12-14T00:00:00Z,0.677419,0.111111,0.17331,0.152672,0.05814,0.086957
2012-08-11,Benson Henderson,Frankie Edgar,,kaggle_mdabbert_bestfightodds,,2024-12-14T00:00:00Z,0.166667,0.135685,0.416667,0.105263,0.053191,0.253165
2012-08-11,Donald Cerrone,Melvin Guillard,,kaggle_mdabbert_bestfightodds,,2024-12-14T00:00:00Z,0.166667,0.5,0.236407,0.186916,0.021739,0.111111
2012-08-11,Yushin Okami,Buddy Roberts,,kaggle_mdabbert_bestfightodds,,2024-12-14T00:00:00Z,0.392157,0.142857,0.392157,0.117647,0.076046,0.052632
2012-08-11,Justin Lawrence,Max Holloway,,kaggle_mdabbert_bestfightodds,,2024-12-14T00:00:00Z,0.121212,0.071276,0.266667,0.277778,0.105263,0.350877
2012-08-11,Jared Hamman,Michael Kuiper,,kaggle_mdabbert_bestfightodds,,2024-12-14T00:00:00Z,,,0.285714,,,0.274725
2012-08-11,Ken Stone,Erik Perez,,kaggle_mdabbert_bestfightodds,,2024-12-14T00:00:00Z,,,0.238095,,,0.27027
2012-08-11,Dustin Pague,Chico Camus,,kaggle_mdabbert_bestfightodds,,2024-12-14T00:00:00Z,,,0.241546,,,0.285714
2012-08-11,Nik Lentz,Eiji Mitsuoka,,kaggle_mdabbert_bestfightodds,,2024-12-14T00:00:00Z,,,0.607843,,,0.178571
2012-08-11,Dennis Bermudez,Tommy Hayden,,kaggle_mdabbert_bestfightodds,,2024-12-14T00:00:00Z,,,0.4,,,0.147493
2012-09-22,Jimy Hettes,Marcus Brimage,,kaggle_mdabbert_bestfightodds,,2024-12-14T00:00:00Z,,,0.169492,,,0.125
2012-09-22,Sean Pierson,Lance Benoist,,kaggle_mdabbert_bestfightodds,,2024-12-14T00:00:00Z,,,0.266667,,,0.3663
2012-09-22,TJ Grant,Evan Dunham,,kaggle_mdabbert_bestfightodds,,2024-12-14T00:00:00Z,,,0.310559,,,0.377358
2012-09-22,Igor Pokrajac,Vinny Magalhaes,,kaggle_mdabbert_bestfightodds,,2024-12-14T00:00:00Z,,,0.196078,,,0.235294
2012-09-22,Cub Swanson,Charles Oliveira,,kaggle_mdabbert_bestfightodds,,2024-12-14T00:00:00Z,0.190476,0.070671,0.142857,0.088106,0.454545,0.23753
2012-09-22,Matt Hamill,Roger Hollett,,kaggle_mdabbert_bestfightodds,,2024-12-14T00:00:00Z,0.408163,0.13986,0.311526,0.117647,0.07326,0.142857
2012-09-22,Michael Bisping,Brian Stann,,kaggle_mdabbert_bestfightodds,,2024-12-14T00:00:00Z,0.181818,0.128866,0.431034,0.277778,0.062305,0.119048
2012-09-22,Joseph Benavidez,Demetrious Johnson,,kaggle_mdabbert_bestfightodds,,2024-12-14T00:00:00Z,0.122699,0.190476,0.438596,0.085106,0.068027,0.235294
2012-09-22,Jon Jones,Vitor Belfort,,kaggle_mdabbert_bestfightodds,,2024-12-14T00:00:00Z,0.543379,0.297619,0.149477,0.111111,0.028777,0.076923
2012-09-29,Stefan Struve,Stipe Miocic,,kaggle_mdabbert_bestfightodds,,2024-12-14T00:00:00Z,0.137363,0.253165,0.090498,0.574468,0.036036,0.081766
2012-09-29,Brad Pickett,Yves Jabouin,,kaggle_mdabbert_bestfightodds,,2024-12-14T00:00:00Z,,,0.34965,,,0.27933
2012-09-29,Dan Hardy,Amir Sadollah,,kaggle_mdabbert_bestfightodds,,2024-12-14T00:00:00Z,,,0.318471,,,0.263158
2012-09-29,John Hathaway,John Maguire,,kaggle_mdabbert_bestfightodds,,2024-12-14T00:00:00Z,,,0.490196,,,0.229885
2012-09-29,Che Mills,Duane Ludwig,,kaggle_mdabbert_bestfightodds,,2024-12-14T00:00:00Z,,,0.120048,,,0.202429
2012-09-29,Paul Sass,Matt Wiman,,kaggle_mdabbert_bestfightodds,,2024-12-14T00:00:00Z,,,0.132979,,,0.240964
2012-10-05,Darren Uyenoyama,Phil Harris,,kaggle_mdabbert_bestfightodds,,2024-12-14T00:00:00Z,,,0.384615,,,0.181818
2012-10-05,Bart Palaszewski,Diego Nunes,,kaggle_mdabbert_bestfightodds,,2024-12-14T00:00:00Z,,,0.207469,,,0.49505
2012-10-05,Jacob Volkmann,Shane Roller,,kaggle_mdabbert_bestfightodds,,2024-12-14T00:00:00Z,,,0.52381,,,0.192308
2012-10-05,Michael Johnson,Danny Castillo,,kaggle_mdabbert_bestfightodds,,2024-12-14T00:00:00Z,,,0.384615,,,0.30303
2012-10-05,Josh Neer,Justin Edwards,,kaggle_mdabbert_bestfightodds,,2024-12-14T00:00:00Z,,,0.21645,,,0.166667
2012-10-05,John Dodson,Jussier Formiga,,kaggle_mdabbert_bestfightodds,,2024-12-14T00:00:00Z,,,0.444444,,,
2012-10-05,Jake Ellenberger,Jay Hieron,,kaggle_mdabbert_bestfightodds,,2024-12-14T00:00:00Z,0.5,0.082169,0.324675,0.074627,0.062305,0.190114
2012-10-05,Travis Browne,Antonio Silva,,kaggle_mdabbert_bestfightodds,,2024-12-14T00:00:00Z,0.62963,0.054054,0.068587,0.181818,0.15456,0.144509
2012-10-13,Anderson Silva,Stephan Bonnar,,kaggle_mdabbert_bestfightodds,,2024-12-14T00:00:00Z,0.642857,0.062112,0.30581,0.060606,0.039293,0.070822
2012-10-13,Minotauro Nogueira,Dave Herman,,kaggle_mdabbert_bestfightodds,,2024-12-14T00:00:00Z,0.377358,0.285714,0.174825,0.238095,0.068074,0.096154
2012-10-13,Glover Teixeira,Fabio Maldonado,,kaggle_mdabbert_bestfightodds,,2024-12-14T00:00:00Z,0.294118,0.4,0.207039,0.117647,0.072202,0.114286
2012-10-13,Phil Davis,Wagner Prado,,kaggle_mdabbert_bestfightodds,,2024-12-14T00:00:00Z,0.15949,0.37037,0.322581,0.181818,0.07326,0.082169
2012-10-13,Jon Fitch,Erick Silva,,kaggle_mdabbert_bestfightodds,,2024-12-14T00:00:00Z,0.086957,0.0625,0.322581,0.642857,0.062112,0.30581
2012-10-13,Rony Jason,Sam Sicilia,,kaggle_mdabbert_bestfightodds,,2024-12-14T00:00:00Z,,,,,,0.129032
2012-10-13,Gleison Tibau,Francisco Trinaldo,,kaggle_mdabbert_bestfightodds,,2024-12-14T00:00:00Z,,,0.241546,,,0.240964
2012-10-13,Diego Brandao,Joey Gambino,,kaggle_mdabbert_bestfightodds,,2024-12-14T00:00:00Z,,,0.160256,,,0.173913
2012-10-13,Sergio Moraes,Renee Forte,,kaggle_mdabbert_bestfightodds,,2024-12-14T00:00:00Z,,,0.19802,,,0.114286
2012-10-13,Demian Maia,Rick Story,,kaggle_mdabbert_bestfightodds,,2024-12-14T00:00:00Z,0.063291,0.285714,0.284091,0.153846,0.043478,0.34965
2012-11-10,Takanori Gomi,Mac Danzig,,kaggle_mdabbert_bestfightodds,,2024-12-14T00:00:00Z,,,0.15873,,,0.238095
2012-11-10,Dong Hyun Kim,Paulo Thiago,,kaggle_mdabbert_bestfightodds,,2024-12-14T00:00:00Z,,,0.583333,,,0.17094
2012-11-10,Rich Franklin,Cung Le,,kaggle_mdabbert_bestfightodds,,2024-12-14T00:00:00Z,0.622642,0.153846,0.146843,0.186916,0.048193,0.065359
2012-11-17,Georges St-Pierre,Carlos Condit,,kaggle_mdabbert_bestfightodds,,2024-12-14T00:00:00Z,0.16,0.210526,0.465116,0.178571,0.1001,0.080515
2012-11-17,Johny Hendricks,Martin Kampmann,,kaggle_mdabbert_bestfightodds,,2024-12-14T00:00:00Z,0.263158,0.073368,0.334448,0.112994,0.167504,0.236967
2012-11-17,Francis Carmont,Tom Lawlor,,kaggle_mdabbert_bestfightodds,,2024-12-14T00:00:00Z,0.222717,0.333333,0.274725,0.153846,0.082645,0.16
2012-11-17,Cyrille Diabate,Chad Griggs,,kaggle_mdabbert_bestfightodds,,2024-12-14T00:00:00Z,,,0.222222,,,0.2
2012-11-17,Mark Hominick,Pablo Garza,,kaggle_mdabbert_bestfightodds,,2024-12-14T00:00:00Z,0.384615,0.2,0.233645,0.166667,0.1,0.153846
2012-11-17,Patrick Cote,Alessio Sakara,,kaggle_mdabbert_bestfightodds,,2024-12-14T00:00:00Z,,,0.175131,,,0.133333
2012-11-17,Sam Stout,John Makdessi,,kaggle_mdabbert_bestfightodds,,2024-12-14T00:00:00Z,,,0.425532,,,0.277778
2012-11-17,Mark Bocek,Rafael Dos Anjos,,kaggle_mdabbert_bestfightodds,,2024-12-14T00:00:00Z,0.091743,0.114286,0.222222,,,
2012-12-08,Mauricio Rua,Alexander Gustafsson,,kaggle_mdabbert_bestfightodds,,2024-12-14T00:00:00Z,0.148148,0.043478,0.179533,0.289855,0.088889,0.444444
2012-12-08,BJ Penn,Rory MacDonald,,kaggle_mdabbert_bestfightodds,,2024-12-14T00:00:00Z,0.142045,0.09901,0.143678,,,
2012-12-08,Benson Henderson,Nate Diaz,,kaggle_mdabbert_bestfightodds,,2024-12-14T00:00:00Z,0.181818,0.08569,0.512195,0.079681,0.19802,0.14881
2012-12-08,Mike Swick,Matt Brown,,kaggle_mdabbert_bestfightodds,,2024-12-14T00:00:00Z,0.13624,0.338983,0.215054,0.206186,0.146413,0.171527
2012-12-08,Ramsey Nijem,Joe Proctor,,kaggle_mdabbert_bestfightodds,,2024-12-14T00:00:00Z,,,0.425532,,,0.183824
2012-12-08,Raphael Assuncao,Mike Easton,,kaggle_mdabbert_bestfightodds,,2024-12-14T00:00:00Z,,,0.25,,,0.545455
2012-12-08,Dennis Siver,Nam Phan,,kaggle_mdabbert_bestfightodds,,2024-12-14T00:00:00Z,,,0.423729,,,0.222222
2012-12-08,Marcus LeVesseur,Abel Trujillo,,kaggle_mdabbert_bestfightodds,,2024-12-14T00:00:00Z,,,,,,0.25641
2012-12-08,Yves Edwards,Jeremy Stephens,,kaggle_mdabbert_bestfightodds,,2024-12-14T00:00:00Z,,,0.253807,,,0.214592
2012-12-14,Nick Penner,Cody Donovan,,kaggle_mdabbert_bestfightodds,,2024-12-14T00:00:00Z,,,0.215054,,,0.222222
2012-12-14,Brendan Loughnane,Mike Wilkinson,,kaggle_mdabbert_bestfightodds,,2024-12-14T00:00:00Z,,,0.235294,,,0.263852
2012-12-14,Benny Alloway,Manuel Rodriguez,,kaggle_mdabbert_bestfightodds,,2024-12-14T00:00:00Z,,,0.306748,,,0.208333
2012-12-14,Mike Pierce,Seth Baczynski,,kaggle_mdabbert_bestfightodds,,2024-12-14T00:00:00Z,,,0.583333,,,0.149701
2012-12-14,Chad Mendes,Yaotzin Meza,,kaggle_mdabbert_bestfightodds,,2024-12-14T00:00:00Z,,,0.274725,,,0.066401
2012-12-14,Hector Lombard,Rousimar Palhares,,kaggle_mdabbert_bestfightodds,,2024-12-14T00:00:00Z,,,0.14881,,,0.08
2012-12-14,Colin Fletcher,Norman Parke,,kaggle_mdabbert_bestfightodds,,2024-12-14T00:00:00Z,,,0.266667,,,0.285714
2012-12-14,Robert Whittaker,Bradley Scott,,kaggle_mdabbert_bestfightodds,,2024-12-14T00:00:00Z,,,0.230947,,,0.294118
2012-12-14,George Sotiropoulos,Ross Pearson,,kaggle_mdabbert_bestfightodds,,2024-12-14T00:00:00Z,0.041667,0.185185,0.280112,0.294118,0.148588,0.285714
2012-12-15,Roy Nelson,Matt Mitrione,,kaggle_mdabbert_bestfightodds,,2024-12-14T00:00:00Z,0.444444,0.125,0.243902,0.181818,0.037383,0.235294
2012-12-15,Pat Barry,Shane del Rosario,,kaggle_mdabbert_bestfightodds,,2024-12-14T00:00:00Z,0.25,0.062893,0.090662,0.369004,0.357143,0.090416
2012-12-15,Dustin Poirier,Jonathan Brookins,,kaggle_mdabbert_bestfightodds,,2024-12-14T00:00:00Z,0.166667,0.20202,0.444444,0.095238,0.069444,0.222222
2012-12-15,Colton Smith,Mike Ricci,,kaggle_mdabbert_bestfightodds,,2024-12-14T00:00:00Z,0.067024,0.068966,0.227273,0.357143,0.195695,0.26738
2012-12-15,Johnny Bedford,Marcos Vinicius,,kaggle_mdabbert_bestfightodds,,2024-12-14T00:00:00Z,,,0.3125,,,0.149254
2012-12-15,TJ Waldburger,Nick Catone,,kaggle_mdabbert_bestfightodds,,2024-12-14T00:00:00Z,,,0.153846,,,0.211864
2012-12-15,Vinc Pichel,Rustam Khabilov,,kaggle_mdabbert_bestfightodds,,2024-12-14T00:00:00Z,,,0.153846,,,0.298507
2012-12-15,Mike Pyle,James Head,,kaggle_mdabbert_bestfightodds,,2024-12-14T00:00:00Z,,,0.314465,,,0.222222
2012-12-29,Junior Dos Santos,Cain Velasquez,,kaggle_mdabbert_bestfightodds,,2024-12-14T00:00:00Z,0.547511,0.070175,0.135501,0.282486,0.054054,0.103627
2012-12-29,Jim Miller,Joe Lauzon,,kaggle_mdabbert_bestfightodds,,2024-12-14T00:00:00Z,0.106045,0.307692,0.333333,0.070423,0.2,0.185529
2012-12-29,Tim Boetsch,Costas Philippou,,kaggle_mdabbert_bestfightodds,,2024-12-14T00:00:00Z,0.117647,0.137931,0.355872,0.15873,0.044944,0.319489
2012-12-29,Yushin Okami,Alan Belcher,,kaggle_mdabbert_bestfightodds,,2024-12-14T00:00:00Z,0.086957,0.038911,0.444444,0.294118,0.086207,0.2
2012-12-29,Chris Leben,Derek Brunson,,kaggle_mdabbert_bestfightodds,,2024-12-14T00:00:00Z,0.363636,0.137174,0.190476,0.111111,0.111732,0.284091
2012-12-29,Brad Pickett,Eddie Wineland,,kaggle_mdabbert_bestfightodds,,2024-12-14T00:00:00Z,,,0.211864,,,0.322581
2012-12-29,Melvin Guillard,Jamie Varner,,kaggle_mdabbert_bestfightodds,,2024-12-14T00:00:00Z,,,0.195312,,,0.148148
2012-12-29,Michael Johnson,Myles Jury,,kaggle_mdabbert_bestfightodds,,2024-12-14T00:00:00Z,,,0.416667,,,0.173913
2012-12-29,Philip De Fries,Todd Duffee,,kaggle_mdabbert_bestfightodds,,2024-12-14T00:00:00Z,,,0.108108,,,0.076923
2012-12-29,Leonard Garcia,Max Holloway,,kaggle_mdabbert_bestfightodds,,2024-12-14T00:00:00Z,,,0.141643,,,0.52381
2012-12-29,Chris Cariaso,John Moraga,,kaggle_mdabbert_bestfightodds,,2024-12-14T00:00:00Z,,,0.307692,,,0.367647
2012-12-29,Erik Perez,Byron Bloodworth,,kaggle_mdabbert_bestfightodds,,2024-12-14T00:00:00Z,,,0.296736,,,0.166667
2013-01-19,Gabriel Gonzaga,Ben Rothwell,,kaggle_mdabbert_bestfightodds,,2024-12-14T00:00:00Z,0.189753,0.28169,0.167504,0.3125,0.05291,0.208333
2013-01-19,Vitor Belfort,Michael Bisping,,kaggle_mdabbert_bestfightodds,,2024-12-14T00:00:00Z,0.37037,0.076923,0.142857,0.180832,0.04878,0.357143
2013-01-19,Daniel Sarafian,CB Dollaway,,kaggle_mdabbert_bestfightodds,,2024-12-14T00:00:00Z,0.277778,0.25641,0.125786,0.078927,0.1,0.322581
2013-01-19,Thiago Tavares,Khabib Nurmagomedov,,kaggle_mdabbert_bestfightodds,,2024-12-14T00:00:00Z,0.072993,0.08,0.3003,0.25641,0.104712,0.358423
2013-01-19,Edson Barboza,Lucas Martins,,kaggle_mdabbert_bestfightodds,,2024-12-14T00:00:00Z,,,0.363636,,,0.133333
2013-01-19,Ronny Markes,Andrew Craig,,kaggle_mdabbert_bestfightodds,,2024-12-14T00:00:00Z,,,0.565217,,,0.212314
2013-01-19,Diego Nunes,Nik Lentz,,kaggle_mdabbert_bestfightodds,,2024-12-14T00:00:00Z,,,0.406504,,,0.330033
2013-01-19,Francisco Trinaldo,CJ Keith,,kaggle_mdabbert_bestfightodds,,2024-12-14T00:00:00Z,,,,,,0.153846
2013-01-19,Wagner Prado,Ildemar Alcantara,,kaggle_mdabbert_bestfightodds,,2024-12-14T00:00:00Z,,,0.166667,,,0.221239
2013-01-19,Godofredo Pepey,Milton Vieira,,kaggle_mdabbert_bestfightodds,,2024-12-14T00:00:00Z,,,,,,0.380228
2013-01-26,Demetrious Johnson,John Dodson,,kaggle_mdabbert_bestfightodds,,2024-12-14T00:00:00Z,0.09434,0.095969,0.561404,0.204082,0.046512,0.169779
2013-01-26,Rampage Jackson,Glover Teixeira,,kaggle_mdabbert_bestfightodds,,2024-12-14T00:00:00Z,0.232558,0.03413,0.131752,0.333333,0.222222,0.235849
2013-01-26,Anthony Pettis,Donald Cerrone,,kaggle_mdabbert_bestfightodds,,2024-12-14T00:00:00Z,0.215054,0.097561,0.363636,0.102249,0.102041,0.298507
2013-01-26,Erik Koch,Ricardo Lamas,,kaggle_mdabbert_bestfightodds,,2024-12-14T00:00:00Z,0.333333,0.091827,0.342466,0.070175,0.090909,0.266667
2013-01-26,TJ Grant,Matt Wiman,,kaggle_mdabbert_bestfightodds,,2024-12-14T00:00:00Z,,,0.456621,,,0.217391
2013-01-26,Mike Stumpf,Pascal Krauss,,kaggle_mdabbert_bestfightodds,,2024-12-14T00:00:00Z,,,0.229358,,,0.320513
2013-01-26,Ryan Bader,Vladimir Matyushenko,,kaggle_mdabbert_bestfightodds,,2024-12-14T00:00:00Z,,,0.326797,,,0.08
2013-01-26,Mike Russow,Shawn Jordan,,kaggle_mdabbert_bestfightodds,,2024-12-14T00:00:00Z,,,0.289017,,,0.178571
2013-01-26,Rafael Natal,Sean Spencer,,kaggle_mdabbert_bestfightodds,,2024-12-14T00:00:00Z,,,0.299401,,,0.243902
2013-01-26,Simeon Thoresen,David Mitchell,,kaggle_mdabbert_bestfightodds,,2024-12-14T00:00:00Z,,,0.327869,,,0.163934
2013-01-26,Clay Guida,Hatsu Hioki,,kaggle_mdabbert_bestfightodds,,2024-12-14T00:00:00Z,,,0.547511,,,0.184502
2013-02-02,Jon Fitch,Demian Maia,,kaggle_mdabbert_bestfightodds,,2024-12-14T00:00:00Z,0.095238,0.041754,0.607843,0.057143,0.274725,0.153846
2013-02-02,Jose Aldo,Frankie Edgar,,kaggle_mdabbert_bestfightodds,,2024-12-14T00:00:00Z,0.333333,0.068966,0.321543,0.144928,0.054945,0.275482
2013-02-02,Rashad Evans,Rogerio Nogueira,,kaggle_mdabbert_bestfightodds,,2024-12-14T00:00:00Z,0.26178,0.076923,0.591837,0.142857,0.064516,0.068966
2013-02-02,Alistair Overeem,Antonio Silva,,kaggle_mdabbert_bestfightodds,,2024-12-14T00:00:00Z,0.726027,0.074074,0.148148,0.158983,0.086957,0.057143
2013-02-02,Joseph Benavidez,Ian McCall,,kaggle_mdabbert_bestfightodds,,2024-12-14T00:00:00Z,0.134228,0.150602,0.565217,0.081633,0.062305,0.239808
2013-02-02,Edwin Figueroa,Francisco Rivera,,kaggle_mdabbert_bestfightodds,,2024-12-14T00:00:00Z,0.133333,0.128205,0.112994,0.392157,0.078125,0.353357
2013-02-02,Tyron Woodley,Jay Hieron,,kaggle_mdabbert_bestfightodds,,2024-12-14T00:00:00Z,0.192308,0.070671,0.408163,0.153846,0.074906,0.307692
2013-02-02,Jacob Volkmann,Bobby Green,,kaggle_mdabbert_bestfightodds,,2024-12-14T00:00:00Z,0.055866,0.454545,0.367647,0.145773,0.050891,0.107643
2013-02-02,Yves Edwards,Isaac Vallie-Flagg,,kaggle_mdabbert_bestfightodds,,2024-12-14T00:00:00Z,0.194175,0.215054,0.37594,0.168067,0.044346,0.185874
2013-02-02,Chico Camus,Dustin Kimura,,kaggle_mdabbert_bestfightodds,,2024-12-14T00:00:00Z,0.148148,0.08,0.440529,0.150602,0.224719,0.16
2013-02-02,Gleison Tibau,Evan Dunham,,kaggle_mdabbert_bestfightodds,,2024-12-14T00:00:00Z,0.133511,0.144928,0.277778,0.141643,0.100503,0.406504
2013-02-16,Gunnar Nelson,Jorge Santiago,,kaggle_mdabbert_bestfightodds,,2024-12-14T00:00:00Z,0.222222,0.292398,0.320513,0.163934,0.06079,0.16
2013-02-16,Renan Barao,Michael McDonald,,kaggle_mdabbert_bestfightodds,,2024-12-14T00:00:00Z,0.156495,0.289855,0.390625,0.138889,0.041667,0.170068
2013-02-16,Cub Swanson,Dustin Poirier,,kaggle_mdabbert_bestfightodds,,2024-12-14T00:00:00Z,0.285714,0.084034,0.205339,0.114286,0.289855,0.201613
2013-02-16,Jimi Manuwa,Cyrille Diabate,,kaggle_mdabbert_bestfightodds,,2024-12-14T00:00:00Z,0.583333,0.067249,0.170358,0.146628,0.145985,0.137931
2013-02-16,James Te Huna,Ryan Jimmo,,kaggle_mdabbert_bestfightodds,,2024-12-14T00:00:00Z,0.52381,0.06135,0.192308,0.222222,0.056657,0.140845
2013-02-16,Phil Harris,Ulysses Gomez,,kaggle_mdabbert_bestfightodds,,2024-12-14T00:00:00Z,0.068966,0.066007,0.286533,0.136612,0.344828,0.295858
2013-02-16,Paul Sass,Danny Castillo,,kaggle_mdabbert_bestfightodds,,2024-12-14T00:00:00Z,0.072464,0.4,0.134409,0.273973,0.092166,0.222222
2013-02-16,Andy Ogle,Josh Grispi,,kaggle_mdabbert_bestfightodds,,2024-12-14T00:00:00Z,0.157978,0.0625,0.307692,0.214592,0.307692,0.159744
2013-02-16,Tom Watson,Stanislav Nedkov,,kaggle_mdabbert_bestfightodds,,2024-12-14T00:00:00Z,0.25,0.05168,0.3367,0.210526,0.120482,0.231481
2013-02-16,Vaughan Lee,Motonobu Tezuka,,kaggle_mdabbert_bestfightodds,,2024-12-14T00:00:00Z,0.137931,0.205339,0.321543,0.148368,0.148148,0.266667
2013-02-16,Terry Etim,Renee Forte,,kaggle_mdabbert_bestfightodds,,2024-12-14T00:00:00Z,0.18622,0.392157,0.282486,0.137931,0.043384,0.162338
2013-02-23,Lyoto Machida,Dan Henderson,,kaggle_mdabbert_bestfightodds,,2024-12-14T00:00:00Z,0.135135,0.133333,0.50495,0.255754,0.04,0.131579
2013-02-23,Urijah Faber,Ivan Menjivar,,kaggle_mdabbert_bestfightodds,,2024-12-14T00:00:00Z,0.129534,0.25,0.534884,0.038911,0.465116,0.17094
2013-02-23,Court McGee,Josh Neer,,kaggle_mdabbert_bestfightodds,,2024-12-14T00:00:00Z,0.193798,0.19802,0.452489,0.128205,0.083333,0.137931
2013-02-23,Josh Koscheck,Robbie Lawler,,kaggle_mdabbert_bestfightodds,,2024-12-14T00:00:00Z,0.181818,0.236407,0.429185,0.19084,0.029412,0.105263
2013-02-23,Brendan Schaub,Lavar Johnson,,kaggle_mdabbert_bestfightodds,,2024-12-14T00:00:00Z,0.142857,0.384615,0.103306,0.454545,0.03413,0.076923
2013-02-23,Ronda Rousey,Liz Carmouche,,kaggle_mdabbert_bestfightodds,,2024-12-14T00:00:00Z,0.095238,0.787234,0.089366,0.097276,0.038462,0.037037
2013-02-23,Dennis Bermudez,Matt Grice,,kaggle_mdabbert_bestfightodds,,2024-12-14T00:00:00Z,0.222222,0.25974,0.406504,0.134228,0.090909,0.142857
2013-02-23,Sam Stout,Caros Fodor,,kaggle_mdabbert_bestfightodds,,2024-12-14T00:00:00Z,0.192308,0.093197,0.285714,0.08,0.08,0.528302
2013-02-23,Kenny Robertson,Brock Jardine,,kaggle_mdabbert_bestfightodds,,2024-12-14T00:00:00Z,0.153846,0.066007,0.27027,0.243902,0.238095,0.215054
2013-02-23,Jon Manley,Neil Magny,,kaggle_mdabbert_bestfightodds,,2024-12-14T00:00:00Z,0.074074,0.153846,0.266667,0.162866,0.162602,0.378788
2013-02-23,Nah-Shon Burrell,Yuri Villefort,,kaggle_mdabbert_bestfightodds,,2024-12-14T00:00:00Z,0.217865,0.066667,0.27027,0.151286,0.206186,0.280112
2013-02-23,Michael Chiesa,Anton Kuivanen,,kaggle_mdabbert_bestfightodds,,2024-12-14T00:00:00Z,0.102669,0.392157,0.294118,0.111111,0.101523,0.210526
2013-03-02,Wanderlei Silva,Brian Stann,,kaggle_mdabbert_bestfightodds,,2024-12-14T00:00:00Z,0.181818,0.0625,0.16,0.622642,0.060606,0.17094
2013-03-02,Stefan Struve,Mark Hunt,,kaggle_mdabbert_bestfightodds,,2024-12-14T00:00:00Z,0.125,0.5,0.166667,0.357143,0.032258,0.102564
2013-03-02,Takanori Gomi,Diego Sanchez,,kaggle_mdabbert_bestfightodds,,2024-12-14T00:00:00Z,0.142653,0.038462,0.218818,0.142857,0.238095,0.364964
2013-03-02,Yushin Okami,Hector Lombard,,kaggle_mdabbert_bestfightodds,,2024-12-14T00:00:00Z,0.065574,0.066667,0.289855,0.591837,0.076923,0.2
2013-03-02,Mizuto Hirota,Rani Yahya,,kaggle_mdabbert_bestfightodds,,2024-12-14T00:00:00Z,0.17762,0.076923,0.378788,0.043478,0.269542,0.181818
2013-03-02,Riki Fukuda,Brad Tavares,,kaggle_mdabbert_bestfightodds,,2024-12-14T00:00:00Z,0.128041,0.047619,0.377358,0.141044,0.121212,0.377358
2013-03-02,Takeya Mizugaki,Bryan Caraway,,kaggle_mdabbert_bestfightodds,,2024-12-14T00:00:00Z,0.357143,0.053476,0.37037,0.04878,0.153846,0.251256
2013-03-02,Cristiano Marcello,Kazuki Tokudome,,kaggle_mdabbert_bestfightodds,,2024-12-14T00:00:00Z,0.232558,0.163934,0.230415,0.273973,0.081633,0.210526
2013-03-02,Marcelo Guimaraes,Hyun Gyu Lim,,kaggle_mdabbert_bestfightodds,,2024-12-14T00:00:00Z,0.082169,0.173913,0.121212,0.444444,0.090498,0.278552
2013-03-02,Dong Hyun Kim,Siyar Bahadurzada,,kaggle_mdabbert_bestfightodds,,2024-12-14T00:00:00Z,0.076923,0.205761,0.460829,0.265957,0.076923,0.116144
2013-03-16,Georges St-Pierre,Nick Diaz,,kaggle_mdabbert_bestfightodds,,2024-12-14T00:00:00Z,0.235294,0.142857,0.555556,0.074074,0.115875,0.066934
2013-03-16,Carlos Condit,Johny Hendricks,,kaggle_mdabbert_bestfightodds,,2024-12-14T00:00:00Z,0.147493,0.125,0.3367,0.222222,0.05168,0.344828
2013-03-16,Jake Ellenberger,Nate Marquardt,,kaggle_mdabbert_bestfightodds,,2024-12-14T00:00:00Z,0.240964,0.051151,0.364964,0.204082,0.059701,0.246914
2013-03-16,Nick Ring,Chris Camozzi,,kaggle_mdabbert_bestfightodds,,2024-12-14T00:00:00Z,0.070423,0.152672,0.408163,0.148148,0.076046,0.327869
2013-03-16,Mike Ricci,Colin Fletcher,,kaggle_mdabbert_bestfightodds,,2024-12-14T00:00:00Z,0.338983,0.21692,0.344828,0.061728,0.105263,0.131579
2013-03-16,John Makdessi,Daron Cruickshank,,kaggle_mdabbert_bestfightodds,,2024-12-14T00:00:00Z,0.243902,0.075188,0.31746,0.181818,0.066445,0.322581
2013-03-16,Antonio Carvalho,Darren Elkins,,kaggle_mdabbert_bestfightodds,,2024-12-14T00:00:00Z,0.16,0.144928,0.140252,0.098039,0.111111,0.574468
2013-03-16,Dan Miller,Jordan Mein,,kaggle_mdabbert_bestfightodds,,2024-12-14T00:00:00Z,0.06192,0.121951,0.177305,0.28169,0.087336,0.460829
2013-03-16,Rick Story,Quinn Mulhern,,kaggle_mdabbert_bestfightodds,,2024-12-14T00:00:00Z,0.285714,0.1,0.537037,0.057143,0.086957,0.153846
2013-03-16,TJ Dillashaw,Issei Tamura,,kaggle_mdabbert_bestfightodds,,2024-12-14T00:00:00Z,0.224215,0.25,0.478469,0.125,0.065789,0.069686
2013-03-16,George Roop,Reuben Duran,,kaggle_mdabbert_bestfightodds,,2024-12-14T00:00:00Z,0.229885,0.169492,0.164204,0.246914,0.11919,0.277778
2013-03-16,Patrick Cote,Bobby Voelker,,kaggle_mdabbert_bestfightodds,,2024-12-14T00:00:00Z,0.401606,0.117647,0.212766,0.173913,0.060976,0.243902
2013-04-06,Akira Corassani,Robert Peralta,,kaggle_mdabbert_bestfightodds,,2024-12-14T00:00:00Z,0.079681,0.0625,0.130548,0.606299,0.058824,0.238095
2013-04-06,Diego Brandao,Pablo Garza,,kaggle_mdabbert_bestfightodds,,2024-12-14T00:00:00Z,0.367647,0.181818,0.229885,0.131234,0.066667,0.222222
2013-04-06,Brad Pickett,Mike Easton,,kaggle_mdabbert_bestfightodds,,2024-12-14T00:00:00Z,0.143678,0.105263,0.4329,0.11325,0.076923,0.31348
2013-04-06,Matt Mitrione,Philip De Fries,,kaggle_mdabbert_bestfightodds,,2024-12-14T00:00:00Z,0.62963,0.029412,0.123762,0.090909,0.175747,0.129032
2013-04-06,Ryan Couture,Ross Pearson,,kaggle_mdabbert_bestfightodds,,2024-12-14T00:00:00Z,0.0625,0.07874,0.180505,0.333333,0.066667,0.456621
2013-04-06,Gegard Mousasi,Ilir Latifi,,kaggle_mdabbert_bestfightodds,,2024-12-14T00:00:00Z,0.446429,0.30303,0.211864,0.069832,0.038462,0.095238
2013-04-13,Urijah Faber,Scott Jorgensen,,kaggle_mdabbert_bestfightodds,,2024-12-14T00:00:00Z,0.166667,0.42735,0.364964,0.082988,0.064516,0.166667
2013-04-13,Uriah Hall,Kelvin Gastelum,,kaggle_mdabbert_bestfightodds,,2024-12-14T00:00:00Z,0.591837,0.117647,0.235294,0.074074,0.103627,0.148148
2013-04-13,Miesha Tate,Cat Zingano,,kaggle_mdabbert_bestfightodds,,2024-12-14T00:00:00Z,0.068966,0.170358,0.289855,0.133333,0.144718,0.401606
2013-04-13,Travis Browne,Gabriel Gonzaga,,kaggle_mdabbert_bestfightodds,,2024-12-14T00:00:00Z,0.583333,0.0625,0.222222,0.095238,0.166667,0.172414
2013-04-13,Dylan Andrews,Jimmy Quinlan,,kaggle_mdabbert_bestfightodds,,2024-12-14T00:00:00Z,0.2849,0.137931,0.238095,0.176991,0.191205,0.189394
2013-04-13,Josh Samman,Kevin Casey,,kaggle_mdabbert_bestfightodds,,2024-12-14T00:00:00Z,0.514563,0.178571,0.240964,0.035714,0.09434,0.142857
2013-04-13,Luke Barnatt,Collin Hart,,kaggle_mdabbert_bestfightodds,,2024-12-14T00:00:00Z,0.254453,0.178571,0.151286,0.178571,0.199203,0.238095
2013-04-13,Bristol Marunde,Clint Hester,,kaggle_mdabbert_bestfightodds,,2024-12-14T00:00:00Z,0.104603,0.222222,0.186916,0.348432,0.1,0.246305
2013-04-13,Bubba McDaniel,Gilbert Smith,,kaggle_mdabbert_bestfightodds,,2024-12-14T00:00:00Z,0.16,0.334448,0.228833,0.071429,0.253807,0.166667
2013-04-20,Chad Mendes,Darren Elkins,,kaggle_mdabbert_bestfightodds,,2024-12-14T00:00:00Z,0.35461,0.142857,0.436681,0.090909,0.047619,0.115075
2013-04-20,Benson Henderson,Gilbert Melendez,,kaggle_mdabbert_bestfightodds,,2024-12-14T00:00:00Z,0.186567,0.138889,0.469484,0.084388,0.041667,0.222717
2013-04-20,Frank Mir,Daniel Cormier,,kaggle_mdabbert_bestfightodds,,2024-12-14T00:00:00Z,0.070423,0.133333,0.129032,0.661017,0.052632,0.243902
2013-04-20,Nate Diaz,Josh Thomson,,kaggle_mdabbert_bestfightodds,,2024-12-14T00:00:00Z,0.114286,0.192308,0.367647,0.065789,0.052632,0.389105
2013-04-20,Francis Carmont,Lorenz Larkin,,kaggle_mdabbert_bestfightodds,,2024-12-14T00:00:00Z,0.133333,0.2,0.285714,0.243902,0.038095,0.248139
2013-04-20,Matt Brown,Jordan Mein,,kaggle_mdabbert_bestfightodds,,2024-12-14T00:00:00Z,0.090909,0.064267,0.192308,0.294118,0.181818,0.377358
2013-04-20,Joseph Benavidez,Darren Uyenoyama,,kaggle_mdabbert_bestfightodds,,2024-12-14T00:00:00Z,0.25,0.25,0.434783,0.059172,0.066667,0.123457
2013-04-20,Clifford Starks,Yoel Romero,,kaggle_mdabbert_bestfightodds,,2024-12-14T00:00:00Z,0.173913,0.102669,0.206186,0.408163,0.081967,0.206612
2013-04-20,Tim Means,Jorge Masvidal,,kaggle_mdabbert_bestfightodds,,2024-12-14T00:00:00Z,0.227273,0.066225,0.287356,0.206186,0.090253,0.314465
2013-04-20,TJ Dillashaw,Hugo Viana,,kaggle_mdabbert_bestfightodds,,2024-12-14T00:00:00Z,0.238663,0.222222,0.401606,0.137552,0.058824,0.16
2013-04-20,Anthony Njokuani,Roger Bowling,,kaggle_mdabbert_bestfightodds,,2024-12-14T00:00:00Z,0.333333,0.053333,0.363636,0.153846,0.088106,0.222222
2013-04-20,Ramsey Nijem,Myles Jury,,kaggle_mdabbert_bestfightodds,,2024-12-14T00:00:00Z,0.148148,0.052493,0.222222,0.166667,0.181818,0.425532
2013-04-27,Jon Jones,Chael Sonnen,,kaggle_mdabbert_bestfightodds,,2024-12-14T00:00:00Z,0.408163,0.425532,0.2,0.052632,0.043478,0.090909
2013-04-27,Michael Bisping,Alan Belcher,,kaggle_mdabbert_bestfightodds,,2024-12-14T00:00:00Z,0.2,0.052632,0.5,0.2,0.058824,0.25
2013-04-27,Roy Nelson,Cheick Kongo,,kaggle_mdabbert_bestfightodds,,2024-12-14T00:00:00Z,0.512195,0.142857,0.2,0.142857,0.038462,0.222222
2013-04-27,Phil Davis,Vinny Magalhaes,,kaggle_mdabbert_bestfightodds,,2024-12-14T00:00:00Z,0.153846,0.125,0.583333,0.066667,0.166667,0.142857
2013-04-27,Rustam Khabilov,Yancy Medeiros,,kaggle_mdabbert_bestfightodds,,2024-12-14T00:00:00Z,0.282486,0.181818,0.277778,0.192308,0.162866,0.108108
2013-04-27,Gian Villante,Ovince Saint Preux,,kaggle_mdabbert_bestfightodds,,2024-12-14T00:00:00Z,0.166667,0.090909,0.25,0.350877,0.1,0.37037
2013-04-27,Sara McMann,Sheila Gaff,,kaggle_mdabbert_bestfightodds,,2024-12-14T00:00:00Z,0.145138,0.47619,0.319489,0.133333,0.05814,0.06734
2013-04-27,Bryan Caraway,Johnny Bedford,,kaggle_mdabbert_bestfightodds,,2024-12-14T00:00:00Z,0.064935,0.363636,0.16,0.220751,0.110011,0.280899
2013-04-27,Leonard Garcia,Cody McKenzie,,kaggle_mdabbert_bestfightodds,,2024-12-14T00:00:00Z,0.371747,0.153846,0.235294,0.046512,0.263158,0.121655
2013-04-27,Steven Siler,Kurt Holobaugh,,kaggle_mdabbert_bestfightodds,,2024-12-14T00:00:00Z,0.052632,0.229358,0.304878,0.177936,0.142857,0.2849
2013-05-18,Vitor Belfort,Luke Rockhold,,kaggle_mdabbert_bestfightodds,,2024-12-14T00:00:00Z,0.4,0.090909,0.129032,0.224719,0.173913,0.273973
2013-05-18,Jacare Souza,Chris Camozzi,,kaggle_mdabbert_bestfightodds,,2024-12-14T00:00:00Z,0.133333,0.636364,0.25,0.105263,0.038462,0.111111
2013-05-18,Rafael Dos Anjos,Evan Dunham,,kaggle_mdabbert_bestfightodds,,2024-12-14T00:00:00Z,0.166667,0.188679,0.4,0.095238,0.058824,0.285714
2013-05-18,Rafael Natal,Joao Zeferino,,kaggle_mdabbert_bestfightodds,,2024-12-14T00:00:00Z,0.25,0.18018,0.408163,0.08,0.070922,0.185185
2013-05-18,Hacran Dias,Nik Lentz,,kaggle_mdabbert_bestfightodds,,2024-12-14T00:00:00Z,0.055556,0.183486,0.357143,0.085837,0.178571,0.328947
2013-05-18,Francisco Trinaldo,Mike Rio,,kaggle_mdabbert_bestfightodds,,2024-12-14T00:00:00Z,0.363636,0.27933,0.22779,0.0625,0.076923,0.192308
2013-05-18,Jussier Formiga,Chris Cariaso,,kaggle_mdabbert_bestfightodds,,2024-12-14T00:00:00Z,,,,0.128205,0.042735,0.297619
2013-05-18,Paulo Thiago,Michel Prazeres,,kaggle_mdabbert_bestfightodds,,2024-12-14T00:00:00Z,0.155521,0.166667,0.403226,0.111732,0.095238,0.263158
2013-05-18,Iuri Alcantara,Iliarde Santos,,kaggle_mdabbert_bestfightodds,,2024-12-14T00:00:00Z,0.31746,0.253165,0.357143,0.068966,0.043103,0.140056
2013-05-18,Fabio Maldonado,Roger Hollett,,kaggle_mdabbert_bestfightodds,,2024-12-14T00:00:00Z,0.416667,0.057471,0.33557,0.103199,0.095238,0.18315
2013-05-18,John Lineker,Azamat Gashimov,,kaggle_mdabbert_bestfightodds,,2024-12-14T00:00:00Z,0.363636,0.088889,0.138889,0.066667,0.125,0.425532
2013-05-18,Lucas Martins,Jeremy Larsen,,kaggle_mdabbert_bestfightodds,,2024-12-14T00:00:00Z,0.555556,0.172414,0.170358,0.071429,0.058548,0.2
2013-05-18,Gleison Tibau,John Cholish,,kaggle_mdabbert_bestfightodds,,2024-12-14T00:00:00Z,0.11976,0.238095,0.434783,0.083333,0.090909,0.239808
2013-05-25,Gray Maynard,TJ Grant,,kaggle_mdabbert_bestfightodds,,2024-12-14T00:00:00Z,0.166667,0.125,0.454545,0.095238,0.142857,0.222222
2013-05-25,Cain Velasquez,Antonio Silva,,kaggle_mdabbert_bestfightodds,,2024-12-14T00:00:00Z,0.791667,0.0625,0.133333,0.108108,0.043478,0.0625
2013-05-25,Junior Dos Santos,Mark Hunt,,kaggle_mdabbert_bestfightodds,,2024-12-14T00:00:00Z,0.333333,0.2,0.333333,0.192308,0.027778,0.111111
2013-05-25,Glover Teixeira,James Te Huna,,kaggle_mdabbert_bestfightodds,,2024-12-14T00:00:00Z,0.222222,0.263158,0.357143,0.181818,0.047619,0.142857
2013-05-25,Donald Cerrone,KJ Noons,,kaggle_mdabbert_bestfightodds,,2024-12-14T00:00:00Z,0.31746,0.140845,0.3663,0.162602,0.028369,0.175439
2013-05-25,Dennis Bermudez,Max Holloway,,kaggle_mdabbert_bestfightodds,,2024-12-14T00:00:00Z,0.235294,0.268817,0.332226,0.125,0.039216,0.185874
2013-05-25,Colton Smith,Robert Whittaker,,kaggle_mdabbert_bestfightodds,,2024-12-14T00:00:00Z,0.090909,0.155039,0.485437,0.2,0.171233,0.149701
2013-05-25,Khabib Nurmagomedov,Abel Trujillo,,kaggle_mdabbert_bestfightodds,,2024-12-14T00:00:00Z,0.37037,0.189394,0.262467,0.166667,0.055556,0.153846
2013-05-25,Stephen Thompson,Nah-Shon Burrell,,kaggle_mdabbert_bestfightodds,,2024-12-14T00:00:00Z,0.4,0.051151,0.25,0.204082,0.063694,0.222717
2013-05-25,Brian Bowles,George Roop,,kaggle_mdabbert_bestfightodds,,2024-12-14T00:00:00Z,0.333333,0.25,0.23753,0.111111,0.080972,0.175131
2013-05-25,Mike Pyle,Rick Story,,kaggle_mdabbert_bestfightodds,,2024-12-14T00:00:00Z,0.2,0.068493,0.217391,0.3125,0.119048,0.26178
2013-05-25,Jeremy Stephens,Estevan Payan,,kaggle_mdabbert_bestfightodds,,2024-12-14T00:00:00Z,0.454545,0.111111,0.204918,0.16,0.056022,0.222222
2013-06-08,Minotauro Nogueira,Fabricio Werdum,,kaggle_mdabbert_bestfightodds,,2024-12-14T00:00:00Z,0.181818,0.083333,0.142857,0.465116,0.166667,0.235294
2013-06-08,William Patolino,Leonardo Santos,,kaggle_mdabbert_bestfightodds,,2024-12-14T00:00:00Z,,,,0.107875,0.333333,0.298507
2013-06-08,Erick Silva,Jason High,,kaggle_mdabbert_bestfightodds,,2024-12-14T00:00:00Z,0.208333,0.076923,0.181818,0.076923,0.090909,0.181818
2013-06-08,Daniel Sarafian,Eddie Mendez,,kaggle_mdabbert_bestfightodds,,2024-12-14T00:00:00Z,0.285714,0.37037,0.357143,0.1,0.055556,0.153846
2013-06-08,Rony Jason,Mike Wilkinson,,kaggle_mdabbert_bestfightodds,,2024-12-14T00:00:00Z,0.384615,0.285714,0.266667,0.095238,0.058824,0.208333
2013-06-08,Thiago Silva,Rafael Feijao,,kaggle_mdabbert_bestfightodds,,2024-12-14T00:00:00Z,0.208333,0.076923,0.181818,,,
2013-06-08,Godofredo Pepey,Felipe Arantes,,kaggle_mdabbert_bestfightodds,,2024-12-14T00:00:00Z,,,,0.235294,0.086957,0.434783
2013-06-08,Ildemar Alcantara,Leandro Silva,,kaggle_mdabbert_bestfightodds,,2024-12-14T00:00:00Z,0.363636,0.111111,0.239808,0.208333,0.076923,0.181818
2013-06-08,Rodrigo Damm,Mizuto Hirota,,kaggle_mdabbert_bestfightodds,,2024-12-14T00:00:00Z,0.074906,0.183486,0.409836,0.238095,0.054795,0.2079
2013-06-08,Caio Magalhaes,Karlos Vemola,,kaggle_mdabbert_bestfightodds,,2024-12-14T00:00:00Z,0.105263,0.285714,0.172414,0.285714,0.111111,0.214592
2013-06-08,Antonio Braga Neto,Anthony Smith,,kaggle_mdabbert_bestfightodds,,2024-12-14T00:00:00Z,0.118343,0.555556,0.136799,0.25,0.046189,0.083333
2013-06-08,Raphael Assuncao,Vaughan Lee,,kaggle_mdabbert_bestfightodds,,2024-12-14T00:00:00Z,0.185529,0.294118,0.387597,0.08,0.076453,0.172414
2013-06-15,Rashad Evans,Dan Henderson,,kaggle_mdabbert_bestfightodds,,2024-12-14T00:00:00Z,0.166667,0.055556,0.434783,0.277778,0.052632,0.294118
2013-06-15,Roy Nelson,Stipe Miocic,,kaggle_mdabbert_bestfightodds,,2024-12-14T00:00:00Z,0.6,0.095238,0.166667,0.133333,0.052632,0.25
2013-06-15,Ryan Jimmo,Igor Pokrajac,,kaggle_mdabbert_bestfightodds,,2024-12-14T00:00:00Z,0.344828,0.0625,0.52381,0.153846,0.08,0.222222
2013-06-15,Alexis Davis,Rosi Sexton,,kaggle_mdabbert_bestfightodds,,2024-12-14T00:00:00Z,0.2,0.444444,0.301205,0.0625,0.066667,0.16
2013-06-15,Pat Barry,Shawn Jordan,,kaggle_mdabbert_bestfightodds,,2024-12-14T00:00:00Z,0.465116,0.05,0.153846,0.2,0.192308,0.238095
2013-06-15,Sean Pierson,Kenny Robertson,,kaggle_mdabbert_bestfightodds,,2024-12-14T00:00:00Z,0.190476,0.071174,0.3125,0.080321,0.192308,0.326797
2013-06-15,Sam Stout,James Krause,,kaggle_mdabbert_bestfightodds,,2024-12-14T00:00:00Z,0.285714,0.050891,0.47619,0.044543,0.125,0.204499
2013-06-15,Roland Delorme,Edwin Figueroa,,kaggle_mdabbert_bestfightodds,,2024-12-14T00:00:00Z,0.125,0.436681,0.165837,0.25,0.115741,0.181818
2013-06-15,Mitch Clarke,John Maguire,,kaggle_mdabbert_bestfightodds,,2024-12-14T00:00:00Z,0.074516,0.086957,0.212766,0.141844,0.253165,0.404858
2013-06-15,Yves Jabouin,Dustin Pague,,kaggle_mdabbert_bestfightodds,,2024-12-14T00:00:00Z,0.47619,0.047619,0.322581,0.076923,0.137931,0.150376
2013-06-15,Jake Shields,Tyron Woodley,,kaggle_mdabbert_bestfightodds,,2024-12-14T00:00:00Z,0.054054,0.210526,0.25,0.25,0.047619,0.47619
2013-07-06,Frankie Edgar,Charles Oliveira,,kaggle_mdabbert_bestfightodds,,2024-12-14T00:00:00Z,0.384615,0.125,0.444444,0.095238,0.142857,0.071429
2013-07-06,Tim Kennedy,Roger Gracie,,kaggle_mdabbert_bestfightodds,,2024-12-14T00:00:00Z,0.222222,0.090909,0.444444,0.0625,0.222222,0.333333
2013-07-06,Anderson Silva,Chris Weidman,,kaggle_mdabbert_bestfightodds,,2024-12-14T00:00:00Z,0.565217,0.090909,0.181818,0.105263,0.190476,0.153846
2013-07-06,Mark Munoz,Tim Boetsch,,kaggle_mdabbert_bestfightodds,,2024-12-14T00:00:00Z,0.208333,0.076923,0.307692,0.266667,0.0625,0.266667
2013-07-06,Cub Swanson,Dennis Siver,,kaggle_mdabbert_bestfightodds,,2024-12-14T00:00:00Z,0.25,0.16,0.37594,0.134228,0.076923,0.224719
2013-07-06,Mike Pierce,David Mitchell,,kaggle_mdabbert_bestfightodds,,2024-12-14T00:00:00Z,0.348432,0.060606,0.539171,0.055556,0.130719,0.058824
2013-07-06,Seth Baczynski,Brian Melancon,,kaggle_mdabbert_bestfightodds,,2024-12-14T00:00:00Z,0.224719,0.217391,0.378788,0.08658,0.05,0.213675
2013-07-06,Edson Barboza,Rafaello Oliveira,,kaggle_mdabbert_bestfightodds,,2024-12-14T00:00:00Z,0.655172,0.067797,0.238095,0.095238,0.142857,0.071429
2013-07-06,Chris Leben,Andrew Craig,,kaggle_mdabbert_bestfightodds,,2024-12-14T00:00:00Z,0.25,0.090909,0.194175,0.222222,0.130548,0.384615
2013-07-06,Norman Parke,Kazuki Tokudome,,kaggle_mdabbert_bestfightodds,,2024-12-14T00:00:00Z,0.15625,0.147059,0.363636,0.133511,0.133333,0.286533
2013-07-06,Gabriel Gonzaga,Dave Herman,,kaggle_mdabbert_bestfightodds,,2024-12-14T00:00:00Z,0.187266,0.425532,0.07722,0.326797,0.037037,0.125
2013-07-27,Demetrious Johnson,John Moraga,,kaggle_mdabbert_bestfightodds,,2024-12-14T00:00:00Z,0.173913,0.137931,0.642857,0.111111,0.105263,0.095238
2013-07-27,Rory MacDonald,Jake Ellenberger,,kaggle_mdabbert_bestfightodds,,2024-12-14T00:00:00Z,,,,0.25,0.066667,0.16
2013-07-27,Robbie Lawler,Bobby Voelker,,kaggle_mdabbert_bestfightodds,,2024-12-14T00:00:00Z,0.534884,0.055556,0.277778,0.129032,0.08,0.190476
2013-07-27,Michael Chiesa,Jorge Masvidal,,kaggle_mdabbert_bestfightodds,,2024-12-14T00:00:00Z,0.036364,0.222222,0.153846,0.377358,0.076628,0.361011
2013-07-27,Danny Castillo,Tim Means,,kaggle_mdabbert_bestfightodds,,2024-12-14T00:00:00Z,0.175439,0.149254,0.512195,0.2,0.051414,0.147059
2013-07-27,Liz Carmouche,Jessica Andrade,,kaggle_mdabbert_bestfightodds,,2024-12-14T00:00:00Z,0.333333,0.363636,0.294118,0.076923,0.090909,0.133333
2013-07-27,Yves Edwards,Daron Cruickshank,,kaggle_mdabbert_bestfightodds,,2024-12-14T00:00:00Z,0.16,0.061538,0.25,0.266667,0.066007,0.37594
2013-07-27,Ed Herman,Trevor Smith,,kaggle_mdabbert_bestfightodds,,2024-12-14T00:00:00Z,0.247525,0.333333,0.154321,0.07722,0.16,0.224719
2013-07-27,Julie Kedzie,Germaine de Randamie,,kaggle_mdabbert_bestfightodds,,2024-12-14T00:00:00Z,0.133333,0.097561,0.234192,0.190114,0.173913,0.37037
2013-07-27,Aaron Riley,Justin Salas,,kaggle_mdabbert_bestfightodds,,2024-12-14T00:00:00Z,0.076923,0.10989,0.215054,0.25974,0.188679,0.337838
2013-07-27,John Albert,Yaotzin Meza,,kaggle_mdabbert_bestfightodds,,2024-12-14T00:00:00Z,0.294118,0.416667,0.10101,0.125,0.181488,0.102564
2013-07-27,Mac Danzig,Melvin Guillard,,kaggle_mdabbert_bestfightodds,,2024-12-14T00:00:00Z,0.142857,0.25641,0.131579,0.37037,0.052632,0.232019
2013-08-03,Thales Leites,Tom Watson,,kaggle_mdabbert_bestfightodds,,2024-12-14T00:00:00Z,0.0625,0.333333,0.307692,0.266667,0.071429,0.263158
2013-08-03,Jose Aldo,Chan Sung Jung,,kaggle_mdabbert_bestfightodds,,2024-12-14T00:00:00Z,0.705882,0.137931,0.235294,0.08,0.083333,0.071429
2013-08-03,Lyoto Machida,Phil Davis,,kaggle_mdabbert_bestfightodds,,2024-12-14T00:00:00Z,0.333333,0.083333,0.52381,0.0625,0.083333,0.210526
2013-08-03,Cezar Ferreira,Thiago Santos,,kaggle_mdabbert_bestfightodds,,2024-12-14T00:00:00Z,0.534884,0.2,0.25,0.083333,0.057143,0.166667
2013-08-03,John Lineker,Jose Maria,,kaggle_mdabbert_bestfightodds,,2024-12-14T00:00:00Z,0.534884,0.105263,0.31746,,,
2013-08-03,Rani Yahya,Josh Clopton,,kaggle_mdabbert_bestfightodds,,2024-12-14T00:00:00Z,0.086957,0.75,0.2331,0.073692,0.034483,0.0625
2013-08-03,Amanda Nunes,Sheila Gaff,,kaggle_mdabbert_bestfightodds,,2024-12-14T00:00:00Z,0.408163,0.222222,0.176056,0.230947,0.05,0.125
2013-08-03,Sergio Moraes,Neil Magny,,kaggle_mdabbert_bestfightodds,,2024-12-14T00:00:00Z,0.117647,0.333333,0.257069,0.165017,0.054054,0.266667
2013-08-03,Ian McCall,Iliarde Santos,,kaggle_mdabbert_bestfightodds,,2024-12-14T00:00:00Z,0.233645,0.153846,0.565217,0.083333,0.057143,0.166667
2013-08-03,Ednaldo Oliveira,Francimar Barroso,,kaggle_mdabbert_bestfightodds,,2024-12-14T00:00:00Z,0.465116,0.090909,0.153374,,,
2013-08-03,Vinny Magalhaes,Anthony Perosh,,kaggle_mdabbert_bestfightodds,,2024-12-14T00:00:00Z,0.240964,0.434783,0.294118,0.1,0.055556,0.166667
2013-08-03,Viscardi Andrade,Bristol Marunde,,kaggle_mdabbert_bestfightodds,,2024-12-14T00:00:00Z,0.195312,0.166667,0.374532,0.130719,0.118343,0.217391
2013-08-17,Joe Lauzon,Michael Johnson,,kaggle_mdabbert_bestfightodds,,2024-12-14T00:00:00Z,0.121212,0.583333,0.129032,0.210526,0.055556,0.190476
2013-08-17,Mauricio Rua,Chael Sonnen,,kaggle_mdabbert_bestfightodds,,2024-12-14T00:00:00Z,0.344828,0.181818,0.111111,0.1,0.142857,0.408163
2013-08-17,Alistair Overeem,Travis Browne,,kaggle_mdabbert_bestfightodds,,2024-12-14T00:00:00Z,0.565217,0.133333,0.190476,0.25,0.058824,0.125
2013-08-17,Urijah Faber,Iuri Alcantara,,kaggle_mdabbert_bestfightodds,,2024-12-14T00:00:00Z,0.153846,0.25,0.465116,0.2,0.090909,0.148148
2013-08-17,Matt Brown,Mike Pyle,,kaggle_mdabbert_bestfightodds,,2024-12-14T00:00:00Z,0.47619,0.090909,0.190476,0.095238,0.263158,0.2
2013-08-17,Uriah Hall,John Howard,,kaggle_mdabbert_bestfightodds,,2024-12-14T00:00:00Z,0.47619,0.166667,0.307692,0.125,0.068966,0.142857
2013-08-17,Brad Pickett,Michael McDonald,,kaggle_mdabbert_bestfightodds,,2024-12-14T00:00:00Z,0.111111,0.117647,0.285714,0.25,0.153846,0.363636
2013-08-17,Mike Brown,Steven Siler,,kaggle_mdabbert_bestfightodds,,2024-12-14T00:00:00Z,0.47619,0.090909,0.190476,0.10989,0.134228,0.210526
2013-08-17,Diego Brandao,Daniel Pineda,,kaggle_mdabbert_bestfightodds,,2024-12-14T00:00:00Z,0.3125,0.222222,0.193424,0.166667,0.142857,0.172414
2013-08-17,Manvel Gamburyan,Cole Miller,,kaggle_mdabbert_bestfightodds,,2024-12-14T00:00:00Z,0.307692,0.085837,0.266667,0.082988,0.166667,0.271739
2013-08-17,Cody Donovan,Ovince Saint Preux,,kaggle_mdabbert_bestfightodds,,2024-12-14T00:00:00Z,0.102041,0.155039,0.106383,0.512195,0.140449,0.230947
2013-08-17,Ramsey Nijem,James Vick,,kaggle_mdabbert_bestfightodds,,2024-12-14T00:00:00Z,0.165017,0.25,0.322581,0.232558,0.090909,0.186916
2013-08-17,Conor McGregor,Max Holloway,,kaggle_mdabbert_bestfightodds,,2024-12-14T00:00:00Z,0.555556,0.086957,0.235294,0.142857,0.105263,0.16
2013-08-28,Carlos Condit,Martin Kampmann,,kaggle_mdabbert_bestfightodds,,2024-12-14T00:00:00Z,0.4,0.1,0.350877,0.076923,0.125,0.2
2013-08-28,Kelvin Gastelum,Brian Melancon,,kaggle_mdabbert_bestfightodds,,2024-12-14T00:00:00Z,0.16,0.137931,0.5,0.2,0.064516,0.190476
2013-08-28,Court McGee,Robert Whittaker,,kaggle_mdabbert_bestfightodds,,2024-12-14T00:00:00Z,0.111111,0.137931,0.344828,0.25641,0.08,0.357143
2013-08-28,Takeya Mizugaki,Erik Perez,,kaggle_mdabbert_bestfightodds,,2024-12-14T00:00:00Z,0.103627,0.070175,0.292398,0.2,0.181818,0.357143
2013-08-28,Donald Cerrone,Rafael Dos Anjos,,kaggle_mdabbert_bestfightodds,,2024-12-14T00:00:00Z,0.210526,0.153846,0.363636,0.086957,0.090909,0.344828
2013-08-28,Dylan Andrews,Papy Abedi,,kaggle_mdabbert_bestfightodds,,2024-12-14T00:00:00Z,0.454545,0.2,0.199203,0.111111,0.111111,0.166667
2013-08-28,Justin Edwards,Brandon Thatch,,kaggle_mdabbert_bestfightodds,,2024-12-14T00:00:00Z,0.087566,0.175439,0.132275,0.357143,0.222222,0.277778
2013-08-28,Darren Elkins,Hatsu Hioki,,kaggle_mdabbert_bestfightodds,,2024-12-14T00:00:00Z,0.058824,0.065232,0.357143,0.166945,0.25974,0.3125
2013-08-28,James Head,Jason High,,kaggle_mdabbert_bestfightodds,,2024-12-14T00:00:00Z,0.25,0.070671,0.23753,0.111111,0.142857,0.373134
2013-08-28,Zak Cummings,Benny Alloway,,kaggle_mdabbert_bestfightodds,,2024-12-14T00:00:00Z,0.166667,0.263158,0.206186,0.2,0.152672,0.21322
2013-08-28,Brad Tavares,Bubba McDaniel,,kaggle_mdabbert_bestfightodds,,2024-12-14T00:00:00Z,0.534884,0.105263,0.322581,0.066667,0.1,0.125
2013-08-31,Benson Henderson,Anthony Pettis,,kaggle_mdabbert_bestfightodds,,2024-12-14T00:00:00Z,0.166667,0.095238,0.4,0.25,0.111111,0.266667
2013-08-31,Frank Mir,Josh Barnett,,kaggle_mdabbert_bestfightodds,,2024-12-14T00:00:00Z,0.153846,0.222222,0.2,0.307692,0.153846,0.307692
2013-08-31,Chad Mendes,Clay Guida,,kaggle_mdabbert_bestfightodds,,2024-12-14T00:00:00Z,0.235294,0.210526,0.5,0.066667,0.0625,0.173913
2013-08-31,Ben Rothwell,Brandon Vera,,kaggle_mdabbert_bestfightodds,,2024-12-14T00:00:00Z,0.363636,0.0625,0.222222,0.333333,0.095238,0.235294
2013-08-31,Erik Koch,Dustin Poirier,,kaggle_mdabbert_bestfightodds,,2024-12-14T00:00:00Z,0.285714,0.166113,0.332226,0.111732,0.166667,0.217865
2013-08-31,Pascal Krauss,Hyun Gyu Lim,,kaggle_mdabbert_bestfightodds,,2024-12-14T00:00:00Z,0.190476,0.224215,0.353357,0.2,0.1,0.170648
2013-08-31,Louis Gaudinot,Tim Elliott,,kaggle_mdabbert_bestfightodds,,2024-12-14T00:00:00Z,0.118343,0.090909,0.235294,0.16,0.246914,0.369004
2013-08-31,Chico Camus,Kyung Ho Kang,,kaggle_mdabbert_bestfightodds,,2024-12-14T00:00:00Z,0.117647,0.056497,0.234192,0.1,0.3125,0.4
2013-08-31,Soa Palelei,Nikita Krylov,,kaggle_mdabbert_bestfightodds,,2024-12-14T00:00:00Z,0.425532,0.1,0.125,0.277778,0.294118,0.089127
2013-08-31,Ryan Couture,Al Iaquinta,,kaggle_mdabbert_bestfightodds,,2024-12-14T00:00:00Z,0.071685,0.125,0.238095,0.333333,0.144509,0.285714
2013-08-31,Jared Hamman,Magnus Cedenblad,,kaggle_mdabbert_bestfightodds,,2024-12-14T00:00:00Z,0.266667,0.125,0.17094,0.320513,0.166667,0.166667
2013-08-31,Jamie Varner,Gleison Tibau,,kaggle_mdabbert_bestfightodds,,2024-12-14T00:00:00Z,0.285714,0.062305,0.277778,0.077821,0.153846,0.369004
2013-09-04,Joseph Benavidez,Jussier Formiga,,kaggle_mdabbert_bestfightodds,,2024-12-14T00:00:00Z,0.416667,0.125,0.350877,,,
2013-09-04,Francisco Trinaldo,Piotr Hallmann,,kaggle_mdabbert_bestfightodds,,2024-12-14T00:00:00Z,0.235294,0.377358,0.226757,0.133333,0.068966,0.153846
2013-09-04,Glover Teixeira,Ryan Bader,,kaggle_mdabbert_bestfightodds,,2024-12-14T00:00:00Z,0.5,0.307692,0.16,0.125,0.055556,0.133333
2013-09-04,Yushin Okami,Jacare Souza,,kaggle_mdabbert_bestfightodds,,2024-12-14T00:00:00Z,0.090909,0.038462,0.266667,0.199601,0.238095,0.362319
2013-09-04,Rafael Natal,Tor Troeng,,kaggle_mdabbert_bestfightodds,,2024-12-14T00:00:00Z,0.166667,0.285714,0.363636,0.153846,0.111111,0.153846
2013-09-04,Keith Wisniewski,Ivan Jorge,,kaggle_mdabbert_bestfightodds,,2024-12-14T00:00:00Z,0.096154,0.072727,0.212766,0.125,0.384615,0.285714
2013-09-04,Felipe Arantes,Kevin Souza,,kaggle_mdabbert_bestfightodds,,2024-12-14T00:00:00Z,0.150376,0.4,0.273973,0.199601,0.238095,0.362319
2013-09-04,Lucas Martins,Junior Hernandez,,kaggle_mdabbert_bestfightodds,,2024-12-14T00:00:00Z,0.333333,0.080515,0.166667,0.2,0.086207,0.266667
2013-09-04,Joao Zeferino,Elias Silverio,,kaggle_mdabbert_bestfightodds,,2024-12-14T00:00:00Z,0.131579,0.285714,0.176991,0.289855,0.127389,0.217391
2013-09-04,Yuri Villefort,Sean Spencer,,kaggle_mdabbert_bestfightodds,,2024-12-14T00:00:00Z,0.111111,0.298507,0.333333,0.1,0.083682,0.25
2013-09-04,Marcos Vinicius,Ali Bagautinov,,kaggle_mdabbert_bestfightodds,,2024-12-14T00:00:00Z,0.125,0.08,0.166667,0.408163,0.222222,0.246914
2013-09-21,Renan Barao,Eddie Wineland,,kaggle_mdabbert_bestfightodds,,2024-12-14T00:00:00Z,0.285714,0.454545,0.263158,0.121212,0.04,0.083333
2013-09-21,Brendan Schaub,Matt Mitrione,,kaggle_mdabbert_bestfightodds,,2024-12-14T00:00:00Z,0.2,0.133333,0.322581,0.425532,0.052632,0.133333
2013-09-21,Costas Philippou,Francis Carmont,,kaggle_mdabbert_bestfightodds,,2024-12-14T00:00:00Z,0.322581,0.066667,0.357143,0.076923,0.133333,0.3125
2013-09-21,Pat Healy,Khabib Nurmagomedov,,kaggle_mdabbert_bestfightodds,,2024-12-14T00:00:00Z,0.0625,0.1,0.266667,0.232558,0.181818,0.416667
2013-09-21,Mike Ricci,Myles Jury,,kaggle_mdabbert_bestfightodds,,2024-12-14T00:00:00Z,0.075472,0.05618,0.163934,0.212766,0.235294,0.434783
2013-09-21,Jon Jones,Alexander Gustafsson,,kaggle_mdabbert_bestfightodds,,2024-12-14T00:00:00Z,0.377358,0.416667,0.25,0.1,0.041667,0.071429
2013-09-21,Chris Clements,Stephen Thompson,,kaggle_mdabbert_bestfightodds,,2024-12-14T00:00:00Z,0.117647,0.036496,0.141844,0.4,0.116686,0.37037
2013-09-21,Mitch Gagnon,Dustin Kimura,,kaggle_mdabbert_bestfightodds,,2024-12-14T00:00:00Z,0.181818,0.111111,0.212766,0.081301,0.37037,0.241546
2013-09-21,John Makdessi,Renee Forte,,kaggle_mdabbert_bestfightodds,,2024-12-14T00:00:00Z,0.208333,0.05277,0.384615,0.051282,0.181818,0.289017
2013-09-21,Michel Prazeres,Jesse Ronson,,kaggle_mdabbert_bestfightodds,,2024-12-14T00:00:00Z,0.07722,0.210526,0.277778,0.25641,0.067797,0.285714
2013-09-21,Roland Delorme,Alex Caceres,,kaggle_mdabbert_bestfightodds,,2024-12-14T00:00:00Z,0.069204,0.235294,0.222222,0.121951,0.235294,0.326797
2013-09-21,Nandor Guelmino,Daniel Omielanczuk,,kaggle_mdabbert_bestfightodds,,2024-12-14T00:00:00Z,0.142857,0.129032,0.136054,0.277778,0.408163,0.125
2013-09-21,Ivan Menjivar,Wilson Reis,,kaggle_mdabbert_bestfightodds,,2024-12-14T00:00:00Z,0.194175,0.110497,0.338983,0.1,0.181818,0.269542
2013-10-09,Demian Maia,Jake Shields,,kaggle_mdabbert_bestfightodds,,2024-12-14T00:00:00Z,0.222222,0.285714,0.384615,0.086957,0.090909,0.212766
2013-10-09,Erick Silva,Dong Hyun Kim,,kaggle_mdabbert_bestfightodds,,2024-12-14T00:00:00Z,0.384615,0.285714,0.217391,0.066667,0.083333,0.266667
2013-10-09,Thiago Silva,Matt Hamill,,kaggle_mdabbert_bestfightodds,,2024-12-14T00:00:00Z,0.384615,0.285714,0.217391,0.117647,0.058824,0.2
2013-10-09,Fabio Maldonado,Joey Beltran,,kaggle_mdabbert_bestfightodds,,2024-12-14T00:00:00Z,0.25641,0.08,0.350877,0.16,0.047619,0.357143
2013-10-09,Raphael Assuncao,TJ Dillashaw,,kaggle_mdabbert_bestfightodds,,2024-12-14T00:00:00Z,0.076923,0.134228,0.222222,0.25,0.159744,0.380228
2013-10-09,Ildemar Alcantara,Igor Araujo,,kaggle_mdabbert_bestfightodds,,2024-12-14T00:00:00Z,0.4,0.08569,0.359712,0.043011,0.090909,0.194175
2013-10-09,Yan Cabral,David Mitchell,,kaggle_mdabbert_bestfightodds,,2024-12-14T00:00:00Z,0.125,0.47619,0.263158,0.066667,0.155039,0.175439
2013-10-09,Iliarde Santos,Chris Cariaso,,kaggle_mdabbert_bestfightodds,,2024-12-14T00:00:00Z,0.18018,0.2,0.30303,0.125,0.083333,0.357143
2013-10-09,Alan Patrick,Garett Whiteley,,kaggle_mdabbert_bestfightodds,,2024-12-14T00:00:00Z,0.169492,0.289855,0.344828,0.186916,0.085837,0.122549
2013-10-09,Rousimar Palhares,Mike Pierce,,kaggle_mdabbert_bestfightodds,,2024-12-14T00:00:00Z,0.0625,0.232558,0.133333,0.434783,0.060606,0.357143
2013-10-19,Gabriel Gonzaga,Shawn Jordan,,kaggle_mdabbert_bestfightodds,,2024-12-14T00:00:00Z,0.190476,0.166667,0.117647,0.52381,0.041667,0.173913
2013-10-19,Cain Velasquez,Junior Dos Santos,,kaggle_mdabbert_bestfightodds,,2024-12-14T00:00:00Z,0.285714,0.121212,0.333333,0.307692,0.052632,0.117647
2013-10-19,Daniel Cormier,Roy Nelson,,kaggle_mdabbert_bestfightodds,,2024-12-14T00:00:00Z,0.266667,0.052632,0.607843,0.173913,0.041667,0.058824
2013-10-19,Gilbert Melendez,Diego Sanchez,,kaggle_mdabbert_bestfightodds,,2024-12-14T00:00:00Z,0.285714,0.076923,0.607843,0.041667,0.047619,0.133333
2013-10-19,John Dodson,Darrell Montague,,kaggle_mdabbert_bestfightodds,,2024-12-14T00:00:00Z,0.357143,0.105263,0.416667,0.066667,0.0625,0.192308
2013-10-19,Tim Boetsch,CB Dollaway,,kaggle_mdabbert_bestfightodds,,2024-12-14T00:00:00Z,0.285714,0.111111,0.282486,0.196078,0.112613,0.238095
2013-10-19,Nate Marquardt,Hector Lombard,,kaggle_mdabbert_bestfightodds,,2024-12-14T00:00:00Z,0.125,0.04717,0.27027,0.444444,0.099502,0.233645
2013-10-19,George Sotiropoulos,KJ Noons,,kaggle_mdabbert_bestfightodds,,2024-12-14T00:00:00Z,0.038835,0.190476,0.25,0.377358,0.052493,0.268097
2013-10-19,TJ Waldburger,Adlan Amagov,,kaggle_mdabbert_bestfightodds,,2024-12-14T00:00:00Z,0.114943,0.19802,0.141844,0.384615,0.054496,0.322581
2013-10-19,Tony Ferguson,Mike Rio,,kaggle_mdabbert_bestfightodds,,2024-12-14T00:00:00Z,0.434783,0.100301,0.358423,0.045455,0.081633,0.15748
2013-10-19,Jeremy Larsen,Andre Fili,,kaggle_mdabbert_bestfightodds,,2024-12-14T00:00:00Z,0.17094,0.100402,0.173913,0.298507,0.152439,0.30303
2013-10-19,Dustin Pague,Kyoji Horiguchi,,kaggle_mdabbert_bestfightodds,,2024-12-14T00:00:00Z,0.076336,0.153846,0.28169,0.289855,0.087336,0.289855
2013-10-26,Lyoto Machida,Mark Munoz,,kaggle_mdabbert_bestfightodds,,2024-12-14T00:00:00Z,0.47619,0.118343,0.322581,0.153846,0.047619,0.133333
2013-10-26,Jimi Manuwa,Ryan Jimmo,,kaggle_mdabbert_bestfightodds,,2024-12-14T00:00:00Z,0.4,0.083333,0.210526,0.222222,0.090909,0.190476
2013-10-26,Norman Parke,Jon Tuck,,kaggle_mdabbert_bestfightodds,,2024-12-14T00:00:00Z,0.25,0.161551,0.408163,0.102249,0.155039,0.234742
2013-10-26,Alessio Sakara,Nico Musoke,,kaggle_mdabbert_bestfightodds,,2024-12-14T00:00:00Z,0.37037,0.176991,0.243902,0.2,0.136054,0.16
2013-10-26,Phil Harris,John Lineker,,kaggle_mdabbert_bestfightodds,,2024-12-14T00:00:00Z,0.049628,0.093023,0.153846,0.534884,0.107296,0.251889
2013-10-26,Al Iaquinta,Piotr Hallmann,,kaggle_mdabbert_bestfightodds,,2024-12-14T00:00:00Z,0.246914,0.097466,0.347222,0.050633,0.192308,0.239234
2013-10-26,Luke Barnatt,Andrew Craig,,kaggle_mdabbert_bestfightodds,,2024-12-14T00:00:00Z,0.19802,0.123762,0.162075,0.285714,0.076923,0.37037
2013-10-26,Rosi Sexton,Jessica Andrade,,kaggle_mdabbert_bestfightodds,,2024-12-14T00:00:00Z,0.11236,0.145985,0.296736,0.173913,0.147493,0.333333
2013-10-26,Andy Ogle,Cole Miller,,kaggle_mdabbert_bestfightodds,,2024-12-14T00:00:00Z,0.151515,0.068493,0.235294,0.133333,0.384615,0.230415
2013-10-26,Jimy Hettes,Rob Whiteford,,kaggle_mdabbert_bestfightodds,,2024-12-14T00:00:00Z,0.106496,0.6,0.252525,0.070175,0.06135,0.153846
2013-10-26,Bradley Scott,Michael Kuiper,,kaggle_mdabbert_bestfightodds,,2024-12-14T00:00:00Z,0.092166,0.076923,0.185185,0.285714,0.240964,0.310559
2013-11-06,Tim Kennedy,Rafael Natal,,kaggle_mdabbert_bestfightodds,,2024-12-14T00:00:00Z,0.357143,0.142857,0.384615,0.095238,0.0625,0.166667
2013-11-06,Liz Carmouche,Alexis Davis,,kaggle_mdabbert_bestfightodds,,2024-12-14T00:00:00Z,0.266667,0.086957,0.4,0.0625,0.153846,0.229885
2013-11-06,Ronny Markes,Yoel Romero,,kaggle_mdabbert_bestfightodds,,2024-12-14T00:00:00Z,0.08,0.072727,0.294118,0.444444,0.133333,0.181818
2013-11-06,Jorge Masvidal,Rustam Khabilov,,kaggle_mdabbert_bestfightodds,,2024-12-14T00:00:00Z,0.173913,0.083333,0.25,0.227273,0.148148,0.344828
2013-11-06,Colton Smith,Michael Chiesa,,kaggle_mdabbert_bestfightodds,,2024-12-14T00:00:00Z,0.117647,0.117647,0.285714,0.173913,0.333333,0.197628
2013-11-06,Neil Magny,Seth Baczynski,,kaggle_mdabbert_bestfightodds,,2024-12-14T00:00:00Z,0.178571,0.102041,0.343643,0.215054,0.166667,0.195312
2013-11-06,George Roop,Francisco Rivera,,kaggle_mdabbert_bestfightodds,,2024-12-14T00:00:00Z,0.289855,0.125,0.184162,0.357143,0.08,0.208333
2013-11-06,Dennis Bermudez,Steven Siler,,kaggle_mdabbert_bestfightodds,,2024-12-14T00:00:00Z,0.2,0.166667,0.361011,0.0625,0.133333,0.243902
2013-11-06,Amanda Nunes,Germaine de Randamie,,kaggle_mdabbert_bestfightodds,,2024-12-14T00:00:00Z,0.19802,0.178571,0.222222,0.266667,0.062696,0.285714
2013-11-06,Chris Camozzi,Lorenz Larkin,,kaggle_mdabbert_bestfightodds,,2024-12-14T00:00:00Z,0.125,0.111111,0.166667,0.273973,0.081301,0.519231
2013-11-06,Bobby Green,James Krause,,kaggle_mdabbert_bestfightodds,,2024-12-14T00:00:00Z,0.142857,0.108696,0.322581,0.153846,0.232558,0.274725
2013-11-09,Vitor Belfort,Dan Henderson,,kaggle_mdabbert_bestfightodds,,2024-12-14T00:00:00Z,0.384615,0.181818,0.266667,0.25,0.043478,0.142857
2013-11-09,Cezar Ferreira,Daniel Sarafian,,kaggle_mdabbert_bestfightodds,,2024-12-14T00:00:00Z,0.25641,0.208333,0.3125,0.148148,0.2,0.185185
2013-11-09,Rafael Feijao,Igor Pokrajac,,kaggle_mdabbert_bestfightodds,,2024-12-14T00:00:00Z,,,,0.153846,0.0625,0.181818
2013-11-09,Paulo Thiago,Brandon Thatch,,kaggle_mdabbert_bestfightodds,,2024-12-14T00:00:00Z,0.074074,0.117647,0.2,0.6,0.142857,0.166667
2013-11-09,Santiago Ponzinibbio,Ryan LaFlare,,kaggle_mdabbert_bestfightodds,,2024-12-14T00:00:00Z,0.235294,0.133333,0.222222,,,
2013-11-09,Thiago Perpetuo,Omari Akhmedov,,kaggle_mdabbert_bestfightodds,,2024-12-14T00:00:00Z,0.147059,0.073529,0.277778,0.434783,0.13089,0.142857
2013-11-09,Godofredo Pepey,Sam Sicilia,,kaggle_mdabbert_bestfightodds,,2024-12-14T00:00:00Z,0.172414,0.333333,0.129032,0.25641,0.096993,0.212766
2013-11-09,Jose Maria,Dustin Ortiz,,kaggle_mdabbert_bestfightodds,,2024-12-14T00:00:00Z,,,,0.148148,0.129032,0.306748
2013-11-09,Rony Jason,Jeremy Stephens,,kaggle_mdabbert_bestfightodds,,2024-12-14T00:00:00Z,0.210526,0.243902,0.235294,0.25641,0.06689,0.169492
2013-11-09,Thiago Tavares,Justin Salas,,kaggle_mdabbert_bestfightodds,,2024-12-14T00:00:00Z,0.137741,0.289855,0.369004,0.129032,0.051948,0.215517
2013-11-09,Adriano Martins,Daron Cruickshank,,kaggle_mdabbert_bestfightodds,,2024-12-14T00:00:00Z,0.210526,0.081967,0.230415,0.210526,0.076046,0.3663
2013-11-16,Rashad Evans,Chael Sonnen,,kaggle_mdabbert_bestfightodds,,2024-12-14T00:00:00Z,0.294118,0.076923,0.392157,0.090909,0.097561,0.30303
2013-11-16,Rory MacDonald,Robbie Lawler,,kaggle_mdabbert_bestfightodds,,2024-12-14T00:00:00Z,,,,0.215054,0.043478,0.090909
2013-11-16,Josh Koscheck,Tyron Woodley,,kaggle_mdabbert_bestfightodds,,2024-12-14T00:00:00Z,0.133333,0.102564,0.363636,0.235294,0.153846,0.285714
2013-11-16,Tim Elliott,Ali Bagautinov,,kaggle_mdabbert_bestfightodds,,2024-12-14T00:00:00Z,0.176991,0.142857,0.4,0.166667,0.105263,0.28169
2013-11-16,Donald Cerrone,Evan Dunham,,kaggle_mdabbert_bestfightodds,,2024-12-14T00:00:00Z,0.18018,0.155039,0.291545,0.105263,0.099502,0.363636
2013-11-16,Georges St-Pierre,Johny Hendricks,,kaggle_mdabbert_bestfightodds,,2024-12-14T00:00:00Z,0.150376,0.142857,0.583333,0.277778,0.047619,0.090909
2013-11-16,Brian Ebersole,Rick Story,,kaggle_mdabbert_bestfightodds,,2024-12-14T00:00:00Z,0.142857,0.108696,0.212766,0.222222,0.08,0.47619
2013-11-16,Erik Perez,Edwin Figueroa,,kaggle_mdabbert_bestfightodds,,2024-12-14T00:00:00Z,0.408163,0.141643,0.347222,0.111111,0.033333,0.149477
2013-11-16,Jason High,Anthony Lapsley,,kaggle_mdabbert_bestfightodds,,2024-12-14T00:00:00Z,0.0999,0.545455,0.238095,0.086957,0.070922,0.186916
2013-11-16,Will Campuzano,Sergio Pettis,,kaggle_mdabbert_bestfightodds,,2024-12-14T00:00:00Z,0.068966,0.056657,0.166667,0.294118,0.307692,0.282486
2013-11-16,Cody Donovan,Gian Villante,,kaggle_mdabbert_bestfightodds,,2024-12-14T00:00:00Z,0.082645,0.064935,0.175439,0.565217,0.079365,0.21322
2013-11-16,Ed Herman,Thales Leites,,kaggle_mdabbert_bestfightodds,,2024-12-14T00:00:00Z,0.15873,0.076046,0.227273,0.072046,0.333333,0.369004
2013-11-30,Gray Maynard,Nate Diaz,,kaggle_mdabbert_bestfightodds,,2024-12-14T00:00:00Z,0.186916,0.058824,0.454545,0.121212,0.192308,0.25
2013-11-30,Julianna Pena,Jessica Rakoczy,,kaggle_mdabbert_bestfightodds,,2024-12-14T00:00:00Z,,,0.37037,,,
2013-11-30,Chris Holdsworth,Davey Grant,,kaggle_mdabbert_bestfightodds,,2024-12-14T00:00:00Z,,,0.222222,,,0.210526
2013-11-30,Jessamyn Duke,Peggy Morgan,,kaggle_mdabbert_bestfightodds,,2024-12-14T00:00:00Z,,,0.377358,,,0.220751
2013-11-30,Akira Corassani,Maximo Blanco,,kaggle_mdabbert_bestfightodds,,2024-12-14T00:00:00Z,,,0.3125,,,0.263158
2013-11-30,Rani Yahya,Tom Niinimaki,,kaggle_mdabbert_bestfightodds,,2024-12-14T00:00:00Z,,,0.30303,,,0.337838
2013-11-30,Jared Rosholt,Walt Harris,,kaggle_mdabbert_bestfightodds,,2024-12-14T00:00:00Z,,,0.25,,,0.064725
2013-11-30,Sean Spencer,Drew Dober,,kaggle_mdabbert_bestfightodds,,2024-12-14T00:00:00Z,,,0.460829,,,0.15873
2013-11-30,Roxanne Modafferi,Raquel Pennington,,kaggle_mdabbert_bestfightodds,,2024-12-14T00:00:00Z,,,0.17452,,,0.3003
2013-11-30,Joshua Sampo,Ryan Benoit,,kaggle_mdabbert_bestfightodds,,2024-12-14T00:00:00Z,,,0.315457,,,0.20202
2013-12-06,Dylan Andrews,Clint Hester,,kaggle_mdabbert_bestfightodds,,2024-12-14T00:00:00Z,0.37037,0.133333,0.2,0.222222,0.065147,0.238095
2013-12-06,Mauricio Rua,James Te Huna,,kaggle_mdabbert_bestfightodds,,2024-12-14T00:00:00Z,0.285714,0.181818,0.814815,0.333333,0.042553,0.298507
2013-12-06,Ryan Bader,Anthony Perosh,,kaggle_mdabbert_bestfightodds,,2024-12-14T00:00:00Z,0.677419,0.181818,0.142857,0.111111,0.1,0.068027
2013-12-06,Pat Barry,Soa Palelei,,kaggle_mdabbert_bestfightodds,,2024-12-14T00:00:00Z,0.52381,0.070922,0.068259,0.333333,0.125,0.097561
2013-12-06,Takeya Mizugaki,Nam Phan,,kaggle_mdabbert_bestfightodds,,2024-12-14T00:00:00Z,0.210526,0.047619,0.607843,0.1,0.087336,0.166667
2013-12-06,Nick Ring,Caio Magalhaes,,kaggle_mdabbert_bestfightodds,,2024-12-14T00:00:00Z,0.16129,0.142857,0.408163,0.120482,0.143062,0.235294
2013-12-06,Richie Vaculik,Justin Scoggins,,kaggle_mdabbert_bestfightodds,,2024-12-14T00:00:00Z,0.071429,0.097561,0.168067,0.512195,0.118343,0.265252
2013-12-06,Bruno Santos,Krzysztof Jotko,,kaggle_mdabbert_bestfightodds,,2024-12-14T00:00:00Z,0.181818,0.166667,0.434783,0.108108,0.087719,0.238095
2013-12-06,Ben Wall,Alex Garcia,,kaggle_mdabbert_bestfightodds,,2024-12-14T00:00:00Z,0.054348,0.08,0.084388,,,0.3125
2013-12-06,Julie Kedzie,Bethe Correia,,kaggle_mdabbert_bestfightodds,,2024-12-14T00:00:00Z,0.222222,0.222222,0.4,0.135135,0.06689,0.276243
2013-12-14,Urijah Faber,Michael McDonald,,kaggle_mdabbert_bestfightodds,,2024-12-14T00:00:00Z,0.086957,0.25,0.357143,0.238095,0.074074,0.235294
2013-12-14,Chad Mendes,Nik Lentz,,kaggle_mdabbert_bestfightodds,,2024-12-14T00:00:00Z,0.565217,0.108108,0.357143,0.042553,0.055556,0.114286
2013-12-14,Joe Lauzon,Mac Danzig,,kaggle_mdabbert_bestfightodds,,2024-12-14T00:00:00Z,0.127389,0.444444,0.222222,0.074074,0.08,0.298507
2013-12-14,Court McGee,Ryan LaFlare,,kaggle_mdabbert_bestfightodds,,2024-12-14T00:00:00Z,0.116279,0.125786,0.31746,,,
2013-12-14,Demetrious Johnson,Joseph Benavidez,,kaggle_mdabbert_bestfightodds,,2024-12-14T00:00:00Z,0.083333,0.086957,0.52381,0.235294,0.111111,0.217391
2013-12-14,Bobby Green,Pat Healy,,kaggle_mdabbert_bestfightodds,,2024-12-14T00:00:00Z,0.153846,0.11976,0.285714,0.082305,0.190476,0.392157
2013-12-14,Scott Jorgensen,Zach Makovsky,,kaggle_mdabbert_bestfightodds,,2024-12-14T00:00:00Z,0.224719,0.133333,0.416667,0.0625,0.1,0.25641
2013-12-14,Sam Stout,Cody McKenzie,,kaggle_mdabbert_bestfightodds,,2024-12-14T00:00:00Z,0.454545,0.076046,0.277778,0.049875,0.2,0.162602
2013-12-14,Abel Trujillo,Roger Bowling,,kaggle_mdabbert_bestfightodds,,2024-12-14T00:00:00Z,0.333333,0.113766,0.174825,0.204082,0.166389,0.292398
2013-12-14,Darren Uyenoyama,Alptekin Ozkilic,,kaggle_mdabbert_bestfightodds,,2024-12-14T00:00:00Z,0.05571,0.095238,0.246914,0.277778,0.080645,0.411523
2013-12-14,Danny Castillo,Edson Barboza,,kaggle_mdabbert_bestfightodds,,2024-12-14T00:00:00Z,0.095238,0.050505,0.191571,0.545455,0.067568,0.298507
2013-12-28,Chris Weidman,Anderson Silva,,kaggle_mdabbert_bestfightodds,,2024-12-14T00:00:00Z,0.187266,0.165289,0.15748,0.425532,0.090909,0.158983
2013-12-28,Ronda Rousey,Miesha Tate,,kaggle_mdabbert_bestfightodds,,2024-12-14T00:00:00Z,0.112108,0.733333,0.100604,0.066138,0.090909,0.055556
2013-12-28,Josh Barnett,Travis Browne,,kaggle_mdabbert_bestfightodds,,2024-12-14T00:00:00Z,0.233645,0.285714,0.181818,0.285714,0.066225,0.154799
2013-12-28,Jim Miller,Fabricio Camoes,,kaggle_mdabbert_bestfightodds,,2024-12-14T00:00:00Z,0.188679,0.344828,0.377358,0.064309,0.097087,0.148588
2013-12-28,Chris Leben,Uriah Hall,,kaggle_mdabbert_bestfightodds,,2024-12-14T00:00:00Z,0.166667,0.067568,0.136426,0.444444,0.090909,0.3125
2013-12-28,Gleison Tibau,Michael Johnson,,kaggle_mdabbert_bestfightodds,,2024-12-14T00:00:00Z,0.083682,0.25,0.30303,0.222222,0.06006,0.294985
2013-12-28,John Howard,Siyar Bahadurzada,,kaggle_mdabbert_bestfightodds,,2024-12-14T00:00:00Z,0.181818,0.088496,0.255102,0.377358,0.102775,0.192308
2013-12-28,William Patolino,Bobby Voelker,,kaggle_mdabbert_bestfightodds,,2024-12-14T00:00:00Z,,,,0.377358,0.119474,0.181818
2013-12-28,Robert Peralta,Estevan Payan,,kaggle_mdabbert_bestfightodds,,2024-12-14T00:00:00Z,0.357143,0.085837,0.271003,0.153846,0.111111,0.225225
2013-12-28,Dustin Poirier,Diego Brandao,,kaggle_mdabbert_bestfightodds,,2024-12-14T00:00:00Z,0.285714,0.222222,0.282486,0.166667,0.088889,0.193424
2014-01-04,Kiichi Kunimoto,Luiz Dutra,,kaggle_mdabbert_bestfightodds,,2024-12-14T00:00:00Z,,,0.265957,,,
2014-01-04,Tarec Saffiedine,Hyun Gyu Lim,,kaggle_mdabbert_bestfightodds,,2024-12-14T00:00:00Z,,,0.346021,,,0.125
2014-01-04,Tatsuya Kawajiri,Sean Soriano,,kaggle_mdabbert_bestfightodds,,2024-12-14T00:00:00Z,,,0.333333,,,0.363636
2014-01-04,Kyung Ho Kang,Shunichi Shimizu,,kaggle_mdabbert_bestfightodds,,2024-12-14T00:00:00Z,,,0.545455,,,0.114155
2014-01-04,Leandro Issa,Russell Doane,,kaggle_mdabbert_bestfightodds,,2024-12-14T00:00:00Z,,,0.369004,,,0.302115
2014-01-04,Katsunori Kikuno,Quinn Mulhern,,kaggle_mdabbert_bestfightodds,,2024-12-14T00:00:00Z,,,0.333333,,,0.191205
2014-01-04,Royston Wee,Dave Galera,,kaggle_mdabbert_bestfightodds,,2024-12-14T00:00:00Z,,,0.209644,,,0.198413
2014-01-04,Mairbek Taisumov,Tae Hyun Bang,,kaggle_mdabbert_bestfightodds,,2024-12-14T00:00:00Z,,,0.294985,,,0.144718
2014-01-04,Dustin Kimura,Jon Delos Reyes,,kaggle_mdabbert_bestfightodds,,2024-12-14T00:00:00Z,,,0.250627,,,0.153846
2014-01-04,Max Holloway,Will Chope,,kaggle_mdabbert_bestfightodds,,2024-12-14T00:00:00Z,,,0.4,,,0.166667
2014-01-15,Lorenz Larkin,Brad Tavares,,kaggle_mdabbert_bestfightodds,,2024-12-14T00:00:00Z,0.285714,0.063371,0.47619,0.120482,0.092593,0.222222
2014-01-15,TJ Dillashaw,Mike Easton,,kaggle_mdabbert_bestfightodds,,2024-12-14T00:00:00Z,0.222222,0.155039,0.47619,0.125,0.064935,0.20202
2014-01-15,Yoel Romero,Derek Brunson,,kaggle_mdabbert_bestfightodds,,2024-12-14T00:00:00Z,0.565217,0.061538,0.111359,0.117647,0.074516,0.238095
2014-01-15,John Moraga,Dustin Ortiz,,kaggle_mdabbert_bestfightodds,,2024-12-14T00:00:00Z,0.130719,0.222222,0.408163,0.134228,0.078431,0.220751
2014-01-15,Cole Miller,Sam Sicilia,,kaggle_mdabbert_bestfightodds,,2024-12-14T00:00:00Z,0.127389,0.333333,0.238095,0.3125,0.107527,0.16
2014-01-15,Luke Rockhold,Costas Philippou,,kaggle_mdabbert_bestfightodds,,2024-12-14T00:00:00Z,0.222222,0.285714,0.384615,0.222222,0.046512,0.1
2014-01-15,Isaac Vallie-Flagg,Elias Silverio,,kaggle_mdabbert_bestfightodds,,2024-12-14T00:00:00Z,0.121212,0.103093,0.285714,0.194175,0.097087,0.416667
2014-01-15,Trevor Smith,Brian Houston,,kaggle_mdabbert_bestfightodds,,2024-12-14T00:00:00Z,0.111111,0.47619,0.13245,0.357143,0.087566,0.135135
2014-01-15,Alptekin Ozkilic,Louis Smolka,,kaggle_mdabbert_bestfightodds,,2024-12-14T00:00:00Z,0.222222,0.117647,0.512195,0.142857,0.125,0.140845
2014-01-15,Vinc Pichel,Garett Whiteley,,kaggle_mdabbert_bestfightodds,,2024-12-14T00:00:00Z,0.344828,0.136054,0.215054,0.25,0.155039,0.136986
2014-01-15,Charlie Brenneman,Beneil Dariush,,kaggle_mdabbert_bestfightodds,,2024-12-14T00:00:00Z,0.15748,0.13986,0.444444,0.165289,0.166667,0.173913
2014-01-15,Ramsey Nijem,Justin Edwards,,kaggle_mdabbert_bestfightodds,,2024-12-14T00:00:00Z,0.227273,0.222222,0.322581,0.190476,0.222222,0.125786
2014-01-25,Benson Henderson,Josh Thomson,,kaggle_mdabbert_bestfightodds,,2024-12-14T00:00:00Z,0.153846,0.153846,0.545455,0.125,0.095238,0.166667
2014-01-25,Stipe Miocic,Gabriel Gonzaga,,kaggle_mdabbert_bestfightodds,,2024-12-14T00:00:00Z,0.545455,0.08,0.181818,0.227273,0.129032,0.071429
2014-01-25,Donald Cerrone,Adriano Martins,,kaggle_mdabbert_bestfightodds,,2024-12-14T00:00:00Z,0.263158,0.105263,0.4,0.117647,0.13986,0.210526
2014-01-25,Darren Elkins,Jeremy Stephens,,kaggle_mdabbert_bestfightodds,,2024-12-14T00:00:00Z,0.133333,0.095238,0.384615,0.384615,0.078431,0.173913
2014-01-25,Alex Caceres,Sergio Pettis,,kaggle_mdabbert_bestfightodds,,2024-12-14T00:00:00Z,0.071429,0.125,0.273973,0.18018,0.206186,0.363636
2014-01-25,Junior Hernandez,Hugo Viana,,kaggle_mdabbert_bestfightodds,,2024-12-14T00:00:00Z,0.090909,0.050125,0.186916,0.47619,0.088496,0.282486
2014-01-25,Daron Cruickshank,Mike Rio,,kaggle_mdabbert_bestfightodds,,2024-12-14T00:00:00Z,0.384615,0.074349,0.294118,0.068966,0.188679,0.17094
2014-01-25,George Sullivan,Mike Rhodes,,kaggle_mdabbert_bestfightodds,,2024-12-14T00:00:00Z,0.178571,0.063898,0.149925,0.357143,0.119048,0.347222
2014-01-25,Walt Harris,Nikita Krylov,,kaggle_mdabbert_bestfightodds,,2024-12-14T00:00:00Z,0.6,0.111111,0.178891,0.123457,0.111111,0.074074
2014-01-25,Eddie Wineland,Yves Jabouin,,kaggle_mdabbert_bestfightodds,,2024-12-14T00:00:00Z,0.543379,0.055556,0.292398,0.083333,0.050891,0.153846
2014-02-01,John Lineker,Ali Bagautinov,,kaggle_mdabbert_bestfightodds,,2024-12-14T00:00:00Z,0.227273,0.086957,0.222222,0.238095,0.181818,0.266667
2014-02-01,Renan Barao,Urijah Faber,,kaggle_mdabbert_bestfightodds,,2024-12-14T00:00:00Z,0.190476,0.181818,0.5,0.074074,0.166667,0.153846
2014-02-01,Jose Aldo,Ricardo Lamas,,kaggle_mdabbert_bestfightodds,,2024-12-14T00:00:00Z,0.615385,0.083333,0.266667,0.08,0.0625,0.1
2014-02-01,Frank Mir,Alistair Overeem,,kaggle_mdabbert_bestfightodds,,2024-12-14T00:00:00Z,0.117647,0.133333,0.111111,0.666667,0.076923,0.142857
2014-02-01,Jamie Varner,Abel Trujillo,,kaggle_mdabbert_bestfightodds,,2024-12-14T00:00:00Z,0.222222,0.163934,0.307692,0.222222,0.064516,0.266667
2014-02-01,John Makdessi,Alan Patrick,,kaggle_mdabbert_bestfightodds,,2024-12-14T00:00:00Z,0.253165,0.063291,0.303951,0.136986,0.179533,0.253165
2014-02-01,Chris Cariaso,Danny Martinez,,kaggle_mdabbert_bestfightodds,,2024-12-14T00:00:00Z,0.155039,0.215054,0.344828,0.059524,0.083333,0.333333
2014-02-01,Nick Catone,Tom Watson,,kaggle_mdabbert_bestfightodds,,2024-12-14T00:00:00Z,0.083333,0.072569,0.327869,0.294118,0.074349,0.214133
2014-02-01,Al Iaquinta,Kevin Lee,,kaggle_mdabbert_bestfightodds,,2024-12-14T00:00:00Z,0.168067,0.143885,0.384615,0.080645,0.222222,0.226757
2014-02-01,Clint Hester,Andy Enz,,kaggle_mdabbert_bestfightodds,,2024-12-14T00:00:00Z,0.377358,0.076336,0.25,0.079365,0.169492,0.223214
2014-02-01,Anthony Rocco Martin,Rashid Magomedov,,kaggle_mdabbert_bestfightodds,,2024-12-14T00:00:00Z,0.055556,0.095238,0.344828,0.289855,0.098717,0.289855
2014-02-01,Neil Magny,Gasan Umalatov,,kaggle_mdabbert_bestfightodds,,2024-12-14T00:00:00Z,0.166667,0.067568,0.285714,0.127389,0.2,0.350877
2014-02-15,Lyoto Machida,Gegard Mousasi,,kaggle_mdabbert_bestfightodds,,2024-12-14T00:00:00Z,0.285714,0.086957,0.425532,0.181818,0.076923,0.181818
2014-02-15,Erick Silva,Takenori Sato,,kaggle_mdabbert_bestfightodds,,2024-12-14T00:00:00Z,0.6,0.238663,0.167224,0.036364,0.066667,0.060606
2014-02-15,Viscardi Andrade,Nico Musoke,,kaggle_mdabbert_bestfightodds,,2024-12-14T00:00:00Z,0.25,0.181818,0.208333,0.166667,0.2,0.240964
2014-02-15,Charles Oliveira,Andy Ogle,,kaggle_mdabbert_bestfightodds,,2024-12-14T00:00:00Z,0.185874,0.534884,0.265252,0.0625,0.03413,0.110865
2014-02-15,Cristiano Marcello,Joe Proctor,,kaggle_mdabbert_bestfightodds,,2024-12-14T00:00:00Z,0.088106,0.07874,0.227273,0.27027,0.172712,0.352113
2014-02-15,Jacare Souza,Francis Carmont,,kaggle_mdabbert_bestfightodds,,2024-12-14T00:00:00Z,0.3125,0.392157,0.25,0.074074,0.038462,0.16
2014-02-15,Francisco Trinaldo,Jesse Ronson,,kaggle_mdabbert_bestfightodds,,2024-12-14T00:00:00Z,0.174216,0.333333,0.190476,0.181818,0.116686,0.222222
2014-02-15,Iuri Alcantara,Wilson Reis,,kaggle_mdabbert_bestfightodds,,2024-12-14T00:00:00Z,0.285714,0.142653,0.344828,0.096618,0.106952,0.235294
2014-02-15,Felipe Arantes,Maximo Blanco,,kaggle_mdabbert_bestfightodds,,2024-12-14T00:00:00Z,0.183486,0.102775,0.307692,0.222222,0.095785,0.277008
2014-02-15,Douglas Silva de Andrade,Zubaira Tukhugov,,kaggle_mdabbert_bestfightodds,,2024-12-14T00:00:00Z,0.25,0.181818,0.208333,,,
2014-02-15,Ildemar Alcantara,Albert Tumenov,,kaggle_mdabbert_bestfightodds,,2024-12-14T00:00:00Z,0.285714,0.142653,0.344828,0.434783,0.05571,0.283286
2014-02-15,Rodrigo Damm,Ivan Jorge,,kaggle_mdabbert_bestfightodds,,2024-12-14T00:00:00Z,0.125,0.074627,0.285714,0.153846,0.199203,0.359712
2014-02-22,Ronda Rousey,Sara McMann,,kaggle_mdabbert_bestfightodds,,2024-12-14T00:00:00Z,0.125,0.636364,0.196078,0.121212,0.0625,0.129032
2014-02-22,Daniel Cormier,Patrick Cummins,,kaggle_mdabbert_bestfightodds,,2024-12-14T00:00:00Z,0.622642,0.087719,0.323625,0.045455,0.034662,0.105597
2014-02-22,Rory MacDonald,Demian Maia,,kaggle_mdabbert_bestfightodds,,2024-12-14T00:00:00Z,,,,0.0625,0.153846,0.2
2014-02-22,Mike Pyle,TJ Waldburger,,kaggle_mdabbert_bestfightodds,,2024-12-14T00:00:00Z,0.416667,0.129032,0.222222,0.129032,0.153846,0.2
2014-02-22,Robert Whittaker,Stephen Thompson,,kaggle_mdabbert_bestfightodds,,2024-12-14T00:00:00Z,0.235294,0.121212,0.222222,0.263158,0.076923,0.31746
2014-02-22,Raphael Assuncao,Pedro Munhoz,,kaggle_mdabbert_bestfightodds,,2024-12-14T00:00:00Z,0.190476,0.17094,0.5,0.049383,0.068966,0.225734
2014-02-22,Cody Gibson,Aljamain Sterling,,kaggle_mdabbert_bestfightodds,,2024-12-14T00:00:00Z,0.080321,0.068966,0.186567,0.1,0.338983,0.416667
2014-02-22,Zach Makovsky,Joshua Sampo,,kaggle_mdabbert_bestfightodds,,2024-12-14T00:00:00Z,0.117647,0.186916,0.545455,0.042463,0.125,0.2331
2014-02-22,Rafaello Oliveira,Erik Koch,,kaggle_mdabbert_bestfightodds,,2024-12-14T00:00:00Z,0.082305,0.076923,0.117233,0.47619,0.142857,0.294118
2014-02-22,Ernest Chavez,Yosdenis Cedeno,,kaggle_mdabbert_bestfightodds,,2024-12-14T00:00:00Z,0.092166,0.051414,0.192308,0.425532,0.1,0.322581
2014-02-22,Alexis Davis,Jessica Eye,,kaggle_mdabbert_bestfightodds,,2024-12-14T00:00:00Z,0.086957,0.25,0.353357,0.086957,0.034483,0.357143
2014-03-01,Matt Mitrione,Shawn Jordan,,kaggle_mdabbert_bestfightodds,,2024-12-14T00:00:00Z,,,0.166945,,,0.162338
2014-03-01,Sai Wang,Zhang Lipeng,,kaggle_mdabbert_bestfightodds,,2024-12-14T00:00:00Z,,,0.21322,,,
2014-03-01,Hatsu Hioki,Ivan Menjivar,,kaggle_mdabbert_bestfightodds,,2024-12-14T00:00:00Z,,,0.565217,,,0.16
2014-03-01,Dong Hyun Kim,John Hathaway,,kaggle_mdabbert_bestfightodds,,2024-12-14T00:00:00Z,0.25,0.151515,0.465116,0.125,0.0625,0.181818
2014-03-01,Nam Phan,Vaughan Lee,,kaggle_mdabbert_bestfightodds,,2024-12-14T00:00:00Z,,,0.454545,,,0.289017
2014-03-01,Albert Cheng,An Ying Wang,,kaggle_mdabbert_bestfightodds,,2024-12-14T00:00:00Z,,,0.249377,,,0.21322
2014-03-01,Jumabieke Tuerxun,Mark Eddiva,,kaggle_mdabbert_bestfightodds,,2024-12-14T00:00:00Z,,,0.401606,,,0.115207
2014-03-01,Kazuki Tokudome,Yui Chul Nam,,kaggle_mdabbert_bestfightodds,,2024-12-14T00:00:00Z,,,0.2849,,,0.377358
2014-03-08,Alexander Gustafsson,Jimi Manuwa,,kaggle_mdabbert_bestfightodds,,2024-12-14T00:00:00Z,0.416667,0.285714,0.222222,0.142857,0.047619,0.105263
2014-03-08,Michael Johnson,Melvin Guillard,,kaggle_mdabbert_bestfightodds,,2024-12-14T00:00:00Z,,,0.333333,,,0.166667
2014-03-08,Gunnar Nelson,Omari Akhmedov,,kaggle_mdabbert_bestfightodds,,2024-12-14T00:00:00Z,,,0.322581,,,0.117647
2014-03-08,Brad Pickett,Neil Seery,,kaggle_mdabbert_bestfightodds,,2024-12-14T00:00:00Z,,,0.285714,,,0.078431
2014-03-08,Luke Barnatt,Mats Nilsson,,kaggle_mdabbert_bestfightodds,,2024-12-14T00:00:00Z,,,0.4,,,0.175439
2014-03-08,Bradley Scott,Claudio Silva,,kaggle_mdabbert_bestfightodds,,2024-12-14T00:00:00Z,,,0.350877,,,0.153846
2014-03-08,Igor Araujo,Danny Mitchell,,kaggle_mdabbert_bestfightodds,,2024-12-14T00:00:00Z,,,0.37037,,,0.21978
2014-03-08,Cyrille Diabate,Ilir Latifi,,kaggle_mdabbert_bestfightodds,,2024-12-14T00:00:00Z,,,0.204082,,,0.327869
2014-03-15,Jake Shields,Hector Lombard,,kaggle_mdabbert_bestfightodds,,2024-12-14T00:00:00Z,0.038462,0.153846,0.285714,0.512195,0.038462,0.210526
2014-03-15,Johny Hendricks,Robbie Lawler,,kaggle_mdabbert_bestfightodds,,2024-12-14T00:00:00Z,0.47619,0.125,0.307692,0.173913,0.047619,0.1
2014-03-15,Carlos Condit,Tyron Woodley,,kaggle_mdabbert_bestfightodds,,2024-12-14T00:00:00Z,0.333333,0.142857,0.266667,0.121212,0.038462,0.333333
2014-03-15,Diego Sanchez,Myles Jury,,kaggle_mdabbert_bestfightodds,,2024-12-14T00:00:00Z,0.125,0.0625,0.285714,0.194175,0.1,0.454545
2014-03-15,Ovince Saint Preux,Nikita Krylov,,kaggle_mdabbert_bestfightodds,,2024-12-14T00:00:00Z,0.559471,0.133333,0.242131,0.153846,0.083333,0.111111
2014-03-15,Kelvin Gastelum,Rick Story,,kaggle_mdabbert_bestfightodds,,2024-12-14T00:00:00Z,0.181818,0.2,0.347222,0.125,0.052219,0.304878
2014-03-15,Daniel Pineda,Rob Whiteford,,kaggle_mdabbert_bestfightodds,,2024-12-14T00:00:00Z,0.173913,0.359712,0.222717,0.171527,0.052632,0.222222
2014-03-15,Dennis Bermudez,Jimy Hettes,,kaggle_mdabbert_bestfightodds,,2024-12-14T00:00:00Z,0.289855,0.076923,0.454545,0.038095,0.2,0.227273
2014-03-15,Sean Spencer,Alex Garcia,,kaggle_mdabbert_bestfightodds,,2024-12-14T00:00:00Z,0.125,0.073099,0.136986,0.315457,0.333333,0.2331
2014-03-15,Renee Forte,Francisco Trevino,,kaggle_mdabbert_bestfightodds,,2024-12-14T00:00:00Z,0.263158,0.110254,0.323625,0.181818,0.091743,0.246914
2014-03-15,Will Campuzano,Justin Scoggins,,kaggle_mdabbert_bestfightodds,,2024-12-14T00:00:00Z,0.043573,0.0625,0.11534,0.359712,0.125,0.487805
2014-03-15,Bubba McDaniel,Sean Strickland,,kaggle_mdabbert_bestfightodds,,2024-12-14T00:00:00Z,0.137552,0.176991,0.2,0.31746,0.136986,0.238663
2014-03-15,Raquel Pennington,Jessica Andrade,,kaggle_mdabbert_bestfightodds,,2024-12-14T00:00:00Z,0.117647,0.034965,0.224719,0.124688,0.217391,0.46729
2014-03-23,Cezar Ferreira,CB Dollaway,,kaggle_mdabbert_bestfightodds,,2024-12-14T00:00:00Z,0.30303,0.25,0.25974,0.095238,0.102564,0.25
2014-03-23,Fabio Maldonado,Gian Villante,,kaggle_mdabbert_bestfightodds,,2024-12-14T00:00:00Z,0.142857,0.048309,0.248756,0.235294,0.08,0.416667
2014-03-23,Michel Prazeres,Mairbek Taisumov,,kaggle_mdabbert_bestfightodds,,2024-12-14T00:00:00Z,0.068493,0.081301,0.183824,0.3125,0.080321,0.442478
2014-03-23,Rony Jason,Steven Siler,,kaggle_mdabbert_bestfightodds,,2024-12-14T00:00:00Z,0.142857,0.229885,0.37037,0.15625,0.063613,0.238095
2014-03-23,Jussier Formiga,Scott Jorgensen,,kaggle_mdabbert_bestfightodds,,2024-12-14T00:00:00Z,0.072464,0.148148,0.234192,0.192308,0.063492,0.47619
2014-03-23,Mauricio Rua,Dan Henderson,,kaggle_mdabbert_bestfightodds,,2024-12-14T00:00:00Z,0.408163,0.095238,0.285714,0.2,0.0625,0.181818
2014-03-23,Francimar Barroso,Hans Stringer,,kaggle_mdabbert_bestfightodds,,2024-12-14T00:00:00Z,0.238095,0.172712,0.240964,0.206186,0.143678,0.210526
2014-03-23,Godofredo Pepey,Noad Lahat,,kaggle_mdabbert_bestfightodds,,2024-12-14T00:00:00Z,0.081967,0.066667,0.185874,0.20202,0.13245,0.52381
2014-03-23,Ronny Markes,Thiago Santos,,kaggle_mdabbert_bestfightodds,,2024-12-14T00:00:00Z,0.268817,0.289855,0.401606,0.121803,0.2,0.119332
2014-03-23,Thiago Perpetuo,Kenny Robertson,,kaggle_mdabbert_bestfightodds,,2024-12-14T00:00:00Z,0.333333,0.071942,0.230947,0.186916,0.188324,0.181818
2014-04-11,Clay Guida,Tatsuya Kawajiri,,kaggle_mdabbert_bestfightodds,,2024-12-14T00:00:00Z,,,0.47619,,,0.304878
2014-04-11,Minotauro Nogueira,Roy Nelson,,kaggle_mdabbert_bestfightodds,,2024-12-14T00:00:00Z,0.099502,0.1,0.285714,0.555556,0.088106,0.057143
2014-04-11,John Howard,Ryan LaFlare,,kaggle_mdabbert_bestfightodds,,2024-12-14T00:00:00Z,,,0.143062,,,
2014-04-11,Thales Leites,Trevor Smith,,kaggle_mdabbert_bestfightodds,,2024-12-14T00:00:00Z,,,0.434783,,,0.118064
2014-04-11,Jared Rosholt,Daniel Omielanczuk,,kaggle_mdabbert_bestfightodds,,2024-12-14T00:00:00Z,,,0.454545,,,0.105263
2014-04-11,Alan Omer,Jim Alers,,kaggle_mdabbert_bestfightodds,,2024-12-14T00:00:00Z,,,0.211864,,,0.341297
2014-04-11,Ramsey Nijem,Beneil Dariush,,kaggle_mdabbert_bestfightodds,,2024-12-14T00:00:00Z,,,0.25974,,,0.241546
2014-04-16,Michael Bisping,Tim Kennedy,,kaggle_mdabbert_bestfightodds,,2024-12-14T00:00:00Z,0.181818,0.074074,0.52381,0.142857,0.074074,0.25
2014-04-16,Patrick Cote,Kyle Noke,,kaggle_mdabbert_bestfightodds,,2024-12-14T00:00:00Z,,,0.165563,,,0.384615
2014-04-16,Sheldon Westcott,Elias Theodorou,,kaggle_mdabbert_bestfightodds,,2024-12-14T00:00:00Z,,,0.151286,,,0.512195
2014-04-16,Chad Laprise,Olivier Aubin-Mercier,,kaggle_mdabbert_bestfightodds,,2024-12-14T00:00:00Z,,,0.238095,,,0.327869
2014-04-16,Sam Stout,KJ Noons,,kaggle_mdabbert_bestfightodds,,2024-12-14T00:00:00Z,,,0.4,,,0.355872
2014-04-16,Dustin Poirier,Akira Corassani,,kaggle_mdabbert_bestfightodds,,2024-12-14T00:00:00Z,,,0.285714,,,0.067935
2014-04-16,Ryan Jimmo,Sean O'Connell,,kaggle_mdabbert_bestfightodds,,2024-12-14T00:00:00Z,,,0.357143,,,0.121951
2014-04-16,George Roop,Dustin Kimura,,kaggle_mdabbert_bestfightodds,,2024-12-14T00:00:00Z,,,0.277778,,,0.141643
2014-04-16,Mark Bocek,Mike de la Torre,,kaggle_mdabbert_bestfightodds,,2024-12-14T00:00:00Z,,,0.3367,,,0.123457
2014-04-16,Nordine Taleb,Vik Grujic,,kaggle_mdabbert_bestfightodds,,2024-12-14T00:00:00Z,,,0.359712,,,0.165289
2014-04-16,Richard Walsh,Chris Indich,,kaggle_mdabbert_bestfightodds,,2024-12-14T00:00:00Z,,,0.285714,,,0.186916
2014-04-16,Mitch Gagnon,Tim Gorman,,kaggle_mdabbert_bestfightodds,,2024-12-14T00:00:00Z,,,0.136426,,,0.15748
2014-04-16,Sarah Kaufman,Leslie Smith,,kaggle_mdabbert_bestfightodds,,2024-12-14T00:00:00Z,,,0.547511,,,0.243902
2014-04-19,Rafael Dos Anjos,Khabib Nurmagomedov,,kaggle_mdabbert_bestfightodds,,2024-12-14T00:00:00Z,0.142857,0.099404,0.181818,0.172414,0.101523,0.534884
2014-04-19,Fabricio Werdum,Travis Browne,,kaggle_mdabbert_bestfightodds,,2024-12-14T00:00:00Z,0.125,0.2,0.148148,0.555556,0.038462,0.173913
2014-04-19,Miesha Tate,Liz Carmouche,,kaggle_mdabbert_bestfightodds,,2024-12-14T00:00:00Z,0.129032,0.181818,0.487805,0.142857,0.083333,0.25
2014-04-19,Donald Cerrone,Edson Barboza,,kaggle_mdabbert_bestfightodds,,2024-12-14T00:00:00Z,0.2,0.181818,0.238095,0.322581,0.068966,0.243902
2014-04-19,Brad Tavares,Yoel Romero,,kaggle_mdabbert_bestfightodds,,2024-12-14T00:00:00Z,0.162602,0.076923,0.408163,0.3125,0.066667,0.208333
2014-04-19,Thiago Alves,Seth Baczynski,,kaggle_mdabbert_bestfightodds,,2024-12-14T00:00:00Z,0.583333,0.095969,0.334448,0.074074,0.076923,0.141643
2014-04-19,Mirsad Bektic,Chas Skelly,,kaggle_mdabbert_bestfightodds,,2024-12-14T00:00:00Z,0.273973,0.104275,0.289855,0.085106,0.105263,0.322581
2014-04-19,Estevan Payan,Alex White,,kaggle_mdabbert_bestfightodds,,2024-12-14T00:00:00Z,0.25974,0.191571,0.277778,0.181818,0.078125,0.266667
2014-04-19,Caio Magalhaes,Luke Zachrich,,kaggle_mdabbert_bestfightodds,,2024-12-14T00:00:00Z,0.194175,0.25,0.371747,0.149254,0.067797,0.160514
2014-04-19,Jordan Mein,Hernani Perpetuo,,kaggle_mdabbert_bestfightodds,,2024-12-14T00:00:00Z,0.384615,0.186916,0.314465,0.090909,0.05814,0.166945
2014-04-19,Dustin Ortiz,Ray Borg,,kaggle_mdabbert_bestfightodds,,2024-12-14T00:00:00Z,0.229885,0.074906,0.431034,0.075188,0.145985,0.224719
2014-04-19,Derrick Lewis,Jack May,,kaggle_mdabbert_bestfightodds,,2024-12-14T00:00:00Z,0.642857,0.106952,0.136986,0.173913,0.085106,0.101523
2014-04-19,Jorge Masvidal,Pat Healy,,kaggle_mdabbert_bestfightodds,,2024-12-14T00:00:00Z,0.222222,0.112994,0.555556,0.065574,0.079681,0.227273
2014-04-26,Luke Rockhold,Tim Boetsch,,kaggle_mdabbert_bestfightodds,,2024-12-14T00:00:00Z,0.444444,0.181818,0.384615,0.071429,0.047619,0.095238
2014-04-26,Jon Jones,Glover Teixeira,,kaggle_mdabbert_bestfightodds,,2024-12-14T00:00:00Z,0.408163,0.266667,0.25,0.111111,0.068966,0.111111
2014-04-26,Phil Davis,Anthony Johnson,,kaggle_mdabbert_bestfightodds,,2024-12-14T00:00:00Z,0.1,0.363636,0.350877,0.2,0.038462,0.190476
2014-04-26,Jim Miller,Yancy Medeiros,,kaggle_mdabbert_bestfightodds,,2024-12-14T00:00:00Z,0.093023,0.210526,0.444444,0.181818,0.072727,0.222222
2014-04-26,Danny Castillo,Charlie Brenneman,,kaggle_mdabbert_bestfightodds,,2024-12-14T00:00:00Z,0.4,0.121655,0.330033,0.064516,0.074627,0.210526
2014-04-26,Joseph Benavidez,Tim Elliott,,kaggle_mdabbert_bestfightodds,,2024-12-14T00:00:00Z,0.273973,0.166667,0.5,0.111111,0.064309,0.145985
2014-04-26,Takanori Gomi,Isaac Vallie-Flagg,,kaggle_mdabbert_bestfightodds,,2024-12-14T00:00:00Z,0.190476,0.080321,0.413223,0.121212,0.064309,0.307692
2014-04-26,Jessamyn Duke,Bethe Correia,,kaggle_mdabbert_bestfightodds,,2024-12-14T00:00:00Z,0.125,0.133333,0.373134,0.105263,0.067797,0.4
2014-04-26,Chris Beal,Patrick Williams,,kaggle_mdabbert_bestfightodds,,2024-12-14T00:00:00Z,0.183486,0.165017,0.310559,0.190476,0.096712,0.246305
2014-04-26,Max Holloway,Andre Fili,,kaggle_mdabbert_bestfightodds,,2024-12-14T00:00:00Z,0.107527,0.05988,0.332226,0.235294,0.142857,0.3125
2014-05-10,Matt Brown,Erick Silva,,kaggle_mdabbert_bestfightodds,,2024-12-14T00:00:00Z,0.333333,0.047619,0.0625,0.222222,0.331126,0.2
2014-05-10,Costas Philippou,Lorenz Larkin,,kaggle_mdabbert_bestfightodds,,2024-12-14T00:00:00Z,0.135135,0.047619,0.184843,0.229358,0.047619,0.565217
2014-05-10,Erik Koch,Daron Cruickshank,,kaggle_mdabbert_bestfightodds,,2024-12-14T00:00:00Z,0.384615,0.166667,0.363636,0.067797,0.036364,0.160514
2014-05-10,Neil Magny,Tim Means,,kaggle_mdabbert_bestfightodds,,2024-12-14T00:00:00Z,0.05,0.043478,0.25974,0.416667,0.125,0.289017
2014-05-10,Soa Palelei,Ruan Potts,,kaggle_mdabbert_bestfightodds,,2024-12-14T00:00:00Z,0.62963,0.142857,0.152672,0.138889,0.15083,0.090909
2014-05-10,Chris Cariaso,Louis Smolka,,kaggle_mdabbert_bestfightodds,,2024-12-14T00:00:00Z,0.111111,0.064935,0.359712,0.117786,0.181818,0.384615
2014-05-10,Kyoji Horiguchi,Darrell Montague,,kaggle_mdabbert_bestfightodds,,2024-12-14T00:00:00Z,0.357143,0.171233,0.277778,0.083333,0.104712,0.27027
2014-05-10,Yan Cabral,Zak Cummings,,kaggle_mdabbert_bestfightodds,,2024-12-14T00:00:00Z,0.077821,0.377358,0.512195,0.095238,0.061162,0.085837
2014-05-10,Eddie Wineland,Johnny Eduardo,,kaggle_mdabbert_bestfightodds,,2024-12-14T00:00:00Z,0.416667,0.132626,0.434783,0.0625,0.053908,0.079365
2014-05-10,Manvel Gamburyan,Nik Lentz,,kaggle_mdabbert_bestfightodds,,2024-12-14T00:00:00Z,0.0625,0.053333,0.13986,0.190476,0.120482,0.616858
2014-05-10,Justin Salas,Ben Wall,,kaggle_mdabbert_bestfightodds,,2024-12-14T00:00:00Z,0.155039,0.206186,0.465116,0.0625,0.076923,0.227273
2014-05-10,Anthony Lapsley,Albert Tumenov,,kaggle_mdabbert_bestfightodds,,2024-12-14T00:00:00Z,0.065317,0.117647,0.222222,0.384615,0.078431,0.361011
2014-05-10,Ed Herman,Rafael Natal,,kaggle_mdabbert_bestfightodds,,2024-12-14T00:00:00Z,0.227273,0.084034,0.18797,0.099502,0.162602,0.425532
2014-05-24,Takeya Mizugaki,Francisco Rivera,,kaggle_mdabbert_bestfightodds,,2024-12-14T00:00:00Z,0.153846,0.121212,0.47619,0.222222,0.057143,0.210526
2014-05-24,Renan Barao,TJ Dillashaw,,kaggle_mdabbert_bestfightodds,,2024-12-14T00:00:00Z,0.465116,0.2,0.333333,0.066667,0.052632,0.1
2014-05-24,Daniel Cormier,Dan Henderson,,kaggle_mdabbert_bestfightodds,,2024-12-14T00:00:00Z,0.4,0.090909,0.545455,0.111111,0.038462,0.0625
2014-05-24,Robbie Lawler,Jake Ellenberger,,kaggle_mdabbert_bestfightodds,,2024-12-14T00:00:00Z,0.416667,0.047619,0.307692,0.166667,0.066667,0.222222
2014-05-24,Jamie Varner,James Krause,,kaggle_mdabbert_bestfightodds,,2024-12-14T00:00:00Z,0.25,0.148148,0.350877,0.076923,0.153846,0.240964
2014-05-24,David Michaud,Li Jingliang,,kaggle_mdabbert_bestfightodds,,2024-12-14T00:00:00Z,0.165289,0.18018,0.30303,,,
2014-05-24,Tony Ferguson,Katsunori Kikuno,,kaggle_mdabbert_bestfightodds,,2024-12-14T00:00:00Z,0.322581,0.164745,0.362319,0.148148,0.061162,0.152672
2014-05-24,Chris Holdsworth,Chico Camus,,kaggle_mdabbert_bestfightodds,,2024-12-14T00:00:00Z,0.11976,0.5,0.242131,0.047619,0.033613,0.231481
2014-05-24,Al Iaquinta,Mitch Clarke,,kaggle_mdabbert_bestfightodds,,2024-12-14T00:00:00Z,0.291545,0.166667,0.436681,0.054645,0.153846,0.084674
2014-05-24,Anthony Njokuani,Vinc Pichel,,kaggle_mdabbert_bestfightodds,,2024-12-14T00:00:00Z,0.37037,0.05168,0.37037,0.130719,0.11236,0.162075
2014-05-24,Sam Sicilia,Aaron Phillips,,kaggle_mdabbert_bestfightodds,,2024-12-14T00:00:00Z,0.350877,0.117647,0.236407,0.222222,0.077821,0.190476
2014-05-24,Michael Chiesa,Francisco Trinaldo,,kaggle_mdabbert_bestfightodds,,2024-12-14T00:00:00Z,0.108696,0.416667,0.164204,0.136986,0.129032,0.25
2014-05-31,Rony Jason,Robert Peralta,,kaggle_mdabbert_bestfightodds,,2024-12-14T00:00:00Z,,,0.28169,,,0.16
2014-05-31,Stipe Miocic,Fabio Maldonado,,kaggle_mdabbert_bestfightodds,,2024-12-14T00:00:00Z,0.6,0.133333,0.266667,0.1,0.047619,0.133333
2014-05-31,Vitor Miranda,Antonio Carlos Junior,,kaggle_mdabbert_bestfightodds,,2024-12-14T00:00:00Z,,,0.197628,,,0.257732
2014-05-31,Marcio Alexandre Junior,Warlley Alves,,kaggle_mdabbert_bestfightodds,,2024-12-14T00:00:00Z,,,0.257732,,,0.285714
2014-05-31,Demian Maia,Alexander Yakovlev,,kaggle_mdabbert_bestfightodds,,2024-12-14T00:00:00Z,,,0.4,,,0.151286
2014-05-31,Rodrigo Damm,Rashid Magomedov,,kaggle_mdabbert_bestfightodds,,2024-12-14T00:00:00Z,,,0.19802,,,0.4
2014-05-31,Paulo Thiago,Gasan Umalatov,,kaggle_mdabbert_bestfightodds,,2024-12-14T00:00:00Z,,,0.534884,,,0.222222
2014-05-31,Kevin Souza,Mark Eddiva,,kaggle_mdabbert_bestfightodds,,2024-12-14T00:00:00Z,,,0.222222,,,0.2
2014-05-31,Ricardo Abreu,Wagner Silva,,kaggle_mdabbert_bestfightodds,,2024-12-14T00:00:00Z,,,0.344828,,,0.181818
2014-05-31,Marcos Rogerio de Lima,Richardson Moreira,,kaggle_mdabbert_bestfightodds,,2024-12-14T00:00:00Z,,,0.173913,,,0.10101
2014-05-31,Pedro Munhoz,Matt Hobar,,kaggle_mdabbert_bestfightodds,,2024-12-14T00:00:00Z,,,0.359712,,,0.206186
2014-05-31,Elias Silverio,Ernest Chavez,,kaggle_mdabbert_bestfightodds,,2024-12-14T00:00:00Z,,,0.534884,,,0.166667
2014-05-31,Viktor Pesta,Ruslan Magomedov,,kaggle_mdabbert_bestfightodds,,2024-12-14T00:00:00Z,,,,,,0.4
2014-06-07,Benson Henderson,Rustam Khabilov,,kaggle_mdabbert_bestfightodds,,2024-12-14T00:00:00Z,0.162602,0.190476,0.454545,0.129032,0.1,0.210526
2014-06-07,John Dodson,John Moraga,,kaggle_mdabbert_bestfightodds,,2024-12-14T00:00:00Z,0.454545,0.074074,0.416667,0.08,0.071429,0.137931
2014-06-07,Rafael Dos Anjos,Jason High,,kaggle_mdabbert_bestfightodds,,2024-12-14T00:00:00Z,0.25,0.181818,0.444444,0.060606,0.090909,0.235294
2014-06-07,Yves Edwards,Piotr Hallmann,,kaggle_mdabbert_bestfightodds,,2024-12-14T00:00:00Z,0.13459,0.102564,0.322581,0.21692,0.153846,0.334448
2014-06-07,Diego Sanchez,Ross Pearson,,kaggle_mdabbert_bestfightodds,,2024-12-14T00:00:00Z,0.125,0.166667,0.273973,0.153846,0.066667,0.465116
2014-06-07,Yaotzin Meza,Sergio Pettis,,kaggle_mdabbert_bestfightodds,,2024-12-14T00:00:00Z,0.055249,0.088889,0.095147,0.416667,0.104603,0.434783
2014-06-07,Bobby Voelker,Lance Benoist,,kaggle_mdabbert_bestfightodds,,2024-12-14T00:00:00Z,0.235294,0.05291,0.348432,0.142857,0.153846,0.3125
2014-06-07,Scott Jorgensen,Danny Martinez,,kaggle_mdabbert_bestfightodds,,2024-12-14T00:00:00Z,0.109529,0.181818,0.565217,0.137931,0.06734,0.219298
2014-06-07,Jon Tuck,Jake Lindsey,,kaggle_mdabbert_bestfightodds,,2024-12-14T00:00:00Z,0.179533,0.190476,0.3125,0.285714,0.060976,0.19084
2014-06-07,Patrick Cummins,Roger Narvaez,,kaggle_mdabbert_bestfightodds,,2024-12-14T00:00:00Z,0.5,0.187266,0.218341,0.129032,0.088496,0.142857
2014-06-07,Erik Perez,Bryan Caraway,,kaggle_mdabbert_bestfightodds,,2024-12-14T00:00:00Z,0.16,0.110988,0.367647,0.045249,0.222222,0.344828
2014-06-14,Demetrious Johnson,Ali Bagautinov,,kaggle_mdabbert_bestfightodds,,2024-12-14T00:00:00Z,0.178571,0.243309,0.512195,0.08,0.064516,0.105263
2014-06-14,Rory MacDonald,Tyron Woodley,,kaggle_mdabbert_bestfightodds,,2024-12-14T00:00:00Z,,,,0.210526,0.0625,0.3125
2014-06-14,Ryan Bader,Rafael Feijao,,kaggle_mdabbert_bestfightodds,,2024-12-14T00:00:00Z,0.31746,0.122699,0.285714,,,
2014-06-14,Andrei Arlovski,Brendan Schaub,,kaggle_mdabbert_bestfightodds,,2024-12-14T00:00:00Z,0.232558,0.056022,0.181488,0.333333,0.111111,0.239808
2014-06-14,Ovince Saint Preux,Ryan Jimmo,,kaggle_mdabbert_bestfightodds,,2024-12-14T00:00:00Z,0.235294,0.121212,0.333333,0.190476,0.052632,0.307692
2014-06-14,Yves Jabouin,Mike Easton,,kaggle_mdabbert_bestfightodds,,2024-12-14T00:00:00Z,0.089286,0.047619,0.263158,0.2,0.090909,0.46729
2014-06-14,Valerie Letourneau,Elizabeth Phillips,,kaggle_mdabbert_bestfightodds,,2024-12-14T00:00:00Z,0.162602,0.058997,0.373134,0.117647,0.135135,0.358423
2014-06-14,Kajan Johnson,Tae Hyun Bang,,kaggle_mdabbert_bestfightodds,,2024-12-14T00:00:00Z,0.178571,0.243309,0.512195,0.194175,0.093284,0.17331
2014-06-14,Roland Delorme,Michinori Tanaka,,kaggle_mdabbert_bestfightodds,,2024-12-14T00:00:00Z,0.097466,0.25,0.194932,0.142248,0.111111,0.444444
2014-06-14,Jason Saggo,Josh Shockley,,kaggle_mdabbert_bestfightodds,,2024-12-14T00:00:00Z,0.08,0.327869,0.185185,0.16,0.148368,0.333333
2014-06-14,Daniel Sarafian,Kiichi Kunimoto,,kaggle_mdabbert_bestfightodds,,2024-12-14T00:00:00Z,0.25,0.3125,0.362319,0.066667,0.121212,0.096154
2014-06-28,Soa Palelei,Jared Rosholt,,kaggle_mdabbert_bestfightodds,,2024-12-14T00:00:00Z,,,0.08,,,0.25
2014-06-28,Hatsu Hioki,Charles Oliveira,,kaggle_mdabbert_bestfightodds,,2024-12-14T00:00:00Z,,,0.30303,,,0.387597
2014-06-28,James Te Huna,Nate Marquardt,,kaggle_mdabbert_bestfightodds,,2024-12-14T00:00:00Z,0.471698,0.0625,0.193798,0.166667,0.2,0.133333
2014-06-28,Robert Whittaker,Mike Rhodes,,kaggle_mdabbert_bestfightodds,,2024-12-14T00:00:00Z,,,0.411523,,,0.207039
2014-06-28,Gian Villante,Sean O'Connell,,kaggle_mdabbert_bestfightodds,,2024-12-14T00:00:00Z,,,0.326797,,,0.125
2014-06-28,Richie Vaculik,Roldan Sangcha-an,,kaggle_mdabbert_bestfightodds,,2024-12-14T00:00:00Z,,,0.307692,,,
2014-06-28,Dan Hooker,Ian Entwistle,,kaggle_mdabbert_bestfightodds,,2024-12-14T00:00:00Z,,,0.307692,,,0.131926
2014-06-28,Jake Matthews,Dashon Johnson,,kaggle_mdabbert_bestfightodds,,2024-12-14T00:00:00Z,,,0.254453,,,0.188679
2014-06-28,Chris Indich,Vik Grujic,,kaggle_mdabbert_bestfightodds,,2024-12-14T00:00:00Z,,,0.325733,,,0.31746
2014-06-28,Neil Magny,Rodrigo de Lima,,kaggle_mdabbert_bestfightodds,,2024-12-14T00:00:00Z,,,0.4329,,,0.125
2014-07-05,Luke Zachrich,Guilherme Vasconcelos,,kaggle_mdabbert_bestfightodds,,2024-12-14T00:00:00Z,0.18018,0.132979,0.166667,0.181818,0.25,0.293255
2014-07-05,George Roop,Rob Font,,kaggle_mdabbert_bestfightodds,,2024-12-14T00:00:00Z,0.246914,0.172414,0.327869,0.222222,0.063898,0.19802
2014-07-05,Chris Camozzi,Bruno Santos,,kaggle_mdabbert_bestfightodds,,2024-12-14T00:00:00Z,0.168067,0.144928,0.487805,0.08,0.05291,0.168067
2014-07-05,Kenny Robertson,Ildemar Alcantara,,kaggle_mdabbert_bestfightodds,,2024-12-14T00:00:00Z,0.109409,0.222222,0.235294,0.2,0.142857,0.3125
2014-07-05,Urijah Faber,Alex Caceres,,kaggle_mdabbert_bestfightodds,,2024-12-14T00:00:00Z,0.146199,0.512195,0.374532,0.04878,0.037879,0.077821
2014-07-05,Marcus Brimage,Russell Doane,,kaggle_mdabbert_bestfightodds,,2024-12-14T00:00:00Z,0.181818,0.066667,0.333333,0.144928,0.173913,0.298507
2014-07-05,Uriah Hall,Thiago Santos,,kaggle_mdabbert_bestfightodds,,2024-12-14T00:00:00Z,0.52381,0.071174,0.286533,0.08,0.05291,0.168067
2014-07-05,Ronda Rousey,Alexis Davis,,kaggle_mdabbert_bestfightodds,,2024-12-14T00:00:00Z,0.181818,0.736842,0.134228,0.058824,0.06734,0.051282
2014-07-05,Chris Weidman,Lyoto Machida,,kaggle_mdabbert_bestfightodds,,2024-12-14T00:00:00Z,0.25974,0.188679,0.294118,0.217391,0.049628,0.173913
2014-07-06,Frankie Edgar,BJ Penn,,kaggle_mdabbert_bestfightodds,,2024-12-14T00:00:00Z,0.235294,0.075188,0.555556,0.076923,0.068966,0.117647
2014-07-06,Corey Anderson,Matt Van Buren,,kaggle_mdabbert_bestfightodds,,2024-12-14T00:00:00Z,,,0.454545,,,0.180505
2014-07-06,Dhiego Lima,Eddie Gordon,,kaggle_mdabbert_bestfightodds,,2024-12-14T00:00:00Z,,,0.333333,,,0.3125
2014-07-06,Derrick Lewis,Guto Inocente,,kaggle_mdabbert_bestfightodds,,2024-12-14T00:00:00Z,,,0.181818,,,0.235849
2014-07-06,Adriano Martins,Juan Puig,,kaggle_mdabbert_bestfightodds,,2024-12-14T00:00:00Z,,,0.37037,,,0.147059
2014-07-06,Jesse Ronson,Kevin Lee,,kaggle_mdabbert_bestfightodds,,2024-12-14T00:00:00Z,,,0.263158,,,0.416667
2014-07-06,Jumabieke Tuerxun,Leandro Issa,,kaggle_mdabbert_bestfightodds,,2024-12-14T00:00:00Z,,,0.408163,,,0.277778
2014-07-06,Patrick Walsh,Daniel Spohn,,kaggle_mdabbert_bestfightodds,,2024-12-14T00:00:00Z,,,0.220751,,,0.251889
2014-07-06,Justin Scoggins,Dustin Ortiz,,kaggle_mdabbert_bestfightodds,,2024-12-14T00:00:00Z,,,0.465116,,,0.20202
2014-07-06,Sarah Moras,Alexis Dufresne,,kaggle_mdabbert_bestfightodds,,2024-12-14T00:00:00Z,,,0.293255,,,0.233645
2014-07-16,Justin Salas,Joe Proctor,,kaggle_mdabbert_bestfightodds,,2024-12-14T00:00:00Z,0.212766,0.083682,0.37037,0.122249,0.17094,0.25641
2014-07-16,Donald Cerrone,Jim Miller,,kaggle_mdabbert_bestfightodds,,2024-12-14T00:00:00Z,0.257069,0.263158,0.273973,0.125,0.166667,0.127389
2014-07-16,Edson Barboza,Evan Dunham,,kaggle_mdabbert_bestfightodds,,2024-12-14T00:00:00Z,0.357143,0.145138,0.363636,0.130719,0.076923,0.160514
2014-07-16,Rick Story,Leonardo Mafra,,kaggle_mdabbert_bestfightodds,,2024-12-14T00:00:00Z,0.384615,0.142857,0.392157,0.153846,0.067659,0.154083
2014-07-16,John Lineker,Alptekin Ozkilic,,kaggle_mdabbert_bestfightodds,,2024-12-14T00:00:00Z,0.5,0.065703,0.416667,0.099502,0.081967,0.187617
2014-07-16,Gleison Tibau,Pat Healy,,kaggle_mdabbert_bestfightodds,,2024-12-14T00:00:00Z,0.16,0.153846,0.434783,0.125,0.08,0.333333
2014-07-16,Jessamyn Duke,Leslie Smith,,kaggle_mdabbert_bestfightodds,,2024-12-14T00:00:00Z,0.08658,0.136054,0.31746,0.17094,0.07874,0.392157
2014-07-16,Hugo Viana,Aljamain Sterling,,kaggle_mdabbert_bestfightodds,,2024-12-14T00:00:00Z,0.166667,0.063291,0.253165,0.19802,0.19802,0.416667
2014-07-16,Yosdenis Cedeno,Jerrod Sanders,,kaggle_mdabbert_bestfightodds,,2024-12-14T00:00:00Z,0.141844,0.064516,0.291545,0.136986,0.208333,0.37037
2014-07-16,Claudia Gadelha,Tina Lahdemaki,,kaggle_mdabbert_bestfightodds,,2024-12-14T00:00:00Z,0.190476,0.289855,0.46729,0.047059,0.0625,0.186567
2014-07-16,Lucas Martins,Alex White,,kaggle_mdabbert_bestfightodds,,2024-12-14T00:00:00Z,0.238095,0.106157,0.15625,0.37037,0.232558,0.212766
2014-07-19,Conor McGregor,Diego Brandao,,kaggle_mdabbert_bestfightodds,,2024-12-14T00:00:00Z,0.62963,0.083333,0.2,0.090909,0.133333,0.108108
2014-07-19,Gunnar Nelson,Zak Cummings,,kaggle_mdabbert_bestfightodds,,2024-12-14T00:00:00Z,,,0.3125,,,0.110497
2014-07-19,Brad Pickett,Ian McCall,,kaggle_mdabbert_bestfightodds,,2024-12-14T00:00:00Z,,,0.3125,,,0.444444
2014-07-19,Norman Parke,Naoyuki Kotani,,kaggle_mdabbert_bestfightodds,,2024-12-14T00:00:00Z,,,0.545455,,,0.1287
2014-07-19,Ilir Latifi,Chris Dempsey,,kaggle_mdabbert_bestfightodds,,2024-12-14T00:00:00Z,,,0.333333,,,0.190476
2014-07-19,Neil Seery,Phil Harris,,kaggle_mdabbert_bestfightodds,,2024-12-14T00:00:00Z,,,0.283286,,,0.363636
2014-07-19,Cathal Pendred,Mike King,,kaggle_mdabbert_bestfightodds,,2024-12-14T00:00:00Z,,,0.416667,,,0.280112
2014-07-19,Tor Troeng,Trevor Smith,,kaggle_mdabbert_bestfightodds,,2024-12-14T00:00:00Z,,,0.199601,0.17094,0.07874,0.21978
2014-07-19,Cody Donovan,Nikita Krylov,,kaggle_mdabbert_bestfightodds,,2024-12-14T00:00:00Z,,,0.10101,,,0.121507
2014-07-19,Paddy Holohan,Joshua Sampo,,kaggle_mdabbert_bestfightodds,,2024-12-14T00:00:00Z,,,0.222222,,,0.434783
2014-07-26,Robbie Lawler,Matt Brown,,kaggle_mdabbert_bestfightodds,,2024-12-14T00:00:00Z,0.636364,0.051282,0.166667,0.153846,0.0625,0.102564
2014-07-26,Anthony Johnson,Rogerio Nogueira,,kaggle_mdabbert_bestfightodds,,2024-12-14T00:00:00Z,0.565217,0.036697,0.343643,0.066667,0.0625,0.13986
2014-07-26,Clay Guida,Dennis Bermudez,,kaggle_mdabbert_bestfightodds,,2024-12-14T00:00:00Z,0.052632,0.105263,0.350877,0.166667,0.090909,0.434783
2014-07-26,Josh Thomson,Bobby Green,,kaggle_mdabbert_bestfightodds,,2024-12-14T00:00:00Z,0.13245,0.238095,0.434783,0.108108,0.04878,0.168919
2014-07-26,Daron Cruickshank,Jorge Masvidal,,kaggle_mdabbert_bestfightodds,,2024-12-14T00:00:00Z,0.142653,0.038462,0.208333,0.2,0.19802,0.4
2014-07-26,Steven Siler,Noad Lahat,,kaggle_mdabbert_bestfightodds,,2024-12-14T00:00:00Z,0.217391,0.126904,0.390625,0.090498,0.12987,0.235294
2014-07-26,Hernani Perpetuo,Tim Means,,kaggle_mdabbert_bestfightodds,,2024-12-14T00:00:00Z,0.1,0.105263,0.25,0.384615,0.078125,0.3125
2014-07-26,Akbarh Arreola,Tiago Trator,,kaggle_mdabbert_bestfightodds,,2024-12-14T00:00:00Z,0.050505,0.145985,0.208333,,,
2014-07-26,Andreas Stahl,Gilbert Burns,,kaggle_mdabbert_bestfightodds,,2024-12-14T00:00:00Z,0.185185,0.072993,0.25641,0.115075,0.377358,0.179856
2014-07-26,Juliana Lima,Joanna Jedrzejczyk,,kaggle_mdabbert_bestfightodds,,2024-12-14T00:00:00Z,0.054945,0.071429,0.202429,0.289855,0.042553,0.502488
2014-07-26,Kyle Kingsbury,Patrick Cummins,,kaggle_mdabbert_bestfightodds,,2024-12-14T00:00:00Z,0.25,0.0625,0.149477,0.25,0.15625,0.363636
2014-08-16,Tim Boetsch,Brad Tavares,,kaggle_mdabbert_bestfightodds,,2024-12-14T00:00:00Z,0.095238,0.051282,0.25,0.215054,0.063291,0.553571
2014-08-16,Ryan Bader,Ovince Saint Preux,,kaggle_mdabbert_bestfightodds,,2024-12-14T00:00:00Z,0.285714,0.125,0.3125,0.294118,0.083333,0.125
2014-08-16,Gray Maynard,Ross Pearson,,kaggle_mdabbert_bestfightodds,,2024-12-14T00:00:00Z,0.129032,0.076923,0.30303,0.363636,0.055556,0.30303
2014-08-16,Seth Baczynski,Alan Jouban,,kaggle_mdabbert_bestfightodds,,2024-12-14T00:00:00Z,0.150376,0.15625,0.392157,0.190476,0.063091,0.263852
2014-08-16,Nolan Ticman,Frankie Saenz,,kaggle_mdabbert_bestfightodds,,2024-12-14T00:00:00Z,0.181818,0.12987,0.280899,0.183486,0.10989,0.363636
2014-08-16,Thiago Tavares,Robert Peralta,,kaggle_mdabbert_bestfightodds,,2024-12-14T00:00:00Z,0.215054,0.063291,0.553571,0.327869,0.041322,0.138122
2014-08-16,Jussier Formiga,Zach Makovsky,,kaggle_mdabbert_bestfightodds,,2024-12-14T00:00:00Z,0.043011,0.153846,0.156006,0.25,0.075472,0.565217
2014-08-16,Sara McMann,Lauren Murphy,,kaggle_mdabbert_bestfightodds,,2024-12-14T00:00:00Z,0.173913,0.151057,0.607843,0.1,0.046729,0.104712
2014-08-16,Tom Watson,Sam Alvey,,kaggle_mdabbert_bestfightodds,,2024-12-14T00:00:00Z,0.178571,0.088106,0.355872,0.151515,0.102669,0.323625
2014-08-16,Shawn Jordan,Jack May,,kaggle_mdabbert_bestfightodds,,2024-12-14T00:00:00Z,0.565217,0.111111,0.16,0.285714,0.072727,0.085837
2014-08-23,Benson Henderson,Rafael Dos Anjos,,kaggle_mdabbert_bestfightodds,,2024-12-14T00:00:00Z,0.210526,0.121212,0.583333,0.074074,0.129032,0.137931
2014-08-23,Mike Pyle,Jordan Mein,,kaggle_mdabbert_bestfightodds,,2024-12-14T00:00:00Z,0.153846,0.131579,0.166667,0.47619,0.090909,0.238095
2014-08-23,Max Holloway,Clay Collard,,kaggle_mdabbert_bestfightodds,,2024-12-14T00:00:00Z,0.425532,0.132275,0.413223,0.063694,0.057143,0.090909
2014-08-23,James Vick,Valmir Lazaro,,kaggle_mdabbert_bestfightodds,,2024-12-14T00:00:00Z,0.133333,0.247525,0.284091,0.289855,0.055556,0.178571
2014-08-23,Chas Skelly,Tom Niinimaki,,kaggle_mdabbert_bestfightodds,,2024-12-14T00:00:00Z,0.112867,0.117647,0.322581,0.166945,0.147059,0.37594
2014-08-23,Francis Carmont,Thales Leites,,kaggle_mdabbert_bestfightodds,,2024-12-14T00:00:00Z,0.181818,0.125,0.416667,0.08,0.148148,0.30303
2014-08-23,Beneil Dariush,Anthony Rocco Martin,,kaggle_mdabbert_bestfightodds,,2024-12-14T00:00:00Z,0.152672,0.224719,0.166667,0.2,0.16,0.322581
2014-08-23,Aaron Phillips,Matt Hobar,,kaggle_mdabbert_bestfightodds,,2024-12-14T00:00:00Z,0.210526,0.071174,0.2,0.123916,0.208333,0.374532
2014-08-23,Elizabeth Phillips,Milana Dudieva,,kaggle_mdabbert_bestfightodds,,2024-12-14T00:00:00Z,0.210526,0.071174,0.2,,,
2014-08-23,Ben Saunders,Chris Heatherly,,kaggle_mdabbert_bestfightodds,,2024-12-14T00:00:00Z,0.408163,0.210526,0.253165,0.072993,0.067797,0.162602
2014-08-23,Wilson Reis,Joby Sanchez,,kaggle_mdabbert_bestfightodds,,2024-12-14T00:00:00Z,,,0.47619,,,0.183486
2014-08-23,Neil Magny,Alex Garcia,,kaggle_mdabbert_bestfightodds,,2024-12-14T00:00:00Z,0.176991,0.058997,0.294118,0.307692,0.173913,0.222222
2014-08-30,TJ Dillashaw,Joe Soto,,kaggle_mdabbert_bestfightodds,,2024-12-14T00:00:00Z,0.649123,0.2,0.2,0.064516,0.049751,0.052632
2014-08-30,Tony Ferguson,Danny Castillo,,kaggle_mdabbert_bestfightodds,,2024-12-14T00:00:00Z,0.425532,0.2,0.285714,0.086957,0.035714,0.235294
2014-08-30,Bethe Correia,Shayna Baszler,,kaggle_mdabbert_bestfightodds,,2024-12-14T00:00:00Z,0.186916,0.047619,0.454545,0.054054,0.190476,0.344828
2014-08-30,Yancy Medeiros,Damon Jackson,,kaggle_mdabbert_bestfightodds,,2024-12-14T00:00:00Z,0.298507,0.06993,0.235294,0.061728,0.37037,0.195695
2014-08-30,Lorenz Larkin,Derek Brunson,,kaggle_mdabbert_bestfightodds,,2024-12-14T00:00:00Z,0.277778,0.034843,0.263158,0.138889,0.107066,0.438596
2014-08-30,Ruan Potts,Anthony Hamilton,,kaggle_mdabbert_bestfightodds,,2024-12-14T00:00:00Z,0.192308,0.17301,0.076923,0.465116,0.08,0.220264
2014-08-30,Chris Wade,Cain Carrizosa,,kaggle_mdabbert_bestfightodds,,2024-12-14T00:00:00Z,0.085106,0.18018,0.363636,0.181818,0.153846,0.26178
2014-08-30,Ramsey Nijem,Diego Ferreira,,kaggle_mdabbert_bestfightodds,,2024-12-14T00:00:00Z,0.151515,0.057803,0.243902,0.136054,0.37037,0.235849
2014-09-05,Alistair Overeem,Ben Rothwell,,kaggle_mdabbert_bestfightodds,,2024-12-14T00:00:00Z,0.565217,0.153846,0.176991,0.2,0.041667,0.076923
2014-09-05,Jacare Souza,Gegard Mousasi,,kaggle_mdabbert_bestfightodds,,2024-12-14T00:00:00Z,0.105263,0.333333,0.377358,0.173913,0.047619,0.188679
2014-09-05,Joe Lauzon,Michael Chiesa,,kaggle_mdabbert_bestfightodds,,2024-12-14T00:00:00Z,0.153846,0.2,0.2,0.095238,0.307692,0.294118
2014-09-05,Matt Mitrione,Derrick Lewis,,kaggle_mdabbert_bestfightodds,,2024-12-14T00:00:00Z,0.307692,0.047619,0.153846,0.534884,0.064516,0.133333
2014-09-05,Al Iaquinta,Rodrigo Damm,,kaggle_mdabbert_bestfightodds,,2024-12-14T00:00:00Z,0.333333,0.142857,0.509804,0.059701,0.111111,0.089686
2014-09-05,Sean Soriano,Chas Skelly,,kaggle_mdabbert_bestfightodds,,2024-12-14T00:00:00Z,0.150376,0.05102,0.25,0.1,0.37037,0.263158
2014-09-05,Rafael Natal,Chris Camozzi,,kaggle_mdabbert_bestfightodds,,2024-12-14T00:00:00Z,0.149254,0.175439,0.380228,0.162602,0.058309,0.277778
2014-09-05,Chris Beal,Tateki Matsuda,,kaggle_mdabbert_bestfightodds,,2024-12-14T00:00:00Z,0.344828,0.079051,0.473934,0.074074,0.045045,0.16
2014-09-05,John Moraga,Justin Scoggins,,kaggle_mdabbert_bestfightodds,,2024-12-14T00:00:00Z,0.111111,0.073529,0.217391,0.298507,0.111111,0.425532
2014-09-13,Antonio Silva,Andrei Arlovski,,kaggle_mdabbert_bestfightodds,,2024-12-14T00:00:00Z,0.5671,0.105263,0.229358,0.16,0.043478,0.137931
2014-09-13,Gleison Tibau,Piotr Hallmann,,kaggle_mdabbert_bestfightodds,,2024-12-14T00:00:00Z,,,0.434783,,,0.235294
2014-09-13,Leonardo Santos,Efrain Escudero,,kaggle_mdabbert_bestfightodds,,2024-12-14T00:00:00Z,,,0.374532,,,0.294118
2014-09-13,Santiago Ponzinibbio,Wendell Oliveira,,kaggle_mdabbert_bestfightodds,,2024-12-14T00:00:00Z,,,0.321543,,,
2014-09-13,Iuri Alcantara,Russell Doane,,kaggle_mdabbert_bestfightodds,,2024-12-14T00:00:00Z,,,0.31348,,,0.206186
2014-09-13,Godofredo Pepey,Dashon Johnson,,kaggle_mdabbert_bestfightodds,,2024-12-14T00:00:00Z,,,0.283286,,,0.121803
2014-09-13,Igor Araujo,George Sullivan,,kaggle_mdabbert_bestfightodds,,2024-12-14T00:00:00Z,,,0.37037,,,0.3125
2014-09-13,Francisco Trinaldo,Leandro Silva,,kaggle_mdabbert_bestfightodds,,2024-12-14T00:00:00Z,,,0.416667,0.5671,0.105263,0.229358
2014-09-13,Paulo Thiago,Sean Spencer,,kaggle_mdabbert_bestfightodds,,2024-12-14T00:00:00Z,,,0.200803,,,0.47619
2014-09-13,Rani Yahya,Johnny Bedford,,kaggle_mdabbert_bestfightodds,,2024-12-14T00:00:00Z,,,0.2079,,,0.229358
2014-09-13,Jessica Andrade,Larissa Pacheco,,kaggle_mdabbert_bestfightodds,,2024-12-14T00:00:00Z,,,0.380228,,,0.283286
2014-09-20,Miesha Tate,Rin Nakai,,kaggle_mdabbert_bestfightodds,,2024-12-14T00:00:00Z,,,0.47619,,,0.222222
2014-09-20,Mark Hunt,Roy Nelson,,kaggle_mdabbert_bestfightodds,,2024-12-14T00:00:00Z,0.357143,0.043478,0.229885,0.357143,0.13986,0.159236
2014-09-20,Myles Jury,Takanori Gomi,,kaggle_mdabbert_bestfightodds,,2024-12-14T00:00:00Z,,,0.462963,,,0.104712
2014-09-20,Yoshihiro Akiyama,Amir Sadollah,,kaggle_mdabbert_bestfightodds,,2024-12-14T00:00:00Z,,,0.363636,,,0.350877
2014-09-20,Kiichi Kunimoto,Richard Walsh,,kaggle_mdabbert_bestfightodds,,2024-12-14T00:00:00Z,,,0.325733,,,0.266667
2014-09-20,Maximo Blanco,Dan Hooker,,kaggle_mdabbert_bestfightodds,,2024-12-14T00:00:00Z,,,0.363636,,,0.15873
2014-09-20,Alex Caceres,Masanori Kanehara,,kaggle_mdabbert_bestfightodds,,2024-12-14T00:00:00Z,,,0.326797,,,0.206186
2014-09-20,Katsunori Kikuno,Sam Sicilia,,kaggle_mdabbert_bestfightodds,,2024-12-14T00:00:00Z,,,0.303951,,,0.165289
2014-09-20,Hyun Gyu Lim,Takenori Sato,,kaggle_mdabbert_bestfightodds,,2024-12-14T00:00:00Z,,,0.181818,,,0.06689
2014-09-20,Michinori Tanaka,Kyung Ho Kang,,kaggle_mdabbert_bestfightodds,,2024-12-14T00:00:00Z,,,0.41841,,,0.333333
2014-09-20,Kazuki Tokudome,Johnny Case,,kaggle_mdabbert_bestfightodds,,2024-12-14T00:00:00Z,,,0.454545,,,0.21097
2014-09-20,Kyoji Horiguchi,Jon Delos Reyes,,kaggle_mdabbert_bestfightodds,,2024-12-14T00:00:00Z,,,0.409836,,,0.10582
2014-09-27,Dustin Poirier,Conor McGregor,,kaggle_mdabbert_bestfightodds,,2024-12-14T00:00:00Z,0.105263,0.133333,0.153846,0.5,0.090909,0.285714
2014-09-27,Demetrious Johnson,Chris Cariaso,,kaggle_mdabbert_bestfightodds,,2024-12-14T00:00:00Z,0.277778,0.3125,0.454545,0.0625,0.047619,0.0625
2014-09-27,Donald Cerrone,Eddie Alvarez,,kaggle_mdabbert_bestfightodds,,2024-12-14T00:00:00Z,0.222222,0.2,0.222222,0.217391,0.117647,0.25
2014-09-27,Cat Zingano,Amanda Nunes,,kaggle_mdabbert_bestfightodds,,2024-12-14T00:00:00Z,0.25,0.173913,0.416667,0.181818,0.0625,0.181818
2014-09-27,Tim Kennedy,Yoel Romero,,kaggle_mdabbert_bestfightodds,,2024-12-14T00:00:00Z,0.125,0.181818,0.285714,0.285714,0.052632,0.294118
2014-09-27,Jorge Masvidal,James Krause,,kaggle_mdabbert_bestfightodds,,2024-12-14T00:00:00Z,0.215983,0.149254,0.502488,0.046512,0.076923,0.192678
2014-09-27,Jon Tuck,Kevin Lee,,kaggle_mdabbert_bestfightodds,,2024-12-14T00:00:00Z,0.125,0.12987,0.162602,0.15748,0.145985,0.52381
2014-09-27,John Howard,Brian Ebersole,,kaggle_mdabbert_bestfightodds,,2024-12-14T00:00:00Z,0.186916,0.142857,0.5,0.05698,0.088496,0.240964
2014-09-27,Dominick Cruz,Takeya Mizugaki,,kaggle_mdabbert_bestfightodds,,2024-12-14T00:00:00Z,0.2,0.1,0.62963,0.093023,0.055556,0.142857
2014-09-27,Manvel Gamburyan,Cody Gibson,,kaggle_mdabbert_bestfightodds,,2024-12-14T00:00:00Z,0.1,0.128205,0.232558,0.198413,0.068966,0.458716
2014-09-27,Patrick Cote,Stephen Thompson,,kaggle_mdabbert_bestfightodds,,2024-12-14T00:00:00Z,0.1,0.068966,0.133333,0.434783,0.065147,0.37594
2014-10-04,Gunnar Nelson,Rick Story,,kaggle_mdabbert_bestfightodds,,2024-12-14T00:00:00Z,0.142857,0.574468,0.210526,0.117647,0.047619,0.117647
2014-10-04,Akira Corassani,Max Holloway,,kaggle_mdabbert_bestfightodds,,2024-12-14T00:00:00Z,,,0.161812,,,0.342466
2014-10-04,Ilir Latifi,Jan Blachowicz,,kaggle_mdabbert_bestfightodds,,2024-12-14T00:00:00Z,,,0.374532,,,0.181818
2014-10-04,Magnus Cedenblad,Scott Askham,,kaggle_mdabbert_bestfightodds,,2024-12-14T00:00:00Z,,,0.25,,,0.243902
2014-10-04,Niklas Backstrom,Mike Wilkinson,,kaggle_mdabbert_bestfightodds,,2024-12-14T00:00:00Z,,,0.238095,,,0.10101
2014-10-04,Dennis Siver,Charles Rosa,,kaggle_mdabbert_bestfightodds,,2024-12-14T00:00:00Z,,,0.358423,,,0.117647
2014-10-04,Cathal Pendred,Gasan Umalatov,,kaggle_mdabbert_bestfightodds,,2024-12-14T00:00:00Z,,,0.384615,,,0.273224
2014-10-04,Tor Troeng,Krzysztof Jotko,,kaggle_mdabbert_bestfightodds,,2024-12-14T00:00:00Z,,,0.332226,,,0.350877
2014-10-04,Mairbek Taisumov,Marcin Bandel,,kaggle_mdabbert_bestfightodds,,2024-12-14T00:00:00Z,,,0.273973,,,0.106157
2014-10-04,Zubaira Tukhugov,Ernest Chavez,,kaggle_mdabbert_bestfightodds,,2024-12-14T00:00:00Z,,,0.392157,,,0.238095
2014-10-04,Nico Musoke,Alexander Yakovlev,,kaggle_mdabbert_bestfightodds,,2024-12-14T00:00:00Z,,,0.37594,,,0.25
2014-10-25,Darren Elkins,Lucas Martins,,kaggle_mdabbert_bestfightodds,,2024-12-14T00:00:00Z,0.129032,0.15873,0.47619,0.224719,0.073801,0.181818
2014-10-25,Jose Aldo,Chad Mendes,,kaggle_mdabbert_bestfightodds,,2024-12-14T00:00:00Z,0.444444,0.074074,0.285714,0.148148,0.068966,0.229885
2014-10-25,Glover Teixeira,Phil Davis,,kaggle_mdabbert_bestfightodds,,2024-12-14T00:00:00Z,0.31746,0.090909,0.444444,0.052632,0.074074,0.240964
2014-10-25,Fabio Maldonado,Hans Stringer,,kaggle_mdabbert_bestfightodds,,2024-12-14T00:00:00Z,0.25,0.0625,0.322581,0.142857,0.090909,0.363636
2014-10-25,Diego Ferreira,Beneil Dariush,,kaggle_mdabbert_bestfightodds,,2024-12-14T00:00:00Z,0.246914,0.210526,0.322581,0.152672,0.066667,0.194175
2014-10-25,Felipe Arantes,Andre Fili,,kaggle_mdabbert_bestfightodds,,2024-12-14T00:00:00Z,0.071429,0.086207,0.333333,0.2457,0.125,0.333333
2014-10-25,Yan Cabral,Naoyuki Kotani,,kaggle_mdabbert_bestfightodds,,2024-12-14T00:00:00Z,0.232558,0.389105,0.332226,0.04,0.046948,0.12837
2014-10-25,Scott Jorgensen,Wilson Reis,,kaggle_mdabbert_bestfightodds,,2024-12-14T00:00:00Z,0.114811,0.071429,0.258398,0.090909,0.178253,0.469484
2014-10-25,Gilbert Burns,Christos Giagos,,kaggle_mdabbert_bestfightodds,,2024-12-14T00:00:00Z,0.229885,0.363636,0.282486,0.125313,0.047619,0.152439
2014-10-25,William Patolino,Neil Magny,,kaggle_mdabbert_bestfightodds,,2024-12-14T00:00:00Z,,,,0.166667,0.117647,0.512195
2014-10-25,Fabricio Camoes,Anthony Rocco Martin,,kaggle_mdabbert_bestfightodds,,2024-12-14T00:00:00Z,0.1,0.310559,0.183824,0.111111,0.198807,0.285714
2014-11-07,Jake Matthews,Vagner Rocha,,kaggle_mdabbert_bestfightodds,,2024-12-14T00:00:00Z,,,0.446429,,,0.1443
2014-11-07,Luke Rockhold,Michael Bisping,,kaggle_mdabbert_bestfightodds,,2024-12-14T00:00:00Z,0.454545,0.2,0.289855,0.1,0.038462,0.16
2014-11-07,Ross Pearson,Al Iaquinta,,kaggle_mdabbert_bestfightodds,,2024-12-14T00:00:00Z,0.307692,0.074074,0.377358,0.148148,0.068966,0.30303
2014-11-07,Robert Whittaker,Clint Hester,,kaggle_mdabbert_bestfightodds,,2024-12-14T00:00:00Z,,,0.286533,,,0.338983
2014-11-07,Soa Palelei,Walt Harris,,kaggle_mdabbert_bestfightodds,,2024-12-14T00:00:00Z,,,0.152207,,,0.088496
2014-11-07,Anthony Perosh,Guto Inocente,,kaggle_mdabbert_bestfightodds,,2024-12-14T00:00:00Z,,,0.111111,,,0.160514
2014-11-07,Richie Vaculik,Louis Smolka,,kaggle_mdabbert_bestfightodds,,2024-12-14T00:00:00Z,,,0.20202,,,0.353357
2014-11-07,Vik Grujic,Chris Clements,,kaggle_mdabbert_bestfightodds,,2024-12-14T00:00:00Z,,,0.333333,,,0.239808
2014-11-07,Luke Zachrich,Daniel Kelly,,kaggle_mdabbert_bestfightodds,,2024-12-14T00:00:00Z,,,0.30303,,,0.190476
2014-11-07,Jumabieke Tuerxun,Marcus Brimage,,kaggle_mdabbert_bestfightodds,,2024-12-14T00:00:00Z,,,0.136054,,,0.512195
2014-11-07,Dylan Andrews,Sam Alvey,,kaggle_mdabbert_bestfightodds,,2024-12-14T00:00:00Z,,,0.444444,,,0.221239
2014-11-08,Mauricio Rua,Ovince Saint Preux,,kaggle_mdabbert_bestfightodds,,2024-12-14T00:00:00Z,0.363636,0.111111,0.190476,0.25,0.117647,0.190476
2014-11-08,Warlley Alves,Alan Jouban,,kaggle_mdabbert_bestfightodds,,2024-12-14T00:00:00Z,0.25,0.322581,0.3125,0.153846,0.054795,0.16
2014-11-08,Claudio Silva,Leon Edwards,,kaggle_mdabbert_bestfightodds,,2024-12-14T00:00:00Z,0.06734,0.147059,0.191205,0.487805,0.089686,0.208768
2014-11-08,Dhiego Lima,Jorge de Oliveira,,kaggle_mdabbert_bestfightodds,,2024-12-14T00:00:00Z,0.084388,0.087336,0.357143,0.142857,0.067568,0.138889
2014-11-08,Juliana Lima,Nina Ansaroff,,kaggle_mdabbert_bestfightodds,,2024-12-14T00:00:00Z,0.084388,0.087336,0.357143,,,
2014-11-08,Diego Rivas,Rodolfo Rubio,,kaggle_mdabbert_bestfightodds,,2024-12-14T00:00:00Z,0.15873,0.140845,0.3663,0.121951,0.238095,0.185874
2014-11-08,Caio Magalhaes,Trevor Smith,,kaggle_mdabbert_bestfightodds,,2024-12-14T00:00:00Z,0.282486,0.294118,0.230415,0.086957,0.0625,0.222222
2014-11-08,Leandro Silva,Charlie Brenneman,,kaggle_mdabbert_bestfightodds,,2024-12-14T00:00:00Z,0.06734,0.147059,0.191205,,0.138889,0.363636
2014-11-08,Thomas Almeida,Tim Gorman,,kaggle_mdabbert_bestfightodds,,2024-12-14T00:00:00Z,0.555556,0.157233,0.222222,0.105263,0.092166,0.111111
2014-11-08,Wagner Silva,Colby Covington,,kaggle_mdabbert_bestfightodds,,2024-12-14T00:00:00Z,0.06734,0.147059,0.191205,0.416667,0.292398,0.208333
2014-11-15,Fabricio Werdum,Mark Hunt,,kaggle_mdabbert_bestfightodds,,2024-12-14T00:00:00Z,0.196078,0.52381,0.190476,0.210526,0.032258,0.074074
2014-11-15,Jake Ellenberger,Kelvin Gastelum,,kaggle_mdabbert_bestfightodds,,2024-12-14T00:00:00Z,0.190476,0.083333,0.210526,0.232558,0.142857,0.384615
2014-11-15,Ricardo Lamas,Dennis Bermudez,,kaggle_mdabbert_bestfightodds,,2024-12-14T00:00:00Z,0.121212,0.117647,0.266667,0.208333,0.111111,0.392157
2014-11-15,Augusto Montano,Chris Heatherly,,kaggle_mdabbert_bestfightodds,,2024-12-14T00:00:00Z,0.487805,0.17094,0.129199,0.085837,0.175439,0.166667
2014-11-15,Edgar Garcia,Hector Urbina,,kaggle_mdabbert_bestfightodds,,2024-12-14T00:00:00Z,0.261097,0.2,0.289017,0.184502,0.114286,0.151515
2014-11-15,Henry Briones,Guido Cannetti,,kaggle_mdabbert_bestfightodds,,2024-12-14T00:00:00Z,0.240964,0.138889,0.253165,0.229885,0.145985,0.193798
2014-11-15,Alejandro Perez,Jose Quinonez,,kaggle_mdabbert_bestfightodds,,2024-12-14T00:00:00Z,0.137931,0.123001,0.2,0.183486,0.090909,0.465116
2014-11-15,Jessica Eye,Leslie Smith,,kaggle_mdabbert_bestfightodds,,2024-12-14T00:00:00Z,0.147059,0.135135,0.534884,0.125,0.044444,0.218341
2014-11-15,Gabriel Benitez,Humberto Brown,,kaggle_mdabbert_bestfightodds,,2024-12-14T00:00:00Z,0.307692,0.285714,0.299401,0.080972,0.066445,0.140056
2014-11-15,Marco Beltran,Marlon Vera,,kaggle_mdabbert_bestfightodds,,2024-12-14T00:00:00Z,0.134228,0.10929,0.181818,0.283286,0.25,0.294118
2014-11-15,Yair Rodriguez,Leonardo Morales,,kaggle_mdabbert_bestfightodds,,2024-12-14T00:00:00Z,0.217391,0.166667,0.322581,0.166667,0.086957,0.263158
2014-11-22,Frankie Edgar,Cub Swanson,,kaggle_mdabbert_bestfightodds,,2024-12-14T00:00:00Z,0.190476,0.090909,0.465116,0.166667,0.090909,0.222222
2014-11-22,Bobby Green,Edson Barboza,,kaggle_mdabbert_bestfightodds,,2024-12-14T00:00:00Z,0.181818,0.095238,0.285714,0.31746,0.055556,0.294118
2014-11-22,Brad Pickett,Chico Camus,,kaggle_mdabbert_bestfightodds,,2024-12-14T00:00:00Z,0.212314,0.150376,0.4,0.081633,0.0625,0.277778
2014-11-22,Joseph Benavidez,Dustin Ortiz,,kaggle_mdabbert_bestfightodds,,2024-12-14T00:00:00Z,0.220751,0.229885,0.44843,0.0625,0.05102,0.17094
2014-11-22,Matt Wiman,Isaac Vallie-Flagg,,kaggle_mdabbert_bestfightodds,,2024-12-14T00:00:00Z,0.111111,0.175131,0.46729,0.153846,0.059701,0.233645
2014-11-22,Jared Rosholt,Aleksei Oleinik,,kaggle_mdabbert_bestfightodds,,2024-12-14T00:00:00Z,0.294118,0.085837,0.395257,,,
2014-11-22,Luke Barnatt,Roger Narvaez,,kaggle_mdabbert_bestfightodds,,2024-12-14T00:00:00Z,0.454545,0.155039,0.280112,0.08,0.063492,0.162602
2014-11-22,Juan Puig,Dooho Choi,,kaggle_mdabbert_bestfightodds,,2024-12-14T00:00:00Z,0.075758,0.089686,0.125,0.555556,0.071276,0.294118
2014-11-22,Paige VanZant,Kailin Curran,,kaggle_mdabbert_bestfightodds,,2024-12-14T00:00:00Z,,,,0.133333,0.090909,0.362319
2014-11-22,Ruslan Magomedov,Josh Copeland,,kaggle_mdabbert_bestfightodds,,2024-12-14T00:00:00Z,0.357143,0.095238,0.30303,0.243902,0.076628,0.105263
2014-11-22,James Vick,Nick Hein,,kaggle_mdabbert_bestfightodds,,2024-12-14T00:00:00Z,0.285714,0.235294,0.3367,0.148148,0.076628,0.166667
2014-11-22,Yves Edwards,Akbarh Arreola,,kaggle_mdabbert_bestfightodds,,2024-12-14T00:00:00Z,0.384615,0.137174,0.330033,0.124224,0.140845,0.145985
2014-12-06,Johny Hendricks,Robbie Lawler,,kaggle_mdabbert_bestfightodds,,2024-12-14T00:00:00Z,0.307692,0.1,0.363636,0.2,0.05,0.2
2014-12-06,Anthony Pettis,Gilbert Melendez,,kaggle_mdabbert_bestfightodds,,2024-12-14T00:00:00Z,0.25,0.181818,0.4,0.105263,0.052632,0.235294
2014-12-06,Travis Browne,Brendan Schaub,,kaggle_mdabbert_bestfightodds,,2024-12-14T00:00:00Z,0.692308,0.054054,0.145985,0.10989,0.099502,0.13986
2014-12-06,Tony Ferguson,Abel Trujillo,,kaggle_mdabbert_bestfightodds,,2024-12-14T00:00:00Z,0.285714,0.235294,0.294118,0.222222,0.071429,0.142857
2014-12-06,Todd Duffee,Anthony Hamilton,,kaggle_mdabbert_bestfightodds,,2024-12-14T00:00:00Z,0.62963,0.111111,0.125,0.190476,0.066667,0.1
2014-12-06,Eddie Gordon,Josh Samman,,kaggle_mdabbert_bestfightodds,,2024-12-14T00:00:00Z,0.25641,0.118624,0.294118,0.273973,0.111111,0.190476
2014-12-06,Corey Anderson,Justin Jones,,kaggle_mdabbert_bestfightodds,,2024-12-14T00:00:00Z,0.384615,0.17331,0.310559,,,
2014-12-06,Raquel Pennington,Ashlee Evans-Smith,,kaggle_mdabbert_bestfightodds,,2024-12-14T00:00:00Z,0.090909,0.151976,0.221729,0.142857,0.148368,0.452489
2014-12-06,Sergio Pettis,Matt Hobar,,kaggle_mdabbert_bestfightodds,,2024-12-14T00:00:00Z,0.25,0.181818,0.4,0.045977,0.08,0.240964
2014-12-06,Alex White,Clay Collard,,kaggle_mdabbert_bestfightodds,,2024-12-14T00:00:00Z,0.236407,0.121212,0.239808,0.222222,0.15748,0.224719
2014-12-06,Urijah Faber,Francisco Rivera,,kaggle_mdabbert_bestfightodds,,2024-12-14T00:00:00Z,0.173913,0.47619,0.298507,0.110497,0.047619,0.141844
2014-12-12,Joe Proctor,Yancy Medeiros,,kaggle_mdabbert_bestfightodds,,2024-12-14T00:00:00Z,0.117647,0.117647,0.185185,0.4,0.15748,0.25
2014-12-12,Carla Esparza,Rose Namajunas,,kaggle_mdabbert_bestfightodds,,2024-12-14T00:00:00Z,0.094787,0.125,0.294118,0.222222,0.425532,0.129702
2014-12-12,Jeremy Stephens,Charles Oliveira,,kaggle_mdabbert_bestfightodds,,2024-12-14T00:00:00Z,0.377358,0.064516,0.238095,0.075188,0.277778,0.169492
2014-12-12,Jessica Penne,Randa Markos,,kaggle_mdabbert_bestfightodds,,2024-12-14T00:00:00Z,,,0.31746,,,0.359712
2014-12-12,Aisling Daly,Alex Chambers,,kaggle_mdabbert_bestfightodds,,2024-12-14T00:00:00Z,,,0.403226,,,0.21978
2014-12-12,Bec Rawlings,Heather Jo Clark,,kaggle_mdabbert_bestfightodds,,2024-12-14T00:00:00Z,,,0.42735,,,0.294118
2014-12-12,Joanne Calderwood,Seohee Ham,,kaggle_mdabbert_bestfightodds,,2024-12-14T00:00:00Z,,,0.395257,,,0.13245
2014-12-12,Tecia Torres,Angela Magana,,kaggle_mdabbert_bestfightodds,,2024-12-14T00:00:00Z,,,0.591837,,,0.148148
2014-12-12,Emily Peters Kagan,Angela Hill,,kaggle_mdabbert_bestfightodds,,2024-12-14T00:00:00Z,,,0.235294,,,0.298507
2014-12-12,Felice Herrig,Lisa Ellis,,kaggle_mdabbert_bestfightodds,,2024-12-14T00:00:00Z,,,0.593496,,,0.188679
2014-12-13,Junior Dos Santos,Stipe Miocic,,kaggle_mdabbert_bestfightodds,,2024-12-14T00:00:00Z,0.666667,0.074074,0.16,0.129032,0.047619,0.142857
2014-12-13,Rafael Dos Anjos,Nate Diaz,,kaggle_mdabbert_bestfightodds,,2024-12-14T00:00:00Z,0.16,0.111111,0.555556,0.117647,0.111111,0.235294
2014-12-13,Alistair Overeem,Stefan Struve,,kaggle_mdabbert_bestfightodds,,2024-12-14T00:00:00Z,0.583333,0.090909,0.129032,0.25,0.117647,0.074074
2014-12-13,Claudia Gadelha,Joanna Jedrzejczyk,,kaggle_mdabbert_bestfightodds,,2024-12-14T00:00:00Z,0.111111,0.240964,0.5,0.068966,0.044053,0.223714
2014-12-13,Gabriel Gonzaga,Matt Mitrione,,kaggle_mdabbert_bestfightodds,,2024-12-14T00:00:00Z,0.222222,0.266667,0.090909,0.454545,0.052632,0.142857
2014-12-13,John Moraga,Willie Gates,,kaggle_mdabbert_bestfightodds,,2024-12-14T00:00:00Z,0.181818,0.377358,0.342466,0.076923,0.0625,0.116279
2014-12-13,Jamie Varner,Drew Dober,,kaggle_mdabbert_bestfightodds,,2024-12-14T00:00:00Z,0.25,0.152672,0.5,0.093023,0.050505,0.145985
2014-12-13,Joe Ellenberger,Bryan Barberena,,kaggle_mdabbert_bestfightodds,,2024-12-14T00:00:00Z,0.204082,0.151515,0.408163,0.13986,0.068729,0.221729
2014-12-13,David Michaud,Garett Whiteley,,kaggle_mdabbert_bestfightodds,,2024-12-14T00:00:00Z,0.238095,0.190476,0.37037,0.100604,0.110497,0.206186
2014-12-13,Henry Cejudo,Dustin Kimura,,kaggle_mdabbert_bestfightodds,,2024-12-14T00:00:00Z,0.129032,0.058824,0.615385,0.085837,0.222222,0.097561
2014-12-13,Anthony Birchak,Ian Entwistle,,kaggle_mdabbert_bestfightodds,,2024-12-14T00:00:00Z,0.392157,0.2331,0.153846,0.053333,0.277778,0.072886
2014-12-13,Joe Riggs,Ben Saunders,,kaggle_mdabbert_bestfightodds,,2024-12-14T00:00:00Z,0.072202,0.051948,0.235294,0.338983,0.243902,0.232019
2014-12-20,Lyoto Machida,CB Dollaway,,kaggle_mdabbert_bestfightodds,,2024-12-14T00:00:00Z,0.655172,0.070922,0.27027,0.057143,0.046512,0.081633
2014-12-20,Antonio Carlos Junior,Patrick Cummins,,kaggle_mdabbert_bestfightodds,,2024-12-14T00:00:00Z,0.2,0.181818,0.176991,0.31746,0.105263,0.298507
2014-12-20,Elias Silverio,Rashid Magomedov,,kaggle_mdabbert_bestfightodds,,2024-12-14T00:00:00Z,0.1,0.1,0.350877,0.243902,0.086957,0.37037
2014-12-20,Erick Silva,Mike Rhodes,,kaggle_mdabbert_bestfightodds,,2024-12-14T00:00:00Z,0.355872,0.4,0.133156,0.153846,0.0625,0.148148
2014-12-20,Daniel Sarafian,Antonio Dos Santos,,kaggle_mdabbert_bestfightodds,,2024-12-14T00:00:00Z,0.194175,0.232558,0.27027,,,
2014-12-20,Renan Barao,Mitch Gagnon,,kaggle_mdabbert_bestfightodds,,2024-12-14T00:00:00Z,0.350877,0.350877,0.307692,0.055556,0.052632,0.090909
2014-12-20,Tom Niinimaki,Renato Moicano,,kaggle_mdabbert_bestfightodds,,2024-12-14T00:00:00Z,0.121212,0.1,0.37037,,,
2014-12-20,Darren Elkins,Hacran Dias,,kaggle_mdabbert_bestfightodds,,2024-12-14T00:00:00Z,0.090498,0.045455,0.263158,0.183486,0.145985,0.454545
2014-12-20,Leandro Issa,Ulka Sasaki,,kaggle_mdabbert_bestfightodds,,2024-12-14T00:00:00Z,0.071429,0.082988,0.125,0.215054,0.384615,0.3003
2014-12-20,Marcio Alexandre Junior,Tim Means,,kaggle_mdabbert_bestfightodds,,2024-12-14T00:00:00Z,0.2,0.181818,0.176991,0.363636,0.114943,0.238663
2014-12-20,Vitor Miranda,Jake Collier,,kaggle_mdabbert_bestfightodds,,2024-12-14T00:00:00Z,0.224719,0.065359,0.232558,0.333333,0.094429,0.3125
2014-12-20,Marcos Rogerio de Lima,Igor Pokrajac,,kaggle_mdabbert_bestfightodds,,2024-12-14T00:00:00Z,0.607843,0.170068,0.145138,0.068493,0.071429,0.150376
2015-01-03,Jon Jones,Daniel Cormier,,kaggle_mdabbert_bestfightodds,,2024-12-14T00:00:00Z,0.25974,0.166667,0.31746,0.16,0.095238,0.25
2015-01-03,Donald Cerrone,Myles Jury,,kaggle_mdabbert_bestfightodds,,2024-12-14T00:00:00Z,0.235294,0.181818,0.307692,0.148148,0.074074,0.294118
2015-01-03,Brad Tavares,Nate Marquardt,,kaggle_mdabbert_bestfightodds,,2024-12-14T00:00:00Z,0.194175,0.076923,0.266667,0.222222,0.222222,0.235294
2015-01-03,Kyoji Horiguchi,Louis Gaudinot,,kaggle_mdabbert_bestfightodds,,2024-12-14T00:00:00Z,0.444444,0.090909,0.434783,0.066667,0.076923,0.095238
2015-01-03,Danny Castillo,Paul Felder,,kaggle_mdabbert_bestfightodds,,2024-12-14T00:00:00Z,0.238095,0.181818,0.384615,0.178571,0.060606,0.176991
2015-01-03,Shawn Jordan,Jared Cannonier,,kaggle_mdabbert_bestfightodds,,2024-12-14T00:00:00Z,0.545455,0.078125,0.164204,0.289855,0.063898,0.081633
2015-01-03,Evan Dunham,Rodrigo Damm,,kaggle_mdabbert_bestfightodds,,2024-12-14T00:00:00Z,0.307692,0.139082,0.534884,0.058824,0.048426,0.138696
2015-01-03,Omari Akhmedov,Mats Nilsson,,kaggle_mdabbert_bestfightodds,,2024-12-14T00:00:00Z,0.434783,0.095877,0.184162,0.087719,0.2,0.209205
2015-01-03,Alexis Dufresne,Marion Reneau,,kaggle_mdabbert_bestfightodds,,2024-12-14T00:00:00Z,0.2,0.151515,0.384615,0.076923,0.079051,0.284091
2015-01-03,Marcus Brimage,Cody Garbrandt,,kaggle_mdabbert_bestfightodds,,2024-12-14T00:00:00Z,0.294118,0.065445,0.25974,0.25,0.053476,0.224719
2015-01-18,Conor McGregor,Dennis Siver,,kaggle_mdabbert_bestfightodds,,2024-12-14T00:00:00Z,0.846154,0.074074,0.111111,0.0625,0.0625,0.052632
2015-01-18,Donald Cerrone,Benson Henderson,,kaggle_mdabbert_bestfightodds,,2024-12-14T00:00:00Z,0.142857,0.142857,0.307692,0.125,0.169492,0.392157
2015-01-18,Uriah Hall,Ron Stallings,,kaggle_mdabbert_bestfightodds,,2024-12-14T00:00:00Z,0.622642,0.135135,0.288184,0.064516,0.057471,0.066667
2015-01-18,Norman Parke,Gleison Tibau,,kaggle_mdabbert_bestfightodds,,2024-12-14T00:00:00Z,0.125,0.090909,0.350877,0.108108,0.16,0.4
2015-01-18,Cathal Pendred,Sean Spencer,,kaggle_mdabbert_bestfightodds,,2024-12-14T00:00:00Z,0.122699,0.095694,0.27248,0.204082,0.064103,0.425532
2015-01-18,Zhang Lipeng,Chris Wade,,kaggle_mdabbert_bestfightodds,,2024-12-14T00:00:00Z,0.066667,0.05814,0.125,0.164204,0.487805,0.294118
2015-01-18,Paddy Holohan,Shane Howell,,kaggle_mdabbert_bestfightodds,,2024-12-14T00:00:00Z,0.171527,0.545455,0.210526,0.104712,0.093897,0.176991
2015-01-18,Tateki Matsuda,Joby Sanchez,,kaggle_mdabbert_bestfightodds,,2024-12-14T00:00:00Z,0.08,0.047847,0.344828,0.15748,0.180505,0.374532
2015-01-18,Matt Van Buren,Sean O'Connell,,kaggle_mdabbert_bestfightodds,,2024-12-14T00:00:00Z,0.2,0.123457,0.150602,0.4,0.137363,0.191939
2015-01-18,John Howard,Lorenz Larkin,,kaggle_mdabbert_bestfightodds,,2024-12-14T00:00:00Z,0.105263,0.064935,0.294118,0.19802,0.072993,0.47619
2015-01-18,Johnny Case,Frankie Perez,,kaggle_mdabbert_bestfightodds,,2024-12-14T00:00:00Z,0.243902,0.147929,0.331126,0.125786,0.140845,0.222222
2015-01-18,Charles Rosa,Sean Soriano,,kaggle_mdabbert_bestfightodds,,2024-12-14T00:00:00Z,0.113895,0.273973,0.269542,0.18018,0.104603,0.25641
2015-01-24,Alexander Gustafsson,Anthony Johnson,,kaggle_mdabbert_bestfightodds,,2024-12-14T00:00:00Z,0.273973,0.285714,0.25,0.215054,0.047619,0.142857
2015-01-24,Phil Davis,Ryan Bader,,kaggle_mdabbert_bestfightodds,,2024-12-14T00:00:00Z,0.111111,0.2,0.545455,0.105263,0.0625,0.235294
2015-01-24,Akira Corassani,Sam Sicilia,,kaggle_mdabbert_bestfightodds,,2024-12-14T00:00:00Z,0.190476,0.151515,0.285714,0.31746,0.05848,0.190114
2015-01-24,Nico Musoke,Albert Tumenov,,kaggle_mdabbert_bestfightodds,,2024-12-14T00:00:00Z,0.108578,0.16129,0.246914,0.37037,0.067797,0.233645
2015-01-24,Kenny Robertson,Sultan Aliev,,kaggle_mdabbert_bestfightodds,,2024-12-14T00:00:00Z,0.105374,0.210526,0.181818,0.3125,0.112108,0.301205
2015-01-24,Dan Henderson,Gegard Mousasi,,kaggle_mdabbert_bestfightodds,,2024-12-14T00:00:00Z,0.125,0.052632,0.142857,0.232558,0.307692,0.384615
2015-01-24,Nikita Krylov,Stanislav Nedkov,,kaggle_mdabbert_bestfightodds,,2024-12-14T00:00:00Z,0.384615,0.140845,0.125,0.238095,0.190476,0.13986
2015-01-24,Mairbek Taisumov,Anthony Christodoulou,,kaggle_mdabbert_bestfightodds,,2024-12-14T00:00:00Z,0.392157,0.242131,0.35461,0.05,0.033784,0.081103
2015-01-24,Mirsad Bektic,Paul Redmond,,kaggle_mdabbert_bestfightodds,,2024-12-14T00:00:00Z,0.4,0.224215,0.363636,0.047619,0.073529,0.079681
2015-01-24,Viktor Pesta,Konstantin Erokhin,,kaggle_mdabbert_bestfightodds,,2024-12-14T00:00:00Z,0.087336,0.10582,0.10582,0.733333,0.06402,0.073964
2015-01-24,Neil Seery,Chris Beal,,kaggle_mdabbert_bestfightodds,,2024-12-14T00:00:00Z,0.134228,0.063251,0.233645,0.186916,0.087336,0.487805
2015-01-24,Andy Ogle,Makwan Amirkhani,,kaggle_mdabbert_bestfightodds,,2024-12-14T00:00:00Z,0.152672,0.113122,0.425532,0.067659,0.222222,0.218818
2015-01-31,Tyron Woodley,Kelvin Gastelum,,kaggle_mdabbert_bestfightodds,,2024-12-14T00:00:00Z,0.294118,0.076923,0.322581,0.125,0.133333,0.263158
2015-01-31,Joe Lauzon,Al Iaquinta,,kaggle_mdabbert_bestfightodds,,2024-12-14T00:00:00Z,0.076923,0.25,0.153846,0.333333,0.076923,0.357143
2015-01-31,Thales Leites,Tim Boetsch,,kaggle_mdabbert_bestfightodds,,2024-12-14T00:00:00Z,0.2,0.31746,0.377358,0.137931,0.047619,0.133333
2015-01-31,Jordan Mein,Thiago Alves,,kaggle_mdabbert_bestfightodds,,2024-12-14T00:00:00Z,0.266667,0.117647,0.30303,0.166667,0.111111,0.294118
2015-01-31,Ed Herman,Derek Brunson,,kaggle_mdabbert_bestfightodds,,2024-12-14T00:00:00Z,0.071429,0.065359,0.084034,0.206186,0.229885,0.52381
2015-01-31,Ian McCall,John Lineker,,kaggle_mdabbert_bestfightodds,,2024-12-14T00:00:00Z,0.173913,0.181818,0.444444,0.137931,0.040568,0.2
2015-01-31,Rafael Natal,Tom Watson,,kaggle_mdabbert_bestfightodds,,2024-12-14T00:00:00Z,0.132626,0.194175,0.307692,0.222222,0.038023,0.243902
2015-01-31,Richardson Moreira,Ildemar Alcantara,,kaggle_mdabbert_bestfightodds,,2024-12-14T00:00:00Z,0.16,0.164745,0.173913,0.273973,0.172712,0.3125
2015-01-31,Miesha Tate,Sara McMann,,kaggle_mdabbert_bestfightodds,,2024-12-14T00:00:00Z,0.074074,0.125,0.307692,0.181818,0.076923,0.5
2015-01-31,Thiago Santos,Andy Enz,,kaggle_mdabbert_bestfightodds,,2024-12-14T00:00:00Z,0.25974,0.095877,0.355872,0.054795,0.111111,0.30581
2015-02-14,Daniel Kelly,Patrick Walsh,,kaggle_mdabbert_bestfightodds,,2024-12-14T00:00:00Z,0.155521,0.25,0.142857,0.2,0.194553,0.273973
2015-02-14,Benson Henderson,Brandon Thatch,,kaggle_mdabbert_bestfightodds,,2024-12-14T00:00:00Z,0.066667,0.144092,0.273224,0.478469,0.090909,0.147059
2015-02-14,Max Holloway,Cole Miller,,kaggle_mdabbert_bestfightodds,,2024-12-14T00:00:00Z,0.454545,0.035088,0.396825,0.042553,0.111111,0.142857
2015-02-14,Neil Magny,Kiichi Kunimoto,,kaggle_mdabbert_bestfightodds,,2024-12-14T00:00:00Z,0.52381,0.0625,0.392157,0.041667,0.090498,0.057143
2015-02-14,Ray Borg,Chris Kelades,,kaggle_mdabbert_bestfightodds,,2024-12-14T00:00:00Z,0.087719,0.565217,0.33557,0.061728,0.047619,0.073421
2015-02-14,Efrain Escudero,Rodrigo de Lima,,kaggle_mdabbert_bestfightodds,,2024-12-14T00:00:00Z,0.181818,0.141844,0.235849,0.099502,0.227273,0.333333
2015-02-14,Chas Skelly,Jim Alers,,kaggle_mdabbert_bestfightodds,,2024-12-14T00:00:00Z,0.074906,0.273973,0.413223,0.08658,0.076923,0.238095
2015-02-14,Zach Makovsky,Tim Elliott,,kaggle_mdabbert_bestfightodds,,2024-12-14T00:00:00Z,0.047619,0.130378,0.384615,0.125,0.140845,0.387597
2015-02-14,James Moontasri,Cody Pfister,,kaggle_mdabbert_bestfightodds,,2024-12-14T00:00:00Z,0.25,0.21645,0.294118,0.130719,0.116822,0.188679
2015-02-14,Michel Prazeres,Kevin Lee,,kaggle_mdabbert_bestfightodds,,2024-12-14T00:00:00Z,0.115607,0.135135,0.277778,0.104275,0.137931,0.440529
2015-02-22,Antonio Silva,Frank Mir,,kaggle_mdabbert_bestfightodds,,2024-12-14T00:00:00Z,,,,0.15873,0.148148,0.08
2015-02-22,Edson Barboza,Michael Johnson,,kaggle_mdabbert_bestfightodds,,2024-12-14T00:00:00Z,0.307692,0.083333,0.333333,0.239808,0.0625,0.18797
2015-02-22,Cezar Ferreira,Sam Alvey,,kaggle_mdabbert_bestfightodds,,2024-12-14T00:00:00Z,0.240964,0.210084,0.408163,0.176991,0.048662,0.086957
2015-02-22,Rustam Khabilov,Adriano Martins,,kaggle_mdabbert_bestfightodds,,2024-12-14T00:00:00Z,0.294118,0.138889,0.49505,0.083333,0.076923,0.111111
2015-02-22,Iuri Alcantara,Frankie Saenz,,kaggle_mdabbert_bestfightodds,,2024-12-14T00:00:00Z,0.384615,0.246305,0.324675,0.04,0.036166,0.094607
2015-02-22,Santiago Ponzinibbio,Sean Strickland,,kaggle_mdabbert_bestfightodds,,2024-12-14T00:00:00Z,0.178571,0.090909,0.191571,0.190476,0.215054,0.344828
2015-02-22,Jessica Andrade,Marion Reneau,,kaggle_mdabbert_bestfightodds,,2024-12-14T00:00:00Z,0.15625,0.173913,0.502488,0.08,0.078431,0.222222
2015-02-22,William Patolino,Matt Dwyer,,kaggle_mdabbert_bestfightodds,,2024-12-14T00:00:00Z,,,,0.117647,0.084034,0.09901
2015-02-22,Tiago Trator,Mike de la Torre,,kaggle_mdabbert_bestfightodds,,2024-12-14T00:00:00Z,0.222222,0.205761,0.357143,0.136986,0.15748,0.141044
2015-02-22,Douglas Silva de Andrade,Cody Gibson,,kaggle_mdabbert_bestfightodds,,2024-12-14T00:00:00Z,0.15625,0.173913,0.502488,0.166667,0.158479,0.490196
2015-02-22,Ivan Jorge,Josh Shockley,,kaggle_mdabbert_bestfightodds,,2024-12-14T00:00:00Z,0.230415,0.263158,0.322581,0.111111,0.077519,0.19802
2015-02-28,Ronda Rousey,Cat Zingano,,kaggle_mdabbert_bestfightodds,,2024-12-14T00:00:00Z,0.235294,0.649123,0.090909,0.111111,0.076923,0.064516
2015-02-28,Raquel Pennington,Holly Holm,,kaggle_mdabbert_bestfightodds,,2024-12-14T00:00:00Z,0.058824,0.074074,0.083333,0.4,0.095238,0.52381
2015-02-28,Jake Ellenberger,Josh Koscheck,,kaggle_mdabbert_bestfightodds,,2024-12-14T00:00:00Z,0.384615,0.090909,0.266667,0.125,0.111111,0.217391
2015-02-28,Alan Jouban,Richard Walsh,,kaggle_mdabbert_bestfightodds,,2024-12-14T00:00:00Z,0.408163,0.095238,0.408163,0.125,0.066667,0.166667
2015-02-28,Masio Fullen,Alex Torres,,kaggle_mdabbert_bestfightodds,,2024-12-14T00:00:00Z,0.232558,0.184162,0.194175,0.204082,0.13089,0.253165
2015-02-28,Mark Munoz,Roan Carneiro,,kaggle_mdabbert_bestfightodds,,2024-12-14T00:00:00Z,0.333333,0.074349,0.387597,0.149254,0.13986,0.115875
2015-02-28,Dhiego Lima,Tim Means,,kaggle_mdabbert_bestfightodds,,2024-12-14T00:00:00Z,0.135135,0.137363,0.277778,0.266667,0.074349,0.332226
2015-02-28,Derrick Lewis,Ruan Potts,,kaggle_mdabbert_bestfightodds,,2024-12-14T00:00:00Z,0.761905,0.048077,0.133333,0.111111,0.067797,0.084034
2015-02-28,James Krause,Valmir Lazaro,,kaggle_mdabbert_bestfightodds,,2024-12-14T00:00:00Z,0.185874,0.222222,0.333333,0.215054,0.071073,0.168919
2015-02-28,Tony Ferguson,Gleison Tibau,,kaggle_mdabbert_bestfightodds,,2024-12-14T00:00:00Z,0.263158,0.166667,0.344828,0.076923,0.071429,0.285714
2015-03-14,Anthony Pettis,Rafael Dos Anjos,,kaggle_mdabbert_bestfightodds,,2024-12-14T00:00:00Z,0.384615,0.31746,0.266667,0.090909,0.066667,0.148148
2015-03-14,Carla Esparza,Joanna Jedrzejczyk,,kaggle_mdabbert_bestfightodds,,2024-12-14T00:00:00Z,0.137931,0.235294,0.37037,0.190476,0.074074,0.25
2015-03-14,Johny Hendricks,Matt Brown,,kaggle_mdabbert_bestfightodds,,2024-12-14T00:00:00Z,0.285714,0.066667,0.534884,0.117647,0.060606,0.153846
2015-03-14,Roy Nelson,Alistair Overeem,,kaggle_mdabbert_bestfightodds,,2024-12-14T00:00:00Z,0.350877,0.060606,0.074074,0.408163,0.104167,0.227273
2015-03-14,Ross Pearson,Sam Stout,,kaggle_mdabbert_bestfightodds,,2024-12-14T00:00:00Z,0.322581,0.121212,0.434783,0.111111,0.052632,0.190476
2015-03-14,Chris Cariaso,Henry Cejudo,,kaggle_mdabbert_bestfightodds,,2024-12-14T00:00:00Z,0.074074,0.068966,0.117647,0.25974,0.076923,0.607843
2015-03-14,Daron Cruickshank,Beneil Dariush,,kaggle_mdabbert_bestfightodds,,2024-12-14T00:00:00Z,0.285714,0.037037,0.283286,0.10627,0.25641,0.240385
2015-03-14,Jared Rosholt,Josh Copeland,,kaggle_mdabbert_bestfightodds,,2024-12-14T00:00:00Z,0.222222,0.283286,0.350877,0.2,0.04065,0.117647
2015-03-14,Sergio Pettis,Ryan Benoit,,kaggle_mdabbert_bestfightodds,,2024-12-14T00:00:00Z,0.384615,0.31746,0.266667,0.072727,0.048309,0.091743
2015-03-14,Jake Lindsey,Joe Duffy,,kaggle_mdabbert_bestfightodds,,2024-12-14T00:00:00Z,0.068966,0.050891,0.090253,,,
2015-03-14,Larissa Pacheco,Germaine de Randamie,,kaggle_mdabbert_bestfightodds,,2024-12-14T00:00:00Z,0.117647,0.225225,0.307692,0.210526,0.071429,0.269542
2015-03-14,Elias Theodorou,Roger Narvaez,,kaggle_mdabbert_bestfightodds,,2024-12-14T00:00:00Z,0.25974,0.097561,0.52381,0.086957,0.05277,0.162602
2015-03-21,Erick Silva,Josh Koscheck,,kaggle_mdabbert_bestfightodds,,2024-12-14T00:00:00Z,0.416667,0.363636,0.172414,0.090909,0.074074,0.137931
2015-03-21,Leonardo Santos,Anthony Rocco Martin,,kaggle_mdabbert_bestfightodds,,2024-12-14T00:00:00Z,0.061538,0.222222,0.25,0.222222,0.2079,0.276243
2015-03-21,Amanda Nunes,Shayna Baszler,,kaggle_mdabbert_bestfightodds,,2024-12-14T00:00:00Z,0.574468,0.165017,0.222222,0.076923,0.111111,0.152905
2015-03-21,Gilbert Burns,Alex Oliveira,,kaggle_mdabbert_bestfightodds,,2024-12-14T00:00:00Z,0.215983,0.5,0.277778,0.095238,0.058824,0.064935
2015-03-21,Demian Maia,Ryan LaFlare,,kaggle_mdabbert_bestfightodds,,2024-12-14T00:00:00Z,0.058824,0.30303,0.277778,,,
2015-03-21,Francisco Trinaldo,Akbarh Arreola,,kaggle_mdabbert_bestfightodds,,2024-12-14T00:00:00Z,0.25641,0.15873,0.37037,0.105597,0.144928,0.190476
2015-03-21,Kevin Souza,Katsunori Kikuno,,kaggle_mdabbert_bestfightodds,,2024-12-14T00:00:00Z,0.454545,0.115473,0.238095,0.09434,0.104712,0.186916
2015-03-21,Leonardo Mafra,Cain Carrizosa,,kaggle_mdabbert_bestfightodds,,2024-12-14T00:00:00Z,0.454545,0.083333,0.25,0.13986,0.165289,0.190476
2015-03-21,Jorge de Oliveira,Christos Giagos,,kaggle_mdabbert_bestfightodds,,2024-12-14T00:00:00Z,0.095238,0.058824,0.064935,0.235294,0.188679,0.333333
2015-03-21,Bentley Syler,Fredy Serrano,,kaggle_mdabbert_bestfightodds,,2024-12-14T00:00:00Z,0.148148,0.125,0.277778,0.185185,0.103199,0.4
2015-03-21,Godofredo Pepey,Andre Fili,,kaggle_mdabbert_bestfightodds,,2024-12-14T00:00:00Z,0.090909,0.145985,0.142857,0.384615,0.125,0.340136
2015-04-04,Chad Mendes,Ricardo Lamas,,kaggle_mdabbert_bestfightodds,,2024-12-14T00:00:00Z,0.350877,0.076923,0.434783,0.083333,0.08,0.16
2015-04-04,Jorge Masvidal,Al Iaquinta,,kaggle_mdabbert_bestfightodds,,2024-12-14T00:00:00Z,0.125,0.125,0.37037,0.25,0.058824,0.307692
2015-04-04,Michael Chiesa,Mitch Clarke,,kaggle_mdabbert_bestfightodds,,2024-12-14T00:00:00Z,0.163934,0.363636,0.37037,0.068966,0.117647,0.142857
2015-04-04,Julianna Pena,Milana Dudieva,,kaggle_mdabbert_bestfightodds,,2024-12-14T00:00:00Z,0.177936,0.3125,0.389105,0.05618,0.064516,0.181818
2015-04-04,Clay Guida,Robert Peralta,,kaggle_mdabbert_bestfightodds,,2024-12-14T00:00:00Z,0.063052,0.20202,0.52381,0.19802,0.064516,0.141643
2015-04-04,Liz Carmouche,Lauren Murphy,,kaggle_mdabbert_bestfightodds,,2024-12-14T00:00:00Z,0.089286,0.097561,0.381679,0.173913,0.069204,0.363636
2015-04-04,Gray Maynard,Alexander Yakovlev,,kaggle_mdabbert_bestfightodds,,2024-12-14T00:00:00Z,0.142857,0.090498,0.3125,0.357143,0.141844,0.292398
2015-04-04,Shamil Abdurakhimov,Tim Johnson,,kaggle_mdabbert_bestfightodds,,2024-12-14T00:00:00Z,,,,0.173913,0.124224,0.129032
2015-04-04,Ron Stallings,Justin Jones,,kaggle_mdabbert_bestfightodds,,2024-12-14T00:00:00Z,0.130719,0.125,0.222222,0.27027,0.23753,0.222717
2015-04-04,Dustin Poirier,Diego Ferreira,,kaggle_mdabbert_bestfightodds,,2024-12-14T00:00:00Z,0.235294,0.159744,0.289017,0.188679,0.15674,0.179856
2015-04-11,Joanne Calderwood,Maryna Moroz,,kaggle_mdabbert_bestfightodds,,2024-12-14T00:00:00Z,0.5,0.111111,0.384615,0.059524,0.095238,0.086957
2015-04-11,Gabriel Gonzaga,Mirko Cro Cop,,kaggle_mdabbert_bestfightodds,,2024-12-14T00:00:00Z,0.425532,0.266667,0.086957,,,
2015-04-11,Jimi Manuwa,Jan Blachowicz,,kaggle_mdabbert_bestfightodds,,2024-12-14T00:00:00Z,0.444444,0.064641,0.146199,0.235294,0.15361,0.238095
2015-04-11,Pawel Pawlak,Sheldon Westcott,,kaggle_mdabbert_bestfightodds,,2024-12-14T00:00:00Z,0.2,0.1,0.173913,0.181818,0.25,0.28169
2015-04-11,Bartosz Fabinski,Garreth McLellan,,kaggle_mdabbert_bestfightodds,,2024-12-14T00:00:00Z,0.229885,0.090909,0.294118,0.10917,0.181818,0.263852
2015-04-11,Seth Baczynski,Leon Edwards,,kaggle_mdabbert_bestfightodds,,2024-12-14T00:00:00Z,0.128535,0.183486,0.175747,0.408163,0.059701,0.23753
2015-04-11,Damian Stasiak,Yaotzin Meza,,kaggle_mdabbert_bestfightodds,,2024-12-14T00:00:00Z,0.151515,0.185185,0.31348,0.148148,0.136054,0.28169
2015-04-11,Daniel Omielanczuk,Anthony Hamilton,,kaggle_mdabbert_bestfightodds,,2024-12-14T00:00:00Z,0.357143,0.185529,0.166667,0.253165,0.090498,0.173913
2015-04-11,Izabela Badurek,Alexandra Albu,,kaggle_mdabbert_bestfightodds,,2024-12-14T00:00:00Z,0.124378,0.133333,0.2,0.3125,0.171821,0.344828
2015-04-11,Marcin Bandel,Stevie Ray,,kaggle_mdabbert_bestfightodds,,2024-12-14T00:00:00Z,0.056497,0.322581,0.125,0.454545,0.112108,0.140845
2015-04-11,Sergio Moraes,Mickael Lebout,,kaggle_mdabbert_bestfightodds,,2024-12-14T00:00:00Z,0.085106,0.574468,0.294118,0.111111,0.040733,0.117647
2015-04-11,Taylor Lapilus,Rocky Lee,,kaggle_mdabbert_bestfightodds,,2024-12-14T00:00:00Z,0.166667,0.282486,0.25974,0.083333,0.222222,0.186916
2015-04-18,Jacare Souza,Chris Camozzi,,kaggle_mdabbert_bestfightodds,,2024-12-14T00:00:00Z,0.25,0.615385,0.222222,0.038462,0.037037,0.058824
2015-04-18,Lyoto Machida,Luke Rockhold,,kaggle_mdabbert_bestfightodds,,2024-12-14T00:00:00Z,0.2,0.0625,0.25,0.190476,0.210526,0.322581
2015-04-18,Cub Swanson,Max Holloway,,kaggle_mdabbert_bestfightodds,,2024-12-14T00:00:00Z,0.166667,0.148148,0.384615,0.142857,0.086957,0.298507
2015-04-18,Felice Herrig,Paige VanZant,,kaggle_mdabbert_bestfightodds,,2024-12-14T00:00:00Z,0.105263,0.153846,0.307692,,,
2015-04-18,Jim Miller,Beneil Dariush,,kaggle_mdabbert_bestfightodds,,2024-12-14T00:00:00Z,0.148148,0.142857,0.222222,0.142857,0.232558,0.357143
2015-04-18,Ovince Saint Preux,Patrick Cummins,,kaggle_mdabbert_bestfightodds,,2024-12-14T00:00:00Z,0.235294,0.153846,0.190476,0.137931,0.071429,0.434783
2015-04-18,Corey Anderson,Gian Villante,,kaggle_mdabbert_bestfightodds,,2024-12-14T00:00:00Z,0.285714,0.15625,0.478469,0.086957,0.047619,0.165017
2015-04-18,Takeya Mizugaki,Aljamain Sterling,,kaggle_mdabbert_bestfightodds,,2024-12-14T00:00:00Z,0.104712,0.060423,0.17762,0.178571,0.16129,0.52381
2015-04-18,George Sullivan,Tim Means,,kaggle_mdabbert_bestfightodds,,2024-12-14T00:00:00Z,0.133333,0.064516,0.289855,0.238095,0.102669,0.361011
2015-04-18,Diego Brandao,Jimy Hettes,,kaggle_mdabbert_bestfightodds,,2024-12-14T00:00:00Z,0.357143,0.145349,0.2,0.076046,0.210526,0.2079
2015-04-18,Eddie Gordon,Chris Dempsey,,kaggle_mdabbert_bestfightodds,,2024-12-14T00:00:00Z,0.5,0.08569,0.280899,0.10101,0.086957,0.138696
2015-04-25,Demetrious Johnson,Kyoji Horiguchi,,kaggle_mdabbert_bestfightodds,,2024-12-14T00:00:00Z,0.142857,0.416667,0.434783,0.108108,0.041667,0.074074
2015-04-25,Rampage Jackson,Fabio Maldonado,,kaggle_mdabbert_bestfightodds,,2024-12-14T00:00:00Z,0.285714,0.058997,0.362319,0.2,0.0625,0.16
2015-04-25,Michael Bisping,CB Dollaway,,kaggle_mdabbert_bestfightodds,,2024-12-14T00:00:00Z,0.2,0.1,0.408163,0.125,0.075472,0.31746
2015-04-25,John Makdessi,Shane Campbell,,kaggle_mdabbert_bestfightodds,,2024-12-14T00:00:00Z,0.222222,0.071429,0.4,0.210526,0.133333,0.210526
2015-04-25,Yves Jabouin,Thomas Almeida,,kaggle_mdabbert_bestfightodds,,2024-12-14T00:00:00Z,0.068966,0.047619,0.166667,0.565217,0.095238,0.285714
2015-04-25,Randa Markos,Aisling Daly,,kaggle_mdabbert_bestfightodds,,2024-12-14T00:00:00Z,0.119904,0.192308,0.534884,0.057143,0.145985,0.178891
2015-04-25,Alexis Davis,Sarah Kaufman,,kaggle_mdabbert_bestfightodds,,2024-12-14T00:00:00Z,0.053191,0.105263,0.27027,0.204082,0.06734,0.47619
2015-04-25,Chad Laprise,Bryan Barberena,,kaggle_mdabbert_bestfightodds,,2024-12-14T00:00:00Z,0.25,0.199601,0.487805,0.086957,0.048309,0.15873
2015-04-25,Olivier Aubin-Mercier,David Michaud,,kaggle_mdabbert_bestfightodds,,2024-12-14T00:00:00Z,0.127226,0.357143,0.396825,0.059701,0.08,0.192308
2015-04-25,Nordine Taleb,Chris Clements,,kaggle_mdabbert_bestfightodds,,2024-12-14T00:00:00Z,0.322581,0.142857,0.341297,0.210526,0.050505,0.163934
2015-04-25,Jessica Rakoczy,Valerie Letourneau,,kaggle_mdabbert_bestfightodds,,2024-12-14T00:00:00Z,0.17094,0.139082,0.277778,0.170648,0.117647,0.343643
2015-04-25,Patrick Cote,Joe Riggs,,kaggle_mdabbert_bestfightodds,,2024-12-14T00:00:00Z,0.37037,0.111111,0.298507,0.142857,0.095238,0.2
2015-05-09,Anthony Perosh,Sean O'Connell,,kaggle_mdabbert_bestfightodds,,2024-12-14T00:00:00Z,0.148148,0.384615,0.141044,0.289855,0.05698,0.178571
2015-05-09,Jake Matthews,James Vick,,kaggle_mdabbert_bestfightodds,,2024-12-14T00:00:00Z,0.186916,0.193424,0.359712,0.102564,0.074074,0.27027
2015-05-09,Stipe Miocic,Mark Hunt,,kaggle_mdabbert_bestfightodds,,2024-12-14T00:00:00Z,0.47619,0.108108,0.227273,0.285714,0.047619,0.1
2015-05-09,Brad Tavares,Robert Whittaker,,kaggle_mdabbert_bestfightodds,,2024-12-14T00:00:00Z,0.25,0.074074,0.322581,0.2,0.074074,0.30303
2015-05-09,Hatsu Hioki,Dan Hooker,,kaggle_mdabbert_bestfightodds,,2024-12-14T00:00:00Z,0.071685,0.307692,0.444444,0.095238,0.063492,0.190476
2015-05-09,Kyle Noke,Jonavin Webb,,kaggle_mdabbert_bestfightodds,,2024-12-14T00:00:00Z,0.224719,0.121951,0.239808,0.078431,0.137931,0.37037
2015-05-09,Daniel Kelly,Sam Alvey,,kaggle_mdabbert_bestfightodds,,2024-12-14T00:00:00Z,0.076923,0.081633,0.181818,0.512195,0.080321,0.3125
2015-05-09,Bec Rawlings,Lisa Ellis,,kaggle_mdabbert_bestfightodds,,2024-12-14T00:00:00Z,0.175439,0.235849,0.352113,0.06006,0.1,0.27027
2015-05-09,Dylan Andrews,Bradley Scott,,kaggle_mdabbert_bestfightodds,,2024-12-14T00:00:00Z,0.222222,0.081633,0.307692,0.266667,0.113507,0.194175
2015-05-09,Alex Chambers,Kailin Curran,,kaggle_mdabbert_bestfightodds,,2024-12-14T00:00:00Z,0.076923,0.125,0.222222,0.178571,0.196078,0.4
2015-05-09,Vik Grujic,Brendan O'Reilly,,kaggle_mdabbert_bestfightodds,,2024-12-14T00:00:00Z,0.194175,0.140845,0.310559,0.165289,0.149031,0.246914
2015-05-09,Alptekin Ozkilic,Ben Nguyen,,kaggle_mdabbert_bestfightodds,,2024-12-14T00:00:00Z,0.19802,0.124224,0.456621,0.148148,0.04914,0.218341
2015-05-16,Gegard Mousasi,Costas Philippou,,kaggle_mdabbert_bestfightodds,,2024-12-14T00:00:00Z,0.223714,0.333333,0.403226,0.1,0.032258,0.096154
2015-05-16,Mark Munoz,Luke Barnatt,,kaggle_mdabbert_bestfightodds,,2024-12-14T00:00:00Z,0.206186,0.076923,0.266667,0.30303,0.142857,0.209205
2015-05-16,Hyun Gyu Lim,Neil Magny,,kaggle_mdabbert_bestfightodds,,2024-12-14T00:00:00Z,0.31746,0.078927,0.162602,0.162602,0.102775,0.384615
2015-05-16,Phillipe Nover,Yui Chul Nam,,kaggle_mdabbert_bestfightodds,,2024-12-14T00:00:00Z,0.105263,0.128205,0.25,0.25,0.076046,0.4
2015-05-16,Mark Eddiva,Levan Makashvili,,kaggle_mdabbert_bestfightodds,,2024-12-14T00:00:00Z,0.081633,0.052083,0.173611,0.37037,0.110132,0.387597
2015-05-16,Frankie Edgar,Urijah Faber,,kaggle_mdabbert_bestfightodds,,2024-12-14T00:00:00Z,0.206186,0.126103,0.604743,0.06006,0.095238,0.08658
2015-05-16,Zhang Lipeng,Kajan Johnson,,kaggle_mdabbert_bestfightodds,,2024-12-14T00:00:00Z,,,,0.086207,0.206186,0.28169
2015-05-16,Li Jingliang,Dhiego Lima,,kaggle_mdabbert_bestfightodds,,2024-12-14T00:00:00Z,0.129032,0.104058,0.284091,0.126743,0.2,0.4
2015-05-16,Ning Guangyou,Royston Wee,,kaggle_mdabbert_bestfightodds,,2024-12-14T00:00:00Z,0.222222,0.105263,0.373134,0.076923,0.137931,0.30303
2015-05-16,Roldan Sangcha-an,Jon Delos Reyes,,kaggle_mdabbert_bestfightodds,,2024-12-14T00:00:00Z,,,,0.217391,0.208333,0.25
2015-05-16,Nolan Ticman,Yao Zhikui,,kaggle_mdabbert_bestfightodds,,2024-12-14T00:00:00Z,0.235294,0.18797,0.4,,,
2015-05-16,Tae Hyun Bang,Jon Tuck,,kaggle_mdabbert_bestfightodds,,2024-12-14T00:00:00Z,0.155039,0.053763,0.21978,0.172414,0.190476,0.4
2015-05-23,Anthony Johnson,Daniel Cormier,,kaggle_mdabbert_bestfightodds,,2024-12-14T00:00:00Z,0.384615,0.038462,0.173913,0.222222,0.129032,0.266667
2015-05-23,Chris Weidman,Vitor Belfort,,kaggle_mdabbert_bestfightodds,,2024-12-14T00:00:00Z,0.425532,0.333333,0.210526,0.148148,0.066667,0.083333
2015-05-23,Donald Cerrone,John Makdessi,,kaggle_mdabbert_bestfightodds,,2024-12-14T00:00:00Z,0.222222,0.357143,0.4,0.114286,0.041667,0.1
2015-05-23,Travis Browne,Andrei Arlovski,,kaggle_mdabbert_bestfightodds,,2024-12-14T00:00:00Z,0.636364,0.074074,0.173913,0.133333,0.064516,0.129032
2015-05-23,Joseph Benavidez,John Moraga,,kaggle_mdabbert_bestfightodds,,2024-12-14T00:00:00Z,0.166667,0.238095,0.555556,0.066667,0.074074,0.108108
2015-05-23,John Dodson,Zach Makovsky,,kaggle_mdabbert_bestfightodds,,2024-12-14T00:00:00Z,0.357143,0.066667,0.534884,0.0625,0.0625,0.153846
2015-05-23,Uriah Hall,Rafael Natal,,kaggle_mdabbert_bestfightodds,,2024-12-14T00:00:00Z,0.512195,0.051151,0.334448,0.070423,0.075472,0.143885
2015-05-23,Mike Pyle,Colby Covington,,kaggle_mdabbert_bestfightodds,,2024-12-14T00:00:00Z,0.125,0.148148,0.126582,0.3125,0.277778,0.343643
2015-05-23,Islam Makhachev,Leo Kuntz,,kaggle_mdabbert_bestfightodds,,2024-12-14T00:00:00Z,0.15748,0.363636,0.384615,0.1,0.055556,0.153139
2015-05-23,Justin Scoggins,Joshua Sampo,,kaggle_mdabbert_bestfightodds,,2024-12-14T00:00:00Z,0.371747,0.117647,0.425532,0.038462,0.081633,0.141844
2015-05-23,Dong Hyun Kim,Joshua Burkman,,kaggle_mdabbert_bestfightodds,,2024-12-14T00:00:00Z,0.141844,0.147059,0.49505,0.222222,0.065789,0.1443
2015-05-30,Francimar Barroso,Ryan Jimmo,,kaggle_mdabbert_bestfightodds,,2024-12-14T00:00:00Z,0.148148,0.086957,0.15873,0.37037,0.054945,0.393701
2015-05-30,Carlos Condit,Thiago Alves,,kaggle_mdabbert_bestfightodds,,2024-12-14T00:00:00Z,0.30303,0.2,0.327869,0.181818,0.052632,0.16
2015-05-30,Nik Lentz,Charles Oliveira,,kaggle_mdabbert_bestfightodds,,2024-12-14T00:00:00Z,0.076923,0.090909,0.235294,0.182482,0.37037,0.308642
2015-05-30,KJ Noons,Alex Oliveira,,kaggle_mdabbert_bestfightodds,,2024-12-14T00:00:00Z,0.19084,0.043478,0.255754,0.182482,0.37037,0.308642
2015-05-30,Francisco Trinaldo,Norman Parke,,kaggle_mdabbert_bestfightodds,,2024-12-14T00:00:00Z,0.073801,0.071685,0.229885,0.175439,0.149254,0.512195
2015-05-30,Wendell Oliveira,Darren Till,,kaggle_mdabbert_bestfightodds,,2024-12-14T00:00:00Z,0.182482,0.37037,0.308642,0.285714,0.079681,0.210526
2015-05-30,Jussier Formiga,Wilson Reis,,kaggle_mdabbert_bestfightodds,,2024-12-14T00:00:00Z,0.131579,0.124069,0.416667,0.099502,0.108108,0.357143
2015-05-30,Elizeu Zaleski dos Santos,Nicolas Dalby,,kaggle_mdabbert_bestfightodds,,2024-12-14T00:00:00Z,,,,0.2,0.189036,0.5
2015-05-30,Lucas Martins,Mirsad Bektic,,kaggle_mdabbert_bestfightodds,,2024-12-14T00:00:00Z,0.133333,0.053333,0.112994,0.31746,0.165563,0.413223
2015-05-30,Juliana Lima,Ericka Almeida,,kaggle_mdabbert_bestfightodds,,2024-12-14T00:00:00Z,0.133333,0.126743,0.45045,0.060423,0.222222,0.208333
2015-05-30,Luiz Dutra,Tom Breese,,kaggle_mdabbert_bestfightodds,,2024-12-14T00:00:00Z,,,,0.103627,0.273973,0.337838
2015-06-06,Tim Boetsch,Dan Henderson,,kaggle_mdabbert_bestfightodds,,2024-12-14T00:00:00Z,0.465116,0.166667,0.166667,0.266667,0.0625,0.125
2015-06-06,Ben Rothwell,Matt Mitrione,,kaggle_mdabbert_bestfightodds,,2024-12-14T00:00:00Z,0.294118,0.083333,0.114286,0.47619,0.047619,0.204082
2015-06-06,Dustin Poirier,Yancy Medeiros,,kaggle_mdabbert_bestfightodds,,2024-12-14T00:00:00Z,0.25641,0.238095,0.306748,0.166667,0.125,0.172414
2015-06-06,Thiago Tavares,Brian Ortega,,kaggle_mdabbert_bestfightodds,,2024-12-14T00:00:00Z,0.136612,0.169492,0.389105,0.153846,0.222222,0.162075
2015-06-06,Joe Soto,Anthony Birchak,,kaggle_mdabbert_bestfightodds,,2024-12-14T00:00:00Z,0.2,0.21645,0.3125,0.166667,0.069204,0.277778
2015-06-06,Francisco Rivera,Alex Caceres,,kaggle_mdabbert_bestfightodds,,2024-12-14T00:00:00Z,0.350877,0.094787,0.238095,0.142857,0.166667,0.238095
2015-06-06,Shawn Jordan,Derrick Lewis,,kaggle_mdabbert_bestfightodds,,2024-12-14T00:00:00Z,0.377358,0.116959,0.121803,0.47619,0.045351,0.076923
2015-06-06,Brian Ebersole,Omari Akhmedov,,kaggle_mdabbert_bestfightodds,,2024-12-14T00:00:00Z,0.074074,0.114943,0.37037,0.210526,0.142653,0.30303
2015-06-06,Chris Wade,Christos Giagos,,kaggle_mdabbert_bestfightodds,,2024-12-14T00:00:00Z,0.128205,0.307692,0.3125,0.2,0.068729,0.235294
2015-06-06,Joe Proctor,Justin Edwards,,kaggle_mdabbert_bestfightodds,,2024-12-14T00:00:00Z,0.208768,0.129032,0.42735,0.125,0.152672,0.17094
2015-06-06,Ricardo Abreu,Jake Collier,,kaggle_mdabbert_bestfightodds,,2024-12-14T00:00:00Z,0.292398,0.277778,0.166667,0.222222,0.107527,0.206186
2015-06-06,Jose Quinonez,Leonardo Morales,,kaggle_mdabbert_bestfightodds,,2024-12-14T00:00:00Z,0.064516,0.149477,0.27027,0.28169,0.101112,0.357143
2015-06-13,Cain Velasquez,Fabricio Werdum,,kaggle_mdabbert_bestfightodds,,2024-12-14T00:00:00Z,0.6,0.065574,0.25,0.086957,0.117647,0.090909
2015-06-13,Gilbert Melendez,Eddie Alvarez,,kaggle_mdabbert_bestfightodds,,2024-12-14T00:00:00Z,0.173913,0.117647,0.444444,0.142857,0.129032,0.266667
2015-06-13,Kelvin Gastelum,Nate Marquardt,,kaggle_mdabbert_bestfightodds,,2024-12-14T00:00:00Z,0.333333,0.222222,0.4,0.097561,0.090909,0.105263
2015-06-13,Yair Rodriguez,Charles Rosa,,kaggle_mdabbert_bestfightodds,,2024-12-14T00:00:00Z,0.095238,0.090909,0.25,0.190476,0.307692,0.3125
2015-06-13,Tecia Torres,Angela Hill,,kaggle_mdabbert_bestfightodds,,2024-12-14T00:00:00Z,0.111111,0.25,0.5,0.125,0.0625,0.2
2015-06-13,Gabriel Benitez,Clay Collard,,kaggle_mdabbert_bestfightodds,,2024-12-14T00:00:00Z,0.071429,0.133333,0.190476,0.28169,0.112233,0.401606
2015-06-13,Efrain Escudero,Drew Dober,,kaggle_mdabbert_bestfightodds,,2024-12-14T00:00:00Z,0.114811,0.153846,0.3125,0.127389,0.114679,0.403226
2015-06-13,Alejandro Perez,Patrick Williams,,kaggle_mdabbert_bestfightodds,,2024-12-14T00:00:00Z,0.253165,0.192308,0.254453,0.16,0.119048,0.222222
2015-06-13,Francisco Trevino,Johnny Case,,kaggle_mdabbert_bestfightodds,,2024-12-14T00:00:00Z,0.070175,0.070423,0.129032,0.363636,0.234742,0.373134
2015-06-13,Augusto Montano,Cathal Pendred,,kaggle_mdabbert_bestfightodds,,2024-12-14T00:00:00Z,0.344828,0.103093,0.173611,0.142857,0.222222,0.25
2015-06-13,Henry Cejudo,Chico Camus,,kaggle_mdabbert_bestfightodds,,2024-12-14T00:00:00Z,0.171821,0.212766,0.649123,0.04878,0.036832,0.060606
2015-06-20,Nick Hein,Lukasz Sajewski,,kaggle_mdabbert_bestfightodds,,2024-12-14T00:00:00Z,0.151515,0.117096,0.416667,0.133333,0.141844,0.25
2015-06-20,Joanna Jedrzejczyk,Jessica Penne,,kaggle_mdabbert_bestfightodds,,2024-12-14T00:00:00Z,0.636364,0.076923,0.31746,0.051282,0.095238,0.074074
2015-06-20,Dennis Siver,Tatsuya Kawajiri,,kaggle_mdabbert_bestfightodds,,2024-12-14T00:00:00Z,0.176991,0.143885,0.383142,0.098522,0.181818,0.273973
2015-06-20,Peter Sobotta,Steve Kennedy,,kaggle_mdabbert_bestfightodds,,2024-12-14T00:00:00Z,0.111607,0.4,0.364964,0.1,0.076923,0.2
2015-06-20,Makwan Amirkhani,Masio Fullen,,kaggle_mdabbert_bestfightodds,,2024-12-14T00:00:00Z,0.263158,0.350877,0.277778,0.128205,0.084388,0.222222
2015-06-20,Mairbek Taisumov,Alan Patrick,,kaggle_mdabbert_bestfightodds,,2024-12-14T00:00:00Z,0.285714,0.082645,0.320513,0.123457,0.115207,0.285714
2015-06-20,Alan Omer,Arnold Allen,,kaggle_mdabbert_bestfightodds,,2024-12-14T00:00:00Z,0.210526,0.146628,0.363636,0.13245,0.096246,0.253165
2015-06-20,Niklas Backstrom,Noad Lahat,,kaggle_mdabbert_bestfightodds,,2024-12-14T00:00:00Z,0.363636,0.222222,0.2,0.166667,0.142857,0.25974
2015-06-20,Scott Askham,Antonio Dos Santos,,kaggle_mdabbert_bestfightodds,,2024-12-14T00:00:00Z,0.294118,0.10989,0.37037,,,
2015-06-20,Piotr Hallmann,Magomed Mustafaev,,kaggle_mdabbert_bestfightodds,,2024-12-14T00:00:00Z,0.190476,0.144092,0.25974,0.222222,0.13624,0.316456
2015-06-20,Taylor Lapilus,Ulka Sasaki,,kaggle_mdabbert_bestfightodds,,2024-12-14T00:00:00Z,0.1,0.093458,0.210526,0.168067,0.5,0.21692
2015-06-27,Lyoto Machida,Yoel Romero,,kaggle_mdabbert_bestfightodds,,2024-12-14T00:00:00Z,0.37037,0.129032,0.25,0.307692,0.047619,0.153846
2015-06-27,Santiago Ponzinibbio,Lorenz Larkin,,kaggle_mdabbert_bestfightodds,,2024-12-14T00:00:00Z,0.238095,0.071942,0.185185,0.416667,0.048193,0.278552
2015-06-27,Antonio Carlos Junior,Eddie Gordon,,kaggle_mdabbert_bestfightodds,,2024-12-14T00:00:00Z,0.261097,0.273973,0.182482,0.15625,0.049801,0.273973
2015-06-27,Thiago Santos,Steve Bosse,,kaggle_mdabbert_bestfightodds,,2024-12-14T00:00:00Z,0.4,0.095238,0.228833,0.289855,0.049261,0.12837
2015-06-27,Alex Oliveira,Joe Merritt,,kaggle_mdabbert_bestfightodds,,2024-12-14T00:00:00Z,0.346021,0.384615,0.168634,0.140845,0.036496,0.125
2015-06-27,Leandro Silva,Lewis Gonzalez,,kaggle_mdabbert_bestfightodds,,2024-12-14T00:00:00Z,0.133333,0.220264,0.389105,0.071429,0.07326,0.289017
2015-06-27,Steve Montgomery,Tony Sims,,kaggle_mdabbert_bestfightodds,,2024-12-14T00:00:00Z,0.243902,0.127877,0.20202,0.333333,0.115473,0.207039
2015-06-27,Danny Martinez,Sirwan Kakai,,kaggle_mdabbert_bestfightodds,,2024-12-14T00:00:00Z,0.178571,0.077821,0.35461,0.15625,0.121655,0.318471
2015-06-27,Hacran Dias,Levan Makashvili,,kaggle_mdabbert_bestfightodds,,2024-12-14T00:00:00Z,0.079365,0.181818,0.454545,0.111111,0.063816,0.327869
2015-07-11,Gunnar Nelson,Brandon Thatch,,kaggle_mdabbert_bestfightodds,,2024-12-14T00:00:00Z,0.061728,0.285714,0.220264,0.384615,0.036036,0.232558
2015-07-11,Chad Mendes,Conor McGregor,,kaggle_mdabbert_bestfightodds,,2024-12-14T00:00:00Z,0.168067,0.137931,0.210526,0.545455,0.925926,0.142857
2015-07-11,Robbie Lawler,Rory MacDonald,,kaggle_mdabbert_bestfightodds,,2024-12-14T00:00:00Z,0.222222,0.0625,0.25974,,,
2015-07-11,Dennis Bermudez,Jeremy Stephens,,kaggle_mdabbert_bestfightodds,,2024-12-14T00:00:00Z,0.121212,0.153846,0.512195,0.285714,0.052632,0.142857
2015-07-11,Brad Pickett,Thomas Almeida,,kaggle_mdabbert_bestfightodds,,2024-12-14T00:00:00Z,0.058824,0.066667,0.095238,0.52381,0.129032,0.333333
2015-07-11,Neil Seery,Louis Smolka,,kaggle_mdabbert_bestfightodds,,2024-12-14T00:00:00Z,0.166667,0.127389,0.3125,0.116959,0.190476,0.361011
2015-07-11,Mike Swick,Alex Garcia,,kaggle_mdabbert_bestfightodds,,2024-12-14T00:00:00Z,0.114286,0.0625,0.131752,0.583333,0.166667,0.195695
2015-07-11,Cathal Pendred,John Howard,,kaggle_mdabbert_bestfightodds,,2024-12-14T00:00:00Z,0.16,0.079365,0.425532,0.18018,0.076923,0.294118
2015-07-11,Cody Garbrandt,Henry Briones,,kaggle_mdabbert_bestfightodds,,2024-12-14T00:00:00Z,0.649123,0.111111,0.238095,0.0625,0.045558,0.090744
2015-07-11,Yosdenis Cedeno,Cody Pfister,,kaggle_mdabbert_bestfightodds,,2024-12-14T00:00:00Z,0.327869,0.102249,0.334448,0.066667,0.07326,0.277778
2015-07-11,Matt Brown,Tim Means,,kaggle_mdabbert_bestfightodds,,2024-12-14T00:00:00Z,0.294118,0.125,0.307692,0.185185,0.121212,0.222222
2015-07-12,Jorge Masvidal,Cezar Ferreira,,kaggle_mdabbert_bestfightodds,,2024-12-14T00:00:00Z,0.357143,0.125,0.37037,0.142857,0.140845,0.181818
2015-07-12,Jake Ellenberger,Stephen Thompson,,kaggle_mdabbert_bestfightodds,,2024-12-14T00:00:00Z,0.175439,0.090909,0.191571,0.5,0.071429,0.220751
2015-07-12,Kamaru Usman,Hayder Hassan,,kaggle_mdabbert_bestfightodds,,2024-12-14T00:00:00Z,0.222222,0.133511,0.454545,0.175439,0.064309,0.190476
2015-07-12,Angela Magana,Michelle Waterson,,kaggle_mdabbert_bestfightodds,,2024-12-14T00:00:00Z,0.065789,0.062305,0.088889,0.127065,0.384615,0.473934
2015-07-12,Michael Graves,Vicente Luque,,kaggle_mdabbert_bestfightodds,,2024-12-14T00:00:00Z,0.142857,0.166667,0.248756,0.235294,0.137741,0.350877
2015-07-12,Josh Samman,Caio Magalhaes,,kaggle_mdabbert_bestfightodds,,2024-12-14T00:00:00Z,0.3125,0.053333,0.187266,0.166667,0.263158,0.240385
2015-07-12,Russell Doane,Jerrod Sanders,,kaggle_mdabbert_bestfightodds,,2024-12-14T00:00:00Z,0.266667,0.293255,0.324675,0.06006,0.0625,0.176991
2015-07-12,Darrell Montague,Willie Gates,,kaggle_mdabbert_bestfightodds,,2024-12-14T00:00:00Z,0.176991,0.162602,0.280899,0.240964,0.101523,0.235294
2015-07-12,Dan Miller,Trevor Smith,,kaggle_mdabbert_bestfightodds,,2024-12-14T00:00:00Z,0.117647,0.246914,0.220264,0.190476,0.153846,0.293255
2015-07-12,George Sullivan,Dominic Waters,,kaggle_mdabbert_bestfightodds,,2024-12-14T00:00:00Z,0.294118,0.082305,0.413223,0.099502,0.095057,0.21692
2015-07-12,Maximo Blanco,Mike de la Torre,,kaggle_mdabbert_bestfightodds,,2024-12-14T00:00:00Z,0.2,0.050633,0.246914,0.203666,0.220751,0.253807
2015-07-15,Frank Mir,Todd Duffee,,kaggle_mdabbert_bestfightodds,,2024-12-14T00:00:00Z,0.2,0.210526,0.064516,0.615385,0.055556,0.0625
2015-07-15,Josh Thomson,Tony Ferguson,,kaggle_mdabbert_bestfightodds,,2024-12-14T00:00:00Z,0.117647,0.090909,0.25,0.25974,0.16,0.4
2015-07-15,Holly Holm,Marion Reneau,,kaggle_mdabbert_bestfightodds,,2024-12-14T00:00:00Z,0.285714,0.064935,0.369004,0.123457,0.153846,0.175439
2015-07-15,Scott Jorgensen,Manvel Gamburyan,,kaggle_mdabbert_bestfightodds,,2024-12-14T00:00:00Z,0.142857,0.05988,0.285714,0.143266,0.222222,0.37037
2015-07-15,Kevin Lee,James Moontasri,,kaggle_mdabbert_bestfightodds,,2024-12-14T00:00:00Z,0.166667,0.168067,0.534884,0.166667,0.075758,0.149254
2015-07-15,Alan Jouban,Matt Dwyer,,kaggle_mdabbert_bestfightodds,,2024-12-14T00:00:00Z,0.677419,0.090909,0.142857,0.129032,0.06079,0.085837
2015-07-15,Sam Sicilia,Yaotzin Meza,,kaggle_mdabbert_bestfightodds,,2024-12-14T00:00:00Z,0.454545,0.063291,0.26738,0.092593,0.142857,0.221239
2015-07-15,Jessica Andrade,Sarah Moras,,kaggle_mdabbert_bestfightodds,,2024-12-14T00:00:00Z,0.240964,0.25,0.478469,0.047733,0.086957,0.165289
2015-07-15,Rani Yahya,Masanori Kanehara,,kaggle_mdabbert_bestfightodds,,2024-12-14T00:00:00Z,0.086207,0.25,0.27933,0.148148,0.082305,0.4
2015-07-15,Igor Araujo,Sean Strickland,,kaggle_mdabbert_bestfightodds,,2024-12-14T00:00:00Z,0.05848,0.093023,0.15625,0.333333,0.191571,0.392157
2015-07-15,Kevin Casey,Ildemar Alcantara,,kaggle_mdabbert_bestfightodds,,2024-12-14T00:00:00Z,0.222222,0.16129,0.210526,0.2,0.096618,0.30303
2015-07-15,Andrew Craig,Lyman Good,,kaggle_mdabbert_bestfightodds,,2024-12-14T00:00:00Z,0.086957,0.055249,0.222222,0.2,0.192308,0.381679
2015-07-18,Michael Bisping,Thales Leites,,kaggle_mdabbert_bestfightodds,,2024-12-14T00:00:00Z,0.263158,0.086207,0.285714,0.15873,0.190476,0.209205
2015-07-18,Ross Pearson,Evan Dunham,,kaggle_mdabbert_bestfightodds,,2024-12-14T00:00:00Z,0.363636,0.085837,0.340136,0.086957,0.088889,0.215054
2015-07-18,Joe Duffy,Ivan Jorge,,kaggle_mdabbert_bestfightodds,,2024-12-14T00:00:00Z,0.583333,0.28169,0.229885,0.050633,0.052632,0.076923
2015-07-18,Joanne Calderwood,Cortney Casey,,kaggle_mdabbert_bestfightodds,,2024-12-14T00:00:00Z,0.327869,0.129032,0.377358,0.084746,0.142857,0.166667
2015-07-18,Leon Edwards,Pawel Pawlak,,kaggle_mdabbert_bestfightodds,,2024-12-14T00:00:00Z,0.454545,0.133333,0.357143,0.049261,0.075472,0.17094
2015-07-18,Daniel Omielanczuk,Chris de la Rocha,,kaggle_mdabbert_bestfightodds,,2024-12-14T00:00:00Z,0.298507,0.181818,0.224215,0.263158,0.114943,0.173913
2015-07-18,Paddy Holohan,Vaughan Lee,,kaggle_mdabbert_bestfightodds,,2024-12-14T00:00:00Z,0.166667,0.344828,0.285714,0.149254,0.127551,0.285714
2015-07-18,Ilir Latifi,Hans Stringer,,kaggle_mdabbert_bestfightodds,,2024-12-14T00:00:00Z,0.384615,0.190476,0.280112,0.140845,0.098619,0.17762
2015-07-18,Mickael Lebout,Teemu Packalen,,kaggle_mdabbert_bestfightodds,,2024-12-14T00:00:00Z,0.165289,0.145985,0.240964,0.222222,0.206612,0.224215
2015-07-18,Rob Whiteford,Paul Redmond,,kaggle_mdabbert_bestfightodds,,2024-12-14T00:00:00Z,0.172414,0.158479,0.363636,0.148148,0.155039,0.225225
2015-07-18,Marcus Brimage,Jimmie Rivera,,kaggle_mdabbert_bestfightodds,,2024-12-14T00:00:00Z,0.142857,0.085837,0.338983,0.2,0.15361,0.304878
2015-07-18,Stevie Ray,Leonardo Mafra,,kaggle_mdabbert_bestfightodds,,2024-12-14T00:00:00Z,0.246914,0.235294,0.31348,0.153846,0.064725,0.21322
2015-07-25,Gian Villante,Tom Lawlor,,kaggle_mdabbert_bestfightodds,,2024-12-14T00:00:00Z,0.344828,0.057143,0.414938,0.125,0.128866,0.196078
2015-07-25,TJ Dillashaw,Renan Barao,,kaggle_mdabbert_bestfightodds,,2024-12-14T00:00:00Z,0.357143,0.125,0.322581,0.173913,0.133333,0.133333
2015-07-25,Miesha Tate,Jessica Eye,,kaggle_mdabbert_bestfightodds,,2024-12-14T00:00:00Z,0.090909,0.173913,0.512195,0.16,0.0625,0.222222
2015-07-25,Edson Barboza,Paul Felder,,kaggle_mdabbert_bestfightodds,,2024-12-14T00:00:00Z,0.344828,0.086957,0.235294,0.273973,0.068966,0.210526
2015-07-25,Jim Miller,Danny Castillo,,kaggle_mdabbert_bestfightodds,,2024-12-14T00:00:00Z,0.097561,0.238095,0.288184,0.143885,0.067568,0.363636
2015-07-25,Joe Lauzon,Takanori Gomi,,kaggle_mdabbert_bestfightodds,,2024-12-14T00:00:00Z,0.2,0.444444,0.25641,0.137931,0.064516,0.129032
2015-07-25,Eddie Wineland,Bryan Caraway,,kaggle_mdabbert_bestfightodds,,2024-12-14T00:00:00Z,0.227273,0.07326,0.311526,0.083333,0.253165,0.227273
2015-07-25,Zak Cummings,Dominique Steele,,kaggle_mdabbert_bestfightodds,,2024-12-14T00:00:00Z,0.142857,0.392157,0.324675,0.068966,0.057971,0.192308
2015-07-25,Daron Cruickshank,James Krause,,kaggle_mdabbert_bestfightodds,,2024-12-14T00:00:00Z,0.246914,0.066313,0.4,0.076923,0.15625,0.230415
2015-07-25,Ramsey Nijem,Andrew Holbrook,,kaggle_mdabbert_bestfightodds,,2024-12-14T00:00:00Z,0.285714,0.143678,0.257069,0.173913,0.218341,0.13369
2015-07-25,Jessamyn Duke,Elizabeth Phillips,,kaggle_mdabbert_bestfightodds,,2024-12-14T00:00:00Z,0.060606,0.181488,0.27027,0.188679,0.123609,0.373134
2015-07-25,Kenny Robertson,Ben Saunders,,kaggle_mdabbert_bestfightodds,,2024-12-14T00:00:00Z,0.173913,0.137741,0.307692,0.25,0.169779,0.172414
2015-08-01,Ronda Rousey,Bethe Correia,,kaggle_mdabbert_bestfightodds,,2024-12-14T00:00:00Z,0.37037,0.642857,0.066667,0.058824,0.032258,0.043478
2015-08-01,Mauricio Rua,Rogerio Nogueira,,kaggle_mdabbert_bestfightodds,,2024-12-14T00:00:00Z,0.454545,0.074074,0.229885,0.186916,0.074074,0.166667
2015-08-01,Glaico Franca,Fernando Bruno,,kaggle_mdabbert_bestfightodds,,2024-12-14T00:00:00Z,0.2,0.282486,0.243309,0.0625,0.119474,0.28169
2015-08-01,Reginaldo Vieira,Dileno Lopes,,kaggle_mdabbert_bestfightodds,,2024-12-14T00:00:00Z,0.066225,0.070175,0.192308,0.192308,0.263158,0.384615
2015-08-01,Stefan Struve,Minotauro Nogueira,,kaggle_mdabbert_bestfightodds,,2024-12-14T00:00:00Z,0.37037,0.173913,0.16,0.186916,0.074074,0.166667
2015-08-01,Antonio Silva,Soa Palelei,,kaggle_mdabbert_bestfightodds,,2024-12-14T00:00:00Z,0.194175,0.176991,0.108932,0.607843,0.038462,0.095238
2015-08-01,Demian Maia,Neil Magny,,kaggle_mdabbert_bestfightodds,,2024-12-14T00:00:00Z,0.090909,0.277778,0.37037,0.111111,0.052632,0.322581
2015-08-01,Rafael Feijao,Patrick Cummins,,kaggle_mdabbert_bestfightodds,,2024-12-14T00:00:00Z,,,,0.277778,0.060606,0.371747
2015-08-01,Warlley Alves,Nordine Taleb,,kaggle_mdabbert_bestfightodds,,2024-12-14T00:00:00Z,0.173913,0.259067,0.381679,0.111732,0.043478,0.210526
2015-08-01,Iuri Alcantara,Leandro Issa,,kaggle_mdabbert_bestfightodds,,2024-12-14T00:00:00Z,0.344828,0.135135,0.322581,0.047619,0.175439,0.2
2015-08-01,Vitor Miranda,Clint Hester,,kaggle_mdabbert_bestfightodds,,2024-12-14T00:00:00Z,0.277778,0.068966,0.183486,0.18018,0.071429,0.4
2015-08-01,Hugo Viana,Guido Cannetti,,kaggle_mdabbert_bestfightodds,,2024-12-14T00:00:00Z,0.398406,0.183486,0.357143,0.121951,0.05168,0.073421
2015-08-01,Claudia Gadelha,Jessica Aguilar,,kaggle_mdabbert_bestfightodds,,2024-12-14T00:00:00Z,0.181818,0.173913,0.583333,0.055556,0.090909,0.15873
2015-08-08,Sara McMann,Amanda Nunes,,kaggle_mdabbert_bestfightodds,,2024-12-14T00:00:00Z,0.217391,0.121359,0.46729,0.235294,0.067568,0.097561
2015-08-08,Glover Teixeira,Ovince Saint Preux,,kaggle_mdabbert_bestfightodds,,2024-12-14T00:00:00Z,0.253165,0.168067,0.162075,0.357143,0.066445,0.19802
2015-08-08,Michael Johnson,Beneil Dariush,,kaggle_mdabbert_bestfightodds,,2024-12-14T00:00:00Z,0.28169,0.066667,0.327869,0.057143,0.25974,0.190476
2015-08-08,Derek Brunson,Sam Alvey,,kaggle_mdabbert_bestfightodds,,2024-12-14T00:00:00Z,0.210526,0.193798,0.47619,0.203666,0.038462,0.063012
2015-08-08,Jared Rosholt,Tim Johnson,,kaggle_mdabbert_bestfightodds,,2024-12-14T00:00:00Z,0.25641,0.161031,0.37594,0.28169,0.066667,0.327869
2015-08-08,Ray Borg,Geane Herrera,,kaggle_mdabbert_bestfightodds,,2024-12-14T00:00:00Z,0.190476,0.444444,0.294118,0.064935,0.101523,0.145349
2015-08-08,Anthony Christodoulou,Scott Holtzman,,kaggle_mdabbert_bestfightodds,,2024-12-14T00:00:00Z,0.052632,0.045147,0.065789,0.534884,0.126582,0.363636
2015-08-08,Chris Camozzi,Tom Watson,,kaggle_mdabbert_bestfightodds,,2024-12-14T00:00:00Z,0.182815,0.155039,0.344828,0.101523,0.035211,0.4
2015-08-08,Dustin Ortiz,Willie Gates,,kaggle_mdabbert_bestfightodds,,2024-12-14T00:00:00Z,0.212766,0.285714,0.4329,0.095238,0.038462,0.14771
2015-08-08,Frankie Saenz,Sirwan Kakai,,kaggle_mdabbert_bestfightodds,,2024-12-14T00:00:00Z,0.105263,0.067114,0.37037,0.19802,0.1,0.362319
2015-08-08,Chris Dempsey,Jonathan Wilson,,kaggle_mdabbert_bestfightodds,,2024-12-14T00:00:00Z,0.133333,0.15748,0.277778,0.384615,0.096618,0.160772
2015-08-08,Marlon Vera,Roman Salazar,,kaggle_mdabbert_bestfightodds,,2024-12-14T00:00:00Z,0.152672,0.25,0.26178,0.155039,0.114286,0.298507
2015-08-08,Uriah Hall,Oluwale Bamgbose,,kaggle_mdabbert_bestfightodds,,2024-12-14T00:00:00Z,0.512195,0.142857,0.296736,0.173913,0.05571,0.102041
2015-08-23,Max Holloway,Charles Oliveira,,kaggle_mdabbert_bestfightodds,,2024-12-14T00:00:00Z,0.465116,0.1,0.229885,0.066667,0.243902,0.105263
2015-08-23,Neil Magny,Erick Silva,,kaggle_mdabbert_bestfightodds,,2024-12-14T00:00:00Z,0.162602,0.111111,0.210526,0.151515,0.377358,0.17331
2015-08-23,Patrick Cote,Joshua Burkman,,kaggle_mdabbert_bestfightodds,,2024-12-14T00:00:00Z,0.125,0.074074,0.344828,0.208333,0.176991,0.30303
2015-08-23,Chad Laprise,Francisco Trinaldo,,kaggle_mdabbert_bestfightodds,,2024-12-14T00:00:00Z,0.206186,0.088889,0.578059,0.071174,0.097087,0.166667
2015-08-23,Olivier Aubin-Mercier,Tony Sims,,kaggle_mdabbert_bestfightodds,,2024-12-14T00:00:00Z,0.07722,0.344828,0.321543,0.222222,0.071942,0.153846
2015-08-23,Marcos Rogerio de Lima,Nikita Krylov,,kaggle_mdabbert_bestfightodds,,2024-12-14T00:00:00Z,0.465116,0.16,0.142857,0.263158,0.155039,0.090498
2015-08-23,Sam Stout,Frankie Perez,,kaggle_mdabbert_bestfightodds,,2024-12-14T00:00:00Z,0.078431,0.045977,0.389105,0.16,0.247525,0.243902
2015-08-23,Yves Jabouin,Felipe Arantes,,kaggle_mdabbert_bestfightodds,,2024-12-14T00:00:00Z,0.08,0.054945,0.263158,0.285714,0.154799,0.364964
2015-08-23,Chris Kelades,Chris Beal,,kaggle_mdabbert_bestfightodds,,2024-12-14T00:00:00Z,0.088261,0.088889,0.30303,0.222222,0.053619,0.408163
2015-08-23,Shane Campbell,Elias Silverio,,kaggle_mdabbert_bestfightodds,,2024-12-14T00:00:00Z,0.222717,0.05,0.124069,0.174216,0.235294,0.384615
2015-08-23,Misha Cirkunov,Daniel Jolly,,kaggle_mdabbert_bestfightodds,,2024-12-14T00:00:00Z,0.26738,0.363636,0.298507,0.125,0.060606,0.112994
2015-08-23,Maryna Moroz,Valerie Letourneau,,kaggle_mdabbert_bestfightodds,,2024-12-14T00:00:00Z,0.15748,0.4,0.211416,0.08,0.1,0.284091
2015-09-05,Andrei Arlovski,Frank Mir,,kaggle_mdabbert_bestfightodds,,2024-12-14T00:00:00Z,0.487805,0.0625,0.133333,0.263158,0.166667,0.125
2015-09-05,Anthony Johnson,Jimi Manuwa,,kaggle_mdabbert_bestfightodds,,2024-12-14T00:00:00Z,0.153846,0.2331,0.553571,0.111111,0.08,0.090909
2015-09-05,Jan Blachowicz,Corey Anderson,,kaggle_mdabbert_bestfightodds,,2024-12-14T00:00:00Z,0.238095,0.166667,0.285714,0.137931,0.0625,0.357143
2015-09-05,Paige VanZant,Alex Chambers,,kaggle_mdabbert_bestfightodds,,2024-12-14T00:00:00Z,,,,0.047619,0.064516,0.066667
2015-09-05,Demetrious Johnson,John Dodson,,kaggle_mdabbert_bestfightodds,,2024-12-14T00:00:00Z,0.153846,0.2331,0.553571,0.148148,0.047619,0.090909
2015-09-05,Francisco Rivera,John Lineker,,kaggle_mdabbert_bestfightodds,,2024-12-14T00:00:00Z,0.263158,0.058824,0.194932,0.357143,0.095969,0.238095
2015-09-05,Jessica Andrade,Raquel Pennington,,kaggle_mdabbert_bestfightodds,,2024-12-14T00:00:00Z,0.116959,0.148148,0.47619,0.125,0.111732,0.25974
2015-09-05,Clay Collard,Tiago Trator,,kaggle_mdabbert_bestfightodds,,2024-12-14T00:00:00Z,0.181818,0.229885,0.265252,0.090498,0.142857,0.322581
2015-09-05,Joe Riggs,Ron Stallings,,kaggle_mdabbert_bestfightodds,,2024-12-14T00:00:00Z,0.141844,0.084388,0.222222,0.377358,0.134771,0.30581
2015-09-05,Joaquim Silva,Nazareno Malegarie,,kaggle_mdabbert_bestfightodds,,2024-12-14T00:00:00Z,0.210526,0.085106,0.257732,0.153846,0.333333,0.192308
2015-09-05,Ross Pearson,Paul Felder,,kaggle_mdabbert_bestfightodds,,2024-12-14T00:00:00Z,0.074074,0.038462,0.172414,0.583333,0.066667,0.298507
2015-09-26,Josh Barnett,Roy Nelson,,kaggle_mdabbert_bestfightodds,,2024-12-14T00:00:00Z,0.322581,0.25,0.25,0.227273,0.04,0.074074
2015-09-26,Gegard Mousasi,Uriah Hall,,kaggle_mdabbert_bestfightodds,,2024-12-14T00:00:00Z,0.25,0.2,0.52381,0.105263,0.047619,0.117647
2015-09-26,Kyoji Horiguchi,Chico Camus,,kaggle_mdabbert_bestfightodds,,2024-12-14T00:00:00Z,0.249377,0.090909,0.565217,0.044053,0.047619,0.186916
2015-09-26,Takeya Mizugaki,George Roop,,kaggle_mdabbert_bestfightodds,,2024-12-14T00:00:00Z,0.209644,0.125,0.47619,0.113766,0.076923,0.212314
2015-09-26,Katsunori Kikuno,Diego Brandao,,kaggle_mdabbert_bestfightodds,,2024-12-14T00:00:00Z,0.174216,0.083333,0.15625,0.444444,0.181818,0.205761
2015-09-26,Nick Hein,Yusuke Kasuya,,kaggle_mdabbert_bestfightodds,,2024-12-14T00:00:00Z,0.277778,0.149477,0.545455,0.060606,0.166667,0.113895
2015-09-26,Naoyuki Kotani,Kajan Johnson,,kaggle_mdabbert_bestfightodds,,2024-12-14T00:00:00Z,0.074074,0.142857,0.142857,0.273973,0.322581,0.325733
2015-09-26,Shinsho Anzai,Roger Zapata,,kaggle_mdabbert_bestfightodds,,2024-12-14T00:00:00Z,0.259067,0.083333,0.257069,0.292398,0.105263,0.2
2015-09-26,Keita Nakamura,Li Jingliang,,kaggle_mdabbert_bestfightodds,,2024-12-14T00:00:00Z,0.07874,0.108108,0.17762,0.235294,0.120337,0.555556
2015-10-03,Daniel Cormier,Alexander Gustafsson,,kaggle_mdabbert_bestfightodds,,2024-12-14T00:00:00Z,0.2,0.266667,0.37037,0.16,0.0625,0.173913
2015-10-03,Joseph Benavidez,Ali Bagautinov,,kaggle_mdabbert_bestfightodds,,2024-12-14T00:00:00Z,0.142857,0.181818,0.565217,0.111111,0.074074,0.172414
2015-10-03,Ryan Bader,Rashad Evans,,kaggle_mdabbert_bestfightodds,,2024-12-14T00:00:00Z,0.137931,0.068966,0.357143,0.190476,0.105263,0.377358
2015-10-03,Shawn Jordan,Ruslan Magomedov,,kaggle_mdabbert_bestfightodds,,2024-12-14T00:00:00Z,0.307692,0.058824,0.125,0.363636,0.117647,0.273973
2015-10-03,Jessica Eye,Julianna Pena,,kaggle_mdabbert_bestfightodds,,2024-12-14T00:00:00Z,0.108108,0.052632,0.25,0.2,0.181818,0.444444
2015-10-03,Chris Cariaso,Sergio Pettis,,kaggle_mdabbert_bestfightodds,,2024-12-14T00:00:00Z,0.123457,0.066667,0.266667,0.192308,0.093458,0.444444
2015-10-03,Alan Jouban,Albert Tumenov,,kaggle_mdabbert_bestfightodds,,2024-12-14T00:00:00Z,0.174216,0.0625,0.152905,0.392157,0.071429,0.334448
2015-10-03,Adriano Martins,Islam Makhachev,,kaggle_mdabbert_bestfightodds,,2024-12-14T00:00:00Z,0.148148,0.072569,0.3125,0.235294,0.151057,0.286533
2015-10-03,Rose Namajunas,Angela Hill,,kaggle_mdabbert_bestfightodds,,2024-12-14T00:00:00Z,0.10929,0.377358,0.30303,0.092507,0.0625,0.233645
2015-10-03,Francisco Trevino,Sage Northcutt,,kaggle_mdabbert_bestfightodds,,2024-12-14T00:00:00Z,0.097561,0.046404,0.134771,0.263158,0.273973,0.384615
2015-10-03,Derrick Lewis,Viktor Pesta,,kaggle_mdabbert_bestfightodds,,2024-12-14T00:00:00Z,0.367647,0.04,0.060606,0.377358,0.181818,0.16
2015-10-03,Yair Rodriguez,Dan Hooker,,kaggle_mdabbert_bestfightodds,,2024-12-14T00:00:00Z,0.196078,0.187266,0.425532,0.164474,0.08,0.144092
2015-10-24,Paddy Holohan,Louis Smolka,,kaggle_mdabbert_bestfightodds,,2024-12-14T00:00:00Z,0.076336,0.111111,0.3003,0.120337,0.217391,0.350877
2015-10-24,Norman Parke,Reza Madadi,,kaggle_mdabbert_bestfightodds,,2024-12-14T00:00:00Z,0.127389,0.114943,0.574468,0.051282,0.173913,0.190114
2015-10-24,Neil Seery,Jon Delos Reyes,,kaggle_mdabbert_bestfightodds,,2024-12-14T00:00:00Z,0.178571,0.171527,0.285714,0.176991,0.169492,0.245098
2015-10-24,Stevie Ray,Mickael Lebout,,kaggle_mdabbert_bestfightodds,,2024-12-14T00:00:00Z,0.235294,0.180832,0.565217,0.047506,0.074074,0.143885
2015-10-24,Scott Askham,Krzysztof Jotko,,kaggle_mdabbert_bestfightodds,,2024-12-14T00:00:00Z,0.263158,0.122249,0.307692,0.136054,0.078125,0.327869
2015-10-24,Cathal Pendred,Tom Breese,,kaggle_mdabbert_bestfightodds,,2024-12-14T00:00:00Z,0.05,0.111111,0.238095,0.253165,0.18018,0.383142
2015-10-24,Darren Elkins,Rob Whiteford,,kaggle_mdabbert_bestfightodds,,2024-12-14T00:00:00Z,0.099602,0.166667,0.5,0.192308,0.090498,0.215054
2015-10-24,Bubba Bush,Garreth McLellan,,kaggle_mdabbert_bestfightodds,,2024-12-14T00:00:00Z,0.294118,0.240964,0.294118,0.1,0.080321,0.168067
2015-10-24,Aisling Daly,Ericka Almeida,,kaggle_mdabbert_bestfightodds,,2024-12-14T00:00:00Z,0.069444,0.105263,0.408163,0.067114,0.25,0.271003
2015-11-07,Gilbert Burns,Rashid Magomedov,,kaggle_mdabbert_bestfightodds,,2024-12-14T00:00:00Z,0.036036,0.183486,0.206186,0.222222,0.129534,0.406504
2015-11-07,Vitor Belfort,Dan Henderson,,kaggle_mdabbert_bestfightodds,,2024-12-14T00:00:00Z,0.666667,0.105263,0.1,0.25,0.042463,0.065789
2015-11-07,Glover Teixeira,Patrick Cummins,,kaggle_mdabbert_bestfightodds,,2024-12-14T00:00:00Z,0.5,0.266667,0.235294,0.065147,0.052632,0.173913
2015-11-07,Thomas Almeida,Anthony Birchak,,kaggle_mdabbert_bestfightodds,,2024-12-14T00:00:00Z,0.487805,0.142857,0.307692,0.134228,0.076923,0.111111
2015-11-07,Alex Oliveira,Piotr Hallmann,,kaggle_mdabbert_bestfightodds,,2024-12-14T00:00:00Z,0.235294,0.181818,0.416667,0.076923,0.117647,0.25974
2015-11-07,Fabio Maldonado,Corey Anderson,,kaggle_mdabbert_bestfightodds,,2024-12-14T00:00:00Z,0.111111,0.038462,0.112994,0.235294,0.145985,0.642857
2015-11-07,Viscardi Andrade,Gasan Umalatov,,kaggle_mdabbert_bestfightodds,,2024-12-14T00:00:00Z,0.183486,0.169492,0.222222,0.131579,0.072727,0.408163
2015-11-07,Yan Cabral,Johnny Case,,kaggle_mdabbert_bestfightodds,,2024-12-14T00:00:00Z,0.040486,0.2,0.16129,0.294118,0.123001,0.434783
2015-11-07,Clay Guida,Thiago Tavares,,kaggle_mdabbert_bestfightodds,,2024-12-14T00:00:00Z,0.125,0.084388,0.512195,0.090909,0.25,0.238095
2015-11-07,Kevin Souza,Chas Skelly,,kaggle_mdabbert_bestfightodds,,2024-12-14T00:00:00Z,0.222222,0.055402,0.181488,0.108696,0.294118,0.318471
2015-11-07,Pedro Munhoz,Jimmie Rivera,,kaggle_mdabbert_bestfightodds,,2024-12-14T00:00:00Z,0.166667,0.214592,0.363636,0.149254,0.058309,0.277778
2015-11-07,Bruno Korea,Matheus Nicolau,,kaggle_mdabbert_bestfightodds,,2024-12-14T00:00:00Z,0.108108,0.149031,0.222222,0.110497,0.16,0.478469
2015-11-07,Gleison Tibau,Abel Trujillo,,kaggle_mdabbert_bestfightodds,,2024-12-14T00:00:00Z,0.132979,0.2,0.37037,0.384615,0.052632,0.153846
2015-11-14,Stefan Struve,Jared Rosholt,,kaggle_mdabbert_bestfightodds,,2024-12-14T00:00:00Z,0.333333,0.235294,0.142857,0.129032,0.0625,0.344828
2015-11-14,Ronda Rousey,Holly Holm,,kaggle_mdabbert_bestfightodds,,2024-12-14T00:00:00Z,0.238095,0.649123,0.067114,0.083333,0.032258,0.047619
2015-11-14,Joanna Jedrzejczyk,Valerie Letourneau,,kaggle_mdabbert_bestfightodds,,2024-12-14T00:00:00Z,0.75,0.066667,0.222222,0.052632,0.04,0.045455
2015-11-14,Mark Hunt,Antonio Silva,,kaggle_mdabbert_bestfightodds,,2024-12-14T00:00:00Z,0.655172,0.032258,0.111111,0.192308,0.088496,0.115607
2015-11-14,Uriah Hall,Robert Whittaker,,kaggle_mdabbert_bestfightodds,,2024-12-14T00:00:00Z,0.344828,0.086957,0.266667,0.2,0.0625,0.266667
2015-11-14,Jake Matthews,Akbarh Arreola,,kaggle_mdabbert_bestfightodds,,2024-12-14T00:00:00Z,0.333333,0.294118,0.395257,0.039139,0.067568,0.064893
2015-11-14,James Moontasri,Anton Zafir,,kaggle_mdabbert_bestfightodds,,2024-12-14T00:00:00Z,0.333333,0.206186,0.3367,0.054054,0.08,0.17762
2015-11-14,Anthony Perosh,Gian Villante,,kaggle_mdabbert_bestfightodds,,2024-12-14T00:00:00Z,0.111111,0.129032,0.064516,0.642857,0.0625,0.181818
2015-11-14,Richie Vaculik,Danny Martinez,,kaggle_mdabbert_bestfightodds,,2024-12-14T00:00:00Z,0.072727,0.153846,0.350877,0.215054,0.084388,0.314465
2015-11-14,Daniel Kelly,Steve Montgomery,,kaggle_mdabbert_bestfightodds,,2024-12-14T00:00:00Z,0.129032,0.190114,0.084746,0.583333,0.125,0.172117
2015-11-14,Richard Walsh,Steve Kennedy,,kaggle_mdabbert_bestfightodds,,2024-12-14T00:00:00Z,0.358423,0.083333,0.420168,0.060606,0.06993,0.187266
2015-11-14,Ben Nguyen,Ryan Benoit,,kaggle_mdabbert_bestfightodds,,2024-12-14T00:00:00Z,0.243902,0.101523,0.288184,0.224719,0.095147,0.228311
2015-11-14,Kyle Noke,Peter Sobotta,,kaggle_mdabbert_bestfightodds,,2024-12-14T00:00:00Z,0.086207,0.037037,0.307692,0.140845,0.232558,0.392157
2015-11-21,Neil Magny,Kelvin Gastelum,,kaggle_mdabbert_bestfightodds,,2024-12-14T00:00:00Z,0.148148,0.090909,0.15748,0.227273,0.3125,0.333333
2015-11-21,Ricardo Lamas,Diego Sanchez,,kaggle_mdabbert_bestfightodds,,2024-12-14T00:00:00Z,0.25,0.166667,0.534884,0.090909,0.0625,0.136054
2015-11-21,Jussier Formiga,Henry Cejudo,,kaggle_mdabbert_bestfightodds,,2024-12-14T00:00:00Z,0.041667,0.127877,0.1,0.232558,0.058824,0.661017
2015-11-21,Erick Montano,Enrique Marin,,kaggle_mdabbert_bestfightodds,,2024-12-14T00:00:00Z,0.148148,0.153846,0.174825,0.16129,0.212314,0.37037
2015-11-21,Horacio Gutierrez,Enrique Barzola,,kaggle_mdabbert_bestfightodds,,2024-12-14T00:00:00Z,0.30303,0.096899,0.323625,0.11236,0.125,0.251256
2015-11-21,Efrain Escudero,Leandro Silva,,kaggle_mdabbert_bestfightodds,,2024-12-14T00:00:00Z,0.114943,0.102041,0.30303,0.176991,0.136054,0.37037
2015-11-21,Erik Perez,Taylor Lapilus,,kaggle_mdabbert_bestfightodds,,2024-12-14T00:00:00Z,0.135135,0.188324,0.333333,0.140845,0.097087,0.328947
2015-11-21,Alejandro Perez,Scott Jorgensen,,kaggle_mdabbert_bestfightodds,,2024-12-14T00:00:00Z,0.135135,0.188324,0.333333,0.108108,0.142857,0.384615
2015-11-21,Gabriel Benitez,Andre Fili,,kaggle_mdabbert_bestfightodds,,2024-12-14T00:00:00Z,0.06135,0.105263,0.255754,0.181818,0.224719,0.377358
2015-11-21,Vernon Ramos,Alvaro Herrera,,kaggle_mdabbert_bestfightodds,,2024-12-14T00:00:00Z,0.181488,0.357143,0.222222,0.222222,0.124224,0.210526
2015-11-21,Cesar Arzamendia,Polo Reyes,,kaggle_mdabbert_bestfightodds,,2024-12-14T00:00:00Z,0.363636,0.159744,0.21978,0.181818,0.084746,0.19305
2015-11-21,Valmir Lazaro,Michel Prazeres,,kaggle_mdabbert_bestfightodds,,2024-12-14T00:00:00Z,0.194175,0.096618,0.277778,0.064516,0.165563,0.408163
2015-11-21,Hector Urbina,Bartosz Fabinski,,kaggle_mdabbert_bestfightodds,,2024-12-14T00:00:00Z,0.078431,0.137931,0.25641,0.217391,0.130719,0.392157
2015-11-28,Dooho Choi,Sam Sicilia,,kaggle_mdabbert_bestfightodds,,2024-12-14T00:00:00Z,0.52381,0.112613,0.166945,0.155039,0.093023,0.176991
2015-11-28,Dong Hyun Kim,Dominic Waters,,kaggle_mdabbert_bestfightodds,,2024-12-14T00:00:00Z,0.307692,0.217391,0.469484,0.074074,0.057143,0.080064
2015-11-28,Yoshihiro Akiyama,Alberto Mina,,kaggle_mdabbert_bestfightodds,,2024-12-14T00:00:00Z,0.222222,0.121803,0.348432,0.196078,0.176056,0.151515
2015-11-28,Dongi Yang,Jake Collier,,kaggle_mdabbert_bestfightodds,,2024-12-14T00:00:00Z,0.266667,0.071276,0.2,0.18018,0.108696,0.37594
2015-11-28,Benson Henderson,Jorge Masvidal,,kaggle_mdabbert_bestfightodds,,2024-12-14T00:00:00Z,0.150376,0.141844,0.50495,0.114286,0.142045,0.2
2015-11-28,Tae Hyun Bang,Leo Kuntz,,kaggle_mdabbert_bestfightodds,,2024-12-14T00:00:00Z,0.16,0.121359,0.153846,0.2,0.285714,0.344828
2015-11-28,Seohee Ham,Cortney Casey,,kaggle_mdabbert_bestfightodds,,2024-12-14T00:00:00Z,0.086957,0.063694,0.357143,0.186916,0.169492,0.334448
2015-11-28,Yao Zhikui,Fredy Serrano,,kaggle_mdabbert_bestfightodds,,2024-12-14T00:00:00Z,0.12987,0.080321,0.285714,0.243902,0.06689,0.373134
2015-11-28,Ning Guangyou,Marco Beltran,,kaggle_mdabbert_bestfightodds,,2024-12-14T00:00:00Z,0.273973,0.083333,0.357143,0.108108,0.121212,0.25641
2015-11-28,Dominique Steele,Dong Hyun Ma,,kaggle_mdabbert_bestfightodds,,2024-12-14T00:00:00Z,0.155763,0.192308,0.297619,0.238095,0.088261,0.21645
2015-11-28,Yui Chul Nam,Mike de la Torre,,kaggle_mdabbert_bestfightodds,,2024-12-14T00:00:00Z,0.217391,0.057971,0.31348,0.240964,0.1,0.246914
2015-12-10,Jim Miller,Michael Chiesa,,kaggle_mdabbert_bestfightodds,,2024-12-14T00:00:00Z,0.095238,0.192308,0.357143,0.129032,0.166667,0.307692
2015-12-10,Sage Northcutt,Cody Pfister,,kaggle_mdabbert_bestfightodds,,2024-12-14T00:00:00Z,0.52381,0.331126,0.239234,0.071429,0.04,0.066667
2015-12-10,Elias Theodorou,Thiago Santos,,kaggle_mdabbert_bestfightodds,,2024-12-14T00:00:00Z,0.204082,0.185185,0.383142,0.222222,0.07326,0.170648
2015-12-10,Tim Means,John Howard,,kaggle_mdabbert_bestfightodds,,2024-12-14T00:00:00Z,0.350877,0.115207,0.421941,0.074074,0.070522,0.181818
2015-12-10,Rose Namajunas,Paige VanZant,,kaggle_mdabbert_bestfightodds,,2024-12-14T00:00:00Z,0.095238,0.285714,0.142857,,,
2015-12-10,Aljamain Sterling,Johnny Eduardo,,kaggle_mdabbert_bestfightodds,,2024-12-14T00:00:00Z,0.195695,0.344828,0.444444,0.095238,0.041754,0.10846
2015-12-10,Santiago Ponzinibbio,Andreas Stahl,,kaggle_mdabbert_bestfightodds,,2024-12-14T00:00:00Z,0.289855,0.117096,0.35461,0.089286,0.06689,0.27027
2015-12-10,Danny Roberts,Nathan Coy,,kaggle_mdabbert_bestfightodds,,2024-12-14T00:00:00Z,0.384615,0.085106,0.208333,0.126582,0.15748,0.333333
2015-12-10,Zubaira Tukhugov,Phillipe Nover,,kaggle_mdabbert_bestfightodds,,2024-12-14T00:00:00Z,0.357143,0.065574,0.454545,0.060606,0.093023,0.176991
2015-12-10,Kailin Curran,Emily Peters Kagan,,kaggle_mdabbert_bestfightodds,,2024-12-14T00:00:00Z,0.20202,0.151286,0.555556,0.057971,0.052219,0.210526
2015-12-10,Omari Akhmedov,Sergio Moraes,,kaggle_mdabbert_bestfightodds,,2024-12-14T00:00:00Z,0.3125,0.04902,0.333333,0.068966,0.266667,0.190476
2015-12-11,Frankie Edgar,Chad Mendes,,kaggle_mdabbert_bestfightodds,,2024-12-14T00:00:00Z,0.153846,0.076923,0.425532,0.235294,0.076923,0.25
2015-12-11,Artem Lobov,Ryan Hall,,kaggle_mdabbert_bestfightodds,,2024-12-14T00:00:00Z,0.392157,0.072569,0.238095,0.082781,0.333333,0.117647
2015-12-11,Edson Barboza,Tony Ferguson,,kaggle_mdabbert_bestfightodds,,2024-12-14T00:00:00Z,0.173913,0.068966,0.235294,0.235294,0.25,0.285714
2015-12-11,Joe Lauzon,Evan Dunham,,kaggle_mdabbert_bestfightodds,,2024-12-14T00:00:00Z,0.16,0.181818,0.2,0.148148,0.117647,0.444444
2015-12-11,Tatsuya Kawajiri,Jason Knight,,kaggle_mdabbert_bestfightodds,,2024-12-14T00:00:00Z,0.125,0.289855,0.454545,0.079681,0.166667,0.189036
2015-12-11,Gabriel Gonzaga,Konstantin Erokhin,,kaggle_mdabbert_bestfightodds,,2024-12-14T00:00:00Z,0.25,0.263158,0.111111,0.5,0.0625,0.072939
2015-12-11,Ryan LaFlare,Mike Pierce,,kaggle_mdabbert_bestfightodds,,2024-12-14T00:00:00Z,,,,0.125,0.063816,0.235294
2015-12-11,Joby Sanchez,Geane Herrera,,kaggle_mdabbert_bestfightodds,,2024-12-14T00:00:00Z,0.190476,0.1,0.322581,0.121212,0.177305,0.292398
2015-12-11,Chris Gruetzemacher,Abner Lloveras,,kaggle_mdabbert_bestfightodds,,2024-12-14T00:00:00Z,0.142857,0.12987,0.408163,0.15625,0.133156,0.277778
2015-12-11,Julian Erosa,Marcin Wrzosek,,kaggle_mdabbert_bestfightodds,,2024-12-14T00:00:00Z,0.172414,0.09901,0.343643,0.222222,0.084034,0.321543
2015-12-12,Jose Aldo,Conor McGregor,,kaggle_mdabbert_bestfightodds,,2024-12-14T00:00:00Z,0.227273,0.142857,0.222222,0.425532,0.058824,0.142857
2015-12-12,Chris Weidman,Luke Rockhold,,kaggle_mdabbert_bestfightodds,,2024-12-14T00:00:00Z,0.273973,0.125,0.285714,0.16,0.173913,0.210526
2015-12-12,Jacare Souza,Yoel Romero,,kaggle_mdabbert_bestfightodds,,2024-12-14T00:00:00Z,0.140845,0.266667,0.322581,0.322581,0.038462,0.173913
2015-12-12,Demian Maia,Gunnar Nelson,,kaggle_mdabbert_bestfightodds,,2024-12-14T00:00:00Z,0.090909,0.190476,0.363636,0.166667,0.125,0.285714
2015-12-12,Urijah Faber,Frankie Saenz,,kaggle_mdabbert_bestfightodds,,2024-12-14T00:00:00Z,0.181818,0.37037,0.444444,0.047619,0.038462,0.148148
2015-12-12,Max Holloway,Jeremy Stephens,,kaggle_mdabbert_bestfightodds,,2024-12-14T00:00:00Z,0.266667,0.16,0.52381,0.129032,0.047619,0.090909
2015-12-12,Warlley Alves,Colby Covington,,kaggle_mdabbert_bestfightodds,,2024-12-14T00:00:00Z,0.133333,0.222222,0.25,0.16,0.117647,0.363636
2015-12-12,Leonardo Santos,Kevin Lee,,kaggle_mdabbert_bestfightodds,,2024-12-14T00:00:00Z,0.04158,0.065147,0.127389,0.235294,0.240385,0.469484
2015-12-12,Joe Proctor,Magomed Mustafaev,,kaggle_mdabbert_bestfightodds,,2024-12-14T00:00:00Z,0.076046,0.061728,0.176991,0.37037,0.127389,0.377358
2015-12-12,John Makdessi,Yancy Medeiros,,kaggle_mdabbert_bestfightodds,,2024-12-14T00:00:00Z,0.350877,0.070922,0.282486,0.155039,0.134228,0.215054
2015-12-12,Court McGee,Marcio Alexandre Junior,,kaggle_mdabbert_bestfightodds,,2024-12-14T00:00:00Z,0.142857,0.182149,0.416667,,,
2015-12-12,Tecia Torres,Jocelyn Jones-Lybarger,,kaggle_mdabbert_bestfightodds,,2024-12-14T00:00:00Z,0.142857,0.111111,0.62963,0.12987,0.095147,0.137931
2015-12-19,Rafael Dos Anjos,Donald Cerrone,,kaggle_mdabbert_bestfightodds,,2024-12-14T00:00:00Z,0.173913,0.142857,0.454545,0.190476,0.125,0.153846
2015-12-19,Junior Dos Santos,Alistair Overeem,,kaggle_mdabbert_bestfightodds,,2024-12-14T00:00:00Z,0.666667,0.052632,0.142857,0.166667,0.052632,0.153846
2015-12-19,Michael Johnson,Nate Diaz,,kaggle_mdabbert_bestfightodds,,2024-12-14T00:00:00Z,0.261097,0.071429,0.530516,0.076923,0.153846,0.111111
2015-12-19,Randa Markos,Karolina Kowalkiewicz,,kaggle_mdabbert_bestfightodds,,2024-12-14T00:00:00Z,0.06006,0.186916,0.454545,0.103093,0.090498,0.285714
2015-12-19,Charles Oliveira,Myles Jury,,kaggle_mdabbert_bestfightodds,,2024-12-14T00:00:00Z,0.083333,0.240964,0.153846,0.307692,0.081301,0.3125
2015-12-19,CB Dollaway,Nate Marquardt,,kaggle_mdabbert_bestfightodds,,2024-12-14T00:00:00Z,0.416667,0.134048,0.353357,0.125,0.090909,0.117233
2015-12-19,Sarah Kaufman,Valentina Shevchenko,,kaggle_mdabbert_bestfightodds,,2024-12-14T00:00:00Z,0.149254,0.075758,0.434783,0.17094,0.084388,0.277778
2015-12-19,Josh Samman,Tamdan McCrory,,kaggle_mdabbert_bestfightodds,,2024-12-14T00:00:00Z,0.263158,0.221729,0.263158,0.20202,0.166667,0.125
2015-12-19,Nik Lentz,Danny Castillo,,kaggle_mdabbert_bestfightodds,,2024-12-14T00:00:00Z,0.148148,0.097276,0.37037,0.145985,0.098522,0.321543
2015-12-19,Kamaru Usman,Leon Edwards,,kaggle_mdabbert_bestfightodds,,2024-12-14T00:00:00Z,0.16,0.194553,0.478469,0.222222,0.060606,0.166113
2015-12-19,Hayder Hassan,Vicente Luque,,kaggle_mdabbert_bestfightodds,,2024-12-14T00:00:00Z,0.303951,0.065574,0.176991,0.142857,0.15873,0.359712
2015-12-19,Francis Ngannou,Luis Henrique,,kaggle_mdabbert_bestfightodds,,2024-12-14T00:00:00Z,0.384615,0.17301,0.110619,0.235294,0.155039,0.155521
2016-01-02,Robbie Lawler,Carlos Condit,,kaggle_mdabbert_bestfightodds,,2024-12-14T00:00:00Z,0.266667,0.047619,0.285714,0.235294,0.117647,0.25
2016-01-02,Stipe Miocic,Andrei Arlovski,,kaggle_mdabbert_bestfightodds,,2024-12-14T00:00:00Z,0.392157,0.052632,0.333333,0.208333,0.052632,0.166667
2016-01-02,Lorenz Larkin,Albert Tumenov,,kaggle_mdabbert_bestfightodds,,2024-12-14T00:00:00Z,0.153846,0.052632,0.190476,0.487805,0.0625,0.25
2016-01-02,Diego Brandao,Brian Ortega,,kaggle_mdabbert_bestfightodds,,2024-12-14T00:00:00Z,0.142857,0.090909,0.222222,0.25,0.30303,0.210526
2016-01-02,Abel Trujillo,Tony Sims,,kaggle_mdabbert_bestfightodds,,2024-12-14T00:00:00Z,0.294118,0.054795,0.186916,0.363636,0.115207,0.208333
2016-01-02,Sheldon Westcott,Edgar Garcia,,kaggle_mdabbert_bestfightodds,,2024-12-14T00:00:00Z,0.146843,0.363636,0.207039,0.208333,0.097087,0.181818
2016-01-02,Kyle Noke,Alex Morono,,kaggle_mdabbert_bestfightodds,,2024-12-14T00:00:00Z,0.206186,0.128041,0.5,0.138889,0.09311,0.105263
2016-01-02,Justine Kish,Nina Ansaroff,,kaggle_mdabbert_bestfightodds,,2024-12-14T00:00:00Z,0.141844,0.141443,0.492611,,,
2016-01-02,Scott Holtzman,Drew Dober,,kaggle_mdabbert_bestfightodds,,2024-12-14T00:00:00Z,0.210526,0.129032,0.408163,0.074074,0.061728,0.294118
2016-01-02,Dustin Poirier,Joe Duffy,,kaggle_mdabbert_bestfightodds,,2024-12-14T00:00:00Z,0.2,0.108108,0.181818,0.333333,0.235294,0.181818
2016-01-02,Joe Soto,Michinori Tanaka,,kaggle_mdabbert_bestfightodds,,2024-12-14T00:00:00Z,0.148148,0.11655,0.286533,0.15625,0.153846,0.361011
2016-01-02,Michael McDonald,Masanori Kanehara,,kaggle_mdabbert_bestfightodds,,2024-12-14T00:00:00Z,0.512195,0.133333,0.30303,0.067114,0.039604,0.138889
2016-01-17,TJ Dillashaw,Dominick Cruz,,kaggle_mdabbert_bestfightodds,,2024-12-14T00:00:00Z,0.238095,0.068966,0.37037,0.166667,0.066667,0.307692
2016-01-17,Anthony Pettis,Eddie Alvarez,,kaggle_mdabbert_bestfightodds,,2024-12-14T00:00:00Z,0.307692,0.235294,0.333333,0.090909,0.052632,0.2
2016-01-17,Patrick Cote,Ben Saunders,,kaggle_mdabbert_bestfightodds,,2024-12-14T00:00:00Z,0.20202,0.048662,0.307692,0.149031,0.224719,0.266667
2016-01-17,Ross Pearson,Francisco Trinaldo,,kaggle_mdabbert_bestfightodds,,2024-12-14T00:00:00Z,0.176991,0.044444,0.429185,0.173913,0.141844,0.25
2016-01-17,Tim Boetsch,Ed Herman,,kaggle_mdabbert_bestfightodds,,2024-12-14T00:00:00Z,0.327869,0.108225,0.285714,0.1,0.166667,0.227273
2016-01-17,Travis Browne,Matt Mitrione,,kaggle_mdabbert_bestfightodds,,2024-12-14T00:00:00Z,0.454545,0.166667,0.1,0.37037,0.047619,0.1
2016-01-17,Maximo Blanco,Luke Sanders,,kaggle_mdabbert_bestfightodds,,2024-12-14T00:00:00Z,0.25,0.08658,0.292398,0.148148,0.084746,0.344828
2016-01-17,Paul Felder,Daron Cruickshank,,kaggle_mdabbert_bestfightodds,,2024-12-14T00:00:00Z,0.434783,0.1,0.31348,0.133333,0.044346,0.20202
2016-01-17,Ilir Latifi,Sean O'Connell,,kaggle_mdabbert_bestfightodds,,2024-12-14T00:00:00Z,0.416667,0.196078,0.222222,0.176991,0.072202,0.133333
2016-01-17,Charles Rosa,Kyle Bochniak,,kaggle_mdabbert_bestfightodds,,2024-12-14T00:00:00Z,0.188679,0.357143,0.268817,0.133333,0.071942,0.186916
2016-01-17,Rob Font,Joey Gomez,,kaggle_mdabbert_bestfightodds,,2024-12-14T00:00:00Z,0.4,0.1,0.251889,0.238095,0.076453,0.107527
2016-01-17,Francimar Barroso,Elvis Mutapcic,,kaggle_mdabbert_bestfightodds,,2024-12-14T00:00:00Z,0.150376,0.093897,0.253165,0.285714,0.117096,0.293255
2016-01-17,Chris Wade,Mehdi Baghdad,,kaggle_mdabbert_bestfightodds,,2024-12-14T00:00:00Z,0.088889,0.266667,0.526066,0.142857,0.048662,0.13245
2016-01-30,Anthony Johnson,Ryan Bader,,kaggle_mdabbert_bestfightodds,,2024-12-14T00:00:00Z,0.666667,0.0625,0.1,0.095238,0.129032,0.137931
2016-01-30,Josh Barnett,Ben Rothwell,,kaggle_mdabbert_bestfightodds,,2024-12-14T00:00:00Z,0.125,0.285714,0.277778,0.307692,0.076923,0.148148
2016-01-30,Iuri Alcantara,Jimmie Rivera,,kaggle_mdabbert_bestfightodds,,2024-12-14T00:00:00Z,0.178571,0.174216,0.166945,0.155763,0.043478,0.512195
2016-01-30,Sage Northcutt,Bryan Barberena,,kaggle_mdabbert_bestfightodds,,2024-12-14T00:00:00Z,0.344828,0.235294,0.294118,0.173913,0.104275,0.121951
2016-01-30,Tarec Saffiedine,Jake Ellenberger,,kaggle_mdabbert_bestfightodds,,2024-12-14T00:00:00Z,0.2,0.096246,0.530516,0.181818,0.064935,0.15748
2016-01-30,Rafael Natal,Kevin Casey,,kaggle_mdabbert_bestfightodds,,2024-12-14T00:00:00Z,0.153846,0.116959,0.416667,0.223214,0.153846,0.116279
2016-01-30,Dustin Ortiz,Wilson Reis,,kaggle_mdabbert_bestfightodds,,2024-12-14T00:00:00Z,0.181818,0.111111,0.565217,0.072727,0.130719,0.194175
2016-01-30,George Sullivan,Alexander Yakovlev,,kaggle_mdabbert_bestfightodds,,2024-12-14T00:00:00Z,0.190476,0.05571,0.30303,0.112994,0.125,0.408163
2016-01-30,Alex Caceres,Masio Fullen,,kaggle_mdabbert_bestfightodds,,2024-12-14T00:00:00Z,0.181818,0.416667,0.31746,0.166667,0.071429,0.198807
2016-01-30,Matt Dwyer,Randy Brown,,kaggle_mdabbert_bestfightodds,,2024-12-14T00:00:00Z,0.294118,0.109769,0.131579,0.307692,0.16129,0.19685
2016-01-30,Anthony Rocco Martin,Felipe Olivieri,,kaggle_mdabbert_bestfightodds,,2024-12-14T00:00:00Z,0.111359,0.363636,0.222222,0.15873,0.144928,0.21645
2016-01-30,Olivier Aubin-Mercier,Diego Ferreira,,kaggle_mdabbert_bestfightodds,,2024-12-14T00:00:00Z,0.141844,0.143885,0.583333,0.133333,0.131579,0.149254
2016-02-06,Joseph Benavidez,Zach Makovsky,,kaggle_mdabbert_bestfightodds,,2024-12-14T00:00:00Z,0.10989,0.188679,0.596774,0.081633,0.04662,0.15748
2016-02-06,Johny Hendricks,Stephen Thompson,,kaggle_mdabbert_bestfightodds,,2024-12-14T00:00:00Z,0.3125,0.087336,0.393701,0.222222,0.045455,0.136612
2016-02-06,Roy Nelson,Jared Rosholt,,kaggle_mdabbert_bestfightodds,,2024-12-14T00:00:00Z,0.5,0.05814,0.094251,0.146628,0.052632,0.377358
2016-02-06,Ovince Saint Preux,Rafael Feijao,,kaggle_mdabbert_bestfightodds,,2024-12-14T00:00:00Z,0.565217,0.190114,0.147275,,,
2016-02-06,Misha Cirkunov,Alex Nicholson,,kaggle_mdabbert_bestfightodds,,2024-12-14T00:00:00Z,0.37037,0.526066,0.122249,0.111111,0.049875,0.054054
2016-02-06,Artem Lobov,Alex White,,kaggle_mdabbert_bestfightodds,,2024-12-14T00:00:00Z,0.357143,0.071429,0.244499,0.212766,0.147929,0.189753
2016-02-06,Joshua Burkman,KJ Noons,,kaggle_mdabbert_bestfightodds,,2024-12-14T00:00:00Z,0.152905,0.266667,0.248139,0.25,0.067797,0.235294
2016-02-06,Derrick Lewis,Damian Grabowski,,kaggle_mdabbert_bestfightodds,,2024-12-14T00:00:00Z,0.384615,0.088106,0.127389,0.232558,0.222222,0.181818
2016-02-06,Ray Borg,Justin Scoggins,,kaggle_mdabbert_bestfightodds,,2024-12-14T00:00:00Z,0.091659,0.322581,0.355872,0.095238,0.042463,0.238095
2016-02-06,Noad Lahat,Diego Rivas,,kaggle_mdabbert_bestfightodds,,2024-12-14T00:00:00Z,0.141243,0.454545,0.280112,0.078431,0.049505,0.185185
2016-02-06,Mickey Gall,Mike Jackson,,kaggle_mdabbert_bestfightodds,,2024-12-14T00:00:00Z,0.231481,0.555556,0.155521,0.105263,0.054945,0.095238
2016-02-06,Mike Pyle,Sean Spencer,,kaggle_mdabbert_bestfightodds,,2024-12-14T00:00:00Z,0.146199,0.25,0.182149,0.294118,0.07874,0.31746
2016-02-21,Chris Camozzi,Joe Riggs,,kaggle_mdabbert_bestfightodds,,2024-12-14T00:00:00Z,0.246914,0.161551,0.384615,0.090909,0.1,0.230415
2016-02-21,Donald Cerrone,Alex Oliveira,,kaggle_mdabbert_bestfightodds,,2024-12-14T00:00:00Z,0.25974,0.340136,0.221729,0.190476,0.076923,0.124224
2016-02-21,Derek Brunson,Roan Carneiro,,kaggle_mdabbert_bestfightodds,,2024-12-14T00:00:00Z,0.454545,0.114811,0.344828,0.124224,0.115075,0.07758
2016-02-21,Cody Garbrandt,Augusto Mendes,,kaggle_mdabbert_bestfightodds,,2024-12-14T00:00:00Z,0.52381,0.108225,0.294118,0.050633,0.142857,0.173913
2016-02-21,Dennis Bermudez,Tatsuya Kawajiri,,kaggle_mdabbert_bestfightodds,,2024-12-14T00:00:00Z,0.222222,0.235294,0.462963,0.054795,0.1,0.17094
2016-02-21,James Krause,Shane Campbell,,kaggle_mdabbert_bestfightodds,,2024-12-14T00:00:00Z,0.181818,0.246914,0.248756,0.206186,0.072464,0.227273
2016-02-21,Anthony Hamilton,Shamil Abdurakhimov,,kaggle_mdabbert_bestfightodds,,2024-12-14T00:00:00Z,0.327869,0.081633,0.154083,0.3125,0.135135,0.19084
2016-02-21,Daniel Sarafian,Oluwale Bamgbose,,kaggle_mdabbert_bestfightodds,,2024-12-14T00:00:00Z,0.190476,0.37037,0.136986,0.327869,0.066667,0.107411
2016-02-21,Anthony Smith,Leonardo Augusto Leleco,,kaggle_mdabbert_bestfightodds,,2024-12-14T00:00:00Z,0.262467,0.133333,0.265252,0.229885,0.178891,0.146199
2016-02-21,Jonavin Webb,Nathan Coy,,kaggle_mdabbert_bestfightodds,,2024-12-14T00:00:00Z,0.294118,0.290698,0.289855,0.09009,0.057143,0.225734
2016-02-21,Marion Reneau,Ashlee Evans-Smith,,kaggle_mdabbert_bestfightodds,,2024-12-14T00:00:00Z,0.2,0.246914,0.301205,0.190476,0.085106,0.192308
2016-02-21,Lauren Murphy,Kelly Faszholz,,kaggle_mdabbert_bestfightodds,,2024-12-14T00:00:00Z,0.210526,0.13089,0.516908,0.058309,0.074074,0.201207
2016-02-21,Alex Garcia,Sean Strickland,,kaggle_mdabbert_bestfightodds,,2024-12-14T00:00:00Z,0.138889,0.151515,0.350877,0.172117,0.11976,0.289017
2016-02-27,Anderson Silva,Michael Bisping,,kaggle_mdabbert_bestfightodds,,2024-12-14T00:00:00Z,0.512195,0.141844,0.25974,0.176991,0.034188,0.180505
2016-02-27,Gegard Mousasi,Thales Leites,,kaggle_mdabbert_bestfightodds,,2024-12-14T00:00:00Z,0.222222,0.11976,0.583333,0.074349,0.116959,0.151286
2016-02-27,Tom Breese,Keita Nakamura,,kaggle_mdabbert_bestfightodds,,2024-12-14T00:00:00Z,0.636364,0.194175,0.168634,0.05,0.0625,0.0625
2016-02-27,Francisco Rivera,Brad Pickett,,kaggle_mdabbert_bestfightodds,,2024-12-14T00:00:00Z,0.416667,0.062112,0.238095,0.127226,0.140845,0.259067
2016-02-27,Mike Wilkinson,Makwan Amirkhani,,kaggle_mdabbert_bestfightodds,,2024-12-14T00:00:00Z,0.172414,0.151286,0.181818,0.142857,0.363636,0.233645
2016-02-27,Davey Grant,Marlon Vera,,kaggle_mdabbert_bestfightodds,,2024-12-14T00:00:00Z,0.080972,0.307692,0.342466,0.095147,0.235294,0.210526
2016-02-27,Scott Askham,Chris Dempsey,,kaggle_mdabbert_bestfightodds,,2024-12-14T00:00:00Z,0.534884,0.102564,0.294118,0.102041,0.070175,0.153846
2016-02-27,Bradley Scott,Krzysztof Jotko,,kaggle_mdabbert_bestfightodds,,2024-12-14T00:00:00Z,0.162602,0.147059,0.243902,0.135135,0.098912,0.458716
2016-02-27,Norman Parke,Rustam Khabilov,,kaggle_mdabbert_bestfightodds,,2024-12-14T00:00:00Z,0.063492,0.048193,0.266667,0.181818,0.15873,0.47619
2016-02-27,Daniel Omielanczuk,Jarjis Danho,,kaggle_mdabbert_bestfightodds,,2024-12-14T00:00:00Z,0.333333,0.185185,0.217865,0.298507,0.057637,0.194175
2016-02-27,Teemu Packalen,Thibault Gouti,,kaggle_mdabbert_bestfightodds,,2024-12-14T00:00:00Z,0.153846,0.163934,0.310559,0.176991,0.146199,0.285714
2016-02-27,David Teymur,Martin Svensson,,kaggle_mdabbert_bestfightodds,,2024-12-14T00:00:00Z,0.3125,0.057971,0.298507,0.07874,0.166667,0.293255
2016-02-27,Arnold Allen,Yaotzin Meza,,kaggle_mdabbert_bestfightodds,,2024-12-14T00:00:00Z,0.240964,0.170358,0.416667,0.067797,0.114286,0.16
2016-03-05,Amanda Nunes,Valentina Shevchenko,,kaggle_mdabbert_bestfightodds,,2024-12-14T00:00:00Z,0.298507,0.153846,0.229885,0.210526,0.105263,0.266667
2016-03-05,Holly Holm,Miesha Tate,,kaggle_mdabbert_bestfightodds,,2024-12-14T00:00:00Z,0.384615,0.0625,0.363636,0.090909,0.166667,0.142857
2016-03-05,Gian Villante,Ilir Latifi,,kaggle_mdabbert_bestfightodds,,2024-12-14T00:00:00Z,0.222222,0.0625,0.153846,0.512195,0.090909,0.181818
2016-03-05,Corey Anderson,Tom Lawlor,,kaggle_mdabbert_bestfightodds,,2024-12-14T00:00:00Z,0.2,0.08,0.545455,0.172414,0.095238,0.125
2016-03-05,Brandon Thatch,Siyar Bahadurzada,,kaggle_mdabbert_bestfightodds,,2024-12-14T00:00:00Z,0.5,0.157233,0.2,0.19802,0.049261,0.089686
2016-03-05,Conor McGregor,Nate Diaz,,kaggle_mdabbert_bestfightodds,,2024-12-14T00:00:00Z,0.72973,0.052632,0.125,0.086957,0.142857,0.1
2016-03-05,Vitor Miranda,Marcelo Guimaraes,,kaggle_mdabbert_bestfightodds,,2024-12-14T00:00:00Z,0.507389,0.052493,0.30303,0.076923,0.065574,0.192678
2016-03-05,Julian Erosa,Teruto Ishihara,,kaggle_mdabbert_bestfightodds,,2024-12-14T00:00:00Z,0.128866,0.227273,0.371747,0.188679,0.05,0.227273
2016-03-05,Jason Saggo,Justin Salas,,kaggle_mdabbert_bestfightodds,,2024-12-14T00:00:00Z,0.125628,0.384615,0.25641,0.085106,0.061728,0.273224
2016-03-05,Erick Silva,Nordine Taleb,,kaggle_mdabbert_bestfightodds,,2024-12-14T00:00:00Z,0.222222,0.357143,0.2079,0.136612,0.038462,0.222222
2016-03-05,Darren Elkins,Chas Skelly,,kaggle_mdabbert_bestfightodds,,2024-12-14T00:00:00Z,0.072727,0.060606,0.355872,0.10101,0.232558,0.363636
2016-03-05,Diego Sanchez,Jim Miller,,kaggle_mdabbert_bestfightodds,,2024-12-14T00:00:00Z,0.08547,0.08,0.290698,0.11236,0.176991,0.434783
2016-03-19,Mark Hunt,Frank Mir,,kaggle_mdabbert_bestfightodds,,2024-12-14T00:00:00Z,0.512195,0.032258,0.076864,0.153846,0.357143,0.072993
2016-03-19,Hector Lombard,Neil Magny,,kaggle_mdabbert_bestfightodds,,2024-12-14T00:00:00Z,0.277778,0.08658,0.205761,0.148148,0.063091,0.408163
2016-03-19,Jake Matthews,Johnny Case,,kaggle_mdabbert_bestfightodds,,2024-12-14T00:00:00Z,0.106952,0.15625,0.358423,0.13986,0.166667,0.289855
2016-03-19,James Te Huna,Steve Bosse,,kaggle_mdabbert_bestfightodds,,2024-12-14T00:00:00Z,0.454545,0.2,0.158983,0.25974,0.062112,0.0625
2016-03-19,Bec Rawlings,Seohee Ham,,kaggle_mdabbert_bestfightodds,,2024-12-14T00:00:00Z,0.087719,0.166667,0.346021,0.097087,0.10582,0.384615
2016-03-19,Daniel Kelly,Antonio Carlos Junior,,kaggle_mdabbert_bestfightodds,,2024-12-14T00:00:00Z,0.08,0.0625,0.13624,0.4,0.357143,0.162602
2016-03-19,Dan Hooker,Mark Eddiva,,kaggle_mdabbert_bestfightodds,,2024-12-14T00:00:00Z,0.224719,0.184502,0.285714,0.153846,0.058309,0.263158
2016-03-19,Leslie Smith,Rin Nakai,,kaggle_mdabbert_bestfightodds,,2024-12-14T00:00:00Z,0.240964,0.070175,0.307692,0.065574,0.131579,0.350877
2016-03-19,Richard Walsh,Viscardi Andrade,,kaggle_mdabbert_bestfightodds,,2024-12-14T00:00:00Z,0.15748,0.070922,0.377358,0.185185,0.178253,0.222222
2016-03-19,Ross Pearson,Chad Laprise,,kaggle_mdabbert_bestfightodds,,2024-12-14T00:00:00Z,0.162602,0.080645,0.344828,0.17094,0.084746,0.358423
2016-03-19,Alan Patrick,Damien Brown,,kaggle_mdabbert_bestfightodds,,2024-12-14T00:00:00Z,0.306748,0.129032,0.392157,,,
2016-03-19,Brendan O'Reilly,Alan Jouban,,kaggle_mdabbert_bestfightodds,,2024-12-14T00:00:00Z,0.061728,0.068966,0.117509,0.591837,0.152672,0.222222
2016-04-10,Igor Pokrajac,Jan Blachowicz,,kaggle_mdabbert_bestfightodds,,2024-12-14T00:00:00Z,0.122699,0.069686,0.150376,0.363636,0.176367,0.327869
2016-04-10,Ben Rothwell,Junior Dos Santos,,kaggle_mdabbert_bestfightodds,,2024-12-14T00:00:00Z,0.30303,0.210526,0.090909,0.4,0.08,0.153846
2016-04-10,Derrick Lewis,Gabriel Gonzaga,,kaggle_mdabbert_bestfightodds,,2024-12-14T00:00:00Z,0.534884,0.047619,0.111111,0.2,0.222222,0.114286
2016-04-10,Francis Ngannou,Curtis Blaydes,,kaggle_mdabbert_bestfightodds,,2024-12-14T00:00:00Z,0.333333,0.07874,0.126582,0.285714,0.13587,0.277778
2016-04-10,Tim Johnson,Marcin Tybura,,kaggle_mdabbert_bestfightodds,,2024-12-14T00:00:00Z,0.240964,0.082781,0.196078,0.188679,0.25974,0.215517
2016-04-10,Maryna Moroz,Cristina Stanciu,,kaggle_mdabbert_bestfightodds,,2024-12-14T00:00:00Z,0.149031,0.322581,0.277778,0.181818,0.142857,0.229885
2016-04-10,Rob Whiteford,Lucas Martins,,kaggle_mdabbert_bestfightodds,,2024-12-14T00:00:00Z,0.169492,0.070671,0.333333,0.30303,0.122549,0.196078
2016-04-10,Ian Entwistle,Alejandro Perez,,kaggle_mdabbert_bestfightodds,,2024-12-14T00:00:00Z,0.056497,0.534884,0.078431,0.235294,0.1,0.222222
2016-04-10,Mairbek Taisumov,Damir Hadzovic,,kaggle_mdabbert_bestfightodds,,2024-12-14T00:00:00Z,0.350877,0.0693,0.444444,0.108108,0.06192,0.181818
2016-04-10,Filip Pejic,Damian Stasiak,,kaggle_mdabbert_bestfightodds,,2024-12-14T00:00:00Z,0.263158,0.07326,0.25,0.07326,0.148148,0.392157
2016-04-10,Jared Cannonier,Cyril Asker,,kaggle_mdabbert_bestfightodds,,2024-12-14T00:00:00Z,0.363636,0.093897,0.223714,0.246914,0.127877,0.149254
2016-04-10,Nicolas Dalby,Zak Cummings,,kaggle_mdabbert_bestfightodds,,2024-12-14T00:00:00Z,0.166667,0.059701,0.380228,0.150376,0.13986,0.333333
2016-04-10,Alessio Di Chirico,Bojan Velickovic,,kaggle_mdabbert_bestfightodds,,2024-12-14T00:00:00Z,0.10582,0.102459,0.235294,0.1,0.20202,0.438596
2016-04-16,Beneil Dariush,Michael Chiesa,,kaggle_mdabbert_bestfightodds,,2024-12-14T00:00:00Z,0.1,0.196078,0.434783,0.086957,0.124224,0.263158
2016-04-16,Glover Teixeira,Rashad Evans,,kaggle_mdabbert_bestfightodds,,2024-12-14T00:00:00Z,0.363636,0.121212,0.307692,0.111111,0.060606,0.285714
2016-04-16,Rose Namajunas,Tecia Torres,,kaggle_mdabbert_bestfightodds,,2024-12-14T00:00:00Z,0.090909,0.322581,0.344828,0.076923,0.0625,0.333333
2016-04-16,Khabib Nurmagomedov,Darrell Horcher,,kaggle_mdabbert_bestfightodds,,2024-12-14T00:00:00Z,0.333333,0.273973,0.4,0.1,0.047619,0.1
2016-04-16,Cub Swanson,Hacran Dias,,kaggle_mdabbert_bestfightodds,,2024-12-14T00:00:00Z,0.25974,0.108108,0.307692,0.08,0.102564,0.37037
2016-04-16,Bethe Correia,Raquel Pennington,,kaggle_mdabbert_bestfightodds,,2024-12-14T00:00:00Z,0.070175,0.047506,0.290698,0.120919,0.285714,0.384615
2016-04-16,Randy Brown,Michael Graves,,kaggle_mdabbert_bestfightodds,,2024-12-14T00:00:00Z,0.176991,0.123762,0.260417,0.076046,0.210526,0.353357
2016-04-16,John Dodson,Manvel Gamburyan,,kaggle_mdabbert_bestfightodds,,2024-12-14T00:00:00Z,0.4,0.086957,0.42735,0.045351,0.074074,0.129032
2016-04-16,Oluwale Bamgbose,Cezar Ferreira,,kaggle_mdabbert_bestfightodds,,2024-12-14T00:00:00Z,0.591837,0.07326,0.076394,0.181818,0.204082,0.111111
2016-04-16,Elizeu Zaleski dos Santos,Omari Akhmedov,,kaggle_mdabbert_bestfightodds,,2024-12-14T00:00:00Z,,,,0.141443,0.169492,0.373134
2016-04-16,Court McGee,Santiago Ponzinibbio,,kaggle_mdabbert_bestfightodds,,2024-12-14T00:00:00Z,0.120337,0.130719,0.266667,0.229885,0.073529,0.377358
2016-04-23,Jon Jones,Ovince Saint Preux,,kaggle_mdabbert_bestfightodds,,2024-12-14T00:00:00Z,0.487805,0.363636,0.149477,0.133333,0.036036,0.058824
2016-04-23,Demetrious Johnson,Henry Cejudo,,kaggle_mdabbert_bestfightodds,,2024-12-14T00:00:00Z,0.183486,0.196078,0.478469,0.069444,0.04,0.2
2016-04-23,Anthony Pettis,Edson Barboza,,kaggle_mdabbert_bestfightodds,,2024-12-14T00:00:00Z,0.215054,0.222222,0.28169,0.166667,0.043478,0.273973
2016-04-23,Robert Whittaker,Rafael Natal,,kaggle_mdabbert_bestfightodds,,2024-12-14T00:00:00Z,0.487805,0.041667,0.277778,0.072727,0.071429,0.210526
2016-04-23,Sergio Pettis,Chris Kelades,,kaggle_mdabbert_bestfightodds,,2024-12-14T00:00:00Z,0.215054,0.222222,0.28169,0.088889,0.068966,0.25974
2016-04-23,Yair Rodriguez,Andre Fili,,kaggle_mdabbert_bestfightodds,,2024-12-14T00:00:00Z,0.076923,0.166667,0.327869,0.196078,0.111111,0.277778
2016-04-23,Carla Esparza,Juliana Lima,,kaggle_mdabbert_bestfightodds,,2024-12-14T00:00:00Z,0.090909,0.215054,0.421941,0.093023,0.071429,0.291545
2016-04-23,Glaico Franca,James Vick,,kaggle_mdabbert_bestfightodds,,2024-12-14T00:00:00Z,0.076923,0.123457,0.252525,0.177305,0.266667,0.294118
2016-04-23,Walt Harris,Cody East,,kaggle_mdabbert_bestfightodds,,2024-12-14T00:00:00Z,0.359712,0.043478,0.077519,0.465116,0.089686,0.153846
2016-04-23,Marcos Rogerio de Lima,Clint Hester,,kaggle_mdabbert_bestfightodds,,2024-12-14T00:00:00Z,0.093023,0.071429,0.291545,0.294118,0.10352,0.18315
2016-04-23,Efrain Escudero,Kevin Lee,,kaggle_mdabbert_bestfightodds,,2024-12-14T00:00:00Z,0.075758,0.068966,0.17331,0.2,0.18797,0.480769
2016-04-23,Danny Roberts,Dominique Steele,,kaggle_mdabbert_bestfightodds,,2024-12-14T00:00:00Z,0.377358,0.243902,0.241546,0.066225,0.063898,0.181818
2016-05-08,Nikita Krylov,Francimar Barroso,,kaggle_mdabbert_bestfightodds,,2024-12-14T00:00:00Z,0.377358,0.232019,0.166667,0.153846,0.125,0.212766
2016-05-08,Alistair Overeem,Andrei Arlovski,,kaggle_mdabbert_bestfightodds,,2024-12-14T00:00:00Z,0.555556,0.111111,0.117647,0.307692,0.038462,0.08
2016-05-08,Antonio Silva,Stefan Struve,,kaggle_mdabbert_bestfightodds,,2024-12-14T00:00:00Z,0.235294,0.114025,0.101523,0.465116,0.166667,0.148148
2016-05-08,Albert Tumenov,Gunnar Nelson,,kaggle_mdabbert_bestfightodds,,2024-12-14T00:00:00Z,0.298507,0.049505,0.3367,0.063492,0.232558,0.176991
2016-05-08,Germaine de Randamie,Anna Elmose,,kaggle_mdabbert_bestfightodds,,2024-12-14T00:00:00Z,0.487805,0.090909,0.357143,0.086957,0.056497,0.155039
2016-05-08,Karolina Kowalkiewicz,Heather Jo Clark,,kaggle_mdabbert_bestfightodds,,2024-12-14T00:00:00Z,0.181818,0.107875,0.561404,0.104712,0.074906,0.184502
2016-05-08,Leon Edwards,Dominic Waters,,kaggle_mdabbert_bestfightodds,,2024-12-14T00:00:00Z,0.363636,0.117096,0.348432,0.16129,0.092166,0.181818
2016-05-08,Magnus Cedenblad,Garreth McLellan,,kaggle_mdabbert_bestfightodds,,2024-12-14T00:00:00Z,0.170068,0.377358,0.311526,0.09901,0.094967,0.162602
2016-05-08,Jon Tuck,Josh Emmett,,kaggle_mdabbert_bestfightodds,,2024-12-14T00:00:00Z,0.181818,0.170068,0.252525,0.162602,0.150376,0.294118
2016-05-08,Yan Cabral,Reza Madadi,,kaggle_mdabbert_bestfightodds,,2024-12-14T00:00:00Z,0.111235,0.232558,0.364964,0.117647,0.09901,0.294118
2016-05-08,Kyoji Horiguchi,Neil Seery,,kaggle_mdabbert_bestfightodds,,2024-12-14T00:00:00Z,0.224719,0.160256,0.615385,0.058824,0.068027,0.133333
2016-05-08,Ulka Sasaki,Willie Gates,,kaggle_mdabbert_bestfightodds,,2024-12-14T00:00:00Z,0.084746,0.357143,0.11274,0.298507,0.095694,0.259067
2016-05-08,Rustam Khabilov,Chris Wade,,kaggle_mdabbert_bestfightodds,,2024-12-14T00:00:00Z,0.206186,0.15748,0.392157,0.056338,0.102564,0.30303
2016-05-14,Fabricio Werdum,Stipe Miocic,,kaggle_mdabbert_bestfightodds,,2024-12-14T00:00:00Z,0.246914,0.285714,0.235294,0.277778,0.032258,0.164474
2016-05-14,Jacare Souza,Vitor Belfort,,kaggle_mdabbert_bestfightodds,,2024-12-14T00:00:00Z,0.210526,0.512195,0.154083,0.238095,0.035714,0.064516
2016-05-14,Cris Cyborg,Leslie Smith,,kaggle_mdabbert_bestfightodds,,2024-12-14T00:00:00Z,,,,0.047619,0.032787,0.047619
2016-05-14,Mauricio Rua,Corey Anderson,,kaggle_mdabbert_bestfightodds,,2024-12-14T00:00:00Z,0.25,0.10846,0.186567,0.2,0.111111,0.452489
2016-05-14,Warlley Alves,Bryan Barberena,,kaggle_mdabbert_bestfightodds,,2024-12-14T00:00:00Z,0.165289,0.465116,0.316456,0.078431,0.056657,0.108108
2016-05-14,Thiago Santos,Nate Marquardt,,kaggle_mdabbert_bestfightodds,,2024-12-14T00:00:00Z,0.622642,0.07391,0.165017,0.11274,0.10929,0.105263
2016-05-14,Francisco Trinaldo,Yancy Medeiros,,kaggle_mdabbert_bestfightodds,,2024-12-14T00:00:00Z,0.227273,0.204082,0.358423,0.10929,0.097561,0.19802
2016-05-14,John Lineker,Rob Font,,kaggle_mdabbert_bestfightodds,,2024-12-14T00:00:00Z,0.277778,0.137931,0.222222,0.243902,0.153846,0.222222
2016-05-14,Rogerio Nogueira,Patrick Cummins,,kaggle_mdabbert_bestfightodds,,2024-12-14T00:00:00Z,0.15873,0.13624,0.151515,0.285714,0.067797,0.465116
2016-05-14,Renato Moicano,Zubaira Tukhugov,,kaggle_mdabbert_bestfightodds,,2024-12-14T00:00:00Z,0.09901,0.13245,0.350877,0.291545,0.074074,0.231481
2016-05-14,Demian Maia,Matt Brown,,kaggle_mdabbert_bestfightodds,,2024-12-14T00:00:00Z,0.097561,0.452489,0.30303,0.153846,0.046512,0.16129
2016-05-29,Thomas Almeida,Cody Garbrandt,,kaggle_mdabbert_bestfightodds,,2024-12-14T00:00:00Z,0.487805,0.090909,0.15748,0.294118,0.058824,0.142857
2016-05-29,Renan Barao,Jeremy Stephens,,kaggle_mdabbert_bestfightodds,,2024-12-14T00:00:00Z,0.210526,0.222222,0.327869,0.235294,0.058824,0.210526
2016-05-29,Tarec Saffiedine,Rick Story,,kaggle_mdabbert_bestfightodds,,2024-12-14T00:00:00Z,0.137931,0.057143,0.425532,0.190476,0.090909,0.333333
2016-05-29,Chris Camozzi,Vitor Miranda,,kaggle_mdabbert_bestfightodds,,2024-12-14T00:00:00Z,0.083333,0.074074,0.294118,0.333333,0.086957,0.333333
2016-05-29,Jorge Masvidal,Lorenz Larkin,,kaggle_mdabbert_bestfightodds,,2024-12-14T00:00:00Z,0.125,0.086957,0.363636,0.2,0.052632,0.392157
2016-05-29,Joshua Burkman,Paul Felder,,kaggle_mdabbert_bestfightodds,,2024-12-14T00:00:00Z,0.105263,0.125,0.153846,0.25,0.129032,0.47619
2016-05-29,Sara McMann,Jessica Eye,,kaggle_mdabbert_bestfightodds,,2024-12-14T00:00:00Z,0.102564,0.08547,0.444444,0.186916,0.1,0.292398
2016-05-29,Abel Trujillo,Jordan Rinaldi,,kaggle_mdabbert_bestfightodds,,2024-12-14T00:00:00Z,0.545455,0.162866,0.222717,0.06689,0.143885,0.16
2016-05-29,Jake Collier,Alberto Uda,,kaggle_mdabbert_bestfightodds,,2024-12-14T00:00:00Z,0.186916,0.179856,0.25974,,,
2016-05-29,Erik Koch,Shane Campbell,,kaggle_mdabbert_bestfightodds,,2024-12-14T00:00:00Z,0.188679,0.15528,0.206186,0.316456,0.066667,0.262467
2016-05-29,Aljamain Sterling,Bryan Caraway,,kaggle_mdabbert_bestfightodds,,2024-12-14T00:00:00Z,0.17094,0.166113,0.52381,0.056338,0.173913,0.142857
2016-05-29,Chris de la Rocha,Adam Milstead,,kaggle_mdabbert_bestfightodds,,2024-12-14T00:00:00Z,,,,0.615385,0.083682,0.099602
2016-06-04,Luke Rockhold,Michael Bisping,,kaggle_mdabbert_bestfightodds,,2024-12-14T00:00:00Z,0.591837,0.384615,0.111111,0.090909,0.043478,0.076923
2016-06-04,Dominick Cruz,Urijah Faber,,kaggle_mdabbert_bestfightodds,,2024-12-14T00:00:00Z,0.2,0.076923,0.636364,0.083333,0.090909,0.125
2016-06-04,Max Holloway,Ricardo Lamas,,kaggle_mdabbert_bestfightodds,,2024-12-14T00:00:00Z,0.25974,0.111111,0.487805,0.076923,0.074074,0.208333
2016-06-04,Dan Henderson,Hector Lombard,,kaggle_mdabbert_bestfightodds,,2024-12-14T00:00:00Z,0.181818,0.076923,0.111111,0.705882,0.1,0.142857
2016-06-04,Dustin Poirier,Bobby Green,,kaggle_mdabbert_bestfightodds,,2024-12-14T00:00:00Z,0.222222,0.129032,0.416667,0.166667,0.076923,0.25
2016-06-04,Jonathan Wilson,Henrique da Silva,,kaggle_mdabbert_bestfightodds,,2024-12-14T00:00:00Z,0.46729,0.083333,0.165017,0.246914,0.133511,0.105263
2016-06-04,Beneil Dariush,James Vick,,kaggle_mdabbert_bestfightodds,,2024-12-14T00:00:00Z,0.133333,0.190476,0.377358,0.166667,0.1,0.273973
2016-06-04,Jessica Penne,Jessica Andrade,,kaggle_mdabbert_bestfightodds,,2024-12-14T00:00:00Z,0.111111,0.227273,0.28169,0.128205,0.090909,0.416667
2016-06-04,Cole Miller,Alex Caceres,,kaggle_mdabbert_bestfightodds,,2024-12-14T00:00:00Z,0.142857,0.307692,0.326797,0.095147,0.058824,0.283286
2016-06-04,Sean Strickland,Tom Breese,,kaggle_mdabbert_bestfightodds,,2024-12-14T00:00:00Z,0.166667,0.106383,0.346021,0.142857,0.12987,0.327869
2016-06-04,Polo Reyes,Dong Hyun Ma,,kaggle_mdabbert_bestfightodds,,2024-12-14T00:00:00Z,0.328947,0.052632,0.194932,0.165289,0.260417,0.190476
2016-06-04,Brian Ortega,Clay Guida,,kaggle_mdabbert_bestfightodds,,2024-12-14T00:00:00Z,0.117647,0.465116,0.235294,0.0625,0.0625,0.277778
2016-06-18,Valerie Letourneau,Joanne Calderwood,,kaggle_mdabbert_bestfightodds,,2024-12-14T00:00:00Z,0.115607,0.110375,0.44843,0.129032,0.078431,0.3125
2016-06-18,Rory MacDonald,Stephen Thompson,,kaggle_mdabbert_bestfightodds,,2024-12-14T00:00:00Z,,,,0.4,0.076923,0.285714
2016-06-18,Donald Cerrone,Patrick Cote,,kaggle_mdabbert_bestfightodds,,2024-12-14T00:00:00Z,0.25,0.181818,0.363636,0.222222,0.090909,0.333333
2016-06-18,Steve Bosse,Sean O'Connell,,kaggle_mdabbert_bestfightodds,,2024-12-14T00:00:00Z,0.555556,0.111111,0.117647,0.333333,0.1,0.142857
2016-06-18,Olivier Aubin-Mercier,Thibault Gouti,,kaggle_mdabbert_bestfightodds,,2024-12-14T00:00:00Z,0.142857,0.487805,0.291545,0.101523,0.071685,0.098328
2016-06-18,Jason Saggo,Leandro Silva,,kaggle_mdabbert_bestfightodds,,2024-12-14T00:00:00Z,0.111111,0.155039,0.358423,0.156495,0.095238,0.338983
2016-06-18,Colby Covington,Jonathan Meunier,,kaggle_mdabbert_bestfightodds,,2024-12-14T00:00:00Z,0.142857,0.27027,0.414938,0.12987,0.069686,0.19802
2016-06-18,Tamdan McCrory,Krzysztof Jotko,,kaggle_mdabbert_bestfightodds,,2024-12-14T00:00:00Z,0.13089,0.333333,0.266667,0.081633,0.092336,0.286533
2016-06-18,Chris Beal,Joe Soto,,kaggle_mdabbert_bestfightodds,,2024-12-14T00:00:00Z,0.186916,0.051948,0.377358,0.097561,0.212314,0.294118
2016-06-18,Elias Theodorou,Sam Alvey,,kaggle_mdabbert_bestfightodds,,2024-12-14T00:00:00Z,0.163934,0.090498,0.53271,0.224719,0.05698,0.157233
2016-06-18,Randa Markos,Jocelyn Jones-Lybarger,,kaggle_mdabbert_bestfightodds,,2024-12-14T00:00:00Z,0.064516,0.198413,0.45045,0.086957,0.053333,0.350877
2016-06-18,Ali Bagautinov,Geane Herrera,,kaggle_mdabbert_bestfightodds,,2024-12-14T00:00:00Z,0.204082,0.082305,0.530516,0.076923,0.086957,0.19802
2016-06-18,Misha Cirkunov,Ion Cutelaba,,kaggle_mdabbert_bestfightodds,,2024-12-14T00:00:00Z,0.263158,0.327869,0.181818,0.285714,0.13245,0.082781
2016-07-07,Rafael Dos Anjos,Eddie Alvarez,,kaggle_mdabbert_bestfightodds,,2024-12-14T00:00:00Z,0.37037,0.253165,0.277778,0.163934,0.042105,0.147059
2016-07-07,Roy Nelson,Derrick Lewis,,kaggle_mdabbert_bestfightodds,,2024-12-14T00:00:00Z,0.454545,0.098717,0.111111,0.392157,0.0489,0.144928
2016-07-07,Alan Jouban,Belal Muhammad,,kaggle_mdabbert_bestfightodds,,2024-12-14T00:00:00Z,0.273973,0.089286,0.277778,0.163934,0.073529,0.350877
2016-07-07,Joe Duffy,Mitch Clarke,,kaggle_mdabbert_bestfightodds,,2024-12-14T00:00:00Z,0.37037,0.222222,0.363636,0.097561,0.102564,0.097561
2016-07-07,Mike Pyle,Alberto Mina,,kaggle_mdabbert_bestfightodds,,2024-12-14T00:00:00Z,0.222222,0.16,0.2849,0.344828,0.106724,0.151515
2016-07-07,John Makdessi,Mehdi Baghdad,,kaggle_mdabbert_bestfightodds,,2024-12-14T00:00:00Z,0.212766,0.06135,0.371747,0.2,0.065359,0.333333
2016-07-07,Russell Doane,Pedro Munhoz,,kaggle_mdabbert_bestfightodds,,2024-12-14T00:00:00Z,0.114286,0.080645,0.238095,0.134228,0.243902,0.392157
2016-07-07,Felipe Arantes,Jerrod Sanders,,kaggle_mdabbert_bestfightodds,,2024-12-14T00:00:00Z,0.240964,0.2,0.277008,0.085106,0.084388,0.333333
2016-07-07,Gilbert Burns,Lukasz Sajewski,,kaggle_mdabbert_bestfightodds,,2024-12-14T00:00:00Z,0.099305,0.3125,0.409836,0.093023,0.071685,0.212766
2016-07-07,Marco Beltran,Reginaldo Vieira,,kaggle_mdabbert_bestfightodds,,2024-12-14T00:00:00Z,0.125,0.082988,0.333333,0.125,0.238095,0.297619
2016-07-07,Vicente Luque,Alvaro Herrera,,kaggle_mdabbert_bestfightodds,,2024-12-14T00:00:00Z,0.30303,0.384615,0.247525,0.134228,0.081301,0.1
2016-07-07,Anthony Birchak,Dileno Lopes,,kaggle_mdabbert_bestfightodds,,2024-12-14T00:00:00Z,0.25,0.142857,0.411523,0.112994,0.127877,0.184502
2016-07-08,Dooho Choi,Thiago Tavares,,kaggle_mdabbert_bestfightodds,,2024-12-14T00:00:00Z,0.593496,0.047619,0.121507,0.112994,0.222222,0.136986
2016-07-08,Joanna Jedrzejczyk,Claudia Gadelha,,kaggle_mdabbert_bestfightodds,,2024-12-14T00:00:00Z,0.210526,0.052632,0.357143,0.090909,0.148148,0.344828
2016-07-08,Tatiana Suarez,Amanda Cooper,,kaggle_mdabbert_bestfightodds,,2024-12-14T00:00:00Z,0.166667,0.285714,0.44843,0.090909,0.090909,0.156006
2016-07-08,Ross Pearson,Will Brooks,,kaggle_mdabbert_bestfightodds,,2024-12-14T00:00:00Z,0.121212,0.047619,0.190476,0.165837,0.178571,0.53271
2016-07-08,Joaquim Silva,Andrew Holbrook,,kaggle_mdabbert_bestfightodds,,2024-12-14T00:00:00Z,0.19802,0.136054,0.3125,0.109529,0.238095,0.235849
2016-07-08,Andrew Sanchez,Khalil Rountree Jr.,,kaggle_mdabbert_bestfightodds,,2024-12-14T00:00:00Z,0.181818,0.357143,0.284091,,,
2016-07-08,John Moraga,Matheus Nicolau,,kaggle_mdabbert_bestfightodds,,2024-12-14T00:00:00Z,0.165289,0.15949,0.357143,0.121951,0.115607,0.298507
2016-07-08,Jake Matthews,Kevin Lee,,kaggle_mdabbert_bestfightodds,,2024-12-14T00:00:00Z,0.222222,0.165289,0.322581,0.125,0.106383,0.327869
2016-07-08,Li Jingliang,Anton Zafir,,kaggle_mdabbert_bestfightodds,,2024-12-14T00:00:00Z,0.434783,0.153846,0.296736,0.083682,0.118343,0.136986
2016-07-08,Gray Maynard,Fernando Bruno,,kaggle_mdabbert_bestfightodds,,2024-12-14T00:00:00Z,0.183486,0.145773,0.37037,0.188679,0.096618,0.217391
2016-07-08,Cory Hendricks,Josh Stansbury,,kaggle_mdabbert_bestfightodds,,2024-12-14T00:00:00Z,0.16129,0.25,0.289855,0.206186,0.124844,0.245098
2016-07-08,Cezar Ferreira,Anthony Smith,,kaggle_mdabbert_bestfightodds,,2024-12-14T00:00:00Z,0.140845,0.222222,0.183486,0.392157,0.12987,0.112233
2016-07-09,Miesha Tate,Amanda Nunes,,kaggle_mdabbert_bestfightodds,,2024-12-14T00:00:00Z,0.142857,0.363636,0.285714,0.222222,0.1,0.125
2016-07-09,Daniel Cormier,Anderson Silva,,kaggle_mdabbert_bestfightodds,,2024-12-14T00:00:00Z,0.416667,0.222222,0.333333,0.137931,0.066667,0.076923
2016-07-09,Jose Aldo,Frankie Edgar,,kaggle_mdabbert_bestfightodds,,2024-12-14T00:00:00Z,0.235294,0.1,0.25,0.210526,0.125,0.307692
2016-07-09,Cat Zingano,Julianna Pena,,kaggle_mdabbert_bestfightodds,,2024-12-14T00:00:00Z,0.222222,0.166667,0.333333,0.137931,0.121212,0.285714
2016-07-09,Cain Velasquez,Travis Browne,,kaggle_mdabbert_bestfightodds,,2024-12-14T00:00:00Z,0.52381,0.1,0.235294,0.222222,0.0625,0.095238
2016-07-09,TJ Dillashaw,Raphael Assuncao,,kaggle_mdabbert_bestfightodds,,2024-12-14T00:00:00Z,0.273973,0.111111,0.52381,0.090909,0.075472,0.153846
2016-07-09,Sage Northcutt,Enrique Marin,,kaggle_mdabbert_bestfightodds,,2024-12-14T00:00:00Z,0.425532,0.235294,0.16,0.095238,0.129032,0.137931
2016-07-09,Diego Sanchez,Joe Lauzon,,kaggle_mdabbert_bestfightodds,,2024-12-14T00:00:00Z,0.148148,0.1,0.363636,0.153846,0.137931,0.357143
2016-07-09,Gegard Mousasi,Thiago Santos,,kaggle_mdabbert_bestfightodds,,2024-12-14T00:00:00Z,0.25,0.222222,0.348432,0.181818,0.067659,0.178253
2016-07-09,Jim Miller,Takanori Gomi,,kaggle_mdabbert_bestfightodds,,2024-12-14T00:00:00Z,0.131579,0.444444,0.222222,0.147059,0.042553,0.185185
2016-07-09,Johny Hendricks,Kelvin Gastelum,,kaggle_mdabbert_bestfightodds,,2024-12-14T00:00:00Z,0.190476,0.090909,0.344828,0.153846,0.1,0.363636
2016-07-13,Aleksei Oleinik,Daniel Omielanczuk,,kaggle_mdabbert_bestfightodds,,2024-12-14T00:00:00Z,0.170068,0.454545,0.151286,0.210526,0.082305,0.181818
2016-07-13,Michael McDonald,John Lineker,,kaggle_mdabbert_bestfightodds,,2024-12-14T00:00:00Z,0.222222,0.166667,0.166667,0.425532,0.102564,0.222222
2016-07-13,Tony Ferguson,Lando Vannata,,kaggle_mdabbert_bestfightodds,,2024-12-14T00:00:00Z,0.4,0.416667,0.235294,0.071429,0.066667,0.083333
2016-07-13,Tim Boetsch,Josh Samman,,kaggle_mdabbert_bestfightodds,,2024-12-14T00:00:00Z,0.166667,0.068259,0.208333,0.357143,0.210526,0.259067
2016-07-13,Kyle Noke,Keita Nakamura,,kaggle_mdabbert_bestfightodds,,2024-12-14T00:00:00Z,0.181818,0.098425,0.45045,0.083682,0.222222,0.25641
2016-07-13,Scott Holtzman,Cody Pfister,,kaggle_mdabbert_bestfightodds,,2024-12-14T00:00:00Z,0.137931,0.222222,0.460829,0.097561,0.080321,0.192308
2016-07-13,Lauren Murphy,Katlyn Chookagian,,kaggle_mdabbert_bestfightodds,,2024-12-14T00:00:00Z,0.238095,0.076923,0.425532,0.069444,0.086957,0.285714
2016-07-13,Eric Spicely,Sam Alvey,,kaggle_mdabbert_bestfightodds,,2024-12-14T00:00:00Z,0.075758,0.097561,0.192308,0.512195,0.086957,0.221239
2016-07-13,Cortney Casey,Cristina Stanciu,,kaggle_mdabbert_bestfightodds,,2024-12-14T00:00:00Z,0.093023,0.082169,0.316456,0.183486,0.144928,0.357143
2016-07-13,Rani Yahya,Matthew Lopez,,kaggle_mdabbert_bestfightodds,,2024-12-14T00:00:00Z,0.06592,0.235294,0.198413,0.25974,0.141844,0.31746
2016-07-13,Louis Smolka,Ben Nguyen,,kaggle_mdabbert_bestfightodds,,2024-12-14T00:00:00Z,0.126904,0.15625,0.282486,0.344828,0.121951,0.222222
2016-07-13,Devin Clark,Alex Nicholson,,kaggle_mdabbert_bestfightodds,,2024-12-14T00:00:00Z,0.277778,0.17301,0.323625,0.238095,0.090909,0.129199
2016-07-23,Frankie Saenz,Eddie Wineland,,kaggle_mdabbert_bestfightodds,,2024-12-14T00:00:00Z,0.18018,0.095238,0.465116,0.15748,0.076923,0.271739
2016-07-23,Holly Holm,Valentina Shevchenko,,kaggle_mdabbert_bestfightodds,,2024-12-14T00:00:00Z,0.191205,0.071429,0.469484,0.181818,0.096246,0.181818
2016-07-23,Edson Barboza,Gilbert Melendez,,kaggle_mdabbert_bestfightodds,,2024-12-14T00:00:00Z,0.280112,0.055556,0.512195,0.126263,0.072202,0.222222
2016-07-23,Francis Ngannou,Bojan Mihajlovic,,kaggle_mdabbert_bestfightodds,,2024-12-14T00:00:00Z,0.722222,0.134228,0.166667,0.093897,0.047619,0.096432
2016-07-23,Felice Herrig,Kailin Curran,,kaggle_mdabbert_bestfightodds,,2024-12-14T00:00:00Z,0.097087,0.153846,0.284091,0.153846,0.122549,0.392157
2016-07-23,Darren Elkins,Godofredo Pepey,,kaggle_mdabbert_bestfightodds,,2024-12-14T00:00:00Z,0.176678,0.111111,0.52381,0.125,0.215983,0.097847
2016-07-23,Michel Prazeres,JC Cottrell,,kaggle_mdabbert_bestfightodds,,2024-12-14T00:00:00Z,0.150376,0.222222,0.425532,0.090909,0.071685,0.253165
2016-07-23,Alex Oliveira,James Moontasri,,kaggle_mdabbert_bestfightodds,,2024-12-14T00:00:00Z,0.214592,0.235294,0.30303,0.165289,0.140845,0.153846
2016-07-23,Jim Alers,Jason Knight,,kaggle_mdabbert_bestfightodds,,2024-12-14T00:00:00Z,0.101523,0.095057,0.436681,0.114416,0.206186,0.240964
2016-07-23,Luis Henrique,Dmitrii Smoliakov,,kaggle_mdabbert_bestfightodds,,2024-12-14T00:00:00Z,0.222222,0.15748,0.183486,,,
2016-07-23,Kamaru Usman,Alexander Yakovlev,,kaggle_mdabbert_bestfightodds,,2024-12-14T00:00:00Z,0.169492,0.075472,0.565217,0.166667,0.123457,0.157233
2016-07-30,Robbie Lawler,Tyron Woodley,,kaggle_mdabbert_bestfightodds,,2024-12-14T00:00:00Z,0.408163,0.041667,0.200401,0.263158,0.052632,0.210526
2016-07-30,Rose Namajunas,Karolina Kowalkiewicz,,kaggle_mdabbert_bestfightodds,,2024-12-14T00:00:00Z,0.095238,0.25,0.434783,0.121212,0.076336,0.263158
2016-07-30,Matt Brown,Jake Ellenberger,,kaggle_mdabbert_bestfightodds,,2024-12-14T00:00:00Z,0.534884,0.15625,0.184502,0.13986,0.098425,0.155039
2016-07-30,Francisco Rivera,Erik Perez,,kaggle_mdabbert_bestfightodds,,2024-12-14T00:00:00Z,0.238095,0.044444,0.224719,0.15748,0.217391,0.3003
2016-07-30,Ryan Benoit,Fredy Serrano,,kaggle_mdabbert_bestfightodds,,2024-12-14T00:00:00Z,0.2457,0.108108,0.238095,0.192308,0.118343,0.288184
2016-07-30,Nikita Krylov,Ed Herman,,kaggle_mdabbert_bestfightodds,,2024-12-14T00:00:00Z,0.350877,0.19802,0.164745,0.10395,0.173913,0.147059
2016-07-30,Ross Pearson,Jorge Masvidal,,kaggle_mdabbert_bestfightodds,,2024-12-14T00:00:00Z,0.110011,0.044444,0.238095,0.196078,0.116822,0.507389
2016-07-30,Anthony Hamilton,Damian Grabowski,,kaggle_mdabbert_bestfightodds,,2024-12-14T00:00:00Z,0.268097,0.076923,0.25641,0.2331,0.235294,0.122699
2016-07-30,Wilson Reis,Hector Sandoval,,kaggle_mdabbert_bestfightodds,,2024-12-14T00:00:00Z,0.103627,0.363636,0.416667,0.141044,0.045455,0.139665
2016-07-30,Cesar Arzamendia,Damien Brown,,kaggle_mdabbert_bestfightodds,,2024-12-14T00:00:00Z,0.224719,0.121951,0.232558,0.534884,0.15625,0.184502
2016-08-06,Yair Rodriguez,Alex Caceres,,kaggle_mdabbert_bestfightodds,,2024-12-14T00:00:00Z,0.408163,0.222222,0.243902,0.114286,0.137931,0.133333
2016-08-06,Dennis Bermudez,Rony Jason,,kaggle_mdabbert_bestfightodds,,2024-12-14T00:00:00Z,0.285714,0.1,0.384615,0.16,0.173913,0.133333
2016-08-06,Thales Leites,Chris Camozzi,,kaggle_mdabbert_bestfightodds,,2024-12-14T00:00:00Z,0.153846,0.25974,0.322581,0.1,0.074074,0.338983
2016-08-06,Santiago Ponzinibbio,Zak Cummings,,kaggle_mdabbert_bestfightodds,,2024-12-14T00:00:00Z,0.333333,0.0625,0.25641,0.175439,0.111111,0.31348
2016-08-06,Trevor Smith,Joe Gigliotti,,kaggle_mdabbert_bestfightodds,,2024-12-14T00:00:00Z,0.153846,0.235294,0.181818,0.322581,0.191571,0.122699
2016-08-06,Cub Swanson,Tatsuya Kawajiri,,kaggle_mdabbert_bestfightodds,,2024-12-14T00:00:00Z,0.357143,0.125,0.444444,0.079051,0.1,0.178571
2016-08-06,Court McGee,Dominique Steele,,kaggle_mdabbert_bestfightodds,,2024-12-14T00:00:00Z,0.19802,0.086957,0.4,0.16129,0.06993,0.280112
2016-08-06,Viktor Pesta,Marcin Tybura,,kaggle_mdabbert_bestfightodds,,2024-12-14T00:00:00Z,0.242718,0.114286,0.25641,0.208333,0.194175,0.190476
2016-08-06,David Teymur,Jason Novelli,,kaggle_mdabbert_bestfightodds,,2024-12-14T00:00:00Z,0.222222,0.058824,0.408163,0.16,0.181818,0.2331
2016-08-06,Teruto Ishihara,Horacio Gutierrez,,kaggle_mdabbert_bestfightodds,,2024-12-14T00:00:00Z,0.454545,0.074074,0.235294,0.136054,0.068966,0.21322
2016-08-06,Chase Sherman,Justin Ledet,,kaggle_mdabbert_bestfightodds,,2024-12-14T00:00:00Z,0.361011,0.090909,0.17094,0.333333,0.186916,0.166667
2016-08-06,Maryna Moroz,Danielle Taylor,,kaggle_mdabbert_bestfightodds,,2024-12-14T00:00:00Z,0.134771,0.350877,0.363636,0.145349,0.0625,0.176367
2016-08-20,Tim Means,Sabah Homasi,,kaggle_mdabbert_bestfightodds,,2024-12-14T00:00:00Z,0.5,0.166667,0.25,0.138889,0.071429,0.114286
2016-08-20,Anthony Johnson,Glover Teixeira,,kaggle_mdabbert_bestfightodds,,2024-12-14T00:00:00Z,0.583333,0.047619,0.166667,0.117647,0.190476,0.181818
2016-08-20,Rick Story,Donald Cerrone,,kaggle_mdabbert_bestfightodds,,2024-12-14T00:00:00Z,0.166389,0.058824,0.327869,0.166667,0.186567,0.290698
2016-08-20,Hyun Gyu Lim,Mike Perry,,kaggle_mdabbert_bestfightodds,,2024-12-14T00:00:00Z,0.565217,0.117647,0.210526,0.173913,0.074074,0.142857
2016-08-20,Cody Garbrandt,Takeya Mizugaki,,kaggle_mdabbert_bestfightodds,,2024-12-14T00:00:00Z,0.555556,0.095238,0.3125,0.090909,0.057143,0.133333
2016-08-20,Nate Diaz,Conor McGregor,,kaggle_mdabbert_bestfightodds,,2024-12-14T00:00:00Z,0.153846,0.298507,0.133333,0.454545,0.052632,0.133333
2016-08-20,Artem Lobov,Chris Avila,,kaggle_mdabbert_bestfightodds,,2024-12-14T00:00:00Z,0.344828,0.075472,0.206186,0.134228,0.144928,0.292398
2016-08-20,Randa Markos,Cortney Casey,,kaggle_mdabbert_bestfightodds,,2024-12-14T00:00:00Z,0.094787,0.165289,0.393701,0.153846,0.116959,0.27027
2016-08-20,Neil Magny,Lorenz Larkin,,kaggle_mdabbert_bestfightodds,,2024-12-14T00:00:00Z,0.142857,0.137931,0.4,0.222222,0.052632,0.266667
2016-08-20,Colby Covington,Max Griffin,,kaggle_mdabbert_bestfightodds,,2024-12-14T00:00:00Z,0.142857,0.268097,0.485437,0.131579,0.066445,0.137741
2016-08-20,Alberto Uda,Marvin Vettori,,kaggle_mdabbert_bestfightodds,,2024-12-14T00:00:00Z,0.196078,0.168634,0.13369,0.253807,0.235294,0.209644
2016-08-20,Raquel Pennington,Elizabeth Phillips,,kaggle_mdabbert_bestfightodds,,2024-12-14T00:00:00Z,0.125,0.222222,0.487805,0.086957,0.04878,0.223714
2016-08-27,Anthony Pettis,Charles Oliveira,,kaggle_mdabbert_bestfightodds,,2024-12-14T00:00:00Z,0.357143,0.181818,0.266667,0.08,0.181818,0.181818
2016-08-27,Paige VanZant,Bec Rawlings,,kaggle_mdabbert_bestfightodds,,2024-12-14T00:00:00Z,,,,0.108108,0.083333,0.235294
2016-08-27,Joe Lauzon,Jim Miller,,kaggle_mdabbert_bestfightodds,,2024-12-14T00:00:00Z,0.210526,0.235294,0.25,0.16,0.129032,0.266667
2016-08-27,Sam Alvey,Kevin Casey,,kaggle_mdabbert_bestfightodds,,2024-12-14T00:00:00Z,0.52381,0.090909,0.184502,0.070671,0.090909,0.25641
2016-08-27,Demian Maia,Carlos Condit,,kaggle_mdabbert_bestfightodds,,2024-12-14T00:00:00Z,0.0625,0.25,0.294118,0.363636,0.076923,0.190476
2016-08-27,Garreth McLellan,Alessio Di Chirico,,kaggle_mdabbert_bestfightodds,,2024-12-14T00:00:00Z,0.112994,0.102041,0.15873,0.327869,0.181818,0.294118
2016-08-27,Shane Campbell,Felipe Silva,,kaggle_mdabbert_bestfightodds,,2024-12-14T00:00:00Z,0.27027,0.121359,0.290698,0.238095,0.122699,0.16129
2016-08-27,Chad Laprise,Thibault Gouti,,kaggle_mdabbert_bestfightodds,,2024-12-14T00:00:00Z,0.236967,0.142857,0.458716,0.12837,0.072464,0.16129
2016-08-27,Jeremy Kennedy,Alessandro Ricci,,kaggle_mdabbert_bestfightodds,,2024-12-14T00:00:00Z,0.173913,0.13624,0.37037,0.153846,0.116959,0.259067
2016-08-27,Enrique Barzola,Kyle Bochniak,,kaggle_mdabbert_bestfightodds,,2024-12-14T00:00:00Z,0.093458,0.090909,0.282486,0.19802,0.168067,0.353357
2016-09-03,Andrei Arlovski,Josh Barnett,,kaggle_mdabbert_bestfightodds,,2024-12-14T00:00:00Z,0.333333,0.058824,0.111111,0.333333,0.266667,0.153846
2016-09-03,Alexander Gustafsson,Jan Blachowicz,,kaggle_mdabbert_bestfightodds,,2024-12-14T00:00:00Z,0.5,0.210526,0.31746,0.086957,0.038462,0.097561
2016-09-03,Ryan Bader,Ilir Latifi,,kaggle_mdabbert_bestfightodds,,2024-12-14T00:00:00Z,0.307692,0.086957,0.384615,0.266667,0.0625,0.137931
2016-09-03,Nick Hein,Tae Hyun Bang,,kaggle_mdabbert_bestfightodds,,2024-12-14T00:00:00Z,0.176991,0.147059,0.541284,0.222222,0.05,0.10101
2016-09-03,Jessin Ayari,Jimmy Wallhead,,kaggle_mdabbert_bestfightodds,,2024-12-14T00:00:00Z,0.151515,0.10929,0.268817,0.3125,0.09434,0.253165
2016-09-03,Ashlee Evans-Smith,Veronica Macedo,,kaggle_mdabbert_bestfightodds,,2024-12-14T00:00:00Z,0.238095,0.108108,0.465116,0.125,0.142857,0.171527
2016-09-03,Taylor Lapilus,Leandro Issa,,kaggle_mdabbert_bestfightodds,,2024-12-14T00:00:00Z,0.357143,0.083333,0.289855,0.078125,0.263158,0.183486
2016-09-03,Scott Askham,Jack Hermansson,,kaggle_mdabbert_bestfightodds,,2024-12-14T00:00:00Z,0.224719,0.096061,0.277778,0.190476,0.085106,0.338983
2016-09-03,Rustam Khabilov,Leandro Silva,,kaggle_mdabbert_bestfightodds,,2024-12-14T00:00:00Z,0.19802,0.095147,0.593496,0.075758,0.067797,0.141844
2016-09-03,Peter Sobotta,Nicolas Dalby,,kaggle_mdabbert_bestfightodds,,2024-12-14T00:00:00Z,0.104712,0.103627,0.25,0.185185,0.080321,0.4
2016-09-10,Urijah Faber,Jimmie Rivera,,kaggle_mdabbert_bestfightodds,,2024-12-14T00:00:00Z,0.074074,0.181818,0.266667,0.25,0.066667,0.4
2016-09-10,Stipe Miocic,Alistair Overeem,,kaggle_mdabbert_bestfightodds,,2024-12-14T00:00:00Z,0.465116,0.038462,0.111111,0.454545,0.076923,0.125
2016-09-10,Fabricio Werdum,Travis Browne,,kaggle_mdabbert_bestfightodds,,2024-12-14T00:00:00Z,0.2,0.285714,0.307692,0.285714,0.043478,0.114286
2016-09-10,Jessica Andrade,Joanne Calderwood,,kaggle_mdabbert_bestfightodds,,2024-12-14T00:00:00Z,0.235294,0.190476,0.266667,0.108108,0.074074,0.357143
2016-09-10,CM Punk,Mickey Gall,,kaggle_mdabbert_bestfightodds,,2024-12-14T00:00:00Z,0.1,0.1,0.111111,0.333333,0.47619,0.129032
2016-09-10,Brad Tavares,Caio Magalhaes,,kaggle_mdabbert_bestfightodds,,2024-12-14T00:00:00Z,0.285714,0.064725,0.408163,0.222222,0.172117,0.105263
2016-09-10,Yancy Medeiros,Sean Spencer,,kaggle_mdabbert_bestfightodds,,2024-12-14T00:00:00Z,0.187266,0.172414,0.265957,0.163934,0.078431,0.327869
2016-09-10,Nik Lentz,Michael McBride,,kaggle_mdabbert_bestfightodds,,2024-12-14T00:00:00Z,0.230415,0.210526,0.502488,0.055096,0.083333,0.123457
2016-09-10,Drew Dober,Jason Gonzalez,,kaggle_mdabbert_bestfightodds,,2024-12-14T00:00:00Z,0.15748,0.151515,0.392157,0.143885,0.152672,0.212766
2016-09-10,Jessica Eye,Bethe Correia,,kaggle_mdabbert_bestfightodds,,2024-12-14T00:00:00Z,0.205339,0.060606,0.408163,0.127551,0.058824,0.344828
2016-09-17,Dustin Poirier,Michael Johnson,,kaggle_mdabbert_bestfightodds,,2024-12-14T00:00:00Z,0.27027,0.266667,0.208333,0.210526,0.0625,0.208333
2016-09-17,Uriah Hall,Derek Brunson,,kaggle_mdabbert_bestfightodds,,2024-12-14T00:00:00Z,0.210526,0.068966,0.181818,0.2,0.133333,0.434783
2016-09-17,Evan Dunham,Rick Glenn,,kaggle_mdabbert_bestfightodds,,2024-12-14T00:00:00Z,0.124069,0.210526,0.53271,0.133333,0.086957,0.117647
2016-09-17,Roan Carneiro,Kenny Robertson,,kaggle_mdabbert_bestfightodds,,2024-12-14T00:00:00Z,0.121212,0.155039,0.292398,0.190476,0.160256,0.285714
2016-09-17,Chris Wade,Islam Makhachev,,kaggle_mdabbert_bestfightodds,,2024-12-14T00:00:00Z,0.088889,0.10989,0.359712,0.102354,0.185185,0.344828
2016-09-17,Gabriel Benitez,Sam Sicilia,,kaggle_mdabbert_bestfightodds,,2024-12-14T00:00:00Z,0.153846,0.169492,0.238095,0.28169,0.142857,0.225225
2016-09-17,Augusto Montano,Belal Muhammad,,kaggle_mdabbert_bestfightodds,,2024-12-14T00:00:00Z,0.130208,0.057143,0.111111,0.333333,0.064516,0.53271
2016-09-17,Antonio Carlos Junior,Leonardo Augusto Leleco,,kaggle_mdabbert_bestfightodds,,2024-12-14T00:00:00Z,0.209205,0.344828,0.253165,0.220264,0.052632,0.105263
2016-09-17,Jose Quinonez,Joey Gomez,,kaggle_mdabbert_bestfightodds,,2024-12-14T00:00:00Z,0.13089,0.181818,0.25,0.374532,0.066667,0.221729
2016-09-17,Erick Montano,Randy Brown,,kaggle_mdabbert_bestfightodds,,2024-12-14T00:00:00Z,0.130208,0.057143,0.111111,0.444444,0.222222,0.310559
2016-09-17,Chas Skelly,Maximo Blanco,,kaggle_mdabbert_bestfightodds,,2024-12-14T00:00:00Z,0.090253,0.377358,0.222222,0.196464,0.043478,0.243902
2016-09-24,Thiago Santos,Eric Spicely,,kaggle_mdabbert_bestfightodds,,2024-12-14T00:00:00Z,0.75,0.074074,0.153846,0.052632,0.095238,0.095238
2016-09-24,Cris Cyborg,Lina Lansberg,,kaggle_mdabbert_bestfightodds,,2024-12-14T00:00:00Z,,,,0.090909,0.052632,0.047619
2016-09-24,Renan Barao,Phillipe Nover,,kaggle_mdabbert_bestfightodds,,2024-12-14T00:00:00Z,0.333333,0.25,0.384615,0.090909,0.052632,0.153846
2016-09-24,Roy Nelson,Antonio Silva,,kaggle_mdabbert_bestfightodds,,2024-12-14T00:00:00Z,0.733333,0.066667,0.111111,0.117647,0.076923,0.125
2016-09-24,Francisco Trinaldo,Paul Felder,,kaggle_mdabbert_bestfightodds,,2024-12-14T00:00:00Z,0.137931,0.090909,0.425532,0.190476,0.153846,0.25
2016-09-24,Godofredo Pepey,Mike de la Torre,,kaggle_mdabbert_bestfightodds,,2024-12-14T00:00:00Z,0.166667,0.363636,0.173913,0.30303,0.1,0.142857
2016-09-24,Vicente Luque,Hector Urbina,,kaggle_mdabbert_bestfightodds,,2024-12-14T00:00:00Z,0.239808,0.392157,0.282486,0.065574,0.069444,0.123457
2016-09-24,Rani Yahya,Michinori Tanaka,,kaggle_mdabbert_bestfightodds,,2024-12-14T00:00:00Z,0.076336,0.210526,0.294118,0.130719,0.125,0.363636
2016-09-24,Jussier Formiga,Dustin Ortiz,,kaggle_mdabbert_bestfightodds,,2024-12-14T00:00:00Z,0.066667,0.222222,0.454545,0.1,0.059524,0.285714
2016-09-24,Erick Silva,Luan Chagas,,kaggle_mdabbert_bestfightodds,,2024-12-14T00:00:00Z,0.117647,0.076923,0.125,0.285714,0.146628,0.215054
2016-09-24,Alan Patrick,Stevie Ray,,kaggle_mdabbert_bestfightodds,,2024-12-14T00:00:00Z,0.09901,0.142857,0.28169,0.285714,0.156986,0.266667
2016-09-24,Glaico Franca,Gregor Gillespie,,kaggle_mdabbert_bestfightodds,,2024-12-14T00:00:00Z,0.114286,0.289855,0.252525,0.17094,0.10582,0.255754
2016-09-24,Gilbert Burns,Michel Prazeres,,kaggle_mdabbert_bestfightodds,,2024-12-14T00:00:00Z,0.111111,0.291545,0.378788,0.089286,0.060606,0.25641
2016-10-01,John Lineker,John Dodson,,kaggle_mdabbert_bestfightodds,,2024-12-14T00:00:00Z,0.3125,0.083333,0.166667,0.263158,0.153846,0.263158
2016-10-01,Will Brooks,Alex Oliveira,,kaggle_mdabbert_bestfightodds,,2024-12-14T00:00:00Z,0.133333,0.181818,0.545455,0.125,0.090909,0.173913
2016-10-01,Henrique da Silva,Joachim Christensen,,kaggle_mdabbert_bestfightodds,,2024-12-14T00:00:00Z,0.277778,0.140845,0.19802,0.19802,0.142857,0.222222
2016-10-01,Louis Smolka,Brandon Moreno,,kaggle_mdabbert_bestfightodds,,2024-12-14T00:00:00Z,0.273973,0.47619,0.210526,0.064516,0.052632,0.173913
2016-10-01,Hacran Dias,Andre Fili,,kaggle_mdabbert_bestfightodds,,2024-12-14T00:00:00Z,0.094697,0.137931,0.465116,0.191939,0.071429,0.25974
2016-10-01,Joshua Burkman,Zak Ottow,,kaggle_mdabbert_bestfightodds,,2024-12-14T00:00:00Z,0.273973,0.173913,0.350877,0.129032,0.125,0.2
2016-10-01,Keita Nakamura,Elizeu Zaleski dos Santos,,kaggle_mdabbert_bestfightodds,,2024-12-14T00:00:00Z,0.102354,0.344828,0.181818,0.206186,0.059701,0.294118
2016-10-01,Nate Marquardt,Tamdan McCrory,,kaggle_mdabbert_bestfightodds,,2024-12-14T00:00:00Z,0.238095,0.142857,0.153846,0.289855,0.186916,0.15456
2016-10-01,Jonathan Wilson,Ion Cutelaba,,kaggle_mdabbert_bestfightodds,,2024-12-14T00:00:00Z,0.28169,0.136426,0.153846,0.367647,0.142857,0.15625
2016-10-01,Cody East,Curtis Blaydes,,kaggle_mdabbert_bestfightodds,,2024-12-14T00:00:00Z,0.229885,0.058824,0.112994,0.452489,0.1,0.232558
2016-10-01,Kelly Faszholz,Ketlen Vieira,,kaggle_mdabbert_bestfightodds,,2024-12-14T00:00:00Z,0.181818,0.16,0.33557,0.15625,0.134228,0.30303
2016-10-01,Shamil Abdurakhimov,Walt Harris,,kaggle_mdabbert_bestfightodds,,2024-12-14T00:00:00Z,0.3125,0.087566,0.232558,0.374532,0.066667,0.1
2016-10-08,Michael Bisping,Dan Henderson,,kaggle_mdabbert_bestfightodds,,2024-12-14T00:00:00Z,0.5,0.076923,0.235294,0.285714,0.047619,0.1
2016-10-08,Vitor Belfort,Gegard Mousasi,,kaggle_mdabbert_bestfightodds,,2024-12-14T00:00:00Z,0.181818,0.074074,0.121212,0.534884,0.190476,0.148148
2016-10-08,Ovince Saint Preux,Jimi Manuwa,,kaggle_mdabbert_bestfightodds,,2024-12-14T00:00:00Z,0.37037,0.181818,0.16,0.307692,0.0625,0.142857
2016-10-08,Stefan Struve,Daniel Omielanczuk,,kaggle_mdabbert_bestfightodds,,2024-12-14T00:00:00Z,0.31746,0.181818,0.243902,0.210526,0.074074,0.210526
2016-10-08,Mirsad Bektic,Russell Doane,,kaggle_mdabbert_bestfightodds,,2024-12-14T00:00:00Z,0.37037,0.190476,0.454545,0.074074,0.076923,0.090909
2016-10-08,Davey Grant,Damian Stasiak,,kaggle_mdabbert_bestfightodds,,2024-12-14T00:00:00Z,0.106383,0.212766,0.408163,0.076923,0.151976,0.225734
2016-10-08,Leon Edwards,Albert Tumenov,,kaggle_mdabbert_bestfightodds,,2024-12-14T00:00:00Z,0.125,0.077942,0.25641,0.374532,0.076923,0.26738
2016-10-08,Lukasz Sajewski,Marc Diakiese,,kaggle_mdabbert_bestfightodds,,2024-12-14T00:00:00Z,0.066667,0.144928,0.162602,0.289855,0.1,0.421941
2016-10-08,Danny Roberts,Mike Perry,,kaggle_mdabbert_bestfightodds,,2024-12-14T00:00:00Z,0.210526,0.233645,0.153846,0.332226,0.111111,0.13986
2016-10-08,Leonardo Santos,Adriano Martins,,kaggle_mdabbert_bestfightodds,,2024-12-14T00:00:00Z,0.1221,0.142857,0.186916,0.294118,0.162338,0.293255
2016-10-08,Brad Pickett,Iuri Alcantara,,kaggle_mdabbert_bestfightodds,,2024-12-14T00:00:00Z,0.125,0.084746,0.35461,0.217391,0.141643,0.3125
2016-11-05,Beneil Dariush,Rashid Magomedov,,kaggle_mdabbert_bestfightodds,,2024-12-14T00:00:00Z,0.121212,0.190476,0.285714,0.194175,0.074074,0.363636
2016-11-05,Rafael Dos Anjos,Tony Ferguson,,kaggle_mdabbert_bestfightodds,,2024-12-14T00:00:00Z,0.235294,0.117647,0.333333,0.2,0.235294,0.133333
2016-11-05,Diego Sanchez,Marcin Held,,kaggle_mdabbert_bestfightodds,,2024-12-14T00:00:00Z,0.108108,0.074074,0.235294,0.148148,0.307692,0.363636
2016-11-05,Ricardo Lamas,Charles Oliveira,,kaggle_mdabbert_bestfightodds,,2024-12-14T00:00:00Z,0.16,0.153846,0.3125,0.125,0.298507,0.2
2016-11-05,Martin Bravo,Claudio Puelles,,kaggle_mdabbert_bestfightodds,,2024-12-14T00:00:00Z,0.16,0.096993,0.357143,0.17094,0.116959,0.299401
2016-11-05,Alexa Grasso,Heather Jo Clark,,kaggle_mdabbert_bestfightodds,,2024-12-14T00:00:00Z,0.222222,0.133333,0.6,0.08,0.076923,0.129032
2016-11-05,Enrique Barzola,Chris Avila,,kaggle_mdabbert_bestfightodds,,2024-12-14T00:00:00Z,0.229885,0.176991,0.528302,0.06734,0.096618,0.111111
2016-11-05,Marco Beltran,Joe Soto,,kaggle_mdabbert_bestfightodds,,2024-12-14T00:00:00Z,0.19802,0.108108,0.321543,0.095694,0.294118,0.2
2016-11-05,Erick Montano,Max Griffin,,kaggle_mdabbert_bestfightodds,,2024-12-14T00:00:00Z,0.1,0.16129,0.289855,0.350877,0.142857,0.210526
2016-11-05,Henry Briones,Douglas Silva de Andrade,,kaggle_mdabbert_bestfightodds,,2024-12-14T00:00:00Z,0.114943,0.136426,0.344828,0.222222,0.168067,0.273973
2016-11-05,Sam Alvey,Alex Nicholson,,kaggle_mdabbert_bestfightodds,,2024-12-14T00:00:00Z,0.487805,0.124533,0.204082,0.280112,0.066667,0.153846
2016-11-05,Polo Reyes,Jason Novelli,,kaggle_mdabbert_bestfightodds,,2024-12-14T00:00:00Z,0.4,0.086957,0.240385,0.15456,0.208333,0.153846
2016-11-05,Erik Perez,Felipe Arantes,,kaggle_mdabbert_bestfightodds,,2024-12-14T00:00:00Z,0.190476,0.136799,0.416667,0.080645,0.148148,0.210526
2016-11-12,Eddie Alvarez,Conor McGregor,,kaggle_mdabbert_bestfightodds,,2024-12-14T00:00:00Z,0.2,0.192308,0.166667,0.47619,0.0625,0.136986
2016-11-12,Joanna Jedrzejczyk,Karolina Kowalkiewicz,,kaggle_mdabbert_bestfightodds,,2024-12-14T00:00:00Z,0.30303,0.068966,0.512195,0.1,0.052632,0.173913
2016-11-12,Chris Weidman,Yoel Romero,,kaggle_mdabbert_bestfightodds,,2024-12-14T00:00:00Z,0.222222,0.181818,0.333333,0.235294,0.047619,0.2
2016-11-12,Frankie Edgar,Jeremy Stephens,,kaggle_mdabbert_bestfightodds,,2024-12-14T00:00:00Z,0.196078,0.127389,0.565217,0.166667,0.052632,0.137931
2016-11-12,Miesha Tate,Raquel Pennington,,kaggle_mdabbert_bestfightodds,,2024-12-14T00:00:00Z,0.121212,0.229885,0.384615,0.1,0.117647,0.285714
2016-11-12,Rafael Natal,Tim Boetsch,,kaggle_mdabbert_bestfightodds,,2024-12-14T00:00:00Z,0.222222,0.148148,0.333333,0.266667,0.1,0.173913
2016-11-12,Vicente Luque,Belal Muhammad,,kaggle_mdabbert_bestfightodds,,2024-12-14T00:00:00Z,0.16,0.16,0.285714,0.148148,0.092593,0.4
2016-11-12,Jim Miller,Thiago Alves,,kaggle_mdabbert_bestfightodds,,2024-12-14T00:00:00Z,0.121212,0.2,0.217391,0.27027,0.080321,0.330033
2016-11-12,Liz Carmouche,Katlyn Chookagian,,kaggle_mdabbert_bestfightodds,,2024-12-14T00:00:00Z,0.125,0.125,0.25,0.16,0.148148,0.444444
2016-11-12,Khabib Nurmagomedov,Michael Johnson,,kaggle_mdabbert_bestfightodds,,2024-12-14T00:00:00Z,0.208333,0.2,0.444444,0.165563,0.034483,0.153846
2016-11-19,Gegard Mousasi,Uriah Hall,,kaggle_mdabbert_bestfightodds,,2024-12-14T00:00:00Z,0.4,0.333333,0.25,0.125,0.052632,0.08
2016-11-19,Ross Pearson,Stevie Ray,,kaggle_mdabbert_bestfightodds,,2024-12-14T00:00:00Z,0.181818,0.08,0.363636,0.190476,0.074074,0.344828
2016-11-19,Tim Johnson,Alexander Volkov,,kaggle_mdabbert_bestfightodds,,2024-12-14T00:00:00Z,0.185185,0.15748,0.338983,0.25,0.136054,0.16
2016-11-19,Artem Lobov,Teruto Ishihara,,kaggle_mdabbert_bestfightodds,,2024-12-14T00:00:00Z,0.142857,0.074074,0.222222,0.47619,0.064516,0.266667
2016-11-19,Magnus Cedenblad,Jack Marshman,,kaggle_mdabbert_bestfightodds,,2024-12-14T00:00:00Z,0.263158,0.344828,0.25641,0.206186,0.083893,0.1
2016-11-19,Kyoji Horiguchi,Ali Bagautinov,,kaggle_mdabbert_bestfightodds,,2024-12-14T00:00:00Z,0.176991,0.081967,0.534884,0.098039,0.068027,0.27027
2016-11-19,Anna Elmose,Amanda Cooper,,kaggle_mdabbert_bestfightodds,,2024-12-14T00:00:00Z,0.235294,0.100806,0.359712,0.10917,0.222222,0.266667
2016-11-19,Justin Ledet,Mark Godbeer,,kaggle_mdabbert_bestfightodds,,2024-12-14T00:00:00Z,0.27027,0.155039,0.278552,0.338983,0.083333,0.104167
2016-11-19,Zak Cummings,Alexander Yakovlev,,kaggle_mdabbert_bestfightodds,,2024-12-14T00:00:00Z,0.148148,0.145985,0.416667,0.122699,0.102881,0.294118
2016-11-19,Marion Reneau,Milana Dudieva,,kaggle_mdabbert_bestfightodds,,2024-12-14T00:00:00Z,0.199601,0.277778,0.357143,0.076628,0.1,0.263158
2016-11-19,Brett Johns,Kwan Ho Kwak,,kaggle_mdabbert_bestfightodds,,2024-12-14T00:00:00Z,0.153846,0.15456,0.46729,0.157729,0.09009,0.190476
2016-11-19,Charlie Ward,Abdul Razak Alhassan,,kaggle_mdabbert_bestfightodds,,2024-12-14T00:00:00Z,0.129032,0.082988,0.140845,0.591837,0.132979,0.133333
2016-11-19,Kevin Lee,Magomed Mustafaev,,kaggle_mdabbert_bestfightodds,,2024-12-14T00:00:00Z,0.145349,0.153846,0.322581,0.30303,0.105708,0.17331
2016-11-26,Khalil Rountree Jr.,Tyson Pedro,,kaggle_mdabbert_bestfightodds,,2024-12-14T00:00:00Z,,,,0.17094,0.25974,0.173913
2016-11-26,Robert Whittaker,Derek Brunson,,kaggle_mdabbert_bestfightodds,,2024-12-14T00:00:00Z,0.357143,0.08,0.136054,0.350877,0.108108,0.243902
2016-11-26,Jake Matthews,Andrew Holbrook,,kaggle_mdabbert_bestfightodds,,2024-12-14T00:00:00Z,0.298507,0.25,0.37037,0.086957,0.121212,0.108108
2016-11-26,Kyle Noke,Omari Akhmedov,,kaggle_mdabbert_bestfightodds,,2024-12-14T00:00:00Z,0.16,0.155763,0.232558,0.263158,0.166667,0.25
2016-11-26,Yusuke Kasuya,Alexander Volkanovski,,kaggle_mdabbert_bestfightodds,,2024-12-14T00:00:00Z,0.129032,0.210526,0.222222,0.217391,0.162866,0.285714
2016-11-26,Seohee Ham,Danielle Taylor,,kaggle_mdabbert_bestfightodds,,2024-12-14T00:00:00Z,0.068966,0.058824,0.465116,0.204082,0.074906,0.3125
2016-11-26,Yao Zhikui,Jenel Lausa,,kaggle_mdabbert_bestfightodds,,2024-12-14T00:00:00Z,0.097561,0.089286,0.344828,0.212766,0.166667,0.338983
2016-11-26,Damien Brown,Jon Tuck,,kaggle_mdabbert_bestfightodds,,2024-12-14T00:00:00Z,0.10989,0.101523,0.338983,0.173913,0.215054,0.266667
2016-11-26,Richard Walsh,Jonathan Meunier,,kaggle_mdabbert_bestfightodds,,2024-12-14T00:00:00Z,0.208333,0.153846,0.289855,0.183486,0.144928,0.243902
2016-11-26,Ben Nguyen,Geane Herrera,,kaggle_mdabbert_bestfightodds,,2024-12-14T00:00:00Z,0.190476,0.162602,0.275482,0.176991,0.165289,0.238095
2016-11-26,Dan Hooker,Jason Knight,,kaggle_mdabbert_bestfightodds,,2024-12-14T00:00:00Z,0.194175,0.135318,0.363636,0.075472,0.124224,0.296736
2016-11-26,Marlon Vera,Ning Guangyou,,kaggle_mdabbert_bestfightodds,,2024-12-14T00:00:00Z,0.081967,0.19802,0.362319,0.136612,0.066667,0.338983
2016-11-26,Daniel Kelly,Chris Camozzi,,kaggle_mdabbert_bestfightodds,,2024-12-14T00:00:00Z,0.090909,0.118343,0.224719,0.289855,0.144509,0.322581
2016-12-03,Demetrious Johnson,Tim Elliott,,kaggle_mdabbert_bestfightodds,,2024-12-14T00:00:00Z,0.278552,0.350877,0.4,0.058824,0.047619,0.066667
2016-12-03,Joseph Benavidez,Henry Cejudo,,kaggle_mdabbert_bestfightodds,,2024-12-14T00:00:00Z,0.190476,0.190476,0.4,0.095238,0.052632,0.3125
2016-12-03,Jake Ellenberger,Jorge Masvidal,,kaggle_mdabbert_bestfightodds,,2024-12-14T00:00:00Z,0.153846,0.083333,0.173913,0.333333,0.166667,0.384615
2016-12-03,Ion Cutelaba,Jared Cannonier,,kaggle_mdabbert_bestfightodds,,2024-12-14T00:00:00Z,0.416667,0.173913,0.190476,0.190476,0.105263,0.16
2016-12-03,Brandon Moreno,Ryan Benoit,,kaggle_mdabbert_bestfightodds,,2024-12-14T00:00:00Z,0.102145,0.363636,0.223214,0.2,0.090909,0.239234
2016-12-03,Sara McMann,Alexis Davis,,kaggle_mdabbert_bestfightodds,,2024-12-14T00:00:00Z,0.142857,0.105263,0.5,0.117647,0.16,0.235294
2016-12-03,Rob Font,Matt Schnell,,kaggle_mdabbert_bestfightodds,,2024-12-14T00:00:00Z,0.363636,0.166667,0.322581,0.076923,0.2,0.133333
2016-12-03,Josh Stansbury,Devin Clark,,kaggle_mdabbert_bestfightodds,,2024-12-14T00:00:00Z,0.25,0.188679,0.178571,0.289855,0.095602,0.215054
2016-12-03,Elvis Mutapcic,Anthony Smith,,kaggle_mdabbert_bestfightodds,,2024-12-14T00:00:00Z,0.215054,0.126582,0.222222,0.232558,0.165563,0.239808
2016-12-03,Gray Maynard,Ryan Hall,,kaggle_mdabbert_bestfightodds,,2024-12-14T00:00:00Z,0.229885,0.064935,0.294118,0.134409,0.37037,0.191571
2016-12-03,Dong Hyun Ma,Brendan O'Reilly,,kaggle_mdabbert_bestfightodds,,2024-12-14T00:00:00Z,0.266667,0.15456,0.235849,0.142653,0.165289,0.241546
2016-12-03,Kailin Curran,Jamie Moyle,,kaggle_mdabbert_bestfightodds,,2024-12-14T00:00:00Z,0.16129,0.056497,0.392157,0.13587,0.2,0.27027
2016-12-09,Keith Berish,Ryan Janes,,kaggle_mdabbert_bestfightodds,,2024-12-14T00:00:00Z,0.206186,0.125156,0.137931,0.171527,0.37037,0.222222
2016-12-09,Juliana Lima,JJ Aldrich,,kaggle_mdabbert_bestfightodds,,2024-12-14T00:00:00Z,0.181818,0.152905,0.5,0.098522,0.067797,0.234742
2016-12-09,Derrick Lewis,Shamil Abdurakhimov,,kaggle_mdabbert_bestfightodds,,2024-12-14T00:00:00Z,0.6,0.076923,0.095238,0.25,0.090909,0.111111
2016-12-09,Francis Ngannou,Anthony Hamilton,,kaggle_mdabbert_bestfightodds,,2024-12-14T00:00:00Z,0.705882,0.076923,0.148148,0.121212,0.052632,0.111111
2016-12-09,Gian Villante,Saparbeg Safarov,,kaggle_mdabbert_bestfightodds,,2024-12-14T00:00:00Z,0.425532,0.1,0.235294,0.285714,0.090909,0.111111
2016-12-09,Justine Kish,Ashley Yoder,,kaggle_mdabbert_bestfightodds,,2024-12-14T00:00:00Z,0.178253,0.077821,0.497512,0.086207,0.17094,0.181818
2016-12-09,Corey Anderson,Sean O'Connell,,kaggle_mdabbert_bestfightodds,,2024-12-14T00:00:00Z,0.384615,0.105263,0.416667,0.133333,0.076923,0.121212
2016-12-09,Joe Gigliotti,Gerald Meerschaert,,kaggle_mdabbert_bestfightodds,,2024-12-14T00:00:00Z,0.123457,0.2,0.13369,0.142857,0.285714,0.321543
2016-12-09,Andrew Sanchez,Trevor Smith,,kaggle_mdabbert_bestfightodds,,2024-12-14T00:00:00Z,0.285714,0.137552,0.359712,0.090909,0.17094,0.192308
2016-12-09,Tiago Trator,Shane Burgos,,kaggle_mdabbert_bestfightodds,,2024-12-14T00:00:00Z,0.145985,0.116144,0.229885,0.3125,0.149031,0.261097
2016-12-09,Frankie Perez,Marc Diakiese,,kaggle_mdabbert_bestfightodds,,2024-12-14T00:00:00Z,0.084034,0.111111,0.183486,0.444444,0.085106,0.298507
2016-12-09,Randy Brown,Brian Camozzi,,kaggle_mdabbert_bestfightodds,,2024-12-14T00:00:00Z,0.16,0.170358,0.384615,0.190476,0.164745,0.169205
2016-12-10,Tim Kennedy,Kelvin Gastelum,,kaggle_mdabbert_bestfightodds,,2024-12-14T00:00:00Z,0.16,0.181818,0.37037,0.117647,0.111111,0.333333
2016-12-10,Max Holloway,Anthony Pettis,,kaggle_mdabbert_bestfightodds,,2024-12-14T00:00:00Z,0.277778,0.125,0.416667,0.133333,0.137931,0.190476
2016-12-10,Donald Cerrone,Matt Brown,,kaggle_mdabbert_bestfightodds,,2024-12-14T00:00:00Z,0.25,0.307692,0.3125,0.173913,0.068966,0.153846
2016-12-10,Cub Swanson,Dooho Choi,,kaggle_mdabbert_bestfightodds,,2024-12-14T00:00:00Z,0.114286,0.105263,0.235294,0.5,0.08,0.25
2016-12-10,Jordan Mein,Emil Meek,,kaggle_mdabbert_bestfightodds,,2024-12-14T00:00:00Z,0.4,0.1,0.206186,0.294118,0.090909,0.142857
2016-12-10,Mitch Gagnon,Matthew Lopez,,kaggle_mdabbert_bestfightodds,,2024-12-14T00:00:00Z,0.148148,0.235294,0.31348,0.150376,0.143885,0.25
2016-12-10,Olivier Aubin-Mercier,Drew Dober,,kaggle_mdabbert_bestfightodds,,2024-12-14T00:00:00Z,0.096061,0.235294,0.377358,0.11976,0.07326,0.277778
2016-12-10,Valerie Letourneau,Viviane Pereira,,kaggle_mdabbert_bestfightodds,,2024-12-14T00:00:00Z,0.141844,0.096061,0.398406,0.163934,0.141044,0.25641
2016-12-10,Jason Saggo,Rustam Khabilov,,kaggle_mdabbert_bestfightodds,,2024-12-14T00:00:00Z,0.087719,0.11919,0.243902,0.16129,0.111111,0.47619
2016-12-10,Zach Makovsky,Dustin Ortiz,,kaggle_mdabbert_bestfightodds,,2024-12-14T00:00:00Z,0.096154,0.093721,0.5,0.092166,0.108696,0.344828
2016-12-10,Nikita Krylov,Misha Cirkunov,,kaggle_mdabbert_bestfightodds,,2024-12-14T00:00:00Z,0.273973,0.188679,0.131752,0.132802,0.344828,0.149254
2016-12-10,John Makdessi,Lando Vannata,,kaggle_mdabbert_bestfightodds,,2024-12-14T00:00:00Z,0.127389,0.068729,0.2457,0.28169,0.19802,0.263158
2016-12-17,Henrique da Silva,Paul Craig,,kaggle_mdabbert_bestfightodds,,2024-12-14T00:00:00Z,0.454545,0.168067,0.165563,0.102564,0.176991,0.147059
2016-12-17,Paige VanZant,Michelle Waterson,,kaggle_mdabbert_bestfightodds,,2024-12-14T00:00:00Z,,,,0.081633,0.181818,0.37037
2016-12-17,Sage Northcutt,Mickey Gall,,kaggle_mdabbert_bestfightodds,,2024-12-14T00:00:00Z,0.25974,0.105263,0.181818,0.137931,0.454545,0.145985
2016-12-17,Urijah Faber,Brad Pickett,,kaggle_mdabbert_bestfightodds,,2024-12-14T00:00:00Z,0.166667,0.377358,0.434783,0.076923,0.043478,0.16
2016-12-17,Alan Jouban,Mike Perry,,kaggle_mdabbert_bestfightodds,,2024-12-14T00:00:00Z,0.25,0.133333,0.181818,0.444444,0.125,0.153846
2016-12-17,Cole Miller,Mizuto Hirota,,kaggle_mdabbert_bestfightodds,,2024-12-14T00:00:00Z,0.160256,0.229885,0.212766,0.176991,0.056085,0.37037
2016-12-17,James Moontasri,Alex Morono,,kaggle_mdabbert_bestfightodds,,2024-12-14T00:00:00Z,0.285714,0.080515,0.239234,0.14245,0.196078,0.236407
2016-12-17,Josh Emmett,Scott Holtzman,,kaggle_mdabbert_bestfightodds,,2024-12-14T00:00:00Z,0.206186,0.129199,0.37037,0.104712,0.082988,0.30303
2016-12-17,Leslie Smith,Irene Aldana,,kaggle_mdabbert_bestfightodds,,2024-12-14T00:00:00Z,0.090909,0.053908,0.208333,0.333333,0.124844,0.378788
2016-12-17,Eddie Wineland,Takeya Mizugaki,,kaggle_mdabbert_bestfightodds,,2024-12-14T00:00:00Z,0.25,0.173913,0.286533,0.111111,0.13947,0.235294
2016-12-17,Hector Sandoval,Fredy Serrano,,kaggle_mdabbert_bestfightodds,,2024-12-14T00:00:00Z,0.155763,0.171527,0.327869,0.2,0.07722,0.2849
2016-12-17,Bojan Velickovic,Sultan Aliev,,kaggle_mdabbert_bestfightodds,,2024-12-14T00:00:00Z,0.153846,0.180505,0.37037,0.176367,0.098522,0.240964
2016-12-17,Bryan Barberena,Colby Covington,,kaggle_mdabbert_bestfightodds,,2024-12-14T00:00:00Z,0.1,0.066445,0.15873,0.188679,0.181818,0.502488
2016-12-30,Amanda Nunes,Ronda Rousey,,kaggle_mdabbert_bestfightodds,,2024-12-14T00:00:00Z,0.37037,0.114286,0.068966,0.16,0.47619,0.075472
2016-12-30,Dominick Cruz,Cody Garbrandt,,kaggle_mdabbert_bestfightodds,,2024-12-14T00:00:00Z,0.173913,0.166667,0.434783,0.322581,0.047619,0.08
2016-12-30,TJ Dillashaw,John Lineker,,kaggle_mdabbert_bestfightodds,,2024-12-14T00:00:00Z,0.153846,0.133333,0.5,0.181818,0.1,0.181818
2016-12-30,Dong Hyun Kim,Tarec Saffiedine,,kaggle_mdabbert_bestfightodds,,2024-12-14T00:00:00Z,0.263158,0.114286,0.307692,0.129032,0.076923,0.344828
2016-12-30,Louis Smolka,Ray Borg,,kaggle_mdabbert_bestfightodds,,2024-12-14T00:00:00Z,0.133333,0.17094,0.263158,0.133333,0.25,0.307692
2016-12-30,Johny Hendricks,Neil Magny,,kaggle_mdabbert_bestfightodds,,2024-12-14T00:00:00Z,0.173913,0.08,0.298507,0.166667,0.137931,0.363636
2016-12-30,Antonio Carlos Junior,Marvin Vettori,,kaggle_mdabbert_bestfightodds,,2024-12-14T00:00:00Z,0.111111,0.285714,0.248756,0.148148,0.173913,0.277778
2016-12-30,Mike Pyle,Alex Garcia,,kaggle_mdabbert_bestfightodds,,2024-12-14T00:00:00Z,0.181818,0.16,0.151515,0.377358,0.106952,0.242718
2016-12-30,Brandon Thatch,Niko Price,,kaggle_mdabbert_bestfightodds,,2024-12-14T00:00:00Z,0.434783,0.188679,0.137741,0.229885,0.145985,0.144928
2017-01-15,Yair Rodriguez,BJ Penn,,kaggle_mdabbert_bestfightodds,,2024-12-14T00:00:00Z,0.534884,0.133333,0.25,0.105263,0.148148,0.076923
2017-01-15,Joe Lauzon,Marcin Held,,kaggle_mdabbert_bestfightodds,,2024-12-14T00:00:00Z,0.190476,0.125,0.333333,0.105263,0.2,0.298507
2017-01-15,Court McGee,Ben Saunders,,kaggle_mdabbert_bestfightodds,,2024-12-14T00:00:00Z,0.153846,0.117647,0.344828,0.16,0.166667,0.266667
2017-01-15,John Moraga,Sergio Pettis,,kaggle_mdabbert_bestfightodds,,2024-12-14T00:00:00Z,0.133333,0.147059,0.266667,0.125,0.121212,0.434783
2017-01-15,Devin Powell,Drakkar Klose,,kaggle_mdabbert_bestfightodds,,2024-12-14T00:00:00Z,0.101626,0.108108,0.166667,0.338983,0.106157,0.373134
2017-01-15,Bojan Mihajlovic,Joachim Christensen,,kaggle_mdabbert_bestfightodds,,2024-12-14T00:00:00Z,0.165289,0.064935,0.181818,0.28169,0.243309,0.251256
2017-01-15,Aleksei Oleinik,Viktor Pesta,,kaggle_mdabbert_bestfightodds,,2024-12-14T00:00:00Z,0.17762,0.3125,0.206186,0.145985,0.07722,0.30303
2017-01-15,Anthony Rocco Martin,Alex White,,kaggle_mdabbert_bestfightodds,,2024-12-14T00:00:00Z,0.114286,0.357143,0.30581,0.153846,0.104712,0.227273
2017-01-15,Jocelyn Jones-Lybarger,Nina Ansaroff,,kaggle_mdabbert_bestfightodds,,2024-12-14T00:00:00Z,0.074074,0.062893,0.328947,,,
2017-01-15,Walt Harris,Chase Sherman,,kaggle_mdabbert_bestfightodds,,2024-12-14T00:00:00Z,0.434783,0.081301,0.150376,0.246914,0.054795,0.206186
2017-01-15,Dmitrii Smoliakov,Cyril Asker,,kaggle_mdabbert_bestfightodds,,2024-12-14T00:00:00Z,0.338983,0.127551,0.121212,0.230947,0.19802,0.190476
2017-01-15,Frankie Saenz,Augusto Mendes,,kaggle_mdabbert_bestfightodds,,2024-12-14T00:00:00Z,0.181818,0.070175,0.434783,0.09542,0.192308,0.199601
2017-01-28,Valentina Shevchenko,Julianna Pena,,kaggle_mdabbert_bestfightodds,,2024-12-14T00:00:00Z,0.2,0.097561,0.377358,0.125,0.181818,0.235294
2017-01-28,Donald Cerrone,Jorge Masvidal,,kaggle_mdabbert_bestfightodds,,2024-12-14T00:00:00Z,0.181818,0.148148,0.37037,0.137931,0.083333,0.285714
2017-01-28,Andrei Arlovski,Francis Ngannou,,kaggle_mdabbert_bestfightodds,,2024-12-14T00:00:00Z,0.153846,0.0625,0.090909,0.666667,0.1,0.125
2017-01-28,Alex Caceres,Jason Knight,,kaggle_mdabbert_bestfightodds,,2024-12-14T00:00:00Z,0.1,0.105263,0.322581,0.129032,0.2,0.37037
2017-01-28,Nate Marquardt,Sam Alvey,,kaggle_mdabbert_bestfightodds,,2024-12-14T00:00:00Z,0.166667,0.136054,0.235294,0.416667,0.111111,0.190476
2017-01-28,Henrique da Silva,Jordan Johnson,,kaggle_mdabbert_bestfightodds,,2024-12-14T00:00:00Z,0.238095,0.138696,0.095238,0.156006,0.298507,0.3125
2017-01-28,Bobby Nash,Li Jingliang,,kaggle_mdabbert_bestfightodds,,2024-12-14T00:00:00Z,0.25974,0.095238,0.227273,0.231481,0.117647,0.283286
2017-01-28,Raphael Assuncao,Aljamain Sterling,,kaggle_mdabbert_bestfightodds,,2024-12-14T00:00:00Z,0.148148,0.133333,0.434783,0.1,0.095238,0.333333
2017-01-28,Jason Gonzalez,JC Cottrell,,kaggle_mdabbert_bestfightodds,,2024-12-14T00:00:00Z,0.176367,0.173913,0.207469,0.188679,0.2,0.283286
2017-01-28,Marcos Rogerio de Lima,Jeremy Kimball,,kaggle_mdabbert_bestfightodds,,2024-12-14T00:00:00Z,0.357143,0.235294,0.107527,0.222222,0.192678,0.133333
2017-01-28,Eric Spicely,Alessio Di Chirico,,kaggle_mdabbert_bestfightodds,,2024-12-14T00:00:00Z,0.085837,0.333333,0.185874,0.2,0.074074,0.31746
2017-01-28,Alexandre Pantoja,Eric Shelton,,kaggle_mdabbert_bestfightodds,,2024-12-14T00:00:00Z,0.141844,0.17094,0.263158,0.13986,0.129032,0.384615
2017-02-04,Daniel Jolly,Khalil Rountree Jr.,,kaggle_mdabbert_bestfightodds,,2024-12-14T00:00:00Z,0.140845,0.224719,0.120482,,,
2017-02-04,Tecia Torres,Bec Rawlings,,kaggle_mdabbert_bestfightodds,,2024-12-14T00:00:00Z,0.153846,0.152439,0.622642,0.061728,0.067797,0.173913
2017-02-04,Ricardo Ramos,Michinori Tanaka,,kaggle_mdabbert_bestfightodds,,2024-12-14T00:00:00Z,0.151515,0.227273,0.181818,0.073801,0.190476,0.377358
2017-02-04,Chas Skelly,Chris Gruetzemacher,,kaggle_mdabbert_bestfightodds,,2024-12-14T00:00:00Z,0.201207,0.408163,0.263158,0.077821,0.052632,0.188679
2017-02-04,Jessica Andrade,Angela Hill,,kaggle_mdabbert_bestfightodds,,2024-12-14T00:00:00Z,0.190476,0.4,0.37037,0.076923,0.055556,0.129032
2017-02-04,Anthony Hamilton,Marcel Fortuna,,kaggle_mdabbert_bestfightodds,,2024-12-14T00:00:00Z,0.47619,0.08,0.266667,0.121212,0.2,0.142857
2017-02-04,Ovince Saint Preux,Volkan Oezdemir,,kaggle_mdabbert_bestfightodds,,2024-12-14T00:00:00Z,0.47619,0.235294,0.229885,0.17094,0.068966,0.114286
2017-02-04,Abel Trujillo,James Vick,,kaggle_mdabbert_bestfightodds,,2024-12-14T00:00:00Z,0.333333,0.111111,0.166667,0.173913,0.25,0.229885
2017-02-04,Alexa Grasso,Felice Herrig,,kaggle_mdabbert_bestfightodds,,2024-12-14T00:00:00Z,0.222222,0.1,0.545455,0.068966,0.142857,0.153846
2017-02-04,Dennis Bermudez,Chan Sung Jung,,kaggle_mdabbert_bestfightodds,,2024-12-14T00:00:00Z,0.222222,0.125,0.392157,0.129032,0.2,0.153846
2017-02-11,Holly Holm,Germaine de Randamie,,kaggle_mdabbert_bestfightodds,,2024-12-14T00:00:00Z,0.2,0.090909,0.30303,0.285714,0.074074,0.285714
2017-02-11,Anderson Silva,Derek Brunson,,kaggle_mdabbert_bestfightodds,,2024-12-14T00:00:00Z,0.277778,0.102564,0.173913,0.277778,0.133333,0.25
2017-02-11,Jacare Souza,Tim Boetsch,,kaggle_mdabbert_bestfightodds,,2024-12-14T00:00:00Z,0.208333,0.607843,0.208333,0.108108,0.043478,0.1
2017-02-11,Glover Teixeira,Jared Cannonier,,kaggle_mdabbert_bestfightodds,,2024-12-14T00:00:00Z,0.266667,0.27027,0.235294,0.289855,0.068966,0.153846
2017-02-11,Nik Lentz,Islam Makhachev,,kaggle_mdabbert_bestfightodds,,2024-12-14T00:00:00Z,0.076923,0.068353,0.204082,0.15625,0.148148,0.555556
2017-02-11,Randy Brown,Belal Muhammad,,kaggle_mdabbert_bestfightodds,,2024-12-14T00:00:00Z,0.204082,0.151515,0.288184,0.118343,0.1,0.333333
2017-02-11,Wilson Reis,Ulka Sasaki,,kaggle_mdabbert_bestfightodds,,2024-12-14T00:00:00Z,0.125,0.434783,0.389105,0.064516,0.07326,0.082645
2017-02-11,Rick Glenn,Phillipe Nover,,kaggle_mdabbert_bestfightodds,,2024-12-14T00:00:00Z,0.223214,0.105263,0.37594,0.073801,0.117647,0.282486
2017-02-11,Ryan LaFlare,Roan Carneiro,,kaggle_mdabbert_bestfightodds,,2024-12-14T00:00:00Z,,,,0.084034,0.095238,0.166667
2017-02-11,Dustin Poirier,Jim Miller,,kaggle_mdabbert_bestfightodds,,2024-12-14T00:00:00Z,0.363636,0.210526,0.344828,0.074074,0.090909,0.16
2017-02-19,Sara McMann,Gina Mazany,,kaggle_mdabbert_bestfightodds,,2024-12-14T00:00:00Z,0.238095,0.333333,0.47619,0.047619,0.052632,0.125
2017-02-19,Derrick Lewis,Travis Browne,,kaggle_mdabbert_bestfightodds,,2024-12-14T00:00:00Z,0.465116,0.057143,0.083333,0.333333,0.125,0.153846
2017-02-19,Johny Hendricks,Hector Lombard,,kaggle_mdabbert_bestfightodds,,2024-12-14T00:00:00Z,0.222222,0.08,0.333333,0.338983,0.111111,0.215054
2017-02-19,Sam Sicilia,Gavin Tucker,,kaggle_mdabbert_bestfightodds,,2024-12-14T00:00:00Z,0.183486,0.079365,0.21978,0.212766,0.235294,0.232558
2017-02-19,Elias Theodorou,Cezar Ferreira,,kaggle_mdabbert_bestfightodds,,2024-12-14T00:00:00Z,0.229885,0.083333,0.333333,0.129032,0.17094,0.350877
2017-02-19,Paul Felder,Alessandro Ricci,,kaggle_mdabbert_bestfightodds,,2024-12-14T00:00:00Z,0.185185,0.136986,0.55157,0.066667,0.062696,0.188679
2017-02-19,Carla Esparza,Randa Markos,,kaggle_mdabbert_bestfightodds,,2024-12-14T00:00:00Z,0.086957,0.145985,0.591837,0.081301,0.081967,0.206186
2017-02-19,Aiemann Zahabi,Reginaldo Vieira,,kaggle_mdabbert_bestfightodds,,2024-12-14T00:00:00Z,0.269542,0.217391,0.327869,0.052632,0.117647,0.222222
2017-02-19,Jack Marshman,Thiago Santos,,kaggle_mdabbert_bestfightodds,,2024-12-14T00:00:00Z,0.289855,0.095694,0.102564,0.471698,0.070175,0.155039
2017-02-19,Gerald Meerschaert,Ryan Janes,,kaggle_mdabbert_bestfightodds,,2024-12-14T00:00:00Z,0.235294,0.277778,0.310559,0.057637,0.117647,0.199601
2017-02-19,Nordine Taleb,Santiago Ponzinibbio,,kaggle_mdabbert_bestfightodds,,2024-12-14T00:00:00Z,0.111111,0.049751,0.185185,0.434783,0.093023,0.344828
2017-03-04,Lando Vannata,David Teymur,,kaggle_mdabbert_bestfightodds,,2024-12-14T00:00:00Z,0.350877,0.2,0.333333,0.133333,0.0625,0.15748
2017-03-04,Rashad Evans,Daniel Kelly,,kaggle_mdabbert_bestfightodds,,2024-12-14T00:00:00Z,0.333333,0.071429,0.37037,0.125,0.074074,0.240964
2017-03-04,Amanda Cooper,Cynthia Calvillo,,kaggle_mdabbert_bestfightodds,,2024-12-14T00:00:00Z,0.068966,0.076923,0.406504,0.142857,0.18315,0.377358
2017-03-04,Alistair Overeem,Mark Hunt,,kaggle_mdabbert_bestfightodds,,2024-12-14T00:00:00Z,0.273973,0.166667,0.243902,0.4,0.047619,0.1
2017-03-04,Tyron Woodley,Stephen Thompson,,kaggle_mdabbert_bestfightodds,,2024-12-14T00:00:00Z,0.25,0.117647,0.243902,0.30303,0.052632,0.298507
2017-03-04,Mirsad Bektic,Darren Elkins,,kaggle_mdabbert_bestfightodds,,2024-12-14T00:00:00Z,0.265957,0.173913,0.512195,0.060241,0.044444,0.112108
2017-03-04,Iuri Alcantara,Luke Sanders,,kaggle_mdabbert_bestfightodds,,2024-12-14T00:00:00Z,0.166667,0.165289,0.25,0.160256,0.086957,0.377358
2017-03-04,Mark Godbeer,Daniel Spitz,,kaggle_mdabbert_bestfightodds,,2024-12-14T00:00:00Z,0.454545,0.090909,0.137741,0.142857,0.238663,0.173913
2017-03-04,Tyson Pedro,Paul Craig,,kaggle_mdabbert_bestfightodds,,2024-12-14T00:00:00Z,0.149254,0.338983,0.169492,0.095238,0.361011,0.096154
2017-03-04,Albert Morales,Andre Soukhamthath,,kaggle_mdabbert_bestfightodds,,2024-12-14T00:00:00Z,0.222222,0.163666,0.25974,0.2849,0.076923,0.181818
2017-03-04,Marcin Tybura,Luis Henrique,,kaggle_mdabbert_bestfightodds,,2024-12-14T00:00:00Z,0.338983,0.14245,0.224215,0.138889,0.156006,0.222222
2017-03-11,Mauricio Rua,Gian Villante,,kaggle_mdabbert_bestfightodds,,2024-12-14T00:00:00Z,0.350877,0.105263,0.222222,0.266667,0.071429,0.2
2017-03-11,Edson Barboza,Beneil Dariush,,kaggle_mdabbert_bestfightodds,,2024-12-14T00:00:00Z,0.222222,0.054054,0.416667,0.111111,0.148148,0.285714
2017-03-11,Jussier Formiga,Ray Borg,,kaggle_mdabbert_bestfightodds,,2024-12-14T00:00:00Z,0.105263,0.125,0.4,0.133333,0.121212,0.37037
2017-03-11,Alex Oliveira,Tim Means,,kaggle_mdabbert_bestfightodds,,2024-12-14T00:00:00Z,0.111111,0.111111,0.2,0.4,0.19802,0.243902
2017-03-11,Sergio Moraes,Davi Ramos,,kaggle_mdabbert_bestfightodds,,2024-12-14T00:00:00Z,0.17094,0.173913,0.413223,0.105263,0.12285,0.212766
2017-03-11,Rani Yahya,Joe Soto,,kaggle_mdabbert_bestfightodds,,2024-12-14T00:00:00Z,0.075472,0.222717,0.47619,0.066445,0.08658,0.247525
2017-03-11,Michel Prazeres,Joshua Burkman,,kaggle_mdabbert_bestfightodds,,2024-12-14T00:00:00Z,0.183486,0.123305,0.512195,0.079051,0.066667,0.224719
2017-03-11,Rony Jason,Jeremy Kennedy,,kaggle_mdabbert_bestfightodds,,2024-12-14T00:00:00Z,0.106383,0.266667,0.207039,0.165017,0.108108,0.363636
2017-03-11,Garreth McLellan,Paulo Costa,,kaggle_mdabbert_bestfightodds,,2024-12-14T00:00:00Z,0.095238,0.107875,0.142857,0.512195,0.222717,0.131234
2017-03-11,Francisco Trinaldo,Kevin Lee,,kaggle_mdabbert_bestfightodds,,2024-12-14T00:00:00Z,0.181818,0.1,0.238095,0.151515,0.181818,0.413223
2017-03-18,Jimi Manuwa,Corey Anderson,,kaggle_mdabbert_bestfightodds,,2024-12-14T00:00:00Z,0.47619,0.090909,0.108108,0.25,0.08,0.210526
2017-03-18,Gunnar Nelson,Alan Jouban,,kaggle_mdabbert_bestfightodds,,2024-12-14T00:00:00Z,0.210526,0.344828,0.294118,0.083333,0.035714,0.196078
2017-03-18,Brad Pickett,Marlon Vera,,kaggle_mdabbert_bestfightodds,,2024-12-14T00:00:00Z,0.4,0.222222,0.344828,0.058824,0.088889,0.121951
2017-03-18,Arnold Allen,Makwan Amirkhani,,kaggle_mdabbert_bestfightodds,,2024-12-14T00:00:00Z,0.166667,0.166667,0.285714,0.108108,0.210526,0.285714
2017-03-18,Joe Duffy,Reza Madadi,,kaggle_mdabbert_bestfightodds,,2024-12-14T00:00:00Z,0.4,0.222222,0.3125,0.058824,0.086957,0.120482
2017-03-18,Daniel Omielanczuk,Tim Johnson,,kaggle_mdabbert_bestfightodds,,2024-12-14T00:00:00Z,0.162602,0.108225,0.2,0.243902,0.122399,0.392157
2017-03-18,Leon Edwards,Vicente Luque,,kaggle_mdabbert_bestfightodds,,2024-12-14T00:00:00Z,0.123457,0.097656,0.363636,0.190476,0.208333,0.27027
2017-03-18,Marc Diakiese,Teemu Packalen,,kaggle_mdabbert_bestfightodds,,2024-12-14T00:00:00Z,0.30303,0.079051,0.3367,0.084388,0.178891,0.2
2017-03-18,Bradley Scott,Scott Askham,,kaggle_mdabbert_bestfightodds,,2024-12-14T00:00:00Z,0.106383,0.110619,0.30303,0.227273,0.131579,0.3367
2017-03-18,Lina Lansberg,Lucie Pudilova,,kaggle_mdabbert_bestfightodds,,2024-12-14T00:00:00Z,0.238095,0.07874,0.583333,0.066667,0.055556,0.210526
2017-03-18,Darren Stewart,Francimar Barroso,,kaggle_mdabbert_bestfightodds,,2024-12-14T00:00:00Z,0.416667,0.117647,0.220264,0.120773,0.1,0.263158
2017-04-08,Daniel Cormier,Anthony Johnson,,kaggle_mdabbert_bestfightodds,,2024-12-14T00:00:00Z,0.16,0.285714,0.137931,0.460829,0.052632,0.110497
2017-04-08,Chris Weidman,Gegard Mousasi,,kaggle_mdabbert_bestfightodds,,2024-12-14T00:00:00Z,0.137931,0.111111,0.350877,0.210526,0.121212,0.285714
2017-04-08,Cynthia Calvillo,Pearl Gonzalez,,kaggle_mdabbert_bestfightodds,,2024-12-14T00:00:00Z,0.142857,0.285714,0.408163,0.076923,0.111111,0.212766
2017-04-08,Thiago Alves,Patrick Cote,,kaggle_mdabbert_bestfightodds,,2024-12-14T00:00:00Z,0.142857,0.093023,0.307692,0.181818,0.133333,0.357143
2017-04-08,Will Brooks,Charles Oliveira,,kaggle_mdabbert_bestfightodds,,2024-12-14T00:00:00Z,0.222222,0.121212,0.454545,0.08,0.222222,0.142857
2017-04-08,Myles Jury,Mike de la Torre,,kaggle_mdabbert_bestfightodds,,2024-12-14T00:00:00Z,0.294118,0.285714,0.357143,0.071429,0.065574,0.15748
2017-04-08,Kamaru Usman,Sean Strickland,,kaggle_mdabbert_bestfightodds,,2024-12-14T00:00:00Z,0.17094,0.114286,0.565217,0.121212,0.085106,0.16
2017-04-08,Shane Burgos,Charles Rosa,,kaggle_mdabbert_bestfightodds,,2024-12-14T00:00:00Z,0.266667,0.16,0.4,0.088889,0.133333,0.206186
2017-04-08,Patrick Cummins,Jan Blachowicz,,kaggle_mdabbert_bestfightodds,,2024-12-14T00:00:00Z,0.117647,0.068966,0.416667,0.37037,0.08,0.181818
2017-04-08,Gregor Gillespie,Andrew Holbrook,,kaggle_mdabbert_bestfightodds,,2024-12-14T00:00:00Z,0.130719,0.090909,0.579832,0.102881,0.17094,0.119048
2017-04-08,Josh Emmett,Desmond Green,,kaggle_mdabbert_bestfightodds,,2024-12-14T00:00:00Z,0.17094,0.142857,0.429185,0.095694,0.066667,0.28169
2017-04-08,Katlyn Chookagian,Irene Aldana,,kaggle_mdabbert_bestfightodds,,2024-12-14T00:00:00Z,0.117647,0.073801,0.473934,0.172712,0.095238,0.249377
2017-04-08,Jenel Lausa,Magomed Bibulatov,,kaggle_mdabbert_bestfightodds,,2024-12-14T00:00:00Z,0.08,0.055556,0.124688,0.16129,0.224215,0.547511
2017-04-15,Rose Namajunas,Michelle Waterson,,kaggle_mdabbert_bestfightodds,,2024-12-14T00:00:00Z,0.133333,0.2,0.333333,0.111111,0.181818,0.30303
2017-04-15,Jacare Souza,Robert Whittaker,,kaggle_mdabbert_bestfightodds,,2024-12-14T00:00:00Z,0.148148,0.47619,0.246914,0.235294,0.038462,0.166667
2017-04-15,Jeremy Stephens,Renato Moicano,,kaggle_mdabbert_bestfightodds,,2024-12-14T00:00:00Z,0.37037,0.068966,0.333333,0.090909,0.137931,0.25
2017-04-15,Alexander Volkov,Roy Nelson,,kaggle_mdabbert_bestfightodds,,2024-12-14T00:00:00Z,0.2,0.1,0.416667,0.307692,0.1,0.181818
2017-04-15,Patrick Williams,Tom Duquesnoy,,kaggle_mdabbert_bestfightodds,,2024-12-14T00:00:00Z,0.075472,0.068027,0.0625,0.545455,0.263158,0.188324
2017-04-15,Demetrious Johnson,Wilson Reis,,kaggle_mdabbert_bestfightodds,,2024-12-14T00:00:00Z,0.392157,0.166667,0.487805,0.047619,0.111111,0.076923
2017-04-15,Louis Smolka,Tim Elliott,,kaggle_mdabbert_bestfightodds,,2024-12-14T00:00:00Z,0.07874,0.1,0.265252,0.15748,0.181818,0.454545
2017-04-15,Aljamain Sterling,Augusto Mendes,,kaggle_mdabbert_bestfightodds,,2024-12-14T00:00:00Z,0.183486,0.112486,0.583333,0.064516,0.084746,0.15625
2017-04-15,Devin Clark,Jake Collier,,kaggle_mdabbert_bestfightodds,,2024-12-14T00:00:00Z,0.28169,0.15083,0.235294,0.222222,0.121655,0.210084
2017-04-15,Anthony Smith,Andrew Sanchez,,kaggle_mdabbert_bestfightodds,,2024-12-14T00:00:00Z,0.135135,0.098619,0.121212,0.266667,0.183824,0.390625
2017-04-15,Zak Cummings,Nathan Coy,,kaggle_mdabbert_bestfightodds,,2024-12-14T00:00:00Z,0.350877,0.26455,0.307692,0.063492,0.058651,0.144928
2017-04-15,Ashlee Evans-Smith,Ketlen Vieira,,kaggle_mdabbert_bestfightodds,,2024-12-14T00:00:00Z,0.217391,0.09434,0.444444,0.143885,0.140845,0.243902
2017-04-15,Bobby Green,Rashid Magomedov,,kaggle_mdabbert_bestfightodds,,2024-12-14T00:00:00Z,0.083333,0.047733,0.20202,0.266667,0.086207,0.565217
2017-04-22,Cub Swanson,Artem Lobov,,kaggle_mdabbert_bestfightodds,,2024-12-14T00:00:00Z,0.591837,0.2,0.25,0.105263,0.038462,0.083333
2017-04-22,Ovince Saint Preux,Marcos Rogerio de Lima,,kaggle_mdabbert_bestfightodds,,2024-12-14T00:00:00Z,0.408163,0.222222,0.114286,0.357143,0.105263,0.076923
2017-04-22,John Dodson,Eddie Wineland,,kaggle_mdabbert_bestfightodds,,2024-12-14T00:00:00Z,0.642857,0.125,0.25974,0.096618,0.058824,0.142857
2017-04-22,Joe Lauzon,Stevie Ray,,kaggle_mdabbert_bestfightodds,,2024-12-14T00:00:00Z,0.105263,0.181818,0.227273,0.298507,0.137931,0.363636
2017-04-22,Jake Ellenberger,Mike Perry,,kaggle_mdabbert_bestfightodds,,2024-12-14T00:00:00Z,0.235294,0.153846,0.181818,0.5,0.111111,0.153846
2017-04-22,Al Iaquinta,Diego Sanchez,,kaggle_mdabbert_bestfightodds,,2024-12-14T00:00:00Z,0.444444,0.083333,0.425532,0.0625,0.090909,0.166667
2017-04-22,Dustin Ortiz,Brandon Moreno,,kaggle_mdabbert_bestfightodds,,2024-12-14T00:00:00Z,0.111111,0.153846,0.534884,0.071429,0.111111,0.277778
2017-04-22,Scott Holtzman,Michael McBride,,kaggle_mdabbert_bestfightodds,,2024-12-14T00:00:00Z,0.31746,0.133333,0.4,0.064516,0.140449,0.169492
2017-04-22,Jessica Penne,Danielle Taylor,,kaggle_mdabbert_bestfightodds,,2024-12-14T00:00:00Z,0.066667,0.155039,0.380228,0.13624,0.05,0.3861
2017-04-22,Alexis Davis,Cindy Dandois,,kaggle_mdabbert_bestfightodds,,2024-12-14T00:00:00Z,0.194175,0.25,0.363636,0.068493,0.148148,0.165837
2017-04-22,Bryan Barberena,Joe Proctor,,kaggle_mdabbert_bestfightodds,,2024-12-14T00:00:00Z,0.325733,0.133333,0.3861,0.08,0.071429,0.181159
2017-04-22,Hector Sandoval,Matt Schnell,,kaggle_mdabbert_bestfightodds,,2024-12-14T00:00:00Z,0.136799,0.1,0.285714,0.105263,0.25974,0.322581
2017-04-22,Thales Leites,Sam Alvey,,kaggle_mdabbert_bestfightodds,,2024-12-14T00:00:00Z,0.16,0.222222,0.363636,0.17094,0.052632,0.344828
2017-05-13,Stipe Miocic,Junior Dos Santos,,kaggle_mdabbert_bestfightodds,,2024-12-14T00:00:00Z,0.444444,0.052632,0.166667,0.4,0.057143,0.194175
2017-05-13,Joanna Jedrzejczyk,Jessica Andrade,,kaggle_mdabbert_bestfightodds,,2024-12-14T00:00:00Z,0.25,0.0625,0.454545,0.166667,0.114286,0.215054
2017-05-13,Demian Maia,Jorge Masvidal,,kaggle_mdabbert_bestfightodds,,2024-12-14T00:00:00Z,0.0625,0.30303,0.222222,0.294118,0.052632,0.266667
2017-05-13,Frankie Edgar,Yair Rodriguez,,kaggle_mdabbert_bestfightodds,,2024-12-14T00:00:00Z,0.125,0.090909,0.444444,0.208333,0.076923,0.266667
2017-05-13,Krzysztof Jotko,David Branch,,kaggle_mdabbert_bestfightodds,,2024-12-14T00:00:00Z,0.188679,0.076923,0.425532,0.076923,0.125,0.3125
2017-05-13,Chas Skelly,Jason Knight,,kaggle_mdabbert_bestfightodds,,2024-12-14T00:00:00Z,0.087336,0.222222,0.307692,0.142857,0.129032,0.285714
2017-05-13,James Vick,Polo Reyes,,kaggle_mdabbert_bestfightodds,,2024-12-14T00:00:00Z,0.238095,0.384615,0.232019,0.16,0.046512,0.126263
2017-05-13,Jessica Aguilar,Cortney Casey,,kaggle_mdabbert_bestfightodds,,2024-12-14T00:00:00Z,0.064309,0.095238,0.363636,0.125,0.18018,0.389105
2017-05-13,Gabriel Benitez,Enrique Barzola,,kaggle_mdabbert_bestfightodds,,2024-12-14T00:00:00Z,0.183486,0.14881,0.337838,0.095238,0.051414,0.367647
2017-05-13,Joachim Christensen,Gadzhimurad Antigulov,,kaggle_mdabbert_bestfightodds,,2024-12-14T00:00:00Z,0.122549,0.085106,0.112994,0.141844,0.52381,0.223714
2017-05-13,Chase Sherman,Rashad Coulter,,kaggle_mdabbert_bestfightodds,,2024-12-14T00:00:00Z,0.344828,0.108108,0.162602,0.425532,0.063492,0.112233
2017-05-28,Oliver Enkamp,Nordine Taleb,,kaggle_mdabbert_bestfightodds,,2024-12-14T00:00:00Z,0.068966,0.1,0.133333,0.298507,0.093023,0.512195
2017-05-28,Volkan Oezdemir,Misha Cirkunov,,kaggle_mdabbert_bestfightodds,,2024-12-14T00:00:00Z,0.129032,0.057143,0.105263,0.222222,0.512195,0.21978
2017-05-28,Peter Sobotta,Ben Saunders,,kaggle_mdabbert_bestfightodds,,2024-12-14T00:00:00Z,0.173913,0.115607,0.350877,0.172414,0.148148,0.285714
2017-05-28,Abdul Razak Alhassan,Omari Akhmedov,,kaggle_mdabbert_bestfightodds,,2024-12-14T00:00:00Z,0.615385,0.047619,0.148148,0.153846,0.125,0.150376
2017-05-28,Jack Hermansson,Alex Nicholson,,kaggle_mdabbert_bestfightodds,,2024-12-14T00:00:00Z,0.148148,0.142857,0.425532,0.222222,0.076923,0.196078
2017-05-28,Alexander Gustafsson,Glover Teixeira,,kaggle_mdabbert_bestfightodds,,2024-12-14T00:00:00Z,0.52381,0.066667,0.307692,0.16,0.090909,0.117647
2017-05-28,Trevor Smith,Chris Camozzi,,kaggle_mdabbert_bestfightodds,,2024-12-14T00:00:00Z,0.066313,0.103627,0.357143,0.201613,0.068729,0.383142
2017-05-28,Reza Madadi,Joaquim Silva,,kaggle_mdabbert_bestfightodds,,2024-12-14T00:00:00Z,0.054201,0.095238,0.333333,0.224719,0.068823,0.3861
2017-05-28,Nico Musoke,Bojan Velickovic,,kaggle_mdabbert_bestfightodds,,2024-12-14T00:00:00Z,0.102564,0.083682,0.416667,0.149254,0.127226,0.304878
2017-05-28,Darren Till,Jessin Ayari,,kaggle_mdabbert_bestfightodds,,2024-12-14T00:00:00Z,0.47619,0.1,0.3125,0.040816,0.034483,0.241546
2017-05-28,Marcin Held,Damir Hadzovic,,kaggle_mdabbert_bestfightodds,,2024-12-14T00:00:00Z,0.111607,0.37037,0.346021,0.121212,0.045455,0.192308
2017-05-28,Pedro Munhoz,Damian Stasiak,,kaggle_mdabbert_bestfightodds,,2024-12-14T00:00:00Z,0.202429,0.444444,0.347222,0.035714,0.04415,0.104167
2017-06-03,Jose Aldo,Max Holloway,,kaggle_mdabbert_bestfightodds,,2024-12-14T00:00:00Z,0.222222,0.090909,0.363636,0.181818,0.074074,0.277778
2017-06-03,Claudia Gadelha,Karolina Kowalkiewicz,,kaggle_mdabbert_bestfightodds,,2024-12-14T00:00:00Z,0.121212,0.129032,0.615385,0.090909,0.057143,0.222222
2017-06-03,Vitor Belfort,Nate Marquardt,,kaggle_mdabbert_bestfightodds,,2024-12-14T00:00:00Z,0.545455,0.076923,0.1,0.28169,0.111111,0.104167
2017-06-03,Paulo Costa,Oluwale Bamgbose,,kaggle_mdabbert_bestfightodds,,2024-12-14T00:00:00Z,0.615385,0.1,0.1,0.217391,0.08,0.081633
2017-06-03,Erick Silva,Yancy Medeiros,,kaggle_mdabbert_bestfightodds,,2024-12-14T00:00:00Z,0.17094,0.2,0.333333,0.307692,0.153846,0.173913
2017-06-03,Raphael Assuncao,Marlon Moraes,,kaggle_mdabbert_bestfightodds,,2024-12-14T00:00:00Z,0.076923,0.111111,0.25,0.235294,0.074074,0.444444
2017-06-03,Johnny Eduardo,Matthew Lopez,,kaggle_mdabbert_bestfightodds,,2024-12-14T00:00:00Z,0.192308,0.095238,0.288184,0.125,0.285714,0.227273
2017-06-03,Iuri Alcantara,Brian Kelleher,,kaggle_mdabbert_bestfightodds,,2024-12-14T00:00:00Z,0.173913,0.362319,0.338983,0.1,0.079365,0.142248
2017-06-03,Viviane Pereira,Jamie Moyle,,kaggle_mdabbert_bestfightodds,,2024-12-14T00:00:00Z,0.148148,0.131579,0.454545,0.06734,0.070922,0.310559
2017-06-03,Luan Chagas,Jimmy Wallhead,,kaggle_mdabbert_bestfightodds,,2024-12-14T00:00:00Z,0.363636,0.179533,0.25974,0.104712,0.085837,0.190476
2017-06-10,Derrick Lewis,Mark Hunt,,kaggle_mdabbert_bestfightodds,,2024-12-14T00:00:00Z,0.487805,0.052632,0.125,0.4,0.038462,0.111111
2017-06-10,Derek Brunson,Daniel Kelly,,kaggle_mdabbert_bestfightodds,,2024-12-14T00:00:00Z,0.434783,0.137931,0.285714,0.076923,0.0625,0.222222
2017-06-10,Dan Hooker,Ross Pearson,,kaggle_mdabbert_bestfightodds,,2024-12-14T00:00:00Z,0.210526,0.148148,0.333333,0.133333,0.068966,0.333333
2017-06-10,Ion Cutelaba,Henrique da Silva,,kaggle_mdabbert_bestfightodds,,2024-12-14T00:00:00Z,0.444444,0.153846,0.25,0.090909,0.086957,0.210526
2017-06-10,Tim Elliott,Ben Nguyen,,kaggle_mdabbert_bestfightodds,,2024-12-14T00:00:00Z,0.090909,0.25,0.47619,0.1,0.114286,0.235294
2017-06-10,JJ Aldrich,Chanmi Jeon,,kaggle_mdabbert_bestfightodds,,2024-12-14T00:00:00Z,0.110497,0.163934,0.431034,0.144928,0.080515,0.25974
2017-06-10,Damien Brown,Vinc Pichel,,kaggle_mdabbert_bestfightodds,,2024-12-14T00:00:00Z,0.196078,0.142857,0.298507,0.181818,0.142857,0.285714
2017-06-10,Luke Jumeau,Dominique Steele,,kaggle_mdabbert_bestfightodds,,2024-12-14T00:00:00Z,0.16,0.108108,0.243902,0.222222,0.105263,0.384615
2017-06-10,John Moraga,Ashkan Mokhtarian,,kaggle_mdabbert_bestfightodds,,2024-12-14T00:00:00Z,0.148148,0.25,0.350877,0.173913,0.095238,0.222222
2017-06-10,Kiichi Kunimoto,Zak Ottow,,kaggle_mdabbert_bestfightodds,,2024-12-14T00:00:00Z,0.0625,0.090909,0.181818,0.285714,0.16,0.425532
2017-06-10,Alexander Volkanovski,Mizuto Hirota,,kaggle_mdabbert_bestfightodds,,2024-12-14T00:00:00Z,0.25,0.181818,0.52381,0.0625,0.0625,0.140845
2017-06-17,Holly Holm,Bethe Correia,,kaggle_mdabbert_bestfightodds,,2024-12-14T00:00:00Z,0.487805,0.090909,0.384615,0.068966,0.0625,0.142857
2017-06-17,Tarec Saffiedine,Rafael Dos Anjos,,kaggle_mdabbert_bestfightodds,,2024-12-14T00:00:00Z,0.127714,0.054054,0.240964,0.182482,0.082645,0.545455
2017-06-17,Dong Hyun Kim,Colby Covington,,kaggle_mdabbert_bestfightodds,,2024-12-14T00:00:00Z,0.08,0.050505,0.20202,0.166667,0.178571,0.528302
2017-06-17,Takanori Gomi,Jon Tuck,,kaggle_mdabbert_bestfightodds,,2024-12-14T00:00:00Z,0.180505,0.045455,0.117647,0.333333,0.357143,0.150376
2017-06-17,Andrei Arlovski,Marcin Tybura,,kaggle_mdabbert_bestfightodds,,2024-12-14T00:00:00Z,0.181818,0.074074,0.166667,0.534884,0.105263,0.166667
2017-06-17,Alex Caceres,Rolando Dy,,kaggle_mdabbert_bestfightodds,,2024-12-14T00:00:00Z,0.142857,0.27027,0.454545,0.117509,0.070175,0.165289
2017-06-17,Justin Scoggins,Ulka Sasaki,,kaggle_mdabbert_bestfightodds,,2024-12-14T00:00:00Z,0.308642,0.105263,0.507389,0.111111,0.111111,0.076923
2017-06-17,Kwan Ho Kwak,Russell Doane,,kaggle_mdabbert_bestfightodds,,2024-12-14T00:00:00Z,0.18622,0.105263,0.327869,0.127389,0.186916,0.26455
2017-06-17,Naoki Inoue,Carls John De Tomas,,kaggle_mdabbert_bestfightodds,,2024-12-14T00:00:00Z,0.097656,0.384615,0.323625,0.102564,0.074074,0.190476
2017-06-17,Ji Yeon Kim,Lucie Pudilova,,kaggle_mdabbert_bestfightodds,,2024-12-14T00:00:00Z,0.08,0.050505,0.20202,0.140845,0.10395,0.392157
2017-06-17,Cyril Asker,Walt Harris,,kaggle_mdabbert_bestfightodds,,2024-12-14T00:00:00Z,0.128205,0.072727,0.138889,0.632353,0.052632,0.16
2017-06-25,Michael Chiesa,Kevin Lee,,kaggle_mdabbert_bestfightodds,,2024-12-14T00:00:00Z,0.148148,0.298507,0.121212,0.232558,0.186916,0.235294
2017-06-25,Tim Boetsch,Johny Hendricks,,kaggle_mdabbert_bestfightodds,,2024-12-14T00:00:00Z,0.188679,0.0625,0.277778,0.21978,0.086957,0.384615
2017-06-25,Felice Herrig,Justine Kish,,kaggle_mdabbert_bestfightodds,,2024-12-14T00:00:00Z,0.068966,0.117647,0.37037,0.192308,0.083333,0.392157
2017-06-25,Tim Means,Alex Garcia,,kaggle_mdabbert_bestfightodds,,2024-12-14T00:00:00Z,0.583333,0.117647,0.148148,0.16,0.125,0.108108
2017-06-25,BJ Penn,Dennis Siver,,kaggle_mdabbert_bestfightodds,,2024-12-14T00:00:00Z,0.153846,0.133333,0.215054,0.298507,0.057143,0.384615
2017-06-25,Clay Guida,Erik Koch,,kaggle_mdabbert_bestfightodds,,2024-12-14T00:00:00Z,0.066667,0.058824,0.210526,0.222222,0.266667,0.384615
2017-06-25,Devin Powell,Darrell Horcher,,kaggle_mdabbert_bestfightodds,,2024-12-14T00:00:00Z,0.081967,0.113507,0.105263,0.246914,0.090909,0.55157
2017-06-25,Jared Gordon,Michel Quinones,,kaggle_mdabbert_bestfightodds,,2024-12-14T00:00:00Z,0.15456,0.105263,0.409836,0.194175,0.095238,0.235294
2017-06-25,Anthony Rocco Martin,Johnny Case,,kaggle_mdabbert_bestfightodds,,2024-12-14T00:00:00Z,0.096618,0.19802,0.330033,0.153846,0.166667,0.318471
2017-06-25,Josh Stansbury,Jeremy Kimball,,kaggle_mdabbert_bestfightodds,,2024-12-14T00:00:00Z,0.084388,0.246914,0.285714,0.222222,0.09009,0.203666
2017-06-25,Vitor Miranda,Marvin Vettori,,kaggle_mdabbert_bestfightodds,,2024-12-14T00:00:00Z,0.117647,0.043011,0.148148,0.176991,0.344828,0.425532
2017-07-07,Michael Johnson,Justin Gaethje,,kaggle_mdabbert_bestfightodds,,2024-12-14T00:00:00Z,0.377358,0.110497,0.145985,0.290698,0.095238,0.155039
2017-07-07,Dhiego Lima,Jesse Taylor,,kaggle_mdabbert_bestfightodds,,2024-12-14T00:00:00Z,0.098912,0.222222,0.188679,0.135318,0.102041,0.5
2017-07-07,Jared Cannonier,Nick Roehrick,,kaggle_mdabbert_bestfightodds,,2024-12-14T00:00:00Z,0.6,0.085106,0.137931,0.130719,0.059347,0.18622
2017-07-07,Brad Tavares,Elias Theodorou,,kaggle_mdabbert_bestfightodds,,2024-12-14T00:00:00Z,0.148368,0.058824,0.425532,0.107527,0.066667,0.408163
2017-07-07,James Krause,Tom Gallicchio,,kaggle_mdabbert_bestfightodds,,2024-12-14T00:00:00Z,0.277778,0.273973,0.4,0.064516,0.108108,0.1
2017-07-07,Angela Hill,Ashley Yoder,,kaggle_mdabbert_bestfightodds,,2024-12-14T00:00:00Z,0.212766,0.052632,0.565217,0.060606,0.175439,0.128535
2017-07-07,Ed Herman,CB Dollaway,,kaggle_mdabbert_bestfightodds,,2024-12-14T00:00:00Z,0.206186,0.145985,0.16,0.253165,0.156495,0.293255
2017-07-07,Tecia Torres,Juliana Lima,,kaggle_mdabbert_bestfightodds,,2024-12-14T00:00:00Z,0.166945,0.073801,0.666667,0.098912,0.222222,0.188679
2017-07-07,Gray Maynard,Teruto Ishihara,,kaggle_mdabbert_bestfightodds,,2024-12-14T00:00:00Z,0.052632,0.054054,0.222222,0.591837,0.074074,0.188679
2017-07-07,Jordan Johnson,Marcel Fortuna,,kaggle_mdabbert_bestfightodds,,2024-12-14T00:00:00Z,0.377358,0.110497,0.145985,0.135318,0.176991,0.175439
2017-07-08,Yoel Romero,Robert Whittaker,,kaggle_mdabbert_bestfightodds,,2024-12-14T00:00:00Z,0.377358,0.0625,0.148148,0.4,0.076923,0.153846
2017-07-08,Fabricio Werdum,Alistair Overeem,,kaggle_mdabbert_bestfightodds,,2024-12-14T00:00:00Z,0.208333,0.153846,0.210526,0.350877,0.0625,0.266667
2017-07-08,Daniel Omielanczuk,Curtis Blaydes,,kaggle_mdabbert_bestfightodds,,2024-12-14T00:00:00Z,0.076923,0.052632,0.083333,0.555556,0.114286,0.350877
2017-07-08,Anthony Pettis,Jim Miller,,kaggle_mdabbert_bestfightodds,,2024-12-14T00:00:00Z,0.25,0.2,0.357143,0.074074,0.076923,0.25
2017-07-08,Rob Font,Douglas Silva de Andrade,,kaggle_mdabbert_bestfightodds,,2024-12-14T00:00:00Z,0.363636,0.111111,0.377358,0.111111,0.06006,0.196078
2017-07-08,Chad Laprise,Brian Camozzi,,kaggle_mdabbert_bestfightodds,,2024-12-14T00:00:00Z,0.444444,0.105263,0.4,0.076923,0.058824,0.125
2017-07-08,Thiago Santos,Gerald Meerschaert,,kaggle_mdabbert_bestfightodds,,2024-12-14T00:00:00Z,0.384615,0.166667,0.141844,0.073368,0.3125,0.098425
2017-07-08,Jordan Mein,Belal Muhammad,,kaggle_mdabbert_bestfightodds,,2024-12-14T00:00:00Z,0.266667,0.066667,0.210526,0.263158,0.074074,0.4
2017-07-08,Cody Stamann,Terrion Ware,,kaggle_mdabbert_bestfightodds,,2024-12-14T00:00:00Z,0.19802,0.117786,0.512195,0.079051,0.073801,0.229885
2017-07-08,Trevin Giles,James Bochnovic,,kaggle_mdabbert_bestfightodds,,2024-12-14T00:00:00Z,0.357143,0.240964,0.215983,0.088889,0.2,0.117647
2017-07-08,Travis Browne,Aleksei Oleinik,,kaggle_mdabbert_bestfightodds,,2024-12-14T00:00:00Z,0.555556,0.090909,0.125,,,
2017-07-16,Leslie Smith,Amanda Lemos,,kaggle_mdabbert_bestfightodds,,2024-12-14T00:00:00Z,0.17094,0.089286,0.534884,0.162602,0.058824,0.206186
2017-07-16,Brett Johns,Albert Morales,,kaggle_mdabbert_bestfightodds,,2024-12-14T00:00:00Z,0.149254,0.125,0.606299,0.10929,0.097943,0.136986
2017-07-16,Danny Henry,Daniel Teymur,,kaggle_mdabbert_bestfightodds,,2024-12-14T00:00:00Z,0.151515,0.165563,0.165289,0.344828,0.189036,0.199601
2017-07-16,Alexandre Pantoja,Neil Seery,,kaggle_mdabbert_bestfightodds,,2024-12-14T00:00:00Z,0.163934,0.229885,0.462963,0.09009,0.0625,0.181818
2017-07-16,Danny Roberts,Bobby Nash,,kaggle_mdabbert_bestfightodds,,2024-12-14T00:00:00Z,0.30303,0.188679,0.229885,0.16,0.13245,0.217391
2017-07-16,James Mulheron,Justin Willis,,kaggle_mdabbert_bestfightodds,,2024-12-14T00:00:00Z,0.2,0.066667,0.210526,0.425532,0.090909,0.222222
2017-07-16,Khalil Rountree Jr.,Paul Craig,,kaggle_mdabbert_bestfightodds,,2024-12-14T00:00:00Z,,,,0.090909,0.294118,0.075472
2017-07-16,Jack Marshman,Ryan Janes,,kaggle_mdabbert_bestfightodds,,2024-12-14T00:00:00Z,0.583333,0.083333,0.285714,0.063492,0.093023,0.096154
2017-07-16,Stevie Ray,Paul Felder,,kaggle_mdabbert_bestfightodds,,2024-12-14T00:00:00Z,0.166667,0.114286,0.454545,0.117647,0.090909,0.285714
2017-07-16,Joanne Calderwood,Cynthia Calvillo,,kaggle_mdabbert_bestfightodds,,2024-12-14T00:00:00Z,0.173913,0.074074,0.229885,0.090909,0.392157,0.307692
2017-07-16,Gunnar Nelson,Santiago Ponzinibbio,,kaggle_mdabbert_bestfightodds,,2024-12-14T00:00:00Z,0.133333,0.487805,0.16,0.2,0.043478,0.181818
2017-07-16,Charlie Ward,Galore Bofando,,kaggle_mdabbert_bestfightodds,,2024-12-14T00:00:00Z,0.25641,0.069109,0.128205,0.55157,0.071429,0.112994
2017-07-22,Chris Weidman,Kelvin Gastelum,,kaggle_mdabbert_bestfightodds,,2024-12-14T00:00:00Z,0.190476,0.142857,0.2,0.333333,0.152439,0.235294
2017-07-22,Dennis Bermudez,Darren Elkins,,kaggle_mdabbert_bestfightodds,,2024-12-14T00:00:00Z,0.16,0.095238,0.545455,0.148148,0.1,0.210526
2017-07-22,Jimmie Rivera,Thomas Almeida,,kaggle_mdabbert_bestfightodds,,2024-12-14T00:00:00Z,0.263158,0.074074,0.416667,0.243902,0.068966,0.181818
2017-07-22,Lyman Good,Elizeu Zaleski dos Santos,,kaggle_mdabbert_bestfightodds,,2024-12-14T00:00:00Z,0.215054,0.074074,0.416667,0.148148,0.097561,0.263158
2017-07-22,Rafael Natal,Eryk Anders,,kaggle_mdabbert_bestfightodds,,2024-12-14T00:00:00Z,0.217391,0.172414,0.222222,0.333333,0.074074,0.232558
2017-07-22,Patrick Cummins,Gian Villante,,kaggle_mdabbert_bestfightodds,,2024-12-14T00:00:00Z,0.166667,0.074074,0.285714,0.454545,0.058824,0.210526
2017-07-22,Damian Grabowski,Chase Sherman,,kaggle_mdabbert_bestfightodds,,2024-12-14T00:00:00Z,0.137931,0.142857,0.137931,0.565217,0.090909,0.15748
2017-07-22,Kyle Bochniak,Jeremy Kennedy,,kaggle_mdabbert_bestfightodds,,2024-12-14T00:00:00Z,0.16,0.084034,0.181818,0.093023,0.079681,0.6
2017-07-22,Brian Kelleher,Marlon Vera,,kaggle_mdabbert_bestfightodds,,2024-12-14T00:00:00Z,0.143678,0.27027,0.371747,0.137931,0.166667,0.147929
2017-07-22,Frankie Perez,Chris Wade,,kaggle_mdabbert_bestfightodds,,2024-12-14T00:00:00Z,0.082305,0.068966,0.172117,0.106157,0.186916,0.565217
2017-07-22,Tim Johnson,Junior Albini,,kaggle_mdabbert_bestfightodds,,2024-12-14T00:00:00Z,0.263158,0.178891,0.37037,0.16129,0.066445,0.16
2017-07-22,Shane Burgos,Godofredo Pepey,,kaggle_mdabbert_bestfightodds,,2024-12-14T00:00:00Z,0.618321,0.086957,0.233645,0.08,0.117647,0.057143
2017-07-22,Ryan LaFlare,Alex Oliveira,,kaggle_mdabbert_bestfightodds,,2024-12-14T00:00:00Z,,,,0.142857,0.102564,0.227273
2017-07-29,Tyron Woodley,Demian Maia,,kaggle_mdabbert_bestfightodds,,2024-12-14T00:00:00Z,0.545455,0.038462,0.25,0.0625,0.273973,0.129032
2017-07-29,Cris Cyborg,Tonya Evinger,,kaggle_mdabbert_bestfightodds,,2024-12-14T00:00:00Z,,,,0.047619,0.076923,0.041667
2017-07-29,Robbie Lawler,Donald Cerrone,,kaggle_mdabbert_bestfightodds,,2024-12-14T00:00:00Z,0.363636,0.058824,0.25974,0.173913,0.148148,0.222222
2017-07-29,Jimi Manuwa,Volkan Oezdemir,,kaggle_mdabbert_bestfightodds,,2024-12-14T00:00:00Z,0.52381,0.074074,0.16129,0.273973,0.095238,0.114286
2017-07-29,Ricardo Lamas,Jason Knight,,kaggle_mdabbert_bestfightodds,,2024-12-14T00:00:00Z,0.086957,0.148148,0.333333,0.186916,0.144928,0.3125
2017-07-29,Aljamain Sterling,Renan Barao,,kaggle_mdabbert_bestfightodds,,2024-12-14T00:00:00Z,0.125,0.117647,0.363636,0.137931,0.090909,0.408163
2017-07-29,Andre Fili,Calvin Kattar,,kaggle_mdabbert_bestfightodds,,2024-12-14T00:00:00Z,0.333333,0.192308,0.384615,0.114286,0.083333,0.142857
2017-07-29,Kailin Curran,Alexandra Albu,,kaggle_mdabbert_bestfightodds,,2024-12-14T00:00:00Z,0.10582,0.119048,0.288184,0.142857,0.25974,0.357143
2017-07-29,Eric Shelton,Jarred Brooks,,kaggle_mdabbert_bestfightodds,,2024-12-14T00:00:00Z,0.141844,0.104822,0.271739,0.090909,0.103199,0.47619
2017-07-29,Joshua Burkman,Drew Dober,,kaggle_mdabbert_bestfightodds,,2024-12-14T00:00:00Z,0.074074,0.133333,0.17094,0.215054,0.187617,0.421941
2017-07-29,Brian Ortega,Renato Moicano,,kaggle_mdabbert_bestfightodds,,2024-12-14T00:00:00Z,0.1,0.173913,0.266667,0.1,0.090909,0.465116
2017-08-05,Martin Bravo,Humberto Bandenay,,kaggle_mdabbert_bestfightodds,,2024-12-14T00:00:00Z,0.235294,0.333333,0.408163,0.1,0.08,0.181818
2017-08-05,Sergio Pettis,Brandon Moreno,,kaggle_mdabbert_bestfightodds,,2024-12-14T00:00:00Z,0.129032,0.090909,0.307692,0.16,0.333333,0.235294
2017-08-05,Randa Markos,Alexa Grasso,,kaggle_mdabbert_bestfightodds,,2024-12-14T00:00:00Z,0.086957,0.117647,0.307692,0.142857,0.090909,0.487805
2017-08-05,Alan Jouban,Niko Price,,kaggle_mdabbert_bestfightodds,,2024-12-14T00:00:00Z,0.333333,0.083333,0.285714,0.25,0.142857,0.129032
2017-08-05,Sam Alvey,Rashad Evans,,kaggle_mdabbert_bestfightodds,,2024-12-14T00:00:00Z,0.384615,0.083333,0.30303,0.111111,0.068966,0.350877
2017-08-05,Henry Briones,Rani Yahya,,kaggle_mdabbert_bestfightodds,,2024-12-14T00:00:00Z,0.142857,0.051948,0.232558,0.069686,0.364964,0.330033
2017-08-05,Bradley Scott,Jack Hermansson,,kaggle_mdabbert_bestfightodds,,2024-12-14T00:00:00Z,0.092166,0.138889,0.2,0.215054,0.149254,0.442478
2017-08-05,Dustin Ortiz,Hector Sandoval,,kaggle_mdabbert_bestfightodds,,2024-12-14T00:00:00Z,0.072727,0.095147,0.528302,0.210526,0.063694,0.243902
2017-08-05,Alvaro Herrera,Jordan Rinaldi,,kaggle_mdabbert_bestfightodds,,2024-12-14T00:00:00Z,0.178571,0.071429,0.169492,0.175131,0.31746,0.284091
2017-08-05,Jose Quinonez,Diego Rivas,,kaggle_mdabbert_bestfightodds,,2024-12-14T00:00:00Z,0.131579,0.289855,0.37037,0.121212,0.13986,0.16129
2017-08-05,Joseph Morales,Roberto Sanchez,,kaggle_mdabbert_bestfightodds,,2024-12-14T00:00:00Z,0.206186,0.196078,0.181818,0.066667,0.253165,0.280112
2017-08-05,Alejandro Perez,Andre Soukhamthath,,kaggle_mdabbert_bestfightodds,,2024-12-14T00:00:00Z,0.229885,0.108696,0.344828,0.152672,0.087336,0.273973
2017-09-02,Siyar Bahadurzada,Rob Wilkinson,,kaggle_mdabbert_bestfightodds,,2024-12-14T00:00:00Z,0.377358,0.114286,0.173913,0.137931,0.229885,0.181818
2017-09-02,Marion Reneau,Talita Bernardo,,kaggle_mdabbert_bestfightodds,,2024-12-14T00:00:00Z,0.25,0.25974,0.323625,,,
2017-09-02,Leon Edwards,Bryan Barberena,,kaggle_mdabbert_bestfightodds,,2024-12-14T00:00:00Z,0.196078,0.1,0.512195,0.1,0.066667,0.25
2017-09-02,Darren Till,Bojan Velickovic,,kaggle_mdabbert_bestfightodds,,2024-12-14T00:00:00Z,0.285714,0.076628,0.4,0.090909,0.069686,0.294118
2017-09-02,Mairbek Taisumov,Felipe Silva,,kaggle_mdabbert_bestfightodds,,2024-12-14T00:00:00Z,0.4,0.15361,0.3663,0.1,0.067114,0.111111
2017-09-02,Alexander Volkov,Stefan Struve,,kaggle_mdabbert_bestfightodds,,2024-12-14T00:00:00Z,0.4,0.0625,0.181818,0.222222,0.188679,0.153846
2017-09-02,Rustam Khabilov,Desmond Green,,kaggle_mdabbert_bestfightodds,,2024-12-14T00:00:00Z,0.153846,0.101833,0.565217,0.081967,0.045455,0.253165
2017-09-02,Francimar Barroso,Aleksandar Rakic,,kaggle_mdabbert_bestfightodds,,2024-12-14T00:00:00Z,0.16,0.126582,0.243902,0.416667,0.08,0.173913
2017-09-02,Mike Santiago,Zabit Magomedsharipov,,kaggle_mdabbert_bestfightodds,,2024-12-14T00:00:00Z,0.101833,0.088106,0.116959,0.377358,0.23753,0.27027
2017-09-02,Bojan Mihajlovic,Abdul-Kerim Edilov,,kaggle_mdabbert_bestfightodds,,2024-12-14T00:00:00Z,0.086957,0.053333,0.085106,0.392157,0.4329,0.114025
2017-09-02,Thibault Gouti,Andrew Holbrook,,kaggle_mdabbert_bestfightodds,,2024-12-14T00:00:00Z,0.27027,0.068493,0.140845,0.105263,0.30303,0.301205
2017-09-02,Michel Prazeres,Mads Burnell,,kaggle_mdabbert_bestfightodds,,2024-12-14T00:00:00Z,0.182149,0.208333,0.47619,0.08,0.077519,0.172117
2017-09-09,Amanda Nunes,Valentina Shevchenko,,kaggle_mdabbert_bestfightodds,,2024-12-14T00:00:00Z,0.217391,0.203252,0.145349,0.25,0.162602,0.263158
2017-09-09,Neil Magny,Rafael Dos Anjos,,kaggle_mdabbert_bestfightodds,,2024-12-14T00:00:00Z,0.121212,0.113895,0.30303,0.2,0.125,0.471698
2017-09-09,Henry Cejudo,Wilson Reis,,kaggle_mdabbert_bestfightodds,,2024-12-14T00:00:00Z,0.199601,0.057143,0.649123,0.037736,0.105263,0.142857
2017-09-09,Ilir Latifi,Tyson Pedro,,kaggle_mdabbert_bestfightodds,,2024-12-14T00:00:00Z,0.285714,0.107991,0.175439,0.275482,0.25,0.142857
2017-09-09,Jeremy Stephens,Gilbert Melendez,,kaggle_mdabbert_bestfightodds,,2024-12-14T00:00:00Z,0.169779,0.045455,0.377358,0.142857,0.127389,0.4
2017-09-09,Sara McMann,Ketlen Vieira,,kaggle_mdabbert_bestfightodds,,2024-12-14T00:00:00Z,0.137931,0.17094,0.456621,0.102249,0.076923,0.27027
2017-09-09,Gavin Tucker,Rick Glenn,,kaggle_mdabbert_bestfightodds,,2024-12-14T00:00:00Z,0.153846,0.176056,0.607843,0.097561,0.068823,0.147929
2017-09-09,Mitch Clarke,Alex White,,kaggle_mdabbert_bestfightodds,,2024-12-14T00:00:00Z,0.074074,0.206186,0.167785,0.277778,0.102249,0.373134
2017-09-09,Luis Henrique,Arjan Bhullar,,kaggle_mdabbert_bestfightodds,,2024-12-14T00:00:00Z,0.178891,0.102564,0.175439,0.4,0.090909,0.307692
2017-09-09,Kajan Johnson,Adriano Martins,,kaggle_mdabbert_bestfightodds,,2024-12-14T00:00:00Z,0.071429,0.050505,0.133333,0.47619,0.25,0.314465
2017-09-09,Sarah Moras,Ashlee Evans-Smith,,kaggle_mdabbert_bestfightodds,,2024-12-14T00:00:00Z,0.073099,0.153846,0.159744,0.172712,0.071174,0.574468
2017-09-16,Hector Lombard,Anthony Smith,,kaggle_mdabbert_bestfightodds,,2024-12-14T00:00:00Z,0.298507,0.095238,0.176991,0.37037,0.142857,0.16
2017-09-16,Luke Rockhold,David Branch,,kaggle_mdabbert_bestfightodds,,2024-12-14T00:00:00Z,0.322581,0.294118,0.266667,0.117647,0.066667,0.117647
2017-09-16,Mike Perry,Alex Reyes,,kaggle_mdabbert_bestfightodds,,2024-12-14T00:00:00Z,0.649123,0.076923,0.166667,0.114286,0.076923,0.102564
2017-09-16,Gregor Gillespie,Jason Gonzalez,,kaggle_mdabbert_bestfightodds,,2024-12-14T00:00:00Z,0.444444,0.166667,0.322581,0.117647,0.088889,0.1
2017-09-16,Krzysztof Jotko,Uriah Hall,,kaggle_mdabbert_bestfightodds,,2024-12-14T00:00:00Z,0.125,0.076923,0.574468,0.222222,0.057143,0.2
2017-09-16,Justin Ledet,Zu Anyanwu,,kaggle_mdabbert_bestfightodds,,2024-12-14T00:00:00Z,0.333333,0.277778,0.31746,0.13986,0.066667,0.1
2017-09-16,Anthony Rocco Martin,Olivier Aubin-Mercier,,kaggle_mdabbert_bestfightodds,,2024-12-14T00:00:00Z,0.129032,0.125,0.357143,0.090909,0.2,0.357143
2017-09-16,Anthony Hamilton,Daniel Spitz,,kaggle_mdabbert_bestfightodds,,2024-12-14T00:00:00Z,0.416667,0.068966,0.285714,0.217391,0.121212,0.121212
2017-09-16,Jason Saggo,Gilbert Burns,,kaggle_mdabbert_bestfightodds,,2024-12-14T00:00:00Z,0.105263,0.074074,0.350877,0.082988,0.217391,0.363636
2017-09-16,Kamaru Usman,Sergio Moraes,,kaggle_mdabbert_bestfightodds,,2024-12-14T00:00:00Z,0.31746,0.052632,0.642857,0.055556,0.083333,0.071429
2017-09-22,Claudia Gadelha,Jessica Andrade,,kaggle_mdabbert_bestfightodds,,2024-12-14T00:00:00Z,0.081633,0.235294,0.574468,0.128866,0.07874,0.176991
2017-09-22,Takanori Gomi,Dong Hyun Ma,,kaggle_mdabbert_bestfightodds,,2024-12-14T00:00:00Z,0.169492,0.067114,0.081633,0.487805,0.306748,0.121212
2017-09-22,Gokhan Saki,Henrique da Silva,,kaggle_mdabbert_bestfightodds,,2024-12-14T00:00:00Z,0.561404,0.052632,0.125628,0.162338,0.229885,0.076923
2017-09-22,Teruto Ishihara,Rolando Dy,,kaggle_mdabbert_bestfightodds,,2024-12-14T00:00:00Z,0.37594,0.095238,0.232558,0.148148,0.08,0.25974
2017-09-22,Ovince Saint Preux,Yushin Okami,,kaggle_mdabbert_bestfightodds,,2024-12-14T00:00:00Z,0.622642,0.181818,0.186916,0.068966,0.04717,0.158983
2017-09-22,Keita Nakamura,Alex Morono,,kaggle_mdabbert_bestfightodds,,2024-12-14T00:00:00Z,0.082988,0.190476,0.322581,0.181818,0.145773,0.282486
2017-09-22,Syuri Kondo,Chanmi Jeon,,kaggle_mdabbert_bestfightodds,,2024-12-14T00:00:00Z,0.081301,0.12837,0.458716,0.15748,0.116686,0.285714
2017-09-22,Shinsho Anzai,Luke Jumeau,,kaggle_mdabbert_bestfightodds,,2024-12-14T00:00:00Z,0.144928,0.070671,0.181818,0.357143,0.095238,0.380228
2017-09-22,Daichi Abe,Hyun Gyu Lim,,kaggle_mdabbert_bestfightodds,,2024-12-14T00:00:00Z,0.4,0.0625,0.096154,0.423729,0.071429,0.117925
2017-09-22,Jussier Formiga,Ulka Sasaki,,kaggle_mdabbert_bestfightodds,,2024-12-14T00:00:00Z,0.10582,0.307692,0.5,0.074074,0.078431,0.143885
2017-10-07,Tony Ferguson,Kevin Lee,,kaggle_mdabbert_bestfightodds,,2024-12-14T00:00:00Z,0.307692,0.350877,0.210526,0.111111,0.176991,0.173913
2017-10-07,Demetrious Johnson,Ray Borg,,kaggle_mdabbert_bestfightodds,,2024-12-14T00:00:00Z,0.31746,0.357143,0.37037,0.055556,0.066667,0.052632
2017-10-07,Fabricio Werdum,Walt Harris,,kaggle_mdabbert_bestfightodds,,2024-12-14T00:00:00Z,,,0.19802,,,0.111111
2017-10-07,Mara Romero Borella,Kalindra Faria,,kaggle_mdabbert_bestfightodds,,2024-12-14T00:00:00Z,0.114286,0.114286,0.285714,0.181818,0.148148,0.444444
2017-10-07,Tom Duquesnoy,Cody Stamann,,kaggle_mdabbert_bestfightodds,,2024-12-14T00:00:00Z,0.333333,0.121212,0.344828,0.087336,0.052632,0.333333
2017-10-07,Matt Schnell,Marco Beltran,,kaggle_mdabbert_bestfightodds,,2024-12-14T00:00:00Z,0.142857,0.31746,0.266667,0.25,0.096618,0.217391
2017-10-07,John Moraga,Magomed Bibulatov,,kaggle_mdabbert_bestfightodds,,2024-12-14T00:00:00Z,0.074074,0.090909,0.097561,0.206186,0.142857,0.636364
2017-10-07,Thales Leites,Brad Tavares,,kaggle_mdabbert_bestfightodds,,2024-12-14T00:00:00Z,0.133333,0.125,0.235294,0.16,0.0625,0.565217
2017-10-07,Pearl Gonzalez,Poliana Botelho,,kaggle_mdabbert_bestfightodds,,2024-12-14T00:00:00Z,0.088889,0.133333,0.31746,0.2,0.090909,0.444444
2017-10-21,Donald Cerrone,Darren Till,,kaggle_mdabbert_bestfightodds,,2024-12-14T00:00:00Z,0.186916,0.298507,0.25,0.266667,0.051282,0.181818
2017-10-21,Karolina Kowalkiewicz,Jodie Esquibel,,kaggle_mdabbert_bestfightodds,,2024-12-14T00:00:00Z,0.173913,0.125,0.615385,0.071429,0.0625,0.142857
2017-10-21,Oskar Piechota,Jonathan Wilson,,kaggle_mdabbert_bestfightodds,,2024-12-14T00:00:00Z,0.3125,0.273973,0.192308,0.235294,0.0625,0.173913
2017-10-21,Marcin Held,Nasrat Haqparast,,kaggle_mdabbert_bestfightodds,,2024-12-14T00:00:00Z,0.176991,0.5,0.285714,0.133333,0.047619,0.142857
2017-10-21,Jan Blachowicz,Devin Clark,,kaggle_mdabbert_bestfightodds,,2024-12-14T00:00:00Z,0.210526,0.071429,0.235294,0.181818,0.066667,0.444444
2017-10-21,Sam Alvey,Ramazan Emeev,,kaggle_mdabbert_bestfightodds,,2024-12-14T00:00:00Z,0.2,0.057143,0.229885,0.148148,0.153846,0.425532
2017-10-21,Artem Lobov,Andre Fili,,kaggle_mdabbert_bestfightodds,,2024-12-14T00:00:00Z,0.142857,0.068966,0.28169,0.133333,0.136054,0.5
2017-10-21,Salim Touahri,Warlley Alves,,kaggle_mdabbert_bestfightodds,,2024-12-14T00:00:00Z,0.137931,0.072727,0.153846,0.338983,0.384615,0.190476
2017-10-21,Lina Lansberg,Aspen Ladd,,kaggle_mdabbert_bestfightodds,,2024-12-14T00:00:00Z,0.1,0.055556,0.227273,0.190476,0.112994,0.534884
2017-10-21,Felipe Arantes,Josh Emmett,,kaggle_mdabbert_bestfightodds,,2024-12-14T00:00:00Z,0.097561,0.111111,0.16,0.2,0.095238,0.6
2017-10-21,Damian Stasiak,Brian Kelleher,,kaggle_mdabbert_bestfightodds,,2024-12-14T00:00:00Z,0.08,0.232558,0.294118,0.074074,0.166667,0.37037
2017-10-28,Derek Brunson,Lyoto Machida,,kaggle_mdabbert_bestfightodds,,2024-12-14T00:00:00Z,0.5,0.066667,0.137931,0.298507,0.072727,0.136054
2017-10-28,Demian Maia,Colby Covington,,kaggle_mdabbert_bestfightodds,,2024-12-14T00:00:00Z,0.074074,0.444444,0.246914,0.166667,0.047619,0.434783
2017-10-28,Pedro Munhoz,Rob Font,,kaggle_mdabbert_bestfightodds,,2024-12-14T00:00:00Z,0.129032,0.153846,0.25974,0.25974,0.085106,0.4
2017-10-28,Francisco Trinaldo,Jim Miller,,kaggle_mdabbert_bestfightodds,,2024-12-14T00:00:00Z,0.181818,0.090909,0.512195,0.125,0.133333,0.215054
2017-10-28,Thiago Santos,Jack Hermansson,,kaggle_mdabbert_bestfightodds,,2024-12-14T00:00:00Z,0.369004,0.055556,0.153846,0.266667,0.2,0.181818
2017-10-28,John Lineker,Marlon Vera,,kaggle_mdabbert_bestfightodds,,2024-12-14T00:00:00Z,0.555556,0.076923,0.322581,0.0625,0.1,0.105263
2017-10-28,Vicente Luque,Niko Price,,kaggle_mdabbert_bestfightodds,,2024-12-14T00:00:00Z,0.190476,0.210526,0.229885,0.232558,0.162602,0.181818
2017-10-28,Antonio Carlos Junior,Jack Marshman,,kaggle_mdabbert_bestfightodds,,2024-12-14T00:00:00Z,0.166667,0.5,0.350877,0.125,0.054054,0.1
2017-10-28,Hacran Dias,Jared Gordon,,kaggle_mdabbert_bestfightodds,,2024-12-14T00:00:00Z,0.076923,0.090909,0.322581,0.25974,0.068966,0.384615
2017-10-28,Elizeu Zaleski dos Santos,Max Griffin,,kaggle_mdabbert_bestfightodds,,2024-12-14T00:00:00Z,0.369004,0.055556,0.153846,0.142857,0.093023,0.206186
2017-10-28,Deiveson Figueiredo,Jarred Brooks,,kaggle_mdabbert_bestfightodds,,2024-12-14T00:00:00Z,0.181159,0.086957,0.232558,0.133333,0.105263,0.483092
2017-10-28,Marcelo Golm,Christian Colombo,,kaggle_mdabbert_bestfightodds,,2024-12-14T00:00:00Z,0.519231,0.133333,0.15528,0.172117,0.083333,0.165289
2017-11-04,Michael Bisping,Georges St-Pierre,,kaggle_mdabbert_bestfightodds,,2024-12-14T00:00:00Z,0.333333,0.035714,0.285714,0.166667,0.153846,0.363636
2017-11-04,Cody Garbrandt,TJ Dillashaw,,kaggle_mdabbert_bestfightodds,,2024-12-14T00:00:00Z,0.37037,0.052632,0.344828,0.125,0.086957,0.285714
2017-11-04,Joanna Jedrzejczyk,Rose Namajunas,,kaggle_mdabbert_bestfightodds,,2024-12-14T00:00:00Z,0.465116,0.058824,0.565217,0.047619,0.111111,0.076923
2017-11-04,Stephen Thompson,Jorge Masvidal,,kaggle_mdabbert_bestfightodds,,2024-12-14T00:00:00Z,0.222222,0.043478,0.434783,0.129032,0.086957,0.277778
2017-11-04,Johny Hendricks,Paulo Costa,,kaggle_mdabbert_bestfightodds,,2024-12-14T00:00:00Z,0.117647,0.068966,0.2,0.591837,0.074074,0.166667
2017-11-04,Aiemann Zahabi,Ricardo Ramos,,kaggle_mdabbert_bestfightodds,,2024-12-14T00:00:00Z,0.104167,0.090498,0.25,0.122549,0.285714,0.333333
2017-11-04,Walt Harris,Mark Godbeer,,kaggle_mdabbert_bestfightodds,,2024-12-14T00:00:00Z,0.636364,0.0625,0.166667,0.173913,0.060606,0.106952
2017-11-04,Ovince Saint Preux,Corey Anderson,,kaggle_mdabbert_bestfightodds,,2024-12-14T00:00:00Z,0.294118,0.222222,0.2,0.108108,0.066667,0.344828
2017-11-04,Randy Brown,Mickey Gall,,kaggle_mdabbert_bestfightodds,,2024-12-14T00:00:00Z,0.285714,0.111111,0.210526,0.111111,0.363636,0.166667
2017-11-04,Aleksei Oleinik,Curtis Blaydes,,kaggle_mdabbert_bestfightodds,,2024-12-14T00:00:00Z,0.095057,0.168067,0.086957,0.434783,0.057143,0.362319
2017-11-04,James Vick,Joe Duffy,,kaggle_mdabbert_bestfightodds,,2024-12-14T00:00:00Z,0.090909,0.235294,0.190476,0.294118,0.166667,0.25
2017-11-11,Raphael Assuncao,Matthew Lopez,,kaggle_mdabbert_bestfightodds,,2024-12-14T00:00:00Z,0.166667,0.142857,0.565217,0.083333,0.071429,0.181818
2017-11-11,Dustin Poirier,Anthony Pettis,,kaggle_mdabbert_bestfightodds,,2024-12-14T00:00:00Z,0.25974,0.09009,0.235294,0.263158,0.210526,0.190476
2017-11-11,Matt Brown,Diego Sanchez,,kaggle_mdabbert_bestfightodds,,2024-12-14T00:00:00Z,0.555556,0.095238,0.238095,0.083333,0.076923,0.166667
2017-11-11,Junior Albini,Andrei Arlovski,,kaggle_mdabbert_bestfightodds,,2024-12-14T00:00:00Z,0.622642,0.068966,0.142857,0.181818,0.072727,0.117647
2017-11-11,Nate Marquardt,Cezar Ferreira,,kaggle_mdabbert_bestfightodds,,2024-12-14T00:00:00Z,0.148148,0.088889,0.153846,0.266667,0.173913,0.392157
2017-11-11,Joe Lauzon,Clay Guida,,kaggle_mdabbert_bestfightodds,,2024-12-14T00:00:00Z,0.16,0.173913,0.266667,0.137931,0.086957,0.416667
2017-11-11,John Dodson,Marlon Moraes,,kaggle_mdabbert_bestfightodds,,2024-12-14T00:00:00Z,0.190476,0.102564,0.344828,0.16,0.083333,0.377358
2017-11-11,Tatiana Suarez,Viviane Pereira,,kaggle_mdabbert_bestfightodds,,2024-12-14T00:00:00Z,0.15625,0.25,0.444444,0.071429,0.052219,0.227273
2017-11-11,Sage Northcutt,Michel Quinones,,kaggle_mdabbert_bestfightodds,,2024-12-14T00:00:00Z,0.239808,0.16129,0.328947,0.206186,0.108342,0.17094
2017-11-11,Angela Hill,Nina Ansaroff,,kaggle_mdabbert_bestfightodds,,2024-12-14T00:00:00Z,0.185529,0.047619,0.478469,,,
2017-11-11,Court McGee,Sean Strickland,,kaggle_mdabbert_bestfightodds,,2024-12-14T00:00:00Z,0.081633,0.070423,0.186916,0.17762,0.115607,0.534884
2017-11-11,Jake Collier,Marcel Fortuna,,kaggle_mdabbert_bestfightodds,,2024-12-14T00:00:00Z,0.162602,0.063898,0.173913,0.188679,0.265252,0.350877
2017-11-11,Darren Stewart,Karl Roberson,,kaggle_mdabbert_bestfightodds,,2024-12-14T00:00:00Z,0.148148,0.08658,0.190476,0.4,0.08569,0.268817
2017-11-18,Fabricio Werdum,Marcin Tybura,,kaggle_mdabbert_bestfightodds,,2024-12-14T00:00:00Z,0.173913,0.425532,0.3125,0.166667,0.038462,0.125
2017-11-18,Tim Means,Belal Muhammad,,kaggle_mdabbert_bestfightodds,,2024-12-14T00:00:00Z,0.322581,0.129032,0.333333,0.08,0.090909,0.25
2017-11-18,Jake Matthews,Bojan Velickovic,,kaggle_mdabbert_bestfightodds,,2024-12-14T00:00:00Z,0.2,0.133333,0.363636,0.111111,0.090909,0.333333
2017-11-18,Elias Theodorou,Daniel Kelly,,kaggle_mdabbert_bestfightodds,,2024-12-14T00:00:00Z,0.2,0.111111,0.607843,0.105263,0.076923,0.25
2017-11-18,Alexander Volkanovski,Shane Young,,kaggle_mdabbert_bestfightodds,,2024-12-14T00:00:00Z,0.574468,0.176991,0.333333,0.090909,0.060606,0.093023
2017-11-18,Bec Rawlings,Jessica-Rose Clark,,kaggle_mdabbert_bestfightodds,,2024-12-14T00:00:00Z,0.148148,0.117647,0.384615,0.142857,0.08,0.333333
2017-11-18,Nik Lentz,Will Brooks,,kaggle_mdabbert_bestfightodds,,2024-12-14T00:00:00Z,0.068966,0.0625,0.142857,0.206186,0.129032,0.6
2017-11-18,Rashad Coulter,Tai Tuivasa,,kaggle_mdabbert_bestfightodds,,2024-12-14T00:00:00Z,0.307692,0.058824,0.111111,0.545455,0.0625,0.137931
2017-11-18,Damien Brown,Frank Camacho,,kaggle_mdabbert_bestfightodds,,2024-12-14T00:00:00Z,0.2,0.173913,0.190476,0.333333,0.111111,0.2
2017-11-18,Alex Chambers,Nadia Kassem,,kaggle_mdabbert_bestfightodds,,2024-12-14T00:00:00Z,0.11236,0.204082,0.165289,0.344828,0.074074,0.303951
2017-11-18,Anthony Hamilton,Adam Wieczorek,,kaggle_mdabbert_bestfightodds,,2024-12-14T00:00:00Z,0.277778,0.07326,0.148148,0.444444,0.183486,0.10101
2017-11-18,Jenel Lausa,Eric Shelton,,kaggle_mdabbert_bestfightodds,,2024-12-14T00:00:00Z,0.105263,0.062893,0.168067,0.186567,0.2,0.509804
2017-11-18,Ryan Benoit,Ashkan Mokhtarian,,kaggle_mdabbert_bestfightodds,,2024-12-14T00:00:00Z,0.31746,0.108108,0.384615,0.1,0.111111,0.173913
2017-11-25,Michael Bisping,Kelvin Gastelum,,kaggle_mdabbert_bestfightodds,,2024-12-14T00:00:00Z,0.15873,0.046512,0.188679,0.534884,0.166667,0.166667
2017-11-25,Li Jingliang,Zak Ottow,,kaggle_mdabbert_bestfightodds,,2024-12-14T00:00:00Z,0.25974,0.117647,0.37037,0.078431,0.075472,0.298507
2017-11-25,Wang Guan,Alex Caceres,,kaggle_mdabbert_bestfightodds,,2024-12-14T00:00:00Z,0.210526,0.074074,0.243902,0.142857,0.153846,0.384615
2017-11-25,Muslim Salikhov,Alex Garcia,,kaggle_mdabbert_bestfightodds,,2024-12-14T00:00:00Z,0.534884,0.074074,0.16,0.166667,0.105263,0.181818
2017-11-25,Zabit Magomedsharipov,Sheymon Moraes,,kaggle_mdabbert_bestfightodds,,2024-12-14T00:00:00Z,0.268817,0.27027,0.390625,0.101523,0.057803,0.095694
2017-11-25,Kailin Curran,Yan Xiaonan,,kaggle_mdabbert_bestfightodds,,2024-12-14T00:00:00Z,0.136054,0.17094,0.230947,,,
2017-11-25,Chase Sherman,Shamil Abdurakhimov,,kaggle_mdabbert_bestfightodds,,2024-12-14T00:00:00Z,0.190476,0.068259,0.277778,0.211864,0.082305,0.373134
2017-11-25,Wu Yanan,Gina Mazany,,kaggle_mdabbert_bestfightodds,,2024-12-14T00:00:00Z,,,,0.210526,0.210526,0.26178
2017-11-25,Wuliji Buren,Rolando Dy,,kaggle_mdabbert_bestfightodds,,2024-12-14T00:00:00Z,0.145985,0.107527,0.266667,0.196078,0.15873,0.330033
2017-11-25,Cyril Asker,Hu Yaozong,,kaggle_mdabbert_bestfightodds,,2024-12-14T00:00:00Z,0.387597,0.26455,0.170068,0.243902,0.05571,0.073801
2017-11-25,Song Kenan,Bobby Nash,,kaggle_mdabbert_bestfightodds,,2024-12-14T00:00:00Z,,,,0.408163,0.207469,0.266667
2017-12-01,Barb Honchak,Lauren Murphy,,kaggle_mdabbert_bestfightodds,,2024-12-14T00:00:00Z,0.210526,0.105263,0.492611,0.06993,0.051948,0.27027
2017-12-01,Nicco Montano,Roxanne Modafferi,,kaggle_mdabbert_bestfightodds,,2024-12-14T00:00:00Z,0.3125,0.080972,0.346021,0.095238,0.125,0.25
2017-12-01,Sean O'Malley,Terrion Ware,,kaggle_mdabbert_bestfightodds,,2024-12-14T00:00:00Z,0.253165,0.096618,0.4329,0.133333,0.075758,0.189753
2017-12-01,Joe Soto,Brett Johns,,kaggle_mdabbert_bestfightodds,,2024-12-14T00:00:00Z,0.151057,0.166667,0.227273,0.172117,0.08,0.438596
2017-12-01,Eric Spicely,Gerald Meerschaert,,kaggle_mdabbert_bestfightodds,,2024-12-14T00:00:00Z,0.084388,0.246914,0.127389,0.164204,0.350877,0.25974
2017-12-01,Andrew Sanchez,Ryan Janes,,kaggle_mdabbert_bestfightodds,,2024-12-14T00:00:00Z,0.222222,0.172414,0.559471,0.054348,0.065574,0.12837
2017-12-01,Karine Gevorgyan,Rachael Ostovich,,kaggle_mdabbert_bestfightodds,,2024-12-14T00:00:00Z,0.10989,0.083893,0.100908,0.294118,0.294118,0.408163
2017-12-01,Ariel Beck,Shana Dobson,,kaggle_mdabbert_bestfightodds,,2024-12-14T00:00:00Z,0.142857,0.076046,0.227273,0.224719,0.073529,0.436681
2017-12-01,Christina Marks,Montana De La Rosa,,kaggle_mdabbert_bestfightodds,,2024-12-14T00:00:00Z,0.105263,0.072202,0.149254,0.238095,0.5,0.289855
2017-12-01,Gillian Robertson,Emily Whitmire,,kaggle_mdabbert_bestfightodds,,2024-12-14T00:00:00Z,0.081633,0.137931,0.235294,0.190476,0.13947,0.408163
2017-12-02,Alistair Overeem,Francis Ngannou,,kaggle_mdabbert_bestfightodds,,2024-12-14T00:00:00Z,0.266667,0.066667,0.16,0.649123,0.052632,0.133333
2017-12-02,Max Holloway,Jose Aldo,,kaggle_mdabbert_bestfightodds,,2024-12-14T00:00:00Z,0.545455,0.111111,0.222222,0.2,0.05305,0.206186
2017-12-02,Henry Cejudo,Sergio Pettis,,kaggle_mdabbert_bestfightodds,,2024-12-14T00:00:00Z,0.2,0.076923,0.574468,0.095238,0.111111,0.25
2017-12-02,Eddie Alvarez,Justin Gaethje,,kaggle_mdabbert_bestfightodds,,2024-12-14T00:00:00Z,0.2,0.08,0.206186,0.5,0.090909,0.222222
2017-12-02,Tecia Torres,Michelle Waterson,,kaggle_mdabbert_bestfightodds,,2024-12-14T00:00:00Z,0.095238,0.125,0.62963,0.097561,0.117647,0.2
2017-12-02,Charles Oliveira,Paul Felder,,kaggle_mdabbert_bestfightodds,,2024-12-14T00:00:00Z,0.109769,0.384615,0.176991,0.4,0.076923,0.173913
2017-12-02,David Teymur,Drakkar Klose,,kaggle_mdabbert_bestfightodds,,2024-12-14T00:00:00Z,0.294118,0.111111,0.363636,0.111111,0.066667,0.298507
2017-12-02,Felice Herrig,Cortney Casey,,kaggle_mdabbert_bestfightodds,,2024-12-14T00:00:00Z,0.095238,0.153846,0.408163,0.108108,0.173913,0.3125
2017-12-02,Amanda Cooper,Angela Magana,,kaggle_mdabbert_bestfightodds,,2024-12-14T00:00:00Z,0.172414,0.350877,0.403226,0.045455,0.083333,0.148148
2017-12-02,Sabah Homasi,Abdul Razak Alhassan,,kaggle_mdabbert_bestfightodds,,2024-12-14T00:00:00Z,0.15625,0.064725,0.16129,,,
2017-12-02,Jeremy Kimball,Dominick Reyes,,kaggle_mdabbert_bestfightodds,,2024-12-14T00:00:00Z,0.142857,0.051282,0.070922,0.598394,0.133333,0.194175
2017-12-02,Justin Willis,Allen Crowder,,kaggle_mdabbert_bestfightodds,,2024-12-14T00:00:00Z,0.338983,0.117647,0.324675,0.208333,0.083682,0.125
2017-12-02,Alex Oliveira,Yancy Medeiros,,kaggle_mdabbert_bestfightodds,,2024-12-14T00:00:00Z,0.109769,0.384615,0.176991,0.153846,0.111111,0.166667
2017-12-09,Eryk Anders,Markus Perez,,kaggle_mdabbert_bestfightodds,,2024-12-14T00:00:00Z,0.583333,0.111111,0.25,0.081633,0.074074,0.153846
2017-12-09,Cub Swanson,Brian Ortega,,kaggle_mdabbert_bestfightodds,,2024-12-14T00:00:00Z,0.2,0.044444,0.344828,0.181818,0.357143,0.210526
2017-12-09,Jason Knight,Gabriel Benitez,,kaggle_mdabbert_bestfightodds,,2024-12-14T00:00:00Z,0.222222,0.357143,0.363636,0.090909,0.090909,0.181818
2017-12-09,Marlon Moraes,Aljamain Sterling,,kaggle_mdabbert_bestfightodds,,2024-12-14T00:00:00Z,0.16,0.066667,0.444444,0.117647,0.125,0.344828
2017-12-09,Scott Holtzman,Darrell Horcher,,kaggle_mdabbert_bestfightodds,,2024-12-14T00:00:00Z,0.16,0.076923,0.416667,0.166667,0.076923,0.31746
2017-12-09,Albert Morales,Benito Lopez,,kaggle_mdabbert_bestfightodds,,2024-12-14T00:00:00Z,0.142857,0.133333,0.333333,0.166667,0.117647,0.333333
2017-12-09,Antonio Braga Neto,Trevin Giles,,kaggle_mdabbert_bestfightodds,,2024-12-14T00:00:00Z,0.064641,0.186916,0.137931,0.326797,0.07722,0.389105
2017-12-09,Luke Sanders,Andre Soukhamthath,,kaggle_mdabbert_bestfightodds,,2024-12-14T00:00:00Z,0.25,0.133333,0.444444,0.117647,0.090909,0.222222
2017-12-09,Carls John De Tomas,Alex Perez,,kaggle_mdabbert_bestfightodds,,2024-12-14T00:00:00Z,0.076923,0.117647,0.142857,0.081633,0.074074,0.153846
2017-12-09,Frankie Saenz,Merab Dvalishvili,,kaggle_mdabbert_bestfightodds,,2024-12-14T00:00:00Z,0.095238,0.076923,0.333333,0.2,0.133333,0.408163
2017-12-09,Alejandro Perez,Iuri Alcantara,,kaggle_mdabbert_bestfightodds,,2024-12-14T00:00:00Z,0.081633,0.074074,0.153846,0.243902,0.238095,0.274725
2017-12-09,Chris Gruetzemacher,Davi Ramos,,kaggle_mdabbert_bestfightodds,,2024-12-14T00:00:00Z,0.08547,0.054054,0.15674,0.139665,0.333333,0.41841
2017-12-09,Alexis Davis,Liz Carmouche,,kaggle_mdabbert_bestfightodds,,2024-12-14T00:00:00Z,0.08,0.121212,0.327869,0.1,0.142857,0.454545
2017-12-16,Santiago Ponzinibbio,Mike Perry,,kaggle_mdabbert_bestfightodds,,2024-12-14T00:00:00Z,0.434783,0.090909,0.222222,0.357143,0.052632,0.111111
2017-12-16,Glover Teixeira,Misha Cirkunov,,kaggle_mdabbert_bestfightodds,,2024-12-14T00:00:00Z,0.173913,0.117647,0.227273,0.25,0.217391,0.266667
2017-12-16,Robbie Lawler,Rafael Dos Anjos,,kaggle_mdabbert_bestfightodds,,2024-12-14T00:00:00Z,0.4,0.035714,0.235294,0.263158,0.181818,0.25
2017-12-16,Ricardo Lamas,Josh Emmett,,kaggle_mdabbert_bestfightodds,,2024-12-14T00:00:00Z,0.25,0.142857,0.444444,0.153846,0.058824,0.210526
2017-12-16,Jared Cannonier,Jan Blachowicz,,kaggle_mdabbert_bestfightodds,,2024-12-14T00:00:00Z,0.294118,0.0625,0.377358,0.111111,0.076923,0.289855
2017-12-16,John Makdessi,Abel Trujillo,,kaggle_mdabbert_bestfightodds,,2024-12-14T00:00:00Z,0.192308,0.058824,0.043478,0.31746,0.125,0.266667
2017-12-16,Chad Laprise,Galore Bofando,,kaggle_mdabbert_bestfightodds,,2024-12-14T00:00:00Z,0.285714,0.181818,0.333333,0.30303,0.076923,0.125
2017-12-16,Nordine Taleb,Danny Roberts,,kaggle_mdabbert_bestfightodds,,2024-12-14T00:00:00Z,0.181818,0.066667,0.4,0.196078,0.121212,0.25
2017-12-16,Jordan Mein,Erick Silva,,kaggle_mdabbert_bestfightodds,,2024-12-14T00:00:00Z,0.363636,0.090909,0.224719,0.153846,0.214592,0.166667
2017-12-16,Alessio Di Chirico,Oluwale Bamgbose,,kaggle_mdabbert_bestfightodds,,2024-12-14T00:00:00Z,0.25,0.196078,0.266667,0.357143,0.076923,0.125
2017-12-16,Julian Marquez,Darren Stewart,,kaggle_mdabbert_bestfightodds,,2024-12-14T00:00:00Z,0.583333,0.083333,0.235294,0.172414,0.058824,0.114286
2017-12-30,Cris Cyborg,Holly Holm,,kaggle_mdabbert_bestfightodds,,2024-12-14T00:00:00Z,,,,0.181818,0.047619,0.2
2017-12-30,Khabib Nurmagomedov,Edson Barboza,,kaggle_mdabbert_bestfightodds,,2024-12-14T00:00:00Z,0.215054,0.271739,0.357143,0.2,0.058824,0.166667
2017-12-30,Dan Hooker,Marc Diakiese,,kaggle_mdabbert_bestfightodds,,2024-12-14T00:00:00Z,0.125,0.111111,0.25,0.307692,0.066667,0.384615
2017-12-30,Cynthia Calvillo,Carla Esparza,,kaggle_mdabbert_bestfightodds,,2024-12-14T00:00:00Z,0.133333,0.333333,0.4,0.066667,0.076923,0.25
2017-12-30,Carlos Condit,Neil Magny,,kaggle_mdabbert_bestfightodds,,2024-12-14T00:00:00Z,0.307692,0.125,0.285714,0.111111,0.142857,0.285714
2017-12-30,Myles Jury,Rick Glenn,,kaggle_mdabbert_bestfightodds,,2024-12-14T00:00:00Z,0.166667,0.153846,0.444444,0.142857,0.083333,0.263158
2017-12-30,Louis Smolka,Matheus Nicolau,,kaggle_mdabbert_bestfightodds,,2024-12-14T00:00:00Z,0.090909,0.125,0.25,0.2,0.117647,0.47619
2017-12-30,Tim Elliott,Mark De La Rosa,,kaggle_mdabbert_bestfightodds,,2024-12-14T00:00:00Z,0.181818,0.166667,0.454545,0.090909,0.125,0.222222
2018-01-14,Jeremy Stephens,Dooho Choi,,kaggle_mdabbert_bestfightodds,,2024-12-14T00:00:00Z,0.243902,0.044944,0.25,0.444444,0.1,0.190476
2018-01-14,Paige VanZant,Jessica-Rose Clark,,kaggle_mdabbert_bestfightodds,,2024-12-14T00:00:00Z,,,,0.1,0.090909,0.5
2018-01-14,Kamaru Usman,Emil Meek,,kaggle_mdabbert_bestfightodds,,2024-12-14T00:00:00Z,0.4,0.222222,0.465116,0.117647,0.052632,0.083333
2018-01-14,Darren Elkins,Michael Johnson,,kaggle_mdabbert_bestfightodds,,2024-12-14T00:00:00Z,0.090909,0.1,0.31746,0.344828,0.037736,0.359712
2018-01-14,James Krause,Alex White,,kaggle_mdabbert_bestfightodds,,2024-12-14T00:00:00Z,0.148148,0.181818,0.377358,0.153846,0.090909,0.266667
2018-01-14,Danielle Taylor,JJ Aldrich,,kaggle_mdabbert_bestfightodds,,2024-12-14T00:00:00Z,0.117647,0.0625,0.416667,0.148148,0.083333,0.392157
2018-01-14,Talita Bernardo,Irene Aldana,,kaggle_mdabbert_bestfightodds,,2024-12-14T00:00:00Z,0.090909,0.1,0.285714,0.25,0.125,0.4
2018-01-14,Kyung Ho Kang,Guido Cannetti,,kaggle_mdabbert_bestfightodds,,2024-12-14T00:00:00Z,0.181818,0.350877,0.37037,0.15748,0.083333,0.117647
2018-01-14,Kalindra Faria,Jessica Eye,,kaggle_mdabbert_bestfightodds,,2024-12-14T00:00:00Z,0.133333,0.076923,0.384615,0.153846,0.105263,0.37037
2018-01-14,Mads Burnell,Mike Santiago,,kaggle_mdabbert_bestfightodds,,2024-12-14T00:00:00Z,0.083333,0.2,0.2,0.285714,0.148148,0.30303
2018-01-14,Matt Frevola,Polo Reyes,,kaggle_mdabbert_bestfightodds,,2024-12-14T00:00:00Z,0.434783,0.148148,0.232558,0.2,0.055556,0.16
2018-01-20,Gian Villante,Francimar Barroso,,kaggle_mdabbert_bestfightodds,,2024-12-14T00:00:00Z,0.333333,0.076923,0.294118,0.196078,0.090909,0.222222
2018-01-20,Stipe Miocic,Francis Ngannou,,kaggle_mdabbert_bestfightodds,,2024-12-14T00:00:00Z,0.3125,0.04878,0.1,0.622642,0.083333,0.0625
2018-01-20,Daniel Cormier,Volkan Oezdemir,,kaggle_mdabbert_bestfightodds,,2024-12-14T00:00:00Z,0.285714,0.408163,0.2,0.235294,0.043478,0.108108
2018-01-20,Thomas Almeida,Rob Font,,kaggle_mdabbert_bestfightodds,,2024-12-14T00:00:00Z,0.307692,0.105263,0.222222,0.273973,0.083333,0.240964
2018-01-20,Calvin Kattar,Shane Burgos,,kaggle_mdabbert_bestfightodds,,2024-12-14T00:00:00Z,0.111111,0.066667,0.285714,0.285714,0.102564,0.384615
2018-01-20,Sabah Homasi,Abdul Razak Alhassan,,kaggle_mdabbert_bestfightodds,,2024-12-14T00:00:00Z,0.224719,0.083333,0.15748,0.555556,0.076923,0.166667
2018-01-20,Dustin Ortiz,Alexandre Pantoja,,kaggle_mdabbert_bestfightodds,,2024-12-14T00:00:00Z,0.102564,0.111111,0.333333,0.117647,0.190476,0.37037
2018-01-20,Dan Ige,Julio Arce,,kaggle_mdabbert_bestfightodds,,2024-12-14T00:00:00Z,0.090909,0.130719,0.31746,0.210526,0.125,0.350877
2018-01-20,Matt Bessette,Enrique Barzola,,kaggle_mdabbert_bestfightodds,,2024-12-14T00:00:00Z,0.07874,0.136054,0.185185,0.151515,0.114155,0.607843
2018-01-20,Islam Makhachev,Gleison Tibau,,kaggle_mdabbert_bestfightodds,,2024-12-14T00:00:00Z,0.190476,0.085837,0.555556,0.066667,0.0625,0.223214
2018-01-20,Kyle Bochniak,Brandon Davis,,kaggle_mdabbert_bestfightodds,,2024-12-14T00:00:00Z,0.1,0.137931,0.333333,0.2,0.111111,0.4
2018-01-27,Dennis Bermudez,Andre Fili,,kaggle_mdabbert_bestfightodds,,2024-12-14T00:00:00Z,0.153846,0.125,0.454545,0.196078,0.083333,0.229885
2018-01-27,Jordan Rinaldi,Gregor Gillespie,,kaggle_mdabbert_bestfightodds,,2024-12-14T00:00:00Z,0.076923,0.076923,0.105263,0.298507,0.181818,0.465116
2018-01-27,Drew Dober,Frank Camacho,,kaggle_mdabbert_bestfightodds,,2024-12-14T00:00:00Z,0.285714,0.166667,0.25974,0.181818,0.066667,0.235294
2018-01-27,Erik Koch,Bobby Green,,kaggle_mdabbert_bestfightodds,,2024-12-14T00:00:00Z,0.148148,0.117647,0.25974,0.240964,0.083333,0.363636
2018-01-27,Mirsad Bektic,Godofredo Pepey,,kaggle_mdabbert_bestfightodds,,2024-12-14T00:00:00Z,0.47619,0.148148,0.357143,0.090909,0.117647,0.066667
2018-01-27,Jacare Souza,Derek Brunson,,kaggle_mdabbert_bestfightodds,,2024-12-14T00:00:00Z,0.2,0.307692,0.137931,0.47619,0.034483,0.114286
2018-01-27,Randa Markos,Juliana Lima,,kaggle_mdabbert_bestfightodds,,2024-12-14T00:00:00Z,0.090909,0.190476,0.416667,0.121212,0.090909,0.307692
2018-01-27,Justine Kish,Ji Yeon Kim,,kaggle_mdabbert_bestfightodds,,2024-12-14T00:00:00Z,0.190476,0.117647,0.52381,0.105263,0.066667,0.210526
2018-01-27,Vinc Pichel,Joaquim Silva,,kaggle_mdabbert_bestfightodds,,2024-12-14T00:00:00Z,0.190476,0.125,0.307692,0.16,0.156006,0.307692
2018-01-27,Niko Price,George Sullivan,,kaggle_mdabbert_bestfightodds,,2024-12-14T00:00:00Z,0.408163,0.207469,0.222222,0.090909,0.054054,0.19802
2018-01-27,Austin Arnett,Cory Sandhagen,,kaggle_mdabbert_bestfightodds,,2024-12-14T00:00:00Z,0.12987,0.06135,0.255102,0.25,0.105263,0.380228
2018-01-27,Katlyn Chookagian,Mara Romero Borella,,kaggle_mdabbert_bestfightodds,,2024-12-14T00:00:00Z,0.181818,0.114286,0.4,0.093023,0.166667,0.25
2018-02-03,Lyoto Machida,Eryk Anders,,kaggle_mdabbert_bestfightodds,,2024-12-14T00:00:00Z,0.222222,0.111111,0.142857,0.615385,0.052632,0.137931
2018-02-03,Valentina Shevchenko,Priscila Cachoeira,,kaggle_mdabbert_bestfightodds,,2024-12-14T00:00:00Z,0.4,0.350877,0.392157,0.052632,0.038462,0.1
2018-02-03,Michel Prazeres,Desmond Green,,kaggle_mdabbert_bestfightodds,,2024-12-14T00:00:00Z,0.076923,0.181818,0.408163,0.16,0.066667,0.322581
2018-02-03,Tim Johnson,Marcelo Golm,,kaggle_mdabbert_bestfightodds,,2024-12-14T00:00:00Z,0.190476,0.055556,0.238095,0.416667,0.125,0.181818
2018-02-03,Douglas Silva de Andrade,Marlon Vera,,kaggle_mdabbert_bestfightodds,,2024-12-14T00:00:00Z,0.151515,0.07722,0.246914,0.143062,0.210526,0.377358
2018-02-03,Thiago Santos,Anthony Smith,,kaggle_mdabbert_bestfightodds,,2024-12-14T00:00:00Z,0.615385,0.105263,0.118624,0.166667,0.125,0.111111
2018-02-03,Alan Patrick,Damir Hadzovic,,kaggle_mdabbert_bestfightodds,,2024-12-14T00:00:00Z,0.153846,0.133333,0.52381,0.2,0.066667,0.153846
2018-02-03,Maia Stevenson,Polyana Viana,,kaggle_mdabbert_bestfightodds,,2024-12-14T00:00:00Z,0.058824,0.061728,0.17094,0.215054,0.387597,0.30581
2018-02-03,Iuri Alcantara,Joe Soto,,kaggle_mdabbert_bestfightodds,,2024-12-14T00:00:00Z,0.153846,0.142857,0.294118,0.186916,0.166667,0.294118
2018-02-03,Deiveson Figueiredo,Joseph Morales,,kaggle_mdabbert_bestfightodds,,2024-12-14T00:00:00Z,0.15873,0.131752,0.346021,0.124688,0.153846,0.30303
2018-02-03,Sergio Moraes,Tim Means,,kaggle_mdabbert_bestfightodds,,2024-12-14T00:00:00Z,0.090909,0.25,0.181818,0.285714,0.076923,0.408163
2018-02-10,Jake Matthews,Li Jingliang,,kaggle_mdabbert_bestfightodds,,2024-12-14T00:00:00Z,0.105263,0.114286,0.3125,0.3125,0.125,0.30303
2018-02-10,Yoel Romero,Luke Rockhold,,kaggle_mdabbert_bestfightodds,,2024-12-14T00:00:00Z,0.333333,0.052632,0.129032,0.25,0.235294,0.2
2018-02-10,Mark Hunt,Curtis Blaydes,,kaggle_mdabbert_bestfightodds,,2024-12-14T00:00:00Z,0.333333,0.043478,0.2,0.30303,0.083333,0.357143
2018-02-10,Tai Tuivasa,Cyril Asker,,kaggle_mdabbert_bestfightodds,,2024-12-14T00:00:00Z,0.666667,0.066667,0.108108,0.16,0.129032,0.111111
2018-02-10,Tyson Pedro,Saparbeg Safarov,,kaggle_mdabbert_bestfightodds,,2024-12-14T00:00:00Z,0.294118,0.350877,0.222222,0.166667,0.1,0.1
2018-02-10,Ross Pearson,Mizuto Hirota,,kaggle_mdabbert_bestfightodds,,2024-12-14T00:00:00Z,0.111235,0.076923,0.502488,0.169492,0.05698,0.294118
2018-02-10,Rob Wilkinson,Israel Adesanya,,kaggle_mdabbert_bestfightodds,,2024-12-14T00:00:00Z,0.057971,0.083333,0.191205,0.628253,0.074074,0.163399
2018-02-10,Alexander Volkanovski,Jeremy Kennedy,,kaggle_mdabbert_bestfightodds,,2024-12-14T00:00:00Z,0.222222,0.106724,0.465116,0.086957,0.071429,0.285714
2018-02-10,Jussier Formiga,Ben Nguyen,,kaggle_mdabbert_bestfightodds,,2024-12-14T00:00:00Z,0.081633,0.2,0.358423,0.235294,0.077821,0.286533
2018-02-10,Luke Jumeau,Daichi Abe,,kaggle_mdabbert_bestfightodds,,2024-12-14T00:00:00Z,0.113636,0.052632,0.332226,0.25,0.088889,0.362319
2018-02-10,Teruto Ishihara,Jose Quinonez,,kaggle_mdabbert_bestfightodds,,2024-12-14T00:00:00Z,0.214592,0.068966,0.222222,0.12987,0.114679,0.440529
2018-02-10,Damien Brown,Dong Hyun Ma,,kaggle_mdabbert_bestfightodds,,2024-12-14T00:00:00Z,0.142857,0.079681,0.332226,0.224719,0.121359,0.307692
2018-02-18,Donald Cerrone,Yancy Medeiros,,kaggle_mdabbert_bestfightodds,,2024-12-14T00:00:00Z,0.222222,0.285714,0.181818,0.357143,0.095694,0.16
2018-02-18,Derrick Lewis,Marcin Tybura,,kaggle_mdabbert_bestfightodds,,2024-12-14T00:00:00Z,0.4,0.076923,0.229885,0.25974,0.133333,0.266667
2018-02-18,James Vick,Francisco Trinaldo,,kaggle_mdabbert_bestfightodds,,2024-12-14T00:00:00Z,0.277778,0.25,0.377358,0.129032,0.066667,0.25
2018-02-18,Thiago Alves,Curtis Millender,,kaggle_mdabbert_bestfightodds,,2024-12-14T00:00:00Z,0.194175,0.107527,0.4,0.169492,0.060606,0.282486
2018-02-18,Steven Peterson,Brandon Davis,,kaggle_mdabbert_bestfightodds,,2024-12-14T00:00:00Z,0.131926,0.173913,0.2,0.133333,0.084388,0.480769
2018-02-18,Sage Northcutt,Thibault Gouti,,kaggle_mdabbert_bestfightodds,,2024-12-14T00:00:00Z,0.425532,0.208333,0.280899,0.108108,0.117647,0.153846
2018-02-18,Jared Gordon,Diego Ferreira,,kaggle_mdabbert_bestfightodds,,2024-12-14T00:00:00Z,0.218818,0.057143,0.436681,0.083333,0.190476,0.227273
2018-02-18,Geoff Neal,Brian Camozzi,,kaggle_mdabbert_bestfightodds,,2024-12-14T00:00:00Z,0.416667,0.076923,0.289855,0.103627,0.206186,0.151515
2018-02-18,Roberto Sanchez,Joby Sanchez,,kaggle_mdabbert_bestfightodds,,2024-12-14T00:00:00Z,0.181818,0.116959,0.434783,0.181818,0.116959,0.434783
2018-02-18,Sarah Moras,Lucie Pudilova,,kaggle_mdabbert_bestfightodds,,2024-12-14T00:00:00Z,0.047619,0.166389,0.307692,0.081633,0.064309,0.534884
2018-02-18,Joshua Burkman,Alex Morono,,kaggle_mdabbert_bestfightodds,,2024-12-14T00:00:00Z,0.074906,0.061728,0.190476,0.37037,0.240964,0.280112
2018-02-18,Oskar Piechota,Tim Williams,,kaggle_mdabbert_bestfightodds,,2024-12-14T00:00:00Z,0.273973,0.31348,0.266667,0.072046,0.121212,0.15083
2018-02-24,Josh Emmett,Jeremy Stephens,,kaggle_mdabbert_bestfightodds,,2024-12-14T00:00:00Z,0.25641,0.116959,0.2,0.416667,0.076923,0.235294
2018-02-24,Jessica Andrade,Tecia Torres,,kaggle_mdabbert_bestfightodds,,2024-12-14T00:00:00Z,0.181818,0.16,0.52381,0.076923,0.058824,0.222222
2018-02-24,Ovince Saint Preux,Ilir Latifi,,kaggle_mdabbert_bestfightodds,,2024-12-14T00:00:00Z,0.28169,0.176991,0.243902,0.153846,0.076923,0.30303
2018-02-24,Mike Perry,Max Griffin,,kaggle_mdabbert_bestfightodds,,2024-12-14T00:00:00Z,0.642857,0.058824,0.2,0.125,0.066667,0.140845
2018-02-24,Renan Barao,Brian Kelleher,,kaggle_mdabbert_bestfightodds,,2024-12-14T00:00:00Z,0.210526,0.222222,0.3125,0.181818,0.133333,0.277778
2018-02-24,Albert Morales,Manny Bermudez,,kaggle_mdabbert_bestfightodds,,2024-12-14T00:00:00Z,0.114286,0.096618,0.289017,0.086957,0.4,0.223714
2018-02-24,Maryna Moroz,Angela Hill,,kaggle_mdabbert_bestfightodds,,2024-12-14T00:00:00Z,0.1,0.133333,0.294118,0.121212,0.058824,0.534884
2018-02-24,Ben Saunders,Alan Jouban,,kaggle_mdabbert_bestfightodds,,2024-12-14T00:00:00Z,0.114286,0.133333,0.148148,0.545455,0.052632,0.25
2018-02-24,Sam Alvey,Marcin Prachnio,,kaggle_mdabbert_bestfightodds,,2024-12-14T00:00:00Z,0.20202,0.064516,0.181818,0.363636,0.060606,0.291545
2018-02-24,Rani Yahya,Russell Doane,,kaggle_mdabbert_bestfightodds,,2024-12-14T00:00:00Z,0.052632,0.465116,0.30303,0.2,0.055556,0.126904
2018-02-24,Eric Shelton,Alex Perez,,kaggle_mdabbert_bestfightodds,,2024-12-14T00:00:00Z,0.16,0.166667,0.333333,0.101937,0.192308,0.262467
2018-02-24,Sara McMann,Marion Reneau,,kaggle_mdabbert_bestfightodds,,2024-12-14T00:00:00Z,0.129032,0.137931,0.52381,0.117647,0.117647,0.210526
2018-03-03,Stefan Struve,Andrei Arlovski,,kaggle_mdabbert_bestfightodds,,2024-12-14T00:00:00Z,0.377358,0.181818,0.181818,0.21978,0.076923,0.186916
2018-03-03,Cris Cyborg,Yana Kunitskaya,,kaggle_mdabbert_bestfightodds,,2024-12-14T00:00:00Z,,,,0.0625,0.047619,0.047619
2018-03-03,Frankie Edgar,Brian Ortega,,kaggle_mdabbert_bestfightodds,,2024-12-14T00:00:00Z,0.090909,0.066667,0.534884,0.1,0.25974,0.181818
2018-03-03,Sean O'Malley,Andre Soukhamthath,,kaggle_mdabbert_bestfightodds,,2024-12-14T00:00:00Z,0.210526,0.133333,0.322581,0.31746,0.133333,0.173913
2018-03-03,Cat Zingano,Ketlen Vieira,,kaggle_mdabbert_bestfightodds,,2024-12-14T00:00:00Z,0.153846,0.102564,0.235294,0.117647,0.173913,0.465116
2018-03-03,John Dodson,Pedro Munhoz,,kaggle_mdabbert_bestfightodds,,2024-12-14T00:00:00Z,0.186916,0.066667,0.454545,0.076923,0.181818,0.277778
2018-03-03,Beneil Dariush,Alexander Hernandez,,kaggle_mdabbert_bestfightodds,,2024-12-14T00:00:00Z,0.344828,0.357143,0.307692,0.076923,0.076923,0.148148
2018-03-03,Jordan Johnson,Adam Milstead,,kaggle_mdabbert_bestfightodds,,2024-12-14T00:00:00Z,0.235294,0.156986,0.434783,0.2,0.083333,0.114286
2018-03-03,CB Dollaway,Hector Lombard,,kaggle_mdabbert_bestfightodds,,2024-12-14T00:00:00Z,0.2,0.129032,0.266667,0.363636,0.125,0.166667
2018-03-03,Mike Pyle,Zak Ottow,,kaggle_mdabbert_bestfightodds,,2024-12-14T00:00:00Z,0.153846,0.1,0.153846,0.307692,0.294118,0.266667
2018-03-03,Bryan Caraway,Cody Stamann,,kaggle_mdabbert_bestfightodds,,2024-12-14T00:00:00Z,0.076923,0.153846,0.322581,0.181818,0.083333,0.425532
2018-03-03,Ashley Yoder,Mackenzie Dern,,kaggle_mdabbert_bestfightodds,,2024-12-14T00:00:00Z,0.076923,0.047619,0.16129,0.108108,0.636364,0.25641
2018-03-17,Fabricio Werdum,Alexander Volkov,,kaggle_mdabbert_bestfightodds,,2024-12-14T00:00:00Z,0.137931,0.371747,0.238095,0.25641,0.047619,0.190476
2018-03-17,Jimi Manuwa,Jan Blachowicz,,kaggle_mdabbert_bestfightodds,,2024-12-14T00:00:00Z,0.416667,0.058824,0.285714,0.142857,0.076923,0.25
2018-03-17,Tom Duquesnoy,Terrion Ware,,kaggle_mdabbert_bestfightodds,,2024-12-14T00:00:00Z,0.266667,0.133333,0.5,0.066667,0.058824,0.2
2018-03-17,Leon Edwards,Peter Sobotta,,kaggle_mdabbert_bestfightodds,,2024-12-14T00:00:00Z,0.2,0.066667,0.512195,0.093023,0.121212,0.222222
2018-03-17,Danny Roberts,Oliver Enkamp,,kaggle_mdabbert_bestfightodds,,2024-12-14T00:00:00Z,0.246914,0.1,0.311526,0.169492,0.153846,0.235294
2018-03-17,Danny Henry,Hakeem Dawodu,,kaggle_mdabbert_bestfightodds,,2024-12-14T00:00:00Z,0.066667,0.079051,0.222222,0.37037,0.065574,0.4
2018-03-17,Paul Craig,Magomed Ankalaev,,kaggle_mdabbert_bestfightodds,,2024-12-14T00:00:00Z,0.052632,0.1,0.083333,0.69697,0.125,0.238095
2018-03-17,Stevie Ray,Kajan Johnson,,kaggle_mdabbert_bestfightodds,,2024-12-14T00:00:00Z,0.240964,0.1,0.403226,0.068966,0.074349,0.294118
2018-03-17,Mark Godbeer,Dmitry Sosnovskiy,,kaggle_mdabbert_bestfightodds,,2024-12-14T00:00:00Z,0.210526,0.065147,0.142857,0.413223,0.2,0.209644
2018-03-17,John Phillips,Charles Byrd,,kaggle_mdabbert_bestfightodds,,2024-12-14T00:00:00Z,0.416667,0.079051,0.151286,0.133333,0.222222,0.223214
2018-04-07,Renato Moicano,Calvin Kattar,,kaggle_mdabbert_bestfightodds,,2024-12-14T00:00:00Z,0.094607,0.119048,0.357143,0.188679,0.066225,0.363636
2018-04-07,Khabib Nurmagomedov,Al Iaquinta,,kaggle_mdabbert_bestfightodds,,2024-12-14T00:00:00Z,0.456621,0.389105,0.178891,0.153846,0.04,0.054054
2018-04-07,Rose Namajunas,Joanna Jedrzejczyk,,kaggle_mdabbert_bestfightodds,,2024-12-14T00:00:00Z,0.232558,0.222222,0.173913,0.210526,0.040816,0.357143
2018-04-07,Zabit Magomedsharipov,Kyle Bochniak,,kaggle_mdabbert_bestfightodds,,2024-12-14T00:00:00Z,0.265957,0.408163,0.322581,0.064935,0.039216,0.108108
2018-04-07,Devin Clark,Mike Rodriguez,,kaggle_mdabbert_bestfightodds,,2024-12-14T00:00:00Z,0.178571,0.147059,0.27027,0.350877,0.117647,0.156495
2018-04-07,Karolina Kowalkiewicz,Felice Herrig,,kaggle_mdabbert_bestfightodds,,2024-12-14T00:00:00Z,0.121212,0.066667,0.53271,0.050378,0.153846,0.285714
2018-04-07,Evan Dunham,Olivier Aubin-Mercier,,kaggle_mdabbert_bestfightodds,,2024-12-14T00:00:00Z,0.097087,0.095238,0.47619,0.091743,0.168634,0.321543
2018-04-07,Bec Rawlings,Ashlee Evans-Smith,,kaggle_mdabbert_bestfightodds,,2024-12-14T00:00:00Z,0.055249,0.085837,0.288184,0.150376,0.094787,0.507389
2018-04-07,Joe Lauzon,Chris Gruetzemacher,,kaggle_mdabbert_bestfightodds,,2024-12-14T00:00:00Z,0.12987,0.3367,0.239808,0.208333,0.053333,0.232558
2018-04-14,Tim Boetsch,Antonio Carlos Junior,,kaggle_mdabbert_bestfightodds,,2024-12-14T00:00:00Z,0.186916,0.054054,0.166667,0.125,0.465116,0.209644
2018-04-14,Dustin Poirier,Justin Gaethje,,kaggle_mdabbert_bestfightodds,,2024-12-14T00:00:00Z,0.384615,0.145985,0.16,0.392157,0.0625,0.108108
2018-04-14,Carlos Condit,Alex Oliveira,,kaggle_mdabbert_bestfightodds,,2024-12-14T00:00:00Z,0.190476,0.105263,0.173913,0.181818,0.117647,0.454545
2018-04-14,Israel Adesanya,Marvin Vettori,,kaggle_mdabbert_bestfightodds,,2024-12-14T00:00:00Z,0.444444,0.051282,0.285714,0.102564,0.15625,0.173913
2018-04-14,Michelle Waterson,Cortney Casey,,kaggle_mdabbert_bestfightodds,,2024-12-14T00:00:00Z,0.095694,0.093023,0.292398,0.1,0.125786,0.512195
2018-04-14,Muslim Salikhov,Ricky Rainey,,kaggle_mdabbert_bestfightodds,,2024-12-14T00:00:00Z,0.465116,0.105263,0.222717,0.133333,0.083333,0.240964
2018-04-14,Dhiego Lima,Yushin Okami,,kaggle_mdabbert_bestfightodds,,2024-12-14T00:00:00Z,0.147059,0.06734,0.350877,0.144092,0.130719,0.369004
2018-04-14,Krzysztof Jotko,Brad Tavares,,kaggle_mdabbert_bestfightodds,,2024-12-14T00:00:00Z,0.133333,0.090909,0.37037,0.121212,0.081967,0.389105
2018-04-14,Gilbert Burns,Dan Moret,,kaggle_mdabbert_bestfightodds,,2024-12-14T00:00:00Z,0.173913,0.4,0.413223,0.068027,0.062305,0.113379
2018-04-14,Shana Dobson,Lauren Mueller,,kaggle_mdabbert_bestfightodds,,2024-12-14T00:00:00Z,0.141844,0.052632,0.289017,0.114286,0.123457,0.473934
2018-04-14,Luke Sanders,Patrick Williams,,kaggle_mdabbert_bestfightodds,,2024-12-14T00:00:00Z,0.565217,0.15625,0.183486,0.12987,0.092593,0.074906
2018-04-14,Arjan Bhullar,Adam Wieczorek,,kaggle_mdabbert_bestfightodds,,2024-12-14T00:00:00Z,0.263852,0.095694,0.492611,0.140845,0.111111,0.095238
2018-04-14,Matthew Lopez,Alejandro Perez,,kaggle_mdabbert_bestfightodds,,2024-12-14T00:00:00Z,0.145985,0.161551,0.363636,0.121212,0.09009,0.361011
2018-04-14,Wilson Reis,John Moraga,,kaggle_mdabbert_bestfightodds,,2024-12-14T00:00:00Z,0.060976,0.16,0.392157,0.17094,0.064935,0.357143
2018-04-21,Edson Barboza,Kevin Lee,,kaggle_mdabbert_bestfightodds,,2024-12-14T00:00:00Z,0.25,0.052632,0.210526,0.125,0.377358,0.210526
2018-04-21,Frankie Edgar,Cub Swanson,,kaggle_mdabbert_bestfightodds,,2024-12-14T00:00:00Z,0.090909,0.076923,0.607843,0.176991,0.058824,0.181818
2018-04-21,Justin Willis,Chase Sherman,,kaggle_mdabbert_bestfightodds,,2024-12-14T00:00:00Z,0.52381,0.076923,0.30303,0.153846,0.066667,0.137931
2018-04-21,David Branch,Thiago Santos,,kaggle_mdabbert_bestfightodds,,2024-12-14T00:00:00Z,0.090909,0.153846,0.25974,0.47619,0.051282,0.222717
2018-04-21,Aljamain Sterling,Brett Johns,,kaggle_mdabbert_bestfightodds,,2024-12-14T00:00:00Z,0.111111,0.142857,0.377358,0.129032,0.111111,0.37037
2018-04-21,Jim Miller,Dan Hooker,,kaggle_mdabbert_bestfightodds,,2024-12-14T00:00:00Z,0.076923,0.090909,0.190476,0.222222,0.133333,0.545455
2018-04-21,Ryan LaFlare,Alex Garcia,,kaggle_mdabbert_bestfightodds,,2024-12-14T00:00:00Z,,,,0.166667,0.090909,0.25974
2018-04-21,Merab Dvalishvili,Ricky Simon,,kaggle_mdabbert_bestfightodds,,2024-12-14T00:00:00Z,0.102564,0.066667,0.31746,0.176991,0.148148,0.377358
2018-04-21,Siyar Bahadurzada,Luan Chagas,,kaggle_mdabbert_bestfightodds,,2024-12-14T00:00:00Z,0.289855,0.114286,0.181818,0.25,0.208333,0.2
2018-04-21,Corey Anderson,Patrick Cummins,,kaggle_mdabbert_bestfightodds,,2024-12-14T00:00:00Z,0.204082,0.090909,0.363636,0.133333,0.076923,0.37037
2018-04-21,Anthony Rocco Martin,Keita Nakamura,,kaggle_mdabbert_bestfightodds,,2024-12-14T00:00:00Z,0.111111,0.118343,0.547511,0.067568,0.141844,0.222222
2018-05-12,Jacare Souza,Kelvin Gastelum,,kaggle_mdabbert_bestfightodds,,2024-12-14T00:00:00Z,0.125,0.363636,0.240964,0.3125,0.047619,0.16
2018-05-12,Mackenzie Dern,Amanda Cooper,,kaggle_mdabbert_bestfightodds,,2024-12-14T00:00:00Z,0.090909,0.47619,0.30303,0.172414,0.047619,0.181818
2018-05-12,John Lineker,Brian Kelleher,,kaggle_mdabbert_bestfightodds,,2024-12-14T00:00:00Z,0.333333,0.108108,0.465116,0.066667,0.076923,0.25
2018-05-12,Vitor Belfort,Lyoto Machida,,kaggle_mdabbert_bestfightodds,,2024-12-14T00:00:00Z,0.206186,0.058824,0.166667,0.392157,0.058824,0.363636
2018-05-12,Cezar Ferreira,Karl Roberson,,kaggle_mdabbert_bestfightodds,,2024-12-14T00:00:00Z,0.153846,0.173913,0.266667,0.333333,0.111111,0.190476
2018-05-12,Amanda Nunes,Raquel Pennington,,kaggle_mdabbert_bestfightodds,,2024-12-14T00:00:00Z,0.444444,0.266667,0.294118,0.066667,0.070175,0.090909
2018-05-12,Davi Ramos,Nick Hein,,kaggle_mdabbert_bestfightodds,,2024-12-14T00:00:00Z,0.1,0.224719,0.357143,0.076923,0.066667,0.384615
2018-05-12,Elizeu Zaleski dos Santos,Sean Strickland,,kaggle_mdabbert_bestfightodds,,2024-12-14T00:00:00Z,0.190476,0.076923,0.392157,0.108108,0.076923,0.377358
2018-05-12,Warlley Alves,Sultan Aliev,,kaggle_mdabbert_bestfightodds,,2024-12-14T00:00:00Z,0.136054,0.344828,0.333333,0.142857,0.066667,0.210526
2018-05-12,Thales Leites,Jack Hermansson,,kaggle_mdabbert_bestfightodds,,2024-12-14T00:00:00Z,0.111111,0.17094,0.229885,0.278552,0.0625,0.348432
2018-05-12,Alberto Mina,Ramazan Emeev,,kaggle_mdabbert_bestfightodds,,2024-12-14T00:00:00Z,0.195695,0.142857,0.168067,0.222222,0.150602,0.333333
2018-05-12,Markus Perez,James Bochnovic,,kaggle_mdabbert_bestfightodds,,2024-12-14T00:00:00Z,0.224215,0.392157,0.206186,0.076046,0.090909,0.183486
2018-05-12,Aleksei Oleinik,Junior Albini,,kaggle_mdabbert_bestfightodds,,2024-12-14T00:00:00Z,,,,0.416667,0.066667,0.210526
2018-05-19,Demian Maia,Kamaru Usman,,kaggle_mdabbert_bestfightodds,,2024-12-14T00:00:00Z,0.058824,0.181818,0.076923,0.607843,0.04,0.344828
2018-05-19,Jared Cannonier,Dominick Reyes,,kaggle_mdabbert_bestfightodds,,2024-12-14T00:00:00Z,0.128205,0.066667,0.217391,0.333333,0.181818,0.273973
2018-05-19,Diego Rivas,Guido Cannetti,,kaggle_mdabbert_bestfightodds,,2024-12-14T00:00:00Z,0.222222,0.2,0.333333,0.2,0.1,0.2
2018-05-19,Veronica Macedo,Andrea Lee,,kaggle_mdabbert_bestfightodds,,2024-12-14T00:00:00Z,0.090909,0.076923,0.194175,0.333333,0.2,0.377358
2018-05-19,Vicente Luque,Chad Laprise,,kaggle_mdabbert_bestfightodds,,2024-12-14T00:00:00Z,0.285714,0.298507,0.232558,0.130719,0.076923,0.222222
2018-05-19,Alexa Grasso,Tatiana Suarez,,kaggle_mdabbert_bestfightodds,,2024-12-14T00:00:00Z,0.058824,0.052632,0.111111,0.125,0.333333,0.607843
2018-05-19,Brandon Moreno,Alexandre Pantoja,,kaggle_mdabbert_bestfightodds,,2024-12-14T00:00:00Z,0.090909,0.133333,0.344828,0.137931,0.173913,0.363636
2018-05-19,Poliana Botelho,Syuri Kondo,,kaggle_mdabbert_bestfightodds,,2024-12-14T00:00:00Z,0.235294,0.108108,0.37037,0.090909,0.066667,0.344828
2018-05-19,Gabriel Benitez,Humberto Bandenay,,kaggle_mdabbert_bestfightodds,,2024-12-14T00:00:00Z,0.190476,0.307692,0.273973,0.131579,0.149254,0.196078
2018-05-19,Enrique Barzola,Brandon Davis,,kaggle_mdabbert_bestfightodds,,2024-12-14T00:00:00Z,0.140845,0.127714,0.519231,0.105263,0.055556,0.263158
2018-05-19,Henry Briones,Frankie Saenz,,kaggle_mdabbert_bestfightodds,,2024-12-14T00:00:00Z,0.078431,0.072046,0.172414,0.149254,0.099404,0.607843
2018-05-19,Claudio Puelles,Felipe Silva,,kaggle_mdabbert_bestfightodds,,2024-12-14T00:00:00Z,0.072464,0.076923,0.188679,0.574468,0.105263,0.181818
2018-05-19,Zak Cummings,Michel Prazeres,,kaggle_mdabbert_bestfightodds,,2024-12-14T00:00:00Z,0.222222,0.166667,0.444444,0.108108,0.133333,0.266667
2018-05-27,Stephen Thompson,Darren Till,,kaggle_mdabbert_bestfightodds,,2024-12-14T00:00:00Z,0.285714,0.041667,0.298507,0.322581,0.047619,0.217391
2018-05-27,Neil Magny,Craig White,,kaggle_mdabbert_bestfightodds,,2024-12-14T00:00:00Z,0.465116,0.235294,0.273973,0.058824,0.090909,0.1
2018-05-27,Arnold Allen,Mads Burnell,,kaggle_mdabbert_bestfightodds,,2024-12-14T00:00:00Z,0.166667,0.153846,0.5,0.076923,0.142857,0.222222
2018-05-27,Jason Knight,Makwan Amirkhani,,kaggle_mdabbert_bestfightodds,,2024-12-14T00:00:00Z,0.142857,0.2,0.357143,0.108108,0.125,0.285714
2018-05-27,Claudio Silva,Nordine Taleb,,kaggle_mdabbert_bestfightodds,,2024-12-14T00:00:00Z,0.076923,0.142857,0.133333,0.285714,0.058824,0.545455
2018-05-27,Eric Spicely,Darren Stewart,,kaggle_mdabbert_bestfightodds,,2024-12-14T00:00:00Z,0.066667,0.545455,0.181818,0.285714,0.066667,0.153846
2018-05-27,Lina Lansberg,Gina Mazany,,kaggle_mdabbert_bestfightodds,,2024-12-14T00:00:00Z,0.125,0.040816,0.350877,0.172414,0.086207,0.403226
2018-05-27,Bradley Scott,Carlo Pedersoli,,kaggle_mdabbert_bestfightodds,,2024-12-14T00:00:00Z,0.16129,0.116959,0.25,,,
2018-05-27,Gillian Robertson,Molly McCann,,kaggle_mdabbert_bestfightodds,,2024-12-14T00:00:00Z,0.064103,0.204082,0.212766,0.215054,0.079051,0.395257
2018-05-27,Elias Theodorou,Trevor Smith,,kaggle_mdabbert_bestfightodds,,2024-12-14T00:00:00Z,0.212766,0.052632,0.583333,0.06734,0.060606,0.192308
2018-05-27,Daniel Kelly,Tom Breese,,kaggle_mdabbert_bestfightodds,,2024-12-14T00:00:00Z,0.048426,0.037037,0.206186,0.364964,0.166667,0.383142
2018-06-01,Jimmie Rivera,Marlon Moraes,,kaggle_mdabbert_bestfightodds,,2024-12-14T00:00:00Z,0.150376,0.074349,0.4,0.178571,0.103627,0.327869
2018-06-01,Julio Arce,Daniel Teymur,,kaggle_mdabbert_bestfightodds,,2024-12-14T00:00:00Z,0.235294,0.199203,0.304878,0.166667,0.104167,0.222222
2018-06-01,Walt Harris,Daniel Spitz,,kaggle_mdabbert_bestfightodds,,2024-12-14T00:00:00Z,0.583333,0.036697,0.142248,0.150376,0.13986,0.140845
2018-06-01,Jake Ellenberger,Ben Saunders,,kaggle_mdabbert_bestfightodds,,2024-12-14T00:00:00Z,0.487805,0.084388,0.130378,0.190476,0.184843,0.125
2018-06-01,Gian Villante,Sam Alvey,,kaggle_mdabbert_bestfightodds,,2024-12-14T00:00:00Z,0.111111,0.044248,0.362319,0.37037,0.065147,0.263158
2018-06-01,Gregor Gillespie,Vinc Pichel,,kaggle_mdabbert_bestfightodds,,2024-12-14T00:00:00Z,0.285714,0.266667,0.380228,0.153846,0.05305,0.103627
2018-06-01,Nik Lentz,David Teymur,,kaggle_mdabbert_bestfightodds,,2024-12-14T00:00:00Z,0.045977,0.102564,0.206186,0.166667,0.104167,0.222222
2018-06-01,Belal Muhammad,Chance Rencountre,,kaggle_mdabbert_bestfightodds,,2024-12-14T00:00:00Z,0.266667,0.064516,0.604743,0.12987,0.057143,0.123305
2018-06-01,Desmond Green,Gleison Tibau,,kaggle_mdabbert_bestfightodds,,2024-12-14T00:00:00Z,0.3125,0.051282,0.539171,0.051414,0.085106,0.208333
2018-06-01,Johnny Eduardo,Nathaniel Wood,,kaggle_mdabbert_bestfightodds,,2024-12-14T00:00:00Z,0.222222,0.078431,0.119332,0.416667,0.15625,0.235294
2018-06-01,Jarred Brooks,Jose Torres,,kaggle_mdabbert_bestfightodds,,2024-12-14T00:00:00Z,0.079491,0.084531,0.359712,0.192308,0.115607,0.425532
2018-06-01,Sijara Eubanks,Lauren Murphy,,kaggle_mdabbert_bestfightodds,,2024-12-14T00:00:00Z,0.180505,0.119904,0.434783,0.080645,0.05,0.311526
2018-06-09,Robert Whittaker,Yoel Romero,,kaggle_mdabbert_bestfightodds,,2024-12-14T00:00:00Z,0.403226,0.050633,0.327869,0.254453,0.040816,0.111111
2018-06-09,Rafael Dos Anjos,Colby Covington,,kaggle_mdabbert_bestfightodds,,2024-12-14T00:00:00Z,0.238663,0.151515,0.2,0.1,0.094518,0.434783
2018-06-09,Holly Holm,Megan Anderson,,kaggle_mdabbert_bestfightodds,,2024-12-14T00:00:00Z,0.126582,0.052632,0.512195,0.174825,0.065359,0.277778
2018-06-09,Andrei Arlovski,Tai Tuivasa,,kaggle_mdabbert_bestfightodds,,2024-12-14T00:00:00Z,0.182815,0.055556,0.189036,0.607843,0.032258,0.114286
2018-06-09,CM Punk,Mike Jackson,,kaggle_mdabbert_bestfightodds,,2024-12-14T00:00:00Z,0.078431,0.195312,0.17094,0.421941,0.125,0.199203
2018-06-09,Alistair Overeem,Curtis Blaydes,,kaggle_mdabbert_bestfightodds,,2024-12-14T00:00:00Z,0.186916,0.111732,0.178571,0.363636,0.047619,0.258398
2018-06-09,Ricardo Lamas,Mirsad Bektic,,kaggle_mdabbert_bestfightodds,,2024-12-14T00:00:00Z,0.108696,0.105263,0.2,0.285714,0.068966,0.4
2018-06-09,Rashad Coulter,Chris de la Rocha,,kaggle_mdabbert_bestfightodds,,2024-12-14T00:00:00Z,0.444444,0.044444,0.090909,0.235294,0.193798,0.148148
2018-06-09,Rashad Evans,Anthony Smith,,kaggle_mdabbert_bestfightodds,,2024-12-14T00:00:00Z,0.103093,0.050891,0.232558,0.431034,0.11274,0.266667
2018-06-09,Joseph Benavidez,Sergio Pettis,,kaggle_mdabbert_bestfightodds,,2024-12-14T00:00:00Z,0.098814,0.153846,0.545455,0.137741,0.0625,0.238095
2018-06-09,Clay Guida,Charles Oliveira,,kaggle_mdabbert_bestfightodds,,2024-12-14T00:00:00Z,0.177305,0.101112,0.263158,0.083333,0.436681,0.121359
2018-06-09,Mike Santiago,Dan Ige,,kaggle_mdabbert_bestfightodds,,2024-12-14T00:00:00Z,0.187266,0.121212,0.296736,0.088106,0.127551,0.3861
2018-06-09,Claudia Gadelha,Carla Esparza,,kaggle_mdabbert_bestfightodds,,2024-12-14T00:00:00Z,0.115607,0.178891,0.555556,0.090909,0.063052,0.238095
2018-06-23,Teruto Ishihara,Petr Yan,,kaggle_mdabbert_bestfightodds,,2024-12-14T00:00:00Z,0.108108,0.04878,0.104167,0.266667,0.121212,0.555556
2018-06-23,Donald Cerrone,Leon Edwards,,kaggle_mdabbert_bestfightodds,,2024-12-14T00:00:00Z,0.16,0.142857,0.162602,0.444444,0.068966,0.25
2018-06-23,Ovince Saint Preux,Tyson Pedro,,kaggle_mdabbert_bestfightodds,,2024-12-14T00:00:00Z,0.222222,0.133333,0.217391,0.285714,0.142857,0.210526
2018-06-23,Jessica-Rose Clark,Jessica Eye,,kaggle_mdabbert_bestfightodds,,2024-12-14T00:00:00Z,0.095238,0.076923,0.47619,0.090909,0.066667,0.4
2018-06-23,Li Jingliang,Daichi Abe,,kaggle_mdabbert_bestfightodds,,2024-12-14T00:00:00Z,0.266667,0.2,0.4,0.16,0.052632,0.142857
2018-06-23,Felipe Arantes,Song Yadong,,kaggle_mdabbert_bestfightodds,,2024-12-14T00:00:00Z,0.144928,0.186916,0.238095,,,
2018-06-23,Ji Yeon Kim,Melinda Fabian,,kaggle_mdabbert_bestfightodds,,2024-12-14T00:00:00Z,0.089286,0.15748,0.465116,0.064516,0.124844,0.289017
2018-06-23,Song Kenan,Hector Aldana,,kaggle_mdabbert_bestfightodds,,2024-12-14T00:00:00Z,,,,0.141044,0.054054,0.190114
2018-06-23,Shinsho Anzai,Jake Matthews,,kaggle_mdabbert_bestfightodds,,2024-12-14T00:00:00Z,0.067797,0.0625,0.151057,0.166667,0.273973,0.487805
2018-06-23,Viviane Pereira,Yan Xiaonan,,kaggle_mdabbert_bestfightodds,,2024-12-14T00:00:00Z,0.057143,0.105042,0.537037,,,
2018-06-23,Matt Schnell,Naoki Inoue,,kaggle_mdabbert_bestfightodds,,2024-12-14T00:00:00Z,0.095238,0.129032,0.285714,0.11976,0.3125,0.286533
2018-06-23,Jenel Lausa,Ulka Sasaki,,kaggle_mdabbert_bestfightodds,,2024-12-14T00:00:00Z,0.090909,0.055249,0.236407,0.105263,0.545455,0.190476
2018-06-23,Rolando Dy,Shane Young,,kaggle_mdabbert_bestfightodds,,2024-12-14T00:00:00Z,0.090909,0.078125,0.292398,0.142857,0.1002,0.473934
2018-07-06,Alex Caceres,Martin Bravo,,kaggle_mdabbert_bestfightodds,,2024-12-14T00:00:00Z,0.089686,0.185185,0.327869,0.13245,0.175439,0.285714
2018-07-06,Brad Tavares,Israel Adesanya,,kaggle_mdabbert_bestfightodds,,2024-12-14T00:00:00Z,0.235849,0.118343,0.246914,0.37037,0.038462,0.2
2018-07-06,Michael Trizano,Joe Giannetti,,kaggle_mdabbert_bestfightodds,,2024-12-14T00:00:00Z,0.10101,0.11976,0.285714,0.117647,0.454545,0.207039
2018-07-06,Jay Cucciniello,Brad Katona,,kaggle_mdabbert_bestfightodds,,2024-12-14T00:00:00Z,0.113507,0.133333,0.17094,0.144928,0.25,0.425532
2018-07-06,Roxanne Modafferi,Barb Honchak,,kaggle_mdabbert_bestfightodds,,2024-12-14T00:00:00Z,0.056657,0.064309,0.357143,0.079681,0.114286,0.5
2018-07-06,Montana De La Rosa,Rachael Ostovich,,kaggle_mdabbert_bestfightodds,,2024-12-14T00:00:00Z,0.096618,0.238095,0.350877,0.092166,0.2,0.20202
2018-07-06,Luis Pena,Richie Smullen,,kaggle_mdabbert_bestfightodds,,2024-12-14T00:00:00Z,0.357143,0.285714,0.222222,0.083333,0.103093,0.133333
2018-07-06,John Gunther,Allan Zuniga,,kaggle_mdabbert_bestfightodds,,2024-12-14T00:00:00Z,0.238095,0.190476,0.25974,0.153846,0.15873,0.239808
2018-07-06,Tyler Diamond,Bryce Mitchell,,kaggle_mdabbert_bestfightodds,,2024-12-14T00:00:00Z,0.166667,0.108696,0.289855,0.103627,0.27027,0.25641
2018-07-06,Matt Bessette,Steven Peterson,,kaggle_mdabbert_bestfightodds,,2024-12-14T00:00:00Z,0.147059,0.15625,0.357143,0.181818,0.168067,0.232558
2018-07-06,Alessio Di Chirico,Julian Marquez,,kaggle_mdabbert_bestfightodds,,2024-12-14T00:00:00Z,0.16129,0.127389,0.277778,0.289855,0.153846,0.19802
2018-07-06,Gerald Meerschaert,Oskar Piechota,,kaggle_mdabbert_bestfightodds,,2024-12-14T00:00:00Z,0.074906,0.208333,0.143885,0.363636,0.210526,0.2
2018-07-07,Stipe Miocic,Daniel Cormier,,kaggle_mdabbert_bestfightodds,,2024-12-14T00:00:00Z,0.392157,0.038462,0.31746,0.13947,0.114286,0.215983
2018-07-07,Francis Ngannou,Derrick Lewis,,kaggle_mdabbert_bestfightodds,,2024-12-14T00:00:00Z,0.622642,0.121212,0.136054,0.204082,0.042553,0.086957
2018-07-07,Paul Felder,Mike Perry,,kaggle_mdabbert_bestfightodds,,2024-12-14T00:00:00Z,0.284091,0.125,0.258398,0.27933,0.048008,0.212766
2018-07-07,Michael Chiesa,Anthony Pettis,,kaggle_mdabbert_bestfightodds,,2024-12-14T00:00:00Z,0.112108,0.298507,0.288184,0.130719,0.136054,0.234192
2018-07-07,Gokhan Saki,Khalil Rountree Jr.,,kaggle_mdabbert_bestfightodds,,2024-12-14T00:00:00Z,0.49505,0.030303,0.120919,,,
2018-07-07,Raphael Assuncao,Rob Font,,kaggle_mdabbert_bestfightodds,,2024-12-14T00:00:00Z,0.09009,0.114286,0.465116,0.178571,0.064725,0.277778
2018-07-07,Lando Vannata,Drakkar Klose,,kaggle_mdabbert_bestfightodds,,2024-12-14T00:00:00Z,0.248139,0.105263,0.4,0.098522,0.06135,0.290698
2018-07-07,Curtis Millender,Max Griffin,,kaggle_mdabbert_bestfightodds,,2024-12-14T00:00:00Z,0.263158,0.066667,0.363636,0.166667,0.074074,0.25
2018-07-07,Dan Hooker,Gilbert Burns,,kaggle_mdabbert_bestfightodds,,2024-12-14T00:00:00Z,0.363636,0.04878,0.196078,0.151515,0.227273,0.2
2018-07-07,Jamie Moyle,Emily Whitmire,,kaggle_mdabbert_bestfightodds,,2024-12-14T00:00:00Z,0.074074,0.188324,0.458716,0.061538,0.087336,0.297619
2018-07-07,Uriah Hall,Paulo Costa,,kaggle_mdabbert_bestfightodds,,2024-12-14T00:00:00Z,0.196078,0.055556,0.117647,0.607843,0.067249,0.178571
2018-07-14,Myles Jury,Chad Mendes,,kaggle_mdabbert_bestfightodds,,2024-12-14T00:00:00Z,0.190476,0.125,0.263158,0.192308,0.103627,0.357143
2018-07-14,Junior Dos Santos,Blagoy Ivanov,,kaggle_mdabbert_bestfightodds,,2024-12-14T00:00:00Z,0.436681,0.043478,0.207469,0.27027,0.10989,0.129032
2018-07-14,Sage Northcutt,Zak Ottow,,kaggle_mdabbert_bestfightodds,,2024-12-14T00:00:00Z,0.194175,0.086957,0.333333,0.134953,0.181818,0.240964
2018-07-14,Dennis Bermudez,Rick Glenn,,kaggle_mdabbert_bestfightodds,,2024-12-14T00:00:00Z,0.088889,0.080321,0.555556,0.125,0.076923,0.27027
2018-07-14,Randy Brown,Niko Price,,kaggle_mdabbert_bestfightodds,,2024-12-14T00:00:00Z,0.194175,0.156495,0.31746,0.18315,0.176991,0.210526
2018-07-14,Cat Zingano,Marion Reneau,,kaggle_mdabbert_bestfightodds,,2024-12-14T00:00:00Z,0.110497,0.088496,0.384615,0.142857,0.16129,0.315457
2018-07-14,Mark De La Rosa,Elias Garcia,,kaggle_mdabbert_bestfightodds,,2024-12-14T00:00:00Z,0.13245,0.192308,0.210526,0.235294,0.194175,0.229885
2018-07-14,Darren Elkins,Alexander Volkanovski,,kaggle_mdabbert_bestfightodds,,2024-12-14T00:00:00Z,0.106952,0.097087,0.19802,0.229885,0.089686,0.5
2018-07-14,Justin Scoggins,Said Nurmagomedov,,kaggle_mdabbert_bestfightodds,,2024-12-14T00:00:00Z,0.136054,0.088106,0.338983,0.123153,0.129032,0.389105
2018-07-14,Kurt Holobaugh,Raoni Barcelos,,kaggle_mdabbert_bestfightodds,,2024-12-14T00:00:00Z,0.294118,0.188679,0.21645,0.133333,0.136986,0.232558
2018-07-14,Liz Carmouche,Jennifer Maia,,kaggle_mdabbert_bestfightodds,,2024-12-14T00:00:00Z,0.117647,0.089286,0.4,0.072202,0.064309,0.416667
2018-07-14,Jessica Aguilar,Jodie Esquibel,,kaggle_mdabbert_bestfightodds,,2024-12-14T00:00:00Z,0.063898,0.070671,0.377358,0.111732,0.07326,0.52381
2018-07-14,Eddie Wineland,Alejandro Perez,,kaggle_mdabbert_bestfightodds,,2024-12-14T00:00:00Z,0.2,0.058824,0.239808,0.181818,0.149254,0.384615
2018-07-22,Marcin Tybura,Stefan Struve,,kaggle_mdabbert_bestfightodds,,2024-12-14T00:00:00Z,0.307692,0.133333,0.333333,0.190476,0.121212,0.125
2018-07-22,Vitor Miranda,Abu Azaitar,,kaggle_mdabbert_bestfightodds,,2024-12-14T00:00:00Z,0.196078,0.08547,0.153846,0.215054,0.097561,0.416667
2018-07-22,Danny Roberts,David Zawada,,kaggle_mdabbert_bestfightodds,,2024-12-14T00:00:00Z,0.338983,0.160256,0.276243,0.210526,0.080972,0.142857
2018-07-22,Mauricio Rua,Anthony Smith,,kaggle_mdabbert_bestfightodds,,2024-12-14T00:00:00Z,0.289855,0.08,0.125,0.465116,0.090909,0.190114
2018-07-22,Glover Teixeira,Corey Anderson,,kaggle_mdabbert_bestfightodds,,2024-12-14T00:00:00Z,0.327869,0.153846,0.2,0.20202,0.055556,0.294118
2018-07-22,Nasrat Haqparast,Marc Diakiese,,kaggle_mdabbert_bestfightodds,,2024-12-14T00:00:00Z,0.215054,0.057143,0.224719,0.31746,0.096154,0.269542
2018-07-22,Jeremy Kimball,Darko Stosic,,kaggle_mdabbert_bestfightodds,,2024-12-14T00:00:00Z,0.2,0.058824,0.148148,0.512195,0.162602,0.160772
2018-07-22,Emil Meek,Bartosz Fabinski,,kaggle_mdabbert_bestfightodds,,2024-12-14T00:00:00Z,0.266667,0.117647,0.294118,0.080321,0.072727,0.357143
2018-07-22,Khalid Taha,Nad Narimani,,kaggle_mdabbert_bestfightodds,,2024-12-14T00:00:00Z,0.153846,0.081967,0.185185,0.188679,0.384615,0.235294
2018-07-22,Justin Ledet,Aleksandar Rakic,,kaggle_mdabbert_bestfightodds,,2024-12-14T00:00:00Z,0.145985,0.111857,0.352113,0.28169,0.0625,0.243902
2018-07-22,Davey Grant,Manny Bermudez,,kaggle_mdabbert_bestfightodds,,2024-12-14T00:00:00Z,0.133333,0.094787,0.147059,0.097561,0.565217,0.212314
2018-07-22,Damian Stasiak,Liu Pingyuan,,kaggle_mdabbert_bestfightodds,,2024-12-14T00:00:00Z,0.096154,0.327869,0.2,,,
2018-07-22,Nick Hein,Damir Hadzovic,,kaggle_mdabbert_bestfightodds,,2024-12-14T00:00:00Z,0.081633,0.105263,0.485437,0.206186,0.076628,0.224719
2018-07-28,Eddie Alvarez,Dustin Poirier,,kaggle_mdabbert_bestfightodds,,2024-12-14T00:00:00Z,0.229885,0.088889,0.145985,0.465116,0.105263,0.162602
2018-07-28,Jose Aldo,Jeremy Stephens,,kaggle_mdabbert_bestfightodds,,2024-12-14T00:00:00Z,0.108108,0.076628,0.416667,0.30303,0.046512,0.285714
2018-07-28,Joanna Jedrzejczyk,Tecia Torres,,kaggle_mdabbert_bestfightodds,,2024-12-14T00:00:00Z,0.173913,0.054496,0.622642,0.070671,0.097561,0.199203
2018-07-28,Alexander Hernandez,Olivier Aubin-Mercier,,kaggle_mdabbert_bestfightodds,,2024-12-14T00:00:00Z,0.243902,0.095694,0.273973,0.072464,0.25641,0.254453
2018-07-28,Jordan Mein,Alex Morono,,kaggle_mdabbert_bestfightodds,,2024-12-14T00:00:00Z,0.181818,0.117647,0.350877,0.121212,0.155039,0.285714
2018-07-28,Hakeem Dawodu,Austin Arnett,,kaggle_mdabbert_bestfightodds,,2024-12-14T00:00:00Z,0.555556,0.08,0.266667,0.064725,0.091324,0.133333
2018-07-28,Kajan Johnson,Islam Makhachev,,kaggle_mdabbert_bestfightodds,,2024-12-14T00:00:00Z,0.075472,0.051151,0.114286,0.273973,0.190476,0.512195
2018-07-28,Gadzhimurad Antigulov,Ion Cutelaba,,kaggle_mdabbert_bestfightodds,,2024-12-14T00:00:00Z,0.085837,0.285714,0.175439,0.377358,0.0625,0.165289
2018-07-28,John Makdessi,Ross Pearson,,kaggle_mdabbert_bestfightodds,,2024-12-14T00:00:00Z,0.195312,0.045455,0.534884,0.114943,0.065147,0.240964
2018-07-28,Alexis Davis,Katlyn Chookagian,,kaggle_mdabbert_bestfightodds,,2024-12-14T00:00:00Z,0.06993,0.08,0.350877,0.111111,0.076923,0.512195
2018-07-28,Dustin Ortiz,Matheus Nicolau,,kaggle_mdabbert_bestfightodds,,2024-12-14T00:00:00Z,0.074074,0.064935,0.298507,0.137931,0.141844,0.49505
2018-07-28,Randa Markos,Nina Ansaroff,,kaggle_mdabbert_bestfightodds,,2024-12-14T00:00:00Z,0.065574,0.137931,0.327869,,,
2018-07-28,Devin Powell,Alvaro Herrera,,kaggle_mdabbert_bestfightodds,,2024-12-14T00:00:00Z,0.104712,0.294118,0.181818,0.222222,0.108696,0.280112
2018-08-04,TJ Dillashaw,Cody Garbrandt,,kaggle_mdabbert_bestfightodds,,2024-12-14T00:00:00Z,0.3125,0.114943,0.240964,0.3125,0.039216,0.183486
2018-08-04,Demetrious Johnson,Henry Cejudo,,kaggle_mdabbert_bestfightodds,,2024-12-14T00:00:00Z,0.25,0.357143,0.31746,0.111111,0.051414,0.122699
2018-08-04,Cub Swanson,Renato Moicano,,kaggle_mdabbert_bestfightodds,,2024-12-14T00:00:00Z,0.128205,0.050633,0.196078,0.112994,0.148148,0.607843
2018-08-04,Polyana Viana,JJ Aldrich,,kaggle_mdabbert_bestfightodds,,2024-12-14T00:00:00Z,0.117647,0.285714,0.286533,0.117647,0.07326,0.327869
2018-08-04,Thiago Santos,Kevin Holland,,kaggle_mdabbert_bestfightodds,,2024-12-14T00:00:00Z,0.642857,0.0625,0.135135,0.16129,0.069204,0.11976
2018-08-04,Marlon Vera,Wuliji Buren,,kaggle_mdabbert_bestfightodds,,2024-12-14T00:00:00Z,0.195695,0.363636,0.363636,0.051151,0.071429,0.15361
2018-08-04,Ricky Simon,Montel Jackson,,kaggle_mdabbert_bestfightodds,,2024-12-14T00:00:00Z,0.128205,0.178571,0.263158,0.235294,0.140845,0.25974
2018-08-04,Ricardo Ramos,Kyung Ho Kang,,kaggle_mdabbert_bestfightodds,,2024-12-14T00:00:00Z,0.215054,0.266667,0.344828,0.064725,0.133333,0.183486
2018-08-04,Matt Sayles,Sheymon Moraes,,kaggle_mdabbert_bestfightodds,,2024-12-14T00:00:00Z,0.285714,0.097561,0.266667,0.229885,0.074627,0.229358
2018-08-04,Alex Perez,Jose Torres,,kaggle_mdabbert_bestfightodds,,2024-12-14T00:00:00Z,0.068966,0.176991,0.416667,0.173913,0.11976,0.230947
2018-08-04,Danielle Taylor,Weili Zhang,,kaggle_mdabbert_bestfightodds,,2024-12-14T00:00:00Z,0.088496,0.065574,0.2,0.263158,0.112486,0.434783
2018-08-04,Pedro Munhoz,Brett Johns,,kaggle_mdabbert_bestfightodds,,2024-12-14T00:00:00Z,0.105263,0.333333,0.357143,0.090909,0.078431,0.273973
2018-08-25,John Moraga,Deiveson Figueiredo,,kaggle_mdabbert_bestfightodds,,2024-12-14T00:00:00Z,0.082988,0.079365,0.316456,0.155039,0.140647,0.408163
2018-08-25,Justin Gaethje,James Vick,,kaggle_mdabbert_bestfightodds,,2024-12-14T00:00:00Z,0.3663,0.033898,0.135135,0.285714,0.235294,0.181818
2018-08-25,Michael Johnson,Andre Fili,,kaggle_mdabbert_bestfightodds,,2024-12-14T00:00:00Z,0.266667,0.039216,0.269542,0.138889,0.169779,0.359712
2018-08-25,Cortney Casey,Angela Hill,,kaggle_mdabbert_bestfightodds,,2024-12-14T00:00:00Z,0.057143,0.145985,0.367647,0.068493,0.038462,0.512195
2018-08-25,Jake Ellenberger,Bryan Barberena,,kaggle_mdabbert_bestfightodds,,2024-12-14T00:00:00Z,0.074074,0.058309,0.162075,0.557522,0.166667,0.185185
2018-08-25,Eryk Anders,Tim Williams,,kaggle_mdabbert_bestfightodds,,2024-12-14T00:00:00Z,0.677419,0.086957,0.224719,0.056338,0.058309,0.055556
2018-08-25,Rani Yahya,Luke Sanders,,kaggle_mdabbert_bestfightodds,,2024-12-14T00:00:00Z,0.047619,0.393701,0.179533,0.206186,0.045455,0.307692
2018-08-25,Cory Sandhagen,Iuri Alcantara,,kaggle_mdabbert_bestfightodds,,2024-12-14T00:00:00Z,0.384615,0.066667,0.307692,0.106383,0.155039,0.185185
2018-08-25,Andrew Sanchez,Markus Perez,,kaggle_mdabbert_bestfightodds,,2024-12-14T00:00:00Z,0.10929,0.097561,0.425532,0.131579,0.232558,0.192308
2018-08-25,Mickey Gall,George Sullivan,,kaggle_mdabbert_bestfightodds,,2024-12-14T00:00:00Z,0.16,0.565217,0.169492,0.13986,0.04,0.17094
2018-08-25,Joanne Calderwood,Kalindra Faria,,kaggle_mdabbert_bestfightodds,,2024-12-14T00:00:00Z,0.092166,0.054054,0.574468,0.072464,0.138889,0.240964
2018-08-25,Drew Dober,Jon Tuck,,kaggle_mdabbert_bestfightodds,,2024-12-14T00:00:00Z,0.183824,0.055556,0.545455,0.076923,0.179533,0.183824
2018-08-25,James Krause,Warlley Alves,,kaggle_mdabbert_bestfightodds,,2024-12-14T00:00:00Z,0.07326,0.060606,0.194175,0.222222,0.238095,0.357143
2018-09-08,Tyron Woodley,Darren Till,,kaggle_mdabbert_bestfightodds,,2024-12-14T00:00:00Z,0.222222,0.103627,0.25974,0.350877,0.034483,0.253165
2018-09-08,Jessica Andrade,Karolina Kowalkiewicz,,kaggle_mdabbert_bestfightodds,,2024-12-14T00:00:00Z,0.114025,0.217391,0.574468,0.069444,0.042553,0.151515
2018-09-08,Zabit Magomedsharipov,Brandon Davis,,kaggle_mdabbert_bestfightodds,,2024-12-14T00:00:00Z,0.222222,0.434783,0.377358,0.050378,0.04,0.058824
2018-09-08,Jimmie Rivera,John Dodson,,kaggle_mdabbert_bestfightodds,,2024-12-14T00:00:00Z,0.085106,0.074349,0.5,0.17094,0.064725,0.285714
2018-09-08,Abdul Razak Alhassan,Niko Price,,kaggle_mdabbert_bestfightodds,,2024-12-14T00:00:00Z,0.425532,0.05,0.12987,0.232558,0.222222,0.136054
2018-09-08,Carla Esparza,Tatiana Suarez,,kaggle_mdabbert_bestfightodds,,2024-12-14T00:00:00Z,0.041068,0.038462,0.200401,0.153846,0.3125,0.480769
2018-09-08,Aljamain Sterling,Cody Stamann,,kaggle_mdabbert_bestfightodds,,2024-12-14T00:00:00Z,0.123762,0.118343,0.480769,0.081301,0.05988,0.315457
2018-09-08,Charles Byrd,Darren Stewart,,kaggle_mdabbert_bestfightodds,,2024-12-14T00:00:00Z,0.191571,0.384615,0.168067,0.294118,0.057143,0.105263
2018-09-08,Diego Sanchez,Craig White,,kaggle_mdabbert_bestfightodds,,2024-12-14T00:00:00Z,0.104712,0.155039,0.2,0.458716,0.153846,0.14881
2018-09-08,Jim Miller,Alex White,,kaggle_mdabbert_bestfightodds,,2024-12-14T00:00:00Z,0.074349,0.127389,0.284091,0.458716,0.153846,0.14881
2018-09-08,Irene Aldana,Lucie Pudilova,,kaggle_mdabbert_bestfightodds,,2024-12-14T00:00:00Z,0.150376,0.086207,0.37037,0.085106,0.064516,0.416667
2018-09-08,Roberto Sanchez,Jarred Brooks,,kaggle_mdabbert_bestfightodds,,2024-12-14T00:00:00Z,0.104712,0.155039,0.2,0.222222,0.215054,0.378788
2018-09-08,Geoff Neal,Frank Camacho,,kaggle_mdabbert_bestfightodds,,2024-12-14T00:00:00Z,0.359712,0.133333,0.26455,0.17094,0.080972,0.192308
2018-09-15,Aleksei Kunchenko,Thiago Alves,,kaggle_mdabbert_bestfightodds,,2024-12-14T00:00:00Z,0.512195,0.102564,0.322581,0.135685,0.052632,0.083333
2018-09-15,Mark Hunt,Aleksei Oleinik,,kaggle_mdabbert_bestfightodds,,2024-12-14T00:00:00Z,0.473934,0.034483,0.083752,0.102564,0.377358,0.095238
2018-09-15,Jan Blachowicz,Nikita Krylov,,kaggle_mdabbert_bestfightodds,,2024-12-14T00:00:00Z,0.129032,0.13624,0.25,0.373134,0.133333,0.215054
2018-09-15,Andrei Arlovski,Shamil Abdurakhimov,,kaggle_mdabbert_bestfightodds,,2024-12-14T00:00:00Z,0.141844,0.05,0.333333,0.27933,0.074074,0.327869
2018-09-15,Khalid Murtazaliev,CB Dollaway,,kaggle_mdabbert_bestfightodds,,2024-12-14T00:00:00Z,0.478469,0.078431,0.16,0.111359,0.114286,0.266667
2018-09-15,Adam Yandiev,Jordan Johnson,,kaggle_mdabbert_bestfightodds,,2024-12-14T00:00:00Z,0.148148,0.124844,0.142857,0.064516,0.062696,0.083333
2018-09-15,Rustam Khabilov,Kajan Johnson,,kaggle_mdabbert_bestfightodds,,2024-12-14T00:00:00Z,0.206186,0.192678,0.591837,0.064516,0.062696,0.083333
2018-09-15,Mairbek Taisumov,Desmond Green,,kaggle_mdabbert_bestfightodds,,2024-12-14T00:00:00Z,0.516908,0.097561,0.319489,0.070175,0.05305,0.145138
2018-09-15,Magomed Ankalaev,Marcin Prachnio,,kaggle_mdabbert_bestfightodds,,2024-12-14T00:00:00Z,0.561404,0.105263,0.26455,0.115741,0.055556,0.083333
2018-09-15,Merab Dvalishvili,Terrion Ware,,kaggle_mdabbert_bestfightodds,,2024-12-14T00:00:00Z,0.17094,0.149477,0.632353,0.082988,0.05,0.121065
2018-09-15,Ramazan Emeev,Stefan Sekulic,,kaggle_mdabbert_bestfightodds,,2024-12-14T00:00:00Z,0.253807,0.266667,0.41841,0.1,0.053191,0.076923
2018-09-15,Petr Yan,Jin Soo Son,,kaggle_mdabbert_bestfightodds,,2024-12-14T00:00:00Z,0.636364,0.076923,0.277778,0.053763,0.05,0.068966
2018-09-22,Thiago Santos,Eryk Anders,,kaggle_mdabbert_bestfightodds,,2024-12-14T00:00:00Z,0.52381,0.1,0.125,0.357143,0.038462,0.111111
2018-09-22,Alex Oliveira,Carlo Pedersoli,,kaggle_mdabbert_bestfightodds,,2024-12-14T00:00:00Z,0.344828,0.357143,0.307692,,,
2018-09-22,Sam Alvey,Rogerio Nogueira,,kaggle_mdabbert_bestfightodds,,2024-12-14T00:00:00Z,0.6,0.038462,0.294118,0.090909,0.076923,0.222222
2018-09-22,Renan Barao,Andre Ewell,,kaggle_mdabbert_bestfightodds,,2024-12-14T00:00:00Z,0.111111,0.333333,0.307692,0.222222,0.105263,0.181818
2018-09-22,Charles Oliveira,Christos Giagos,,kaggle_mdabbert_bestfightodds,,2024-12-14T00:00:00Z,0.344828,0.357143,0.307692,0.111111,0.076923,0.117647
2018-09-22,Francisco Trinaldo,Evan Dunham,,kaggle_mdabbert_bestfightodds,,2024-12-14T00:00:00Z,0.333333,0.142857,0.357143,0.111111,0.0625,0.333333
2018-09-22,Luis Henrique,Ryan Spann,,kaggle_mdabbert_bestfightodds,,2024-12-14T00:00:00Z,0.181818,0.2,0.222222,0.4,0.181818,0.142857
2018-09-22,Augusto Sakai,Chase Sherman,,kaggle_mdabbert_bestfightodds,,2024-12-14T00:00:00Z,0.47619,0.1,0.235294,0.181818,0.058824,0.2
2018-09-22,Sergio Moraes,Ben Saunders,,kaggle_mdabbert_bestfightodds,,2024-12-14T00:00:00Z,0.232558,0.285714,0.337838,0.180832,0.070175,0.137931
2018-09-22,Mayra Bueno Silva,Gillian Robertson,,kaggle_mdabbert_bestfightodds,,2024-12-14T00:00:00Z,,,,0.105263,0.37037,0.222222
2018-09-22,Thales Leites,Hector Lombard,,kaggle_mdabbert_bestfightodds,,2024-12-14T00:00:00Z,0.125,0.142857,0.4,0.37037,0.047619,0.2
2018-09-22,Elizeu Zaleski dos Santos,Luigi Vendramini,,kaggle_mdabbert_bestfightodds,,2024-12-14T00:00:00Z,0.52381,0.1,0.125,,,
2018-09-22,Livinha Souza,Alex Chambers,,kaggle_mdabbert_bestfightodds,,2024-12-14T00:00:00Z,0.16,0.622642,0.2849,0.030303,0.033333,0.076923
2018-10-06,Khabib Nurmagomedov,Conor McGregor,,kaggle_mdabbert_bestfightodds,,2024-12-14T00:00:00Z,0.235294,0.266667,0.222222,0.333333,0.047619,0.090909
2018-10-06,Tony Ferguson,Anthony Pettis,,kaggle_mdabbert_bestfightodds,,2024-12-14T00:00:00Z,0.2,0.363636,0.384615,0.142857,0.117647,0.181818
2018-10-06,Ovince Saint Preux,Dominick Reyes,,kaggle_mdabbert_bestfightodds,,2024-12-14T00:00:00Z,0.181818,0.166667,0.125,0.545455,0.142857,0.142857
2018-10-06,Derrick Lewis,Alexander Volkov,,kaggle_mdabbert_bestfightodds,,2024-12-14T00:00:00Z,0.363636,0.038462,0.117647,0.285714,0.076923,0.408163
2018-10-06,Michelle Waterson,Felice Herrig,,kaggle_mdabbert_bestfightodds,,2024-12-14T00:00:00Z,0.066667,0.111111,0.444444,0.076923,0.142857,0.444444
2018-10-06,Ryan LaFlare,Anthony Rocco Martin,,kaggle_mdabbert_bestfightodds,,2024-12-14T00:00:00Z,,,,0.142857,0.125,0.333333
2018-10-06,Vicente Luque,Jalin Turner,,kaggle_mdabbert_bestfightodds,,2024-12-14T00:00:00Z,0.4,0.416667,0.173913,0.060606,0.054054,0.102564
2018-10-06,Aspen Ladd,Tonya Evinger,,kaggle_mdabbert_bestfightodds,,2024-12-14T00:00:00Z,0.210526,0.117647,0.392157,0.105263,0.126582,0.294118
2018-10-06,Scott Holtzman,Alan Patrick,,kaggle_mdabbert_bestfightodds,,2024-12-14T00:00:00Z,0.1,0.083333,0.25,0.111111,0.142857,0.6
2018-10-06,Lina Lansberg,Yana Kunitskaya,,kaggle_mdabbert_bestfightodds,,2024-12-14T00:00:00Z,0.1,0.076923,0.307692,0.181818,0.166667,0.454545
2018-10-06,Gray Maynard,Nik Lentz,,kaggle_mdabbert_bestfightodds,,2024-12-14T00:00:00Z,0.066667,0.058824,0.285714,0.2,0.166667,0.5
2018-10-06,Sergio Pettis,Jussier Formiga,,kaggle_mdabbert_bestfightodds,,2024-12-14T00:00:00Z,0.142857,0.117647,0.181818,0.076923,0.222222,0.25
2018-10-27,Gian Villante,Ed Herman,,kaggle_mdabbert_bestfightodds,,2024-12-14T00:00:00Z,0.47619,0.064516,0.307692,0.173913,0.133333,0.125
2018-10-27,Volkan Oezdemir,Anthony Smith,,kaggle_mdabbert_bestfightodds,,2024-12-14T00:00:00Z,0.615385,0.052632,0.066667,0.357143,0.105263,0.111111
2018-10-27,Michael Johnson,Artem Lobov,,kaggle_mdabbert_bestfightodds,,2024-12-14T00:00:00Z,0.357143,0.0625,0.583333,0.090909,0.052632,0.111111
2018-10-27,Misha Cirkunov,Patrick Cummins,,kaggle_mdabbert_bestfightodds,,2024-12-14T00:00:00Z,0.384615,0.363636,0.166667,0.105263,0.052632,0.190476
2018-10-27,Andre Soukhamthath,Jonathan Martinez,,kaggle_mdabbert_bestfightodds,,2024-12-14T00:00:00Z,0.25,0.090909,0.4,0.105263,0.142857,0.31746
2018-10-27,Alex Garcia,Court McGee,,kaggle_mdabbert_bestfightodds,,2024-12-14T00:00:00Z,0.25,0.090909,0.47619,0.076923,0.058824,0.322581
2018-10-27,Thibault Gouti,Nasrat Haqparast,,kaggle_mdabbert_bestfightodds,,2024-12-14T00:00:00Z,0.083333,0.05,0.063492,0.68254,0.095238,0.233645
2018-10-27,Calvin Kattar,Chris Fishgold,,kaggle_mdabbert_bestfightodds,,2024-12-14T00:00:00Z,0.243902,0.080321,0.485437,0.064725,0.17094,0.172712
2018-10-27,Sarah Moras,Talita Bernardo,,kaggle_mdabbert_bestfightodds,,2024-12-14T00:00:00Z,0.166667,0.181818,0.363636,0.041667,0.126582,0.338983
2018-10-27,Te Edwards,Don Madge,,kaggle_mdabbert_bestfightodds,,2024-12-14T00:00:00Z,0.655172,0.076923,0.150376,0.095238,0.070175,0.142857
2018-10-27,Arjan Bhullar,Marcelo Golm,,kaggle_mdabbert_bestfightodds,,2024-12-14T00:00:00Z,0.240964,0.133333,0.294118,0.227273,0.103093,0.190476
2018-10-27,Nordine Taleb,Sean Strickland,,kaggle_mdabbert_bestfightodds,,2024-12-14T00:00:00Z,0.17094,0.057307,0.377358,0.071429,0.081967,0.421941
2018-10-27,Stevie Ray,Jessin Ayari,,kaggle_mdabbert_bestfightodds,,2024-12-14T00:00:00Z,0.215517,0.087566,0.408163,0.073529,0.052632,0.363636
2018-11-03,Chris Weidman,Jacare Souza,,kaggle_mdabbert_bestfightodds,,2024-12-14T00:00:00Z,0.363636,0.047619,0.363636,0.166667,0.181818,0.181818
2018-11-03,Daniel Cormier,Derrick Lewis,,kaggle_mdabbert_bestfightodds,,2024-12-14T00:00:00Z,0.444444,0.4,0.087719,0.210526,0.029412,0.047619
2018-11-03,David Branch,Jared Cannonier,,kaggle_mdabbert_bestfightodds,,2024-12-14T00:00:00Z,0.222222,0.266667,0.444444,0.153846,0.038462,0.153846
2018-11-03,Karl Roberson,Jack Marshman,,kaggle_mdabbert_bestfightodds,,2024-12-14T00:00:00Z,0.344828,0.307692,0.222222,0.153846,0.074074,0.166667
2018-11-03,Derek Brunson,Israel Adesanya,,kaggle_mdabbert_bestfightodds,,2024-12-14T00:00:00Z,0.137931,0.066667,0.166667,0.52381,0.090909,0.307692
2018-11-03,Jason Knight,Jordan Rinaldi,,kaggle_mdabbert_bestfightodds,,2024-12-14T00:00:00Z,0.363636,0.25,0.266667,0.076923,0.090909,0.222222
2018-11-03,Sijara Eubanks,Roxanne Modafferi,,kaggle_mdabbert_bestfightodds,,2024-12-14T00:00:00Z,0.181818,0.153846,0.6875,0.058824,0.071429,0.125
2018-11-03,Julio Arce,Sheymon Moraes,,kaggle_mdabbert_bestfightodds,,2024-12-14T00:00:00Z,0.1,0.222222,0.583333,0.095238,0.066667,0.222222
2018-11-03,Lyman Good,Ben Saunders,,kaggle_mdabbert_bestfightodds,,2024-12-14T00:00:00Z,0.714286,0.111111,0.2,0.066667,0.076923,0.090909
2018-11-03,Shane Burgos,Kurt Holobaugh,,kaggle_mdabbert_bestfightodds,,2024-12-14T00:00:00Z,0.434783,0.1,0.384615,0.153846,0.090909,0.117647
2018-11-03,Adam Wieczorek,Marcos Rogerio de Lima,,kaggle_mdabbert_bestfightodds,,2024-12-14T00:00:00Z,0.117647,0.5,0.190476,,,
2018-11-10,Chan Sung Jung,Yair Rodriguez,,kaggle_mdabbert_bestfightodds,,2024-12-14T00:00:00Z,0.212766,0.210526,0.166667,0.294118,0.090909,0.178571
2018-11-10,Donald Cerrone,Mike Perry,,kaggle_mdabbert_bestfightodds,,2024-12-14T00:00:00Z,0.153846,0.133333,0.235294,0.545455,0.029412,0.2
2018-11-10,Raquel Pennington,Germaine de Randamie,,kaggle_mdabbert_bestfightodds,,2024-12-14T00:00:00Z,0.052632,0.125,0.307692,0.266667,0.043478,0.487805
2018-11-10,Beneil Dariush,Thiago Moises,,kaggle_mdabbert_bestfightodds,,2024-12-14T00:00:00Z,0.192308,0.133333,0.377358,0.212766,0.142857,0.181818
2018-11-10,Maycee Barber,Hannah Cifers,,kaggle_mdabbert_bestfightodds,,2024-12-14T00:00:00Z,0.235294,0.285714,0.444444,0.1,0.058824,0.153846
2018-11-10,Mark De La Rosa,Joby Sanchez,,kaggle_mdabbert_bestfightodds,,2024-12-14T00:00:00Z,0.1,0.357143,0.307692,0.111111,0.068729,0.238095
2018-11-10,Ashley Yoder,Amanda Cooper,,kaggle_mdabbert_bestfightodds,,2024-12-14T00:00:00Z,0.058824,0.277778,0.346021,0.097371,0.0625,0.363636
2018-11-10,Chas Skelly,Bobby Moffett,,kaggle_mdabbert_bestfightodds,,2024-12-14T00:00:00Z,0.105263,0.188324,0.286533,0.133511,0.137931,0.363636
2018-11-10,Davi Ramos,John Gunther,,kaggle_mdabbert_bestfightodds,,2024-12-14T00:00:00Z,0.17094,0.736842,0.140845,0.04,0.028369,0.095969
2018-11-10,Devonte Smith,Julian Erosa,,kaggle_mdabbert_bestfightodds,,2024-12-14T00:00:00Z,0.591837,0.06079,0.17094,0.133511,0.108108,0.190476
2018-11-10,Joseph Morales,Eric Shelton,,kaggle_mdabbert_bestfightodds,,2024-12-14T00:00:00Z,0.15949,0.16,0.240385,0.105263,0.082305,0.454545
2018-11-10,Michael Trizano,Luis Pena,,kaggle_mdabbert_bestfightodds,,2024-12-14T00:00:00Z,0.090909,0.125,0.30303,0.153846,0.4,0.235294
2018-11-17,Khalil Rountree Jr.,Johnny Walker,,kaggle_mdabbert_bestfightodds,,2024-12-14T00:00:00Z,,,,0.235294,0.133333,0.142857
2018-11-17,Cezar Ferreira,Ian Heinisch,,kaggle_mdabbert_bestfightodds,,2024-12-14T00:00:00Z,0.125,0.4,0.235294,0.285714,0.047619,0.153846
2018-11-17,Neil Magny,Santiago Ponzinibbio,,kaggle_mdabbert_bestfightodds,,2024-12-14T00:00:00Z,0.111111,0.117647,0.181818,0.583333,0.090909,0.181818
2018-11-17,Ricardo Lamas,Darren Elkins,,kaggle_mdabbert_bestfightodds,,2024-12-14T00:00:00Z,0.222222,0.153846,0.37037,0.090909,0.066667,0.307692
2018-11-17,Guido Cannetti,Marlon Vera,,kaggle_mdabbert_bestfightodds,,2024-12-14T00:00:00Z,0.111111,0.058824,0.222222,0.25,0.363636,0.25
2018-11-17,Nad Narimani,Anderson Dos Santos,,kaggle_mdabbert_bestfightodds,,2024-12-14T00:00:00Z,0.153374,0.273973,0.462963,0.089286,0.121212,0.098039
2018-11-17,Michel Prazeres,Bartosz Fabinski,,kaggle_mdabbert_bestfightodds,,2024-12-14T00:00:00Z,0.101626,0.163934,0.367647,0.088496,0.066667,0.377358
2018-11-17,Alexandre Pantoja,Ulka Sasaki,,kaggle_mdabbert_bestfightodds,,2024-12-14T00:00:00Z,0.162866,0.289855,0.392157,0.053333,0.148148,0.174216
2018-11-17,Humberto Bandenay,Austin Arnett,,kaggle_mdabbert_bestfightodds,,2024-12-14T00:00:00Z,0.333333,0.238095,0.244499,0.16,0.144928,0.117647
2018-11-17,Laureano Staropoli,Hector Aldana,,kaggle_mdabbert_bestfightodds,,2024-12-14T00:00:00Z,0.3125,0.086957,0.182815,0.344828,0.099502,0.16
2018-11-17,Devin Powell,Jesus Pinedo,,kaggle_mdabbert_bestfightodds,,2024-12-14T00:00:00Z,0.105263,0.215054,0.124224,0.307692,0.136054,0.333333
2018-11-17,Cynthia Calvillo,Poliana Botelho,,kaggle_mdabbert_bestfightodds,,2024-12-14T00:00:00Z,0.066667,0.285714,0.222222,0.307692,0.066667,0.333333
2018-11-24,Curtis Blaydes,Francis Ngannou,,kaggle_mdabbert_bestfightodds,,2024-12-14T00:00:00Z,0.52381,0.090909,0.181818,0.322581,0.058824,0.058824
2018-11-24,Alistair Overeem,Sergei Pavlovich,,kaggle_mdabbert_bestfightodds,,2024-12-14T00:00:00Z,0.25,0.090909,0.210526,0.47619,0.058824,0.166667
2018-11-24,Song Yadong,Vince Morales,,kaggle_mdabbert_bestfightodds,,2024-12-14T00:00:00Z,,,,0.105263,0.047619,0.133333
2018-11-24,Li Jingliang,David Zawada,,kaggle_mdabbert_bestfightodds,,2024-12-14T00:00:00Z,0.229885,0.117647,0.444444,0.142857,0.137931,0.2
2018-11-24,Song Kenan,Alex Morono,,kaggle_mdabbert_bestfightodds,,2024-12-14T00:00:00Z,,,,0.115607,0.16129,0.3003
2018-11-24,Wu Yanan,Lauren Mueller,,kaggle_mdabbert_bestfightodds,,2024-12-14T00:00:00Z,,,,0.181818,0.105263,0.632353
2018-11-24,Hu Yaozong,Rashad Coulter,,kaggle_mdabbert_bestfightodds,,2024-12-14T00:00:00Z,0.392157,0.075472,0.142857,0.408163,0.071429,0.128205
2018-11-24,Weili Zhang,Jessica Aguilar,,kaggle_mdabbert_bestfightodds,,2024-12-14T00:00:00Z,0.212766,0.103627,0.642857,0.03252,0.054054,0.164204
2018-11-24,Liu Pingyuan,Martin Day,,kaggle_mdabbert_bestfightodds,,2024-12-14T00:00:00Z,,,,0.149477,0.077821,0.238095
2018-11-24,Yan Xiaonan,Syuri Kondo,,kaggle_mdabbert_bestfightodds,,2024-12-14T00:00:00Z,,,,0.076923,0.054054,0.166667
2018-11-24,Kevin Holland,John Phillips,,kaggle_mdabbert_bestfightodds,,2024-12-14T00:00:00Z,0.333333,0.425532,0.229885,0.137931,0.051733,0.08
2018-11-24,Su Mudaerji,Louis Smolka,,kaggle_mdabbert_bestfightodds,,2024-12-14T00:00:00Z,,,,0.15625,0.52381,0.131579
2018-11-30,Rafael Dos Anjos,Kamaru Usman,,kaggle_mdabbert_bestfightodds,,2024-12-14T00:00:00Z,0.124224,0.117509,0.142857,0.222222,0.086957,0.576271
2018-11-30,Juan Espino,Justin Frazier,,kaggle_mdabbert_bestfightodds,,2024-12-14T00:00:00Z,0.222222,0.294118,0.181818,0.3125,0.073529,0.111111
2018-11-30,Pannie Kianzad,Macy Chiasson,,kaggle_mdabbert_bestfightodds,,2024-12-14T00:00:00Z,0.05698,0.071429,0.512195,0.190476,0.104167,0.286533
2018-11-30,Pedro Munhoz,Bryan Caraway,,kaggle_mdabbert_bestfightodds,,2024-12-14T00:00:00Z,0.137931,0.235294,0.5,0.04717,0.072727,0.2331
2018-11-30,Darren Stewart,Edmen Shahbazyan,,kaggle_mdabbert_bestfightodds,,2024-12-14T00:00:00Z,0.357143,0.085106,0.149254,0.358423,0.16,0.133333
2018-11-30,Ji Yeon Kim,Antonina Shevchenko,,kaggle_mdabbert_bestfightodds,,2024-12-14T00:00:00Z,0.050633,0.079365,0.246914,0.142857,0.086957,0.62963
2018-11-30,Raoni Barcelos,Chris Gutierrez,,kaggle_mdabbert_bestfightodds,,2024-12-14T00:00:00Z,0.465116,0.175439,0.31746,0.074349,0.056497,0.125
2018-11-30,Joseph Benavidez,Alex Perez,,kaggle_mdabbert_bestfightodds,,2024-12-14T00:00:00Z,0.083333,0.089686,0.338983,0.235294,0.103199,0.328947
2018-11-30,Maurice Greene,Michel Batista,,kaggle_mdabbert_bestfightodds,,2024-12-14T00:00:00Z,0.487805,0.130719,0.123609,0.199601,0.105263,0.212766
2018-11-30,Julija Stoliarenko,Leah Letson,,kaggle_mdabbert_bestfightodds,,2024-12-14T00:00:00Z,0.075758,0.190476,0.176991,0.285714,0.146199,0.357143
2018-11-30,Roosevelt Roberts,Darrell Horcher,,kaggle_mdabbert_bestfightodds,,2024-12-14T00:00:00Z,0.286533,0.25641,0.318471,0.129032,0.080321,0.136986
2018-11-30,Tim Means,Ricky Rainey,,kaggle_mdabbert_bestfightodds,,2024-12-14T00:00:00Z,0.425532,0.089445,0.358423,0.088889,0.074074,0.166945
2018-11-30,Rick Glenn,Kevin Aguilar,,kaggle_mdabbert_bestfightodds,,2024-12-14T00:00:00Z,0.171233,0.076453,0.392157,0.131926,0.077821,0.362319
2018-12-01,Jake Matthews,Anthony Rocco Martin,,kaggle_mdabbert_bestfightodds,,2024-12-14T00:00:00Z,0.133333,0.181818,0.294118,0.117647,0.090909,0.377358
2018-12-01,Junior Dos Santos,Tai Tuivasa,,kaggle_mdabbert_bestfightodds,,2024-12-14T00:00:00Z,0.363636,0.090909,0.266667,0.357143,0.052632,0.095238
2018-12-01,Mauricio Rua,Tyson Pedro,,kaggle_mdabbert_bestfightodds,,2024-12-14T00:00:00Z,0.133333,0.076923,0.111111,0.434783,0.307692,0.181818
2018-12-01,Mark Hunt,Justin Willis,,kaggle_mdabbert_bestfightodds,,2024-12-14T00:00:00Z,0.408163,0.058824,0.125,0.285714,0.090909,0.277778
2018-12-01,Suman Mokhtarian,Sodiq Yusuff,,kaggle_mdabbert_bestfightodds,,2024-12-14T00:00:00Z,0.058824,0.111111,0.125,0.655172,0.076923,0.266667
2018-12-01,Alex Gorgees,Damir Ismagulov,,kaggle_mdabbert_bestfightodds,,2024-12-14T00:00:00Z,0.067568,0.06079,0.13245,0.452489,0.181818,0.290698
2018-12-01,Yushin Okami,Aleksei Kunchenko,,kaggle_mdabbert_bestfightodds,,2024-12-14T00:00:00Z,0.066007,0.064516,0.215054,0.408163,0.066667,0.350877
2018-12-01,Wilson Reis,Ben Nguyen,,kaggle_mdabbert_bestfightodds,,2024-12-14T00:00:00Z,0.070175,0.217391,0.25,0.238095,0.090909,0.369004
2018-12-01,Keita Nakamura,Salim Touahri,,kaggle_mdabbert_bestfightodds,,2024-12-14T00:00:00Z,0.085106,0.25,0.37594,0.093371,0.048077,0.331126
2018-12-01,Elias Garcia,Kai Kara-France,,kaggle_mdabbert_bestfightodds,,2024-12-14T00:00:00Z,0.082645,0.114943,0.133333,,,
2018-12-01,Mizuto Hirota,Christos Giagos,,kaggle_mdabbert_bestfightodds,,2024-12-14T00:00:00Z,0.069204,0.060423,0.182482,0.181488,0.123457,0.586777
2018-12-01,Jimmy Crute,Paul Craig,,kaggle_mdabbert_bestfightodds,,2024-12-14T00:00:00Z,0.5,0.111111,0.210526,0.076923,0.181818,0.129032
2018-12-08,Max Holloway,Brian Ortega,,kaggle_mdabbert_bestfightodds,,2024-12-14T00:00:00Z,0.222222,0.058824,0.363636,0.2,0.333333,0.222222
2018-12-08,Valentina Shevchenko,Joanna Jedrzejczyk,,kaggle_mdabbert_bestfightodds,,2024-12-14T00:00:00Z,0.2,0.2,0.5,0.076923,0.043478,0.222222
2018-12-08,Alex Oliveira,Gunnar Nelson,,kaggle_mdabbert_bestfightodds,,2024-12-14T00:00:00Z,0.294118,0.076923,0.181818,0.142857,0.416667,0.153846
2018-12-08,Hakeem Dawodu,Kyle Bochniak,,kaggle_mdabbert_bestfightodds,,2024-12-14T00:00:00Z,0.266667,0.066667,0.416667,0.1,0.076923,0.307692
2018-12-08,Jimi Manuwa,Thiago Santos,,kaggle_mdabbert_bestfightodds,,2024-12-14T00:00:00Z,0.357143,0.038462,0.111111,0.555556,0.043478,0.142857
2018-12-08,Claudia Gadelha,Nina Ansaroff,,kaggle_mdabbert_bestfightodds,,2024-12-14T00:00:00Z,0.087719,0.190476,0.607843,,,
2018-12-08,Olivier Aubin-Mercier,Gilbert Burns,,kaggle_mdabbert_bestfightodds,,2024-12-14T00:00:00Z,0.083333,0.098039,0.458716,0.16,0.20202,0.204082
2018-12-08,Elias Theodorou,Eryk Anders,,kaggle_mdabbert_bestfightodds,,2024-12-14T00:00:00Z,0.111607,0.083333,0.425532,0.190476,0.055556,0.30303
2018-12-08,Brad Katona,Matthew Lopez,,kaggle_mdabbert_bestfightodds,,2024-12-14T00:00:00Z,0.165017,0.2,0.355872,0.074074,0.108108,0.30303
2018-12-08,Chad Laprise,Dhiego Lima,,kaggle_mdabbert_bestfightodds,,2024-12-14T00:00:00Z,0.512195,0.078927,0.30303,0.086957,0.0668,0.166667
2018-12-08,Diego Ferreira,Kyle Nelson,,kaggle_mdabbert_bestfightodds,,2024-12-14T00:00:00Z,0.285714,0.384615,0.266667,0.142857,0.416667,0.153846
2018-12-08,Devin Clark,Aleksandar Rakic,,kaggle_mdabbert_bestfightodds,,2024-12-14T00:00:00Z,0.055556,0.040161,0.148368,0.565217,0.139082,0.296736
2018-12-08,Katlyn Chookagian,Jessica Eye,,kaggle_mdabbert_bestfightodds,,2024-12-14T00:00:00Z,0.068966,0.121951,0.574468,0.072993,0.064185,0.291545
2018-12-15,Jim Miller,Charles Oliveira,,kaggle_mdabbert_bestfightodds,,2024-12-14T00:00:00Z,0.117647,0.125,0.117647,0.133333,0.555556,0.181818
2018-12-15,Kevin Lee,Al Iaquinta,,kaggle_mdabbert_bestfightodds,,2024-12-14T00:00:00Z,0.2,0.434783,0.25,0.166667,0.076923,0.125
2018-12-15,Edson Barboza,Dan Hooker,,kaggle_mdabbert_bestfightodds,,2024-12-14T00:00:00Z,0.222222,0.066667,0.285714,0.285714,0.142857,0.217391
2018-12-15,Rob Font,Sergio Pettis,,kaggle_mdabbert_bestfightodds,,2024-12-14T00:00:00Z,0.294118,0.105263,0.333333,0.076923,0.066667,0.333333
2018-12-15,Zak Ottow,Dwight Grant,,kaggle_mdabbert_bestfightodds,,2024-12-14T00:00:00Z,0.078431,0.102564,0.185185,0.52381,0.1,0.2
2018-12-15,Bobby Green,Drakkar Klose,,kaggle_mdabbert_bestfightodds,,2024-12-14T00:00:00Z,0.073529,0.057971,0.243902,0.181818,0.06192,0.583333
2018-12-15,Jared Gordon,Joaquim Silva,,kaggle_mdabbert_bestfightodds,,2024-12-14T00:00:00Z,0.150376,0.122699,0.350877,0.25974,0.077821,0.240964
2018-12-15,Gerald Meerschaert,Jack Hermansson,,kaggle_mdabbert_bestfightodds,,2024-12-14T00:00:00Z,0.147059,0.294118,0.131579,0.357143,0.106383,0.285714
2018-12-15,Trevor Smith,Zak Cummings,,kaggle_mdabbert_bestfightodds,,2024-12-14T00:00:00Z,0.064725,0.067114,0.2,0.235294,0.243902,0.384615
2018-12-15,Dan Ige,Jordan Griffin,,kaggle_mdabbert_bestfightodds,,2024-12-14T00:00:00Z,0.192308,0.285714,0.273973,0.140845,0.145985,0.2
2018-12-15,Adam Milstead,Mike Rodriguez,,kaggle_mdabbert_bestfightodds,,2024-12-14T00:00:00Z,0.277778,0.082988,0.266667,0.289855,0.105263,0.166667
2018-12-15,Chris de la Rocha,Juan Adams,,kaggle_mdabbert_bestfightodds,,2024-12-14T00:00:00Z,0.147059,0.064516,0.07326,0.677419,0.111111,0.122699
2018-12-29,Jon Jones,Alexander Gustafsson,,kaggle_mdabbert_bestfightodds,,2024-12-14T00:00:00Z,0.307692,0.260417,0.253807,0.142857,0.058824,0.166667
2018-12-29,Cris Cyborg,Amanda Nunes,,kaggle_mdabbert_bestfightodds,,2024-12-14T00:00:00Z,,,,0.142857,0.111111,0.181818
2018-12-29,Carlos Condit,Michael Chiesa,,kaggle_mdabbert_bestfightodds,,2024-12-14T00:00:00Z,0.222222,0.142857,0.181818,0.090909,0.285714,0.307692
2018-12-29,Ilir Latifi,Corey Anderson,,kaggle_mdabbert_bestfightodds,,2024-12-14T00:00:00Z,0.357143,0.125,0.222222,0.111111,0.058824,0.384615
2018-12-29,Chad Mendes,Alexander Volkanovski,,kaggle_mdabbert_bestfightodds,,2024-12-14T00:00:00Z,0.266667,0.111111,0.307692,0.181818,0.090909,0.266667
2018-12-29,Cat Zingano,Megan Anderson,,kaggle_mdabbert_bestfightodds,,2024-12-14T00:00:00Z,0.181818,0.142857,0.4,0.111111,0.058824,0.384615
2018-12-29,Douglas Silva de Andrade,Petr Yan,,kaggle_mdabbert_bestfightodds,,2024-12-14T00:00:00Z,0.117647,0.047619,0.2,0.333333,0.111111,0.47619
2018-12-29,BJ Penn,Ryan Hall,,kaggle_mdabbert_bestfightodds,,2024-12-14T00:00:00Z,0.111111,0.090909,0.125,0.125,0.25,0.555556
2018-12-29,Nathaniel Wood,Andre Ewell,,kaggle_mdabbert_bestfightodds,,2024-12-14T00:00:00Z,0.222222,0.153846,0.333333,0.181818,0.142857,0.25
2018-12-29,Uriah Hall,Bevon Lewis,,kaggle_mdabbert_bestfightodds,,2024-12-14T00:00:00Z,0.125,0.25,0.555556,0.307692,0.058824,0.285714
2018-12-29,Curtis Millender,Siyar Bahadurzada,,kaggle_mdabbert_bestfightodds,,2024-12-14T00:00:00Z,0.25,0.090909,0.333333,0.2,0.153846,0.2
2018-12-29,Brian Kelleher,Montel Jackson,,kaggle_mdabbert_bestfightodds,,2024-12-14T00:00:00Z,0.111111,0.142857,0.266667,0.222222,0.090909,0.4
2019-01-19,Henry Cejudo,TJ Dillashaw,,kaggle_mdabbert_bestfightodds,,2024-12-14T00:00:00Z,0.181818,0.058824,0.266667,0.357143,0.087719,0.350877
2019-01-19,Greg Hardy,Allen Crowder,,kaggle_mdabbert_bestfightodds,,2024-12-14T00:00:00Z,0.8,0.111111,0.111111,0.142857,0.058824,0.083333
2019-01-19,Gregor Gillespie,Yancy Medeiros,,kaggle_mdabbert_bestfightodds,,2024-12-14T00:00:00Z,0.333333,0.322581,0.333333,0.111111,0.111111,0.090909
2019-01-19,Joseph Benavidez,Dustin Ortiz,,kaggle_mdabbert_bestfightodds,,2024-12-14T00:00:00Z,0.142857,0.153846,0.555556,0.095238,0.058824,0.266667
2019-01-19,Paige VanZant,Rachael Ostovich,,kaggle_mdabbert_bestfightodds,,2024-12-14T00:00:00Z,,,,0.076923,0.125,0.333333
2019-01-19,Glover Teixeira,Karl Roberson,,kaggle_mdabbert_bestfightodds,,2024-12-14T00:00:00Z,0.190476,0.27248,0.165563,0.3125,0.1,0.16
2019-01-19,Belal Muhammad,Geoff Neal,,kaggle_mdabbert_bestfightodds,,2024-12-14T00:00:00Z,0.125,0.111111,0.25,0.434783,0.066667,0.285714
2019-01-19,Joanne Calderwood,Ariane Lipski,,kaggle_mdabbert_bestfightodds,,2024-12-14T00:00:00Z,0.117647,0.076923,0.277778,0.2,0.2,0.4
2019-01-19,Alonzo Menifield,Vinicius Moreira,,kaggle_mdabbert_bestfightodds,,2024-12-14T00:00:00Z,0.6,0.066667,0.142857,0.074074,0.224719,0.088889
2019-01-19,Cory Sandhagen,Mario Bautista,,kaggle_mdabbert_bestfightodds,,2024-12-14T00:00:00Z,0.526066,0.133333,0.285714,0.057307,0.086957,0.121212
2019-01-19,Dennis Bermudez,Te Edwards,,kaggle_mdabbert_bestfightodds,,2024-12-14T00:00:00Z,0.153846,0.153846,0.285714,0.357143,0.076923,0.2
2019-01-19,Kyle Stewart,Chance Rencountre,,kaggle_mdabbert_bestfightodds,,2024-12-14T00:00:00Z,0.210526,0.127551,0.37037,0.095969,0.166667,0.263158
2019-01-19,Alexander Hernandez,Donald Cerrone,,kaggle_mdabbert_bestfightodds,,2024-12-14T00:00:00Z,0.4,0.111111,0.238095,0.147275,0.175439,0.152672
2019-02-02,Johnny Walker,Justin Ledet,,kaggle_mdabbert_bestfightodds,,2024-12-14T00:00:00Z,0.37037,0.090909,0.285714,0.166667,0.111111,0.2
2019-02-02,Raphael Assuncao,Marlon Moraes,,kaggle_mdabbert_bestfightodds,,2024-12-14T00:00:00Z,0.117647,0.076923,0.294118,0.266667,0.066667,0.384615
2019-02-02,Jose Aldo,Renato Moicano,,kaggle_mdabbert_bestfightodds,,2024-12-14T00:00:00Z,0.166667,0.090909,0.285714,0.2,0.142857,0.363636
2019-02-02,Demian Maia,Lyman Good,,kaggle_mdabbert_bestfightodds,,2024-12-14T00:00:00Z,0.066667,0.4,0.266667,0.266667,0.034483,0.181818
2019-02-02,Charles Oliveira,David Teymur,,kaggle_mdabbert_bestfightodds,,2024-12-14T00:00:00Z,0.071942,0.425532,0.16,0.253165,0.041667,0.253807
2019-02-02,Livinha Souza,Sarah Frota,,kaggle_mdabbert_bestfightodds,,2024-12-14T00:00:00Z,0.111111,0.357143,0.307692,0.181818,0.181818,0.142857
2019-02-02,Markus Perez,Anthony Hernandez,,kaggle_mdabbert_bestfightodds,,2024-12-14T00:00:00Z,0.117647,0.212766,0.18018,0.285714,0.152207,0.254453
2019-02-02,Mara Romero Borella,Taila Santos,,kaggle_mdabbert_bestfightodds,,2024-12-14T00:00:00Z,0.066667,0.19084,0.224719,0.18018,0.065317,0.462963
2019-02-02,Thiago Alves,Max Griffin,,kaggle_mdabbert_bestfightodds,,2024-12-14T00:00:00Z,0.140252,0.055556,0.246305,0.285714,0.057143,0.408163
2019-02-02,Junior Albini,Jairzinho Rozenstruik,,kaggle_mdabbert_bestfightodds,,2024-12-14T00:00:00Z,0.3125,0.222222,0.150376,0.268097,0.04,0.19084
2019-02-02,Geraldo de Freitas,Felipe Colares,,kaggle_mdabbert_bestfightodds,,2024-12-14T00:00:00Z,0.161031,0.206186,0.28169,0.181818,0.118624,0.268097
2019-02-02,Ricardo Ramos,Said Nurmagomedov,,kaggle_mdabbert_bestfightodds,,2024-12-14T00:00:00Z,0.144509,0.192308,0.363636,0.053333,0.086957,0.359712
2019-02-02,Magomed Bibulatov,Rogerio Bontorin,,kaggle_mdabbert_bestfightodds,,2024-12-14T00:00:00Z,0.2,0.155763,0.6,0.063492,0.125313,0.16
2019-02-09,Israel Adesanya,Anderson Silva,,kaggle_mdabbert_bestfightodds,,2024-12-14T00:00:00Z,0.636364,0.076923,0.363636,0.153846,0.142857,0.117647
2019-02-09,Lando Vannata,Marcos Mariano,,kaggle_mdabbert_bestfightodds,,2024-12-14T00:00:00Z,0.440529,0.285714,0.188679,,,
2019-02-09,Rani Yahya,Ricky Simon,,kaggle_mdabbert_bestfightodds,,2024-12-14T00:00:00Z,0.043478,0.377358,0.181818,0.142857,0.076923,0.4
2019-02-09,Montana De La Rosa,Nadia Kassem,,kaggle_mdabbert_bestfightodds,,2024-12-14T00:00:00Z,0.08,0.036166,0.16,0.090909,0.066667,0.285714
2019-02-09,Jimmy Crute,Sam Alvey,,kaggle_mdabbert_bestfightodds,,2024-12-14T00:00:00Z,0.191939,0.102041,0.378788,0.287356,0.0625,0.161551
2019-02-09,Devonte Smith,Dong Hyun Ma,,kaggle_mdabbert_bestfightodds,,2024-12-14T00:00:00Z,0.595142,0.067797,0.192308,0.125,0.098039,0.181818
2019-02-09,Shane Young,Austin Arnett,,kaggle_mdabbert_bestfightodds,,2024-12-14T00:00:00Z,0.210526,0.192308,0.438596,0.046296,0.055556,0.229885
2019-02-09,Kai Kara-France,Raulian Paiva,,kaggle_mdabbert_bestfightodds,,2024-12-14T00:00:00Z,0.282486,0.093023,0.401606,0.066667,0.08658,0.239808
2019-02-09,Teruto Ishihara,Kyung Ho Kang,,kaggle_mdabbert_bestfightodds,,2024-12-14T00:00:00Z,0.173913,0.041322,0.125,0.149254,0.363636,0.353357
2019-02-09,Callan Potter,Jalin Turner,,kaggle_mdabbert_bestfightodds,,2024-12-14T00:00:00Z,0.072727,0.172414,0.186916,0.583333,0.081633,0.101833
2019-02-09,Wuliji Buren,Jonathan Martinez,,kaggle_mdabbert_bestfightodds,,2024-12-14T00:00:00Z,0.114286,0.0999,0.327869,0.142857,0.160772,0.344828
2019-02-17,Francis Ngannou,Cain Velasquez,,kaggle_mdabbert_bestfightodds,,2024-12-14T00:00:00Z,0.384615,0.061538,0.064103,0.384615,0.166667,0.173913
2019-02-17,James Vick,Paul Felder,,kaggle_mdabbert_bestfightodds,,2024-12-14T00:00:00Z,0.153846,0.133333,0.371747,0.334448,0.057971,0.2
2019-02-17,Cortney Casey,Cynthia Calvillo,,kaggle_mdabbert_bestfightodds,,2024-12-14T00:00:00Z,0.062893,0.066007,0.195312,0.067797,0.3663,0.444444
2019-02-17,Alex Caceres,Kron Gracie,,kaggle_mdabbert_bestfightodds,,2024-12-14T00:00:00Z,0.12285,0.047059,0.222222,0.071429,0.636364,0.165837
2019-02-17,Vicente Luque,Bryan Barberena,,kaggle_mdabbert_bestfightodds,,2024-12-14T00:00:00Z,0.273973,0.266667,0.381679,0.117233,0.052632,0.124224
2019-02-17,Renan Barao,Luke Sanders,,kaggle_mdabbert_bestfightodds,,2024-12-14T00:00:00Z,0.17094,0.173913,0.18797,0.229885,0.125,0.363636
2019-02-17,Jimmie Rivera,Aljamain Sterling,,kaggle_mdabbert_bestfightodds,,2024-12-14T00:00:00Z,0.153846,0.068966,0.465116,0.105263,0.133333,0.3125
2019-02-17,Benito Lopez,Manny Bermudez,,kaggle_mdabbert_bestfightodds,,2024-12-14T00:00:00Z,0.2079,0.064516,0.180505,0.083333,0.52381,0.162866
2019-02-17,Ashlee Evans-Smith,Andrea Lee,,kaggle_mdabbert_bestfightodds,,2024-12-14T00:00:00Z,0.083333,0.066534,0.309598,0.117647,0.289855,0.371747
2019-02-17,Scott Holtzman,Nik Lentz,,kaggle_mdabbert_bestfightodds,,2024-12-14T00:00:00Z,0.166667,0.065833,0.487805,0.074074,0.119048,0.307692
2019-02-17,Alexandra Albu,Emily Whitmire,,kaggle_mdabbert_bestfightodds,,2024-12-14T00:00:00Z,0.135135,0.190476,0.322581,0.065359,0.131579,0.408163
2019-02-17,Andre Fili,Myles Jury,,kaggle_mdabbert_bestfightodds,,2024-12-14T00:00:00Z,0.084746,0.06079,0.363636,0.145985,0.15748,0.380228
2019-02-23,John Dodson,Petr Yan,,kaggle_mdabbert_bestfightodds,,2024-12-14T00:00:00Z,0.087719,0.038462,0.235294,0.188679,0.052632,0.555556
2019-02-23,Jan Blachowicz,Thiago Santos,,kaggle_mdabbert_bestfightodds,,2024-12-14T00:00:00Z,0.123457,0.327869,0.123457,0.456621,0.051282,0.11976
2019-02-23,Stefan Struve,Marcos Rogerio de Lima,,kaggle_mdabbert_bestfightodds,,2024-12-14T00:00:00Z,0.181818,0.363636,0.117647,0.273973,0.0625,0.25
2019-02-23,Gian Villante,Michal Oleksiejczuk,,kaggle_mdabbert_bestfightodds,,2024-12-14T00:00:00Z,0.17094,0.04878,0.222222,0.25974,0.067797,0.414938
2019-02-23,Liz Carmouche,Lucie Pudilova,,kaggle_mdabbert_bestfightodds,,2024-12-14T00:00:00Z,0.108108,0.137931,0.438596,0.103093,0.070671,0.363636
2019-02-23,Magomed Ankalaev,Klidson Abreu,,kaggle_mdabbert_bestfightodds,,2024-12-14T00:00:00Z,0.408163,0.143885,0.222222,,,
2019-02-23,Rustam Khabilov,Diego Ferreira,,kaggle_mdabbert_bestfightodds,,2024-12-14T00:00:00Z,0.153846,0.123305,0.389105,0.16,0.144928,0.257069
2019-02-23,Daniel Teymur,Chris Fishgold,,kaggle_mdabbert_bestfightodds,,2024-12-14T00:00:00Z,0.196078,0.064516,0.164204,0.133333,0.512195,0.20202
2019-02-23,Veronica Macedo,Gillian Robertson,,kaggle_mdabbert_bestfightodds,,2024-12-14T00:00:00Z,0.097561,0.133333,0.25,0.08,0.47619,0.192308
2019-02-23,Damir Hadzovic,Polo Reyes,,kaggle_mdabbert_bestfightodds,,2024-12-14T00:00:00Z,0.350877,0.113766,0.235294,0.266667,0.095238,0.203666
2019-02-23,Michel Prazeres,Ismail Naurdiev,,kaggle_mdabbert_bestfightodds,,2024-12-14T00:00:00Z,0.15748,0.487805,0.306748,0.11236,0.047281,0.124224
2019-02-23,Damir Ismagulov,Joel Alvarez,,kaggle_mdabbert_bestfightodds,,2024-12-14T00:00:00Z,0.322581,0.133333,0.403226,0.064309,0.178571,0.105263
2019-02-23,Dwight Grant,Carlo Pedersoli,,kaggle_mdabbert_bestfightodds,,2024-12-14T00:00:00Z,0.238095,0.059701,0.221239,,,
2019-03-02,Jon Jones,Anthony Smith,,kaggle_mdabbert_bestfightodds,,2024-12-14T00:00:00Z,0.565217,0.3125,0.125,0.111111,0.058824,0.058824
2019-03-02,Tyron Woodley,Kamaru Usman,,kaggle_mdabbert_bestfightodds,,2024-12-14T00:00:00Z,0.333333,0.117647,0.25,0.166667,0.058824,0.307692
2019-03-02,Robbie Lawler,Ben Askren,,kaggle_mdabbert_bestfightodds,,2024-12-14T00:00:00Z,0.210526,0.047619,0.133333,0.1,0.133333,0.6
2019-03-02,Tecia Torres,Weili Zhang,,kaggle_mdabbert_bestfightodds,,2024-12-14T00:00:00Z,0.066667,0.058824,0.444444,0.153846,0.142857,0.4
2019-03-02,Cody Garbrandt,Pedro Munhoz,,kaggle_mdabbert_bestfightodds,,2024-12-14T00:00:00Z,0.384615,0.047619,0.263158,0.166667,0.210526,0.181818
2019-03-02,Jeremy Stephens,Zabit Magomedsharipov,,kaggle_mdabbert_bestfightodds,,2024-12-14T00:00:00Z,0.222222,0.066667,0.125,0.142857,0.333333,0.4
2019-03-02,Misha Cirkunov,Johnny Walker,,kaggle_mdabbert_bestfightodds,,2024-12-14T00:00:00Z,0.133333,0.285714,0.125,0.565217,0.066667,0.125
2019-03-02,Cody Stamann,Alejandro Perez,,kaggle_mdabbert_bestfightodds,,2024-12-14T00:00:00Z,0.090909,0.076923,0.607843,0.125,0.1,0.235294
2019-03-02,Diego Sanchez,Mickey Gall,,kaggle_mdabbert_bestfightodds,,2024-12-14T00:00:00Z,0.111111,0.066667,0.333333,0.285714,0.307692,0.235294
2019-03-02,Edmen Shahbazyan,Charles Byrd,,kaggle_mdabbert_bestfightodds,,2024-12-14T00:00:00Z,0.285714,0.16,0.238095,0.111111,0.208333,0.194175
2019-03-02,Gina Mazany,Macy Chiasson,,kaggle_mdabbert_bestfightodds,,2024-12-14T00:00:00Z,0.05571,0.034483,0.163934,0.285714,0.363636,0.307692
2019-03-02,Polyana Viana,Hannah Cifers,,kaggle_mdabbert_bestfightodds,,2024-12-14T00:00:00Z,0.10929,0.392157,0.3125,0.135135,0.052083,0.181818
2019-03-09,Derrick Lewis,Junior Dos Santos,,kaggle_mdabbert_bestfightodds,,2024-12-14T00:00:00Z,0.357143,0.038462,0.090909,0.444444,0.111111,0.25
2019-03-09,Elizeu Zaleski dos Santos,Curtis Millender,,kaggle_mdabbert_bestfightodds,,2024-12-14T00:00:00Z,0.444444,0.111111,0.25,0.222222,0.066667,0.357143
2019-03-09,Tim Means,Niko Price,,kaggle_mdabbert_bestfightodds,,2024-12-14T00:00:00Z,0.4,0.125,0.285714,0.142857,0.181818,0.133333
2019-03-09,Blagoy Ivanov,Ben Rothwell,,kaggle_mdabbert_bestfightodds,,2024-12-14T00:00:00Z,0.25,0.090909,0.277778,0.210526,0.166667,0.232558
2019-03-09,Beneil Dariush,Drew Dober,,kaggle_mdabbert_bestfightodds,,2024-12-14T00:00:00Z,0.153846,0.333333,0.363636,0.181818,0.052632,0.266667
2019-03-09,Tim Boetsch,Omari Akhmedov,,kaggle_mdabbert_bestfightodds,,2024-12-14T00:00:00Z,0.333333,0.076923,0.142857,0.3125,0.133333,0.307692
2019-03-09,Alex White,Dan Moret,,kaggle_mdabbert_bestfightodds,,2024-12-14T00:00:00Z,0.263158,0.097561,0.294118,0.117647,0.222222,0.194175
2019-03-09,Marion Reneau,Yana Kunitskaya,,kaggle_mdabbert_bestfightodds,,2024-12-14T00:00:00Z,0.072727,0.192308,0.217391,0.133333,0.066667,0.534884
2019-03-09,Grant Dawson,Julian Erosa,,kaggle_mdabbert_bestfightodds,,2024-12-14T00:00:00Z,0.298507,0.243902,0.238095,0.210526,0.083333,0.166667
2019-03-09,Maurice Greene,Jeff Hughes,,kaggle_mdabbert_bestfightodds,,2024-12-14T00:00:00Z,0.129032,0.15748,0.142857,0.28169,0.061162,0.454545
2019-03-09,Louis Smolka,Matt Schnell,,kaggle_mdabbert_bestfightodds,,2024-12-14T00:00:00Z,0.16,0.21978,0.240964,0.137931,0.11976,0.333333
2019-03-09,Alex Morono,Zak Ottow,,kaggle_mdabbert_bestfightodds,,2024-12-14T00:00:00Z,0.206186,0.148148,0.416667,0.064516,0.083333,0.298507
2019-03-09,Anthony Rocco Martin,Sergio Moraes,,kaggle_mdabbert_bestfightodds,,2024-12-14T00:00:00Z,0.30303,0.076923,0.384615,0.047619,0.222222,0.178571
2019-03-16,Nathaniel Wood,Jose Quinonez,,kaggle_mdabbert_bestfightodds,,2024-12-14T00:00:00Z,0.363636,0.2,0.333333,0.058824,0.076923,0.210526
2019-03-16,Darren Till,Jorge Masvidal,,kaggle_mdabbert_bestfightodds,,2024-12-14T00:00:00Z,0.363636,0.058824,0.4,0.166667,0.090909,0.181818
2019-03-16,Leon Edwards,Gunnar Nelson,,kaggle_mdabbert_bestfightodds,,2024-12-14T00:00:00Z,0.153846,0.066667,0.425532,0.076923,0.363636,0.166667
2019-03-16,Volkan Oezdemir,Dominick Reyes,,kaggle_mdabbert_bestfightodds,,2024-12-14T00:00:00Z,0.2,0.058824,0.153846,0.4,0.2,0.210526
2019-03-16,Danny Roberts,Claudio Silva,,kaggle_mdabbert_bestfightodds,,2024-12-14T00:00:00Z,0.222222,0.058824,0.25,0.111111,0.444444,0.166667
2019-03-16,Mike Grundy,Nad Narimani,,kaggle_mdabbert_bestfightodds,,2024-12-14T00:00:00Z,0.074074,0.17094,0.289855,0.103627,0.1,0.434783
2019-03-16,Arnold Allen,Jordan Rinaldi,,kaggle_mdabbert_bestfightodds,,2024-12-14T00:00:00Z,0.137931,0.190476,0.350877,0.04878,0.137931,0.344828
2019-03-16,Marc Diakiese,Joe Duffy,,kaggle_mdabbert_bestfightodds,,2024-12-14T00:00:00Z,0.222222,0.060606,0.206186,0.2,0.285714,0.31746
2019-03-16,Nicolae Negumereanu,Saparbeg Safarov,,kaggle_mdabbert_bestfightodds,,2024-12-14T00:00:00Z,0.384615,0.25,0.147059,0.253165,0.121212,0.142857
2019-03-16,Danny Henry,Dan Ige,,kaggle_mdabbert_bestfightodds,,2024-12-14T00:00:00Z,0.111111,0.125,0.289855,0.144928,0.222222,0.4
2019-03-16,Molly McCann,Priscila Cachoeira,,kaggle_mdabbert_bestfightodds,,2024-12-14T00:00:00Z,0.263158,0.103093,0.377358,0.15748,0.116686,0.207469
2019-03-16,Jack Marshman,John Phillips,,kaggle_mdabbert_bestfightodds,,2024-12-14T00:00:00Z,0.2,0.2,0.25,0.333333,0.076923,0.142857
2019-03-23,Stephen Thompson,Anthony Pettis,,kaggle_mdabbert_bestfightodds,,2024-12-14T00:00:00Z,0.47619,0.047619,0.408163,0.111111,0.111111,0.111111
2019-03-23,Curtis Blaydes,Justin Willis,,kaggle_mdabbert_bestfightodds,,2024-12-14T00:00:00Z,0.4,0.1,0.357143,0.2,0.052632,0.142857
2019-03-23,John Makdessi,Jesus Pinedo,,kaggle_mdabbert_bestfightodds,,2024-12-14T00:00:00Z,0.344828,0.047619,0.47619,0.111111,0.090909,0.181818
2019-03-23,Jussier Formiga,Deiveson Figueiredo,,kaggle_mdabbert_bestfightodds,,2024-12-14T00:00:00Z,0.076923,0.285714,0.266667,0.357143,0.076923,0.25
2019-03-23,Luis Pena,Steven Peterson,,kaggle_mdabbert_bestfightodds,,2024-12-14T00:00:00Z,0.133333,0.344828,0.37037,0.111111,0.090909,0.2
2019-03-23,Maycee Barber,JJ Aldrich,,kaggle_mdabbert_bestfightodds,,2024-12-14T00:00:00Z,0.285714,0.210526,0.384615,0.058824,0.076923,0.235294
2019-03-23,Marlon Vera,Frankie Saenz,,kaggle_mdabbert_bestfightodds,,2024-12-14T00:00:00Z,0.199203,0.196078,0.299401,0.04902,0.06006,0.363636
2019-03-23,Alexis Davis,Jennifer Maia,,kaggle_mdabbert_bestfightodds,,2024-12-14T00:00:00Z,0.060606,0.186916,0.392157,0.072359,0.0625,0.3861
2019-03-23,Randa Markos,Angela Hill,,kaggle_mdabbert_bestfightodds,,2024-12-14T00:00:00Z,0.096805,0.111111,0.304878,0.074074,0.041667,0.555556
2019-03-23,Ryan MacDonald,Chris Gutierrez,,kaggle_mdabbert_bestfightodds,,2024-12-14T00:00:00Z,,,,0.37037,0.2,0.250627
2019-03-23,Eric Shelton,Jordan Espinosa,,kaggle_mdabbert_bestfightodds,,2024-12-14T00:00:00Z,0.093458,0.111607,0.42735,0.13986,0.16,0.28169
2019-03-23,Bryce Mitchell,Bobby Moffett,,kaggle_mdabbert_bestfightodds,,2024-12-14T00:00:00Z,0.11655,0.148148,0.2849,0.088496,0.307692,0.262467
2019-03-30,Edson Barboza,Justin Gaethje,,kaggle_mdabbert_bestfightodds,,2024-12-14T00:00:00Z,0.454545,0.058824,0.142857,0.444444,0.066667,0.1
2019-03-30,David Branch,Jack Hermansson,,kaggle_mdabbert_bestfightodds,,2024-12-14T00:00:00Z,0.142857,0.173913,0.240964,0.357143,0.125,0.2
2019-03-30,Josh Emmett,Michael Johnson,,kaggle_mdabbert_bestfightodds,,2024-12-14T00:00:00Z,0.153846,0.133333,0.285714,0.285714,0.038462,0.307692
2019-03-30,Kennedy Nzechukwu,Paul Craig,,kaggle_mdabbert_bestfightodds,,2024-12-14T00:00:00Z,0.47619,0.058824,0.190476,0.076923,0.285714,0.133333
2019-03-30,Karolina Kowalkiewicz,Michelle Waterson,,kaggle_mdabbert_bestfightodds,,2024-12-14T00:00:00Z,0.076923,0.090909,0.52381,0.058824,0.166667,0.307692
2019-03-30,Sodiq Yusuff,Sheymon Moraes,,kaggle_mdabbert_bestfightodds,,2024-12-14T00:00:00Z,0.285714,0.066667,0.307692,0.2,0.125,0.222222
2019-03-30,Kevin Holland,Gerald Meerschaert,,kaggle_mdabbert_bestfightodds,,2024-12-14T00:00:00Z,0.243309,0.181818,0.3125,0.068259,0.238095,0.142857
2019-03-30,Ross Pearson,Desmond Green,,kaggle_mdabbert_bestfightodds,,2024-12-14T00:00:00Z,0.095238,0.049628,0.15015,0.17094,0.066667,0.649123
2019-03-30,Enrique Barzola,Kevin Aguilar,,kaggle_mdabbert_bestfightodds,,2024-12-14T00:00:00Z,0.087719,0.074074,0.478469,0.046189,0.081633,0.206186
2019-03-30,Ray Borg,Casey Kenney,,kaggle_mdabbert_bestfightodds,,2024-12-14T00:00:00Z,0.093023,0.273973,0.444444,0.083682,0.064516,0.236407
2019-03-30,Sabina Mazo,Maryna Moroz,,kaggle_mdabbert_bestfightodds,,2024-12-14T00:00:00Z,0.164745,0.064516,0.5,0.05,0.096061,0.363636
2019-03-30,Alex Perez,Mark De La Rosa,,kaggle_mdabbert_bestfightodds,,2024-12-14T00:00:00Z,0.208333,0.228833,0.421941,0.04878,0.094162,0.173913
2019-03-30,Marina Rodriguez,Jessica Aguilar,,kaggle_mdabbert_bestfightodds,,2024-12-14T00:00:00Z,0.148148,0.11919,0.591837,0.046189,0.081633,0.206186
2019-04-13,Kelvin Gastelum,Israel Adesanya,,kaggle_mdabbert_bestfightodds,,2024-12-14T00:00:00Z,0.235294,0.142857,0.125,0.285714,0.066667,0.384615
2019-04-13,Eryk Anders,Khalil Rountree Jr.,,kaggle_mdabbert_bestfightodds,,2024-12-14T00:00:00Z,0.333333,0.166667,0.307692,,,
2019-04-13,Alan Jouban,Dwight Grant,,kaggle_mdabbert_bestfightodds,,2024-12-14T00:00:00Z,0.235294,0.076923,0.333333,0.444444,0.058824,0.2
2019-04-13,Ovince Saint Preux,Nikita Krylov,,kaggle_mdabbert_bestfightodds,,2024-12-14T00:00:00Z,0.181818,0.333333,0.142857,0.285714,0.153846,0.181818
2019-04-13,Jalin Turner,Matt Frevola,,kaggle_mdabbert_bestfightodds,,2024-12-14T00:00:00Z,0.454545,0.076923,0.166667,0.166667,0.235294,0.181818
2019-04-13,Max Holloway,Dustin Poirier,,kaggle_mdabbert_bestfightodds,,2024-12-14T00:00:00Z,0.47619,0.090909,0.285714,0.210526,0.111111,0.142857
2019-04-13,Max Griffin,Zelim Imadaev,,kaggle_mdabbert_bestfightodds,,2024-12-14T00:00:00Z,0.25,0.076923,0.285714,0.357143,0.076923,0.2
2019-04-13,Boston Salmon,Khalid Taha,,kaggle_mdabbert_bestfightodds,,2024-12-14T00:00:00Z,0.2,0.090909,0.384615,0.142857,0.125,0.285714
2019-04-13,Curtis Millender,Belal Muhammad,,kaggle_mdabbert_bestfightodds,,2024-12-14T00:00:00Z,0.25,0.036697,0.208333,0.080972,0.210526,0.414938
2019-04-13,Montel Jackson,Andre Soukhamthath,,kaggle_mdabbert_bestfightodds,,2024-12-14T00:00:00Z,0.235294,0.25641,0.465116,0.088889,0.039216,0.106496
2019-04-13,Lauren Mueller,Poliana Botelho,,kaggle_mdabbert_bestfightodds,,2024-12-14T00:00:00Z,0.0625,0.097371,0.327869,0.289855,0.089686,0.31746
2019-04-13,Brandon Davis,Randy Costa,,kaggle_mdabbert_bestfightodds,,2024-12-14T00:00:00Z,0.28169,0.114286,0.325733,0.253165,0.097561,0.121212
2019-04-13,Wilson Reis,Alexandre Pantoja,,kaggle_mdabbert_bestfightodds,,2024-12-14T00:00:00Z,0.058824,0.090909,0.37037,0.181818,0.181818,0.384615
2019-04-20,Alistair Overeem,Aleksei Oleinik,,kaggle_mdabbert_bestfightodds,,2024-12-14T00:00:00Z,0.636364,0.066667,0.1,0.166667,0.166667,0.076923
2019-04-20,Islam Makhachev,Arman Tsarukyan,,kaggle_mdabbert_bestfightodds,,2024-12-14T00:00:00Z,0.17452,0.285714,0.4,0.123457,0.06006,0.181818
2019-04-20,Sergei Pavlovich,Marcelo Golm,,kaggle_mdabbert_bestfightodds,,2024-12-14T00:00:00Z,0.49505,0.051282,0.260417,0.148148,0.077821,0.176991
2019-04-20,Roxanne Modafferi,Antonina Shevchenko,,kaggle_mdabbert_bestfightodds,,2024-12-14T00:00:00Z,0.117647,0.137931,0.15456,0.175439,0.069444,0.574468
2019-04-20,Krzysztof Jotko,Alen Amedovski,,kaggle_mdabbert_bestfightodds,,2024-12-14T00:00:00Z,0.2,0.224719,0.310559,0.289855,0.066667,0.117647
2019-04-20,Movsar Evloev,Seungwoo Choi,,kaggle_mdabbert_bestfightodds,,2024-12-14T00:00:00Z,0.297619,0.307692,0.344828,0.16,0.068493,0.114286
2019-04-20,Alexander Yakovlev,Alex Da Silva,,kaggle_mdabbert_bestfightodds,,2024-12-14T00:00:00Z,0.190476,0.151515,0.344828,0.187266,0.181818,0.171233
2019-04-20,Marcin Tybura,Shamil Abdurakhimov,,kaggle_mdabbert_bestfightodds,,2024-12-14T00:00:00Z,0.224719,0.140056,0.338983,0.102041,0.065574,0.37037
2019-04-20,Gadzhimurad Antigulov,Michal Oleksiejczuk,,kaggle_mdabbert_bestfightodds,,2024-12-14T00:00:00Z,0.105263,0.25,0.111111,0.54955,0.081633,0.144509
2019-04-20,Magomed Mustafaev,Rafael Fiziev,,kaggle_mdabbert_bestfightodds,,2024-12-14T00:00:00Z,0.206612,0.142857,0.173913,0.333333,0.106383,0.207469
2019-04-20,Sultan Aliev,Keita Nakamura,,kaggle_mdabbert_bestfightodds,,2024-12-14T00:00:00Z,0.095238,0.068966,0.413223,0.134228,0.215517,0.293255
2019-04-27,Glover Teixeira,Ion Cutelaba,,kaggle_mdabbert_bestfightodds,,2024-12-14T00:00:00Z,0.125,0.333333,0.2,0.384615,0.047619,0.125
2019-04-27,Jacare Souza,Jack Hermansson,,kaggle_mdabbert_bestfightodds,,2024-12-14T00:00:00Z,0.285714,0.444444,0.090909,0.25,0.066667,0.125
2019-04-27,Greg Hardy,Dmitrii Smoliakov,,kaggle_mdabbert_bestfightodds,,2024-12-14T00:00:00Z,0.714286,0.043478,0.090909,0.142857,0.133333,0.090909
2019-04-27,Alex Oliveira,Mike Perry,,kaggle_mdabbert_bestfightodds,,2024-12-14T00:00:00Z,0.222222,0.357143,0.2,0.285714,0.052632,0.166667
2019-04-27,John Lineker,Cory Sandhagen,,kaggle_mdabbert_bestfightodds,,2024-12-14T00:00:00Z,0.363636,0.066667,0.285714,0.125,0.2,0.25
2019-04-27,Roosevelt Roberts,Thomas Gifford,,kaggle_mdabbert_bestfightodds,,2024-12-14T00:00:00Z,0.222222,0.52381,0.25,0.076923,0.111111,0.125
2019-04-27,Andrei Arlovski,Augusto Sakai,,kaggle_mdabbert_bestfightodds,,2024-12-14T00:00:00Z,0.125,0.066667,0.363636,0.333333,0.076923,0.307692
2019-04-27,Carla Esparza,Virna Jandiroba,,kaggle_mdabbert_bestfightodds,,2024-12-14T00:00:00Z,0.125,0.1,0.416667,0.052632,0.166667,0.4
2019-04-27,Gilbert Burns,Mike Davis,,kaggle_mdabbert_bestfightodds,,2024-12-14T00:00:00Z,0.2,0.4,0.2,0.2,0.047619,0.166667
2019-04-27,Jim Miller,Jason Gonzalez,,kaggle_mdabbert_bestfightodds,,2024-12-14T00:00:00Z,0.125,0.333333,0.25,0.307692,0.125,0.166667
2019-04-27,Angela Hill,Jodie Esquibel,,kaggle_mdabbert_bestfightodds,,2024-12-14T00:00:00Z,0.125,0.076923,0.764706,0.066667,0.076923,0.125
2019-04-27,Ben Saunders,Takashi Sato,,kaggle_mdabbert_bestfightodds,,2024-12-14T00:00:00Z,0.142857,0.166667,0.166667,0.615385,0.058824,0.142857
2019-04-27,Court McGee,Dhiego Lima,,kaggle_mdabbert_bestfightodds,,2024-12-14T00:00:00Z,0.2,0.1,0.47619,0.142857,0.076923,0.285714
2019-05-04,Derek Brunson,Elias Theodorou,,kaggle_mdabbert_bestfightodds,,2024-12-14T00:00:00Z,0.27027,0.066667,0.25,0.125,0.058824,0.454545
2019-05-04,Al Iaquinta,Donald Cerrone,,kaggle_mdabbert_bestfightodds,,2024-12-14T00:00:00Z,0.333333,0.076923,0.222222,0.222222,0.217391,0.2
2019-05-04,Cub Swanson,Shane Burgos,,kaggle_mdabbert_bestfightodds,,2024-12-14T00:00:00Z,0.166667,0.076923,0.285714,0.222222,0.181818,0.285714
2019-05-04,Brad Katona,Merab Dvalishvili,,kaggle_mdabbert_bestfightodds,,2024-12-14T00:00:00Z,0.111111,0.125,0.307692,0.142857,0.111111,0.47619
2019-05-04,Walt Harris,Serghei Spivac,,kaggle_mdabbert_bestfightodds,,2024-12-14T00:00:00Z,0.487805,0.066667,0.190476,,,
2019-05-04,Macy Chiasson,Sarah Moras,,kaggle_mdabbert_bestfightodds,,2024-12-14T00:00:00Z,0.37594,0.285714,0.30303,0.076923,0.083333,0.0625
2019-05-04,Aiemann Zahabi,Vince Morales,,kaggle_mdabbert_bestfightodds,,2024-12-14T00:00:00Z,0.103306,0.166667,0.471698,0.143062,0.068966,0.259067
2019-05-04,Nordine Taleb,Kyle Prepolec,,kaggle_mdabbert_bestfightodds,,2024-12-14T00:00:00Z,0.261097,0.08658,0.52381,0.102041,0.051282,0.16835
2019-05-04,Kyle Nelson,Matt Sayles,,kaggle_mdabbert_bestfightodds,,2024-12-14T00:00:00Z,0.153374,0.044444,0.233645,0.327869,0.08,0.342466
2019-05-04,Arjan Bhullar,Juan Adams,,kaggle_mdabbert_bestfightodds,,2024-12-14T00:00:00Z,0.142857,0.086957,0.363636,0.4,0.052632,0.206186
2019-05-04,Mitch Gagnon,Cole Smith,,kaggle_mdabbert_bestfightodds,,2024-12-14T00:00:00Z,0.086957,0.206186,0.31746,0.129032,0.142857,0.311526
2019-05-04,Marc-Andre Barriault,Andrew Sanchez,,kaggle_mdabbert_bestfightodds,,2024-12-14T00:00:00Z,0.190476,0.076923,0.235294,0.181818,0.125,0.416667
2019-05-11,Thiago Alves,Laureano Staropoli,,kaggle_mdabbert_bestfightodds,,2024-12-14T00:00:00Z,0.142857,0.076923,0.4,0.25,0.090909,0.25
2019-05-11,Rose Namajunas,Jessica Andrade,,kaggle_mdabbert_bestfightodds,,2024-12-14T00:00:00Z,0.111111,0.222222,0.25,0.25,0.129032,0.285714
2019-05-11,Jared Cannonier,Anderson Silva,,kaggle_mdabbert_bestfightodds,,2024-12-14T00:00:00Z,0.333333,0.066667,0.285714,0.142857,0.076923,0.4
2019-05-11,Jose Aldo,Alexander Volkanovski,,kaggle_mdabbert_bestfightodds,,2024-12-14T00:00:00Z,0.25,0.1,0.344828,0.266667,0.076923,0.222222
2019-05-11,Irene Aldana,Bethe Correia,,kaggle_mdabbert_bestfightodds,,2024-12-14T00:00:00Z,0.298507,0.090909,0.52381,0.076923,0.058824,0.2
2019-05-11,Talita Bernardo,Viviane Araujo,,kaggle_mdabbert_bestfightodds,,2024-12-14T00:00:00Z,0.136986,0.222222,0.487805,0.072727,0.064309,0.223214
2019-05-11,Thiago Moises,Kurt Holobaugh,,kaggle_mdabbert_bestfightodds,,2024-12-14T00:00:00Z,0.108108,0.230415,0.276243,0.181818,0.076923,0.3125
2019-05-11,Warlley Alves,Sergio Moraes,,kaggle_mdabbert_bestfightodds,,2024-12-14T00:00:00Z,0.142857,0.076923,0.4,0.072727,0.205339,0.25974
2019-05-11,BJ Penn,Clay Guida,,kaggle_mdabbert_bestfightodds,,2024-12-14T00:00:00Z,0.042463,0.072202,0.090909,0.534884,0.153846,0.333333
2019-05-11,Luana Carolina,Priscila Cachoeira,,kaggle_mdabbert_bestfightodds,,2024-12-14T00:00:00Z,0.126582,0.102564,0.5,0.121212,0.066667,0.31746
2019-05-11,Raoni Barcelos,Carlos Huachin,,kaggle_mdabbert_bestfightodds,,2024-12-14T00:00:00Z,0.392157,0.377358,0.233645,,,
2019-05-11,Rogerio Nogueira,Ryan Spann,,kaggle_mdabbert_bestfightodds,,2024-12-14T00:00:00Z,0.282486,0.125,0.163934,0.304878,0.129032,0.2
2019-05-18,Vicente Luque,Derrick Krantz,,kaggle_mdabbert_bestfightodds,,2024-12-14T00:00:00Z,0.677419,0.277778,0.17762,0.047619,0.037736,0.083333
2019-05-18,Megan Anderson,Felicia Spencer,,kaggle_mdabbert_bestfightodds,,2024-12-14T00:00:00Z,0.384615,0.125,0.307692,0.111111,0.181818,0.166667
2019-05-18,Charles Oliveira,Nik Lentz,,kaggle_mdabbert_bestfightodds,,2024-12-14T00:00:00Z,0.142857,0.636364,0.181818,0.111111,0.076923,0.173913
2019-05-18,Rafael Dos Anjos,Kevin Lee,,kaggle_mdabbert_bestfightodds,,2024-12-14T00:00:00Z,0.25,0.142857,0.285714,0.153846,0.125,0.333333
2019-05-18,Antonio Carlos Junior,Ian Heinisch,,kaggle_mdabbert_bestfightodds,,2024-12-14T00:00:00Z,0.090909,0.47619,0.222222,0.235294,0.052632,0.2
2019-05-18,Davi Ramos,Austin Hubbard,,kaggle_mdabbert_bestfightodds,,2024-12-14T00:00:00Z,0.166667,0.666667,0.235294,0.076923,0.058824,0.166667
2019-05-18,Julio Arce,Julian Erosa,,kaggle_mdabbert_bestfightodds,,2024-12-14T00:00:00Z,0.243902,0.327869,0.37594,0.058824,0.053908,0.095238
2019-05-18,Desmond Green,Charles Jourdain,,kaggle_mdabbert_bestfightodds,,2024-12-14T00:00:00Z,0.229885,0.093023,0.661017,0.068966,0.062305,0.070972
2019-05-18,Danny Roberts,Michel Pereira,,kaggle_mdabbert_bestfightodds,,2024-12-14T00:00:00Z,0.4,0.083333,0.289855,0.176367,0.073368,0.178571
2019-05-18,Michael Trizano,Grant Dawson,,kaggle_mdabbert_bestfightodds,,2024-12-14T00:00:00Z,0.145985,0.083333,0.285714,0.142857,0.181488,0.384615
2019-05-18,Patrick Cummins,Ed Herman,,kaggle_mdabbert_bestfightodds,,2024-12-14T00:00:00Z,0.173913,0.116959,0.545455,0.188679,0.100503,0.116279
2019-05-18,Zak Cummings,Trevin Giles,,kaggle_mdabbert_bestfightodds,,2024-12-14T00:00:00Z,0.071788,0.13986,0.259067,0.248756,0.095238,0.377358
2019-05-18,Aspen Ladd,Sijara Eubanks,,kaggle_mdabbert_bestfightodds,,2024-12-14T00:00:00Z,0.246305,0.111111,0.52381,0.0625,0.071429,0.243902
2019-06-01,Alexander Gustafsson,Anthony Smith,,kaggle_mdabbert_bestfightodds,,2024-12-14T00:00:00Z,0.444444,0.125,0.363636,0.204082,0.076923,0.052632
2019-06-01,Jimi Manuwa,Aleksandar Rakic,,kaggle_mdabbert_bestfightodds,,2024-12-14T00:00:00Z,0.307692,0.052632,0.111111,0.52381,0.076923,0.235294
2019-06-01,Makwan Amirkhani,Chris Fishgold,,kaggle_mdabbert_bestfightodds,,2024-12-14T00:00:00Z,0.166667,0.173913,0.307692,0.1,0.25,0.235294
2019-06-01,Damir Hadzovic,Christos Giagos,,kaggle_mdabbert_bestfightodds,,2024-12-14T00:00:00Z,0.307692,0.125,0.307692,0.090909,0.066667,0.344828
2019-06-01,Daniel Teymur,Sung Bin Jo,,kaggle_mdabbert_bestfightodds,,2024-12-14T00:00:00Z,0.190476,0.090909,0.25,0.307692,0.235294,0.166667
2019-06-01,Rostem Akman,Sergey Khandozhko,,kaggle_mdabbert_bestfightodds,,2024-12-14T00:00:00Z,0.181818,0.127389,0.209205,0.285714,0.14771,0.260417
2019-06-01,Tonya Evinger,Lina Lansberg,,kaggle_mdabbert_bestfightodds,,2024-12-14T00:00:00Z,0.143885,0.243902,0.509804,0.071429,0.05698,0.184502
2019-06-01,Stevie Ray,Leonardo Santos,,kaggle_mdabbert_bestfightodds,,2024-12-14T00:00:00Z,0.1,0.052493,0.332226,0.086957,0.377358,0.294118
2019-06-01,Nick Hein,Frank Camacho,,kaggle_mdabbert_bestfightodds,,2024-12-14T00:00:00Z,0.1,0.072727,0.364964,0.171821,0.108108,0.364964
2019-06-01,Bea Malecki,Duda Santana,,kaggle_mdabbert_bestfightodds,,2024-12-14T00:00:00Z,0.226244,0.10929,0.303951,0.153846,0.088889,0.314465
2019-06-01,Darko Stosic,Devin Clark,,kaggle_mdabbert_bestfightodds,,2024-12-14T00:00:00Z,0.4,0.071429,0.153139,0.221239,0.076923,0.298507
2019-06-01,Joel Alvarez,Danilo Belluardo,,kaggle_mdabbert_bestfightodds,,2024-12-14T00:00:00Z,0.097561,0.315457,0.170068,0.16,0.074074,0.371747
2019-06-08,Valentina Shevchenko,Jessica Eye,,kaggle_mdabbert_bestfightodds,,2024-12-14T00:00:00Z,0.25,0.31746,0.487805,0.047619,0.047619,0.076923
2019-06-08,Tony Ferguson,Donald Cerrone,,kaggle_mdabbert_bestfightodds,,2024-12-14T00:00:00Z,0.266667,0.166667,0.25,0.222222,0.105263,0.210526
2019-06-08,Jimmie Rivera,Petr Yan,,kaggle_mdabbert_bestfightodds,,2024-12-14T00:00:00Z,0.076923,0.052632,0.2,0.384615,0.066667,0.444444
2019-06-08,Tai Tuivasa,Blagoy Ivanov,,kaggle_mdabbert_bestfightodds,,2024-12-14T00:00:00Z,0.363636,0.066667,0.25,0.181818,0.142857,0.25
2019-06-08,Tatiana Suarez,Nina Ansaroff,,kaggle_mdabbert_bestfightodds,,2024-12-14T00:00:00Z,0.232558,0.384615,0.373134,,,
2019-06-08,Henry Cejudo,Marlon Moraes,,kaggle_mdabbert_bestfightodds,,2024-12-14T00:00:00Z,0.181818,0.111111,0.285714,0.357143,0.133333,0.181818
2019-06-08,Karolina Kowalkiewicz,Alexa Grasso,,kaggle_mdabbert_bestfightodds,,2024-12-14T00:00:00Z,0.090992,0.0625,0.425532,0.077942,0.117647,0.387597
2019-06-08,Ricardo Lamas,Calvin Kattar,,kaggle_mdabbert_bestfightodds,,2024-12-14T00:00:00Z,0.144928,0.149031,0.239808,0.232019,0.060606,0.392157
2019-06-08,Yan Xiaonan,Angela Hill,,kaggle_mdabbert_bestfightodds,,2024-12-14T00:00:00Z,,,,0.07326,0.071429,0.344828
2019-06-08,Bevon Lewis,Darren Stewart,,kaggle_mdabbert_bestfightodds,,2024-12-14T00:00:00Z,0.2849,0.097561,0.350877,0.3125,0.056338,0.137931
2019-06-08,Eddie Wineland,Grigorii Popov,,kaggle_mdabbert_bestfightodds,,2024-12-14T00:00:00Z,0.191939,0.129032,0.384615,0.196078,0.086957,0.212766
2019-06-08,Katlyn Chookagian,Joanne Calderwood,,kaggle_mdabbert_bestfightodds,,2024-12-14T00:00:00Z,0.076923,0.07722,0.425532,0.068823,0.137931,0.434783
2019-06-08,Aljamain Sterling,Pedro Munhoz,,kaggle_mdabbert_bestfightodds,,2024-12-14T00:00:00Z,0.142857,0.072569,0.425532,0.153846,0.169779,0.233645
2019-06-22,Renato Moicano,Chan Sung Jung,,kaggle_mdabbert_bestfightodds,,2024-12-14T00:00:00Z,0.25,0.181818,0.333333,0.266667,0.076923,0.111111
2019-06-22,Bryan Barberena,Randy Brown,,kaggle_mdabbert_bestfightodds,,2024-12-14T00:00:00Z,0.377358,0.133333,0.333333,0.1,0.090909,0.2
2019-06-22,Andre Ewell,Anderson Dos Santos,,kaggle_mdabbert_bestfightodds,,2024-12-14T00:00:00Z,0.235294,0.090909,0.266667,0.111111,0.25,0.25
2019-06-22,Andrea Lee,Montana De La Rosa,,kaggle_mdabbert_bestfightodds,,2024-12-14T00:00:00Z,0.111111,0.1,0.555556,0.058824,0.2,0.2
2019-06-22,Kevin Holland,Alessio Di Chirico,,kaggle_mdabbert_bestfightodds,,2024-12-14T00:00:00Z,0.222222,0.25,0.333333,0.076923,0.066667,0.285714
2019-06-22,Dan Ige,Kevin Aguilar,,kaggle_mdabbert_bestfightodds,,2024-12-14T00:00:00Z,0.09009,0.16129,0.25974,0.208333,0.041667,0.420168
2019-06-22,Ashley Yoder,Syuri Kondo,,kaggle_mdabbert_bestfightodds,,2024-12-14T00:00:00Z,0.058824,0.151745,0.434783,0.07722,0.043478,0.411523
2019-06-22,Matt Wiman,Luis Pena,,kaggle_mdabbert_bestfightodds,,2024-12-14T00:00:00Z,0.076453,0.077942,0.15625,0.240964,0.277778,0.361011
2019-06-22,Allen Crowder,Jairzinho Rozenstruik,,kaggle_mdabbert_bestfightodds,,2024-12-14T00:00:00Z,0.13459,0.111111,0.2,0.579832,0.042553,0.125313
2019-06-22,Ariane Lipski,Molly McCann,,kaggle_mdabbert_bestfightodds,,2024-12-14T00:00:00Z,0.173913,0.189036,0.47619,0.065574,0.055402,0.239808
2019-06-22,Deron Winn,Eric Spicely,,kaggle_mdabbert_bestfightodds,,2024-12-14T00:00:00Z,0.534884,0.063816,0.230415,0.0625,0.142653,0.17094
2019-06-29,Francis Ngannou,Junior Dos Santos,,kaggle_mdabbert_bestfightodds,,2024-12-14T00:00:00Z,0.642857,0.047619,0.1,0.25,0.066667,0.142857
2019-06-29,Jussier Formiga,Joseph Benavidez,,kaggle_mdabbert_bestfightodds,,2024-12-14T00:00:00Z,0.066667,0.117647,0.363636,0.222222,0.076923,0.4
2019-06-29,Demian Maia,Rocco Martin,,kaggle_mdabbert_bestfightodds,,2024-12-14T00:00:00Z,0.058824,0.444444,0.285714,0.090909,0.047619,0.307692
2019-06-29,Roosevelt Roberts,Vinc Pichel,,kaggle_mdabbert_bestfightodds,,2024-12-14T00:00:00Z,0.142857,0.285714,0.4,0.111111,0.066667,0.235294
2019-06-29,Drew Dober,Marco Polo Reyes,,kaggle_mdabbert_bestfightodds,,2024-12-14T00:00:00Z,0.4,0.181818,0.285714,0.125,0.058824,0.166667
2019-06-29,Maurice Greene,Junior Albini,,kaggle_mdabbert_bestfightodds,,2024-12-14T00:00:00Z,0.235294,0.166667,0.266667,0.294118,0.097561,0.190476
2019-06-29,Ricardo Ramos,Journey Newson,,kaggle_mdabbert_bestfightodds,,2024-12-14T00:00:00Z,0.194175,0.222222,0.465116,0.116279,0.060606,0.15625
2019-06-29,Eryk Anders,Vinicius Moreira,,kaggle_mdabbert_bestfightodds,,2024-12-14T00:00:00Z,0.545455,0.066667,0.266667,0.076046,0.166667,0.133333
2019-06-29,Jared Gordon,Dan Moret,,kaggle_mdabbert_bestfightodds,,2024-12-14T00:00:00Z,0.307692,0.186916,0.4,0.08,0.072993,0.181818
2019-06-29,Dalcha Lungiambula,Dequan Townsend,,kaggle_mdabbert_bestfightodds,,2024-12-14T00:00:00Z,0.52381,0.111111,0.238095,0.168067,0.079681,0.083333
2019-06-29,Emily Whitmire,Amanda Ribas,,kaggle_mdabbert_bestfightodds,,2024-12-14T00:00:00Z,0.074074,0.227273,0.392157,0.086957,0.153846,0.243902
2019-06-29,Alonzo Menifield,Paul Craig,,kaggle_mdabbert_bestfightodds,,2024-12-14T00:00:00Z,0.636364,0.076923,0.181818,0.111111,0.166667,0.1
2019-07-06,Jon Jones,Thiago Santos,,kaggle_mdabbert_bestfightodds,,2024-12-14T00:00:00Z,0.444444,0.333333,0.181818,0.166667,0.038462,0.038462
2019-07-06,Amanda Nunes,Holly Holm,,kaggle_mdabbert_bestfightodds,,2024-12-14T00:00:00Z,0.5,0.153846,0.266667,0.166667,0.038462,0.111111
2019-07-06,Jorge Masvidal,Ben Askren,,kaggle_mdabbert_bestfightodds,,2024-12-14T00:00:00Z,0.25,0.066667,0.181818,0.090909,0.153846,0.444444
2019-07-06,Jan Blachowicz,Luke Rockhold,,kaggle_mdabbert_bestfightodds,,2024-12-14T00:00:00Z,0.181818,0.090909,0.181818,0.297619,0.263158,0.222717
2019-07-06,Diego Sanchez,Michael Chiesa,,kaggle_mdabbert_bestfightodds,,2024-12-14T00:00:00Z,0.090909,0.066667,0.2,0.333333,0.266667,0.333333
2019-07-06,Alejandro Perez,Song Yadong,,kaggle_mdabbert_bestfightodds,,2024-12-14T00:00:00Z,0.114286,0.05698,0.298507,,,
2019-07-06,Marlon Vera,Nohelin Hernandez,,kaggle_mdabbert_bestfightodds,,2024-12-14T00:00:00Z,0.377358,0.327869,0.215054,0.086957,0.047619,0.166667
2019-07-06,Caludia Gadelha,Randa Markos,,kaggle_mdabbert_bestfightodds,,2024-12-14T00:00:00Z,0.09434,0.173913,0.565217,0.05,0.068966,0.298507
2019-07-06,Edmen Shahbazyan,Jack Marshman,,kaggle_mdabbert_bestfightodds,,2024-12-14T00:00:00Z,0.434783,0.215054,0.357143,0.133333,0.045455,0.105263
2019-07-06,Ismail Naurdiev,Chance Rencountre,,kaggle_mdabbert_bestfightodds,,2024-12-14T00:00:00Z,0.363636,0.121212,0.454545,0.056338,0.074074,0.135135
2019-07-06,Julia Avila,Pannie Kianzad,,kaggle_mdabbert_bestfightodds,,2024-12-14T00:00:00Z,0.285714,0.105263,0.377358,0.061538,0.066667,0.30303
2019-07-06,Gilbert Melendez,Arnold Allen,,kaggle_mdabbert_bestfightodds,,2024-12-14T00:00:00Z,0.070522,0.074074,0.208333,0.210526,0.105263,0.55157
2019-07-13,Germaine De Randamie,Aspen Ladd,,kaggle_mdabbert_bestfightodds,,2024-12-14T00:00:00Z,0.285714,0.058824,0.181818,0.4,0.181818,0.222222
2019-07-13,Urijah Faber,Ricky Simon,,kaggle_mdabbert_bestfightodds,,2024-12-14T00:00:00Z,0.076923,0.125,0.166667,0.222222,0.076923,0.6
2019-07-13,Josh Emmett,Mirsad Bektic,,kaggle_mdabbert_bestfightodds,,2024-12-14T00:00:00Z,0.25,0.076923,0.2,0.25,0.090909,0.363636
2019-07-13,Karl Roberson,Wellington Turman,,kaggle_mdabbert_bestfightodds,,2024-12-14T00:00:00Z,0.454545,0.1,0.25,0.125,0.2,0.125
2019-07-13,Marvin Vettori,Cezar Ferreira,,kaggle_mdabbert_bestfightodds,,2024-12-14T00:00:00Z,0.222222,0.117647,0.344828,0.111111,0.142857,0.285714
2019-07-13,Andre Fili,Sheymon Moraes,,kaggle_mdabbert_bestfightodds,,2024-12-14T00:00:00Z,0.133333,0.118203,0.390625,0.166667,0.083333,0.322581
2019-07-13,Julianna Pena,Nicco Montano,,kaggle_mdabbert_bestfightodds,,2024-12-14T00:00:00Z,0.130378,0.185185,0.465116,0.063613,0.097561,0.278552
2019-07-13,Darren Elkins,Ryan Hall,,kaggle_mdabbert_bestfightodds,,2024-12-14T00:00:00Z,0.185529,0.074074,0.358423,0.0625,0.384615,0.163934
2019-07-13,Liu Pingyuan,Jonathan Martinez,,kaggle_mdabbert_bestfightodds,,2024-12-14T00:00:00Z,0.15625,0.116279,0.425532,0.10582,0.092851,0.26738
2019-07-13,Livinha Souza,Brianna Van Buren,,kaggle_mdabbert_bestfightodds,,2024-12-14T00:00:00Z,0.1001,0.173913,0.334448,0.111111,0.094877,0.390625
2019-07-13,Benito Lopez,Vince Morales,,kaggle_mdabbert_bestfightodds,,2024-12-14T00:00:00Z,0.137931,0.104275,0.350877,0.2,0.098522,0.3125
2019-07-20,Aleksei Oleinik,Walt Harris,,kaggle_mdabbert_bestfightodds,,2024-12-14T00:00:00Z,0.070671,0.344828,0.105263,0.574468,0.047619,0.126582
2019-07-20,Greg Hardy,Juan Adams,,kaggle_mdabbert_bestfightodds,,2024-12-14T00:00:00Z,0.434783,0.04,0.133333,0.350877,0.066667,0.178571
2019-07-20,James Vick,Dan Hooker,,kaggle_mdabbert_bestfightodds,,2024-12-14T00:00:00Z,0.155039,0.117647,0.3125,0.327869,0.134228,0.2
2019-07-20,Alexander Hernandez,Francisco Trinaldo,,kaggle_mdabbert_bestfightodds,,2024-12-14T00:00:00Z,0.285714,0.125,0.363636,0.153846,0.06006,0.227273
2019-07-20,Andrei Arlovski,Ben Rothwell,,kaggle_mdabbert_bestfightodds,,2024-12-14T00:00:00Z,0.138889,0.064103,0.273973,0.363636,0.133333,0.298507
2019-07-20,Rafael Dos Anjos,Leon Edwards,,kaggle_mdabbert_bestfightodds,,2024-12-14T00:00:00Z,0.111111,0.116959,0.327869,0.217391,0.06993,0.350877
2019-07-20,Raquel Pennington,Irene Aldana,,kaggle_mdabbert_bestfightodds,,2024-12-14T00:00:00Z,0.066667,0.121212,0.344828,0.133333,0.116279,0.434783
2019-07-20,Sam Alvey,Klidson Abreu,,kaggle_mdabbert_bestfightodds,,2024-12-14T00:00:00Z,0.222222,0.071429,0.222222,0.192308,0.243902,0.285714
2019-07-20,Roxanne Modafferi,Jennifer Maia,,kaggle_mdabbert_bestfightodds,,2024-12-14T00:00:00Z,0.088889,0.105263,0.357143,0.131579,0.065574,0.454545
2019-07-20,Ray Borg,Gabriel Silva,,kaggle_mdabbert_bestfightodds,,2024-12-14T00:00:00Z,0.057637,0.210526,0.434783,0.125,0.136054,0.232558
2019-07-20,Mario Bautista,Jin Soo Son,,kaggle_mdabbert_bestfightodds,,2024-12-14T00:00:00Z,0.066007,0.089686,0.307692,0.25641,0.104712,0.350877
2019-07-20,Domingo Pilarte,Felipe Colares,,kaggle_mdabbert_bestfightodds,,2024-12-14T00:00:00Z,0.25,0.273973,0.363636,0.07874,0.079051,0.166667
2019-07-20,Alex Caceres,Steven Peterson,,kaggle_mdabbert_bestfightodds,,2024-12-14T00:00:00Z,0.134771,0.134228,0.358423,0.104932,0.163934,0.338983
2019-07-27,Max Holloway,Frankie Edgar,,kaggle_mdabbert_bestfightodds,,2024-12-14T00:00:00Z,0.416667,0.077519,0.344828,0.079365,0.05,0.18797
2019-07-27,Cris Cyborg,Felicia Spencer,,kaggle_mdabbert_bestfightodds,,2024-12-14T00:00:00Z,,,,0.073368,0.155763,0.071429
2019-07-27,Geoff Neal,Niko Price,,kaggle_mdabbert_bestfightodds,,2024-12-14T00:00:00Z,0.607843,0.074074,0.166667,0.188679,0.085106,0.076923
2019-07-27,Olivier Aubin-Mercier,Arman Tsarukyan,,kaggle_mdabbert_bestfightodds,,2024-12-14T00:00:00Z,0.069204,0.129032,0.294118,0.173913,0.105263,0.444444
2019-07-27,Marc-Andre Barriault,Krzystof Jotko,,kaggle_mdabbert_bestfightodds,,2024-12-14T00:00:00Z,0.166667,0.065703,0.232558,0.165289,0.133333,0.4
2019-07-27,Alexis Davis,Viviane Araujo,,kaggle_mdabbert_bestfightodds,,2024-12-14T00:00:00Z,0.067114,0.066667,0.31348,0.26455,0.117647,0.361011
2019-07-27,Hakeem Dawodu,Yoshinori Horie,,kaggle_mdabbert_bestfightodds,,2024-12-14T00:00:00Z,0.454545,0.052632,0.377358,0.152672,0.056338,0.102564
2019-07-27,Gavin Tucker,Seungwoo Choi,,kaggle_mdabbert_bestfightodds,,2024-12-14T00:00:00Z,0.126263,0.075472,0.350877,0.233645,0.072727,0.294118
2019-07-27,Alexandre Pantoja,Deiveson Figueiredo,,kaggle_mdabbert_bestfightodds,,2024-12-14T00:00:00Z,0.113636,0.124224,0.404858,0.206186,0.057971,0.27933
2019-07-27,Gillian Robertson,Sarah Frota,,kaggle_mdabbert_bestfightodds,,2024-12-14T00:00:00Z,0.066007,0.30303,0.28169,0.196078,0.177305,0.165017
2019-07-27,Erik Koch,Kyle Stewart,,kaggle_mdabbert_bestfightodds,,2024-12-14T00:00:00Z,0.157729,0.207469,0.277778,0.19802,0.105263,0.240385
2019-08-03,Colby Covington,Robbie Lawler,,kaggle_mdabbert_bestfightodds,,2024-12-14T00:00:00Z,0.173913,0.187266,0.465116,0.253165,0.044444,0.125
2019-08-03,Jim Miller,Clay Guida,,kaggle_mdabbert_bestfightodds,,2024-12-14T00:00:00Z,0.117647,0.327869,0.294118,0.059172,0.055556,0.377358
2019-08-03,Joaquim Silva,Nasrat Haqparast,,kaggle_mdabbert_bestfightodds,,2024-12-14T00:00:00Z,0.086957,0.064725,0.196078,0.3125,0.08,0.444444
2019-08-03,Trevin Giles,Gerald Meerschaert,,kaggle_mdabbert_bestfightodds,,2024-12-14T00:00:00Z,0.31746,0.102564,0.285714,0.092166,0.240964,0.16
2019-08-03,Scott Holtzman,Dong Hyun Ma,,kaggle_mdabbert_bestfightodds,,2024-12-14T00:00:00Z,0.357143,0.121212,0.413223,0.078125,0.064516,0.145349
2019-08-03,Miranda Granger,Hannah Goldy,,kaggle_mdabbert_bestfightodds,,2024-12-14T00:00:00Z,0.106952,0.222222,0.25,0.095694,0.072569,0.440529
2019-08-03,Mickey Gall,Salim Touahri,,kaggle_mdabbert_bestfightodds,,2024-12-14T00:00:00Z,0.093023,0.358423,0.131579,0.240385,0.054054,0.309598
2019-08-03,Antonina Shevchenko,Lucie Pudilova,,kaggle_mdabbert_bestfightodds,,2024-12-14T00:00:00Z,0.140449,0.076923,0.465116,0.064516,0.05618,0.380228
2019-08-03,Jordan Espinosa,Matt Schnell,,kaggle_mdabbert_bestfightodds,,2024-12-14T00:00:00Z,0.166667,0.1287,0.381679,0.131062,0.173913,0.234742
2019-08-03,Lauren Murphy,Mara Romero Borella,,kaggle_mdabbert_bestfightodds,,2024-12-14T00:00:00Z,0.08,0.054945,0.30303,0.113766,0.10929,0.561404
2019-08-03,Claudio Silva,Cole Williams,,kaggle_mdabbert_bestfightodds,,2024-12-14T00:00:00Z,0.086957,0.064725,0.196078,0.066667,0.047619,0.145985
2019-08-03,Darko Stosic,Kennedy Nzechukwu,,kaggle_mdabbert_bestfightodds,,2024-12-14T00:00:00Z,0.319489,0.083333,0.194175,0.28169,0.0625,0.235294
2019-08-10,Valentina Shevchenko,Liz Carmouche,,kaggle_mdabbert_bestfightodds,,2024-12-14T00:00:00Z,0.265252,0.25,0.471698,0.05,0.054201,0.07593
2019-08-10,Rodolfo Vieira,Oskar Piechota,,kaggle_mdabbert_bestfightodds,,2024-12-14T00:00:00Z,0.117647,0.555556,0.083333,0.21978,0.038835,0.176991
2019-08-10,Luiz Garagorri,Humberto Bandenay,,kaggle_mdabbert_bestfightodds,,2024-12-14T00:00:00Z,0.173913,0.3125,0.15625,0.206186,0.13986,0.222222
2019-08-10,Volkan Oezdemir,Ilir Latifi,,kaggle_mdabbert_bestfightodds,,2024-12-14T00:00:00Z,0.408163,0.047619,0.238095,0.151515,0.155039,0.206186
2019-08-10,Enrique Barzola,Bobby Moffett,,kaggle_mdabbert_bestfightodds,,2024-12-14T00:00:00Z,0.111111,0.058824,0.5,0.088496,0.178571,0.273973
2019-08-10,Vincente Luque,Mike Perry,,kaggle_mdabbert_bestfightodds,,2024-12-14T00:00:00Z,0.248756,0.25,0.285714,0.240964,0.04,0.125
2019-08-10,Ciryl Gane,Raphael Pessoa Nunes,,kaggle_mdabbert_bestfightodds,,2024-12-14T00:00:00Z,0.722222,0.043478,0.12987,,,
2019-08-10,Veronica Macedo,Polyana Viana,,kaggle_mdabbert_bestfightodds,,2024-12-14T00:00:00Z,0.137741,0.122699,0.416667,0.08658,0.186916,0.239808
2019-08-10,Kazula Vargas,Alex Da Silva,,kaggle_mdabbert_bestfightodds,,2024-12-14T00:00:00Z,0.128041,0.081633,0.142857,0.27027,0.229885,0.344828
2019-08-10,Gilbert Burns,Aleksei Kunchenko,,kaggle_mdabbert_bestfightodds,,2024-12-14T00:00:00Z,0.121212,0.224719,0.222222,0.266667,0.047619,0.338983
2019-08-10,Rogerio Bontorin,Raulian Paiva,,kaggle_mdabbert_bestfightodds,,2024-12-14T00:00:00Z,0.123457,0.16,0.344828,0.117647,0.129032,0.384615
2019-08-10,Tecia Torres,Marina Rodriguez,,kaggle_mdabbert_bestfightodds,,2024-12-14T00:00:00Z,0.068966,0.126582,0.52381,0.104167,0.076923,0.298507
2019-08-10,Geraldo de Freitas,Chris Gutierrez,,kaggle_mdabbert_bestfightodds,,2024-12-14T00:00:00Z,0.1,0.235294,0.322581,0.133333,0.078431,0.31746
2019-08-17,Anthony Pettis,Nate Diaz,,kaggle_mdabbert_bestfightodds,,2024-12-14T00:00:00Z,0.151515,0.093458,0.384615,0.150376,0.117647,0.285714
2019-08-17,Yoel Romero,Paulo Costa,,kaggle_mdabbert_bestfightodds,,2024-12-14T00:00:00Z,0.4,0.064516,0.210526,0.307692,0.037037,0.196078
2019-08-17,Gabriel Benitez,Sodiq Yusuff,,kaggle_mdabbert_bestfightodds,,2024-12-14T00:00:00Z,0.117647,0.13089,0.15625,0.420168,0.037736,0.321543
2019-08-17,Derek Brunson,Ian Heinisch,,kaggle_mdabbert_bestfightodds,,2024-12-14T00:00:00Z,0.222222,0.058824,0.25641,0.359712,0.078431,0.238095
2019-08-17,Devonte Smith,Khama Worthy,,kaggle_mdabbert_bestfightodds,,2024-12-14T00:00:00Z,0.784946,0.065574,0.145985,0.083333,0.052632,0.08
2019-08-17,Daniel Cormier,Stipe Miocic,,kaggle_mdabbert_bestfightodds,,2024-12-14T00:00:00Z,0.363636,0.142857,0.188679,0.344828,0.032258,0.17094
2019-08-17,Christos Giagos,Drakkar Klose,,kaggle_mdabbert_bestfightodds,,2024-12-14T00:00:00Z,0.114286,0.089686,0.280112,0.144092,0.086957,0.5
2019-08-17,Manny Bermudez,Casey Kenney,,kaggle_mdabbert_bestfightodds,,2024-12-14T00:00:00Z,0.072727,0.465116,0.147275,0.137931,0.074627,0.298507
2019-08-17,Hannah Cifers,Jodie Esquibel,,kaggle_mdabbert_bestfightodds,,2024-12-14T00:00:00Z,0.158983,0.071429,0.615385,0.038462,0.045662,0.263158
2019-08-17,Kyung Ho Kang,Brandon Davis,,kaggle_mdabbert_bestfightodds,,2024-12-14T00:00:00Z,0.095969,0.294118,0.377358,0.1,0.086957,0.263852
2019-08-17,Sabina Mazo,Shana Dobson,,kaggle_mdabbert_bestfightodds,,2024-12-14T00:00:00Z,0.125,0.076923,0.444444,0.121212,0.0625,0.377358
2019-08-17,Raphael Assuncao,Cory Sandhagen,,kaggle_mdabbert_bestfightodds,,2024-12-14T00:00:00Z,0.066667,0.093023,0.238095,0.164474,0.1,0.574468
2019-08-31,Jessica Andrade,Zhang Weili,,kaggle_mdabbert_bestfightodds,,2024-12-14T00:00:00Z,0.265957,0.190476,0.280899,,,
2019-08-31,Li Jingliang,Elizeu Dos Santos,,kaggle_mdabbert_bestfightodds,,2024-12-14T00:00:00Z,0.166667,0.065445,0.190476,0.361011,0.2,0.273973
2019-08-31,Kai Kara-France,Mark De La Rosa,,kaggle_mdabbert_bestfightodds,,2024-12-14T00:00:00Z,0.16129,0.1,0.5,0.071429,0.127389,0.235294
2019-08-31,Song Kenan,Derrick,,kaggle_mdabbert_bestfightodds,,2024-12-14T00:00:00Z,0.263158,0.086957,0.242131,,,
2019-08-31,Wu Yanan,Mizuki Inoue,,kaggle_mdabbert_bestfightodds,,2024-12-14T00:00:00Z,0.08,0.066534,0.361011,0.06192,0.175439,0.47619
2019-08-31,Junyong Park,Anthony Hernandez,,kaggle_mdabbert_bestfightodds,,2024-12-14T00:00:00Z,0.235294,0.093023,0.222222,0.163934,0.285714,0.235294
2019-08-31,Da Un Jung,Khadis Ibragimov,,kaggle_mdabbert_bestfightodds,,2024-12-14T00:00:00Z,0.208333,0.056338,0.16129,0.266667,0.238095,0.285714
2019-08-31,Damir Ismagulov,Thiago Moises,,kaggle_mdabbert_bestfightodds,,2024-12-14T00:00:00Z,0.142857,0.090253,0.487805,0.079365,0.1,0.243902
2019-08-31,Karol Rosa,Lara Procopio,,kaggle_mdabbert_bestfightodds,,2024-12-14T00:00:00Z,0.071429,0.127389,0.235294,0.067249,0.166667,0.357143
2019-08-31,Su Mudaerji,Andre Soukhamthath,,kaggle_mdabbert_bestfightodds,,2024-12-14T00:00:00Z,0.142857,0.068966,0.31746,0.235294,0.173913,0.289855
2019-08-31,Heili Alateng,Danaa Batgerel,,kaggle_mdabbert_bestfightodds,,2024-12-14T00:00:00Z,0.27027,0.090909,0.217391,0.238095,0.097561,0.277778
2019-09-07,Mairbek Taisumov,Diego Ferreira,,kaggle_mdabbert_bestfightodds,,2024-12-14T00:00:00Z,0.454545,0.090909,0.333333,0.133333,0.117647,0.142857
2019-09-07,Khabib Nurmagomedov,Dustin Poirier,,kaggle_mdabbert_bestfightodds,,2024-12-14T00:00:00Z,0.222222,0.322581,0.377358,0.166667,0.058824,0.090909
2019-09-07,Edson Barboza,Paul Felder,,kaggle_mdabbert_bestfightodds,,2024-12-14T00:00:00Z,0.25,0.058824,0.357143,0.232558,0.066667,0.25
2019-09-07,Islam Makhachev,Davi Ramos,,kaggle_mdabbert_bestfightodds,,2024-12-14T00:00:00Z,0.111111,0.1,0.622642,0.076923,0.142857,0.111111
2019-09-07,Curtis Blaydes,Shamil Abdurakhimov,,kaggle_mdabbert_bestfightodds,,2024-12-14T00:00:00Z,0.5,0.076923,0.357143,0.125,0.066667,0.090909
2019-09-07,Liana Jojua,Sarah Moras,,kaggle_mdabbert_bestfightodds,,2024-12-14T00:00:00Z,0.126582,0.15625,0.444444,0.095238,0.153846,0.25
2019-09-07,Ottman Azaitar,Teemu Packalen,,kaggle_mdabbert_bestfightodds,,2024-12-14T00:00:00Z,0.5,0.074074,0.224719,0.111111,0.173913,0.166667
2019-09-07,Belal Muhammad,Takashi Sato,,kaggle_mdabbert_bestfightodds,,2024-12-14T00:00:00Z,0.142857,0.115607,0.636364,0.142857,0.072727,0.111111
2019-09-07,Nordine Taleb,Muslim Salikhov,,kaggle_mdabbert_bestfightodds,,2024-12-14T00:00:00Z,0.166667,0.097561,0.37037,0.243902,0.068027,0.235294
2019-09-07,Omari Akhmedov,Zak Cummings,,kaggle_mdabbert_bestfightodds,,2024-12-14T00:00:00Z,0.133333,0.122699,0.338983,0.153846,0.162602,0.285714
2019-09-07,Don Madge,Fares Ziam,,kaggle_mdabbert_bestfightodds,,2024-12-14T00:00:00Z,0.285714,0.235294,0.229885,0.142857,0.122699,0.222222
2019-09-07,Joanne Calderwood,Andrea Lee,,kaggle_mdabbert_bestfightodds,,2024-12-14T00:00:00Z,0.076046,0.095238,0.3125,0.111111,0.105263,0.565217
2019-09-14,Donald Cerrone,Justin Gaethje,,kaggle_mdabbert_bestfightodds,,2024-12-14T00:00:00Z,0.217391,0.125,0.125,0.574468,0.058824,0.090909
2019-09-14,Glover Teixeira,Nikita Krylov,,kaggle_mdabbert_bestfightodds,,2024-12-14T00:00:00Z,0.142857,0.357143,0.090909,0.333333,0.153846,0.153846
2019-09-14,Michel Pereira,Tristan Connelly,,kaggle_mdabbert_bestfightodds,,2024-12-14T00:00:00Z,0.677419,0.090909,0.166667,0.066667,0.076923,0.125
2019-09-14,Uriah Hall,Antonio Carlos Junior,,kaggle_mdabbert_bestfightodds,,2024-12-14T00:00:00Z,0.208333,0.047619,0.125,0.111111,0.384615,0.238095
2019-09-14,Misha Cirkunov,Jimmy Crute,,kaggle_mdabbert_bestfightodds,,2024-12-14T00:00:00Z,0.125,0.294118,0.166667,0.363636,0.111111,0.142857
2019-09-14,Marcin Tybura,Augusto Sakai,,kaggle_mdabbert_bestfightodds,,2024-12-14T00:00:00Z,0.134771,0.111111,0.333333,0.307692,0.0625,0.289855
2019-09-14,Cole Smith,Miles Johns,,kaggle_mdabbert_bestfightodds,,2024-12-14T00:00:00Z,0.133333,0.124224,0.294118,0.171233,0.120482,0.37037
2019-09-14,Brad Katona,Hunter Azure,,kaggle_mdabbert_bestfightodds,,2024-12-14T00:00:00Z,0.085106,0.173913,0.392157,0.121212,0.05277,0.357143
2019-09-14,Chas Skelly,Jordan Griffin,,kaggle_mdabbert_bestfightodds,,2024-12-14T00:00:00Z,0.064516,0.235294,0.196078,0.204082,0.243902,0.25
2019-09-14,Louis Smolka,Ryan MacDonald,,kaggle_mdabbert_bestfightodds,,2024-12-14T00:00:00Z,0.129032,0.377358,0.31746,,,
2019-09-14,Kyle Prepolec,Austin Hubbard,,kaggle_mdabbert_bestfightodds,,2024-12-14T00:00:00Z,0.129032,0.08,0.344828,0.138889,0.124224,0.408163
2019-09-21,Carla Esparza,Alexa Grasso,,kaggle_mdabbert_bestfightodds,,2024-12-14T00:00:00Z,0.076923,0.076923,0.37037,0.125,0.076923,0.454545
2019-09-21,Irene Aldana,Vanessa Melo,,kaggle_mdabbert_bestfightodds,,2024-12-14T00:00:00Z,0.238095,0.166667,0.52381,0.066667,0.058824,0.111111
2019-09-21,Martin Bravo,Steven Peterson,,kaggle_mdabbert_bestfightodds,,2024-12-14T00:00:00Z,0.142857,0.125,0.384615,0.133333,0.117647,0.322581
2019-09-21,Jose Quinonez,Carlos Huachin,,kaggle_mdabbert_bestfightodds,,2024-12-14T00:00:00Z,0.142857,0.148148,0.408163,0.206186,0.105263,0.25
2019-09-21,Caludio Puelles,Marcos Mariano,,kaggle_mdabbert_bestfightodds,,2024-12-14T00:00:00Z,0.192308,0.565217,0.189036,0.153846,0.063291,0.150376
2019-09-21,Ariane Carnelossi,Angela Hill,,kaggle_mdabbert_bestfightodds,,2024-12-14T00:00:00Z,0.1,0.054945,0.37037,0.125,0.076923,0.465116
2019-09-21,Sergio Pettis,Tyson Nam,,kaggle_mdabbert_bestfightodds,,2024-12-14T00:00:00Z,0.08,0.060606,0.692308,0.17094,0.071429,0.11325
2019-09-21,Vinicius Moreira,Paul Craig,,kaggle_mdabbert_bestfightodds,,2024-12-14T00:00:00Z,0.148148,0.277778,0.192308,0.15625,0.25974,0.215054
2019-09-21,Sijara Eubanks,Bethe Correia,,kaggle_mdabbert_bestfightodds,,2024-12-14T00:00:00Z,0.2,0.175439,0.444444,0.063091,0.047619,0.240964
2019-09-21,Marco Polo Reyes,Kyle Nelson,,kaggle_mdabbert_bestfightodds,,2024-12-14T00:00:00Z,0.289855,0.085106,0.194175,0.285714,0.181818,0.16129
2019-09-28,Jack Hermansson,Jared Cannonier,,kaggle_mdabbert_bestfightodds,,2024-12-14T00:00:00Z,0.263158,0.344828,0.190476,0.227273,0.047619,0.090909
2019-09-28,Mark Madsen,Danilo Belluardo,,kaggle_mdabbert_bestfightodds,,2024-12-14T00:00:00Z,0.285714,0.277778,0.384615,0.058824,0.043478,0.1
2019-09-28,Gunnar Nelson,Gilbert Burns,,kaggle_mdabbert_bestfightodds,,2024-12-14T00:00:00Z,0.111111,0.125,0.333333,0.153846,0.111111,0.37037
2019-09-28,Ion Cutelaba,Khalil Rountree Jr.,,kaggle_mdabbert_bestfightodds,,2024-12-14T00:00:00Z,0.357143,0.076923,0.142857,,,
2019-09-28,Michal Oleksiejczuk,Ovince Saint Preux,,kaggle_mdabbert_bestfightodds,,2024-12-14T00:00:00Z,0.5,0.076923,0.227273,0.133333,0.166667,0.090909
2019-09-28,Nicolas Dalby,Alex Oliveira,,kaggle_mdabbert_bestfightodds,,2024-12-14T00:00:00Z,0.166667,0.090909,0.277778,0.190476,0.208333,0.277778
2019-09-28,Siyar Bahadurzada,Ismail Naurdiev,,kaggle_mdabbert_bestfightodds,,2024-12-14T00:00:00Z,0.163934,0.068729,0.194175,0.21978,0.090498,0.444444
2019-09-28,Alessio Di Chirico,Makhmud Muradov,,kaggle_mdabbert_bestfightodds,,2024-12-14T00:00:00Z,0.151515,0.089686,0.263158,0.263158,0.063492,0.377358
2019-09-28,Brandon Davis,Giga Chikadze,,kaggle_mdabbert_bestfightodds,,2024-12-14T00:00:00Z,0.143062,0.19802,0.37037,0.210526,0.085837,0.232558
2019-09-28,Macy Chiasson,Lina Lansberg,,kaggle_mdabbert_bestfightodds,,2024-12-14T00:00:00Z,0.384615,0.229885,0.322581,0.070671,0.063898,0.16
2019-09-28,Marc Diakiese,Lando Vannata,,kaggle_mdabbert_bestfightodds,,2024-12-14T00:00:00Z,0.210526,0.051948,0.465116,0.178571,0.128205,0.204082
2019-09-28,Jack Shore,Nohelin Hernandez,,kaggle_mdabbert_bestfightodds,,2024-12-14T00:00:00Z,0.181818,0.289855,0.322581,0.175439,0.058309,0.186916
2019-09-28,Alen Amedovski,John Phillips,,kaggle_mdabbert_bestfightodds,,2024-12-14T00:00:00Z,0.235294,0.150376,0.289017,0.37037,0.065574,0.111111
2019-10-05,Robert Whittaker,Israel Adesanya,,kaggle_mdabbert_bestfightodds,,2024-12-14T00:00:00Z,0.30303,0.066667,0.240964,0.294118,0.0625,0.25
2019-10-05,Al Iaquinta,Dan Hooker,,kaggle_mdabbert_bestfightodds,,2024-12-14T00:00:00Z,0.105263,0.076923,0.289855,0.190476,0.1,0.37037
2019-10-05,Tai Tuivasa,Serghei Spivac,,kaggle_mdabbert_bestfightodds,,2024-12-14T00:00:00Z,0.636364,0.066667,0.136054,,,
2019-10-05,Luke Jumeau,Dhiego Lima,,kaggle_mdabbert_bestfightodds,,2024-12-14T00:00:00Z,0.166667,0.076923,0.263158,0.133333,0.142857,0.408163
2019-10-05,Justin Tafa,Yorgan De Castro,,kaggle_mdabbert_bestfightodds,,2024-12-14T00:00:00Z,0.434783,0.052632,0.127389,0.37037,0.055556,0.151515
2019-10-05,Callan Potter,Maki Pitolo,,kaggle_mdabbert_bestfightodds,,2024-12-14T00:00:00Z,0.067797,0.143885,0.123457,0.622642,0.133333,0.149254
2019-10-05,Brad Riddell,Jamie Mullarkey,,kaggle_mdabbert_bestfightodds,,2024-12-14T00:00:00Z,0.350877,0.085837,0.25641,0.147929,0.165289,0.183486
2019-10-05,Megan Anderson,Zarah Fairn,,kaggle_mdabbert_bestfightodds,,2024-12-14T00:00:00Z,0.512195,0.153846,0.30303,,,
2019-10-05,Nadia Kassem,Ji Yeon Kim,,kaggle_mdabbert_bestfightodds,,2024-12-14T00:00:00Z,0.098522,0.07326,0.31746,0.09434,0.117647,0.52381
2019-10-05,Khalid Taha,Bruno Silva,,kaggle_mdabbert_bestfightodds,,2024-12-14T00:00:00Z,0.384615,0.085106,0.322581,0.1,0.096712,0.222222
2019-10-05,Jake Matthews,Rostem Akman,,kaggle_mdabbert_bestfightodds,,2024-12-14T00:00:00Z,0.2,0.263158,0.37037,0.105263,0.052632,0.16
2019-10-12,Eryk Anders,Gerald Meerschaert,,kaggle_mdabbert_bestfightodds,,2024-12-14T00:00:00Z,0.3125,0.045455,0.263158,0.090909,0.327869,0.153846
2019-10-12,Cub Swanson,Kron Gracie,,kaggle_mdabbert_bestfightodds,,2024-12-14T00:00:00Z,0.153846,0.0625,0.25,0.076923,0.534884,0.153846
2019-10-12,Niko Price,James Vick,,kaggle_mdabbert_bestfightodds,,2024-12-14T00:00:00Z,0.5,0.076923,0.090909,0.2,0.142857,0.181818
2019-10-12,Mackenzie Dern,Amanda Ribas,,kaggle_mdabbert_bestfightodds,,2024-12-14T00:00:00Z,0.083333,0.357143,0.217391,0.153846,0.1,0.238095
2019-10-12,Matt Frevola,Luis Pena,,kaggle_mdabbert_bestfightodds,,2024-12-14T00:00:00Z,0.111111,0.076923,0.294118,0.148148,0.2,0.384615
2019-10-12,Ryan Spann,Devin Clark,,kaggle_mdabbert_bestfightodds,,2024-12-14T00:00:00Z,0.408163,0.166667,0.126582,0.175439,0.066667,0.25
2019-10-12,Joanna Jedrzejczyk,Michelle Waterson,,kaggle_mdabbert_bestfightodds,,2024-12-14T00:00:00Z,0.227273,0.038462,0.574468,0.066667,0.076923,0.2
2019-10-12,Max Griffin,Alex Morono,,kaggle_mdabbert_bestfightodds,,2024-12-14T00:00:00Z,0.17094,0.037037,0.425532,0.142857,0.153846,0.277778
2019-10-12,Deiveson Figueiredo,Tim Elliott,,kaggle_mdabbert_bestfightodds,,2024-12-14T00:00:00Z,0.289855,0.125,0.294118,0.06006,0.086957,0.327869
2019-10-12,Marlon Vera,Andre Ewell,,kaggle_mdabbert_bestfightodds,,2024-12-14T00:00:00Z,0.142857,0.392157,0.16,0.10101,0.043478,0.377358
2019-10-12,Miguel Baeza,Hector Aldana,,kaggle_mdabbert_bestfightodds,,2024-12-14T00:00:00Z,0.357143,0.117647,0.30303,0.163934,0.08,0.192308
2019-10-12,Marvin Vettori,Andrew Sanchez,,kaggle_mdabbert_bestfightodds,,2024-12-14T00:00:00Z,0.246914,0.093023,0.574468,0.055096,0.0625,0.178571
2019-10-12,JJ Aldrich,Lauren Mueller,,kaggle_mdabbert_bestfightodds,,2024-12-14T00:00:00Z,0.097561,0.08,0.545455,0.09009,0.068966,0.322581
2019-10-12,Mike Davis,Thomas Gifford,,kaggle_mdabbert_bestfightodds,,2024-12-14T00:00:00Z,0.454545,0.105263,0.289855,0.08,0.111111,0.16129
2019-10-18,Dominick Reyes,Chris Weidman,,kaggle_mdabbert_bestfightodds,,2024-12-14T00:00:00Z,0.591837,0.057143,0.133333,0.142857,0.192308,0.173913
2019-10-18,Joe Lauzon,Jonathan Pearce,,kaggle_mdabbert_bestfightodds,,2024-12-14T00:00:00Z,0.133333,0.227273,0.137931,0.545455,0.041322,0.207469
2019-10-18,Maycee Barber,Gillian Robertson,,kaggle_mdabbert_bestfightodds,,2024-12-14T00:00:00Z,0.363636,0.137931,0.196078,0.0625,0.285714,0.185185
2019-10-18,Deron Winn,Darren Stewart,,kaggle_mdabbert_bestfightodds,,2024-12-14T00:00:00Z,0.133333,0.101523,0.395257,0.224719,0.08658,0.266667
2019-10-18,Charles Rosa,Manny Bermudez,,kaggle_mdabbert_bestfightodds,,2024-12-14T00:00:00Z,0.119474,0.111111,0.30303,0.083333,0.4,0.212766
2019-10-18,Yair Rodriguez,Jeremy Stephens,,kaggle_mdabbert_bestfightodds,,2024-12-14T00:00:00Z,0.151515,0.081633,0.408163,0.307692,0.035088,0.263158
2019-10-18,Kyle Bochniak,Sean Woodson,,kaggle_mdabbert_bestfightodds,,2024-12-14T00:00:00Z,0.117647,0.095238,0.377358,0.17094,0.071174,0.363636
2019-10-18,Randy Costa,Boston Salmon,,kaggle_mdabbert_bestfightodds,,2024-12-14T00:00:00Z,0.229885,0.086957,0.20202,0.307692,0.117647,0.243902
2019-10-18,Court McGee,Sean Brady,,kaggle_mdabbert_bestfightodds,,2024-12-14T00:00:00Z,0.089286,0.08,0.30303,0.2,0.105263,0.5
2019-10-18,Brendan Allen,Kevin Holland,,kaggle_mdabbert_bestfightodds,,2024-12-14T00:00:00Z,0.08,0.095238,0.31746,0.166667,0.152672,0.377358
2019-10-18,Daniel Spitz,Tanner Boser,,kaggle_mdabbert_bestfightodds,,2024-12-14T00:00:00Z,0.188679,0.108108,0.224719,0.2,0.038462,0.408163
2019-10-18,Molly McCann,Diana Belbita,,kaggle_mdabbert_bestfightodds,,2024-12-14T00:00:00Z,0.266667,0.210526,0.565217,0.060606,0.074074,0.129199
2019-10-26,Demian Maia,Ben Askren,,kaggle_mdabbert_bestfightodds,,2024-12-14T00:00:00Z,0.111111,0.227273,0.133333,0.166667,0.125,0.434783
2019-10-26,Michael Johnson,Stevie Ray,,kaggle_mdabbert_bestfightodds,,2024-12-14T00:00:00Z,0.333333,0.052632,0.416667,0.076923,0.058824,0.227273
2019-10-26,Frank Camacho,Beneil Dariush,,kaggle_mdabbert_bestfightodds,,2024-12-14T00:00:00Z,0.25641,0.058824,0.153846,0.142857,0.277778,0.30303
2019-10-26,Ciryl Gane,Don'tale Mayes,,kaggle_mdabbert_bestfightodds,,2024-12-14T00:00:00Z,0.545455,0.153846,0.166667,0.181818,0.047619,0.111111
2019-10-26,Muslim Salikhov,Laureano Staropoli,,kaggle_mdabbert_bestfightodds,,2024-12-14T00:00:00Z,0.416667,0.076923,0.19802,0.111111,0.090909,0.294118
2019-10-26,Randa Markos,Ashley Yoder,,kaggle_mdabbert_bestfightodds,,2024-12-14T00:00:00Z,0.052632,0.108108,0.444444,0.066667,0.14245,0.363636
2019-10-26,Enrique Barzola,Movsar Evloev,,kaggle_mdabbert_bestfightodds,,2024-12-14T00:00:00Z,0.074074,0.061237,0.30303,0.086957,0.121951,0.534884
2019-10-26,Maurice Greene,Sergei Pavlovich,,kaggle_mdabbert_bestfightodds,,2024-12-14T00:00:00Z,0.169492,0.101523,0.166667,0.52381,0.055556,0.2
2019-10-26,Loma Lookboonmee,Alexandra Albu,,kaggle_mdabbert_bestfightodds,,2024-12-14T00:00:00Z,0.114286,0.111111,0.434783,0.086957,0.145985,0.30303
2019-10-26,Raphael Pessoa Nunes,Jeff Hughes,,kaggle_mdabbert_bestfightodds,,2024-12-14T00:00:00Z,,,,0.363636,0.111111,0.31746
2019-10-26,Alex White,Rafael Fiziev,,kaggle_mdabbert_bestfightodds,,2024-12-14T00:00:00Z,0.141844,0.068259,0.25,0.444444,0.052632,0.222222
2019-11-02,Kevin Lee,Gregor Gillespie,,kaggle_mdabbert_bestfightodds,,2024-12-14T00:00:00Z,0.111111,0.148148,0.188679,0.153846,0.148148,0.4
2019-11-02,Kelvin Gastelum,Darren Till,,kaggle_mdabbert_bestfightodds,,2024-12-14T00:00:00Z,0.344828,0.153846,0.285714,0.181818,0.029412,0.181818
2019-11-02,Stephen Thompson,Vicente Luque,,kaggle_mdabbert_bestfightodds,,2024-12-14T00:00:00Z,0.142857,0.038462,0.425532,0.227273,0.142857,0.227273
2019-11-02,Derrick Lewis,Blagoy Ivanov,,kaggle_mdabbert_bestfightodds,,2024-12-14T00:00:00Z,0.408163,0.038462,0.181818,0.153846,0.1,0.344828
2019-11-02,Corey Anderson,Johnny Walker,,kaggle_mdabbert_bestfightodds,,2024-12-14T00:00:00Z,0.125,0.076923,0.307692,0.52381,0.047619,0.111111
2019-11-02,Jorge Masvidal,Nate Diaz,,kaggle_mdabbert_bestfightodds,,2024-12-14T00:00:00Z,0.294118,0.076923,0.31746,0.105263,0.166667,0.277778
2019-11-02,Brad Tavares,Edmen Shahbazyan,,kaggle_mdabbert_bestfightodds,,2024-12-14T00:00:00Z,0.117647,0.063492,0.338983,0.263158,0.090909,0.30303
2019-11-02,Julio Arce,Hakeem Dawodu,,kaggle_mdabbert_bestfightodds,,2024-12-14T00:00:00Z,0.107527,0.181818,0.30303,0.17094,0.038835,0.416667
2019-11-02,Lyman Good,Chance Rencountre,,kaggle_mdabbert_bestfightodds,,2024-12-14T00:00:00Z,0.178571,0.055556,0.384615,0.085106,0.175439,0.322581
2019-11-02,Shane Burgos,Makwan Amirkhani,,kaggle_mdabbert_bestfightodds,,2024-12-14T00:00:00Z,0.25,0.145985,0.384615,0.071429,0.085106,0.263158
2019-11-02,Andrei Arlovski,Jairzinho Rozenstruik,,kaggle_mdabbert_bestfightodds,,2024-12-14T00:00:00Z,0.127389,0.096154,0.289855,0.487805,0.032258,0.15748
2019-11-02,Katlyn Chookagian,Jennifer Maia,,kaggle_mdabbert_bestfightodds,,2024-12-14T00:00:00Z,0.060606,0.074627,0.545455,0.076923,0.08,0.377358
2019-11-09,Zabit Magomedsharipov,Calvin Kattar,,kaggle_mdabbert_bestfightodds,,2024-12-14T00:00:00Z,0.111111,0.2,0.545455,0.190476,0.058824,0.148148
2019-11-09,Zelim Imadaev,Danny Roberts,,kaggle_mdabbert_bestfightodds,,2024-12-14T00:00:00Z,0.512195,0.090909,0.181818,0.142857,0.066667,0.217391
2019-11-09,Khadis Ibragimov,Ed Herman,,kaggle_mdabbert_bestfightodds,,2024-12-14T00:00:00Z,0.298507,0.285714,0.173913,0.2,0.190476,0.142857
2019-11-09,Ramazan Emeev,Rocco Martin,,kaggle_mdabbert_bestfightodds,,2024-12-14T00:00:00Z,0.125,0.1,0.4,0.111111,0.153846,0.30303
2019-11-09,Shamil Gamzatov,Klidson Abreu,,kaggle_mdabbert_bestfightodds,,2024-12-14T00:00:00Z,0.166667,0.117647,0.434783,0.086957,0.2,0.224719
2019-11-09,Alekander Volkov,Greg Hardy,,kaggle_mdabbert_bestfightodds,,2024-12-14T00:00:00Z,0.416667,0.181818,0.25641,0.208333,0.027778,0.105263
2019-11-09,Rustam Khabilov,Sergey Khandozhko,,kaggle_mdabbert_bestfightodds,,2024-12-14T00:00:00Z,0.166667,0.133333,0.52381,0.108696,0.064516,0.229885
2019-11-09,Roman Kopylov,Karl Roberson,,kaggle_mdabbert_bestfightodds,,2024-12-14T00:00:00Z,0.25,0.166667,0.243902,0.198413,0.102564,0.253165
2019-11-09,Abubakar Nurmagomedov,David Zawada,,kaggle_mdabbert_bestfightodds,,2024-12-14T00:00:00Z,0.113636,0.137931,0.574468,0.090909,0.130719,0.162602
2019-11-09,Alexander Yakovlev,Roosevelt Roberts,,kaggle_mdabbert_bestfightodds,,2024-12-14T00:00:00Z,0.06006,0.1,0.37037,0.142857,0.066667,0.217391
2019-11-09,Jessica-Rose Clark,Pannie Kianzad,,kaggle_mdabbert_bestfightodds,,2024-12-14T00:00:00Z,0.071429,0.081967,0.425532,0.075188,0.066667,0.434783
2019-11-09,Grigorii Popov,Davey Grant,,kaggle_mdabbert_bestfightodds,,2024-12-14T00:00:00Z,0.222222,0.14556,0.350877,0.076923,0.15748,0.266667
2019-11-09,Magomed Ankalaev,Dalcha Lungiambula,,kaggle_mdabbert_bestfightodds,,2024-12-14T00:00:00Z,0.363636,0.176991,0.344828,0.169492,0.038462,0.1
2019-11-16,Jan Blachowicz,Jacare Souza,,kaggle_mdabbert_bestfightodds,,2024-12-14T00:00:00Z,0.384615,0.121212,0.238095,0.173913,0.183486,0.142857
2019-11-16,Charles Oliveira,Jared Gordon,,kaggle_mdabbert_bestfightodds,,2024-12-14T00:00:00Z,0.181818,0.583333,0.166667,0.1,0.043478,0.166667
2019-11-16,Antonio Arroyo,Andre Muniz,,kaggle_mdabbert_bestfightodds,,2024-12-14T00:00:00Z,0.243902,0.133333,0.2,0.1,0.333333,0.217391
2019-11-16,Markus Perez,Wellington Turman,,kaggle_mdabbert_bestfightodds,,2024-12-14T00:00:00Z,0.125,0.181818,0.322581,0.090909,0.090909,0.384615
2019-11-16,Sergio Moraes,James Krause,,kaggle_mdabbert_bestfightodds,,2024-12-14T00:00:00Z,0.05,0.173913,0.240964,0.31746,0.05,0.357143
2019-11-16,Francisco Trinaldo,Bobby Green,,kaggle_mdabbert_bestfightodds,,2024-12-14T00:00:00Z,0.16,0.063898,0.434783,0.153846,0.052632,0.322581
2019-11-16,Warlley Alves,Randy Brown,,kaggle_mdabbert_bestfightodds,,2024-12-14T00:00:00Z,0.163132,0.176991,0.294118,0.196078,0.046512,0.290698
2019-11-16,Douglas Silva de Andrade,Renan Barao,,kaggle_mdabbert_bestfightodds,,2024-12-14T00:00:00Z,0.392157,0.058824,0.333333,0.068966,0.071429,0.240964
2019-11-16,Ariane Lipski,Isabela De Pauda,,kaggle_mdabbert_bestfightodds,,2024-12-14T00:00:00Z,0.2,0.133333,0.507389,,,
2019-11-16,Ricardo Ramos,Eduardo Garagorri,,kaggle_mdabbert_bestfightodds,,2024-12-14T00:00:00Z,0.153846,0.30303,0.416667,0.122699,0.041667,0.175439
2019-11-16,Vanessa Melo,Tracy Cortez,,kaggle_mdabbert_bestfightodds,,2024-12-14T00:00:00Z,0.07326,0.071429,0.27027,0.074074,0.142857,0.555556
2019-12-07,Rob Font,Ricky Simon,,kaggle_mdabbert_bestfightodds,,2024-12-14T00:00:00Z,0.217391,0.1,0.344828,0.1,0.090909,0.377358
2019-12-07,Alistair Overeem,Jairzinho Rozenstruik,,kaggle_mdabbert_bestfightodds,,2024-12-14T00:00:00Z,0.30303,0.166667,0.111111,0.454545,0.034483,0.066667
2019-12-07,Stefan Struve,Ben Rothwell,,kaggle_mdabbert_bestfightodds,,2024-12-14T00:00:00Z,0.142857,0.181818,0.222222,0.277778,0.133333,0.277778
2019-12-07,Aspen Ladd,Yana Kunitskaya,,kaggle_mdabbert_bestfightodds,,2024-12-14T00:00:00Z,0.217391,0.166667,0.333333,0.111111,0.071429,0.31746
2019-12-07,Thiago Alves,Tim Means,,kaggle_mdabbert_bestfightodds,,2024-12-14T00:00:00Z,0.121212,0.066667,0.194175,0.4,0.065703,0.377358
2019-12-07,Bryce Mitchell,Matt Sayles,,kaggle_mdabbert_bestfightodds,,2024-12-14T00:00:00Z,0.078431,0.185185,0.285714,0.210526,0.105263,0.357143
2019-12-07,Joe Solecki,Matt Wiman,,kaggle_mdabbert_bestfightodds,,2024-12-14T00:00:00Z,0.125,0.363636,0.434783,0.072464,0.074074,0.181818
2019-12-07,Mallory Martin,Virna Jandiroba,,kaggle_mdabbert_bestfightodds,,2024-12-14T00:00:00Z,0.070175,0.059701,0.232558,0.095238,0.266667,0.512195
2019-12-07,Makhmud Muradov,Trevor Smith,,kaggle_mdabbert_bestfightodds,,2024-12-14T00:00:00Z,0.384615,0.08,0.434783,0.08,0.06993,0.148148
2019-12-07,Billy Quarantillo,Jacob Kilburn,,kaggle_mdabbert_bestfightodds,,2024-12-14T00:00:00Z,0.363636,0.16,0.344828,0.144928,0.068966,0.150376
2019-12-14,Kamaru Usman,Colby Covington,,kaggle_mdabbert_bestfightodds,,2024-12-14T00:00:00Z,0.181818,0.090909,0.487805,0.125,0.083333,0.27027
2019-12-14,Max Holloway,Alexander Volkanovski,,kaggle_mdabbert_bestfightodds,,2024-12-14T00:00:00Z,0.222222,0.090909,0.425532,0.181818,0.066667,0.277778
2019-12-14,Amanda Nunes,Germaine de Randamie,,kaggle_mdabbert_bestfightodds,,2024-12-14T00:00:00Z,0.545455,0.242718,0.217391,0.181818,0.047619,0.142857
2019-12-14,Marlon Moraes,Jose Aldo,,kaggle_mdabbert_bestfightodds,,2024-12-14T00:00:00Z,0.384615,0.125,0.285714,0.166667,0.090909,0.2
2019-12-14,Peter Yan,Urijah Faber,,kaggle_mdabbert_bestfightodds,,2024-12-14T00:00:00Z,0.487805,0.0625,0.363636,0.1,0.090909,0.133333
2019-12-14,Geoff Neal,Mike Perry,,kaggle_mdabbert_bestfightodds,,2024-12-14T00:00:00Z,0.285714,0.173913,0.392157,0.21978,0.037037,0.142857
2019-12-14,Ian Heinisch,Omari Akhmedov,,kaggle_mdabbert_bestfightodds,,2024-12-14T00:00:00Z,0.222222,0.105263,0.373134,0.115607,0.083333,0.373134
2019-12-14,Matt Brown,Ben Saunders,,kaggle_mdabbert_bestfightodds,,2024-12-14T00:00:00Z,0.615385,0.076923,0.164204,0.148148,0.122699,0.074074
2019-12-14,Chase Hooper,Daniel Teymur,,kaggle_mdabbert_bestfightodds,,2024-12-14T00:00:00Z,0.105263,0.367647,0.163934,0.222222,0.095238,0.277778
2019-12-14,Brandon Moreno,Kai Kara France,,kaggle_mdabbert_bestfightodds,,2024-12-14T00:00:00Z,0.074074,0.196078,0.235294,0.173913,0.052632,0.454545
2019-12-14,Jessica Eye,Viviane Araujo,,kaggle_mdabbert_bestfightodds,,2024-12-14T00:00:00Z,0.074074,0.063171,0.30303,0.190476,0.111111,0.512195
2019-12-14,Punahele Soriano,Oskar Piechota,,kaggle_mdabbert_bestfightodds,,2024-12-14T00:00:00Z,0.239808,0.153846,0.217391,0.2,0.196078,0.191205
2019-12-14,Ketlen Vieira,Irene Aldana,,kaggle_mdabbert_bestfightodds,,2024-12-14T00:00:00Z,0.074074,0.162602,0.52381,0.095238,0.056497,0.30303
2019-12-21, Jun Yong Park,Marc-Andre Barriault,,kaggle_mdabbert_bestfightodds,,2024-12-14T00:00:00Z,0.117647,0.049875,0.392157,0.172414,0.125,0.350877
2019-12-21,Frankie Edgar,Chan Sung Jung,,kaggle_mdabbert_bestfightodds,,2024-12-14T00:00:00Z,0.125,0.076923,0.277778,0.384615,0.111111,0.285714
2019-12-21,Volkan Oezdemir,Aleksandar Rakic,,kaggle_mdabbert_bestfightodds,,2024-12-14T00:00:00Z,0.263158,0.058824,0.190476,0.333333,0.076923,0.25974
2019-12-21,Dooho Choi,Charles Jourdain,,kaggle_mdabbert_bestfightodds,,2024-12-14T00:00:00Z,0.377358,0.083333,0.384615,0.133333,0.1,0.153846
2019-12-21,Da Un Jung,Mike Rodriguez,,kaggle_mdabbert_bestfightodds,,2024-12-14T00:00:00Z,0.384615,0.111111,0.285714,0.273973,0.096618,0.243902
2019-12-21,Kyung Ho Kang,Liu Pingyuan,,kaggle_mdabbert_bestfightodds,,2024-12-14T00:00:00Z,0.095238,0.298507,0.377358,0.09434,0.056818,0.238095
2019-12-21,Heili Alateng,Ryan Benoit,,kaggle_mdabbert_bestfightodds,,2024-12-14T00:00:00Z,0.113636,0.071429,0.384615,0.266667,0.068966,0.263158
2019-12-21,Seungwoo Choi,Suman Mokhtarian,,kaggle_mdabbert_bestfightodds,,2024-12-14T00:00:00Z,0.377358,0.083333,0.384615,0.07722,0.125,0.173913
2019-12-21,Dong Hyun Ma,Omar Antonio Morales Ferrer,,kaggle_mdabbert_bestfightodds,,2024-12-14T00:00:00Z,0.114286,0.086957,0.217391,,,
2019-12-21,Alexandre Pantoja,Matt Schnell,,kaggle_mdabbert_bestfightodds,,2024-12-14T00:00:00Z,0.243902,0.166667,0.408163,0.068074,0.095238,0.229885
2019-12-21,Raoni Barcelos,Said Nurmagomedov,,kaggle_mdabbert_bestfightodds,,2024-12-14T00:00:00Z,0.289855,0.071429,0.206186,0.076046,0.086957,0.434783
2019-12-21,Miranda Granger,Amanda Lemos,,kaggle_mdabbert_bestfightodds,,2024-12-14T00:00:00Z,0.114286,0.210526,0.416667,0.157729,0.047619,0.235294
2019-12-21,Ciryl Gane,Tanner Boser,,kaggle_mdabbert_bestfightodds,,2024-12-14T00:00:00Z,0.444444,0.166667,0.338983,0.096618,0.032258,0.095238
2020-01-18,Anthony Pettis,Diego Ferreira,,kaggle_mdabbert_bestfightodds,,2024-12-14T00:00:00Z,0.181818,0.111111,0.181818,0.2,0.142857,0.454545
2020-01-18,Conor McGregor,Donald Cerrone,,kaggle_mdabbert_bestfightodds,,2024-12-14T00:00:00Z,0.692308,0.0625,0.125,0.111111,0.142857,0.142857
2020-01-18,Holly Holm,Raquel Pennington,,kaggle_mdabbert_bestfightodds,,2024-12-14T00:00:00Z,0.166667,0.052632,0.465116,0.090909,0.083333,0.37037
2020-01-18,Roxanne Modafferi,Maycee Barber,,kaggle_mdabbert_bestfightodds,,2024-12-14T00:00:00Z,0.038462,0.045351,0.104712,0.677419,0.095238,0.277778
2020-01-18,Aleksei Oleinik,Maurice Greene,,kaggle_mdabbert_bestfightodds,,2024-12-14T00:00:00Z,0.133333,0.363636,0.090909,0.487805,0.047619,0.111111
2020-01-18,Drew Dober,Nasrat Haqparast,,kaggle_mdabbert_bestfightodds,,2024-12-14T00:00:00Z,0.166945,0.042553,0.137931,0.285714,0.093897,0.5
2020-01-18,Aleksa Camur,Justin Ledet,,kaggle_mdabbert_bestfightodds,,2024-12-14T00:00:00Z,0.384615,0.037736,0.184502,0.166945,0.125,0.307692
2020-01-18,Sabina Mazo,JJ Aldrich,,kaggle_mdabbert_bestfightodds,,2024-12-14T00:00:00Z,0.150376,0.038462,0.4,0.121212,0.066667,0.425532
2020-01-18,Tim Elliott,Askar Askarov,,kaggle_mdabbert_bestfightodds,,2024-12-14T00:00:00Z,0.056338,0.085106,0.363636,0.102564,0.338983,0.229885
2020-01-18,Brian Kelleher,Ode Obsourne,,kaggle_mdabbert_bestfightodds,,2024-12-14T00:00:00Z,0.131579,0.232558,0.176991,,,
2020-01-18,Andre Fili,Sodiq Yusuff,,kaggle_mdabbert_bestfightodds,,2024-12-14T00:00:00Z,0.187266,0.117647,0.222222,0.350877,0.027027,0.25641
2020-01-25,Curtis Blaydes,Junior Dos Santos,,kaggle_mdabbert_bestfightodds,,2024-12-14T00:00:00Z,0.52381,0.090909,0.2,0.235294,0.066667,0.076923
2020-01-25,Rafael Dos Anjos,Michael Chiesa,,kaggle_mdabbert_bestfightodds,,2024-12-14T00:00:00Z,0.181818,0.227273,0.392157,0.090909,0.135135,0.208333
2020-01-25,Jordan Espinosa,Alex Perez,,kaggle_mdabbert_bestfightodds,,2024-12-14T00:00:00Z,0.076923,0.111111,0.2,0.133333,0.227273,0.416667
2020-01-25,Hannah Cifers,Angela Hill,,kaggle_mdabbert_bestfightodds,,2024-12-14T00:00:00Z,0.066667,0.066667,0.322581,0.133333,0.076923,0.583333
2020-01-25,Jamahal Hill,Darko Stosic,,kaggle_mdabbert_bestfightodds,,2024-12-14T00:00:00Z,0.133333,0.076923,0.583333,0.25,0.111111,0.208333
2020-01-25,Bevon Lewis,Dequan Townsend,,kaggle_mdabbert_bestfightodds,,2024-12-14T00:00:00Z,0.384615,0.117647,0.408163,0.163934,0.056338,0.083333
2020-01-25,Arnold Allen,Nik Lentz,,kaggle_mdabbert_bestfightodds,,2024-12-14T00:00:00Z,0.166667,0.117647,0.52381,0.074074,0.083682,0.25641
2020-01-25,Justine Kish,Luci Pudilova,,kaggle_mdabbert_bestfightodds,,2024-12-14T00:00:00Z,0.08,0.069444,0.327869,0.142857,0.129032,0.47619
2020-01-25,Montel Jackson,Felipe Colares,,kaggle_mdabbert_bestfightodds,,2024-12-14T00:00:00Z,0.47619,0.133333,0.377358,0.044444,0.066313,0.1
2020-01-25,Sara McMann,Lina Lansberg,,kaggle_mdabbert_bestfightodds,,2024-12-14T00:00:00Z,0.086957,0.240964,0.377358,0.166667,0.090253,0.273973
2020-01-25,Brett Johns,Tony Gravely,,kaggle_mdabbert_bestfightodds,,2024-12-14T00:00:00Z,0.117647,0.222222,0.322581,0.172414,0.071429,0.37037
2020-01-25,Herbert Burns,Nate Landwehr,,kaggle_mdabbert_bestfightodds,,2024-12-14T00:00:00Z,0.074074,0.392157,0.153846,0.307692,0.038462,0.294118
2020-02-08,Jon Jones,Dominick Reyes,,kaggle_mdabbert_bestfightodds,,2024-12-14T00:00:00Z,0.4,0.277778,0.344828,0.188679,0.076923,0.117647
2020-02-08,Valentina Shevchenko,Katlyn Chookagian,,kaggle_mdabbert_bestfightodds,,2024-12-14T00:00:00Z,0.298507,0.178571,0.607843,0.076923,0.0625,0.090909
2020-02-08,Juan Adams,Justin Tafa,,kaggle_mdabbert_bestfightodds,,2024-12-14T00:00:00Z,0.5,0.076923,0.2,0.246914,0.060606,0.125
2020-02-08,Mirsad Bektic,Dan Ige,,kaggle_mdabbert_bestfightodds,,2024-12-14T00:00:00Z,0.166667,0.117647,0.434783,0.217391,0.166667,0.208333
2020-02-08,Derrick Lewis,Ilir Latifi,,kaggle_mdabbert_bestfightodds,,2024-12-14T00:00:00Z,0.591837,0.047619,0.173913,0.153846,0.125,0.190476
2020-02-08,Austin Lingo,Youssef Zalel,,kaggle_mdabbert_bestfightodds,,2024-12-14T00:00:00Z,0.294118,0.166667,0.28169,,,
2020-02-08,Alex Morono,Kalinn Williams,,kaggle_mdabbert_bestfightodds,,2024-12-14T00:00:00Z,0.210526,0.30303,0.363636,0.090909,0.033613,0.188679
2020-02-08,Lauren Murphy,Andrea Lee,,kaggle_mdabbert_bestfightodds,,2024-12-14T00:00:00Z,0.08,0.047619,0.2,0.103627,0.114286,0.64539
2020-02-08,Miles Johns,Mario Bautista,,kaggle_mdabbert_bestfightodds,,2024-12-14T00:00:00Z,0.125,0.108108,0.434783,0.129032,0.125,0.31746
2020-02-08,Domingo Pilarte,Journey Newson,,kaggle_mdabbert_bestfightodds,,2024-12-14T00:00:00Z,0.103093,0.235294,0.327869,0.153846,0.105263,0.327869
2020-02-08,Andre Ewell,Jonathan Martinez,,kaggle_mdabbert_bestfightodds,,2024-12-14T00:00:00Z,0.131579,0.065574,0.416667,0.125,0.19802,0.294118
2020-02-08,Trevin Giles,James Krause,,kaggle_mdabbert_bestfightodds,,2024-12-14T00:00:00Z,0.185185,0.085837,0.357143,0.129032,0.307692,0.307692
2020-02-15,Rogerio Bontorin,Ray Borg,,kaggle_mdabbert_bestfightodds,,2024-12-14T00:00:00Z,0.130378,0.065703,0.350877,0.074074,0.157729,0.454545
2020-02-15,Corey Anderson,Jan Blachowicz,,kaggle_mdabbert_bestfightodds,,2024-12-14T00:00:00Z,0.285714,0.090909,0.384615,0.217391,0.117647,0.153846
2020-02-15,Diego Sanchez,Michel Pereira,,kaggle_mdabbert_bestfightodds,,2024-12-14T00:00:00Z,0.125,0.090909,0.289855,0.5,0.058824,0.133333
2020-02-15,Montana De La Rosa,Mara Romero Borella,,kaggle_mdabbert_bestfightodds,,2024-12-14T00:00:00Z,0.06006,0.1,0.192308,0.076923,0.076923,0.357143
2020-02-15,Brok Weaver,Kazula Vargas,,kaggle_mdabbert_bestfightodds,,2024-12-14T00:00:00Z,0.142857,0.181818,0.52381,0.181818,0.066667,0.153846
2020-02-15,Lando Vannata,Yancy Medeiros,,kaggle_mdabbert_bestfightodds,,2024-12-14T00:00:00Z,0.238095,0.133333,0.263158,0.2,0.090909,0.277778
2020-02-15,Tim Means,Daniel Rodriguez,,kaggle_mdabbert_bestfightodds,,2024-12-14T00:00:00Z,0.333333,0.215054,0.30303,0.165289,0.074074,0.129032
2020-02-15,John Dodson,Nathaniel Wood,,kaggle_mdabbert_bestfightodds,,2024-12-14T00:00:00Z,0.153846,0.035088,0.363636,0.102041,0.120482,0.465116
2020-02-15,Jim Miller,Scott Holtzman,,kaggle_mdabbert_bestfightodds,,2024-12-14T00:00:00Z,0.080321,0.235294,0.210526,0.30303,0.052632,0.307692
2020-02-15,Devin Clark,Dequan Townsend,,kaggle_mdabbert_bestfightodds,,2024-12-14T00:00:00Z,0.190476,0.155039,0.574468,0.144928,0.085837,0.076923
2020-02-15,Casey Kenney,Merab Dvalishvili,,kaggle_mdabbert_bestfightodds,,2024-12-14T00:00:00Z,0.095238,0.128205,0.294118,0.086957,0.05,0.591837
2020-02-15,Macy Chiasson,Shanna Young,,kaggle_mdabbert_bestfightodds,,2024-12-14T00:00:00Z,0.465116,0.333333,0.232558,0.054054,0.047733,0.095238
2020-02-15,Mark De La Rosa,Raulian Paiva,,kaggle_mdabbert_bestfightodds,,2024-12-14T00:00:00Z,0.06006,0.1,0.192308,0.129032,0.107527,0.574468
2020-02-22,Paul Felder,Dan Hooker,,kaggle_mdabbert_bestfightodds,,2024-12-14T00:00:00Z,0.217391,0.076923,0.238095,0.327869,0.125,0.263158
2020-02-22,Jim Crute,Michal Oleksiejczuk,,kaggle_mdabbert_bestfightodds,,2024-12-14T00:00:00Z,0.166667,0.181818,0.227273,0.384615,0.052632,0.181818
2020-02-22,Karolina Kowalkiewicz,Yan Xiaonan,,kaggle_mdabbert_bestfightodds,,2024-12-14T00:00:00Z,0.076923,0.0625,0.238095,0.153846,0.0625,0.591837
2020-02-22,Ben Sosoli,Marcos Rogerio De Lima,,kaggle_mdabbert_bestfightodds,,2024-12-14T00:00:00Z,0.333333,0.052632,0.125,0.217391,0.166667,0.30303
2020-02-22,Brad Riddell,Magomed Mustafaev,,kaggle_mdabbert_bestfightodds,,2024-12-14T00:00:00Z,0.238095,0.076923,0.227273,0.285714,0.166667,0.2
2020-02-22,Kevin Aguilar,Zubaira Tukhugov,,kaggle_mdabbert_bestfightodds,,2024-12-14T00:00:00Z,0.133333,0.1,0.37037,0.125,0.117647,0.363636
2020-02-22,Jalin Turner,Joshua Culibao,,kaggle_mdabbert_bestfightodds,,2024-12-14T00:00:00Z,0.487805,0.076923,0.229885,0.183486,0.0625,0.190476
2020-02-22,Jake Matthews,Emil Meek,,kaggle_mdabbert_bestfightodds,,2024-12-14T00:00:00Z,0.096618,0.153846,0.568966,0.185185,0.052219,0.186916
2020-02-22,Callan Potter,Song Kenan,,kaggle_mdabbert_bestfightodds,,2024-12-14T00:00:00Z,0.095238,0.076923,0.25,0.47619,0.095238,0.194175
2020-02-22,Kai Kara France,Tyson Nam,,kaggle_mdabbert_bestfightodds,,2024-12-14T00:00:00Z,0.173913,0.111111,0.6,0.172414,0.047619,0.15625
2020-02-22,Loma Lookboonmee,Angela Hill,,kaggle_mdabbert_bestfightodds,,2024-12-14T00:00:00Z,0.07326,0.034483,0.333333,0.155039,0.173913,0.465116
2020-02-22,Priscila Cachoeira,Shana Dobson,,kaggle_mdabbert_bestfightodds,,2024-12-14T00:00:00Z,0.105263,0.090253,0.239808,0.166667,0.070922,0.512195
2020-02-29,Joseph Benavidez,Deiveson Figueiredo,,kaggle_mdabbert_bestfightodds,,2024-12-14T00:00:00Z,0.166667,0.133333,0.408163,0.235294,0.076923,0.208333
2020-02-29,Felicia Spencer,Zarah Fairn,,kaggle_mdabbert_bestfightodds,,2024-12-14T00:00:00Z,0.142857,0.62963,0.227273,0.0625,0.037736,0.093023
2020-02-29,Ion Cutelaba,Magomed Ankalaev,,kaggle_mdabbert_bestfightodds,,2024-12-14T00:00:00Z,0.289855,0.066667,0.076923,0.285714,0.142857,0.327869
2020-02-29,Megan Anderson,Norma Dumont,,kaggle_mdabbert_bestfightodds,,2024-12-14T00:00:00Z,0.384615,0.125,0.263158,0.056338,0.175439,0.173913
2020-02-29,Grant Dawson,Darrick Minner,,kaggle_mdabbert_bestfightodds,,2024-12-14T00:00:00Z,0.25,0.52381,0.173913,0.076923,0.125,0.125
2020-02-29,Sean Brady,Ismail Naurdiev,,kaggle_mdabbert_bestfightodds,,2024-12-14T00:00:00Z,0.111857,0.071429,0.380228,0.196078,0.042553,0.392157
2020-02-29,Brendan Allen,Tom Breese,,kaggle_mdabbert_bestfightodds,,2024-12-14T00:00:00Z,0.0625,0.235294,0.235294,0.235294,0.173913,0.294118
2020-02-29,Luis Pena,Steve Garcia,,kaggle_mdabbert_bestfightodds,,2024-12-14T00:00:00Z,0.175439,0.25,0.392157,,,
2020-02-29,Marcin Tybura,Serghei Spivac,,kaggle_mdabbert_bestfightodds,,2024-12-14T00:00:00Z,0.235294,0.142857,0.224719,,,
2020-02-29,Jordan Griffin,TJ Brown,,kaggle_mdabbert_bestfightodds,,2024-12-14T00:00:00Z,0.212766,0.175439,0.27027,0.142857,0.144928,0.285714
2020-02-29,Aalon Cruz,Spike Carlyle,,kaggle_mdabbert_bestfightodds,,2024-12-14T00:00:00Z,0.212766,0.095238,0.434783,0.090909,0.166113,0.196078
2020-02-29,Gabriel Silva,Kyler Phillips,,kaggle_mdabbert_bestfightodds,,2024-12-14T00:00:00Z,0.166667,0.148148,0.344828,0.137931,0.130719,0.322581
2020-03-07,Israel Adesanya,Yoel Romero,,kaggle_mdabbert_bestfightodds,,2024-12-14T00:00:00Z,0.384615,0.034483,0.333333,0.25974,0.064516,0.117647
2020-03-07,Weili Zhang,Joanna Jedrzejczyk,,kaggle_mdabbert_bestfightodds,,2024-12-14T00:00:00Z,,,,0.135135,0.052632,0.285714
2020-03-07,Neil Magny,Li Jingliang,,kaggle_mdabbert_bestfightodds,,2024-12-14T00:00:00Z,0.076923,0.076923,0.294118,0.384615,0.058824,0.27027
2020-03-07,Beneil Dariush,Drakkar Klose,,kaggle_mdabbert_bestfightodds,,2024-12-14T00:00:00Z,0.076923,0.294118,0.344828,0.181818,0.052632,0.27027
2020-03-07,Alex Oliveira,Max Griffin,,kaggle_mdabbert_bestfightodds,,2024-12-14T00:00:00Z,0.238095,0.181818,0.27027,0.181818,0.095238,0.294118
2020-03-07,Gerald Meerschaert,Deron Winn,,kaggle_mdabbert_bestfightodds,,2024-12-14T00:00:00Z,0.088106,0.307692,0.181818,0.224719,0.059701,0.384615
2020-03-07,Mark Madsen,Austin Hubbard,,kaggle_mdabbert_bestfightodds,,2024-12-14T00:00:00Z,0.215517,0.166667,0.465116,0.077519,0.095238,0.232558
2020-03-07,Danaa Batgerel,Guido Cannetti,,kaggle_mdabbert_bestfightodds,,2024-12-14T00:00:00Z,0.19802,0.190476,0.25974,0.18018,0.068493,0.31746
2020-03-07,Sean O'Malley,Jose Quinonez,,kaggle_mdabbert_bestfightodds,,2024-12-14T00:00:00Z,0.285714,0.25,0.344828,0.065574,0.064935,0.186916
2020-03-07,Rodolfo Vieira,Saparbeg Safarov,,kaggle_mdabbert_bestfightodds,,2024-12-14T00:00:00Z,0.113636,0.69697,0.173913,0.105263,0.038462,0.074074
2020-03-07,Jamall Emmers,Giga Chikadze,,kaggle_mdabbert_bestfightodds,,2024-12-14T00:00:00Z,0.181818,0.266667,0.294118,0.2,0.055556,0.25974
2020-03-14,Kevin Lee,Charles Oliveira,,kaggle_mdabbert_bestfightodds,,2024-12-14T00:00:00Z,0.357143,0.166667,0.173913,0.153846,0.322581,0.153846
2020-03-14,Demian Maia,Gilbert Burns,,kaggle_mdabbert_bestfightodds,,2024-12-14T00:00:00Z,0.083333,0.166667,0.285714,0.173913,0.133333,0.408163
2020-03-14,Renato Moicano,Damir Hadzovic,,kaggle_mdabbert_bestfightodds,,2024-12-14T00:00:00Z,0.190476,0.235294,0.5,0.125,0.043478,0.166667
2020-03-14,Francisco Trinaldo,John Makdessi,,kaggle_mdabbert_bestfightodds,,2024-12-14T00:00:00Z,0.227273,0.125,0.37037,0.125,0.038462,0.338983
2020-03-14,Johnny Walker,Nikita Krylov,,kaggle_mdabbert_bestfightodds,,2024-12-14T00:00:00Z,0.444444,0.111111,0.125,0.243902,0.217391,0.111111
2020-03-14,Amanda Ribas,Randa Markos,,kaggle_mdabbert_bestfightodds,,2024-12-14T00:00:00Z,0.111111,0.190476,0.607843,0.066667,0.058824,0.2
2020-03-14,Elizeu Dos Santos,Aleksei Kunchenko,,kaggle_mdabbert_bestfightodds,,2024-12-14T00:00:00Z,0.181818,0.1,0.377358,0.238095,0.052632,0.27027
2020-03-14,Mayra Bueno Silva,Maryna Moroz,,kaggle_mdabbert_bestfightodds,,2024-12-14T00:00:00Z,0.090909,0.2,0.377358,0.090909,0.052632,0.363636
2020-03-14,Bruno Silva,David Dvorak,,kaggle_mdabbert_bestfightodds,,2024-12-14T00:00:00Z,0.090909,0.2,0.377358,0.25,0.181818,0.2
2020-03-14,Veronica Macedo,Bea Malecki,,kaggle_mdabbert_bestfightodds,,2024-12-14T00:00:00Z,0.181818,0.208333,0.3125,0.153846,0.133333,0.238095
2020-03-14,Jussier Formiga,Brandon Moreno,,kaggle_mdabbert_bestfightodds,,2024-12-14T00:00:00Z,0.058824,0.166667,0.487805,0.133333,0.076923,0.30303
2020-05-09,Anthony Pettis,Donald Cerrone,,kaggle_mdabbert_bestfightodds,,2024-12-14T00:00:00Z,0.37037,0.134771,0.185185,0.194175,0.129032,0.173913
2020-05-09,Vicente Luque,Niko Price,,kaggle_mdabbert_bestfightodds,,2024-12-14T00:00:00Z,0.444444,0.215054,0.169205,0.235294,0.063898,0.071429
2020-05-09,Bryce Mitchell,Charles Rosa,,kaggle_mdabbert_bestfightodds,,2024-12-14T00:00:00Z,0.095238,0.238095,0.392157,0.111111,0.133333,0.280112
2020-05-09,Ryan Spann,Sam Alvey,,kaggle_mdabbert_bestfightodds,,2024-12-14T00:00:00Z,0.392157,0.206186,0.307692,0.16,0.047619,0.095694
2020-05-09,Aleksei Oleinik,Fabricio Werdum,,kaggle_mdabbert_bestfightodds,,2024-12-14T00:00:00Z,0.156495,0.130378,0.085837,0.408163,0.210526,0.229885
2020-05-09,Jeremy Stephens,Calvin Kattar,,kaggle_mdabbert_bestfightodds,,2024-12-14T00:00:00Z,0.194175,0.032258,0.176991,0.25641,0.075472,0.425532
2020-05-09,Tony Ferguson,Justin Gaethje,,kaggle_mdabbert_bestfightodds,,2024-12-14T00:00:00Z,0.332226,0.289855,0.117647,0.333333,0.023256,0.074074
2020-05-09,Henry Cejudo,Dominick Cruz,,kaggle_mdabbert_bestfightodds,,2024-12-14T00:00:00Z,0.322581,0.058824,0.359712,0.064516,0.055556,0.3125
2020-05-09,Francis Ngannou,Jairzinho Rozenstruik,,kaggle_mdabbert_bestfightodds,,2024-12-14T00:00:00Z,0.591837,0.13947,0.117647,0.18018,0.02439,0.173913
2020-05-09,Carla Esparza,Michelle Waterson,,kaggle_mdabbert_bestfightodds,,2024-12-14T00:00:00Z,0.078125,0.086957,0.516908,0.07326,0.129032,0.344828
2020-05-09,Greg Hardy,Yorgan De Castro,,kaggle_mdabbert_bestfightodds,,2024-12-14T00:00:00Z,0.444444,0.051282,0.289855,0.263158,0.037736,0.13245
2020-05-13,Ricky Simon,Ray Borg,,kaggle_mdabbert_bestfightodds,,2024-12-14T00:00:00Z,0.168067,0.083333,0.436681,0.06734,0.133333,0.289855
2020-05-13,Anthony Smith,Glover Teixeira,,kaggle_mdabbert_bestfightodds,,2024-12-14T00:00:00Z,0.446429,0.125,0.173913,0.169492,0.18018,0.121359
2020-05-13,Ben Rothwell,Ovince Saint Preux,,kaggle_mdabbert_bestfightodds,,2024-12-14T00:00:00Z,0.222222,0.14245,0.229885,0.215054,0.208333,0.227273
2020-05-13,Alexander Hernandez,Drew Dober,,kaggle_mdabbert_bestfightodds,,2024-12-14T00:00:00Z,0.135135,0.133333,0.3125,0.277778,0.072569,0.27933
2020-05-13,Andrei Arlovski,Philipe Lins,,kaggle_mdabbert_bestfightodds,,2024-12-14T00:00:00Z,0.173913,0.046512,0.21978,0.545455,0.071429,0.191571
2020-05-13,Sijara Eubanks,Sarah Moras,,kaggle_mdabbert_bestfightodds,,2024-12-14T00:00:00Z,0.192308,0.146843,0.547511,0.054201,0.08,0.166667
2020-05-13,Gabriel Benitez,Omar Morales,,kaggle_mdabbert_bestfightodds,,2024-12-14T00:00:00Z,0.138889,0.165289,0.20202,0.322581,0.076923,0.285714
2020-05-13,Hunter Azure,Brian Kelleher,,kaggle_mdabbert_bestfightodds,,2024-12-14T00:00:00Z,0.148148,0.10582,0.512195,0.086957,0.15748,0.192308
2020-05-13,Chase Sherman,Ike Villanueva,,kaggle_mdabbert_bestfightodds,,2024-12-14T00:00:00Z,0.4,0.055556,0.232558,0.298507,0.027778,0.153846
2020-05-13,Michael Johnson,Thiago Moises,,kaggle_mdabbert_bestfightodds,,2024-12-14T00:00:00Z,0.190476,0.052632,0.344828,0.045455,0.229885,0.307692
2020-05-16,Alistair Overeem,Walt Harris,,kaggle_mdabbert_bestfightodds,,2024-12-14T00:00:00Z,0.25641,0.13947,0.155039,0.537037,0.027778,0.105263
2020-05-16,Claudia Gadelha,Angela Hill,,kaggle_mdabbert_bestfightodds,,2024-12-14T00:00:00Z,0.068966,0.2,0.555556,0.11534,0.021739,0.25
2020-05-16,Dan Ige,Edson Barboza,,kaggle_mdabbert_bestfightodds,,2024-12-14T00:00:00Z,0.173913,0.153846,0.238095,0.25974,0.027397,0.361011
2020-05-16,Krzysztof Jotko,Eryk Anders,,kaggle_mdabbert_bestfightodds,,2024-12-14T00:00:00Z,0.111111,0.088889,0.444444,0.25974,0.027397,0.232558
2020-05-16,Song Yadong,Marlon Vera,,kaggle_mdabbert_bestfightodds,,2024-12-14T00:00:00Z,0.222222,0.086957,0.434783,0.149254,0.165289,0.151515
2020-05-16,Kevin Holland,Anthony Hernandez,,kaggle_mdabbert_bestfightodds,,2024-12-14T00:00:00Z,0.127226,0.15625,0.333333,0.066445,0.206186,0.30303
2020-05-16,Giga Chikadze,Irwin Rivera,,kaggle_mdabbert_bestfightodds,,2024-12-14T00:00:00Z,0.487805,0.108108,0.377358,0.104167,0.101523,0.111111
2020-05-16,Nate Landwehr,Darren Elkins,,kaggle_mdabbert_bestfightodds,,2024-12-14T00:00:00Z,0.243902,0.084034,0.238095,0.095238,0.140056,0.4
2020-05-16,Cortney Casey,Mara Romero Borella,,kaggle_mdabbert_bestfightodds,,2024-12-14T00:00:00Z,0.124224,0.086957,0.512195,0.047619,0.097087,0.357143
2020-05-16,Rodrigo Nascimento,Don'Tale Mayes,,kaggle_mdabbert_bestfightodds,,2024-12-14T00:00:00Z,0.125,0.322581,0.169492,0.377358,0.02439,0.172414
2020-05-16,Miguel Baeza,Matt Brown,,kaggle_mdabbert_bestfightodds,,2024-12-14T00:00:00Z,0.37037,0.105263,0.188679,0.289855,0.068966,0.181818
2020-05-30,Roosevelt Roberts,Brok Weaver,,kaggle_mdabbert_bestfightodds,,2024-12-14T00:00:00Z,0.133333,0.3125,0.398406,0.078125,0.074074,0.160256
2020-05-30,Tyron Woodley,Gilbert Burns,,kaggle_mdabbert_bestfightodds,,2024-12-14T00:00:00Z,0.408163,0.045455,0.222717,0.168919,0.210526,0.153846
2020-05-30,Blagoy Ivanov,Augusto Sakai,,kaggle_mdabbert_bestfightodds,,2024-12-14T00:00:00Z,0.162602,0.140845,0.289855,0.207469,0.020471,0.363636
2020-05-30,Billy Quarantillo,Spike Carlyle,,kaggle_mdabbert_bestfightodds,,2024-12-14T00:00:00Z,0.212766,0.19802,0.224719,0.307692,0.1,0.163934
2020-05-30,Mackenzie Dern,Hannah Cifers,,kaggle_mdabbert_bestfightodds,,2024-12-14T00:00:00Z,0.134771,0.615385,0.206186,0.093897,0.02439,0.166667
2020-05-30,Chris Gutierrez,Vince Morales,,kaggle_mdabbert_bestfightodds,,2024-12-14T00:00:00Z,0.086957,0.064935,0.434783,0.16129,0.083333,0.350877
2020-05-30,Daniel Rodriguez,Gabe Green,,kaggle_mdabbert_bestfightodds,,2024-12-14T00:00:00Z,0.54955,0.131752,0.153846,0.10101,0.104167,0.149254
2020-05-30,Jamahal Hill,Klidson Abreu,,kaggle_mdabbert_bestfightodds,,2024-12-14T00:00:00Z,0.2,0.020986,0.416667,0.115607,0.266667,0.188679
2020-05-30,Tim Elliott,Brandon Royval,,kaggle_mdabbert_bestfightodds,,2024-12-14T00:00:00Z,0.137931,0.181818,0.377358,0.117647,0.235294,0.163934
2020-05-30,Louis Smolka,Casey Kenney,,kaggle_mdabbert_bestfightodds,,2024-12-14T00:00:00Z,0.102564,0.137931,0.151515,0.113636,0.142857,0.583333
2020-05-30,Katlyn Chookagian,Antonina Shevchenko,,kaggle_mdabbert_bestfightodds,,2024-12-14T00:00:00Z,0.074074,0.09542,0.338983,0.125786,0.068966,0.465116
2020-06-06,Neil Magny,Anthony Rocco Martin,,kaggle_mdabbert_bestfightodds,,2024-12-14T00:00:00Z,0.13245,0.095238,0.425532,0.125786,0.166667,0.27027
2020-06-06,Amanda Nunes,Felicia Spencer,,kaggle_mdabbert_bestfightodds,,2024-12-14T00:00:00Z,0.710145,0.137931,0.294118,0.074074,0.111111,0.079051
2020-06-06,Raphael Assuncao,Cody Garbrandt,,kaggle_mdabbert_bestfightodds,,2024-12-14T00:00:00Z,0.2,0.088496,0.238095,0.392157,0.038462,0.273973
2020-06-06,Aljamain Sterling,Cory Sandhagen,,kaggle_mdabbert_bestfightodds,,2024-12-14T00:00:00Z,0.1,0.16,0.392157,0.175439,0.094787,0.338983
2020-06-06,Eddie Wineland,Sean O'Malley,,kaggle_mdabbert_bestfightodds,,2024-12-14T00:00:00Z,0.13245,0.027778,0.097561,0.615385,0.157729,0.285714
2020-06-06,Jussier Formiga,Alex Perez,,kaggle_mdabbert_bestfightodds,,2024-12-14T00:00:00Z,0.038462,0.147059,0.363636,0.246914,0.068966,0.307692
2020-06-06,Ian Heinisch,Gerald Meerschaert,,kaggle_mdabbert_bestfightodds,,2024-12-14T00:00:00Z,0.146199,0.084531,0.4,0.125,0.222222,0.243902
2020-06-06,Cody Stamann,Brian Kelleher,,kaggle_mdabbert_bestfightodds,,2024-12-14T00:00:00Z,0.133333,0.089686,0.574468,0.099502,0.18018,0.148148
2020-06-06,Charles Byrd,Maki Pitolo,,kaggle_mdabbert_bestfightodds,,2024-12-14T00:00:00Z,0.222222,0.307692,0.20202,0.240964,0.072202,0.17094
2020-06-06,Evan Dunham,Herbert Burns,,kaggle_mdabbert_bestfightodds,,2024-12-14T00:00:00Z,0.075188,0.058824,0.235294,0.285714,0.350877,0.194175
2020-06-06,Alonzo Menifield,Devin Clark,,kaggle_mdabbert_bestfightodds,,2024-12-14T00:00:00Z,0.591837,0.058824,0.1,0.166667,0.046512,0.2
2020-06-06,Alex Caceres,Chase Hooper,,kaggle_mdabbert_bestfightodds,,2024-12-14T00:00:00Z,0.173913,0.067797,0.192308,0.151515,0.583333,0.181818
2020-06-13,Jessica Eye,Cynthia Calvillo,,kaggle_mdabbert_bestfightodds,,2024-12-14T00:00:00Z,0.097466,0.038462,0.355872,0.095238,0.290698,0.2849
2020-06-13,Karl Roberson,Marvin Vettori,,kaggle_mdabbert_bestfightodds,,2024-12-14T00:00:00Z,0.105263,0.095238,0.222222,0.16,0.19802,0.416667
2020-06-13,Charles Rosa,Kevin Aguilar,,kaggle_mdabbert_bestfightodds,,2024-12-14T00:00:00Z,0.095238,0.149925,0.25,0.25,0.071429,0.357143
2020-06-13,Andre Fili,Charles Jourdain,,kaggle_mdabbert_bestfightodds,,2024-12-14T00:00:00Z,0.181818,0.173913,0.454545,0.25,0.0625,0.134228
2020-06-13,Jordan Espinosa,Mark De La Rosa,,kaggle_mdabbert_bestfightodds,,2024-12-14T00:00:00Z,0.168067,0.117647,0.444444,0.095238,0.149925,0.25
2020-06-13,Mariya Agapova,Hannah Cifers,,kaggle_mdabbert_bestfightodds,,2024-12-14T00:00:00Z,0.235294,0.191939,0.425532,0.127714,0.043478,0.15625
2020-06-13,Merab Dvalishvili,Gustavo Lopez,,kaggle_mdabbert_bestfightodds,,2024-12-14T00:00:00Z,0.28169,0.18797,0.52381,0.080321,0.068027,0.058824
2020-06-13,Julia Avila,Gina Mazany,,kaggle_mdabbert_bestfightodds,,2024-12-14T00:00:00Z,0.487805,0.210526,0.298507,0.0625,0.043478,0.13245
2020-06-13,Tyson Nam,Zarrukh Adashev,,kaggle_mdabbert_bestfightodds,,2024-12-14T00:00:00Z,0.164474,0.142857,0.350877,0.220751,0.043478,0.277778
2020-06-13,Anthony Ivy,Christian Aguilera,,kaggle_mdabbert_bestfightodds,,2024-12-14T00:00:00Z,0.4,0.182482,0.18622,0.229885,0.087336,0.166667
2020-06-20,Curtis Blaydes,Alexander Volkov,,kaggle_mdabbert_bestfightodds,,2024-12-14T00:00:00Z,0.69697,0.08,0.156495,0.171527,0.047619,0.111111
2020-06-20,Josh Emmett,Shane Burgos,,kaggle_mdabbert_bestfightodds,,2024-12-14T00:00:00Z,0.327869,0.041667,0.142857,0.289855,0.121212,0.294118
2020-06-20,Raquel Pennington,Marion Reneau,,kaggle_mdabbert_bestfightodds,,2024-12-14T00:00:00Z,0.125,0.089286,0.622642,0.081967,0.112994,0.235294
2020-06-20,Belal Muhammad,Lyman Good,,kaggle_mdabbert_bestfightodds,,2024-12-14T00:00:00Z,0.113636,0.136986,0.374532,0.288184,0.038462,0.224719
2020-06-20,Jim Miller,Roosevelt Roberts,,kaggle_mdabbert_bestfightodds,,2024-12-14T00:00:00Z,0.047619,0.186916,0.16,0.263158,0.16,0.37037
2020-06-20,Austin Hubbard,Max Rohskopf,,kaggle_mdabbert_bestfightodds,,2024-12-14T00:00:00Z,0.190476,0.066667,0.2,0.110497,0.363636,0.31746
2020-06-20,Tecia Torres,Brianna Van Buren,,kaggle_mdabbert_bestfightodds,,2024-12-14T00:00:00Z,0.064516,0.068259,0.28169,0.105263,0.093458,0.622642
2020-06-20,Marc-Andre Barriault,Oskar Piechota,,kaggle_mdabbert_bestfightodds,,2024-12-14T00:00:00Z,0.350877,0.0625,0.210526,0.196078,0.166667,0.21978
2020-06-20,Cortney Casey,Gillian Robertson,,kaggle_mdabbert_bestfightodds,,2024-12-14T00:00:00Z,0.151515,0.175439,0.266667,0.095238,0.222222,0.3125
2020-06-20,Frank Camacho,Justin Jaynes,,kaggle_mdabbert_bestfightodds,,2024-12-14T00:00:00Z,0.512195,0.074074,0.243902,0.181818,0.054054,0.119048
2020-06-20,Roxanne Modafferi,Lauren Murphy,,kaggle_mdabbert_bestfightodds,,2024-12-14T00:00:00Z,0.09434,0.140845,0.363636,0.103627,0.04,0.408163
2020-06-20,Clay Guida,Bobby Green,,kaggle_mdabbert_bestfightodds,,2024-12-14T00:00:00Z,0.066445,0.076923,0.224719,0.266667,0.153846,0.377358
2020-06-27,Dustin Poirier,Dan Hooker,,kaggle_mdabbert_bestfightodds,,2024-12-14T00:00:00Z,0.5,0.153846,0.285714,0.235294,0.125,0.166667
2020-06-27,Mike Perry,Mickey Gall,,kaggle_mdabbert_bestfightodds,,2024-12-14T00:00:00Z,0.62963,0.055556,0.210526,0.117647,0.235294,0.133333
2020-06-27,Brendan Allen,Kyle Daukaus,,kaggle_mdabbert_bestfightodds,,2024-12-14T00:00:00Z,0.210526,0.384615,0.31746,0.125,0.2,0.142857
2020-06-27,Luis Pena,Khama Worthy,,kaggle_mdabbert_bestfightodds,,2024-12-14T00:00:00Z,0.2,0.322581,0.338983,0.222222,0.05,0.153846
2020-06-27,Gian Villante,Maurice Greene,,kaggle_mdabbert_bestfightodds,,2024-12-14T00:00:00Z,0.166667,0.1,0.2,0.534884,0.148148,0.235294
2020-06-27,Sean Woodson,Julian Erosa,,kaggle_mdabbert_bestfightodds,,2024-12-14T00:00:00Z,0.534884,0.081633,0.344828,0.090909,0.074074,0.105263
2020-06-27,Takashi Sato,Jason Witt,,kaggle_mdabbert_bestfightodds,,2024-12-14T00:00:00Z,0.52381,0.125,0.222222,0.105263,0.090909,0.190476
2020-06-27,Kay Hansen,Jinh Yu Frey,,kaggle_mdabbert_bestfightodds,,2024-12-14T00:00:00Z,0.1,0.210526,0.465116,0.05,0.081633,0.357143
2020-06-27,Jordan Griffin,Youssef Zalal,,kaggle_mdabbert_bestfightodds,,2024-12-14T00:00:00Z,0.111111,0.222222,0.285714,0.166667,0.125,0.350877
2020-06-27,Philipe Lins,Tanner Boser,,kaggle_mdabbert_bestfightodds,,2024-12-14T00:00:00Z,0.25,0.0625,0.3125,0.153846,0.038462,0.392157
2020-07-11,Alexander Volkanovski,Max Holloway,,kaggle_mdabbert_bestfightodds,,2024-12-14T00:00:00Z,0.25,0.1,0.5,0.2,0.090909,0.285714
2020-07-11,Petr Yan,Jose Aldo,,kaggle_mdabbert_bestfightodds,,2024-12-14T00:00:00Z,0.47619,0.076923,0.294118,0.210526,0.090909,0.2
2020-07-11,Jessica Andrade,Rose Namajunas,,kaggle_mdabbert_bestfightodds,,2024-12-14T00:00:00Z,0.181818,0.090909,0.25,0.25,0.222222,0.392157
2020-07-11,Amanda Ribas,Paige VanZant,,kaggle_mdabbert_bestfightodds,,2024-12-14T00:00:00Z,0.222222,0.377358,0.465116,,,
2020-07-11,Volkan Oezdemir,Jiri Prochazka,,kaggle_mdabbert_bestfightodds,,2024-12-14T00:00:00Z,0.425532,0.0625,0.235294,0.285714,0.076923,0.2
2020-07-11,Kamaru Usman,Jorge Masvidal,,kaggle_mdabbert_bestfightodds,,2024-12-14T00:00:00Z,0.333333,0.148148,0.47619,0.253165,0.044444,0.085106
2020-07-11,Makwan Amirkhani,Danny Henry,,kaggle_mdabbert_bestfightodds,,2024-12-14T00:00:00Z,0.111111,0.350877,0.294118,0.125,0.137931,0.190476
2020-07-11,Leonardo Santos,Roman Bogatov,,kaggle_mdabbert_bestfightodds,,2024-12-14T00:00:00Z,0.153846,0.181818,0.31746,0.111111,0.1,0.333333
2020-07-11,Marcin Tybura,Maxim Grishin,,kaggle_mdabbert_bestfightodds,,2024-12-14T00:00:00Z,0.2,0.125,0.333333,0.333333,0.076923,0.25
2020-07-11,Raulian Paiva,Zhalgas Zhamagulov,,kaggle_mdabbert_bestfightodds,,2024-12-14T00:00:00Z,0.16,0.166667,0.408163,,,
2020-07-11,Karol Rosa,Vanessa Melo,,kaggle_mdabbert_bestfightodds,,2024-12-14T00:00:00Z,0.166667,0.153846,0.591837,0.074074,0.081633,0.235294
2020-07-11,Martin Day,Davey Grant,,kaggle_mdabbert_bestfightodds,,2024-12-14T00:00:00Z,0.222222,0.142857,0.357143,0.090909,0.142857,0.3125
2020-07-11,Elizeu Zaleski dos Santos,Muslim Salikhov,,kaggle_mdabbert_bestfightodds,,2024-12-14T00:00:00Z,0.153846,0.181818,0.31746,0.350877,0.066667,0.25
2020-07-15,Calvin Kattar,Dan Ige,,kaggle_mdabbert_bestfightodds,,2024-12-14T00:00:00Z,0.565217,0.1,0.3125,0.142857,0.133333,0.2
2020-07-15,Tim Elliott,Ryan Benoit,,kaggle_mdabbert_bestfightodds,,2024-12-14T00:00:00Z,0.090909,0.25,0.384615,0.222222,0.125,0.266667
2020-07-15,Jimmie Rivera,Cody Stamann,,kaggle_mdabbert_bestfightodds,,2024-12-14T00:00:00Z,0.117647,0.090909,0.465116,0.133333,0.117647,0.4
2020-07-15,Molly McCann,Taila Santos,,kaggle_mdabbert_bestfightodds,,2024-12-14T00:00:00Z,0.142857,0.074074,0.465116,0.137931,0.105263,0.3125
2020-07-15,Abdul Razak Alhassan,Mounir Lazzez,,kaggle_mdabbert_bestfightodds,,2024-12-14T00:00:00Z,0.677419,0.083333,0.148148,0.222222,0.0625,0.142857
2020-07-15,John Phillips,Khamzat Chimaev,,kaggle_mdabbert_bestfightodds,,2024-12-14T00:00:00Z,0.173913,0.076923,0.117647,0.210526,0.591837,0.153846
2020-07-15,Modestas Bukauskas,Andreas Michailidis,,kaggle_mdabbert_bestfightodds,,2024-12-14T00:00:00Z,0.454545,0.1,0.210526,0.25,0.090909,0.153846
2020-07-15,Jared Gordon,Chris Fishgold,,kaggle_mdabbert_bestfightodds,,2024-12-14T00:00:00Z,0.2,0.137931,0.333333,0.222222,0.25,0.142857
2020-07-15,Diana Belbita,Liana Jojua,,kaggle_mdabbert_bestfightodds,,2024-12-14T00:00:00Z,0.222222,0.125,0.47619,0.0625,0.173913,0.25
2020-07-15,Jack Shore,Aaron Phillips,,kaggle_mdabbert_bestfightodds,,2024-12-14T00:00:00Z,0.235294,0.6,0.273973,0.173913,0.076923,0.117647
2020-07-15,Ricardo Ramos,Lerone Murphy,,kaggle_mdabbert_bestfightodds,,2024-12-14T00:00:00Z,0.105263,0.25,0.384615,0.190476,0.047619,0.25
2020-07-18,Deiveson Figueiredo,Joseph Benavidez,,kaggle_mdabbert_bestfightodds,,2024-12-14T00:00:00Z,0.534884,0.142857,0.2,0.142857,0.1,0.25
2020-07-18,Jack Hermansson,Kelvin Gastelum,,kaggle_mdabbert_bestfightodds,,2024-12-14T00:00:00Z,0.117647,0.190476,0.344828,0.25,0.105263,0.285714
2020-07-18,Marc Diakiese,Rafael Fiziev,,kaggle_mdabbert_bestfightodds,,2024-12-14T00:00:00Z,0.210526,0.074074,0.408163,0.173913,0.074074,0.25
2020-07-18,Ariane Lipski,Luana Carolina,,kaggle_mdabbert_bestfightodds,,2024-12-14T00:00:00Z,0.166667,0.117647,0.416667,0.081633,0.074074,0.4
2020-07-18,Alexandre Pantoja,Askar Askarov,,kaggle_mdabbert_bestfightodds,,2024-12-14T00:00:00Z,0.2,0.142857,0.444444,0.090909,0.095238,0.285714
2020-07-18,Joe Duffy,Joel Alvarez,,kaggle_mdabbert_bestfightodds,,2024-12-14T00:00:00Z,0.222222,0.2,0.444444,0.111111,0.166667,0.125
2020-07-18,Grant Dawson,Nad Narimani,,kaggle_mdabbert_bestfightodds,,2024-12-14T00:00:00Z,0.111111,0.333333,0.392157,0.111111,0.081633,0.210526
2020-07-18,Brett Johns,Montel Jackson,,kaggle_mdabbert_bestfightodds,,2024-12-14T00:00:00Z,0.081633,0.153846,0.235294,0.181818,0.125,0.534884
2020-07-18,Malcolm Gordon,Amir Albazi,,kaggle_mdabbert_bestfightodds,,2024-12-14T00:00:00Z,0.125,0.166667,0.2,0.222222,0.222222,0.30303
2020-07-18,Davi Ramos,Arman Tsarukyan,,kaggle_mdabbert_bestfightodds,,2024-12-14T00:00:00Z,0.111111,0.2,0.181818,0.125,0.090909,0.591837
2020-07-18,Carlos Felipe,Serghei Spivac,,kaggle_mdabbert_bestfightodds,,2024-12-14T00:00:00Z,0.294118,0.055556,0.173913,,,
2020-07-18,Roman Dolidze,Khadis Ibragimov,,kaggle_mdabbert_bestfightodds,,2024-12-14T00:00:00Z,0.384615,0.111111,0.222222,0.181818,0.111111,0.2
2020-07-25,Robert Whittaker,Darren Till,,kaggle_mdabbert_bestfightodds,,2024-12-14T00:00:00Z,0.333333,0.1,0.285714,0.294118,0.1,0.25
2020-07-25,Mauricio Rua,Rogerio Nogueira,,kaggle_mdabbert_bestfightodds,,2024-12-14T00:00:00Z,0.47619,0.1,0.266667,0.210526,0.153846,0.166667
2020-07-25,Fabricio Werdum,Alexander Gustafsson,,kaggle_mdabbert_bestfightodds,,2024-12-14T00:00:00Z,0.1,0.153846,0.142857,0.454545,0.066667,0.37037
2020-07-25,Paul Craig,Gadzhimurad Antigulov,,kaggle_mdabbert_bestfightodds,,2024-12-14T00:00:00Z,0.222222,0.294118,0.16,0.235294,0.222222,0.133333
2020-07-25,Alex Oliveira,Peter Sobotta,,kaggle_mdabbert_bestfightodds,,2024-12-14T00:00:00Z,0.285714,0.153846,0.285714,0.125,0.210526,0.222222
2020-07-25,Khamzat Chimaev,Rhys McKee,,kaggle_mdabbert_bestfightodds,,2024-12-14T00:00:00Z,0.425532,0.5,0.181818,0.076923,0.055556,0.0625
2020-07-25,Carla Esparza,Marina Rodriguez,,kaggle_mdabbert_bestfightodds,,2024-12-14T00:00:00Z,0.055556,0.090909,0.333333,0.235294,0.111111,0.534884
2020-07-25,Nicolas Dalby,Jesse Ronson,,kaggle_mdabbert_bestfightodds,,2024-12-14T00:00:00Z,0.222222,0.133333,0.487805,0.133333,0.055556,0.2
2020-07-25,Tom Aspinall,Jake Collier,,kaggle_mdabbert_bestfightodds,,2024-12-14T00:00:00Z,0.52381,0.111111,0.222222,0.1,0.081633,0.210526
2020-07-25,Movsar Evloev,Mike Grundy,,kaggle_mdabbert_bestfightodds,,2024-12-14T00:00:00Z,0.16,0.1,0.487805,0.111111,0.117647,0.266667
2020-07-25,Tanner Boser,Raphael Pessoa,,kaggle_mdabbert_bestfightodds,,2024-12-14T00:00:00Z,0.294118,0.047619,0.52381,0.142857,0.074074,0.181818
2020-07-25,Bethe Correia,Pannie Kianzad,,kaggle_mdabbert_bestfightodds,,2024-12-14T00:00:00Z,0.074074,0.047619,0.357143,0.105263,0.111111,0.5
2020-07-25,Ramazan Emeev,Niklas Stolze,,kaggle_mdabbert_bestfightodds,,2024-12-14T00:00:00Z,0.133333,0.166667,0.277778,0.117647,0.0625,0.133333
2020-07-25,Nathaniel Wood,John Castaneda,,kaggle_mdabbert_bestfightodds,,2024-12-14T00:00:00Z,0.2,0.384615,0.357143,0.081633,0.055556,0.16
2020-07-25,Francisco Trinaldo,Jai Herbert,,kaggle_mdabbert_bestfightodds,,2024-12-14T00:00:00Z,0.2,0.153846,0.285714,0.210526,0.055556,0.3125
2020-08-01,Derek Brunson,Edmen Shahbazyan,,kaggle_mdabbert_bestfightodds,,2024-12-14T00:00:00Z,0.181818,0.0625,0.153846,0.622642,0.090909,0.173913
2020-08-01,Joanne Calderwood,Jennifer Maia,,kaggle_mdabbert_bestfightodds,,2024-12-14T00:00:00Z,0.125,0.111111,0.534884,0.081633,0.111111,0.333333
2020-08-01,Vicente Luque,Randy Brown,,kaggle_mdabbert_bestfightodds,,2024-12-14T00:00:00Z,0.37037,0.166667,0.235294,0.2,0.081633,0.2
2020-08-01,Frankie Saenz,Jonathan Martinez,,kaggle_mdabbert_bestfightodds,,2024-12-14T00:00:00Z,0.081633,0.0625,0.277778,0.3125,0.090909,0.416667
2020-08-01,Johnny Munoz,Nate Maness,,kaggle_mdabbert_bestfightodds,,2024-12-14T00:00:00Z,,,,0.238095,0.055556,0.3125
2020-08-01,Jamall Emmers,Vince Cachero,,kaggle_mdabbert_bestfightodds,,2024-12-14T00:00:00Z,0.37037,0.16,0.384615,0.080321,0.068259,0.117647
2020-08-01,Lando Vannata,Bobby Green,,kaggle_mdabbert_bestfightodds,,2024-12-14T00:00:00Z,0.181818,0.1,0.408163,0.153846,0.090909,0.344828
2020-08-08,Derrick Lewis,Aleksei Oleinik,,kaggle_mdabbert_bestfightodds,,2024-12-14T00:00:00Z,0.607843,0.047619,0.125,0.125,0.357143,0.111111
2020-08-08,Omari Akhmedov,Chris Weidman,,kaggle_mdabbert_bestfightodds,,2024-12-14T00:00:00Z,0.285714,0.047619,0.190476,0.166667,0.2,0.333333
2020-08-08,Maki Pitolo,Darren Stewart,,kaggle_mdabbert_bestfightodds,,2024-12-14T00:00:00Z,0.235294,0.090909,0.210526,0.37037,0.0625,0.285714
2020-08-08,Yana Kunitskaya,Julija Stoliarenko,,kaggle_mdabbert_bestfightodds,,2024-12-14T00:00:00Z,0.166667,0.111111,0.512195,0.090909,0.25,0.153846
2020-08-08,Beneil Dariush,Scott Holtzman,,kaggle_mdabbert_bestfightodds,,2024-12-14T00:00:00Z,0.181818,0.3125,0.294118,0.2,0.047619,0.222222
2020-08-08,Nasrat Haqparast,Alex Munoz,,kaggle_mdabbert_bestfightodds,,2024-12-14T00:00:00Z,0.363636,0.055556,0.344828,0.111111,0.0625,0.25
2020-08-08,Kevin Holland,Joaquin Buckley,,kaggle_mdabbert_bestfightodds,,2024-12-14T00:00:00Z,0.338983,0.298507,0.25,0.153846,0.0625,0.090909
2020-08-08,Andrew Sanchez,Wellington Turman,,kaggle_mdabbert_bestfightodds,,2024-12-14T00:00:00Z,0.1,0.074074,0.384615,0.166667,0.142857,0.384615
2020-08-08,Gavin Tucker,Justin Jaynes,,kaggle_mdabbert_bestfightodds,,2024-12-14T00:00:00Z,0.125,0.181818,0.350877,0.266667,0.0625,0.222222
2020-08-08,Youssef Zalal,Peter Barrett,,kaggle_mdabbert_bestfightodds,,2024-12-14T00:00:00Z,0.235294,0.285714,0.416667,0.074074,0.055556,0.166667
2020-08-08,Irwin Rivera,Ali Qaisi,,kaggle_mdabbert_bestfightodds,,2024-12-14T00:00:00Z,0.285714,0.076923,0.4,0.074074,0.142857,0.25
2020-08-08,Tim Means,Laureano Staropoli,,kaggle_mdabbert_bestfightodds,,2024-12-14T00:00:00Z,0.190476,0.125,0.25,0.266667,0.066667,0.285714
2020-08-15,Sean O'Malley,Marlon Vera,,kaggle_mdabbert_bestfightodds,,2024-12-14T00:00:00Z,0.454545,0.111111,0.392157,0.111111,0.166667,0.142857
2020-08-15,Junior Dos Santos,Jairzinho Rozenstruik,,kaggle_mdabbert_bestfightodds,,2024-12-14T00:00:00Z,0.25,0.111111,0.222222,0.5,0.032258,0.142857
2020-08-15,John Dodson,Merab Dvalishvili,,kaggle_mdabbert_bestfightodds,,2024-12-14T00:00:00Z,0.210526,0.0625,0.181818,0.090909,0.090909,0.649123
2020-08-15,Jim Miller,Vinc Pichel,,kaggle_mdabbert_bestfightodds,,2024-12-14T00:00:00Z,0.111111,0.285714,0.222222,0.222222,0.0625,0.357143
2020-08-15,Stipe Miocic,Daniel Cormier,,kaggle_mdabbert_bestfightodds,,2024-12-14T00:00:00Z,0.392157,0.047619,0.2,0.285714,0.142857,0.235294
2020-08-15,Felice Herrig,Virna Jandiroba,,kaggle_mdabbert_bestfightodds,,2024-12-14T00:00:00Z,0.0625,0.047619,0.222222,0.090909,0.333333,0.487805
2020-08-15,Herbert Burns,Daniel Pineda,,kaggle_mdabbert_bestfightodds,,2024-12-14T00:00:00Z,0.166667,0.555556,0.148148,0.190476,0.1,0.125
2020-08-15,TJ Brown,Danny Chavez,,kaggle_mdabbert_bestfightodds,,2024-12-14T00:00:00Z,0.166667,0.266667,0.25,0.235294,0.0625,0.210526
2020-08-15,Chris Daukaus,Parker Porter,,kaggle_mdabbert_bestfightodds,,2024-12-14T00:00:00Z,0.344828,0.081633,0.153846,0.357143,0.125,0.166667
2020-08-15,Ashley Yoder,Livinha Souza,,kaggle_mdabbert_bestfightodds,,2024-12-14T00:00:00Z,0.058824,0.074074,0.357143,0.137931,0.210526,0.487805
2020-08-22,Pedro Munhoz,Frankie Edgar,,kaggle_mdabbert_bestfightodds,,2024-12-14T00:00:00Z,0.487805,0.190476,0.210526,0.142857,0.074074,0.25
2020-08-22,Marcin Prachnio,Mike Rodriguez,,kaggle_mdabbert_bestfightodds,,2024-12-14T00:00:00Z,0.210526,0.090909,0.190476,0.565217,0.0625,0.153846
2020-08-22,Mariya Agapova,Shana Dobson,,kaggle_mdabbert_bestfightodds,,2024-12-14T00:00:00Z,0.434783,0.408163,0.2,0.05,0.038462,0.074074
2020-08-22,Daniel Rodriguez,Dwight Grant,,kaggle_mdabbert_bestfightodds,,2024-12-14T00:00:00Z,0.565217,0.0625,0.153846,0.193424,0.047619,0.191205
2020-08-22,Amanda Lemos,Mizuki Inoue,,kaggle_mdabbert_bestfightodds,,2024-12-14T00:00:00Z,0.16,0.166667,0.266667,0.090909,0.16,0.454545
2020-08-22,Ike Villanueva,Jordan Wright,,kaggle_mdabbert_bestfightodds,,2024-12-14T00:00:00Z,0.392157,0.038462,0.125,0.363636,0.125,0.181818
2020-08-22,Carlton Minus,Matthew Semelsberger,,kaggle_mdabbert_bestfightodds,,2024-12-14T00:00:00Z,0.142857,0.090909,0.384615,0.25,0.111111,0.25
2020-08-22,Timur Valiev,Trevin Jones,,kaggle_mdabbert_bestfightodds,,2024-12-14T00:00:00Z,0.181818,0.2,0.574468,0.090909,0.081633,0.133333
2020-08-22,Austin Hubbard,Joe Solecki,,kaggle_mdabbert_bestfightodds,,2024-12-14T00:00:00Z,0.133333,0.081633,0.357143,0.133333,0.222222,0.384615
2020-08-29,Anthony Smith,Aleksandar Rakic,,kaggle_mdabbert_bestfightodds,,2024-12-14T00:00:00Z,0.153846,0.166667,0.166667,0.487805,0.076923,0.31746
2020-08-29,Robbie Lawler,Neil Magny,,kaggle_mdabbert_bestfightodds,,2024-12-14T00:00:00Z,0.222222,0.066667,0.2,0.142857,0.142857,0.6
2020-08-29,Ji Yeon Kim,Alexa Grasso,,kaggle_mdabbert_bestfightodds,,2024-12-14T00:00:00Z,0.111111,0.090909,0.222222,0.142857,0.111111,0.62963
2020-08-29,Ricardo Lamas,Bill Algeo,,kaggle_mdabbert_bestfightodds,,2024-12-14T00:00:00Z,0.357143,0.25,0.285714,0.111111,0.074074,0.166667
2020-08-29,Alessio Di Chirico,Zak Cummings,,kaggle_mdabbert_bestfightodds,,2024-12-14T00:00:00Z,0.181818,0.090909,0.384615,0.111111,0.181818,0.357143
2020-08-29,Mallory Martin,Hannah Cifers,,kaggle_mdabbert_bestfightodds,,2024-12-14T00:00:00Z,0.153846,0.210526,0.52381,0.081633,0.0625,0.222222
2020-08-29,Sean Brady,Christian Aguilera,,kaggle_mdabbert_bestfightodds,,2024-12-14T00:00:00Z,0.294118,0.173913,0.416667,0.166667,0.047619,0.153846
2020-08-29,Maki Pitolo,Impa Kasanganay,,kaggle_mdabbert_bestfightodds,,2024-12-14T00:00:00Z,0.25,0.0625,0.2,0.166667,0.125,0.377358
2020-08-29,Alex Caceres,Austin Springer,,kaggle_mdabbert_bestfightodds,,2024-12-14T00:00:00Z,0.153846,0.166667,0.47619,0.142857,0.16,0.235294
2020-08-29,Polyana Viana,Emily Whitmire,,kaggle_mdabbert_bestfightodds,,2024-12-14T00:00:00Z,0.090909,0.235294,0.25,0.111111,0.16,0.37037
2020-09-05,Cole Smith,Hunter Azure,,kaggle_mdabbert_bestfightodds,,2024-12-14T00:00:00Z,0.081633,0.133333,0.222222,0.210526,0.117647,0.487805
2020-09-05,Viviane Araujo,Montana De La Rosa,,kaggle_mdabbert_bestfightodds,,2024-12-14T00:00:00Z,0.153846,0.142857,0.454545,0.0625,0.133333,0.285714
2020-09-05,Andre Muniz,Bartosz Fabinski,,kaggle_mdabbert_bestfightodds,,2024-12-14T00:00:00Z,0.111111,0.285714,0.166667,0.166667,0.047619,0.487805
2020-09-05,Brian Kelleher,Ray Rodriguez,,kaggle_mdabbert_bestfightodds,,2024-12-14T00:00:00Z,0.169492,0.327869,0.37037,0.111732,0.141844,0.078989
2020-09-05,Michel Pereira,Zelim Imadaev,,kaggle_mdabbert_bestfightodds,,2024-12-14T00:00:00Z,0.37037,0.074074,0.222222,0.222222,0.117647,0.266667
2020-09-05,Ovince Saint Preux,Alonzo Menifield,,kaggle_mdabbert_bestfightodds,,2024-12-14T00:00:00Z,0.125,0.294118,0.166667,0.384615,0.066667,0.222222
2020-09-05,Alistair Overeem,Augusto Sakai,,kaggle_mdabbert_bestfightodds,,2024-12-14T00:00:00Z,0.416667,0.111111,0.25,0.322581,0.081633,0.2
2020-09-12,Michelle Waterson,Angela Hill,,kaggle_mdabbert_bestfightodds,,2024-12-14T00:00:00Z,0.090909,0.2,0.322581,0.142857,0.111111,0.47619
2020-09-12,Ottman Azaitar,Khama Worthy,,kaggle_mdabbert_bestfightodds,,2024-12-14T00:00:00Z,0.344828,0.055556,0.166667,0.357143,0.1,0.2
2020-09-12,Roxanne Modafferi,Andrea Lee,,kaggle_mdabbert_bestfightodds,,2024-12-14T00:00:00Z,0.0625,0.081633,0.222222,0.117647,0.105263,0.622642
2020-09-12,Ed Herman,Mike Rodriguez,,kaggle_mdabbert_bestfightodds,,2024-12-14T00:00:00Z,0.125,0.090909,0.2,0.574468,0.047619,0.2
2020-09-12,Billy Quarantillo,Kyle Nelson,,kaggle_mdabbert_bestfightodds,,2024-12-14T00:00:00Z,0.25,0.3125,0.266667,0.181818,0.074074,0.142857
2020-09-12,Alexandr Romanov,Roque Martinez,,kaggle_mdabbert_bestfightodds,,2024-12-14T00:00:00Z,0.6,0.2,0.147059,0.15625,0.038462,0.097561
2020-09-12,Roosevelt Roberts,Kevin Croom,,kaggle_mdabbert_bestfightodds,,2024-12-14T00:00:00Z,0.111111,0.2,0.3125,0.067797,0.095238,0.133333
2020-09-12,Bobby Green,Alan Patrick,,kaggle_mdabbert_bestfightodds,,2024-12-14T00:00:00Z,0.222222,0.090909,0.545455,0.090909,0.081633,0.222222
2020-09-12,Brok Weaver,Jalin Turner,,kaggle_mdabbert_bestfightodds,,2024-12-14T00:00:00Z,0.13986,0.058824,0.123457,0.487805,0.153846,0.25
2020-09-12,Bryan Barberena,Anthony Ivy,,kaggle_mdabbert_bestfightodds,,2024-12-14T00:00:00Z,0.465116,0.181818,0.235294,0.181818,0.090909,0.142857
2020-09-12,Sabina Mazo,Justine Kish,,kaggle_mdabbert_bestfightodds,,2024-12-14T00:00:00Z,0.125,0.1,0.565217,0.111111,0.1,0.222222
2020-09-12,Julia Avila,Sijara Eubanks,,kaggle_mdabbert_bestfightodds,,2024-12-14T00:00:00Z,0.246914,0.117647,0.565217,0.090909,0.074074,0.2
2020-09-19,Jordan Espinosa,David Dvorak,,kaggle_mdabbert_bestfightodds,,2024-12-14T00:00:00Z,0.095238,0.095238,0.384615,0.125,0.153846,0.344828
2020-09-19,Colby Covington,Tyron Woodley,,kaggle_mdabbert_bestfightodds,,2024-12-14T00:00:00Z,0.173913,0.095238,0.574468,0.181818,0.090909,0.087719
2020-09-19,Khamzat Chimaev,Gerald Meerschaert,,kaggle_mdabbert_bestfightodds,,2024-12-14T00:00:00Z,0.487805,0.344828,0.210526,0.1,0.166667,0.090909
2020-09-19,Mackenzie Dern,Randa Markos,,kaggle_mdabbert_bestfightodds,,2024-12-14T00:00:00Z,0.1,0.434783,0.277778,0.111111,0.081633,0.333333
2020-09-19,Mirsad Bektic,Damon Jackson,,kaggle_mdabbert_bestfightodds,,2024-12-14T00:00:00Z,0.357143,0.2,0.321543,0.097943,0.102564,0.111111
2020-09-19,Johnny Walker,Ryan Spann,,kaggle_mdabbert_bestfightodds,,2024-12-14T00:00:00Z,0.444444,0.090909,0.166667,0.235294,0.181818,0.173913
2020-09-19,Jessica-Rose Clark,Sarah Alpar,,kaggle_mdabbert_bestfightodds,,2024-12-14T00:00:00Z,0.125,0.133333,0.545455,0.074074,0.090909,0.266667
2020-09-19,Mayra Bueno Silva,Mara Romero Borella,,kaggle_mdabbert_bestfightodds,,2024-12-14T00:00:00Z,0.181818,0.333333,0.344828,0.125,0.133333,0.16
2020-09-19,Tyson Nam,Jerome Rivera,,kaggle_mdabbert_bestfightodds,,2024-12-14T00:00:00Z,0.384615,0.055556,0.266667,0.133333,0.090909,0.222222
2020-09-19,Andre Ewell,Irwin Rivera,,kaggle_mdabbert_bestfightodds,,2024-12-14T00:00:00Z,0.166667,0.105263,0.555556,0.133333,0.090909,0.222222
2020-09-19,Kevin Holland,Darren Stewart,,kaggle_mdabbert_bestfightodds,,2024-12-14T00:00:00Z,0.210526,0.166667,0.444444,0.133333,0.090909,0.181818
2020-09-19,Darrick Minner,TJ Laramie,,kaggle_mdabbert_bestfightodds,,2024-12-14T00:00:00Z,0.095238,0.181818,0.125,0.465116,0.235294,0.25
2020-09-19,Journey Newson,Randy Costa,,kaggle_mdabbert_bestfightodds,,2024-12-14T00:00:00Z,0.357143,0.166667,0.166667,0.266667,0.081633,0.190476
2020-09-26,Dominick Reyes,Jan Blachowicz,,kaggle_mdabbert_bestfightodds,,2024-12-14T00:00:00Z,0.5,0.063492,0.294118,0.178571,0.117647,0.119048
2020-09-26,Kai Kara-France,Brandon Royval,,kaggle_mdabbert_bestfightodds,,2024-12-14T00:00:00Z,0.166667,0.070175,0.52381,0.084388,0.222222,0.117647
2020-09-26,Ketlen Vieira,Sijara Eubanks,,kaggle_mdabbert_bestfightodds,,2024-12-14T00:00:00Z,0.076923,0.120482,0.52381,0.105263,0.090909,0.25974
2020-09-26,Hakeem Dawodu,Zubaira Tukhugov,,kaggle_mdabbert_bestfightodds,,2024-12-14T00:00:00Z,0.185185,0.047619,0.338983,0.199203,0.117647,0.287356
2020-09-26,Israel Adesanya,Paulo Costa,,kaggle_mdabbert_bestfightodds,,2024-12-14T00:00:00Z,0.408163,0.041667,0.285714,0.285714,0.063898,0.134228
2020-09-26,Diego Sanchez,Jake Matthews,,kaggle_mdabbert_bestfightodds,,2024-12-14T00:00:00Z,0.045455,0.066007,0.111111,0.37037,0.190476,0.384615
2020-09-26,Shane Young,Ludovit Klein,,kaggle_mdabbert_bestfightodds,,2024-12-14T00:00:00Z,0.145985,0.132979,0.289855,0.350877,0.071429,0.190476
2020-09-26,William Knight,Aleksa Camur,,kaggle_mdabbert_bestfightodds,,2024-12-14T00:00:00Z,0.31746,0.083333,0.086957,0.357143,0.043478,0.277778
2020-09-26,Juan Espino,Jeff Hughes,,kaggle_mdabbert_bestfightodds,,2024-12-14T00:00:00Z,0.133333,0.465116,0.243902,0.119474,0.043478,0.190476
2020-09-26,Khadis Ibragimov,Danilo Marques,,kaggle_mdabbert_bestfightodds,,2024-12-14T00:00:00Z,0.4,0.105263,0.246914,0.162602,0.183486,0.142857
2020-09-26,Brad Riddell,Alex Da Silva,,kaggle_mdabbert_bestfightodds,,2024-12-14T00:00:00Z,0.384615,0.072727,0.392157,0.125,0.148148,0.137931
2020-10-03,Holly Holm,Irene Aldana,,kaggle_mdabbert_bestfightodds,,2024-12-14T00:00:00Z,0.153846,0.066667,0.4,0.166667,0.090909,0.307692
2020-10-03,Yorgan De Castro,Carlos Felipe,,kaggle_mdabbert_bestfightodds,,2024-12-14T00:00:00Z,0.5,0.047619,0.222222,0.2,0.058824,0.117647
2020-10-03,Germaine de Randamie,Julianna Pena,,kaggle_mdabbert_bestfightodds,,2024-12-14T00:00:00Z,0.235294,0.052632,0.333333,0.1,0.166667,0.307692
2020-10-03,Kyler Phillips,Cameron Else,,kaggle_mdabbert_bestfightodds,,2024-12-14T00:00:00Z,0.47619,0.2,0.222222,0.090909,0.066667,0.117647
2020-10-03,Dequan Townsend,Dusko Todorovic,,kaggle_mdabbert_bestfightodds,,2024-12-14T00:00:00Z,0.142857,0.066667,0.117647,0.363636,0.090909,0.384615
2020-10-03,Jordan Williams,Nassourdine Imavov,,kaggle_mdabbert_bestfightodds,,2024-12-14T00:00:00Z,0.333333,0.066667,0.2,0.210526,0.125,0.181818
2020-10-03,Casey Kenney,Heili Alateng,,kaggle_mdabbert_bestfightodds,,2024-12-14T00:00:00Z,0.108108,0.2,0.47619,0.105263,0.066667,0.166667
2020-10-03,Luigi Vendramini,Jessin Ayari,,kaggle_mdabbert_bestfightodds,,2024-12-14T00:00:00Z,0.142857,0.222222,0.266667,0.181818,0.117647,0.307692
2020-10-03,Carlos Condit,Court McGee,,kaggle_mdabbert_bestfightodds,,2024-12-14T00:00:00Z,0.142857,0.125,0.277778,0.1,0.090909,0.4
2020-10-03,Loma Lookboonmee,Jinh Yu Frey,,kaggle_mdabbert_bestfightodds,,2024-12-14T00:00:00Z,0.125,0.066667,0.5,0.076923,0.090909,0.357143
2020-10-10,Youssef Zalal,Ilia Topuria,,kaggle_mdabbert_bestfightodds,,2024-12-14T00:00:00Z,0.181818,0.095238,0.384615,0.111111,0.333333,0.117647
2020-10-10,Marlon Moraes,Cory Sandhagen,,kaggle_mdabbert_bestfightodds,,2024-12-14T00:00:00Z,0.235294,0.125,0.153846,0.25,0.142857,0.235294
2020-10-10,Edson Barboza,Makwan Amirkhani,,kaggle_mdabbert_bestfightodds,,2024-12-14T00:00:00Z,0.434783,0.058824,0.294118,0.066667,0.2,0.153846
2020-10-10,Ben Rothwell,Marcin Tybura,,kaggle_mdabbert_bestfightodds,,2024-12-14T00:00:00Z,0.307692,0.117647,0.30303,0.133333,0.058824,0.266667
2020-10-10,Markus Perez,Dricus Du Plessis,,kaggle_mdabbert_bestfightodds,,2024-12-14T00:00:00Z,0.153846,0.173913,0.181818,0.266667,0.137931,0.307692
2020-10-10,Tom Aspinall,Alan Baudot,,kaggle_mdabbert_bestfightodds,,2024-12-14T00:00:00Z,0.655172,0.181818,0.142857,0.125,0.047619,0.083333
2020-10-10,Tom Breese,KB Bhullar,,kaggle_mdabbert_bestfightodds,,2024-12-14T00:00:00Z,0.25,0.166667,0.4,0.142857,0.090909,0.153846
2020-10-10,Impa Kasanganay,Joaquin Buckley,,kaggle_mdabbert_bestfightodds,,2024-12-14T00:00:00Z,0.2,0.076923,0.47619,0.181818,0.066667,0.166667
2020-10-10,Ali AlQaisi,Tony Kelley,,kaggle_mdabbert_bestfightodds,,2024-12-14T00:00:00Z,,,,0.2,0.181818,0.4
2020-10-10,Giga Chikadze,Omar Morales,,kaggle_mdabbert_bestfightodds,,2024-12-14T00:00:00Z,0.153846,0.076923,0.294118,0.16,0.111111,0.384615
2020-10-10,Tracy Cortez,Stephanie Egger,,kaggle_mdabbert_bestfightodds,,2024-12-14T00:00:00Z,0.125,0.117647,0.465116,0.090909,0.148148,0.235294
2020-10-10,Bruno Silva,Tagir Ulanbekov,,kaggle_mdabbert_bestfightodds,,2024-12-14T00:00:00Z,0.090909,0.066667,0.16,0.1,0.31746,0.465116
2020-10-10,Chris Daukaus,Rodrigo Nascimento,,kaggle_mdabbert_bestfightodds,,2024-12-14T00:00:00Z,0.240964,0.058824,0.083333,0.117647,0.52381,0.173913
2020-10-17,Brian Ortega,Chan Sung Jung,,kaggle_mdabbert_bestfightodds,,2024-12-14T00:00:00Z,0.095238,0.25974,0.162602,0.465116,0.097561,0.207039
2020-10-17,Katlyn Chookagian,Jessica Andrade,,kaggle_mdabbert_bestfightodds,,2024-12-14T00:00:00Z,0.052632,0.090909,0.384615,0.2,0.076923,0.344828
2020-10-17,Jimmy Crute,Modestas Bukauskas,,kaggle_mdabbert_bestfightodds,,2024-12-14T00:00:00Z,0.222222,0.4,0.181818,0.186916,0.057971,0.117647
2020-10-17,Claudio Silva,James Krause,,kaggle_mdabbert_bestfightodds,,2024-12-14T00:00:00Z,0.088889,0.277778,0.172414,0.2,0.083333,0.4
2020-10-17,Thomas Almeida,Jonathan Martinez,,kaggle_mdabbert_bestfightodds,,2024-12-14T00:00:00Z,0.285714,0.066667,0.222222,0.235294,0.066667,0.277778
2020-10-17,Mateusz Gamrot,Guram Kutateladze,,kaggle_mdabbert_bestfightodds,,2024-12-14T00:00:00Z,0.142857,0.173913,0.47619,0.166667,0.058824,0.148148
2020-10-17,Gillian Robertson,Poliana Botelho,,kaggle_mdabbert_bestfightodds,,2024-12-14T00:00:00Z,0.076923,0.4,0.222222,0.181818,0.034483,0.222222
2020-10-17,Junyong Park,John Phillips,,kaggle_mdabbert_bestfightodds,,2024-12-14T00:00:00Z,0.277778,0.298507,0.333333,0.285714,0.034483,0.076923
2020-10-17,Jamie Mullarkey,Fares Ziam,,kaggle_mdabbert_bestfightodds,,2024-12-14T00:00:00Z,0.142857,0.181818,0.333333,0.166667,0.076923,0.285714
2020-10-17,Gadzhimurad Antigulov,Maxim Grishin,,kaggle_mdabbert_bestfightodds,,2024-12-14T00:00:00Z,0.076923,0.142857,0.1,0.47619,0.181818,0.210526
2020-10-17,Said Nurmagomedov,Mark Striegl,,kaggle_mdabbert_bestfightodds,,2024-12-14T00:00:00Z,0.2,0.125,0.534884,0.0625,0.117647,0.133333
2020-10-24,Khabib Nurmagomedov,Justin Gaethje,,kaggle_mdabbert_bestfightodds,,2024-12-14T00:00:00Z,0.190476,0.377358,0.25,0.222222,0.038462,0.111111
2020-10-24,Robert Whittaker,Jared Cannonier,,kaggle_mdabbert_bestfightodds,,2024-12-14T00:00:00Z,0.2,0.052632,0.322581,0.4,0.038462,0.166667
2020-10-24,Alexander Volkov,Walt Harris,,kaggle_mdabbert_bestfightodds,,2024-12-14T00:00:00Z,0.285714,0.111111,0.31746,0.307692,0.052632,0.125
2020-10-24,Jacob Malkoun,Phillip Hawes,,kaggle_mdabbert_bestfightodds,,2024-12-14T00:00:00Z,0.166667,0.090909,0.166667,0.47619,0.125,0.2
2020-10-24,Lauren Murphy,Liliya Shakirova,,kaggle_mdabbert_bestfightodds,,2024-12-14T00:00:00Z,0.133333,0.111111,0.52381,0.076923,0.066667,0.307692
2020-10-24,Joel Alvarez,Alexander Yakovlev,,kaggle_mdabbert_bestfightodds,,2024-12-14T00:00:00Z,0.153846,0.350877,0.2,0.142857,0.111111,0.266667
2020-10-24,Stefan Struve,Tai Tuivasa,,kaggle_mdabbert_bestfightodds,,2024-12-14T00:00:00Z,0.117647,0.285714,0.235294,0.4,0.02439,0.142857
2020-10-24,Nathaniel Wood,Casey Kenney,,kaggle_mdabbert_bestfightodds,,2024-12-14T00:00:00Z,0.121212,0.133333,0.25641,0.117647,0.133333,0.425532
2020-10-24,Alex Oliveira,Shavkat Rakhmonov,,kaggle_mdabbert_bestfightodds,,2024-12-14T00:00:00Z,0.166667,0.166667,0.25,0.2,0.148148,0.25
2020-10-24,Liana Jojua,Miranda Maverick,,kaggle_mdabbert_bestfightodds,,2024-12-14T00:00:00Z,0.058824,0.133333,0.153846,0.2,0.350877,0.307692
2020-10-24,Magomed Ankalaev,Ion Cutelaba,,kaggle_mdabbert_bestfightodds,,2024-12-14T00:00:00Z,0.47619,0.111111,0.25,0.210526,0.043478,0.076923
2020-10-31,Uriah Hall,Anderson Silva,,kaggle_mdabbert_bestfightodds,,2024-12-14T00:00:00Z,0.425532,0.052632,0.285714,0.153846,0.058824,0.181818
2020-10-31,Bryce Mitchell,Andre Fili,,kaggle_mdabbert_bestfightodds,,2024-12-14T00:00:00Z,0.076923,0.333333,0.285714,0.142857,0.076923,0.285714
2020-10-31,Maurice Greene,Greg Hardy,,kaggle_mdabbert_bestfightodds,,2024-12-14T00:00:00Z,0.125,0.142857,0.117647,0.565217,0.038462,0.235294
2020-10-31,Kevin Holland,Charlie Ontiveros,,kaggle_mdabbert_bestfightodds,,2024-12-14T00:00:00Z,0.666667,0.166667,0.166667,0.076923,0.066667,0.066667
2020-10-31,Bobby Green,Thiago Moises,,kaggle_mdabbert_bestfightodds,,2024-12-14T00:00:00Z,0.166667,0.090909,0.615385,0.076923,0.153846,0.125
2020-10-31,Adrian Yanez,Victor Rodriguez,,kaggle_mdabbert_bestfightodds,,2024-12-14T00:00:00Z,0.6,0.076923,0.217391,0.1,0.076923,0.142857
2020-10-31,Sean Strickland,Jack Marshman,,kaggle_mdabbert_bestfightodds,,2024-12-14T00:00:00Z,0.25,0.25,0.377358,0.142857,0.058824,0.133333
2020-10-31,Cole Williams,Jason Witt,,kaggle_mdabbert_bestfightodds,,2024-12-14T00:00:00Z,0.2,0.076923,0.222222,0.16,0.133333,0.4
2020-10-31,Dustin Jacoby,Justin Ledet,,kaggle_mdabbert_bestfightodds,,2024-12-14T00:00:00Z,0.444444,0.058824,0.363636,0.111111,0.1,0.125
2020-10-31,Miles Johns,Kevin Natividad,,kaggle_mdabbert_bestfightodds,,2024-12-14T00:00:00Z,0.166667,0.090909,0.444444,0.222222,0.090909,0.2
2020-10-31,Chris Gruetzemacher,Alexander Hernandez,,kaggle_mdabbert_bestfightodds,,2024-12-14T00:00:00Z,0.111111,0.066667,0.125,0.285714,0.181818,0.465116
2020-11-07,Thiago Santos,Glover Teixeira,,kaggle_mdabbert_bestfightodds,,2024-12-14T00:00:00Z,0.574468,0.043478,0.166667,0.142857,0.173913,0.1
2020-11-07,Andrei Arlovski,Tanner Boser,,kaggle_mdabbert_bestfightodds,,2024-12-14T00:00:00Z,0.1,0.058824,0.181818,0.416667,0.038462,0.408163
2020-11-07,Raoni Barcelos,Khalid Taha,,kaggle_mdabbert_bestfightodds,,2024-12-14T00:00:00Z,0.181818,0.4,0.307692,0.129032,0.066667,0.125
2020-11-07,Claudia Gadelha,Yan Xiaonan,,kaggle_mdabbert_bestfightodds,,2024-12-14T00:00:00Z,0.076923,0.166667,0.25,0.133333,0.058824,0.52381
2020-11-07,Trevin Giles,Bevon Lewis,,kaggle_mdabbert_bestfightodds,,2024-12-14T00:00:00Z,0.173913,0.090909,0.307692,0.173913,0.066667,0.357143
2020-11-07,Giga Chikadze,Jamey Simmons,,kaggle_mdabbert_bestfightodds,,2024-12-14T00:00:00Z,0.666667,0.117647,0.25974,0.052632,0.043478,0.090909
2020-11-07,Alexandr Romanov,Marcos Rogerio de Lima,,kaggle_mdabbert_bestfightodds,,2024-12-14T00:00:00Z,0.4,0.5,0.083333,,,
2020-11-07,Darren Elkins,Eduardo Garagorri,,kaggle_mdabbert_bestfightodds,,2024-12-14T00:00:00Z,0.142857,0.25,0.416667,0.133333,0.105263,0.153846
2020-11-07,Max Griffin,Ramiz Brahimaj,,kaggle_mdabbert_bestfightodds,,2024-12-14T00:00:00Z,0.190476,0.076923,0.37037,0.1,0.235294,0.210526
2020-11-07,Gustavo Lopez,Anthony Birchak,,kaggle_mdabbert_bestfightodds,,2024-12-14T00:00:00Z,0.266667,0.142857,0.266667,0.133333,0.222222,0.181818
2020-11-14,Paul Felder,Rafael Dos Anjos,,kaggle_mdabbert_bestfightodds,,2024-12-14T00:00:00Z,0.16,0.066667,0.210526,0.173913,0.190476,0.4
2020-11-14,Abdul Razak Alhassan,Khaos Williams,,kaggle_mdabbert_bestfightodds,,2024-12-14T00:00:00Z,0.692308,0.047619,0.111111,0.235294,0.047619,0.133333
2020-11-14,Kay Hansen,Cory McKenna,,kaggle_mdabbert_bestfightodds,,2024-12-14T00:00:00Z,0.090909,0.25,0.454545,0.066667,0.076923,0.285714
2020-11-14,Brendan Allen,Sean Strickland,,kaggle_mdabbert_bestfightodds,,2024-12-14T00:00:00Z,0.111111,0.25,0.263158,0.181818,0.090909,0.322581
2020-11-14,Don'Tale Mayes,Roque Martinez,,kaggle_mdabbert_bestfightodds,,2024-12-14T00:00:00Z,0.434783,0.047619,0.322581,0.166667,0.1,0.166667
2020-11-14,Alex Morono,Rhys McKee,,kaggle_mdabbert_bestfightodds,,2024-12-14T00:00:00Z,0.222222,0.181818,0.333333,0.25,0.076923,0.16
2020-11-14,Randa Markos,Kanako Murata,,kaggle_mdabbert_bestfightodds,,2024-12-14T00:00:00Z,0.058824,0.166667,0.285714,0.076923,0.181818,0.487805
2020-11-14,Geraldo de Freitas,Tony Gravely,,kaggle_mdabbert_bestfightodds,,2024-12-14T00:00:00Z,0.090909,0.181818,0.285714,0.190476,0.090909,0.4
2020-11-14,Ashley Yoder,Miranda Granger,,kaggle_mdabbert_bestfightodds,,2024-12-14T00:00:00Z,0.1,0.153846,0.266667,0.090909,0.148148,0.465116
2020-11-21,Mauricio Rua,Paul Craig,,kaggle_mdabbert_bestfightodds,,2024-12-14T00:00:00Z,0.166667,0.090909,0.25,0.215054,0.285714,0.25
2020-11-21,Valentina Shevchenko,Jennifer Maia,,kaggle_mdabbert_bestfightodds,,2024-12-14T00:00:00Z,0.545455,0.190476,0.333333,0.043478,0.058824,0.052632
2020-11-21,Mike Perry,Tim Means,,kaggle_mdabbert_bestfightodds,,2024-12-14T00:00:00Z,0.266667,0.117647,0.25,0.190476,0.148148,0.266667
2020-11-21,Katlyn Chookagian,Cynthia Calvillo,,kaggle_mdabbert_bestfightodds,,2024-12-14T00:00:00Z,0.066667,0.066667,0.266667,0.1,0.190476,0.574468
2020-11-21,Brandon Moreno,Brandon Royval,,kaggle_mdabbert_bestfightodds,,2024-12-14T00:00:00Z,0.181818,0.129032,0.434783,0.1,0.25,0.148148
2020-11-21,Deiveson Figueiredo,Alex Perez,,kaggle_mdabbert_bestfightodds,,2024-12-14T00:00:00Z,0.574468,0.25,0.125,0.153846,0.066667,0.166667
2020-11-21,Antonina Shevchenko,Ariane Lipski,,kaggle_mdabbert_bestfightodds,,2024-12-14T00:00:00Z,0.545455,0.190476,0.333333,0.114286,0.153846,0.294118
2020-11-21,Daniel Rodriguez,Nicolas Dalby,,kaggle_mdabbert_bestfightodds,,2024-12-14T00:00:00Z,0.444444,0.111111,0.322581,0.095238,0.083333,0.16
2020-11-21,Alan Jouban,Jared Gooden,,kaggle_mdabbert_bestfightodds,,2024-12-14T00:00:00Z,0.363636,0.090909,0.266667,0.266667,0.058824,0.190476
2020-11-21,Kyle Daukaus,Dustin Stoltzfus,,kaggle_mdabbert_bestfightodds,,2024-12-14T00:00:00Z,0.166667,0.307692,0.4,0.1,0.111111,0.16
2020-11-21,Louis Cosce,Sasha Palatnikov,,kaggle_mdabbert_bestfightodds,,2024-12-14T00:00:00Z,0.666667,0.111111,0.16,0.090909,0.076923,0.1
2020-11-21,Joaquin Buckley,Jordan Wright,,kaggle_mdabbert_bestfightodds,,2024-12-14T00:00:00Z,0.666667,0.043478,0.117647,0.210526,0.076923,0.111111
2020-11-28,Anthony Smith,Devin Clark,,kaggle_mdabbert_bestfightodds,,2024-12-14T00:00:00Z,0.266667,0.25,0.181818,0.181818,0.066667,0.294118
2020-11-28,Miguel Baeza,Takashi Sato,,kaggle_mdabbert_bestfightodds,,2024-12-14T00:00:00Z,0.363636,0.173913,0.235294,0.25,0.052632,0.16
2020-11-28,Josh Parisian,Parker Porter,,kaggle_mdabbert_bestfightodds,,2024-12-14T00:00:00Z,0.6,0.066667,0.133333,0.2,0.137931,0.121212
2020-11-28,Spike Carlyle,Bill Algeo,,kaggle_mdabbert_bestfightodds,,2024-12-14T00:00:00Z,0.465116,0.125,0.190476,0.117647,0.090909,0.277778
2020-11-28,Jonathan Pearce,Kai Kamaka,,kaggle_mdabbert_bestfightodds,,2024-12-14T00:00:00Z,0.166667,0.058824,0.173913,,,
2020-11-28,Martin Day,Anderson Dos Santos,,kaggle_mdabbert_bestfightodds,,2024-12-14T00:00:00Z,0.181818,0.058824,0.487805,0.166667,0.148148,0.2
2020-11-28,Gina Mazany,Rachael Ostovich,,kaggle_mdabbert_bestfightodds,,2024-12-14T00:00:00Z,0.190476,0.16,0.416667,0.076923,0.190476,0.210526
2020-11-28,Su Mudaerji,Malcolm Gordon,,kaggle_mdabbert_bestfightodds,,2024-12-14T00:00:00Z,0.52381,0.166667,0.185185,0.058824,0.16,0.142857
2020-11-28,Luke Sanders,Nate Maness,,kaggle_mdabbert_bestfightodds,,2024-12-14T00:00:00Z,0.240964,0.090909,0.357143,0.148148,0.137931,0.25
2020-11-28,Ashlee Evans-Smith,Norma Dumont,,kaggle_mdabbert_bestfightodds,,2024-12-14T00:00:00Z,0.133333,0.111111,0.444444,0.105263,0.166667,0.266667
2020-12-05,Ovince Saint Preux,Jamahal Hill,,kaggle_mdabbert_bestfightodds,,2024-12-14T00:00:00Z,0.137931,0.25,0.148148,0.37037,0.038462,0.307692
2020-12-05,Jack Hermansson,Marvin Vettori,,kaggle_mdabbert_bestfightodds,,2024-12-14T00:00:00Z,0.142857,0.285714,0.181818,0.25974,0.166667,0.25
2020-12-05,Gabriel Benitez,Justin Jaynes,,kaggle_mdabbert_bestfightodds,,2024-12-14T00:00:00Z,0.322581,0.181818,0.307692,0.210526,0.058824,0.153846
2020-12-05,Louis Smolka,Jose Quinonez,,kaggle_mdabbert_bestfightodds,,2024-12-14T00:00:00Z,0.166667,0.266667,0.25,0.133333,0.076923,0.357143
2020-12-05,Matt Wiman,Jordan Leavitt,,kaggle_mdabbert_bestfightodds,,2024-12-14T00:00:00Z,0.1,0.076923,0.142857,0.1,0.444444,0.4
2020-12-05,Ilia Topuria,Damon Jackson,,kaggle_mdabbert_bestfightodds,,2024-12-14T00:00:00Z,0.266667,0.333333,0.25,0.083333,0.190476,0.125
2020-12-05,Roman Dolidze,John Allan,,kaggle_mdabbert_bestfightodds,,2024-12-14T00:00:00Z,0.377358,0.25974,0.173913,0.133333,0.111111,0.210526
2020-12-05,Gian Villante,Jake Collier,,kaggle_mdabbert_bestfightodds,,2024-12-14T00:00:00Z,0.444444,0.066667,0.25,0.222222,0.090909,0.16
2020-12-12,Junior Dos Santos,Ciryl Gane,,kaggle_mdabbert_bestfightodds,,2024-12-14T00:00:00Z,0.129032,0.058824,0.125,0.565217,0.090909,0.307692
2020-12-12,Chase Hooper,Peter Barrett,,kaggle_mdabbert_bestfightodds,,2024-12-14T00:00:00Z,0.173913,0.5,0.217391,0.166667,0.058824,0.153846
2020-12-12,Tecia Torres,Sam Hughes,,kaggle_mdabbert_bestfightodds,,2024-12-14T00:00:00Z,0.181818,0.16,0.649123,0.066667,0.076923,0.111111
2020-12-12,Gavin Tucker,Billy Quarantillo,,kaggle_mdabbert_bestfightodds,,2024-12-14T00:00:00Z,0.129032,0.090909,0.307692,0.2,0.148148,0.392157
2020-12-12,Renato Moicano,Rafael Fiziev,,kaggle_mdabbert_bestfightodds,,2024-12-14T00:00:00Z,0.090909,0.25,0.222222,0.307692,0.066667,0.307692
2020-12-12,Cub Swanson,Daniel Pineda,,kaggle_mdabbert_bestfightodds,,2024-12-14T00:00:00Z,0.142857,0.076923,0.285714,0.222222,0.307692,0.222222
2020-12-12,Kevin Holland,Jacare Souza,,kaggle_mdabbert_bestfightodds,,2024-12-14T00:00:00Z,0.266667,0.038462,0.285714,0.117647,0.333333,0.190476
2020-12-12,Mackenzie Dern,Virna Jandiroba,,kaggle_mdabbert_bestfightodds,,2024-12-14T00:00:00Z,0.129032,0.37037,0.25,0.058824,0.1,0.37037
2020-12-12,Tony Ferguson,Charles Oliveira,,kaggle_mdabbert_bestfightodds,,2024-12-14T00:00:00Z,0.31746,0.166667,0.235294,0.117647,0.235294,0.153846
2020-12-19,Michel Pereira,Khaos Williams,,kaggle_mdabbert_bestfightodds,,2024-12-14T00:00:00Z,0.266667,0.153846,0.222222,0.4,0.058824,0.142857
2020-12-19,Marlon Moraes,Rob Font,,kaggle_mdabbert_bestfightodds,,2024-12-14T00:00:00Z,0.266667,0.142857,0.298507,0.222222,0.076923,0.285714
2020-12-19,Stephen Thompson,Geoff Neal,,kaggle_mdabbert_bestfightodds,,2024-12-14T00:00:00Z,0.285714,0.047619,0.266667,0.333333,0.066667,0.235294
2020-12-19,Jose Aldo,Marlon Vera,,kaggle_mdabbert_bestfightodds,,2024-12-14T00:00:00Z,0.166667,0.111111,0.4,0.2,0.111111,0.25
2020-12-19,Marcin Tybura,Greg Hardy,,kaggle_mdabbert_bestfightodds,,2024-12-14T00:00:00Z,0.133333,0.173913,0.307692,0.408163,0.052632,0.153846
2020-12-19,Deron Winn,Antonio Arroyo,,kaggle_mdabbert_bestfightodds,,2024-12-14T00:00:00Z,0.129032,0.083333,0.307692,0.25,0.266667,0.25
2020-12-19,Sijara Eubanks,Pannie Kianzad,,kaggle_mdabbert_bestfightodds,,2024-12-14T00:00:00Z,0.133333,0.166667,0.4,0.076923,0.066667,0.392157
2020-12-19,Christos Giagos,Carlton Minus,,kaggle_mdabbert_bestfightodds,,2024-12-14T00:00:00Z,0.25,0.25,0.377358,0.1,0.090909,0.181818
2020-12-19,Gillian Robertson,Taila Santos,,kaggle_mdabbert_bestfightodds,,2024-12-14T00:00:00Z,0.090909,0.235294,0.285714,0.190476,0.117647,0.333333
2020-12-19,Tafon Nchukwi,Jamie Pickett,,kaggle_mdabbert_bestfightodds,,2024-12-14T00:00:00Z,0.636364,0.058824,0.166667,0.142857,0.076923,0.153846
2020-12-19,Jimmy Flick,Cody Durden,,kaggle_mdabbert_bestfightodds,,2024-12-14T00:00:00Z,0.090909,0.444444,0.173913,0.25,0.090909,0.2
2020-12-19,Anthony Pettis,Alex Morono,,kaggle_mdabbert_bestfightodds,,2024-12-14T00:00:00Z,0.266667,0.142857,0.4,0.105263,0.090909,0.235294
2021-01-16,Max Holloway,Calvin Kattar,,kaggle_mdabbert_bestfightodds,,2024-12-14T00:00:00Z,0.181818,0.066667,0.444444,0.25,0.047619,0.25
2021-01-16,Carlos Condit,Matt Brown,,kaggle_mdabbert_bestfightodds,,2024-12-14T00:00:00Z,0.31746,0.153846,0.25,0.173913,0.1,0.235294
2021-01-16,Santiago Ponzinibbio,Li Jingliang,,kaggle_mdabbert_bestfightodds,,2024-12-14T00:00:00Z,0.434783,0.066667,0.363636,,,
2021-01-16,Joaquin Buckley,Alessio Di Chirico,,kaggle_mdabbert_bestfightodds,,2024-12-14T00:00:00Z,0.52381,0.052632,0.298507,0.117647,0.076923,0.2
2021-01-16,Punahele Soriano,Dusko Todorovic,,kaggle_mdabbert_bestfightodds,,2024-12-14T00:00:00Z,0.266667,0.058824,0.181818,0.333333,0.117647,0.285714
2021-01-16,Wu Yanan,Joselyne Edwards,,kaggle_mdabbert_bestfightodds,,2024-12-14T00:00:00Z,0.1,0.117647,0.434783,0.2,0.125,0.294118
2021-01-16,Carlos Felipe,Justin Tafa,,kaggle_mdabbert_bestfightodds,,2024-12-14T00:00:00Z,0.363636,0.058824,0.363636,0.266667,0.043478,0.142857
2021-01-16,David Zawada,Ramazan Emeev,,kaggle_mdabbert_bestfightodds,,2024-12-14T00:00:00Z,0.117647,0.153846,0.133333,0.153846,0.153846,0.555556
2021-01-16,Sarah Moras,Vanessa Melo,,kaggle_mdabbert_bestfightodds,,2024-12-14T00:00:00Z,0.133333,0.142857,0.52381,0.076923,0.076923,0.285714
2021-01-16,Jacob Kilburn,Austin Lingo,,kaggle_mdabbert_bestfightodds,,2024-12-14T00:00:00Z,0.133333,0.117647,0.181818,0.307692,0.235294,0.285714
2021-01-20,Michael Chiesa,Neil Magny,,kaggle_mdabbert_bestfightodds,,2024-12-14T00:00:00Z,0.1,0.285714,0.190476,0.190476,0.090909,0.4
2021-01-20,Warlley Alves,Mounir Lazzez,,kaggle_mdabbert_bestfightodds,,2024-12-14T00:00:00Z,0.105263,0.2,0.16,0.444444,0.076923,0.285714
2021-01-20,Ike Villanueva,Vinicius Moreira,,kaggle_mdabbert_bestfightodds,,2024-12-14T00:00:00Z,0.465116,0.038462,0.142857,0.111111,0.363636,0.153846
2021-01-20,Roxanne Modafferi,Viviane Araujo,,kaggle_mdabbert_bestfightodds,,2024-12-14T00:00:00Z,0.047619,0.1,0.2,0.25,0.105263,0.574468
2021-01-20,Matt Schnell,Tyson Nam,,kaggle_mdabbert_bestfightodds,,2024-12-14T00:00:00Z,0.117647,0.166667,0.307692,0.444444,0.047619,0.2
2021-01-20,Lerone Murphy,Douglas Silva de Andrade,,kaggle_mdabbert_bestfightodds,,2024-12-14T00:00:00Z,0.47619,0.090909,0.333333,0.105263,0.066667,0.190476
2021-01-20,Umar Nurmagomedov,Sergey Morozov,,kaggle_mdabbert_bestfightodds,,2024-12-14T00:00:00Z,0.142857,0.25,0.565217,0.076923,0.076923,0.125
2021-01-20,Ricky Simon,Gaetano Pirrello,,kaggle_mdabbert_bestfightodds,,2024-12-14T00:00:00Z,0.2,0.285714,0.465116,0.133333,0.038462,0.129032
2021-01-20,Su Mudaerji,Zarrukh Adashev,,kaggle_mdabbert_bestfightodds,,2024-12-14T00:00:00Z,0.649123,0.066667,0.25,0.1,0.066667,0.125
2021-01-20,Dalcha Lungiambula,Markus Perez,,kaggle_mdabbert_bestfightodds,,2024-12-14T00:00:00Z,0.465116,0.111111,0.166667,0.125,0.2,0.266667
2021-01-20,Francisco Figueiredo,Jerome Rivera,,kaggle_mdabbert_bestfightodds,,2024-12-14T00:00:00Z,,,,0.1,0.125,0.307692
2021-01-20,Mike Davis,Mason Jones,,kaggle_mdabbert_bestfightodds,,2024-12-14T00:00:00Z,0.344828,0.066667,0.350877,0.142857,0.111111,0.266667
2021-01-20,Victoria Leonardo,Manon Fiorot,,kaggle_mdabbert_bestfightodds,,2024-12-14T00:00:00Z,0.111111,0.125,0.266667,0.298507,0.058824,0.37037
2021-01-20,Omari Akhmedov,Tom Breese,,kaggle_mdabbert_bestfightodds,,2024-12-14T00:00:00Z,0.125,0.076923,0.31746,0.285714,0.111111,0.333333
2021-01-23,Jessica Eye,Joanne Calderwood,,kaggle_mdabbert_bestfightodds,,2024-12-14T00:00:00Z,0.1,0.076923,0.444444,0.142857,0.090909,0.416667
2021-01-23,Dustin Poirier,Conor McGregor,,kaggle_mdabbert_bestfightodds,,2024-12-14T00:00:00Z,0.129032,0.117647,0.133333,0.6875,0.058824,0.117647
2021-01-23,Dan Hooker,Michael Chandler,,kaggle_mdabbert_bestfightodds,,2024-12-14T00:00:00Z,0.4,0.105263,0.235294,0.166667,0.129032,0.25
2021-01-23,Andrew Sanchez,Makhmud Muradov,,kaggle_mdabbert_bestfightodds,,2024-12-14T00:00:00Z,0.111111,0.090909,0.277778,0.363636,0.052632,0.333333
2021-01-23,Amir Albazi,Zhalgas Zhumagulov,,kaggle_mdabbert_bestfightodds,,2024-12-14T00:00:00Z,0.111111,0.190476,0.344828,0.129032,0.090909,0.384615
2021-01-23,Brad Tavares,Antonio Carlos Junior,,kaggle_mdabbert_bestfightodds,,2024-12-14T00:00:00Z,0.153846,0.066667,0.363636,0.111111,0.266667,0.285714
2021-01-23,Julianna Pena,Sara McMann,,kaggle_mdabbert_bestfightodds,,2024-12-14T00:00:00Z,0.1,0.173913,0.285714,0.090909,0.210526,0.4
2021-01-23,Khalil Rountree Jr.,Marcin Prachnio,,kaggle_mdabbert_bestfightodds,,2024-12-14T00:00:00Z,,,,0.2,0.043478,0.133333
2021-01-23,Nik Lentz,Movsar Evloev,,kaggle_mdabbert_bestfightodds,,2024-12-14T00:00:00Z,0.066667,0.095238,0.125,0.166667,0.153846,0.636364
2021-01-23,Marina Rodriguez,Amanda Ribas,,kaggle_mdabbert_bestfightodds,,2024-12-14T00:00:00Z,0.090909,0.052632,0.210526,0.090909,0.377358,0.444444
2021-02-06,Alistair Overeem,Alexander Volkov,,kaggle_mdabbert_bestfightodds,,2024-12-14T00:00:00Z,0.222222,0.076923,0.142857,0.5,0.076923,0.235294
2021-02-06,Cory Sandhagen,Frankie Edgar,,kaggle_mdabbert_bestfightodds,,2024-12-14T00:00:00Z,0.307692,0.090909,0.5,0.052632,0.058824,0.210526
2021-02-06,Alexandre Pantoja,Manel Kape,,kaggle_mdabbert_bestfightodds,,2024-12-14T00:00:00Z,0.142857,0.307692,0.2,0.307692,0.058824,0.25
2021-02-06,Diego Ferreira,Beneil Dariush,,kaggle_mdabbert_bestfightodds,,2024-12-14T00:00:00Z,0.190476,0.166667,0.266667,0.222222,0.117647,0.285714
2021-02-06,Michael Johnson,Clay Guida,,kaggle_mdabbert_bestfightodds,,2024-12-14T00:00:00Z,0.298507,0.066667,0.425532,0.066667,0.090909,0.285714
2021-02-06,Mike Rodriguez,Danilo Marques,,kaggle_mdabbert_bestfightodds,,2024-12-14T00:00:00Z,0.615385,0.047619,0.142857,0.117647,0.153846,0.16
2021-02-06,Molly McCann,Lara Procopio,,kaggle_mdabbert_bestfightodds,,2024-12-14T00:00:00Z,0.117647,0.090909,0.465116,0.066667,0.166667,0.363636
2021-02-06,SeungWoo Choi,Youssef Zalal,,kaggle_mdabbert_bestfightodds,,2024-12-14T00:00:00Z,0.142857,0.066667,0.222222,0.190476,0.181818,0.444444
2021-02-13,Kamaru Usman,Gilbert Burns,,kaggle_mdabbert_bestfightodds,,2024-12-14T00:00:00Z,0.266667,0.058824,0.47619,0.148148,0.16,0.111111
2021-02-13,Maycee Barber,Alexa Grasso,,kaggle_mdabbert_bestfightodds,,2024-12-14T00:00:00Z,0.210526,0.111111,0.25,0.133333,0.076923,0.47619
2021-02-13,Kelvin Gastelum,Ian Heinisch,,kaggle_mdabbert_bestfightodds,,2024-12-14T00:00:00Z,0.210526,0.1,0.487805,0.125,0.076923,0.285714
2021-02-13,Ricky Simon,Brian Kelleher,,kaggle_mdabbert_bestfightodds,,2024-12-14T00:00:00Z,0.117647,0.142857,0.555556,0.125,0.166667,0.166667
2021-02-13,Andre Ewell,Chris Gutierrez,,kaggle_mdabbert_bestfightodds,,2024-12-14T00:00:00Z,0.153846,0.1,0.333333,0.2,0.111111,0.37037
2021-02-13,Rodolfo Vieira,Anthony Hernandez,,kaggle_mdabbert_bestfightodds,,2024-12-14T00:00:00Z,0.111111,0.705882,0.137931,0.173913,0.047619,0.090909
2021-02-13,Belal Muhammad,Dhiego Lima,,kaggle_mdabbert_bestfightodds,,2024-12-14T00:00:00Z,0.181818,0.153846,0.615385,0.105263,0.076923,0.117647
2021-02-13,Polyana Viana,Mallory Martin,,kaggle_mdabbert_bestfightodds,,2024-12-14T00:00:00Z,0.090909,0.235294,0.235294,0.105263,0.133333,0.454545
2021-02-13,Gabe Green,Philip Rowe,,kaggle_mdabbert_bestfightodds,,2024-12-14T00:00:00Z,0.2,0.190476,0.285714,0.235294,0.111111,0.210526
2021-02-13,Maki Pitolo,Julian Marquez,,kaggle_mdabbert_bestfightodds,,2024-12-14T00:00:00Z,0.25,0.058824,0.222222,0.307692,0.181818,0.25
2021-02-20,Phil Hawes,Nassourdine Imavov,,kaggle_mdabbert_bestfightodds,,2024-12-14T00:00:00Z,0.444444,0.076923,0.142857,0.190476,0.173913,0.210526
2021-02-20,Curtis Blaydes,Derrick Lewis,,kaggle_mdabbert_bestfightodds,,2024-12-14T00:00:00Z,0.636364,0.153846,0.2,0.2,0.038462,0.076923
2021-02-20,Ketlen Vieira,Yana Kunitskaya,,kaggle_mdabbert_bestfightodds,,2024-12-14T00:00:00Z,0.133333,0.2,0.534884,0.076923,0.058824,0.25
2021-02-20,Aleksei Oleinik,Chris Daukaus,,kaggle_mdabbert_bestfightodds,,2024-12-14T00:00:00Z,0.090909,0.307692,0.105263,0.574468,0.052632,0.125
2021-02-20,Andrei Arlovski,Tom Aspinall,,kaggle_mdabbert_bestfightodds,,2024-12-14T00:00:00Z,0.1,0.076923,0.222222,0.6,0.047619,0.222222
2021-02-20,Charles Rosa,Darrick Minner,,kaggle_mdabbert_bestfightodds,,2024-12-14T00:00:00Z,0.125,0.425532,0.235294,0.090909,0.222222,0.2
2021-02-20,Eddie Wineland,John Castaneda,,kaggle_mdabbert_bestfightodds,,2024-12-14T00:00:00Z,0.166667,0.125,0.307692,0.166667,0.125,0.363636
2021-02-20,Nate Landwehr,Julian Erosa,,kaggle_mdabbert_bestfightodds,,2024-12-14T00:00:00Z,0.307692,0.076923,0.266667,0.173913,0.2,0.25
2021-02-20,Shana Dobson,Casey O'Neill,,kaggle_mdabbert_bestfightodds,,2024-12-14T00:00:00Z,0.153846,0.090909,0.307692,0.142857,0.16,0.408163
2021-02-20,Aiemann Zahabi,Drako Rodriguez,,kaggle_mdabbert_bestfightodds,,2024-12-14T00:00:00Z,0.117647,0.125,0.266667,0.166667,0.181818,0.4
2021-02-20,Serghei Spivac,Jared Vanderaa,,kaggle_mdabbert_bestfightodds,,2024-12-14T00:00:00Z,,,,0.25974,0.047619,0.125
2021-02-20,Jared Gordon,Danny Chavez,,kaggle_mdabbert_bestfightodds,,2024-12-14T00:00:00Z,0.090909,0.125,0.357143,0.333333,0.076923,0.25
2021-02-27,Jairzinho Rozenstruik,Ciryl Gane,,kaggle_mdabbert_bestfightodds,,2024-12-14T00:00:00Z,0.266667,0.038462,0.083333,0.344828,0.25,0.266667
2021-02-27,Nikita Krylov,Magomed Ankalaev,,kaggle_mdabbert_bestfightodds,,2024-12-14T00:00:00Z,0.1,0.142857,0.133333,0.5,0.111111,0.277778
2021-02-27,Alex Caceres,Kevin Croom,,kaggle_mdabbert_bestfightodds,,2024-12-14T00:00:00Z,0.117647,0.166667,0.47619,0.105263,0.235294,0.2
2021-02-27,Pedro Munhoz,Jimmie Rivera,,kaggle_mdabbert_bestfightodds,,2024-12-14T00:00:00Z,0.166667,0.117647,0.285714,0.1,0.066667,0.512195
2021-02-27,Alexis Davis,Sabina Mazo,,kaggle_mdabbert_bestfightodds,,2024-12-14T00:00:00Z,0.043478,0.090909,0.307692,0.153846,0.111111,0.512195
2021-02-27,Vince Cachero,Ronnie Lawrence,,kaggle_mdabbert_bestfightodds,,2024-12-14T00:00:00Z,0.117647,0.1,0.285714,0.142857,0.125,0.465116
2021-02-27,Dustin Jacoby,Maxim Grishin,,kaggle_mdabbert_bestfightodds,,2024-12-14T00:00:00Z,0.350877,0.058824,0.344828,0.166667,0.108108,0.210526
2021-02-27,Alexander Hernandez,Thiago Moises,,kaggle_mdabbert_bestfightodds,,2024-12-14T00:00:00Z,0.25,0.066667,0.47619,0.111111,0.166667,0.181818
2021-03-06,Dominick Cruz,Casey Kenney,,kaggle_mdabbert_bestfightodds,,2024-12-14T00:00:00Z,0.090909,0.066667,0.425532,0.181818,0.133333,0.37037
2021-03-06,Jan Blachowicz,Israel Adesanya,,kaggle_mdabbert_bestfightodds,,2024-12-14T00:00:00Z,0.235294,0.111111,0.111111,0.425532,0.058824,0.298507
2021-03-06,Amanda Nunes,Megan Anderson,,kaggle_mdabbert_bestfightodds,,2024-12-14T00:00:00Z,0.5,0.377358,0.166667,0.125,0.029412,0.058824
2021-03-06,Petr Yan,Aljamain Sterling,,kaggle_mdabbert_bestfightodds,,2024-12-14T00:00:00Z,0.333333,0.076923,0.235294,0.142857,0.285714,0.222222
2021-03-06,Islam Makhachev,Drew Dober,,kaggle_mdabbert_bestfightodds,,2024-12-14T00:00:00Z,0.142857,0.285714,0.47619,0.166667,0.058824,0.111111
2021-03-06,Thiago Santos,Aleksandar Rakic,,kaggle_mdabbert_bestfightodds,,2024-12-14T00:00:00Z,0.327869,0.076923,0.133333,0.31746,0.090909,0.30303
2021-03-06,Song Yadong,Kyler Phillips,,kaggle_mdabbert_bestfightodds,,2024-12-14T00:00:00Z,0.333333,0.066667,0.363636,0.133333,0.1,0.285714
2021-03-06,Sean Brady,Jake Matthews,,kaggle_mdabbert_bestfightodds,,2024-12-14T00:00:00Z,0.148148,0.190476,0.444444,0.111111,0.090909,0.25
2021-03-06,Rogerio Bontorin,Kai Kara-France,,kaggle_mdabbert_bestfightodds,,2024-12-14T00:00:00Z,0.142857,0.181818,0.25,,,
2021-03-06,Tim Elliott,Jordan Espinosa,,kaggle_mdabbert_bestfightodds,,2024-12-14T00:00:00Z,0.076923,0.25,0.298507,0.16,0.129032,0.37037
2021-03-06,Kennedy Nzechukwu,Carlos Ulberg,,kaggle_mdabbert_bestfightodds,,2024-12-14T00:00:00Z,0.190476,0.066667,0.16,0.5,0.058824,0.285714
2021-03-06,Livinha Souza,Amanda Lemos,,kaggle_mdabbert_bestfightodds,,2024-12-14T00:00:00Z,0.076923,0.1,0.235294,0.2,0.125,0.534884
2021-03-06,Uros Medic,Aalon Cruz,,kaggle_mdabbert_bestfightodds,,2024-12-14T00:00:00Z,0.465116,0.1,0.153846,0.090909,0.066667,0.425532
2021-03-06,Mario Bautista,Trevin Jones,,kaggle_mdabbert_bestfightodds,,2024-12-14T00:00:00Z,0.266667,0.125,0.425532,0.125,0.1,0.222222
2021-03-06,Joseph Benavidez,Askar Askarov,,kaggle_mdabbert_bestfightodds,,2024-12-14T00:00:00Z,0.166667,0.142857,0.333333,0.142857,0.111111,0.357143
2021-03-13,Manel Kape,Matheus Nicolau,,kaggle_mdabbert_bestfightodds,,2024-12-14T00:00:00Z,0.285714,0.066667,0.285714,0.142857,0.166667,0.285714
2021-03-13,Misha Cirkunov,Ryan Spann,,kaggle_mdabbert_bestfightodds,,2024-12-14T00:00:00Z,0.166667,0.363636,0.142857,0.344828,0.125,0.142857
2021-03-13,Dan Ige,Gavin Tucker,,kaggle_mdabbert_bestfightodds,,2024-12-14T00:00:00Z,0.166667,0.111111,0.408163,0.1,0.125,0.344828
2021-03-13,Jonathan Martinez,Davey Grant,,kaggle_mdabbert_bestfightodds,,2024-12-14T00:00:00Z,0.298507,0.1,0.465116,0.125,0.076923,0.190476
2021-03-13,Angela Hill,Ashley Yoder,,kaggle_mdabbert_bestfightodds,,2024-12-14T00:00:00Z,0.181818,0.066667,0.642857,0.052632,0.117647,0.190476
2021-03-13,Charles Jourdain,Marcelo Rojo,,kaggle_mdabbert_bestfightodds,,2024-12-14T00:00:00Z,0.350877,0.210526,0.307692,0.166667,0.076923,0.153846
2021-03-13,Rani Yahya,Ray Rodriguez,,kaggle_mdabbert_bestfightodds,,2024-12-14T00:00:00Z,0.090909,0.555556,0.25,0.142857,0.076923,0.166667
2021-03-13,Nasrat Haqparast,Rafa Garcia,,kaggle_mdabbert_bestfightodds,,2024-12-14T00:00:00Z,0.487805,0.052632,0.425532,0.090909,0.076923,0.133333
2021-03-13,Cortney Casey,JJ Aldrich,,kaggle_mdabbert_bestfightodds,,2024-12-14T00:00:00Z,0.1,0.111111,0.333333,0.090909,0.076923,0.534884
2021-03-13,Gloria de Paula,Jinh Yu Frey,,kaggle_mdabbert_bestfightodds,,2024-12-14T00:00:00Z,0.142857,0.129032,0.512195,0.066667,0.076923,0.333333
2021-03-13,Matthew Semelsberger,Jason Witt,,kaggle_mdabbert_bestfightodds,,2024-12-14T00:00:00Z,0.333333,0.052632,0.294118,0.181818,0.153846,0.266667
2021-03-20,Derek Brunson,Kevin Holland,,kaggle_mdabbert_bestfightodds,,2024-12-14T00:00:00Z,0.181818,0.083333,0.210526,0.465116,0.133333,0.173913
2021-03-20,Song Kenan,Max Griffin,,kaggle_mdabbert_bestfightodds,,2024-12-14T00:00:00Z,0.2,0.076923,0.2,0.181818,0.117647,0.487805
2021-03-20,Cheyanne Buys,Montserrat Conejo,,kaggle_mdabbert_bestfightodds,,2024-12-14T00:00:00Z,0.148148,0.2,0.357143,,,
2021-03-20,Adrian Yanez,Gustavo Lopez,,kaggle_mdabbert_bestfightodds,,2024-12-14T00:00:00Z,0.465116,0.076923,0.238095,0.137931,0.142857,0.181818
2021-03-20,Tai Tuivasa,Harry Hunsucker,,kaggle_mdabbert_bestfightodds,,2024-12-14T00:00:00Z,0.733333,0.047619,0.142857,0.133333,0.1,0.076923
2021-03-20,Marion Reneau,Macy Chiasson,,kaggle_mdabbert_bestfightodds,,2024-12-14T00:00:00Z,0.105263,0.166667,0.2,0.166667,0.1,0.512195
2021-03-20,Leonardo Santos,Grant Dawson,,kaggle_mdabbert_bestfightodds,,2024-12-14T00:00:00Z,0.148148,0.166667,0.181818,0.181818,0.142857,0.425532
2021-03-20,Trevin Giles,Roman Dolidze,,kaggle_mdabbert_bestfightodds,,2024-12-14T00:00:00Z,0.2,0.1,0.266667,0.240964,0.235294,0.210526
2021-03-20,Montel Jackson,Jesse Strader,,kaggle_mdabbert_bestfightodds,,2024-12-14T00:00:00Z,0.534884,0.173913,0.266667,0.1,0.076923,0.111111
2021-03-20,Bruno Silva,JP Buys,,kaggle_mdabbert_bestfightodds,,2024-12-14T00:00:00Z,0.153846,0.125,0.266667,0.148148,0.2,0.357143
2021-03-27,Stipe Miocic,Francis Ngannou,,kaggle_mdabbert_bestfightodds,,2024-12-14T00:00:00Z,0.285714,0.066667,0.210526,0.565217,0.038462,0.076923
2021-03-27,Tyron Woodley,Vicente Luque,,kaggle_mdabbert_bestfightodds,,2024-12-14T00:00:00Z,0.166667,0.058824,0.206186,0.285714,0.142857,0.4
2021-03-27,Sean O'Malley,Thomas Almeida,,kaggle_mdabbert_bestfightodds,,2024-12-14T00:00:00Z,0.6,0.117647,0.235294,0.133333,0.058824,0.153846
2021-03-27,Gillian Robertson,Miranda Maverick,,kaggle_mdabbert_bestfightodds,,2024-12-14T00:00:00Z,0.1,0.222222,0.210526,0.166667,0.117647,0.434783
2021-03-27,Marc-Andre Barriault,Abu Azaitar,,kaggle_mdabbert_bestfightodds,,2024-12-14T00:00:00Z,0.210526,0.125,0.344828,0.166667,0.090909,0.322581
2021-03-27,Alonzo Menifield,Fabio Cherant,,kaggle_mdabbert_bestfightodds,,2024-12-14T00:00:00Z,0.591837,0.058824,0.210526,0.125,0.114286,0.153846
2021-03-27,Jared Gooden,Abubakar Nurmagomedov,,kaggle_mdabbert_bestfightodds,,2024-12-14T00:00:00Z,0.153846,0.076923,0.181818,0.2,0.181818,0.454545
2021-03-27,Modestas Bukauskas,Michal Oleksiejczuk,,kaggle_mdabbert_bestfightodds,,2024-12-14T00:00:00Z,0.2,0.090909,0.2,0.434783,0.076923,0.235294
2021-03-27,Shane Young,Omar Morales,,kaggle_mdabbert_bestfightodds,,2024-12-14T00:00:00Z,0.133333,0.066667,0.266667,0.25974,0.090909,0.416667
2021-03-27,Jamie Mullarkey,Khama Worthy,,kaggle_mdabbert_bestfightodds,,2024-12-14T00:00:00Z,0.217391,0.1,0.263158,0.31746,0.117647,0.235294
2021-04-10,Nina Nunes,Mackenzie Dern,,kaggle_mdabbert_bestfightodds,,2024-12-14T00:00:00Z,0.133333,0.090909,0.434783,0.090909,0.266667,0.235294
2021-04-10,Marvin Vettori,Kevin Holland,,kaggle_mdabbert_bestfightodds,,2024-12-14T00:00:00Z,0.210526,0.333333,0.344828,0.190476,0.076923,0.083333
2021-04-10,Arnold Allen,Sodiq Yusuff,,kaggle_mdabbert_bestfightodds,,2024-12-14T00:00:00Z,0.133333,0.117647,0.307692,0.285714,0.066667,0.363636
2021-04-10,Sam Alvey,Julian Marquez,,kaggle_mdabbert_bestfightodds,,2024-12-14T00:00:00Z,0.142857,0.1,0.210526,0.384615,0.125,0.266667
2021-04-10,Jim Miller,Joe Solecki,,kaggle_mdabbert_bestfightodds,,2024-12-14T00:00:00Z,0.1,0.2,0.153846,0.153846,0.222222,0.416667
2021-04-10,Mike Perry,Daniel Rodriguez,,kaggle_mdabbert_bestfightodds,,2024-12-14T00:00:00Z,0.235294,0.090909,0.222222,0.25,0.1,0.344828
2021-04-10,John Makdessi,Ignacio Bahamondes,,kaggle_mdabbert_bestfightodds,,2024-12-14T00:00:00Z,0.181818,0.066667,0.25,0.298507,0.090909,0.357143
2021-04-10,Impa Kasanganay,Sasha Palatnikov,,kaggle_mdabbert_bestfightodds,,2024-12-14T00:00:00Z,0.285714,0.1,0.5,0.142857,0.066667,0.166667
2021-04-10,Yorgan De Castro,Jarjis Danho,,kaggle_mdabbert_bestfightodds,,2024-12-14T00:00:00Z,0.615385,0.052632,0.166667,0.2,0.066667,0.142857
2021-04-10,Hunter Azure,Jack Shore,,kaggle_mdabbert_bestfightodds,,2024-12-14T00:00:00Z,0.142857,0.090909,0.294118,0.125,0.266667,0.333333
2021-04-10,Luis Saldana,Jordan Griffin,,kaggle_mdabbert_bestfightodds,,2024-12-14T00:00:00Z,0.190476,0.076923,0.4,0.125,0.2,0.266667
2021-04-10,Da-Un Jung,William Knight,,kaggle_mdabbert_bestfightodds,,2024-12-14T00:00:00Z,0.363636,0.1,0.222222,0.307692,0.066667,0.181818
2021-04-10,Scott Holtzman,Mateusz Gamrot,,kaggle_mdabbert_bestfightodds,,2024-12-14T00:00:00Z,0.117647,0.090909,0.235294,0.181818,0.133333,0.487805
2021-04-17,Robert Whittaker,Kelvin Gastelum,,kaggle_mdabbert_bestfightodds,,2024-12-14T00:00:00Z,0.307692,0.076923,0.444444,0.2,0.066667,0.153846
2021-04-17,Andrei Arlovski,Chase Sherman,,kaggle_mdabbert_bestfightodds,,2024-12-14T00:00:00Z,0.173913,0.090909,0.37037,0.294118,0.058824,0.25
2021-04-17,Abdul Razak Alhassan,Jacob Malkoun,,kaggle_mdabbert_bestfightodds,,2024-12-14T00:00:00Z,0.636364,0.043478,0.166667,0.153846,0.076923,0.166667
2021-04-17,Tracy Cortez,Justine Kish,,kaggle_mdabbert_bestfightodds,,2024-12-14T00:00:00Z,0.117647,0.153846,0.615385,0.076923,0.066667,0.222222
2021-04-17,Luis Pena,Alexander Munoz,,kaggle_mdabbert_bestfightodds,,2024-12-14T00:00:00Z,0.111111,0.181818,0.4,0.133333,0.125,0.285714
2021-04-17,Alexandr Romanov,Juan Espino,,kaggle_mdabbert_bestfightodds,,2024-12-14T00:00:00Z,0.294118,0.210526,0.181818,0.137931,0.235294,0.2
2021-04-17,Jessica Penne,Loopy Godinez,,kaggle_mdabbert_bestfightodds,,2024-12-14T00:00:00Z,0.066667,0.1,0.235294,0.173913,0.125,0.545455
2021-04-17,Bartosz Fabinski,Gerald Meerschaert,,kaggle_mdabbert_bestfightodds,,2024-12-14T00:00:00Z,0.166667,0.076923,0.416667,0.1,0.363636,0.166667
2021-04-17,Austin Hubbard,Dakota Bush,,kaggle_mdabbert_bestfightodds,,2024-12-14T00:00:00Z,0.153846,0.117647,0.465116,0.133333,0.2,0.173913
2021-04-17,Tony Gravely,Anthony Birchak,,kaggle_mdabbert_bestfightodds,,2024-12-14T00:00:00Z,0.384615,0.173913,0.333333,0.111111,0.1,0.142857
2021-04-24,Kamaru Usman,Jorge Masvidal,,kaggle_mdabbert_bestfightodds,,2024-12-14T00:00:00Z,0.266667,0.083333,0.545455,0.2,0.047619,0.090909
2021-04-24,Zhang Weili,Rose Namajunas,,kaggle_mdabbert_bestfightodds,,2024-12-14T00:00:00Z,,,,0.133333,0.125,0.215054
2021-04-24,Valentina Shevchenko,Jessica Andrade,,kaggle_mdabbert_bestfightodds,,2024-12-14T00:00:00Z,0.37037,0.16,0.392157,0.125,0.090909,0.1
2021-04-24,Uriah Hall,Chris Weidman,,kaggle_mdabbert_bestfightodds,,2024-12-14T00:00:00Z,0.344828,0.047619,0.2,0.153846,0.16,0.344828
2021-04-24,Anthony Smith,Jimmy Crute,,kaggle_mdabbert_bestfightodds,,2024-12-14T00:00:00Z,0.133333,0.125,0.2,0.377358,0.125,0.285714
2021-04-24,Alex Oliveira,Randy Brown,,kaggle_mdabbert_bestfightodds,,2024-12-14T00:00:00Z,0.166667,0.133333,0.25,0.25,0.153846,0.307692
2021-04-24,Na Liang,Ariane Carnelossi,,kaggle_mdabbert_bestfightodds,,2024-12-14T00:00:00Z,0.125,0.181818,0.173913,0.4,0.173913,0.210526
2021-04-24,Karl Roberson,Brendan Allen,,kaggle_mdabbert_bestfightodds,,2024-12-14T00:00:00Z,0.25,0.125,0.166667,0.117647,0.363636,0.222222
2021-04-24,Pat Sabatini,Tristan Connelly,,kaggle_mdabbert_bestfightodds,,2024-12-14T00:00:00Z,0.142857,0.235294,0.465116,0.083333,0.111111,0.210526
2021-04-24,Danaa Batgerel,Kevin Natividad,,kaggle_mdabbert_bestfightodds,,2024-12-14T00:00:00Z,0.307692,0.090909,0.363636,0.125,0.090909,0.266667
2021-04-24,Kazula Vargas,Rong Zhu,,kaggle_mdabbert_bestfightodds,,2024-12-14T00:00:00Z,0.153846,0.1,0.181818,,,
2021-04-24,Aori Qileng,Jeff Molina,,kaggle_mdabbert_bestfightodds,,2024-12-14T00:00:00Z,,,,0.105263,0.166667,0.363636
2021-04-24,Dwight Grant,Stefan Sekulic,,kaggle_mdabbert_bestfightodds,,2024-12-14T00:00:00Z,0.47619,0.052632,0.25,0.111111,0.133333,0.222222
2021-05-01,Merab Dvalishvili,Cody Stamann,,kaggle_mdabbert_bestfightodds,,2024-12-14T00:00:00Z,0.105263,0.125,0.591837,0.117647,0.076923,0.235294
2021-05-01,Dominick Reyes,Jiri Prochazka,,kaggle_mdabbert_bestfightodds,,2024-12-14T00:00:00Z,0.363636,0.076923,0.153846,0.465116,0.058824,0.133333
2021-05-01,Giga Chikadze,Cub Swanson,,kaggle_mdabbert_bestfightodds,,2024-12-14T00:00:00Z,0.25,0.052632,0.425532,0.153846,0.117647,0.263158
2021-05-01,Randa Markos,Luana Pinheiro,,kaggle_mdabbert_bestfightodds,,2024-12-14T00:00:00Z,0.076923,0.125,0.333333,0.153846,0.2,0.377358
2021-05-01,Sean Strickland,Krzysztof Jotko,,kaggle_mdabbert_bestfightodds,,2024-12-14T00:00:00Z,0.307692,0.083333,0.416667,0.142857,0.076923,0.210526
2021-05-01,Poliana Botelho,Luana Carolina,,kaggle_mdabbert_bestfightodds,,2024-12-14T00:00:00Z,0.153846,0.181818,0.512195,0.090909,0.076923,0.235294
2021-05-01,Luke Sanders,Felipe Colares,,kaggle_mdabbert_bestfightodds,,2024-12-14T00:00:00Z,0.222222,0.148148,0.322581,0.117647,0.210526,0.217391
2021-05-01,Loma Lookboonmee,Sam Hughes,,kaggle_mdabbert_bestfightodds,,2024-12-14T00:00:00Z,0.227273,0.083333,0.583333,0.066667,0.095238,0.181818
2021-05-01,Andreas Michailidis,KB Bhullar,,kaggle_mdabbert_bestfightodds,,2024-12-14T00:00:00Z,0.52381,0.083333,0.210526,0.133333,0.111111,0.173913
2021-05-01,Kai Kamaka,TJ Brown,,kaggle_mdabbert_bestfightodds,,2024-12-14T00:00:00Z,,,,0.133333,0.2,0.25
2021-05-08,Marina Rodriguez,Michelle Waterson,,kaggle_mdabbert_bestfightodds,,2024-12-14T00:00:00Z,0.25,0.111111,0.425532,0.066667,0.111111,0.277778
2021-05-08,Donald Cerrone,Alex Morono,,kaggle_mdabbert_bestfightodds,,2024-12-14T00:00:00Z,0.190476,0.166667,0.408163,0.142857,0.090909,0.25
2021-05-08,Neil Magny,Geoff Neal,,kaggle_mdabbert_bestfightodds,,2024-12-14T00:00:00Z,0.129032,0.1,0.277778,0.363636,0.066667,0.307692
2021-05-08,Maurice Greene,Marcos Rogerio de Lima,,kaggle_mdabbert_bestfightodds,,2024-12-14T00:00:00Z,0.173913,0.2,0.148148,0.444444,0.142857,0.142857
2021-05-08,Phil Hawes,Kyle Daukaus,,kaggle_mdabbert_bestfightodds,,2024-12-14T00:00:00Z,0.333333,0.052632,0.166667,0.166667,0.285714,0.235294
2021-05-08,Ludovit Klein,Michael Trizano,,kaggle_mdabbert_bestfightodds,,2024-12-14T00:00:00Z,0.465116,0.090909,0.285714,0.1,0.090909,0.222222
2021-05-08,Junyong Park,Tafon Nchukwi,,kaggle_mdabbert_bestfightodds,,2024-12-14T00:00:00Z,0.125,0.117647,0.307692,0.327869,0.090909,0.285714
2021-05-08,Christian Aguilera,Carlston Harris,,kaggle_mdabbert_bestfightodds,,2024-12-14T00:00:00Z,0.25,0.076923,0.190476,0.166667,0.294118,0.266667
2021-05-08,Diego Ferreira,Gregor Gillespie,,kaggle_mdabbert_bestfightodds,,2024-12-14T00:00:00Z,0.142857,0.181818,0.222222,0.148148,0.111111,0.465116
2021-05-15,Katlyn Chookagian,Viviane Araujo,,kaggle_mdabbert_bestfightodds,,2024-12-14T00:00:00Z,0.090909,0.066667,0.5,0.137931,0.090909,0.357143
2021-05-15,Charles Oliveira,Michael Chandler,,kaggle_mdabbert_bestfightodds,,2024-12-14T00:00:00Z,0.2,0.322581,0.133333,0.4,0.076923,0.125
2021-05-15,Tony Ferguson,Beneil Dariush,,kaggle_mdabbert_bestfightodds,,2024-12-14T00:00:00Z,0.190476,0.125,0.2,0.210526,0.153846,0.363636
2021-05-15,Matt Schnell,Rogerio Bontorin,,kaggle_mdabbert_bestfightodds,,2024-12-14T00:00:00Z,0.2,0.153846,0.344828,0.148148,0.2,0.190476
2021-05-15,Shane Burgos,Edson Barboza,,kaggle_mdabbert_bestfightodds,,2024-12-14T00:00:00Z,0.266667,0.117647,0.333333,0.2,0.058824,0.285714
2021-05-15,Gina Mazany,Priscila Cachoeira,,kaggle_mdabbert_bestfightodds,,2024-12-14T00:00:00Z,0.148148,0.121212,0.512195,0.2,0.076923,0.2
2021-05-15,Lando Vannata,Mike Grundy,,kaggle_mdabbert_bestfightodds,,2024-12-14T00:00:00Z,0.210526,0.117647,0.285714,0.142857,0.166667,0.333333
2021-05-15,Jordan Wright,Jamie Pickett,,kaggle_mdabbert_bestfightodds,,2024-12-14T00:00:00Z,0.294118,0.142857,0.210526,0.333333,0.058824,0.2
2021-05-15,Andrea Lee,Antonina Shevchenko,,kaggle_mdabbert_bestfightodds,,2024-12-14T00:00:00Z,0.083333,0.111111,0.377358,0.111111,0.111111,0.444444
2021-05-15,Kevin Aguilar,Tucker Lutz,,kaggle_mdabbert_bestfightodds,,2024-12-14T00:00:00Z,0.181818,0.076923,0.333333,0.222222,0.058824,0.37037
2021-05-15,Christos Giagos,Sean Soriano,,kaggle_mdabbert_bestfightodds,,2024-12-14T00:00:00Z,0.166667,0.166667,0.444444,0.133333,0.117647,0.222222
2021-05-15,Jacare Souza,Andre Muniz,,kaggle_mdabbert_bestfightodds,,2024-12-14T00:00:00Z,0.2,0.166667,0.277778,0.210526,0.133333,0.25
2021-05-22,Ricardo Ramos,Bill Algeo,,kaggle_mdabbert_bestfightodds,,2024-12-14T00:00:00Z,0.125,0.181818,0.307692,0.166667,0.105263,0.363636
2021-05-22,Rob Font,Cody Garbrandt,,kaggle_mdabbert_bestfightodds,,2024-12-14T00:00:00Z,0.384615,0.090909,0.181818,0.327869,0.066667,0.190476
2021-05-22,Yan Xiaonan,Carla Esparza,,kaggle_mdabbert_bestfightodds,,2024-12-14T00:00:00Z,0.16,0.076923,0.416667,0.076923,0.111111,0.416667
2021-05-22,Felicia Spencer,Norma Dumont,,kaggle_mdabbert_bestfightodds,,2024-12-14T00:00:00Z,0.125,0.25974,0.350877,0.111111,0.1,0.294118
2021-05-22,Jack Hermansson,Edmen Shahbazyan,,kaggle_mdabbert_bestfightodds,,2024-12-14T00:00:00Z,0.181818,0.350877,0.2,0.285714,0.083333,0.16
2021-05-22,Justin Tafa,Jared Vanderaa,,kaggle_mdabbert_bestfightodds,,2024-12-14T00:00:00Z,0.47619,0.066667,0.210526,0.222222,0.1,0.16
2021-05-22,Court McGee,Claudio Silva,,kaggle_mdabbert_bestfightodds,,2024-12-14T00:00:00Z,0.173913,0.105263,0.350877,0.090909,0.25,0.285714
2021-05-22,Bruno Silva,Victor Rodriguez,,kaggle_mdabbert_bestfightodds,,2024-12-14T00:00:00Z,0.090909,0.25,0.285714,0.121212,0.066667,0.142857
2021-05-22,Josh Culibao,Shayilan Nuerdanbieke,,kaggle_mdabbert_bestfightodds,,2024-12-14T00:00:00Z,0.25974,0.111111,0.444444,,,
2021-05-22,David Dvorak,Juancamilo Ronderos,,kaggle_mdabbert_bestfightodds,,2024-12-14T00:00:00Z,0.425532,0.148148,0.350877,0.047619,0.153846,0.125
2021-05-22,Rafael Alves,Damir Ismagulov,,kaggle_mdabbert_bestfightodds,,2024-12-14T00:00:00Z,0.076923,0.1,0.1,0.285714,0.117647,0.555556
2021-05-22,Ben Rothwell,Chris Barnett,,kaggle_mdabbert_bestfightodds,,2024-12-14T00:00:00Z,0.5,0.166667,0.25,0.142857,0.052632,0.133333
2021-06-05,Jairzinho Rozenstruik,Augusto Sakai,,kaggle_mdabbert_bestfightodds,,2024-12-14T00:00:00Z,0.425532,0.052632,0.16,0.25974,0.090909,0.235294
2021-06-05,Walt Harris,Marcin Tybura,,kaggle_mdabbert_bestfightodds,,2024-12-14T00:00:00Z,0.350877,0.066667,0.133333,0.285714,0.1,0.298507
2021-06-05,Roman Dolidze,Laureano Staropoli,,kaggle_mdabbert_bestfightodds,,2024-12-14T00:00:00Z,0.186916,0.181818,0.333333,0.166667,0.105263,0.277778
2021-06-05,Santiago Ponzinibbio,Miguel Baeza,,kaggle_mdabbert_bestfightodds,,2024-12-14T00:00:00Z,0.25,0.066667,0.25974,0.363636,0.125,0.181818
2021-06-05,Dusko Todorovic,Gregory Rodrigues,,kaggle_mdabbert_bestfightodds,,2024-12-14T00:00:00Z,0.392157,0.076923,0.181818,0.307692,0.133333,0.148148
2021-06-05,Montana De La Rosa,Ariane Lipski,,kaggle_mdabbert_bestfightodds,,2024-12-14T00:00:00Z,0.1,0.25,0.47619,0.1,0.083333,0.235294
2021-06-05,Tanner Boser,Ilir Latifi,,kaggle_mdabbert_bestfightodds,,2024-12-14T00:00:00Z,0.322581,0.052632,0.333333,0.166667,0.090909,0.266667
2021-06-05,Francisco Trinaldo,Muslim Salikhov,,kaggle_mdabbert_bestfightodds,,2024-12-14T00:00:00Z,0.105263,0.083333,0.206186,0.298507,0.148148,0.408163
2021-06-05,Makwan Amirkhani,Kamuela Kirk,,kaggle_mdabbert_bestfightodds,,2024-12-14T00:00:00Z,0.133333,0.392157,0.25,0.181818,0.083333,0.2
2021-06-05,Manon Fiorot,Tabatha Ricci,,kaggle_mdabbert_bestfightodds,,2024-12-14T00:00:00Z,0.583333,0.066667,0.294118,0.058824,0.111111,0.125
2021-06-05,Sean Woodson,Youssef Zalal,,kaggle_mdabbert_bestfightodds,,2024-12-14T00:00:00Z,0.181818,0.105263,0.444444,0.076923,0.142857,0.285714
2021-06-05,Claudio Puelles,Jordan Leavitt,,kaggle_mdabbert_bestfightodds,,2024-12-14T00:00:00Z,0.137931,0.148148,0.2,0.133333,0.37037,0.253165
2021-06-12,Israel Adesanya,Marvin Vettori,,kaggle_mdabbert_bestfightodds,,2024-12-14T00:00:00Z,0.4,0.052632,0.384615,0.105263,0.1,0.210526
2021-06-12,Deiveson Figueiredo,Brandon Moreno,,kaggle_mdabbert_bestfightodds,,2024-12-14T00:00:00Z,0.37037,0.153846,0.25,0.142857,0.083333,0.25
2021-06-12,Leon Edwards,Nate Diaz,,kaggle_mdabbert_bestfightodds,,2024-12-14T00:00:00Z,0.5,0.066667,0.377358,0.090909,0.090909,0.117647
2021-06-12,Demian Maia,Belal Muhammad,,kaggle_mdabbert_bestfightodds,,2024-12-14T00:00:00Z,0.090909,0.222222,0.142857,0.222222,0.076923,0.487805
2021-06-12,Paul Craig,Jamahal Hill,,kaggle_mdabbert_bestfightodds,,2024-12-14T00:00:00Z,0.083333,0.190476,0.133333,0.574468,0.052632,0.210526
2021-06-12,Drew Dober,Brad Riddell,,kaggle_mdabbert_bestfightodds,,2024-12-14T00:00:00Z,0.25,0.076923,0.350877,0.166667,0.111111,0.285714
2021-06-12,Fares Ziam,Luigi Vendramini,,kaggle_mdabbert_bestfightodds,,2024-12-14T00:00:00Z,0.2,0.142857,0.322581,0.222222,0.166667,0.181818
2021-06-12,Lauren Murphy,Joanne Calderwood,,kaggle_mdabbert_bestfightodds,,2024-12-14T00:00:00Z,0.1,0.117647,0.344828,0.105263,0.1,0.47619
2021-06-12,Movsar Evloev,Hakeem Dawodu,,kaggle_mdabbert_bestfightodds,,2024-12-14T00:00:00Z,0.133333,0.153846,0.534884,0.133333,0.052632,0.235294
2021-06-12,Pannie Kianzad,Alexis Davis,,kaggle_mdabbert_bestfightodds,,2024-12-14T00:00:00Z,0.090909,0.083333,0.574468,0.114286,0.129032,0.25
2021-06-12,Matt Frevola,Terrance McKinney,,kaggle_mdabbert_bestfightodds,,2024-12-14T00:00:00Z,0.25,0.235294,0.298507,0.235294,0.090909,0.129032
2021-06-12,Chase Hooper,Steven Peterson,,kaggle_mdabbert_bestfightodds,,2024-12-14T00:00:00Z,0.111111,0.307692,0.181818,0.235294,0.066667,0.333333
2021-06-12,Carlos Felipe,Jake Collier,,kaggle_mdabbert_bestfightodds,,2024-12-14T00:00:00Z,0.266667,0.076923,0.384615,0.153846,0.076923,0.285714
2021-06-12,Eryk Anders,Darren Stewart,,kaggle_mdabbert_bestfightodds,,2024-12-14T00:00:00Z,0.3125,0.066667,0.31746,0.181818,0.076923,0.28169
2021-06-19,Chan Sung Jung,Dan Ige,,kaggle_mdabbert_bestfightodds,,2024-12-14T00:00:00Z,0.25,0.114286,0.277778,0.266667,0.090909,0.307692
2021-06-19,Aleksei Oleinik,Serghei Spivac,,kaggle_mdabbert_bestfightodds,,2024-12-14T00:00:00Z,,,,0.591837,0.052632,0.166667
2021-06-19,Julian Erosa,SeungWoo Choi,,kaggle_mdabbert_bestfightodds,,2024-12-14T00:00:00Z,0.142857,0.153846,0.25,0.285714,0.090909,0.357143
2021-06-19,Marlon Vera,Davey Grant,,kaggle_mdabbert_bestfightodds,,2024-12-14T00:00:00Z,0.2,0.25,0.347222,0.181818,0.076923,0.181818
2021-06-19,Wellington Turman,Bruno Silva,,kaggle_mdabbert_bestfightodds,,2024-12-14T00:00:00Z,0.133333,0.210526,0.222222,0.350877,0.090909,0.222222
2021-06-19,Josh Parisian,Roque Martinez,,kaggle_mdabbert_bestfightodds,,2024-12-14T00:00:00Z,0.298507,0.066667,0.266667,0.266667,0.066667,0.235294
2021-06-19,Aleksa Camur,Nicolae Negumereanu,,kaggle_mdabbert_bestfightodds,,2024-12-14T00:00:00Z,0.285714,0.1,0.444444,0.125,0.111111,0.181818
2021-06-19,Kanako Murata,Virna Jandiroba,,kaggle_mdabbert_bestfightodds,,2024-12-14T00:00:00Z,0.090909,0.090909,0.377358,0.071429,0.307692,0.294118
2021-06-19,Khaos Williams,Matthew Semelsberger,,kaggle_mdabbert_bestfightodds,,2024-12-14T00:00:00Z,0.454545,0.052632,0.2,0.190476,0.1,0.25
2021-06-19,Joaquim Silva,Ricky Glenn,,kaggle_mdabbert_bestfightodds,,2024-12-14T00:00:00Z,0.350877,0.090909,0.222222,0.133333,0.1,0.333333
2021-06-19,Casey O'Neill,Lara Procopio,,kaggle_mdabbert_bestfightodds,,2024-12-14T00:00:00Z,0.153846,0.125,0.266667,0.105263,0.111111,0.487805
2021-06-19,Matt Brown,Dhiego Lima,,kaggle_mdabbert_bestfightodds,,2024-12-14T00:00:00Z,0.210526,0.066667,0.222222,0.266667,0.125,0.4
2021-06-26,Tanner Boser,Ovince Saint Preux,,kaggle_mdabbert_bestfightodds,,2024-12-14T00:00:00Z,0.125,0.052632,0.363636,0.166667,0.222222,0.285714
2021-06-26,Raoni Barcelos,Timur Valiev,,kaggle_mdabbert_bestfightodds,,2024-12-14T00:00:00Z,0.111111,0.142857,0.444444,0.074074,0.235294,0.210526
2021-06-26,Tim Means,Nicolas Dalby,,kaggle_mdabbert_bestfightodds,,2024-12-14T00:00:00Z,0.142857,0.111111,0.377358,0.090909,0.307692,0.2
2021-06-26,Renato Moicano,Jai Herbert,,kaggle_mdabbert_bestfightodds,,2024-12-14T00:00:00Z,0.235294,0.363636,0.294118,0.0625,0.153846,0.153846
2021-06-26,Kennedy Nzechukwu,Danilo Marques,,kaggle_mdabbert_bestfightodds,,2024-12-14T00:00:00Z,0.105263,0.047619,0.222222,0.277778,0.222222,0.363636
2021-06-26,Ciryl Gane,Alexander Volkov,,kaggle_mdabbert_bestfightodds,,2024-12-14T00:00:00Z,0.266667,0.125,0.347222,0.058824,0.210526,0.25
2021-06-26,Warlley Alves,Jeremiah Wells,,kaggle_mdabbert_bestfightodds,,2024-12-14T00:00:00Z,0.16,0.181818,0.230947,0.090909,0.181818,0.392157
2021-06-26,Marcin Prachnio,Ike Villanueva,,kaggle_mdabbert_bestfightodds,,2024-12-14T00:00:00Z,0.307692,0.076923,0.307692,0.047619,0.142857,0.357143
2021-06-26,Julia Avila,Julija Stoliarenko,,kaggle_mdabbert_bestfightodds,,2024-12-14T00:00:00Z,0.066667,0.129032,0.5,0.133333,0.142857,0.307692
2021-06-26,Charles Rosa,Justin Jaynes,,kaggle_mdabbert_bestfightodds,,2024-12-14T00:00:00Z,0.285714,0.3125,0.266667,0.058824,0.210526,0.137931
2021-06-26,Yancy Medeiros,Damir Hadzovic,,kaggle_mdabbert_bestfightodds,,2024-12-14T00:00:00Z,0.277778,0.117647,0.277778,0.083333,0.307692,0.153846
2021-06-26,Shavkat Rakhmonov,Michel Prazeres,,kaggle_mdabbert_bestfightodds,,2024-12-14T00:00:00Z,0.076923,0.129032,0.307692,0.125,0.181818,0.425532
2021-07-10,Dustin Poirier,Conor McGregor,,kaggle_mdabbert_bestfightodds,,2024-12-14T00:00:00Z,0.377358,0.148148,0.153846,0.4,0.043478,0.125
2021-07-10,Gilbert Burns,Stephen Thompson,,kaggle_mdabbert_bestfightodds,,2024-12-14T00:00:00Z,0.16,0.173913,0.2,0.285714,0.038462,0.4
2021-07-10,Tai Tuivasa,Greg Hardy,,kaggle_mdabbert_bestfightodds,,2024-12-14T00:00:00Z,0.384615,0.058824,0.222222,0.273973,0.052632,0.222222
2021-07-10,Irene Aldana,Yana Kunitskaya,,kaggle_mdabbert_bestfightodds,,2024-12-14T00:00:00Z,0.190476,0.076923,0.384615,0.111111,0.076923,0.4
2021-07-10,Sean O'Malley,Kris Moutinho,,kaggle_mdabbert_bestfightodds,,2024-12-14T00:00:00Z,0.75,0.111111,0.2,0.076923,0.058824,0.066667
2021-07-10,Niko Price,Michel Pereira,,kaggle_mdabbert_bestfightodds,,2024-12-14T00:00:00Z,0.253165,0.066667,0.181818,0.333333,0.133333,0.266667
2021-07-10,Ryan Hall,Ilia Topuria,,kaggle_mdabbert_bestfightodds,,2024-12-14T00:00:00Z,0.083333,0.210526,0.166667,0.377358,0.097561,0.307692
2021-07-10,Trevin Giles,Dricus Du Plessis,,kaggle_mdabbert_bestfightodds,,2024-12-14T00:00:00Z,0.181818,0.090909,0.322581,0.25,0.190476,0.181818
2021-07-10,Jennifer Maia,Jessica Eye,,kaggle_mdabbert_bestfightodds,,2024-12-14T00:00:00Z,0.1,0.137931,0.487805,0.090909,0.076923,0.307692
2021-07-10,Omari Akhmedov,Brad Tavares,,kaggle_mdabbert_bestfightodds,,2024-12-14T00:00:00Z,0.133333,0.117647,0.285714,0.2,0.076923,0.434783
2021-07-10,Zhalgas Zhumagulov,Jerome Rivera,,kaggle_mdabbert_bestfightodds,,2024-12-14T00:00:00Z,0.222222,0.125,0.555556,0.090909,0.111111,0.166667
2021-07-10,Carlos Condit,Max Griffin,,kaggle_mdabbert_bestfightodds,,2024-12-14T00:00:00Z,0.125,0.083333,0.263158,0.266667,0.090909,0.425532
2021-07-17,Jeremy Stephens,Mateusz Gamrot,,kaggle_mdabbert_bestfightodds,,2024-12-14T00:00:00Z,0.181818,0.058824,0.166667,0.357143,0.083333,0.4
2021-07-17,Islam Makhachev,Thiago Moises,,kaggle_mdabbert_bestfightodds,,2024-12-14T00:00:00Z,0.232558,0.266667,0.512195,0.058824,0.052632,0.090909
2021-07-17,Marion Reneau,Miesha Tate,,kaggle_mdabbert_bestfightodds,,2024-12-14T00:00:00Z,0.083333,0.125,0.294118,0.076923,0.166667,0.47619
2021-07-17,Rodolfo Vieira,Dustin Stoltzfus,,kaggle_mdabbert_bestfightodds,,2024-12-14T00:00:00Z,0.111111,0.52381,0.2,0.166667,0.066667,0.2
2021-07-17,Amanda Lemos,Montserrat Conejo,,kaggle_mdabbert_bestfightodds,,2024-12-14T00:00:00Z,0.363636,0.166667,0.454545,0.047619,0.058824,0.111111
2021-07-17,Daniel Rodriguez,Preston Parsons,,kaggle_mdabbert_bestfightodds,,2024-12-14T00:00:00Z,0.574468,0.1,0.222222,0.076923,0.111111,0.133333
2021-07-17,Alan Baudot,Rodrigo Nascimento,,kaggle_mdabbert_bestfightodds,,2024-12-14T00:00:00Z,0.166667,0.052632,0.090909,0.2,0.555556,0.166667
2021-07-17,Khalid Taha,Sergey Morozov,,kaggle_mdabbert_bestfightodds,,2024-12-14T00:00:00Z,0.2,0.166667,0.333333,0.1,0.076923,0.357143
2021-07-17,Francisco Figueiredo,Malcolm Gordon,,kaggle_mdabbert_bestfightodds,,2024-12-14T00:00:00Z,0.454545,0.181818,0.266667,0.076923,0.111111,0.153846
2021-07-17,Gabriel Benitez,Billy Quarantillo,,kaggle_mdabbert_bestfightodds,,2024-12-14T00:00:00Z,0.222222,0.142857,0.4,0.166667,0.105263,0.222222
2021-07-24,Kyler Phillips,Raulian Paiva,,kaggle_mdabbert_bestfightodds,,2024-12-14T00:00:00Z,0.2,0.090909,0.555556,0.1,0.090909,0.166667
2021-07-24,Darren Elkins,Darrick Minner,,kaggle_mdabbert_bestfightodds,,2024-12-14T00:00:00Z,0.111111,0.142857,0.266667,0.142857,0.294118,0.285714
2021-07-24,Miranda Maverick,Maycee Barber,,kaggle_mdabbert_bestfightodds,,2024-12-14T00:00:00Z,0.117647,0.133333,0.454545,0.181818,0.066667,0.266667
2021-07-24,Adrian Yanez,Randy Costa,,kaggle_mdabbert_bestfightodds,,2024-12-14T00:00:00Z,0.52381,0.083333,0.208333,0.181818,0.058824,0.166667
2021-07-24,Cory Sandhagen,TJ Dillashaw,,kaggle_mdabbert_bestfightodds,,2024-12-14T00:00:00Z,0.47619,0.142857,0.166667,0.2,0.083333,0.166667
2021-07-24,Nassourdine Imavov,Ian Heinisch,,kaggle_mdabbert_bestfightodds,,2024-12-14T00:00:00Z,0.153846,0.083333,0.266667,0.153846,0.111111,0.454545
2021-07-24,Mickey Gall,Jordan Williams,,kaggle_mdabbert_bestfightodds,,2024-12-14T00:00:00Z,0.083333,0.222222,0.2,0.363636,0.066667,0.31746
2021-07-24,Julio Arce,Andre Ewell,,kaggle_mdabbert_bestfightodds,,2024-12-14T00:00:00Z,0.166667,0.181818,0.454545,0.1,0.058824,0.266667
2021-07-24,Sijara Eubanks,Elise Reed,,kaggle_mdabbert_bestfightodds,,2024-12-14T00:00:00Z,0.25,0.222222,0.47619,0.090909,0.058824,0.142857
2021-07-24,Diana Belbita,Hannah Goldy,,kaggle_mdabbert_bestfightodds,,2024-12-14T00:00:00Z,0.117647,0.133333,0.377358,0.125,0.090909,0.377358
2021-07-24,Punahele Soriano,Brendan Allen,,kaggle_mdabbert_bestfightodds,,2024-12-14T00:00:00Z,0.416667,0.066667,0.166667,0.090909,0.333333,0.166667
2021-07-31,Uriah Hall,Sean Strickland,,kaggle_mdabbert_bestfightodds,,2024-12-14T00:00:00Z,0.266667,0.038462,0.133333,0.377358,0.111111,0.307692
2021-07-31,Cheyanne Buys,Gloria de Paula,,kaggle_mdabbert_bestfightodds,,2024-12-14T00:00:00Z,0.1,0.111111,0.5,0.1,0.066667,0.333333
2021-07-31,Niklas Stolze,Jared Gooden,,kaggle_mdabbert_bestfightodds,,2024-12-14T00:00:00Z,0.25,0.142857,0.357143,0.142857,0.076923,0.25
2021-07-31,Collin Anglin,Melsik Baghdasaryan,,kaggle_mdabbert_bestfightodds,,2024-12-14T00:00:00Z,0.133333,0.090909,0.294118,0.307692,0.105263,0.285714
2021-07-31,Bryan Barberena,Jason Witt,,kaggle_mdabbert_bestfightodds,,2024-12-14T00:00:00Z,0.454545,0.153846,0.25,0.105263,0.117647,0.166667
2021-07-31,Jinh Yu Frey,Ashley Yoder,,kaggle_mdabbert_bestfightodds,,2024-12-14T00:00:00Z,0.066667,0.090909,0.357143,0.066667,0.117647,0.5
2021-07-31,Ryan Benoit,Zarrukh Adashev,,kaggle_mdabbert_bestfightodds,,2024-12-14T00:00:00Z,0.222222,0.1,0.357143,0.2,0.090909,0.285714
2021-07-31,Phil Rowe,Orion Cosce,,kaggle_mdabbert_bestfightodds,,2024-12-14T00:00:00Z,0.181818,0.133333,0.208333,0.363636,0.111111,0.25
2021-07-31,Chris Gruetzemacher,Rafa Garcia,,kaggle_mdabbert_bestfightodds,,2024-12-14T00:00:00Z,0.1,0.055556,0.181818,0.2,0.333333,0.377358
2021-08-07,Song Yadong,Casey Kenney,,kaggle_mdabbert_bestfightodds,,2024-12-14T00:00:00Z,0.222222,0.083333,0.31746,0.125,0.111111,0.377358
2021-08-07,Derrick Lewis,Ciryl Gane,,kaggle_mdabbert_bestfightodds,,2024-12-14T00:00:00Z,0.232558,0.043478,0.066667,0.454545,0.142857,0.31746
2021-08-07,Jose Aldo,Pedro Munhoz,,kaggle_mdabbert_bestfightodds,,2024-12-14T00:00:00Z,0.181818,0.058824,0.4,0.181818,0.1,0.307692
2021-08-07,Michael Chiesa,Vicente Luque,,kaggle_mdabbert_bestfightodds,,2024-12-14T00:00:00Z,0.1,0.222222,0.307692,0.25,0.133333,0.25
2021-08-07,Bobby Green,Rafael Fiziev,,kaggle_mdabbert_bestfightodds,,2024-12-14T00:00:00Z,0.090909,0.047619,0.2,0.363636,0.066667,0.454545
2021-08-07,Tecia Torres,Angela Hill,,kaggle_mdabbert_bestfightodds,,2024-12-14T00:00:00Z,0.083333,0.090909,0.512195,0.117647,0.047619,0.357143
2021-08-07,Alonzo Menifield,Ed Herman,,kaggle_mdabbert_bestfightodds,,2024-12-14T00:00:00Z,0.574468,0.076923,0.166667,0.125,0.111111,0.166667
2021-08-07,Victoria Leonardo,Melissa Gatto,,kaggle_mdabbert_bestfightodds,,2024-12-14T00:00:00Z,0.153846,0.142857,0.31746,0.090909,0.357143,0.190476
2021-08-07,Miles Johns,Anderson Dos Santos,,kaggle_mdabbert_bestfightodds,,2024-12-14T00:00:00Z,0.25,0.083333,0.454545,0.090909,0.111111,0.222222
2021-08-07,Vince Morales,Drako Rodriguez,,kaggle_mdabbert_bestfightodds,,2024-12-14T00:00:00Z,0.222222,0.090909,0.307692,0.166667,0.2,0.266667
2021-08-07,Johnny Munoz,Jamey Simmons,,kaggle_mdabbert_bestfightodds,,2024-12-14T00:00:00Z,0.2,0.47619,0.285714,0.1,0.071429,0.153846
2021-08-07,Karolina Kowalkiewicz,Jessica Penne,,kaggle_mdabbert_bestfightodds,,2024-12-14T00:00:00Z,0.083333,0.047619,0.534884,0.0625,0.153846,0.333333
2021-08-07,Manel Kape,Ode Osbourne,,kaggle_mdabbert_bestfightodds,,2024-12-14T00:00:00Z,0.416667,0.090909,0.294118,0.133333,0.076923,0.222222
2021-08-21,Jared Cannonier,Kelvin Gastelum,,kaggle_mdabbert_bestfightodds,,2024-12-14T00:00:00Z,0.363636,0.090909,0.25,0.142857,0.083333,0.294118
2021-08-21,Parker Porter,Chase Sherman,,kaggle_mdabbert_bestfightodds,,2024-12-14T00:00:00Z,0.166667,0.1,0.181818,0.454545,0.058824,0.25
2021-08-21,Trevin Jones,Saidyokub Kakhramonov,,kaggle_mdabbert_bestfightodds,,2024-12-14T00:00:00Z,0.4,0.2,0.153846,0.142857,0.125,0.266667
2021-08-21,Vinc Pichel,Austin Hubbard,,kaggle_mdabbert_bestfightodds,,2024-12-14T00:00:00Z,0.125,0.076923,0.416667,0.153846,0.090909,0.357143
2021-08-21,Alexandre Pantoja,Brandon Royval,,kaggle_mdabbert_bestfightodds,,2024-12-14T00:00:00Z,0.2,0.181818,0.377358,0.125,0.142857,0.222222
2021-08-21,Clay Guida,Mark Madsen,,kaggle_mdabbert_bestfightodds,,2024-12-14T00:00:00Z,0.125,0.1,0.266667,0.125,0.142857,0.454545
2021-08-21,Brian Kelleher,Domingo Pilarte,,kaggle_mdabbert_bestfightodds,,2024-12-14T00:00:00Z,0.4,0.2,0.166667,0.111111,0.153846,0.222222
2021-08-21,Bea Malecki,Josiane Nunes,,kaggle_mdabbert_bestfightodds,,2024-12-14T00:00:00Z,0.222222,0.153846,0.377358,0.2,0.076923,0.232558
2021-08-21,William Knight,Fabio Cherant,,kaggle_mdabbert_bestfightodds,,2024-12-14T00:00:00Z,0.454545,0.066667,0.222222,0.166667,0.142857,0.181818
2021-08-21,Roosevelt Roberts,Ignacio Bahamondes,,kaggle_mdabbert_bestfightodds,,2024-12-14T00:00:00Z,0.111111,0.232558,0.357143,0.222222,0.058824,0.232558
2021-08-21,Sasha Palatnikov,Ramiz Brahimaj,,kaggle_mdabbert_bestfightodds,,2024-12-14T00:00:00Z,0.25,0.066667,0.232558,0.083333,0.363636,0.232558
2021-08-21,Austin Lingo,Luis Saldana,,kaggle_mdabbert_bestfightodds,,2024-12-14T00:00:00Z,0.222222,0.1,0.285714,0.222222,0.142857,0.294118
2021-08-28,Edson Barboza,Giga Chikadze,,kaggle_mdabbert_bestfightodds,,2024-12-14T00:00:00Z,0.285714,0.066667,0.285714,0.333333,0.038462,0.2
2021-08-28,Bryan Battle,Gilbert Urbina,,kaggle_mdabbert_bestfightodds,,2024-12-14T00:00:00Z,0.222222,0.2,0.363636,0.111111,0.125,0.222222
2021-08-28,Ricky Turcios,Brady Hiestand,,kaggle_mdabbert_bestfightodds,,2024-12-14T00:00:00Z,0.222222,0.125,0.377358,0.111111,0.111111,0.294118
2021-08-28,Kevin Lee,Daniel Rodriguez,,kaggle_mdabbert_bestfightodds,,2024-12-14T00:00:00Z,0.125,0.25,0.31746,0.232558,0.058824,0.232558
2021-08-28,Andre Petroski,Micheal Gillmore,,kaggle_mdabbert_bestfightodds,,2024-12-14T00:00:00Z,0.307692,0.5,0.166667,0.111111,0.052632,0.083333
2021-08-28,Alessio Di Chirico,Abdul Razak Alhassan,,kaggle_mdabbert_bestfightodds,,2024-12-14T00:00:00Z,0.363636,0.133333,0.363636,0.222222,0.027778,0.125
2021-08-28,Sam Alvey,Wellington Turman,,kaggle_mdabbert_bestfightodds,,2024-12-14T00:00:00Z,0.294118,0.047619,0.222222,0.2,0.181818,0.285714
2021-08-28,Dustin Jacoby,Darren Stewart,,kaggle_mdabbert_bestfightodds,,2024-12-14T00:00:00Z,0.285714,0.058824,0.416667,0.133333,0.090909,0.222222
2021-08-28,JJ Aldrich,Vanessa Demopoulos,,kaggle_mdabbert_bestfightodds,,2024-12-14T00:00:00Z,0.208333,0.090909,0.636364,0.052632,0.058824,0.16
2021-08-28,Jamall Emmers,Pat Sabatini,,kaggle_mdabbert_bestfightodds,,2024-12-14T00:00:00Z,0.153846,0.083333,0.454545,0.083333,0.181818,0.266667
2021-08-28,Makhmud Muradov,Gerald Meerschaert,,kaggle_mdabbert_bestfightodds,,2024-12-14T00:00:00Z,0.6,0.083333,0.307692,0.047619,0.090909,0.076923
2021-08-28,Mana Martinez,Guido Cannetti,,kaggle_mdabbert_bestfightodds,,2024-12-14T00:00:00Z,0.574468,0.1,0.181818,0.1,0.125,0.153846
2021-09-04,Alex Morono,David Zawada,,kaggle_mdabbert_bestfightodds,,2024-12-14T00:00:00Z,0.166667,0.142857,0.357143,0.166667,0.133333,0.285714
2021-09-04,Derek Brunson,Darren Till,,kaggle_mdabbert_bestfightodds,,2024-12-14T00:00:00Z,0.25,0.047619,0.181818,0.434783,0.058824,0.222222
2021-09-04,Tom Aspinall,Serghei Spivac,,kaggle_mdabbert_bestfightodds,,2024-12-14T00:00:00Z,0.454545,0.166667,0.2,0.153846,0.111111,0.153846
2021-09-04,Modestas Bukauskas,Khalil Rountree Jr.,,kaggle_mdabbert_bestfightodds,,2024-12-14T00:00:00Z,0.377358,0.083333,0.266667,0.307692,0.034483,0.133333
2021-09-04,Molly McCann,Ji Yeon Kim,,kaggle_mdabbert_bestfightodds,,2024-12-14T00:00:00Z,0.090909,0.083333,0.434783,0.083333,0.083333,0.416667
2021-09-04,Jack Shore,Liudvik Sholinian,,kaggle_mdabbert_bestfightodds,,2024-12-14T00:00:00Z,0.222222,0.363636,0.4,0.066667,0.043478,0.111111
2021-09-04,Julian Erosa,Charles Jourdain,,kaggle_mdabbert_bestfightodds,,2024-12-14T00:00:00Z,0.153846,0.142857,0.181818,0.52381,0.076923,0.166667
2021-09-04,Dalcha Lungiambula,Marc-Andre Barriault,,kaggle_mdabbert_bestfightodds,,2024-12-14T00:00:00Z,0.222222,0.043478,0.222222,0.363636,0.111111,0.285714
2021-09-04,Paddy Pimblett,Luigi Vendramini,,kaggle_mdabbert_bestfightodds,,2024-12-14T00:00:00Z,0.222222,0.266667,0.25,0.2,0.111111,0.208333
2021-09-18,Anthony Smith,Ryan Spann,,kaggle_mdabbert_bestfightodds,,2024-12-14T00:00:00Z,0.307692,0.232558,0.181818,0.232558,0.166667,0.117647
2021-09-18,Ion Cutelaba,Devin Clark,,kaggle_mdabbert_bestfightodds,,2024-12-14T00:00:00Z,0.52381,0.052632,0.142857,0.133333,0.066667,0.285714
2021-09-18,Ariane Lipski,Mandy Bohm,,kaggle_mdabbert_bestfightodds,,2024-12-14T00:00:00Z,0.2,0.166667,0.31746,0.111111,0.083333,0.357143
2021-09-18,Arman Tsarukyan,Christos Giagos,,kaggle_mdabbert_bestfightodds,,2024-12-14T00:00:00Z,0.232558,0.222222,0.574468,0.043478,0.034483,0.1
2021-09-18,Nate Maness,Tony Gravely,,kaggle_mdabbert_bestfightodds,,2024-12-14T00:00:00Z,0.090909,0.111111,0.232558,0.232558,0.125,0.416667
2021-09-18,Joaquin Buckley,Antonio Arroyo,,kaggle_mdabbert_bestfightodds,,2024-12-14T00:00:00Z,0.47619,0.052632,0.208333,0.181818,0.166667,0.142857
2021-09-18,Pannie Kianzad,Raquel Pennington,,kaggle_mdabbert_bestfightodds,,2024-12-14T00:00:00Z,0.111111,0.058824,0.363636,0.076923,0.105263,0.47619
2021-09-18,Rong Zhu,Brandon Jenkins,,kaggle_mdabbert_bestfightodds,,2024-12-14T00:00:00Z,,,,0.181818,0.058824,0.166667
2021-09-18,Montel Jackson,JP Buys,,kaggle_mdabbert_bestfightodds,,2024-12-14T00:00:00Z,0.5,0.2,0.31746,0.052632,0.058824,0.111111
2021-09-18,Erin Blanchfield,Sarah Alpar,,kaggle_mdabbert_bestfightodds,,2024-12-14T00:00:00Z,0.232558,0.181818,0.5,0.058824,0.066667,0.166667
2021-09-18,Impa Kasanganay,Carlston Harris,,kaggle_mdabbert_bestfightodds,,2024-12-14T00:00:00Z,0.181818,0.083333,0.363636,0.142857,0.285714,0.2
2021-09-18,Emily Whitmire,Hannah Goldy,,kaggle_mdabbert_bestfightodds,,2024-12-14T00:00:00Z,0.066667,0.111111,0.454545,0.125,0.083333,0.357143
2021-09-18,Mike Rodriguez,Tafon Nchukwi,,kaggle_mdabbert_bestfightodds,,2024-12-14T00:00:00Z,0.25,0.058824,0.266667,0.377358,0.058824,0.2
2021-09-25,Jessica Andrade,Cynthia Calvillo,,kaggle_mdabbert_bestfightodds,,2024-12-14T00:00:00Z,0.307692,0.090909,0.416667,0.066667,0.1,0.232558
2021-09-25,Alexander Volkanovski,Brian Ortega,,kaggle_mdabbert_bestfightodds,,2024-12-14T00:00:00Z,0.285714,0.058824,0.416667,0.125,0.2,0.166667
2021-09-25,Valentina Shevchenko,Lauren Murphy,,kaggle_mdabbert_bestfightodds,,2024-12-14T00:00:00Z,0.52381,0.222222,0.333333,0.038462,0.034483,0.052632
2021-09-25,Nick Diaz,Robbie Lawler,,kaggle_mdabbert_bestfightodds,,2024-12-14T00:00:00Z,0.133333,0.111111,0.266667,0.350877,0.038462,0.307692
2021-09-25,Curtis Blaydes,Jairzinho Rozenstruik,,kaggle_mdabbert_bestfightodds,,2024-12-14T00:00:00Z,0.444444,0.090909,0.357143,0.208333,0.027778,0.090909
2021-09-25,Marlon Moraes,Merab Dvalishvili,,kaggle_mdabbert_bestfightodds,,2024-12-14T00:00:00Z,0.142857,0.076923,0.166667,0.2,0.153846,0.5
2021-09-25,Jonathan Pearce,Omar Morales,,kaggle_mdabbert_bestfightodds,,2024-12-14T00:00:00Z,0.2,0.083333,0.232558,0.232558,0.083333,0.377358
2021-09-25,Shamil Abdurakhimov,Chris Daukaus,,kaggle_mdabbert_bestfightodds,,2024-12-14T00:00:00Z,0.181818,0.052632,0.2,0.5,0.066667,0.222222
2021-09-25,Roxanne Modafferi,Taila Santos,,kaggle_mdabbert_bestfightodds,,2024-12-14T00:00:00Z,0.043478,0.083333,0.153846,0.222222,0.083333,0.622642
2021-09-25,Uros Medic,Jalin Turner,,kaggle_mdabbert_bestfightodds,,2024-12-14T00:00:00Z,0.377358,0.076923,0.2,0.25,0.125,0.2
2021-09-25,Cody Brundage,Nick Maximov,,kaggle_mdabbert_bestfightodds,,2024-12-14T00:00:00Z,0.2,0.166667,0.222222,0.166667,0.285714,0.25
2021-09-25,Matthew Semelsberger,Martin Sano,,kaggle_mdabbert_bestfightodds,,2024-12-14T00:00:00Z,0.574468,0.166667,0.25,,,
2021-09-25,Dan Hooker,Nasrat Haqparast,,kaggle_mdabbert_bestfightodds,,2024-12-14T00:00:00Z,0.307692,0.1,0.307692,0.222222,0.043478,0.222222
2021-10-02,Thiago Santos,Johnny Walker,,kaggle_mdabbert_bestfightodds,,2024-12-14T00:00:00Z,0.52381,0.047619,0.111111,0.363636,0.058824,0.1
2021-10-02,Alexander Hernandez,Mike Breeden,,kaggle_mdabbert_bestfightodds,,2024-12-14T00:00:00Z,0.47619,0.166667,0.363636,0.083333,0.027778,0.1
2021-10-02,Alex Oliveira,Niko Price,,kaggle_mdabbert_bestfightodds,,2024-12-14T00:00:00Z,0.153846,0.125,0.181818,0.454545,0.083333,0.222222
2021-10-02,Misha Cirkunov,Krzysztof Jotko,,kaggle_mdabbert_bestfightodds,,2024-12-14T00:00:00Z,0.142857,0.266667,0.153846,0.350877,0.066667,0.266667
2021-10-02,Joe Solecki,Jared Gordon,,kaggle_mdabbert_bestfightodds,,2024-12-14T00:00:00Z,0.1,0.2,0.377358,0.142857,0.076923,0.333333
2021-10-02,Stephanie Egger,Shanna Young,,kaggle_mdabbert_bestfightodds,,2024-12-14T00:00:00Z,0.111111,0.181818,0.416667,0.1,0.1,0.307692
2021-10-02,Bethe Correia,Karol Rosa,,kaggle_mdabbert_bestfightodds,,2024-12-14T00:00:00Z,0.058824,0.038462,0.125,0.2,0.142857,0.666667
2021-10-02,Devonte Smith,Jamie Mullarkey,,kaggle_mdabbert_bestfightodds,,2024-12-14T00:00:00Z,0.416667,0.047619,0.232558,0.232558,0.1,0.181818
2021-10-02,Douglas Silva de Andrade,Gaetano Pirrello,,kaggle_mdabbert_bestfightodds,,2024-12-14T00:00:00Z,0.4,0.066667,0.377358,0.142857,0.047619,0.181818
2021-10-02,Alejandro Perez,Johnny Eduardo,,kaggle_mdabbert_bestfightodds,,2024-12-14T00:00:00Z,0.434783,0.133333,0.285714,0.153846,0.1,0.142857
2021-10-02,Antonina Shevchenko,Casey O'Neill,,kaggle_mdabbert_bestfightodds,,2024-12-14T00:00:00Z,0.090909,0.058824,0.25,0.25,0.232558,0.333333
2021-10-09,Mackenzie Dern,Marina Rodriguez,,kaggle_mdabbert_bestfightodds,,2024-12-14T00:00:00Z,0.076923,0.5,0.181818,0.238095,0.038462,0.210526
2021-10-09,Randy Brown,Jared Gooden,,kaggle_mdabbert_bestfightodds,,2024-12-14T00:00:00Z,0.333333,0.2,0.3125,0.2,0.066667,0.153846
2021-10-09,Tim Elliott,Matheus Nicolau,,kaggle_mdabbert_bestfightodds,,2024-12-14T00:00:00Z,0.076923,0.142857,0.266667,0.111111,0.2,0.454545
2021-10-09,Sabina Mazo,Mariya Agapova,,kaggle_mdabbert_bestfightodds,,2024-12-14T00:00:00Z,0.222222,0.1,0.434783,0.125,0.117647,0.266667
2021-10-09,Chris Gutierrez,Felipe Colares,,kaggle_mdabbert_bestfightodds,,2024-12-14T00:00:00Z,0.230947,0.1,0.52381,0.066667,0.153846,0.2
2021-10-09,Alexandr Romanov,Jared Vanderaa,,kaggle_mdabbert_bestfightodds,,2024-12-14T00:00:00Z,0.380228,0.416667,0.2,0.133333,0.047619,0.1
2021-10-09,Charles Rosa,Damon Jackson,,kaggle_mdabbert_bestfightodds,,2024-12-14T00:00:00Z,0.1,0.142857,0.25,0.125,0.238095,0.4
2021-10-09,Loopy Godinez,Silvana Gomez Juarez,,kaggle_mdabbert_bestfightodds,,2024-12-14T00:00:00Z,,,0.545455,,,0.2
2021-10-09,Steve Garcia,Charlie Ontiveros,,kaggle_mdabbert_bestfightodds,,2024-12-14T00:00:00Z,0.52381,0.1,0.266667,0.142857,0.090909,0.153846
2021-10-16,Aspen Ladd,Norma Dumont,,kaggle_mdabbert_bestfightodds,,2024-12-14T00:00:00Z,0.307692,0.142857,0.222222,0.181818,0.125,0.25
2021-10-16,Andrei Arlovski,Carlos Felipe,,kaggle_mdabbert_bestfightodds,,2024-12-14T00:00:00Z,0.142857,0.047619,0.416667,0.266667,0.047619,0.294118
2021-10-16,Jim Miller,Erick Gonzalez,,kaggle_mdabbert_bestfightodds,,2024-12-14T00:00:00Z,0.111111,0.377358,0.357143,0.133333,0.038462,0.2
2021-10-16,Manon Fiorot,Mayra Bueno Silva,,kaggle_mdabbert_bestfightodds,,2024-12-14T00:00:00Z,0.377358,0.058824,0.416667,0.066667,0.1,0.2
2021-10-16,Batgerel Danaa,Brandon Davis,,kaggle_mdabbert_bestfightodds,,2024-12-14T00:00:00Z,0.266667,0.066667,0.377358,0.125,0.111111,0.266667
2021-10-16,Andrew Sanchez,Bruno Silva,,kaggle_mdabbert_bestfightodds,,2024-12-14T00:00:00Z,0.142857,0.090909,0.266667,0.454545,0.076923,0.181818
2021-10-16,Danny Roberts,Ramazan Emeev,,kaggle_mdabbert_bestfightodds,,2024-12-14T00:00:00Z,0.142857,0.047619,0.142857,0.181818,0.222222,0.52381
2021-10-16,Loopy Godinez,Luana Carolina,,kaggle_mdabbert_bestfightodds,,2024-12-14T00:00:00Z,0.2,0.2,0.4,0.090909,0.076923,0.25
2021-10-16,Istela Nunes,Ariane Carnelossi,,kaggle_mdabbert_bestfightodds,,2024-12-14T00:00:00Z,0.153846,0.076923,0.307692,0.222222,0.090909,0.357143
2021-10-16,Nate Landwehr,Ludovit Klein,,kaggle_mdabbert_bestfightodds,,2024-12-14T00:00:00Z,0.125,0.034483,0.153846,0.545455,0.1,0.266667
2021-10-23,Nicolae Negumereanu,Ike Villanueva,,kaggle_mdabbert_bestfightodds,,2024-12-14T00:00:00Z,0.357143,0.25,0.232558,0.232558,0.034483,0.111111
2021-10-23,Paulo Costa,Marvin Vettori,,kaggle_mdabbert_bestfightodds,,2024-12-14T00:00:00Z,0.25,0.038462,0.142857,0.2,0.25,0.31746
2021-10-23,Jessica-Rose Clark,Joselyne Edwards,,kaggle_mdabbert_bestfightodds,,2024-12-14T00:00:00Z,0.153846,0.083333,0.5,0.066667,0.076923,0.333333
2021-10-23,Alex Caceres,SeungWoo Choi,,kaggle_mdabbert_bestfightodds,,2024-12-14T00:00:00Z,0.1,0.076923,0.181818,0.266667,0.066667,0.52381
2021-10-23,Francisco Trinaldo,Dwight Grant,,kaggle_mdabbert_bestfightodds,,2024-12-14T00:00:00Z,0.222222,0.111111,0.357143,0.208333,0.038462,0.294118
2021-10-23,JunYong Park,Gregory Rodrigues,,kaggle_mdabbert_bestfightodds,,2024-12-14T00:00:00Z,0.142857,0.083333,0.307692,0.222222,0.142857,0.333333
2021-10-23,Tabatha Ricci,Maria Oliveira,,kaggle_mdabbert_bestfightodds,,2024-12-14T00:00:00Z,0.181818,0.31746,0.363636,,,
2021-10-23,Jamie Pickett,Laureano Staropoli,,kaggle_mdabbert_bestfightodds,,2024-12-14T00:00:00Z,0.153846,0.047619,0.222222,0.222222,0.083333,0.5
2021-10-23,Khama Worthy,Jai Herbert,,kaggle_mdabbert_bestfightodds,,2024-12-14T00:00:00Z,0.266667,0.083333,0.125,0.5,0.090909,0.181818
2021-10-23,Jeff Molina,Daniel Lacerda,,kaggle_mdabbert_bestfightodds,,2024-12-14T00:00:00Z,0.2,0.125,0.4,0.166667,0.181818,0.166667
2021-10-23,Livinha Souza,Randa Markos,,kaggle_mdabbert_bestfightodds,,2024-12-14T00:00:00Z,0.111111,0.142857,0.4,0.047619,0.083333,0.434783
2021-10-23,Jonathan Martinez,Zviad Lazishvili,,kaggle_mdabbert_bestfightodds,,2024-12-14T00:00:00Z,0.222222,0.1,0.285714,0.133333,0.266667,0.222222
2021-10-23,Mason Jones,David Onama,,kaggle_mdabbert_bestfightodds,,2024-12-14T00:00:00Z,0.52381,0.153846,0.266667,0.142857,0.052632,0.1
2021-10-30,Amanda Ribas,Virna Jandiroba,,kaggle_mdabbert_bestfightodds,,2024-12-14T00:00:00Z,0.142857,0.111111,0.5,0.090909,0.142857,0.25
2021-10-30,Jan Blachowicz,Glover Teixeira,,kaggle_mdabbert_bestfightodds,,2024-12-14T00:00:00Z,0.47619,0.076923,0.307692,0.125,0.117647,0.125
2021-10-30,Petr Yan,Cory Sandhagen,,kaggle_mdabbert_bestfightodds,,2024-12-14T00:00:00Z,0.333333,0.090909,0.377358,0.142857,0.076923,0.208333
2021-10-30,Islam Makhachev,Dan Hooker,,kaggle_mdabbert_bestfightodds,,2024-12-14T00:00:00Z,0.142857,0.294118,0.545455,0.090909,0.038462,0.111111
2021-10-30,Alexander Volkov,Marcin Tybura,,kaggle_mdabbert_bestfightodds,,2024-12-14T00:00:00Z,0.434783,0.090909,0.357143,0.117647,0.052632,0.173913
2021-10-30,Li Jingliang,Khamzat Chimaev,,kaggle_mdabbert_bestfightodds,,2024-12-14T00:00:00Z,0.111111,0.027778,0.1,0.416667,0.307692,0.266667
2021-10-30,Magomed Ankalaev,Volkan Oezdemir,,kaggle_mdabbert_bestfightodds,,2024-12-14T00:00:00Z,0.47619,0.066667,0.31746,0.181818,0.047619,0.111111
2021-10-30,Albert Duraev,Roman Kopylov,,kaggle_mdabbert_bestfightodds,,2024-12-14T00:00:00Z,0.222222,0.434783,0.266667,0.117647,0.043478,0.142857
2021-10-30,Elizeu Zaleski dos Santos,Benoit Saint Denis,,kaggle_mdabbert_bestfightodds,,2024-12-14T00:00:00Z,0.47619,0.1,0.266667,0.076923,0.178571,0.153846
2021-10-30,Shamil Gamzatov,Michal Oleksiejczuk,,kaggle_mdabbert_bestfightodds,,2024-12-14T00:00:00Z,0.166667,0.166667,0.357143,0.222222,0.047619,0.294118
2021-10-30,Makwan Amirkhani,Lerone Murphy,,kaggle_mdabbert_bestfightodds,,2024-12-14T00:00:00Z,0.066667,0.142857,0.166667,0.377358,0.0625,0.4
2021-10-30,Hu Yaozong,Andre Petroski,,kaggle_mdabbert_bestfightodds,,2024-12-14T00:00:00Z,0.166667,0.058824,0.2,,,
2021-10-30,Tagir Ulanbekov,Allan Nascimento,,kaggle_mdabbert_bestfightodds,,2024-12-14T00:00:00Z,0.166667,0.25,0.52381,0.058824,0.090909,0.166667
2021-10-30,Ricardo Ramos,Zubaira Tukhugov,,kaggle_mdabbert_bestfightodds,,2024-12-14T00:00:00Z,0.076923,0.166667,0.25,0.25,0.058824,0.416667
2021-11-06,Justin Gaethje,Michael Chandler,,kaggle_mdabbert_bestfightodds,,2024-12-14T00:00:00Z,0.545455,0.066667,0.166667,0.181818,0.090909,0.166667
2021-11-06,Shane Burgos,Billy Quarantillo,,kaggle_mdabbert_bestfightodds,,2024-12-14T00:00:00Z,0.294118,0.1,0.4,0.166667,0.083333,0.2
2021-11-06,Alex Pereira,Andreas Michailidis,,kaggle_mdabbert_bestfightodds,,2024-12-14T00:00:00Z,0.574468,0.076923,0.181818,0.133333,0.076923,0.166667
2021-11-06,Rose Namajunas,Zhang Weili,,kaggle_mdabbert_bestfightodds,,2024-12-14T00:00:00Z,0.222222,0.142857,0.222222,0.285714,0.090909,0.285714
2021-11-06,Frankie Edgar,Marlon Vera,,kaggle_mdabbert_bestfightodds,,2024-12-14T00:00:00Z,0.111111,0.058824,0.333333,0.25,0.153846,0.333333
2021-11-06,Al Iaquinta,Bobby Green,,kaggle_mdabbert_bestfightodds,,2024-12-14T00:00:00Z,0.153846,0.047619,0.25,0.111111,0.052632,0.6
2021-11-06,Kamaru Usman,Colby Covington,,kaggle_mdabbert_bestfightodds,,2024-12-14T00:00:00Z,0.4,0.083333,0.4,0.125,0.047619,0.166667
2021-11-06,Edmen Shahbazyan,Nassourdine Imavov,,kaggle_mdabbert_bestfightodds,,2024-12-14T00:00:00Z,0.266667,0.090909,0.232558,0.285714,0.125,0.25
2021-11-06,CJ Vergara,Ode Osbourne,,kaggle_mdabbert_bestfightodds,,2024-12-14T00:00:00Z,0.238095,0.037037,0.166667,0.232558,0.307692,0.232558
2021-11-06,Melsik Baghdasaryan,Bruno Souza,,kaggle_mdabbert_bestfightodds,,2024-12-14T00:00:00Z,0.454545,0.083333,0.4,0.076923,0.058824,0.142857
2021-11-06,Phil Hawes,Chris Curtis,,kaggle_mdabbert_bestfightodds,,2024-12-14T00:00:00Z,0.47619,0.076923,0.333333,0.181818,0.038462,0.125
2021-11-06,Gian Villante,Chris Barnett,,kaggle_mdabbert_bestfightodds,,2024-12-14T00:00:00Z,0.285714,0.066667,0.31746,0.266667,0.038462,0.25
2021-11-06,Ian Garry,Jordan Williams,,kaggle_mdabbert_bestfightodds,,2024-12-14T00:00:00Z,0.545455,0.153846,0.25,0.111111,0.038462,0.133333
2021-11-06,Dustin Jacoby,John Allan,,kaggle_mdabbert_bestfightodds,,2024-12-14T00:00:00Z,0.47619,0.076923,0.363636,0.1,0.066667,0.142857
2021-11-13,Max Holloway,Yair Rodriguez,,kaggle_mdabbert_bestfightodds,,2024-12-14T00:00:00Z,0.416667,0.058824,0.545455,0.090909,0.027778,0.076923
2021-11-13,Ben Rothwell,Marcos Rogerio de Lima,,kaggle_mdabbert_bestfightodds,,2024-12-14T00:00:00Z,0.294118,0.2,0.232558,,,
2021-11-13,Felicia Spencer,Leah Letson,,kaggle_mdabbert_bestfightodds,,2024-12-14T00:00:00Z,0.125,0.285714,0.5,0.083333,0.034483,0.2
2021-11-13,Song Yadong,Julio Arce,,kaggle_mdabbert_bestfightodds,,2024-12-14T00:00:00Z,0.142857,0.047619,0.47619,0.153846,0.142857,0.266667
2021-11-13,Miguel Baeza,Khaos Williams,,kaggle_mdabbert_bestfightodds,,2024-12-14T00:00:00Z,0.222222,0.133333,0.357143,0.307692,0.038462,0.153846
2021-11-13,Cynthia Calvillo,Andrea Lee,,kaggle_mdabbert_bestfightodds,,2024-12-14T00:00:00Z,0.066667,0.133333,0.47619,0.1,0.090909,0.333333
2021-11-13,Sean Woodson,Collin Anglin,,kaggle_mdabbert_bestfightodds,,2024-12-14T00:00:00Z,0.285714,0.076923,0.534884,0.090909,0.066667,0.166667
2021-11-13,Cortney Casey,Liana Jojua,,kaggle_mdabbert_bestfightodds,,2024-12-14T00:00:00Z,0.181818,0.166667,0.52381,0.047619,0.125,0.181818
2021-11-13,Marc Diakiese,Rafael Alves,,kaggle_mdabbert_bestfightodds,,2024-12-14T00:00:00Z,0.25,0.066667,0.47619,0.111111,0.153846,0.166667
2021-11-13,Kennedy Nzechukwu,Da Woon Jung,,kaggle_mdabbert_bestfightodds,,2024-12-14T00:00:00Z,,,,0.181818,0.083333,0.4
2021-11-13,Thiago Moises,Joel Alvarez,,kaggle_mdabbert_bestfightodds,,2024-12-14T00:00:00Z,0.166667,0.181818,0.512195,0.1,0.125,0.153846
2021-11-20,Rani Yahya,Kyung Ho Kang,,kaggle_mdabbert_bestfightodds,,2024-12-14T00:00:00Z,0.058824,0.266667,0.266667,0.212766,0.047619,0.333333
2021-11-20,Ketlen Vieira,Miesha Tate,,kaggle_mdabbert_bestfightodds,,2024-12-14T00:00:00Z,0.133333,0.181818,0.307692,0.125,0.125,0.357143
2021-11-20,Michael Chiesa,Sean Brady,,kaggle_mdabbert_bestfightodds,,2024-12-14T00:00:00Z,0.066667,0.166667,0.266667,0.181818,0.25,0.307692
2021-11-20,Joanne Wood,Taila Santos,,kaggle_mdabbert_bestfightodds,,2024-12-14T00:00:00Z,0.052632,0.052632,0.181818,0.181818,0.166667,0.6
2021-11-20,Davey Grant,Adrian Yanez,,kaggle_mdabbert_bestfightodds,,2024-12-14T00:00:00Z,0.1,0.076923,0.181818,0.47619,0.083333,0.285714
2021-11-20,Cody Durden,Aoriqileng,,kaggle_mdabbert_bestfightodds,,2024-12-14T00:00:00Z,0.166667,0.153846,0.416667,0.153846,0.076923,0.266667
2021-11-20,Rafa Garcia,Natan Levy,,kaggle_mdabbert_bestfightodds,,2024-12-14T00:00:00Z,0.133333,0.133333,0.357143,0.125,0.2,0.294118
2021-11-20,Loma Lookboonmee,Loopy Godinez,,kaggle_mdabbert_bestfightodds,,2024-12-14T00:00:00Z,0.133333,0.038462,0.31746,0.083333,0.166667,0.465116
2021-11-20,Shayilan Nuerdanbieke,Sean Soriano,,kaggle_mdabbert_bestfightodds,,2024-12-14T00:00:00Z,0.117647,0.1,0.153846,,,
2021-11-20,Pat Sabatini,Tucker Lutz,,kaggle_mdabbert_bestfightodds,,2024-12-14T00:00:00Z,0.083333,0.222222,0.285714,0.222222,0.058824,0.357143
2021-11-20,Luana Pinheiro,Sam Hughes,,kaggle_mdabbert_bestfightodds,,2024-12-14T00:00:00Z,0.222222,0.357143,0.4,0.043478,0.066667,0.181818
2021-12-04,Alex Morono,Mickey Gall,,kaggle_mdabbert_bestfightodds,,2024-12-14T00:00:00Z,0.25,0.1,0.47619,0.076923,0.125,0.2
2021-12-04,Rob Font,Jose Aldo,,kaggle_mdabbert_bestfightodds,,2024-12-14T00:00:00Z,0.285714,0.066667,0.333333,0.181818,0.058824,0.285714
2021-12-04,Brad Riddell,Rafael Fiziev,,kaggle_mdabbert_bestfightodds,,2024-12-14T00:00:00Z,0.181818,0.047619,0.333333,0.222222,0.047619,0.4
2021-12-04,Jimmy Crute,Jamahal Hill,,kaggle_mdabbert_bestfightodds,,2024-12-14T00:00:00Z,0.266667,0.307692,0.2,0.294118,0.043478,0.125
2021-12-04,Clay Guida,Leonardo Santos,,kaggle_mdabbert_bestfightodds,,2024-12-14T00:00:00Z,0.1,0.058824,0.266667,0.181818,0.222222,0.377358
2021-12-04,Brendan Allen,Chris Curtis,,kaggle_mdabbert_bestfightodds,,2024-12-14T00:00:00Z,0.166667,0.31746,0.4,0.181818,0.034483,0.090909
2021-12-04,Maki Pitolo,Dusko Todorovic,,kaggle_mdabbert_bestfightodds,,2024-12-14T00:00:00Z,0.25,0.066667,0.181818,,,
2021-12-04,Bryan Barberena,Darian Weeks,,kaggle_mdabbert_bestfightodds,,2024-12-14T00:00:00Z,0.31746,0.1,0.266667,0.266667,0.076923,0.2
2021-12-04,Cheyanne Vlismas,Mallory Martin,,kaggle_mdabbert_bestfightodds,,2024-12-14T00:00:00Z,,,,0.076923,0.076923,0.294118
2021-12-04,Alonzo Menifield,William Knight,,kaggle_mdabbert_bestfightodds,,2024-12-14T00:00:00Z,0.357143,0.090909,0.294118,0.285714,0.052632,0.153846
2021-12-04,Claudio Puelles,Chris Gruetzemacher,,kaggle_mdabbert_bestfightodds,,2024-12-14T00:00:00Z,0.117647,0.222222,0.357143,0.2,0.058824,0.294118
2021-12-04,Louis Smolka,Vince Morales,,kaggle_mdabbert_bestfightodds,,2024-12-14T00:00:00Z,0.166667,0.222222,0.333333,0.166667,0.058824,0.285714
2021-12-04,Manel Kape,Zhalgas Zhumagulov,,kaggle_mdabbert_bestfightodds,,2024-12-14T00:00:00Z,0.307692,0.058824,0.5,0.066667,0.052632,0.222222
2021-12-11,Charles Oliveira,Dustin Poirier,,kaggle_mdabbert_bestfightodds,,2024-12-14T00:00:00Z,0.125,0.294118,0.142857,0.454545,0.076923,0.142857
2021-12-11,Amanda Nunes,Julianna Pena,,kaggle_mdabbert_bestfightodds,,2024-12-14T00:00:00Z,0.622642,0.222222,0.181818,0.034483,0.043478,0.083333
2021-12-11,Kai Kara-France,Cody Garbrandt,,kaggle_mdabbert_bestfightodds,,2024-12-14T00:00:00Z,,,,0.357143,0.066667,0.25
2021-12-11,Raulian Paiva,Sean O'Malley,,kaggle_mdabbert_bestfightodds,,2024-12-14T00:00:00Z,0.083333,0.076923,0.166667,0.454545,0.076923,0.357143
2021-12-11,Josh Emmett,Dan Ige,,kaggle_mdabbert_bestfightodds,,2024-12-14T00:00:00Z,0.266667,0.058824,0.377358,0.142857,0.076923,0.294118
2021-12-11,Pedro Munhoz,Dominick Cruz,,kaggle_mdabbert_bestfightodds,,2024-12-14T00:00:00Z,0.208333,0.111111,0.294118,0.117647,0.047619,0.444444
2021-12-11,Geoff Neal,Santiago Ponzinibbio,,kaggle_mdabbert_bestfightodds,,2024-12-14T00:00:00Z,0.363636,0.058824,0.2,0.294118,0.047619,0.266667
2021-12-11,Jordan Wright,Bruno Silva,,kaggle_mdabbert_bestfightodds,,2024-12-14T00:00:00Z,0.153846,0.1,0.090909,0.655172,0.1,0.125
2021-12-11,Andre Muniz,Eryk Anders,,kaggle_mdabbert_bestfightodds,,2024-12-14T00:00:00Z,0.125,0.4,0.208333,0.232558,0.038462,0.208333
2021-12-11,Miranda Maverick,Erin Blanchfield,,kaggle_mdabbert_bestfightodds,,2024-12-14T00:00:00Z,0.1,0.125,0.454545,0.1,0.066667,0.357143
2021-12-11,Ryan Hall,Darrick Minner,,kaggle_mdabbert_bestfightodds,,2024-12-14T00:00:00Z,0.125,0.454545,0.208333,0.153846,0.117647,0.190476
2021-12-11,Randy Costa,Tony Kelley,,kaggle_mdabbert_bestfightodds,,2024-12-14T00:00:00Z,0.534884,0.066667,0.153846,0.1,0.142857,0.208333
2021-12-11,Gillian Robertson,Priscila Cachoeira,,kaggle_mdabbert_bestfightodds,,2024-12-14T00:00:00Z,0.166667,0.47619,0.285714,0.133333,0.043478,0.142857
2021-12-11,Augusto Sakai,Tai Tuivasa,,kaggle_mdabbert_bestfightodds,,2024-12-14T00:00:00Z,0.222222,0.076923,0.285714,0.416667,0.047619,0.166667
2021-12-18,Stephen Thompson,Belal Muhammad,,kaggle_mdabbert_bestfightodds,,2024-12-14T00:00:00Z,0.222222,0.034483,0.534884,0.076923,0.090909,0.232558
2021-12-18,Amanda Lemos,Angela Hill,,kaggle_mdabbert_bestfightodds,,2024-12-14T00:00:00Z,0.222222,0.111111,0.52381,0.090909,0.034483,0.222222
2021-12-18,Raphael Assuncao,Ricky Simon,,kaggle_mdabbert_bestfightodds,,2024-12-14T00:00:00Z,0.066667,0.1,0.181818,0.25,0.1,0.52381
2021-12-18,Diego Ferreira,Mateusz Gamrot,,kaggle_mdabbert_bestfightodds,,2024-12-14T00:00:00Z,0.1,0.111111,0.232558,0.285714,0.125,0.377358
2021-12-18,Cub Swanson,Darren Elkins,,kaggle_mdabbert_bestfightodds,,2024-12-14T00:00:00Z,0.25,0.083333,0.416667,0.111111,0.142857,0.222222
2021-12-18,Charles Jourdain,Andre Ewell,,kaggle_mdabbert_bestfightodds,,2024-12-14T00:00:00Z,0.333333,0.125,0.333333,0.142857,0.047619,0.25
2021-12-18,Justin Tafa,Harry Hunsucker,,kaggle_mdabbert_bestfightodds,,2024-12-14T00:00:00Z,0.666667,0.047619,0.1,0.166667,0.1,0.090909
2021-12-18,Sijara Eubanks,Melissa Gatto,,kaggle_mdabbert_bestfightodds,,2024-12-14T00:00:00Z,0.142857,0.166667,0.434783,0.090909,0.153846,0.25
2021-12-18,Raquel Pennington,Macy Chiasson,,kaggle_mdabbert_bestfightodds,,2024-12-14T00:00:00Z,0.090909,0.181818,0.434783,0.125,0.047619,0.333333
2021-12-18,Don'Tale Mayes,Josh Parisian,,kaggle_mdabbert_bestfightodds,,2024-12-14T00:00:00Z,0.363636,0.058824,0.333333,0.181818,0.090909,0.2
2021-12-18,Jordan Leavitt,Matt Sayles,,kaggle_mdabbert_bestfightodds,,2024-12-14T00:00:00Z,0.125,0.4,0.166667,0.2,0.111111,0.25
2021-12-18,Dustin Stoltzfus,Gerald Meerschaert,,kaggle_mdabbert_bestfightodds,,2024-12-14T00:00:00Z,0.083333,0.117647,0.2,0.166667,0.4,0.266667
2021-12-18,Derrick Lewis,Chris Daukaus,,kaggle_mdabbert_bestfightodds,,2024-12-14T00:00:00Z,0.363636,0.038462,0.111111,0.454545,0.076923,0.153846
