tour,snapshot_date,player_id,display_name,full_name,rank,rank_points,source_url,fetched_at_utc
atp,2025-10-13,A0E2,C. Alcaraz,Carlos Alcaraz,1,11340,https://www.atptour.com/en/rankings/singles?dateWeek=2025-10-13&rankRange=0-5000,2026-03-22T00:42:35Z
atp,2025-10-13,S0AG,J. Sinner,Jannik Sinner,2,10000,https://www.atptour.com/en/rankings/singles?dateWeek=2025-10-13&rankRange=0-5000,2026-03-22T00:42:35Z
atp,2025-10-13,Z355,A. Zverev,Alexander Zverev,3,5930,https://www.atptour.com/en/rankings/singles?dateWeek=2025-10-13&rankRange=0-5000,2026-03-22T00:42:35Z
atp,2025-10-13,FB98,T. Fritz,Taylor Fritz,4,4645,https://www.atptour.com/en/rankings/singles?dateWeek=2025-10-13&rankRange=0-5000,2026-03-22T00:42:35Z
atp,2025-10-13,D643,N. Djokovic,Novak Djokovic,5,4580,https://www.atptour.com/en/rankings/singles?dateWeek=2025-10-13&rankRange=0-5000,2026-03-22T00:42:35Z
atp,2025-10-13,S0S1,B. Shelton,Ben Shelton,6,4100,https://www.atptour.com/en/rankings/singles?dateWeek=2025-10-13&rankRange=0-5000,2026-03-22T00:42:35Z
atp,2025-10-13,DH58,A. de Minaur,Alex De Minaur,7,3935,https://www.atptour.com/en/rankings/singles?dateWeek=2025-10-13&rankRange=0-5000,2026-03-22T00:42:35Z
atp,2025-10-13,M0EJ,L. Musetti,Lorenzo Musetti,8,3645,https://www.atptour.com/en/rankings/singles?dateWeek=2025-10-13&rankRange=0-5000,2026-03-22T00:42:35Z
atp,2025-10-13,D0CO,J. Draper,Jack Draper,9,3590,https://www.atptour.com/en/rankings/singles?dateWeek=2025-10-13&rankRange=0-5000,2026-03-22T00:42:35Z
atp,2025-10-13,KE29,K. Khachanov,Karen Khachanov,10,3190,https://www.atptour.com/en/rankings/singles?dateWeek=2025-10-13&rankRange=0-5000,2026-03-22T00:42:35Z
atp,2025-10-13,R0DG,H. Rune,Holger Rune,11,3090,https://www.atptour.com/en/rankings/singles?dateWeek=2025-10-13&rankRange=0-5000,2026-03-22T00:42:35Z
atp,2025-10-13,RH16,C. Ruud,Casper Ruud,12,2945,https://www.atptour.com/en/rankings/singles?dateWeek=2025-10-13&rankRange=0-5000,2026-03-22T00:42:35Z
atp,2025-10-13,AG37,F. Auger-Aliassime,Felix Auger Aliassime,13,2905,https://www.atptour.com/en/rankings/singles?dateWeek=2025-10-13&rankRange=0-5000,2026-03-22T00:42:35Z
atp,2025-10-13,MM58,D. Medvedev,Daniil Medvedev,14,2610,https://www.atptour.com/en/rankings/singles?dateWeek=2025-10-13&rankRange=0-5000,2026-03-22T00:42:35Z
atp,2025-10-13,RE44,A. Rublev,Andrey Rublev,15,2560,https://www.atptour.com/en/rankings/singles?dateWeek=2025-10-13&rankRange=0-5000,2026-03-22T00:42:35Z
atp,2025-10-13,BK92,A. Bublik,Alexander Bublik,16,2430,https://www.atptour.com/en/rankings/singles?dateWeek=2025-10-13&rankRange=0-5000,2026-03-22T00:42:35Z
atp,2025-10-13,L0BV,J. Lehecka,Jiri Lehecka,17,2415,https://www.atptour.com/en/rankings/singles?dateWeek=2025-10-13&rankRange=0-5000,2026-03-22T00:42:35Z
atp,2025-10-13,PL56,T. Paul,Tommy Paul,18,2360,https://www.atptour.com/en/rankings/singles?dateWeek=2025-10-13&rankRange=0-5000,2026-03-22T00:42:35Z
atp,2025-10-13,M0NI,J. Mensik,Jakub Mensik,19,2265,https://www.atptour.com/en/rankings/singles?dateWeek=2025-10-13&rankRange=0-5000,2026-03-22T00:42:35Z
atp,2025-10-13,DH50,A. Davidovich Fokina,Alejandro Davidovich Fokina,20,2260,https://www.atptour.com/en/rankings/singles?dateWeek=2025-10-13&rankRange=0-5000,2026-03-22T00:42:35Z
atp,2025-10-13,C0AU,F. Cerundolo,Francisco Cerundolo,21,2135,https://www.atptour.com/en/rankings/singles?dateWeek=2025-10-13&rankRange=0-5000,2026-03-22T00:42:35Z
atp,2025-10-13,C0E9,F. Cobolli,Flavio Cobolli,22,1950,https://www.atptour.com/en/rankings/singles?dateWeek=2025-10-13&rankRange=0-5000,2026-03-22T00:42:35Z
atp,2025-10-13,SU55,D. Shapovalov,Denis Shapovalov,23,1838,https://www.atptour.com/en/rankings/singles?dateWeek=2025-10-13&rankRange=0-5000,2026-03-22T00:42:35Z
atp,2025-10-13,TE51,S. Tsitsipas,Stefanos Tsitsipas,24,1730,https://www.atptour.com/en/rankings/singles?dateWeek=2025-10-13&rankRange=0-5000,2026-03-22T00:42:35Z
atp,2025-10-13,HH26,U. Humbert,Ugo Humbert,25,1725,https://www.atptour.com/en/rankings/singles?dateWeek=2025-10-13&rankRange=0-5000,2026-03-22T00:42:35Z
atp,2025-10-13,D0FJ,L. Darderi,Luciano Darderi,26,1649,https://www.atptour.com/en/rankings/singles?dateWeek=2025-10-13&rankRange=0-5000,2026-03-22T00:42:35Z
atp,2025-10-13,GJ37,T. Griekspoor,Tallon Griekspoor,27,1615,https://www.atptour.com/en/rankings/singles?dateWeek=2025-10-13&rankRange=0-5000,2026-03-22T00:42:35Z
atp,2025-10-13,RC91,A. Rinderknech,Arthur Rinderknech,28,1602,https://www.atptour.com/en/rankings/singles?dateWeek=2025-10-13&rankRange=0-5000,2026-03-22T00:42:35Z
atp,2025-10-13,TD51,F. Tiafoe,Frances Tiafoe,29,1600,https://www.atptour.com/en/rankings/singles?dateWeek=2025-10-13&rankRange=0-5000,2026-03-22T00:42:35Z
atp,2025-10-13,M0FH,T. Machac,Tomas Machac,30,1570,https://www.atptour.com/en/rankings/singles?dateWeek=2025-10-13&rankRange=0-5000,2026-03-22T00:42:35Z
atp,2025-10-13,F0F1,A. Fils,Arthur Fils,31,1560,https://www.atptour.com/en/rankings/singles?dateWeek=2025-10-13&rankRange=0-5000,2026-03-22T00:42:35Z
atp,2025-10-13,D875,G. Dimitrov,Grigor Dimitrov,32,1545,https://www.atptour.com/en/rankings/singles?dateWeek=2025-10-13&rankRange=0-5000,2026-03-22T00:42:35Z
atp,2025-10-13,N771,C. Norrie,Cameron Norrie,33,1433,https://www.atptour.com/en/rankings/singles?dateWeek=2025-10-13&rankRange=0-5000,2026-03-22T00:42:35Z
atp,2025-10-13,N0AE,B. Nakashima,Brandon Nakashima,34,1430,https://www.atptour.com/en/rankings/singles?dateWeek=2025-10-13&rankRange=0-5000,2026-03-22T00:42:35Z
atp,2025-10-13,D0F6,G. Diallo,Gabriel Diallo,35,1368,https://www.atptour.com/en/rankings/singles?dateWeek=2025-10-13&rankRange=0-5000,2026-03-22T00:42:35Z
atp,2025-10-13,M0QI,A. Michelsen,Alex Michelsen,36,1365,https://www.atptour.com/en/rankings/singles?dateWeek=2025-10-13&rankRange=0-5000,2026-03-22T00:42:35Z
atp,2025-10-13,M0GZ,G. Mpetshi Perricard,Giovanni Mpetshi Perricard,37,1365,https://www.atptour.com/en/rankings/singles?dateWeek=2025-10-13&rankRange=0-5000,2026-03-22T00:42:35Z
atp,2025-10-13,T0HA,L. Tien,Learner Tien,38,1316,https://www.atptour.com/en/rankings/singles?dateWeek=2025-10-13&rankRange=0-5000,2026-03-22T00:42:35Z
atp,2025-10-13,BU13,Z. Bergs,Zizou Bergs,39,1299,https://www.atptour.com/en/rankings/singles?dateWeek=2025-10-13&rankRange=0-5000,2026-03-22T00:42:35Z
atp,2025-10-13,VA25,V. Vacherot,Valentin Vacherot,40,1283,https://www.atptour.com/en/rankings/singles?dateWeek=2025-10-13&rankRange=0-5000,2026-03-22T00:42:35Z
atp,2025-10-13,MW02,C. Moutet,Corentin Moutet,41,1243,https://www.atptour.com/en/rankings/singles?dateWeek=2025-10-13&rankRange=0-5000,2026-03-22T00:42:35Z
atp,2025-10-13,MU94,J. Munar,Jaume Munar,42,1208,https://www.atptour.com/en/rankings/singles?dateWeek=2025-10-13&rankRange=0-5000,2026-03-22T00:42:35Z
atp,2025-10-13,MP20,A. Muller,Alexandre Muller,43,1165,https://www.atptour.com/en/rankings/singles?dateWeek=2025-10-13&rankRange=0-5000,2026-03-22T00:42:35Z
atp,2025-10-13,B0BI,S. Baez,Sebastian Baez,44,1155,https://www.atptour.com/en/rankings/singles?dateWeek=2025-10-13&rankRange=0-5000,2026-03-22T00:42:35Z
atp,2025-10-13,F0FV,J. Fonseca,Joao Fonseca,45,1129,https://www.atptour.com/en/rankings/singles?dateWeek=2025-10-13&rankRange=0-5000,2026-03-22T00:42:35Z
atp,2025-10-13,BT72,N. Borges,Nuno Borges,46,1120,https://www.atptour.com/en/rankings/singles?dateWeek=2025-10-13&rankRange=0-5000,2026-03-22T00:42:35Z
atp,2025-10-13,SU87,L. Sonego,Lorenzo Sonego,47,1105,https://www.atptour.com/en/rankings/singles?dateWeek=2025-10-13&rankRange=0-5000,2026-03-22T00:42:35Z
atp,2025-10-13,P09Z,A. Popyrin,Alexei Popyrin,48,1090,https://www.atptour.com/en/rankings/singles?dateWeek=2025-10-13&rankRange=0-5000,2026-03-22T00:42:35Z
atp,2025-10-13,KI95,M. Kecmanovic,Miomir Kecmanovic,49,1066,https://www.atptour.com/en/rankings/singles?dateWeek=2025-10-13&rankRange=0-5000,2026-03-22T00:42:35Z
atp,2025-10-13,U182,C. Ugo Carabelli,Camilo Ugo Carabelli,50,1053,https://www.atptour.com/en/rankings/singles?dateWeek=2025-10-13&rankRange=0-5000,2026-03-22T00:42:35Z
atp,2025-10-13,AE14,D. Altmaier,Daniel Altmaier,51,1048,https://www.atptour.com/en/rankings/singles?dateWeek=2025-10-13&rankRange=0-5000,2026-03-22T00:42:35Z
atp,2025-10-13,M0CI,F. Marozsan,Fabian Marozsan,52,1040,https://www.atptour.com/en/rankings/singles?dateWeek=2025-10-13&rankRange=0-5000,2026-03-22T00:42:35Z
atp,2025-10-13,BM95,B. Bonzi,Benjamin Bonzi,53,1005,https://www.atptour.com/en/rankings/singles?dateWeek=2025-10-13&rankRange=0-5000,2026-03-22T00:42:35Z
atp,2025-10-13,GC88,M. Giron,Marcos Giron,54,1000,https://www.atptour.com/en/rankings/singles?dateWeek=2025-10-13&rankRange=0-5000,2026-03-22T00:42:35Z
atp,2025-10-13,F724,M. Fucsovics,Marton Fucsovics,55,986,https://www.atptour.com/en/rankings/singles?dateWeek=2025-10-13&rankRange=0-5000,2026-03-22T00:42:35Z
atp,2025-10-13,B0CD,J. Brooksby,Jenson Brooksby,56,967,https://www.atptour.com/en/rankings/singles?dateWeek=2025-10-13&rankRange=0-5000,2026-03-22T00:42:35Z
atp,2025-10-13,BD06,R. Bautista Agut,Roberto Bautista Agut,57,960,https://www.atptour.com/en/rankings/singles?dateWeek=2025-10-13&rankRange=0-5000,2026-03-22T00:42:35Z
atp,2025-10-13,C0H0,A. Cazaux,Arthur Cazaux,58,952,https://www.atptour.com/en/rankings/singles?dateWeek=2025-10-13&rankRange=0-5000,2026-03-22T00:42:35Z
atp,2025-10-13,ME82,A. Mannarino,Adrian Mannarino,59,942,https://www.atptour.com/en/rankings/singles?dateWeek=2025-10-13&rankRange=0-5000,2026-03-22T00:42:35Z
atp,2025-10-13,K0AH,S. Korda,Sebastian Korda,60,920,https://www.atptour.com/en/rankings/singles?dateWeek=2025-10-13&rankRange=0-5000,2026-03-22T00:42:35Z
atp,2025-10-13,BK40,M. Berrettini,Matteo Berrettini,61,905,https://www.atptour.com/en/rankings/singles?dateWeek=2025-10-13&rankRange=0-5000,2026-03-22T00:42:35Z
atp,2025-10-13,O522,R. Opelka,Reilly Opelka,62,895,https://www.atptour.com/en/rankings/singles?dateWeek=2025-10-13&rankRange=0-5000,2026-03-22T00:42:35Z
atp,2025-10-13,EA24,T. Etcheverry,Tomas Martin Etcheverry,63,880,https://www.atptour.com/en/rankings/singles?dateWeek=2025-10-13&rankRange=0-5000,2026-03-22T00:42:35Z
atp,2025-10-13,M0JF,H. Medjedovic,Hamad Medjedovic,64,877,https://www.atptour.com/en/rankings/singles?dateWeek=2025-10-13&rankRange=0-5000,2026-03-22T00:42:35Z
atp,2025-10-13,MC65,G. Monfils,Gael Monfils,65,875,https://www.atptour.com/en/rankings/singles?dateWeek=2025-10-13&rankRange=0-5000,2026-03-22T00:42:35Z
atp,2025-10-13,A0GC,T. Atmane,Terence Atmane,66,874,https://www.atptour.com/en/rankings/singles?dateWeek=2025-10-13&rankRange=0-5000,2026-03-22T00:42:35Z
atp,2025-10-13,D923,D. Dzumhur,Damir Dzumhur,67,868,https://www.atptour.com/en/rankings/singles?dateWeek=2025-10-13&rankRange=0-5000,2026-03-22T00:42:35Z
atp,2025-10-13,C0DF,F. Comesana,Francisco Comesana,68,867,https://www.atptour.com/en/rankings/singles?dateWeek=2025-10-13&rankRange=0-5000,2026-03-22T00:42:35Z
atp,2025-10-13,K0AZ,A. Kovacevic,Aleksandar Kovacevic,69,862,https://www.atptour.com/en/rankings/singles?dateWeek=2025-10-13&rankRange=0-5000,2026-03-22T00:42:35Z
atp,2025-10-13,R0EB,V. Royer,Valentin Royer,70,847,https://www.atptour.com/en/rankings/singles?dateWeek=2025-10-13&rankRange=0-5000,2026-03-22T00:42:35Z
atp,2025-10-13,B0GG,M. Bellucci,Mattia Bellucci,71,837,https://www.atptour.com/en/rankings/singles?dateWeek=2025-10-13&rankRange=0-5000,2026-03-22T00:42:35Z
atp,2025-10-13,Q02L,E. Quinn,Ethan Quinn,72,834,https://www.atptour.com/en/rankings/singles?dateWeek=2025-10-13&rankRange=0-5000,2026-03-22T00:42:35Z
atp,2025-10-13,TE30,A. Tabilo,Alejandro Tabilo,73,826,https://www.atptour.com/en/rankings/singles?dateWeek=2025-10-13&rankRange=0-5000,2026-03-22T00:42:35Z
atp,2025-10-13,A0FC,M. Arnaldi,Matteo Arnaldi,74,818,https://www.atptour.com/en/rankings/singles?dateWeek=2025-10-13&rankRange=0-5000,2026-03-22T00:42:35Z
atp,2025-10-13,MQ75,K. Majchrzak,Kamil Majchrzak,75,818,https://www.atptour.com/en/rankings/singles?dateWeek=2025-10-13&rankRange=0-5000,2026-03-22T00:42:35Z
atp,2025-10-13,W09E,A. Walton,Adam Walton,76,796,https://www.atptour.com/en/rankings/singles?dateWeek=2025-10-13&rankRange=0-5000,2026-03-22T00:42:35Z
atp,2025-10-13,HB64,Q. Halys,Quentin Halys,77,789,https://www.atptour.com/en/rankings/singles?dateWeek=2025-10-13&rankRange=0-5000,2026-03-22T00:42:35Z
atp,2025-10-13,HB71,H. Hurkacz,Hubert Hurkacz,78,785,https://www.atptour.com/en/rankings/singles?dateWeek=2025-10-13&rankRange=0-5000,2026-03-22T00:42:35Z
atp,2025-10-13,DB63,L. Djere,Laslo Djere,79,776,https://www.atptour.com/en/rankings/singles?dateWeek=2025-10-13&rankRange=0-5000,2026-03-22T00:42:35Z
atp,2025-10-13,TC61,J. Thompson,Jordan Thompson,80,772,https://www.atptour.com/en/rankings/singles?dateWeek=2025-10-13&rankRange=0-5000,2026-03-22T00:42:35Z
atp,2025-10-13,F0BY,J. Fearnley,Jacob Fearnley,81,764,https://www.atptour.com/en/rankings/singles?dateWeek=2025-10-13&rankRange=0-5000,2026-03-22T00:42:35Z
atp,2025-10-13,D0C1,J. de Jong,Jesper De Jong,82,760,https://www.atptour.com/en/rankings/singles?dateWeek=2025-10-13&rankRange=0-5000,2026-03-22T00:42:35Z
atp,2025-10-13,N0BG,L. Nardi,Luca Nardi,83,747,https://www.atptour.com/en/rankings/singles?dateWeek=2025-10-13&rankRange=0-5000,2026-03-22T00:42:35Z
atp,2025-10-13,N0BS,M. Navone,Mariano Navone,84,735,https://www.atptour.com/en/rankings/singles?dateWeek=2025-10-13&rankRange=0-5000,2026-03-22T00:42:35Z
atp,2025-10-13,V832,A. Vukic,Aleksandar Vukic,85,733,https://www.atptour.com/en/rankings/singles?dateWeek=2025-10-13&rankRange=0-5000,2026-03-22T00:42:35Z
atp,2025-10-13,V812,B. van de Zandschulp,Botic Van De Zandschulp,86,727,https://www.atptour.com/en/rankings/singles?dateWeek=2025-10-13&rankRange=0-5000,2026-03-22T00:42:35Z
atp,2025-10-13,C0C8,J. Cerundolo,Juan Manuel Cerundolo,87,727,https://www.atptour.com/en/rankings/singles?dateWeek=2025-10-13&rankRange=0-5000,2026-03-22T00:42:35Z
atp,2025-10-13,S0GD,D. Svrcina,Dalibor Svrcina,88,727,https://www.atptour.com/en/rankings/singles?dateWeek=2025-10-13&rankRange=0-5000,2026-03-22T00:42:35Z
atp,2025-10-13,MO44,P. Martinez,Pedro Martinez,89,718,https://www.atptour.com/en/rankings/singles?dateWeek=2025-10-13&rankRange=0-5000,2026-03-22T00:42:35Z
atp,2025-10-13,C0JP,R. Collignon,Raphael Collignon,90,713,https://www.atptour.com/en/rankings/singles?dateWeek=2025-10-13&rankRange=0-5000,2026-03-22T00:42:35Z
atp,2025-10-13,S0H2,A. Shevchenko,Alexander Shevchenko,91,687,https://www.atptour.com/en/rankings/singles?dateWeek=2025-10-13&rankRange=0-5000,2026-03-22T00:42:35Z
atp,2025-10-13,C977,M. Cilic,Marin Cilic,92,684,https://www.atptour.com/en/rankings/singles?dateWeek=2025-10-13&rankRange=0-5000,2026-03-22T00:42:35Z
atp,2025-10-13,N0AM,E. Nava,Emilio Nava,93,683,https://www.atptour.com/en/rankings/singles?dateWeek=2025-10-13&rankRange=0-5000,2026-03-22T00:42:35Z
atp,2025-10-13,KI82,V. Kopriva,Vit Kopriva,94,677,https://www.atptour.com/en/rankings/singles?dateWeek=2025-10-13&rankRange=0-5000,2026-03-22T00:42:35Z
atp,2025-10-13,M0JZ,F. Misolic,Filip Misolic,95,663,https://www.atptour.com/en/rankings/singles?dateWeek=2025-10-13&rankRange=0-5000,2026-03-22T00:42:35Z
atp,2025-10-13,S0N0,T. Schoolkate,Tristan Schoolkate,96,662,https://www.atptour.com/en/rankings/singles?dateWeek=2025-10-13&rankRange=0-5000,2026-03-22T00:42:35Z
atp,2025-10-13,G09O,H. Gaston,Hugo Gaston,97,653,https://www.atptour.com/en/rankings/singles?dateWeek=2025-10-13&rankRange=0-5000,2026-03-22T00:42:35Z
atp,2025-10-13,SL28,J. Struff,Jan Lennard Struff,98,648,https://www.atptour.com/en/rankings/singles?dateWeek=2025-10-13&rankRange=0-5000,2026-03-22T00:42:35Z
atp,2025-10-13,MK66,M. McDonald,Mackenzie Mcdonald,99,646,https://www.atptour.com/en/rankings/singles?dateWeek=2025-10-13&rankRange=0-5000,2026-03-22T00:42:35Z
atp,2025-10-13,T0A1,T. Tirante,Thiago Agustin Tirante,100,645,https://www.atptour.com/en/rankings/singles?dateWeek=2025-10-13&rankRange=0-5000,2026-03-22T00:42:35Z
atp,2025-10-13,BG23,N. Basilashvili,Nikoloz Basilashvili,101,642,https://www.atptour.com/en/rankings/singles?dateWeek=2025-10-13&rankRange=0-5000,2026-03-22T00:42:35Z
atp,2025-10-13,M0HU,S. Mochizuki,Shintaro Mochizuki,102,636,https://www.atptour.com/en/rankings/singles?dateWeek=2025-10-13&rankRange=0-5000,2026-03-22T00:42:35Z
atp,2025-10-13,TE16,C. Taberner,Carlos Taberner,103,620,https://www.atptour.com/en/rankings/singles?dateWeek=2025-10-13&rankRange=0-5000,2026-03-22T00:42:35Z
atp,2025-10-13,CD85,P. Carreno Busta,Pablo Carreno Busta,104,617,https://www.atptour.com/en/rankings/singles?dateWeek=2025-10-13&rankRange=0-5000,2026-03-22T00:42:35Z
atp,2025-10-13,GB88,D. Goffin,David Goffin,105,609,https://www.atptour.com/en/rankings/singles?dateWeek=2025-10-13&rankRange=0-5000,2026-03-22T00:42:35Z
atp,2025-10-13,O483,C. O'Connell,Christopher O'connell,106,599,https://www.atptour.com/en/rankings/singles?dateWeek=2025-10-13&rankRange=0-5000,2026-03-22T00:42:35Z
atp,2025-10-13,CG80,B. Coric,Borna Coric,107,582,https://www.atptour.com/en/rankings/singles?dateWeek=2025-10-13&rankRange=0-5000,2026-03-22T00:42:35Z
atp,2025-10-13,GD64,C. Garin,Cristian Garin,108,579,https://www.atptour.com/en/rankings/singles?dateWeek=2025-10-13&rankRange=0-5000,2026-03-22T00:42:35Z
atp,2025-10-13,J551,N. Jarry,Nicolas Jarry,109,576,https://www.atptour.com/en/rankings/singles?dateWeek=2025-10-13&rankRange=0-5000,2026-03-22T00:42:35Z
atp,2025-10-13,L0IL,M. Landaluce,Martin Landaluce,110,569,https://www.atptour.com/en/rankings/singles?dateWeek=2025-10-13&rankRange=0-5000,2026-03-22T00:42:35Z
atp,2025-10-13,S0JA,E. Spizzirri,Eliot Spizzirri,111,563,https://www.atptour.com/en/rankings/singles?dateWeek=2025-10-13&rankRange=0-5000,2026-03-22T00:42:35Z
atp,2025-10-13,H09P,B. Holt,Brandon Holt,112,559,https://www.atptour.com/en/rankings/singles?dateWeek=2025-10-13&rankRange=0-5000,2026-03-22T00:42:35Z
atp,2025-10-13,B0ID,I. Buse,Ignacio Buse,113,559,https://www.atptour.com/en/rankings/singles?dateWeek=2025-10-13&rankRange=0-5000,2026-03-22T00:42:35Z
atp,2025-10-13,H0BH,R. Hijikata,Rinky Hijikata,114,558,https://www.atptour.com/en/rankings/singles?dateWeek=2025-10-13&rankRange=0-5000,2026-03-22T00:42:35Z
atp,2025-10-13,Y09V,Y. Bu,Yunchaokete Bu,115,551,https://www.atptour.com/en/rankings/singles?dateWeek=2025-10-13&rankRange=0-5000,2026-03-22T00:42:35Z
atp,2025-10-13,V0AM,O. Virtanen,Otto Virtanen,116,549,https://www.atptour.com/en/rankings/singles?dateWeek=2025-10-13&rankRange=0-5000,2026-03-22T00:42:35Z
atp,2025-10-13,N552,K. Nishikori,Kei Nishikori,117,545,https://www.atptour.com/en/rankings/singles?dateWeek=2025-10-13&rankRange=0-5000,2026-03-22T00:42:35Z
atp,2025-10-13,D0DP,L. Draxl,Liam Draxl,118,543,https://www.atptour.com/en/rankings/singles?dateWeek=2025-10-13&rankRange=0-5000,2026-03-22T00:42:35Z
atp,2025-10-13,BS86,T. Barrios Vera,Tomas Barrios Vera,119,539,https://www.atptour.com/en/rankings/singles?dateWeek=2025-10-13&rankRange=0-5000,2026-03-22T00:42:35Z
atp,2025-10-13,P0HW,D. Prizmic,Dino Prizmic,120,536,https://www.atptour.com/en/rankings/singles?dateWeek=2025-10-13&rankRange=0-5000,2026-03-22T00:42:35Z
atp,2025-10-13,L987,D. Lajovic,Dusan Lajovic,121,528,https://www.atptour.com/en/rankings/singles?dateWeek=2025-10-13&rankRange=0-5000,2026-03-22T00:42:35Z
atp,2025-10-13,CF59,R. Carballes Baena,Roberto Carballes Baena,122,520,https://www.atptour.com/en/rankings/singles?dateWeek=2025-10-13&rankRange=0-5000,2026-03-22T00:42:35Z
atp,2025-10-13,B0PG,A. Blockx,Alexander Blockx,123,514,https://www.atptour.com/en/rankings/singles?dateWeek=2025-10-13&rankRange=0-5000,2026-03-22T00:42:35Z
atp,2025-10-13,B0EJ,T. Boyer,Tristan Boyer,124,511,https://www.atptour.com/en/rankings/singles?dateWeek=2025-10-13&rankRange=0-5000,2026-03-22T00:42:35Z
atp,2025-10-13,B0NN,N. Basavareddy,Nishesh Basavareddy,125,509,https://www.atptour.com/en/rankings/singles?dateWeek=2025-10-13&rankRange=0-5000,2026-03-22T00:42:35Z
atp,2025-10-13,KI63,L. Klein,Lukas Klein,126,507,https://www.atptour.com/en/rankings/singles?dateWeek=2025-10-13&rankRange=0-5000,2026-03-22T00:42:35Z
atp,2025-10-13,T0AP,C. Tseng,Chun Hsin Tseng,127,503,https://www.atptour.com/en/rankings/singles?dateWeek=2025-10-13&rankRange=0-5000,2026-03-22T00:42:35Z
atp,2025-10-13,F0F2,J. Faria,Jaime Faria,128,501,https://www.atptour.com/en/rankings/singles?dateWeek=2025-10-13&rankRange=0-5000,2026-03-22T00:42:35Z
atp,2025-10-13,DA31,H. Dellien,Hugo Dellien,129,489,https://www.atptour.com/en/rankings/singles?dateWeek=2025-10-13&rankRange=0-5000,2026-03-22T00:42:35Z
atp,2025-10-13,HD68,B. Harris,Billy Harris,130,489,https://www.atptour.com/en/rankings/singles?dateWeek=2025-10-13&rankRange=0-5000,2026-03-22T00:42:35Z
atp,2025-10-13,B0FV,R. Burruchaga,Roman Andres Burruchaga,131,489,https://www.atptour.com/en/rankings/singles?dateWeek=2025-10-13&rankRange=0-5000,2026-03-22T00:42:35Z
atp,2025-10-13,SX50,R. Safiullin,Roman Safiullin,132,488,https://www.atptour.com/en/rankings/singles?dateWeek=2025-10-13&rankRange=0-5000,2026-03-22T00:42:35Z
atp,2025-10-13,G0FW,V. Gaubas,Vilius Gaubas,133,483,https://www.atptour.com/en/rankings/singles?dateWeek=2025-10-13&rankRange=0-5000,2026-03-22T00:42:35Z
atp,2025-10-13,CH12,J. Choinski,Jan Choinski,134,482,https://www.atptour.com/en/rankings/singles?dateWeek=2025-10-13&rankRange=0-5000,2026-03-22T00:42:35Z
atp,2025-10-13,S0ZE,C. Smith,Colton Smith,135,478,https://www.atptour.com/en/rankings/singles?dateWeek=2025-10-13&rankRange=0-5000,2026-03-22T00:42:35Z
atp,2025-10-13,B0U4,N. Budkov Kjaer,Nicolai Budkov Kjaer,136,473,https://www.atptour.com/en/rankings/singles?dateWeek=2025-10-13&rankRange=0-5000,2026-03-22T00:42:35Z
atp,2025-10-13,W367,S. Wawrinka,Stan Wawrinka,137,472,https://www.atptour.com/en/rankings/singles?dateWeek=2025-10-13&rankRange=0-5000,2026-03-22T00:42:35Z
atp,2025-10-13,D994,J. Duckworth,James Duckworth,138,465,https://www.atptour.com/en/rankings/singles?dateWeek=2025-10-13&rankRange=0-5000,2026-03-22T00:42:35Z
atp,2025-10-13,H997,Y. Hanfmann,Yannick Hanfmann,139,464,https://www.atptour.com/en/rankings/singles?dateWeek=2025-10-13&rankRange=0-5000,2026-03-22T00:42:35Z
atp,2025-10-13,O513,S. Ofner,Sebastian Ofner,140,463,https://www.atptour.com/en/rankings/singles?dateWeek=2025-10-13&rankRange=0-5000,2026-03-22T00:42:35Z
atp,2025-10-13,P0CT,F. Passaro,Francesco Passaro,141,462,https://www.atptour.com/en/rankings/singles?dateWeek=2025-10-13&rankRange=0-5000,2026-03-22T00:42:35Z
atp,2025-10-13,TA29,M. Trungelliti,Marco Trungelliti,142,460,https://www.atptour.com/en/rankings/singles?dateWeek=2025-10-13&rankRange=0-5000,2026-03-22T00:42:35Z
atp,2025-10-13,M0K4,E. Moller,Elmer Moller,143,456,https://www.atptour.com/en/rankings/singles?dateWeek=2025-10-13&rankRange=0-5000,2026-03-22T00:42:35Z
atp,2025-10-13,PH64,A. Pellegrino,Andrea Pellegrino,144,446,https://www.atptour.com/en/rankings/singles?dateWeek=2025-10-13&rankRange=0-5000,2026-03-22T00:42:35Z
atp,2025-10-13,EA13,M. Echargui,Moez Echargui,145,446,https://www.atptour.com/en/rankings/singles?dateWeek=2025-10-13&rankRange=0-5000,2026-03-22T00:42:35Z
atp,2025-10-13,S0K7,Z. Svajda,Zachary Svajda,146,443,https://www.atptour.com/en/rankings/singles?dateWeek=2025-10-13&rankRange=0-5000,2026-03-22T00:42:35Z
atp,2025-10-13,G0GD,M. Gigante,Matteo Gigante,147,442,https://www.atptour.com/en/rankings/singles?dateWeek=2025-10-13&rankRange=0-5000,2026-03-22T00:42:35Z
atp,2025-10-13,H996,P. Herbert,Pierre Hugues Herbert,148,439,https://www.atptour.com/en/rankings/singles?dateWeek=2025-10-13&rankRange=0-5000,2026-03-22T00:42:35Z
atp,2025-10-13,L0GH,M. Lajal,Mark Lajal,149,423,https://www.atptour.com/en/rankings/singles?dateWeek=2025-10-13&rankRange=0-5000,2026-03-22T00:42:35Z
atp,2025-10-13,BV16,U. Blanchet,Ugo Blanchet,150,420,https://www.atptour.com/en/rankings/singles?dateWeek=2025-10-13&rankRange=0-5000,2026-03-22T00:42:35Z
atp,2025-10-13,GE33,D. Galan,Daniel Elahi Galan,151,411,https://www.atptour.com/en/rankings/singles?dateWeek=2025-10-13&rankRange=0-5000,2026-03-22T00:42:35Z
atp,2025-10-13,FA43,J. Ficovich,Juan Pablo Ficovich,152,410,https://www.atptour.com/en/rankings/singles?dateWeek=2025-10-13&rankRange=0-5000,2026-03-22T00:42:35Z
atp,2025-10-13,M0IF,F. Maestrelli,Francesco Maestrelli,153,390,https://www.atptour.com/en/rankings/singles?dateWeek=2025-10-13&rankRange=0-5000,2026-03-22T00:42:35Z
atp,2025-10-13,N732,Y. Nishioka,Yoshihito Nishioka,154,384,https://www.atptour.com/en/rankings/singles?dateWeek=2025-10-13&rankRange=0-5000,2026-03-22T00:42:35Z
atp,2025-10-13,R09X,J. Rodionov,Jurij Rodionov,155,383,https://www.atptour.com/en/rankings/singles?dateWeek=2025-10-13&rankRange=0-5000,2026-03-22T00:42:35Z
atp,2025-10-13,P09O,Z. Piros,Zsombor Piros,156,376,https://www.atptour.com/en/rankings/singles?dateWeek=2025-10-13&rankRange=0-5000,2026-03-22T00:42:35Z
atp,2025-10-13,D0H9,G. Den Ouden,Guy Den Ouden,157,376,https://www.atptour.com/en/rankings/singles?dateWeek=2025-10-13&rankRange=0-5000,2026-03-22T00:42:35Z
atp,2025-10-13,W0BH,C. Wong,Coleman Wong,158,375,https://www.atptour.com/en/rankings/singles?dateWeek=2025-10-13&rankRange=0-5000,2026-03-22T00:42:35Z
atp,2025-10-13,M0N1,L. Mikrut,Luka Mikrut,159,368,https://www.atptour.com/en/rankings/singles?dateWeek=2025-10-13&rankRange=0-5000,2026-03-22T00:42:35Z
atp,2025-10-13,Z0A1,G. Zeppieri,Giulio Zeppieri,160,362,https://www.atptour.com/en/rankings/singles?dateWeek=2025-10-13&rankRange=0-5000,2026-03-22T00:42:35Z
atp,2025-10-13,R0GO,H. Rocha,Henrique Rocha,161,361,https://www.atptour.com/en/rankings/singles?dateWeek=2025-10-13&rankRange=0-5000,2026-03-22T00:42:35Z
atp,2025-10-13,E687,D. Evans,Daniel Evans,162,355,https://www.atptour.com/en/rankings/singles?dateWeek=2025-10-13&rankRange=0-5000,2026-03-22T00:42:35Z
atp,2025-10-13,M0N7,D. Merida,Daniel Merida,163,349,https://www.atptour.com/en/rankings/singles?dateWeek=2025-10-13&rankRange=0-5000,2026-03-22T00:42:35Z
atp,2025-10-13,K0EP,J. Kym,Jerome Kym,164,348,https://www.atptour.com/en/rankings/singles?dateWeek=2025-10-13&rankRange=0-5000,2026-03-22T00:42:35Z
atp,2025-10-13,D0DW,T. Droguet,Titouan Droguet,165,347,https://www.atptour.com/en/rankings/singles?dateWeek=2025-10-13&rankRange=0-5000,2026-03-22T00:42:35Z
atp,2025-10-13,H09N,A. Holmgren,August Holmgren,166,345,https://www.atptour.com/en/rankings/singles?dateWeek=2025-10-13&rankRange=0-5000,2026-03-22T00:42:35Z
atp,2025-10-13,WB08,Y. Watanuki,Yosuke Watanuki,167,341,https://www.atptour.com/en/rankings/singles?dateWeek=2025-10-13&rankRange=0-5000,2026-03-22T00:42:35Z
atp,2025-10-13,HF80,H. Habib,Hady Habib,168,335,https://www.atptour.com/en/rankings/singles?dateWeek=2025-10-13&rankRange=0-5000,2026-03-22T00:42:35Z
atp,2025-10-13,K0A3,P. Kypson,Patrick Kypson,169,328,https://www.atptour.com/en/rankings/singles?dateWeek=2025-10-13&rankRange=0-5000,2026-03-22T00:42:35Z
atp,2025-10-13,B0GY,A. Barrena,Alex Barrena,170,328,https://www.atptour.com/en/rankings/singles?dateWeek=2025-10-13&rankRange=0-5000,2026-03-22T00:42:35Z
atp,2025-10-13,MW75,F. Meligeni Alves,Felipe Meligeni Alves,171,327,https://www.atptour.com/en/rankings/singles?dateWeek=2025-10-13&rankRange=0-5000,2026-03-22T00:42:35Z
atp,2025-10-13,R0FS,L. Riedi,Leandro Riedi,172,326,https://www.atptour.com/en/rankings/singles?dateWeek=2025-10-13&rankRange=0-5000,2026-03-22T00:42:35Z
atp,2025-10-13,SX91,T. Seyboth Wild,Thiago Seyboth Wild,173,326,https://www.atptour.com/en/rankings/singles?dateWeek=2025-10-13&rankRange=0-5000,2026-03-22T00:42:35Z
atp,2025-10-13,S0UV,R. Sakamoto,Rei Sakamoto,174,322,https://www.atptour.com/en/rankings/singles?dateWeek=2025-10-13&rankRange=0-5000,2026-03-22T00:42:35Z
atp,2025-10-13,WB32,Y. Wu,Yibing Wu,175,322,https://www.atptour.com/en/rankings/singles?dateWeek=2025-10-13&rankRange=0-5000,2026-03-22T00:42:35Z
atp,2025-10-13,MJ08,T. Monteiro,Thiago Monteiro,176,321,https://www.atptour.com/en/rankings/singles?dateWeek=2025-10-13&rankRange=0-5000,2026-03-22T00:42:35Z
atp,2025-10-13,DA81,T. Daniel,Taro Daniel,177,321,https://www.atptour.com/en/rankings/singles?dateWeek=2025-10-13&rankRange=0-5000,2026-03-22T00:42:35Z
atp,2025-10-13,C0HT,M. Cassone,Murphy Cassone,178,319,https://www.atptour.com/en/rankings/singles?dateWeek=2025-10-13&rankRange=0-5000,2026-03-22T00:42:35Z
atp,2025-10-13,CG33,K. Coppejans,Kimmer Coppejans,179,319,https://www.atptour.com/en/rankings/singles?dateWeek=2025-10-13&rankRange=0-5000,2026-03-22T00:42:35Z
atp,2025-10-13,Z0BZ,M. Zheng,Michael Zheng,180,315,https://www.atptour.com/en/rankings/singles?dateWeek=2025-10-13&rankRange=0-5000,2026-03-22T00:42:35Z
atp,2025-10-13,TA46,B. Tomic,Bernard Tomic,181,312,https://www.atptour.com/en/rankings/singles?dateWeek=2025-10-13&rankRange=0-5000,2026-03-22T00:42:35Z
atp,2025-10-13,M0G4,H. Mayot,Harold Mayot,182,311,https://www.atptour.com/en/rankings/singles?dateWeek=2025-10-13&rankRange=0-5000,2026-03-22T00:42:35Z
atp,2025-10-13,J0AZ,K. Jacquet,Kyrian Jacquet,183,311,https://www.atptour.com/en/rankings/singles?dateWeek=2025-10-13&rankRange=0-5000,2026-03-22T00:42:35Z
atp,2025-10-13,N0CS,L. Neumayer,Lukas Neumayer,184,307,https://www.atptour.com/en/rankings/singles?dateWeek=2025-10-13&rankRange=0-5000,2026-03-22T00:42:35Z
atp,2025-10-13,GK06,A. Galarneau,Alexis Galarneau,185,304,https://www.atptour.com/en/rankings/singles?dateWeek=2025-10-13&rankRange=0-5000,2026-03-22T00:42:35Z
atp,2025-10-13,KB95,J. Kubler,Jason Kubler,186,301,https://www.atptour.com/en/rankings/singles?dateWeek=2025-10-13&rankRange=0-5000,2026-03-22T00:42:35Z
atp,2025-10-13,E865,C. Eubanks,Christopher Eubanks,187,295,https://www.atptour.com/en/rankings/singles?dateWeek=2025-10-13&rankRange=0-5000,2026-03-22T00:42:35Z
atp,2025-10-13,C0AK,O. Crawford,Oliver Crawford,188,295,https://www.atptour.com/en/rankings/singles?dateWeek=2025-10-13&rankRange=0-5000,2026-03-22T00:42:35Z
atp,2025-10-13,CI14,J. Clarke,Jay Clarke,189,295,https://www.atptour.com/en/rankings/singles?dateWeek=2025-10-13&rankRange=0-5000,2026-03-22T00:42:35Z
atp,2025-10-13,R0E0,C. Rodesch,Chris Rodesch,190,294,https://www.atptour.com/en/rankings/singles?dateWeek=2025-10-13&rankRange=0-5000,2026-03-22T00:42:35Z
atp,2025-10-13,P0HT,J. Pinnington Jones,Jack Pinnington Jones,191,293,https://www.atptour.com/en/rankings/singles?dateWeek=2025-10-13&rankRange=0-5000,2026-03-22T00:42:35Z
atp,2025-10-13,GF95,H. Grenier,Hugo Grenier,192,293,https://www.atptour.com/en/rankings/singles?dateWeek=2025-10-13&rankRange=0-5000,2026-03-22T00:42:35Z
atp,2025-10-13,HG94,B. Hassan,Benjamin Hassan,193,292,https://www.atptour.com/en/rankings/singles?dateWeek=2025-10-13&rankRange=0-5000,2026-03-22T00:42:35Z
atp,2025-10-13,PH78,R. Peniston,Ryan Peniston,194,290,https://www.atptour.com/en/rankings/singles?dateWeek=2025-10-13&rankRange=0-5000,2026-03-22T00:42:35Z
atp,2025-10-13,M0OQ,J. McCabe,James Mccabe,195,287,https://www.atptour.com/en/rankings/singles?dateWeek=2025-10-13&rankRange=0-5000,2026-03-22T00:42:35Z
atp,2025-10-13,O0A2,G. Onclin,Gauthier Onclin,196,287,https://www.atptour.com/en/rankings/singles?dateWeek=2025-10-13&rankRange=0-5000,2026-03-22T00:42:35Z
atp,2025-10-13,M0AW,N. Mejia,Nicolas Mejia,197,287,https://www.atptour.com/en/rankings/singles?dateWeek=2025-10-13&rankRange=0-5000,2026-03-22T00:42:35Z
atp,2025-10-13,CE77,F. Coria,Federico Coria,198,284,https://www.atptour.com/en/rankings/singles?dateWeek=2025-10-13&rankRange=0-5000,2026-03-22T00:42:35Z
atp,2025-10-13,T0BW,J. Trotter,James Trotter,199,282,https://www.atptour.com/en/rankings/singles?dateWeek=2025-10-13&rankRange=0-5000,2026-03-22T00:42:35Z
atp,2025-10-13,BI81,A. Bolt,Alex Bolt,200,281,https://www.atptour.com/en/rankings/singles?dateWeek=2025-10-13&rankRange=0-5000,2026-03-22T00:42:35Z
atp,2025-10-13,G0DH,A. Guillen Meza,Alvaro Guillen Meza,201,281,https://www.atptour.com/en/rankings/singles?dateWeek=2025-10-13&rankRange=0-5000,2026-03-22T00:42:35Z
atp,2025-10-13,L0CX,P. Llamas Ruiz,Pablo Llamas Ruiz,202,274,https://www.atptour.com/en/rankings/singles?dateWeek=2025-10-13&rankRange=0-5000,2026-03-22T00:42:35Z
atp,2025-10-13,GJ16,F. Gomez,Federico Agustin Gomez,203,272,https://www.atptour.com/en/rankings/singles?dateWeek=2025-10-13&rankRange=0-5000,2026-03-22T00:42:35Z
atp,2025-10-13,P0J1,R. Pacheco Mendez,Rodrigo Pacheco Mendez,204,272,https://www.atptour.com/en/rankings/singles?dateWeek=2025-10-13&rankRange=0-5000,2026-03-22T00:42:35Z
atp,2025-10-13,MV14,A. Molcan,Alex Molcan,205,271,https://www.atptour.com/en/rankings/singles?dateWeek=2025-10-13&rankRange=0-5000,2026-03-22T00:42:35Z
atp,2025-10-13,E0DD,J. Engel,Justin Engel,206,270,https://www.atptour.com/en/rankings/singles?dateWeek=2025-10-13&rankRange=0-5000,2026-03-22T00:42:35Z
atp,2025-10-13,HB48,C. Hemery,Calvin Hemery,207,268,https://www.atptour.com/en/rankings/singles?dateWeek=2025-10-13&rankRange=0-5000,2026-03-22T00:42:35Z
atp,2025-10-13,R0A7,J. Reis Da Silva,Joao Lucas Reis Da Silva,208,267,https://www.atptour.com/en/rankings/singles?dateWeek=2025-10-13&rankRange=0-5000,2026-03-22T00:42:35Z
atp,2025-10-13,R0FP,D. Rincon,Daniel Rincon,209,266,https://www.atptour.com/en/rankings/singles?dateWeek=2025-10-13&rankRange=0-5000,2026-03-22T00:42:35Z
atp,2025-10-13,F840,N. Fatic,Nerman Fatic,210,264,https://www.atptour.com/en/rankings/singles?dateWeek=2025-10-13&rankRange=0-5000,2026-03-22T00:42:35Z
atp,2025-10-13,L0CF,G. Loffhagen,George Loffhagen,211,264,https://www.atptour.com/en/rankings/singles?dateWeek=2025-10-13&rankRange=0-5000,2026-03-22T00:42:35Z
atp,2025-10-13,SY67,S. Shimabukuro,Sho Shimabukuro,212,263,https://www.atptour.com/en/rankings/singles?dateWeek=2025-10-13&rankRange=0-5000,2026-03-22T00:42:35Z
atp,2025-10-13,S0AQ,Y. Shimizu,Yuta Shimizu,213,262,https://www.atptour.com/en/rankings/singles?dateWeek=2025-10-13&rankRange=0-5000,2026-03-22T00:42:35Z
atp,2025-10-13,SS25,V. Sachko,Vitaliy Sachko,214,260,https://www.atptour.com/en/rankings/singles?dateWeek=2025-10-13&rankRange=0-5000,2026-03-22T00:42:35Z
atp,2025-10-13,A09T,D. Added,Dan Added,215,260,https://www.atptour.com/en/rankings/singles?dateWeek=2025-10-13&rankRange=0-5000,2026-03-22T00:42:35Z
atp,2025-10-13,KH56,Z. Kolar,Zdenek Kolar,216,259,https://www.atptour.com/en/rankings/singles?dateWeek=2025-10-13&rankRange=0-5000,2026-03-22T00:42:35Z
atp,2025-10-13,P0AY,L. Pavlovic,Luka Pavlovic,217,258,https://www.atptour.com/en/rankings/singles?dateWeek=2025-10-13&rankRange=0-5000,2026-03-22T00:42:35Z
atp,2025-10-13,S0RE,J. Shang,Juncheng Shang,218,255,https://www.atptour.com/en/rankings/singles?dateWeek=2025-10-13&rankRange=0-5000,2026-03-22T00:42:35Z
atp,2025-10-13,PG20,D. Popko,Dmitry Popko,219,255,https://www.atptour.com/en/rankings/singles?dateWeek=2025-10-13&rankRange=0-5000,2026-03-22T00:42:35Z
atp,2025-10-13,TA12,S. Travaglia,Stefano Travaglia,220,253,https://www.atptour.com/en/rankings/singles?dateWeek=2025-10-13&rankRange=0-5000,2026-03-22T00:42:35Z
atp,2025-10-13,F0DM,A. Fery,Arthur Fery,221,251,https://www.atptour.com/en/rankings/singles?dateWeek=2025-10-13&rankRange=0-5000,2026-03-22T00:42:35Z
atp,2025-10-13,O660,G. Olivieri,Genaro Alberto Olivieri,222,251,https://www.atptour.com/en/rankings/singles?dateWeek=2025-10-13&rankRange=0-5000,2026-03-22T00:42:35Z
atp,2025-10-13,B0GR,G. Bueno,Gonzalo Bueno,223,250,https://www.atptour.com/en/rankings/singles?dateWeek=2025-10-13&rankRange=0-5000,2026-03-22T00:42:35Z
atp,2025-10-13,GH92,B. Gojo,Borna Gojo,224,249,https://www.atptour.com/en/rankings/singles?dateWeek=2025-10-13&rankRange=0-5000,2026-03-22T00:42:35Z
atp,2025-10-13,G0GW,S. Gueymard Wayenburg,Sascha Gueymard Wayenburg,225,248,https://www.atptour.com/en/rankings/singles?dateWeek=2025-10-13&rankRange=0-5000,2026-03-22T00:42:35Z
atp,2025-10-13,C0NB,F. Cina,Federico Cina,226,247,https://www.atptour.com/en/rankings/singles?dateWeek=2025-10-13&rankRange=0-5000,2026-03-22T00:42:35Z
atp,2025-10-13,TC01,L. Tu,Li Tu,227,247,https://www.atptour.com/en/rankings/singles?dateWeek=2025-10-13&rankRange=0-5000,2026-03-22T00:42:35Z
atp,2025-10-13,B0ER,A. Bouquier,Arthur Bouquier,228,247,https://www.atptour.com/en/rankings/singles?dateWeek=2025-10-13&rankRange=0-5000,2026-03-22T00:42:35Z
atp,2025-10-13,H09F,Y. Hsu,Yu Hsiou Hsu,229,245,https://www.atptour.com/en/rankings/singles?dateWeek=2025-10-13&rankRange=0-5000,2026-03-22T00:42:35Z
atp,2025-10-13,M0ON,J. Monday,Johannus Monday,230,245,https://www.atptour.com/en/rankings/singles?dateWeek=2025-10-13&rankRange=0-5000,2026-03-22T00:42:35Z
atp,2025-10-13,HG86,L. Harris,Lloyd Harris,231,244,https://www.atptour.com/en/rankings/singles?dateWeek=2025-10-13&rankRange=0-5000,2026-03-22T00:42:35Z
atp,2025-10-13,RH59,S. Rodriguez Taverna,Santiago Rodriguez Taverna,232,242,https://www.atptour.com/en/rankings/singles?dateWeek=2025-10-13&rankRange=0-5000,2026-03-22T00:42:35Z
atp,2025-10-13,D0CG,F. Diaz Acosta,Facundo Diaz Acosta,233,241,https://www.atptour.com/en/rankings/singles?dateWeek=2025-10-13&rankRange=0-5000,2026-03-22T00:42:35Z
atp,2025-10-13,S0LA,D. Stricker,Dominic Stricker,234,241,https://www.atptour.com/en/rankings/singles?dateWeek=2025-10-13&rankRange=0-5000,2026-03-22T00:42:35Z
atp,2025-10-13,C0BH,C. Chidekh,Clement Chidekh,235,240,https://www.atptour.com/en/rankings/singles?dateWeek=2025-10-13&rankRange=0-5000,2026-03-22T00:42:35Z
atp,2025-10-13,S0GR,T. Skatov,Timofey Skatov,236,238,https://www.atptour.com/en/rankings/singles?dateWeek=2025-10-13&rankRange=0-5000,2026-03-22T00:42:35Z
atp,2025-10-13,Z09Z,B. Zhukayev,Beibit Zhukayev,237,235,https://www.atptour.com/en/rankings/singles?dateWeek=2025-10-13&rankRange=0-5000,2026-03-22T00:42:35Z
atp,2025-10-13,V0DZ,L. Van Assche,Luca Van Assche,238,235,https://www.atptour.com/en/rankings/singles?dateWeek=2025-10-13&rankRange=0-5000,2026-03-22T00:42:35Z
atp,2025-10-13,P0IY,J. Prado Angelo,Juan Carlos Prado Angelo,239,230,https://www.atptour.com/en/rankings/singles?dateWeek=2025-10-13&rankRange=0-5000,2026-03-22T00:42:35Z
atp,2025-10-13,D0DT,M. Damm,Martin Damm,240,228,https://www.atptour.com/en/rankings/singles?dateWeek=2025-10-13&rankRange=0-5000,2026-03-22T00:42:35Z
atp,2025-10-13,KC12,M. Krueger,Mitchell Krueger,241,228,https://www.atptour.com/en/rankings/singles?dateWeek=2025-10-13&rankRange=0-5000,2026-03-22T00:42:35Z
atp,2025-10-13,Z09F,P. Zahraj,Patrick Zahraj,242,227,https://www.atptour.com/en/rankings/singles?dateWeek=2025-10-13&rankRange=0-5000,2026-03-22T00:42:35Z
atp,2025-10-13,Y218,E. Ymer,Elias Ymer,243,225,https://www.atptour.com/en/rankings/singles?dateWeek=2025-10-13&rankRange=0-5000,2026-03-22T00:42:35Z
atp,2025-10-13,S0WT,J. Schwaerzler,Joel Schwaerzler,244,225,https://www.atptour.com/en/rankings/singles?dateWeek=2025-10-13&rankRange=0-5000,2026-03-22T00:42:35Z
atp,2025-10-13,SN54,F. Ferreira Silva,Frederico Ferreira Silva,245,224,https://www.atptour.com/en/rankings/singles?dateWeek=2025-10-13&rankRange=0-5000,2026-03-22T00:42:35Z
atp,2025-10-13,N09U,R. Noguchi,Rio Noguchi,246,224,https://www.atptour.com/en/rankings/singles?dateWeek=2025-10-13&rankRange=0-5000,2026-03-22T00:42:35Z
atp,2025-10-13,B0QC,G. Bailly,Gilles Arnaud Bailly,247,221,https://www.atptour.com/en/rankings/singles?dateWeek=2025-10-13&rankRange=0-5000,2026-03-22T00:42:35Z
atp,2025-10-13,DC76,V. Durasovic,Viktor Durasovic,248,219,https://www.atptour.com/en/rankings/singles?dateWeek=2025-10-13&rankRange=0-5000,2026-03-22T00:42:35Z
atp,2025-10-13,M0HT,A. Moro Canas,Alejandro Moro Canas,249,219,https://www.atptour.com/en/rankings/singles?dateWeek=2025-10-13&rankRange=0-5000,2026-03-22T00:42:35Z
atp,2025-10-13,BU54,G. Blancaneaux,Geoffrey Blancaneaux,250,219,https://www.atptour.com/en/rankings/singles?dateWeek=2025-10-13&rankRange=0-5000,2026-03-22T00:42:35Z
atp,2025-10-13,HH06,M. Huesler,Marc Andrea Huesler,251,218,https://www.atptour.com/en/rankings/singles?dateWeek=2025-10-13&rankRange=0-5000,2026-03-22T00:42:35Z
atp,2025-10-13,S0IA,D. Sweeny,Dane Sweeny,252,218,https://www.atptour.com/en/rankings/singles?dateWeek=2025-10-13&rankRange=0-5000,2026-03-22T00:42:35Z
atp,2025-10-13,V0DP,A. Vallejo,Adolfo Daniel Vallejo,253,216,https://www.atptour.com/en/rankings/singles?dateWeek=2025-10-13&rankRange=0-5000,2026-03-22T00:42:35Z
atp,2025-10-13,G0IX,A. Gea,Arthur Gea,254,216,https://www.atptour.com/en/rankings/singles?dateWeek=2025-10-13&rankRange=0-5000,2026-03-22T00:42:35Z
atp,2025-10-13,SX90,F. Sun,Fajing Sun,255,215,https://www.atptour.com/en/rankings/singles?dateWeek=2025-10-13&rankRange=0-5000,2026-03-22T00:42:35Z
atp,2025-10-13,S0O6,I. Simakin,Ilia Simakin,256,215,https://www.atptour.com/en/rankings/singles?dateWeek=2025-10-13&rankRange=0-5000,2026-03-22T00:42:35Z
atp,2025-10-13,D0L3,M. Dodig,Matej Dodig,257,214,https://www.atptour.com/en/rankings/singles?dateWeek=2025-10-13&rankRange=0-5000,2026-03-22T00:42:35Z
atp,2025-10-13,KC33,D. Kuzmanov,Dimitar Kuzmanov,258,212,https://www.atptour.com/en/rankings/singles?dateWeek=2025-10-13&rankRange=0-5000,2026-03-22T00:42:35Z
atp,2025-10-13,BU70,R. Bertola,Remy Bertola,259,210,https://www.atptour.com/en/rankings/singles?dateWeek=2025-10-13&rankRange=0-5000,2026-03-22T00:42:35Z
atp,2025-10-13,N897,S. Nagal,Sumit Nagal,260,208,https://www.atptour.com/en/rankings/singles?dateWeek=2025-10-13&rankRange=0-5000,2026-03-22T00:42:35Z
atp,2025-10-13,RG42,A. Rybakov,Alex Rybakov,261,208,https://www.atptour.com/en/rankings/singles?dateWeek=2025-10-13&rankRange=0-5000,2026-03-22T00:42:35Z
atp,2025-10-13,J553,O. Jasika,Omar Jasika,262,208,https://www.atptour.com/en/rankings/singles?dateWeek=2025-10-13&rankRange=0-5000,2026-03-22T00:42:35Z
atp,2025-10-13,DF88,A. Dougaz,Aziz Dougaz,263,206,https://www.atptour.com/en/rankings/singles?dateWeek=2025-10-13&rankRange=0-5000,2026-03-22T00:42:35Z
atp,2025-10-13,S0AK,H. Squire,Henri Squire,264,206,https://www.atptour.com/en/rankings/singles?dateWeek=2025-10-13&rankRange=0-5000,2026-03-22T00:42:35Z
atp,2025-10-13,M0OH,L. Midon,Lautaro Midon,265,205,https://www.atptour.com/en/rankings/singles?dateWeek=2025-10-13&rankRange=0-5000,2026-03-22T00:42:35Z
atp,2025-10-13,CF01,M. Cecchinato,Marco Cecchinato,266,204,https://www.atptour.com/en/rankings/singles?dateWeek=2025-10-13&rankRange=0-5000,2026-03-22T00:42:35Z
atp,2025-10-13,M0EA,P. Martin Tiffon,Pol Martin Tiffon,267,204,https://www.atptour.com/en/rankings/singles?dateWeek=2025-10-13&rankRange=0-5000,2026-03-22T00:42:35Z
atp,2025-10-13,G628,R. Gasquet,Richard Gasquet,268,203,https://www.atptour.com/en/rankings/singles?dateWeek=2025-10-13&rankRange=0-5000,2026-03-22T00:42:35Z
atp,2025-10-13,T09X,C. Tabur,Clement Tabur,269,203,https://www.atptour.com/en/rankings/singles?dateWeek=2025-10-13&rankRange=0-5000,2026-03-22T00:42:35Z
atp,2025-10-13,LB66,C. Lestienne,Constant Lestienne,270,202,https://www.atptour.com/en/rankings/singles?dateWeek=2025-10-13&rankRange=0-5000,2026-03-22T00:42:35Z
atp,2025-10-13,G09C,M. Gengel,Marek Gengel,271,202,https://www.atptour.com/en/rankings/singles?dateWeek=2025-10-13&rankRange=0-5000,2026-03-22T00:42:35Z
atp,2025-10-13,GA79,L. Giustino,Lorenzo Giustino,272,202,https://www.atptour.com/en/rankings/singles?dateWeek=2025-10-13&rankRange=0-5000,2026-03-22T00:42:35Z
atp,2025-10-13,B0LQ,P. Bar Biryukov,Petr Bar Biryukov,273,200,https://www.atptour.com/en/rankings/singles?dateWeek=2025-10-13&rankRange=0-5000,2026-03-22T00:42:35Z
atp,2025-10-13,GE28,I. Gakhov,Ivan Gakhov,274,200,https://www.atptour.com/en/rankings/singles?dateWeek=2025-10-13&rankRange=0-5000,2026-03-22T00:42:35Z
atp,2025-10-13,S0NV,A. Shelbayh,Abdullah Shelbayh,275,198,https://www.atptour.com/en/rankings/singles?dateWeek=2025-10-13&rankRange=0-5000,2026-03-22T00:42:35Z
atp,2025-10-13,J09X,F. Jianu,Filip Cristian Jianu,276,198,https://www.atptour.com/en/rankings/singles?dateWeek=2025-10-13&rankRange=0-5000,2026-03-22T00:42:35Z
atp,2025-10-13,T0FI,M. Topo,Marko Topo,277,196,https://www.atptour.com/en/rankings/singles?dateWeek=2025-10-13&rankRange=0-5000,2026-03-22T00:42:35Z
atp,2025-10-13,Z0AK,T. Zink,Tyler Zink,278,196,https://www.atptour.com/en/rankings/singles?dateWeek=2025-10-13&rankRange=0-5000,2026-03-22T00:42:35Z
atp,2025-10-13,DC48,M. Dellien,Murkel Dellien,279,194,https://www.atptour.com/en/rankings/singles?dateWeek=2025-10-13&rankRange=0-5000,2026-03-22T00:42:35Z
atp,2025-10-13,S0EK,M. Soto,Matias Soto,280,194,https://www.atptour.com/en/rankings/singles?dateWeek=2025-10-13&rankRange=0-5000,2026-03-22T00:42:35Z
atp,2025-10-13,S0MN,M. Sharipov,Marat Sharipov,281,193,https://www.atptour.com/en/rankings/singles?dateWeek=2025-10-13&rankRange=0-5000,2026-03-22T00:42:35Z
atp,2025-10-13,P0K4,T. Pereira,Tiago Pereira,282,193,https://www.atptour.com/en/rankings/singles?dateWeek=2025-10-13&rankRange=0-5000,2026-03-22T00:42:35Z
atp,2025-10-13,J0DZ,R. Jodar,Rafael Jodar,283,192,https://www.atptour.com/en/rankings/singles?dateWeek=2025-10-13&rankRange=0-5000,2026-03-22T00:42:35Z
atp,2025-10-13,AG08,A. Andrade,Andres Andrade,284,192,https://www.atptour.com/en/rankings/singles?dateWeek=2025-10-13&rankRange=0-5000,2026-03-22T00:42:35Z
atp,2025-10-13,P0GN,T. Paris,Tom Paris,285,191,https://www.atptour.com/en/rankings/singles?dateWeek=2025-10-13&rankRange=0-5000,2026-03-22T00:42:35Z
atp,2025-10-13,P0EA,S. Purtseladze,Saba Purtseladze,286,190,https://www.atptour.com/en/rankings/singles?dateWeek=2025-10-13&rankRange=0-5000,2026-03-22T00:42:35Z
atp,2025-10-13,CC66,A. Collarini,Andrea Collarini,287,190,https://www.atptour.com/en/rankings/singles?dateWeek=2025-10-13&rankRange=0-5000,2026-03-22T00:42:35Z
atp,2025-10-13,M0E1,D. Michalski,Daniel Michalski,288,189,https://www.atptour.com/en/rankings/singles?dateWeek=2025-10-13&rankRange=0-5000,2026-03-22T00:42:35Z
atp,2025-10-13,K926,M. Kukushkin,Mikhail Kukushkin,289,189,https://www.atptour.com/en/rankings/singles?dateWeek=2025-10-13&rankRange=0-5000,2026-03-22T00:42:35Z
atp,2025-10-13,M0NP,A. Martin,Andres Martin,290,189,https://www.atptour.com/en/rankings/singles?dateWeek=2025-10-13&rankRange=0-5000,2026-03-22T00:42:35Z
atp,2025-10-13,G0IB,T. Gentzsch,Tom Gentzsch,291,189,https://www.atptour.com/en/rankings/singles?dateWeek=2025-10-13&rankRange=0-5000,2026-03-22T00:42:35Z
atp,2025-10-13,J0B5,G. Johns,Garrett Johns,292,189,https://www.atptour.com/en/rankings/singles?dateWeek=2025-10-13&rankRange=0-5000,2026-03-22T00:42:35Z
atp,2025-10-13,G0BY,D. Glinka,Daniil Glinka,293,186,https://www.atptour.com/en/rankings/singles?dateWeek=2025-10-13&rankRange=0-5000,2026-03-22T00:42:35Z
atp,2025-10-13,KC56,A. Karatsev,Aslan Karatsev,294,185,https://www.atptour.com/en/rankings/singles?dateWeek=2025-10-13&rankRange=0-5000,2026-03-22T00:42:35Z
atp,2025-10-13,KC29,N. Kicker,Nicolas Kicker,295,185,https://www.atptour.com/en/rankings/singles?dateWeek=2025-10-13&rankRange=0-5000,2026-03-22T00:42:35Z
atp,2025-10-13,B0OU,H. Barton,Hynek Barton,296,185,https://www.atptour.com/en/rankings/singles?dateWeek=2025-10-13&rankRange=0-5000,2026-03-22T00:42:35Z
atp,2025-10-13,U134,Y. Uchiyama,Yasutaka Uchiyama,297,184,https://www.atptour.com/en/rankings/singles?dateWeek=2025-10-13&rankRange=0-5000,2026-03-22T00:42:35Z
atp,2025-10-13,S0KT,S. Sakellaridis,Stefanos Sakellaridis,298,184,https://www.atptour.com/en/rankings/singles?dateWeek=2025-10-13&rankRange=0-5000,2026-03-22T00:42:35Z
atp,2025-10-13,C0HB,E. Coulibaly,Eliakim Coulibaly,299,183,https://www.atptour.com/en/rankings/singles?dateWeek=2025-10-13&rankRange=0-5000,2026-03-22T00:42:35Z
atp,2025-10-13,B0MM,E. Butvilas,Edas Butvilas,300,182,https://www.atptour.com/en/rankings/singles?dateWeek=2025-10-13&rankRange=0-5000,2026-03-22T00:42:35Z
atp,2025-10-13,RH62,M. Rosenkranz,Mats Rosenkranz,301,178,https://www.atptour.com/en/rankings/singles?dateWeek=2025-10-13&rankRange=0-5000,2026-03-22T00:42:35Z
atp,2025-10-13,P0D0,J. Paul,Jakub Paul,302,176,https://www.atptour.com/en/rankings/singles?dateWeek=2025-10-13&rankRange=0-5000,2026-03-22T00:42:35Z
atp,2025-10-13,KD46,T. Kokkinakis,Thanasi Kokkinakis,303,175,https://www.atptour.com/en/rankings/singles?dateWeek=2025-10-13&rankRange=0-5000,2026-03-22T00:42:35Z
atp,2025-10-13,K0E6,A. Kachmazov,Alibek Kachmazov,304,175,https://www.atptour.com/en/rankings/singles?dateWeek=2025-10-13&rankRange=0-5000,2026-03-22T00:42:35Z
atp,2025-10-13,P0DF,M. Pucinelli De Almeida,Matheus Pucinelli De Almeida,305,175,https://www.atptour.com/en/rankings/singles?dateWeek=2025-10-13&rankRange=0-5000,2026-03-22T00:42:35Z
atp,2025-10-13,S0GZ,N. Sanchez Izquierdo,Nikolas Sanchez Izquierdo,306,174,https://www.atptour.com/en/rankings/singles?dateWeek=2025-10-13&rankRange=0-5000,2026-03-22T00:42:35Z
atp,2025-10-13,B0JJ,R. Bertrand,Robin Bertrand,307,174,https://www.atptour.com/en/rankings/singles?dateWeek=2025-10-13&rankRange=0-5000,2026-03-22T00:42:35Z
atp,2025-10-13,H0CX,M. Houkes,Max Houkes,308,171,https://www.atptour.com/en/rankings/singles?dateWeek=2025-10-13&rankRange=0-5000,2026-03-22T00:42:35Z
atp,2025-10-13,B0LW,M. Brunold,Mika Brunold,309,171,https://www.atptour.com/en/rankings/singles?dateWeek=2025-10-13&rankRange=0-5000,2026-03-22T00:42:35Z
atp,2025-10-13,AA27,F. Agamenone,Franco Agamenone,310,170,https://www.atptour.com/en/rankings/singles?dateWeek=2025-10-13&rankRange=0-5000,2026-03-22T00:42:35Z
atp,2025-10-13,N731,C. Negritu,Christoph Negritu,311,170,https://www.atptour.com/en/rankings/singles?dateWeek=2025-10-13&rankRange=0-5000,2026-03-22T00:42:35Z
atp,2025-10-13,V836,J. Varillas,Juan Pablo Varillas,312,169,https://www.atptour.com/en/rankings/singles?dateWeek=2025-10-13&rankRange=0-5000,2026-03-22T00:42:35Z
atp,2025-10-13,A0F3,F. Andaloro,Fabrizio Andaloro,313,169,https://www.atptour.com/en/rankings/singles?dateWeek=2025-10-13&rankRange=0-5000,2026-03-22T00:42:35Z
atp,2025-10-13,M0NB,A. Mayo,Aidan Mayo,314,168,https://www.atptour.com/en/rankings/singles?dateWeek=2025-10-13&rankRange=0-5000,2026-03-22T00:42:35Z
atp,2025-10-13,MP01,M. Mmoh,Michael Mmoh,315,166,https://www.atptour.com/en/rankings/singles?dateWeek=2025-10-13&rankRange=0-5000,2026-03-22T00:42:35Z
atp,2025-10-13,VA08,A. Vavassori,Andrea Vavassori,316,163,https://www.atptour.com/en/rankings/singles?dateWeek=2025-10-13&rankRange=0-5000,2026-03-22T00:42:35Z
atp,2025-10-13,B0EK,M. Bouzige,Moerani Bouzige,317,163,https://www.atptour.com/en/rankings/singles?dateWeek=2025-10-13&rankRange=0-5000,2026-03-22T00:42:35Z
atp,2025-10-13,MW76,M. Martineau,Matteo Martineau,318,161,https://www.atptour.com/en/rankings/singles?dateWeek=2025-10-13&rankRange=0-5000,2026-03-22T00:42:35Z
atp,2025-10-13,GB93,N. Gombos,Norbert Gombos,319,160,https://www.atptour.com/en/rankings/singles?dateWeek=2025-10-13&rankRange=0-5000,2026-03-22T00:42:35Z
atp,2025-10-13,E0AC,M. Erhard,Mathys Erhard,320,160,https://www.atptour.com/en/rankings/singles?dateWeek=2025-10-13&rankRange=0-5000,2026-03-22T00:42:35Z
atp,2025-10-13,GG65,M. Geerts,Michael Geerts,321,160,https://www.atptour.com/en/rankings/singles?dateWeek=2025-10-13&rankRange=0-5000,2026-03-22T00:42:35Z
atp,2025-10-13,M0RE,P. Maloney,Patrick Maloney,322,158,https://www.atptour.com/en/rankings/singles?dateWeek=2025-10-13&rankRange=0-5000,2026-03-22T00:42:35Z
atp,2025-10-13,H0DU,G. Heide,Gustavo Heide,323,157,https://www.atptour.com/en/rankings/singles?dateWeek=2025-10-13&rankRange=0-5000,2026-03-22T00:42:35Z
atp,2025-10-13,TD55,R. Tokuda,Renta Tokuda,324,157,https://www.atptour.com/en/rankings/singles?dateWeek=2025-10-13&rankRange=0-5000,2026-03-22T00:42:35Z
atp,2025-10-13,B0BU,F. Bax,Florent Bax,325,156,https://www.atptour.com/en/rankings/singles?dateWeek=2025-10-13&rankRange=0-5000,2026-03-22T00:42:35Z
atp,2025-10-13,E698,G. Elias,Gastao Elias,326,156,https://www.atptour.com/en/rankings/singles?dateWeek=2025-10-13&rankRange=0-5000,2026-03-22T00:42:35Z
atp,2025-10-13,Z0CQ,Y. Zhou,Yi Zhou,327,156,https://www.atptour.com/en/rankings/singles?dateWeek=2025-10-13&rankRange=0-5000,2026-03-22T00:42:35Z
atp,2025-10-13,A09U,N. Alvarez Varona,Nicolas Alvarez Varona,328,156,https://www.atptour.com/en/rankings/singles?dateWeek=2025-10-13&rankRange=0-5000,2026-03-22T00:42:35Z
atp,2025-10-13,LI10,C. Langmo,Christian Langmo,329,156,https://www.atptour.com/en/rankings/singles?dateWeek=2025-10-13&rankRange=0-5000,2026-03-22T00:42:35Z
atp,2025-10-13,Y171,D. Yevseyev,Denis Yevseyev,330,156,https://www.atptour.com/en/rankings/singles?dateWeek=2025-10-13&rankRange=0-5000,2026-03-22T00:42:35Z
atp,2025-10-13,PL39,A. Perez,Alfredo Perez,331,153,https://www.atptour.com/en/rankings/singles?dateWeek=2025-10-13&rankRange=0-5000,2026-03-22T00:42:35Z
atp,2025-10-13,D0LJ,D. Dedura,Diego Dedura,332,153,https://www.atptour.com/en/rankings/singles?dateWeek=2025-10-13&rankRange=0-5000,2026-03-22T00:42:35Z
atp,2025-10-13,BV25,J. Barranco Cosano,Javier Barranco Cosano,333,152,https://www.atptour.com/en/rankings/singles?dateWeek=2025-10-13&rankRange=0-5000,2026-03-22T00:42:35Z
atp,2025-10-13,BU10,J. Berrettini,Jacopo Berrettini,334,152,https://www.atptour.com/en/rankings/singles?dateWeek=2025-10-13&rankRange=0-5000,2026-03-22T00:42:35Z
atp,2025-10-13,S0BT,A. Soriano Barrera,Adria Soriano Barrera,335,152,https://www.atptour.com/en/rankings/singles?dateWeek=2025-10-13&rankRange=0-5000,2026-03-22T00:42:35Z
atp,2025-10-13,F0F4,K. Feldbausch,Kilian Feldbausch,336,152,https://www.atptour.com/en/rankings/singles?dateWeek=2025-10-13&rankRange=0-5000,2026-03-22T00:42:35Z
atp,2025-10-13,K0CJ,S. Kopp,Sandro Kopp,337,151,https://www.atptour.com/en/rankings/singles?dateWeek=2025-10-13&rankRange=0-5000,2026-03-22T00:42:35Z
atp,2025-10-13,D0CN,M. Damas,Miguel Damas,338,151,https://www.atptour.com/en/rankings/singles?dateWeek=2025-10-13&rankRange=0-5000,2026-03-22T00:42:35Z
atp,2025-10-13,B0C0,A. Boitan,Adrian Boitan,339,150,https://www.atptour.com/en/rankings/singles?dateWeek=2025-10-13&rankRange=0-5000,2026-03-22T00:42:35Z
atp,2025-10-13,B0NO,D. Blanch,Darwin Blanch,340,148,https://www.atptour.com/en/rankings/singles?dateWeek=2025-10-13&rankRange=0-5000,2026-03-22T00:42:35Z
atp,2025-10-13,S0GV,R. Strombachs,Robert Strombachs,341,148,https://www.atptour.com/en/rankings/singles?dateWeek=2025-10-13&rankRange=0-5000,2026-03-22T00:42:35Z
atp,2025-10-13,C0AJ,J. Cui,Jie Cui,342,146,https://www.atptour.com/en/rankings/singles?dateWeek=2025-10-13&rankRange=0-5000,2026-03-22T00:42:35Z
atp,2025-10-13,PL64,O. Prihodko,Oleg Prihodko,343,145,https://www.atptour.com/en/rankings/singles?dateWeek=2025-10-13&rankRange=0-5000,2026-03-22T00:42:35Z
atp,2025-10-13,J0A4,P. Jubb,Paul Jubb,344,144,https://www.atptour.com/en/rankings/singles?dateWeek=2025-10-13&rankRange=0-5000,2026-03-22T00:42:35Z
atp,2025-10-13,M0GY,L. Marmousez,Lilian Marmousez,345,144,https://www.atptour.com/en/rankings/singles?dateWeek=2025-10-13&rankRange=0-5000,2026-03-22T00:42:35Z
atp,2025-10-13,H0DC,G. Hussey,Giles Hussey,346,144,https://www.atptour.com/en/rankings/singles?dateWeek=2025-10-13&rankRange=0-5000,2026-03-22T00:42:35Z
atp,2025-10-13,BE69,Y. Bai,Yan Bai,347,141,https://www.atptour.com/en/rankings/singles?dateWeek=2025-10-13&rankRange=0-5000,2026-03-22T00:42:35Z
atp,2025-10-13,E768,A. Escoffier,Antoine Escoffier,348,141,https://www.atptour.com/en/rankings/singles?dateWeek=2025-10-13&rankRange=0-5000,2026-03-22T00:42:35Z
atp,2025-10-13,N0DB,A. Nedic,Andrej Nedic,349,140,https://www.atptour.com/en/rankings/singles?dateWeek=2025-10-13&rankRange=0-5000,2026-03-22T00:42:35Z
atp,2025-10-13,A0CJ,D. Ajdukovic,Duje Ajdukovic,350,140,https://www.atptour.com/en/rankings/singles?dateWeek=2025-10-13&rankRange=0-5000,2026-03-22T00:42:35Z
atp,2025-10-13,V821,G. Villanueva,Gonzalo Villanueva,351,140,https://www.atptour.com/en/rankings/singles?dateWeek=2025-10-13&rankRange=0-5000,2026-03-22T00:42:35Z
atp,2025-10-13,BK24,G. Barrere,Gregoire Barrere,352,139,https://www.atptour.com/en/rankings/singles?dateWeek=2025-10-13&rankRange=0-5000,2026-03-22T00:42:35Z
atp,2025-10-13,J0D2,M. Jones,Maximus Jones,353,139,https://www.atptour.com/en/rankings/singles?dateWeek=2025-10-13&rankRange=0-5000,2026-03-22T00:42:35Z
atp,2025-10-13,R772,A. Ramos-Vinolas,Albert Ramos Vinolas,354,138,https://www.atptour.com/en/rankings/singles?dateWeek=2025-10-13&rankRange=0-5000,2026-03-22T00:42:35Z
atp,2025-10-13,P0I6,G. Piraino,Gabriele Piraino,355,138,https://www.atptour.com/en/rankings/singles?dateWeek=2025-10-13&rankRange=0-5000,2026-03-22T00:42:35Z
atp,2025-10-13,V717,A. Vatutin,Alexey Vatutin,356,138,https://www.atptour.com/en/rankings/singles?dateWeek=2025-10-13&rankRange=0-5000,2026-03-22T00:42:35Z
atp,2025-10-13,PJ74,L. Poullain,Lucas Poullain,357,138,https://www.atptour.com/en/rankings/singles?dateWeek=2025-10-13&rankRange=0-5000,2026-03-22T00:42:35Z
atp,2025-10-13,SG56,D. Dutra da Silva,Daniel Dutra Da Silva,358,138,https://www.atptour.com/en/rankings/singles?dateWeek=2025-10-13&rankRange=0-5000,2026-03-22T00:42:35Z
atp,2025-10-13,I0B0,A. Ilagan,Andre Ilagan,359,138,https://www.atptour.com/en/rankings/singles?dateWeek=2025-10-13&rankRange=0-5000,2026-03-22T00:42:35Z
atp,2025-10-13,R0ED,M. Rehberg,Max Hans Rehberg,360,137,https://www.atptour.com/en/rankings/singles?dateWeek=2025-10-13&rankRange=0-5000,2026-03-22T00:42:35Z
atp,2025-10-13,N0AL,G. Nanda,Govind Nanda,361,137,https://www.atptour.com/en/rankings/singles?dateWeek=2025-10-13&rankRange=0-5000,2026-03-22T00:42:35Z
atp,2025-10-13,S0CG,C. Sanchez Jover,Carlos Sanchez Jover,362,137,https://www.atptour.com/en/rankings/singles?dateWeek=2025-10-13&rankRange=0-5000,2026-03-22T00:42:35Z
atp,2025-10-13,B0FI,P. Boscardin Dias,Pedro Boscardin Dias,363,137,https://www.atptour.com/en/rankings/singles?dateWeek=2025-10-13&rankRange=0-5000,2026-03-22T00:42:35Z
atp,2025-10-13,P0B2,L. Potenza,Luca Potenza,364,137,https://www.atptour.com/en/rankings/singles?dateWeek=2025-10-13&rankRange=0-5000,2026-03-22T00:42:35Z
atp,2025-10-13,H0BF,P. Henning,Philip Henning,365,136,https://www.atptour.com/en/rankings/singles?dateWeek=2025-10-13&rankRange=0-5000,2026-03-22T00:42:35Z
atp,2025-10-13,G0AO,A. Gray,Alastair Gray,366,136,https://www.atptour.com/en/rankings/singles?dateWeek=2025-10-13&rankRange=0-5000,2026-03-22T00:42:35Z
atp,2025-10-13,BV21,C. Broom,Charles Broom,367,136,https://www.atptour.com/en/rankings/singles?dateWeek=2025-10-13&rankRange=0-5000,2026-03-22T00:42:35Z
atp,2025-10-13,U120,K. Uchida,Kaichi Uchida,368,136,https://www.atptour.com/en/rankings/singles?dateWeek=2025-10-13&rankRange=0-5000,2026-03-22T00:42:35Z
atp,2025-10-13,R0BT,F. Roncadelli,Franco Roncadelli,369,136,https://www.atptour.com/en/rankings/singles?dateWeek=2025-10-13&rankRange=0-5000,2026-03-22T00:42:35Z
atp,2025-10-13,M0NL,I. Montes-De La Torre,Inaki Montes De La Torre,370,136,https://www.atptour.com/en/rankings/singles?dateWeek=2025-10-13&rankRange=0-5000,2026-03-22T00:42:35Z
atp,2025-10-13,MW18,N. Moreno De Alboran,Nicolas Moreno De Alboran,371,135,https://www.atptour.com/en/rankings/singles?dateWeek=2025-10-13&rankRange=0-5000,2026-03-22T00:42:35Z
atp,2025-10-13,S09P,S. Shin,Sanhui Shin,372,135,https://www.atptour.com/en/rankings/singles?dateWeek=2025-10-13&rankRange=0-5000,2026-03-22T00:42:35Z
atp,2025-10-13,S0EX,H. Stewart,Hamish Stewart,373,133,https://www.atptour.com/en/rankings/singles?dateWeek=2025-10-13&rankRange=0-5000,2026-03-22T00:42:35Z
atp,2025-10-13,CF88,R. Cid Subervi,Roberto Cid Subervi,374,132,https://www.atptour.com/en/rankings/singles?dateWeek=2025-10-13&rankRange=0-5000,2026-03-22T00:42:35Z
atp,2025-10-13,B0LL,V. Bielinskyi,Viacheslav Bielinskyi,375,132,https://www.atptour.com/en/rankings/singles?dateWeek=2025-10-13&rankRange=0-5000,2026-03-22T00:42:35Z
atp,2025-10-13,S0TX,H. Searle,Henry Searle,376,132,https://www.atptour.com/en/rankings/singles?dateWeek=2025-10-13&rankRange=0-5000,2026-03-22T00:42:35Z
atp,2025-10-13,K0HG,M. Karol,Milos Karol,377,132,https://www.atptour.com/en/rankings/singles?dateWeek=2025-10-13&rankRange=0-5000,2026-03-22T00:42:35Z
atp,2025-10-13,J0AW,G. Justo,Guido Ivan Justo,378,132,https://www.atptour.com/en/rankings/singles?dateWeek=2025-10-13&rankRange=0-5000,2026-03-22T00:42:35Z
atp,2025-10-13,MF35,A. Martin,Andrej Martin,379,131,https://www.atptour.com/en/rankings/singles?dateWeek=2025-10-13&rankRange=0-5000,2026-03-22T00:42:35Z
atp,2025-10-13,DF92,C. Denolly,Corentin Denolly,380,130,https://www.atptour.com/en/rankings/singles?dateWeek=2025-10-13&rankRange=0-5000,2026-03-22T00:42:35Z
atp,2025-10-13,CH27,H. Chung,Hyeon Chung,381,129,https://www.atptour.com/en/rankings/singles?dateWeek=2025-10-13&rankRange=0-5000,2026-03-22T00:42:35Z
atp,2025-10-13,T0GR,O. Tarvet,Oliver Tarvet,382,128,https://www.atptour.com/en/rankings/singles?dateWeek=2025-10-13&rankRange=0-5000,2026-03-22T00:42:35Z
atp,2025-10-13,B0PE,F. Bondioli,Federico Bondioli,383,128,https://www.atptour.com/en/rankings/singles?dateWeek=2025-10-13&rankRange=0-5000,2026-03-22T00:42:35Z
atp,2025-10-13,B0OV,P. Brunclik,Petr Brunclik,384,127,https://www.atptour.com/en/rankings/singles?dateWeek=2025-10-13&rankRange=0-5000,2026-03-22T00:42:35Z
atp,2025-10-13,P0BK,S. Parker,Stuart Parker,385,127,https://www.atptour.com/en/rankings/singles?dateWeek=2025-10-13&rankRange=0-5000,2026-03-22T00:42:35Z
atp,2025-10-13,Z371,Z. Zhang,Zhizhen Zhang,386,125,https://www.atptour.com/en/rankings/singles?dateWeek=2025-10-13&rankRange=0-5000,2026-03-22T00:42:35Z
atp,2025-10-13,B0I6,S. Banerjee,Samir Banerjee,387,125,https://www.atptour.com/en/rankings/singles?dateWeek=2025-10-13&rankRange=0-5000,2026-03-22T00:42:35Z
atp,2025-10-13,S0VM,T. Svajda,Trevor Svajda,388,125,https://www.atptour.com/en/rankings/singles?dateWeek=2025-10-13&rankRange=0-5000,2026-03-22T00:42:35Z
atp,2025-10-13,G0J9,S. Gulin,Svyatoslav Gulin,389,125,https://www.atptour.com/en/rankings/singles?dateWeek=2025-10-13&rankRange=0-5000,2026-03-22T00:42:35Z
atp,2025-10-13,P0DR,A. Picchione,Andrea Picchione,390,125,https://www.atptour.com/en/rankings/singles?dateWeek=2025-10-13&rankRange=0-5000,2026-03-22T00:42:35Z
atp,2025-10-13,S0W8,A. Shah,Aryan Shah,391,124,https://www.atptour.com/en/rankings/singles?dateWeek=2025-10-13&rankRange=0-5000,2026-03-22T00:42:35Z
atp,2025-10-13,A0BA,F. Arnaboldi,Federico Arnaboldi,392,124,https://www.atptour.com/en/rankings/singles?dateWeek=2025-10-13&rankRange=0-5000,2026-03-22T00:42:35Z
atp,2025-10-13,B0GI,A. Binda,Alexander Binda,393,124,https://www.atptour.com/en/rankings/singles?dateWeek=2025-10-13&rankRange=0-5000,2026-03-22T00:42:35Z
atp,2025-10-13,D0D4,S. Dostanic,Stefan Dostanic,394,123,https://www.atptour.com/en/rankings/singles?dateWeek=2025-10-13&rankRange=0-5000,2026-03-22T00:42:35Z
atp,2025-10-13,KE69,M. Kestelboim,Mariano Kestelboim,395,123,https://www.atptour.com/en/rankings/singles?dateWeek=2025-10-13&rankRange=0-5000,2026-03-22T00:42:35Z
atp,2025-10-13,P0GQ,M. Poljicak,Mili Poljicak,396,123,https://www.atptour.com/en/rankings/singles?dateWeek=2025-10-13&rankRange=0-5000,2026-03-22T00:42:35Z
atp,2025-10-13,SR81,K. Sultanov,Khumoyun Sultanov,397,122,https://www.atptour.com/en/rankings/singles?dateWeek=2025-10-13&rankRange=0-5000,2026-03-22T00:42:35Z
atp,2025-10-13,MI01,H. Moriya,Hiroki Moriya,398,122,https://www.atptour.com/en/rankings/singles?dateWeek=2025-10-13&rankRange=0-5000,2026-03-22T00:42:35Z
atp,2025-10-13,T0DM,J. Torres,Juan Bautista Torres,399,122,https://www.atptour.com/en/rankings/singles?dateWeek=2025-10-13&rankRange=0-5000,2026-03-22T00:42:35Z
atp,2025-10-13,BV24,R. Brancaccio,Raul Brancaccio,400,121,https://www.atptour.com/en/rankings/singles?dateWeek=2025-10-13&rankRange=0-5000,2026-03-22T00:42:35Z
atp,2025-10-13,SO20,J. Sels,Jelle Sels,401,121,https://www.atptour.com/en/rankings/singles?dateWeek=2025-10-13&rankRange=0-5000,2026-03-22T00:42:35Z
atp,2025-10-13,D0A2,M. Dellavedova,Matthew Dellavedova,402,121,https://www.atptour.com/en/rankings/singles?dateWeek=2025-10-13&rankRange=0-5000,2026-03-22T00:42:35Z
atp,2025-10-13,BF23,F. Bagnis,Facundo Bagnis,403,120,https://www.atptour.com/en/rankings/singles?dateWeek=2025-10-13&rankRange=0-5000,2026-03-22T00:42:35Z
atp,2025-10-13,CG07,H. Casanova,Hernan Casanova,404,120,https://www.atptour.com/en/rankings/singles?dateWeek=2025-10-13&rankRange=0-5000,2026-03-22T00:42:35Z
atp,2025-10-13,E0AA,Y. Erel,Yanki Erel,405,120,https://www.atptour.com/en/rankings/singles?dateWeek=2025-10-13&rankRange=0-5000,2026-03-22T00:42:35Z
atp,2025-10-13,MJ98,F. Mena,Facundo Mena,406,116,https://www.atptour.com/en/rankings/singles?dateWeek=2025-10-13&rankRange=0-5000,2026-03-22T00:42:35Z
atp,2025-10-13,CH80,L. Castelnuovo,Luca Castelnuovo,407,116,https://www.atptour.com/en/rankings/singles?dateWeek=2025-10-13&rankRange=0-5000,2026-03-22T00:42:35Z
atp,2025-10-13,PF39,L. Pouille,Lucas Pouille,408,115,https://www.atptour.com/en/rankings/singles?dateWeek=2025-10-13&rankRange=0-5000,2026-03-22T00:42:35Z
atp,2025-10-13,G0IW,A. Ghibaudo,Antoine Ghibaudo,409,115,https://www.atptour.com/en/rankings/singles?dateWeek=2025-10-13&rankRange=0-5000,2026-03-22T00:42:35Z
atp,2025-10-13,Z419,B. Zapata Miralles,Bernabe Zapata Miralles,410,115,https://www.atptour.com/en/rankings/singles?dateWeek=2025-10-13&rankRange=0-5000,2026-03-22T00:42:35Z
atp,2025-10-13,K0FY,M. Krumich,Martin Krumich,411,115,https://www.atptour.com/en/rankings/singles?dateWeek=2025-10-13&rankRange=0-5000,2026-03-22T00:42:35Z
atp,2025-10-13,S0HR,K. Samrej,Kasidit Samrej,412,115,https://www.atptour.com/en/rankings/singles?dateWeek=2025-10-13&rankRange=0-5000,2026-03-22T00:42:35Z
atp,2025-10-13,BE90,R. Berankis,Ricardas Berankis,413,114,https://www.atptour.com/en/rankings/singles?dateWeek=2025-10-13&rankRange=0-5000,2026-03-22T00:42:35Z
atp,2025-10-13,EA27,B. Ellis,Blake Ellis,414,113,https://www.atptour.com/en/rankings/singles?dateWeek=2025-10-13&rankRange=0-5000,2026-03-22T00:42:35Z
atp,2025-10-13,M0RG,D. Milavsky,Daniel Milavsky,415,113,https://www.atptour.com/en/rankings/singles?dateWeek=2025-10-13&rankRange=0-5000,2026-03-22T00:42:35Z
atp,2025-10-13,C0B2,C. Cretu,Cezar Cretu,416,113,https://www.atptour.com/en/rankings/singles?dateWeek=2025-10-13&rankRange=0-5000,2026-03-22T00:42:35Z
atp,2025-10-13,A0EA,M. Alcala Gurri,Max Alcala Gurri,417,113,https://www.atptour.com/en/rankings/singles?dateWeek=2025-10-13&rankRange=0-5000,2026-03-22T00:42:35Z
atp,2025-10-13,M0SE,M. Mrva,Maxim Mrva,418,112,https://www.atptour.com/en/rankings/singles?dateWeek=2025-10-13&rankRange=0-5000,2026-03-22T00:42:35Z
atp,2025-10-13,O376,R. Olivo,Renzo Olivo,419,111,https://www.atptour.com/en/rankings/singles?dateWeek=2025-10-13&rankRange=0-5000,2026-03-22T00:42:35Z
atp,2025-10-13,SL94,P. Sakamoto,Pedro Sakamoto,420,111,https://www.atptour.com/en/rankings/singles?dateWeek=2025-10-13&rankRange=0-5000,2026-03-22T00:42:35Z
atp,2025-10-13,S0TI,P. Sekulic,Philip Sekulic,421,108,https://www.atptour.com/en/rankings/singles?dateWeek=2025-10-13&rankRange=0-5000,2026-03-22T00:42:35Z
atp,2025-10-13,MN20,D. Masur,Daniel Masur,422,108,https://www.atptour.com/en/rankings/singles?dateWeek=2025-10-13&rankRange=0-5000,2026-03-22T00:42:35Z
atp,2025-10-13,M0EY,A. Marti Pujolras,Alex Marti Pujolras,423,108,https://www.atptour.com/en/rankings/singles?dateWeek=2025-10-13&rankRange=0-5000,2026-03-22T00:42:35Z
atp,2025-10-13,SM88,K. Sell,Karue Sell,424,107,https://www.atptour.com/en/rankings/singles?dateWeek=2025-10-13&rankRange=0-5000,2026-03-22T00:42:35Z
atp,2025-10-13,M0AC,R. Molleker,Rudolf Molleker,425,106,https://www.atptour.com/en/rankings/singles?dateWeek=2025-10-13&rankRange=0-5000,2026-03-22T00:42:35Z
atp,2025-10-13,FC49,G. Fonio,Giovanni Fonio,426,106,https://www.atptour.com/en/rankings/singles?dateWeek=2025-10-13&rankRange=0-5000,2026-03-22T00:42:35Z
atp,2025-10-13,O0AD,N. Oberleitner,Neil Oberleitner,427,106,https://www.atptour.com/en/rankings/singles?dateWeek=2025-10-13&rankRange=0-5000,2026-03-22T00:42:35Z
atp,2025-10-13,D0AR,M. Alves,Mateus Alves,428,105,https://www.atptour.com/en/rankings/singles?dateWeek=2025-10-13&rankRange=0-5000,2026-03-22T00:42:35Z
atp,2025-10-13,P0BM,T. Paroulek,Tadeas Paroulek,429,105,https://www.atptour.com/en/rankings/singles?dateWeek=2025-10-13&rankRange=0-5000,2026-03-22T00:42:35Z
atp,2025-10-13,LC12,L. Lokoli,Laurent Lokoli,430,104,https://www.atptour.com/en/rankings/singles?dateWeek=2025-10-13&rankRange=0-5000,2026-03-22T00:42:35Z
atp,2025-10-13,N663,M. Neuchrist,Maximilian Neuchrist,431,104,https://www.atptour.com/en/rankings/singles?dateWeek=2025-10-13&rankRange=0-5000,2026-03-22T00:42:35Z
atp,2025-10-13,MP13,M. Sasikumar,Mukund Sasikumar,432,104,https://www.atptour.com/en/rankings/singles?dateWeek=2025-10-13&rankRange=0-5000,2026-03-22T00:42:35Z
atp,2025-10-13,R0BC,L. Rodriguez,Lorenzo Joaquin Rodriguez,433,104,https://www.atptour.com/en/rankings/singles?dateWeek=2025-10-13&rankRange=0-5000,2026-03-22T00:42:35Z
atp,2025-10-13,W0BU,O. Wallin,Olle Wallin,434,104,https://www.atptour.com/en/rankings/singles?dateWeek=2025-10-13&rankRange=0-5000,2026-03-22T00:42:35Z
atp,2025-10-13,M0TO,M. Malige,Mae Malige,435,103,https://www.atptour.com/en/rankings/singles?dateWeek=2025-10-13&rankRange=0-5000,2026-03-22T00:42:35Z
atp,2025-10-13,SK94,C. Stebe,Cedrik Marcel Stebe,436,102,https://www.atptour.com/en/rankings/singles?dateWeek=2025-10-13&rankRange=0-5000,2026-03-22T00:42:35Z
atp,2025-10-13,RB60,O. Roca Batalla,Oriol Roca Batalla,437,102,https://www.atptour.com/en/rankings/singles?dateWeek=2025-10-13&rankRange=0-5000,2026-03-22T00:42:35Z
atp,2025-10-13,A09W,J. Aguilar,Juan Carlos Aguilar,438,102,https://www.atptour.com/en/rankings/singles?dateWeek=2025-10-13&rankRange=0-5000,2026-03-22T00:42:35Z
atp,2025-10-13,BI23,L. Broady,Liam Broady,439,102,https://www.atptour.com/en/rankings/singles?dateWeek=2025-10-13&rankRange=0-5000,2026-03-22T00:42:35Z
atp,2025-10-13,S0RI,K. Singh,Karan Singh,440,102,https://www.atptour.com/en/rankings/singles?dateWeek=2025-10-13&rankRange=0-5000,2026-03-22T00:42:35Z
atp,2025-10-13,TF58,Y. Takahashi,Yusuke Takahashi,441,101,https://www.atptour.com/en/rankings/singles?dateWeek=2025-10-13&rankRange=0-5000,2026-03-22T00:42:35Z
atp,2025-10-13,C0OW,L. Carboni,Lorenzo Carboni,442,101,https://www.atptour.com/en/rankings/singles?dateWeek=2025-10-13&rankRange=0-5000,2026-03-22T00:42:35Z
atp,2025-10-13,A0IK,L. Ambrogi,Luciano Emanuel Ambrogi,443,101,https://www.atptour.com/en/rankings/singles?dateWeek=2025-10-13&rankRange=0-5000,2026-03-22T00:42:35Z
atp,2025-10-13,T0EI,A. Thanos,Aristotelis Thanos,444,99,https://www.atptour.com/en/rankings/singles?dateWeek=2025-10-13&rankRange=0-5000,2026-03-22T00:42:35Z
atp,2025-10-13,S0C2,H. Shiraishi,Hikaru Shiraishi,445,99,https://www.atptour.com/en/rankings/singles?dateWeek=2025-10-13&rankRange=0-5000,2026-03-22T00:42:35Z
atp,2025-10-13,W0AH,H. Wendelken,Harry Wendelken,446,99,https://www.atptour.com/en/rankings/singles?dateWeek=2025-10-13&rankRange=0-5000,2026-03-22T00:42:35Z
atp,2025-10-13,B0JP,D. Blanch,Dali Blanch,447,99,https://www.atptour.com/en/rankings/singles?dateWeek=2025-10-13&rankRange=0-5000,2026-03-22T00:42:35Z
atp,2025-10-13,PG94,M. Polmans,Marc Polmans,448,98,https://www.atptour.com/en/rankings/singles?dateWeek=2025-10-13&rankRange=0-5000,2026-03-22T00:42:35Z
atp,2025-10-13,SQ80,A. Santillan,Akira Santillan,449,98,https://www.atptour.com/en/rankings/singles?dateWeek=2025-10-13&rankRange=0-5000,2026-03-22T00:42:35Z
atp,2025-10-13,KE64,S. Kozlov,Stefan Kozlov,450,97,https://www.atptour.com/en/rankings/singles?dateWeek=2025-10-13&rankRange=0-5000,2026-03-22T00:42:35Z
atp,2025-10-13,J476,D. Jorda Sanchis,David Jorda Sanchis,451,97,https://www.atptour.com/en/rankings/singles?dateWeek=2025-10-13&rankRange=0-5000,2026-03-22T00:42:35Z
atp,2025-10-13,H0CD,A. Hernandez,Alex Hernandez,452,97,https://www.atptour.com/en/rankings/singles?dateWeek=2025-10-13&rankRange=0-5000,2026-03-22T00:42:35Z
atp,2025-10-13,F0BT,J. Forejtek,Jonas Forejtek,453,96,https://www.atptour.com/en/rankings/singles?dateWeek=2025-10-13&rankRange=0-5000,2026-03-22T00:42:35Z
atp,2025-10-13,W0C4,E. Winter,Edward Winter,454,96,https://www.atptour.com/en/rankings/singles?dateWeek=2025-10-13&rankRange=0-5000,2026-03-22T00:42:35Z
atp,2025-10-13,P0HP,L. Pokorny,Lukas Pokorny,455,96,https://www.atptour.com/en/rankings/singles?dateWeek=2025-10-13&rankRange=0-5000,2026-03-22T00:42:35Z
atp,2025-10-13,D0HJ,B. Djuric,Branko Djuric,456,96,https://www.atptour.com/en/rankings/singles?dateWeek=2025-10-13&rankRange=0-5000,2026-03-22T00:42:35Z
atp,2025-10-13,M0BN,M. Moeller,Marvin Moeller,457,95,https://www.atptour.com/en/rankings/singles?dateWeek=2025-10-13&rankRange=0-5000,2026-03-22T00:42:35Z
atp,2025-10-13,K0DP,O. Krutykh,Oleksii Krutykh,458,95,https://www.atptour.com/en/rankings/singles?dateWeek=2025-10-13&rankRange=0-5000,2026-03-22T00:42:35Z
atp,2025-10-13,V0BD,N. Vylegzhanin,Nikolay Vylegzhanin,459,94,https://www.atptour.com/en/rankings/singles?dateWeek=2025-10-13&rankRange=0-5000,2026-03-22T00:42:35Z
atp,2025-10-13,I0A7,N. Ionel,Nicholas David Ionel,460,94,https://www.atptour.com/en/rankings/singles?dateWeek=2025-10-13&rankRange=0-5000,2026-03-22T00:42:35Z
atp,2025-10-13,M0C2,D. Martin,Dan Martin,461,93,https://www.atptour.com/en/rankings/singles?dateWeek=2025-10-13&rankRange=0-5000,2026-03-22T00:42:35Z
atp,2025-10-13,D0DC,E. Donnet,Etienne Donnet,462,93,https://www.atptour.com/en/rankings/singles?dateWeek=2025-10-13&rankRange=0-5000,2026-03-22T00:42:35Z
atp,2025-10-13,DB59,D. Novak,Dennis Novak,463,93,https://www.atptour.com/en/rankings/singles?dateWeek=2025-10-13&rankRange=0-5000,2026-03-22T00:42:35Z
atp,2025-10-13,PF65,F. Peliwo,Filip Peliwo,464,93,https://www.atptour.com/en/rankings/singles?dateWeek=2025-10-13&rankRange=0-5000,2026-03-22T00:42:35Z
atp,2025-10-13,A0I1,B. Artnak,Bor Artnak,465,92,https://www.atptour.com/en/rankings/singles?dateWeek=2025-10-13&rankRange=0-5000,2026-03-22T00:42:35Z
atp,2025-10-13,C0LK,C. Caniato,Carlo Alberto Caniato,466,92,https://www.atptour.com/en/rankings/singles?dateWeek=2025-10-13&rankRange=0-5000,2026-03-22T00:42:35Z
atp,2025-10-13,O659,V. Orlov,Vladyslav Orlov,467,92,https://www.atptour.com/en/rankings/singles?dateWeek=2025-10-13&rankRange=0-5000,2026-03-22T00:42:35Z
atp,2025-10-13,W0BB,M. Wiskandt,Max Wiskandt,468,91,https://www.atptour.com/en/rankings/singles?dateWeek=2025-10-13&rankRange=0-5000,2026-03-22T00:42:35Z
atp,2025-10-13,R0JW,M. Ribecai,Michele Ribecai,469,91,https://www.atptour.com/en/rankings/singles?dateWeek=2025-10-13&rankRange=0-5000,2026-03-22T00:42:35Z
atp,2025-10-13,N0B4,R. Nijboer,Ryan Nijboer,470,91,https://www.atptour.com/en/rankings/singles?dateWeek=2025-10-13&rankRange=0-5000,2026-03-22T00:42:35Z
atp,2025-10-13,K09F,P. Kotov,Pavel Kotov,471,90,https://www.atptour.com/en/rankings/singles?dateWeek=2025-10-13&rankRange=0-5000,2026-03-22T00:42:35Z
atp,2025-10-13,M0FA,A. Matusevich,Anton Matusevich,472,90,https://www.atptour.com/en/rankings/singles?dateWeek=2025-10-13&rankRange=0-5000,2026-03-22T00:42:35Z
atp,2025-10-13,BE67,M. Basic,Mirza Basic,473,90,https://www.atptour.com/en/rankings/singles?dateWeek=2025-10-13&rankRange=0-5000,2026-03-22T00:42:35Z
atp,2025-10-13,KI48,E. Kirkin,Ergi Kirkin,474,90,https://www.atptour.com/en/rankings/singles?dateWeek=2025-10-13&rankRange=0-5000,2026-03-22T00:42:35Z
atp,2025-10-13,M0G0,R. Matsuda,Ryuki Matsuda,475,90,https://www.atptour.com/en/rankings/singles?dateWeek=2025-10-13&rankRange=0-5000,2026-03-22T00:42:35Z
atp,2025-10-13,A0ES,P. Araujo,Pedro Araujo,476,90,https://www.atptour.com/en/rankings/singles?dateWeek=2025-10-13&rankRange=0-5000,2026-03-22T00:42:35Z
atp,2025-10-13,WB19,A. Weis,Alexander Weis,477,90,https://www.atptour.com/en/rankings/singles?dateWeek=2025-10-13&rankRange=0-5000,2026-03-22T00:42:35Z
atp,2025-10-13,KF17,S. Kwon,Soonwoo Kwon,478,89,https://www.atptour.com/en/rankings/singles?dateWeek=2025-10-13&rankRange=0-5000,2026-03-22T00:42:35Z
atp,2025-10-13,B0TP,H. Bernet,Henry Bernet,479,89,https://www.atptour.com/en/rankings/singles?dateWeek=2025-10-13&rankRange=0-5000,2026-03-22T00:42:35Z
atp,2025-10-13,H0JL,J. Friend,Jay Friend,480,89,https://www.atptour.com/en/rankings/singles?dateWeek=2025-10-13&rankRange=0-5000,2026-03-22T00:42:35Z
atp,2025-10-13,B0JE,M. Basing,Max Basing,481,89,https://www.atptour.com/en/rankings/singles?dateWeek=2025-10-13&rankRange=0-5000,2026-03-22T00:42:35Z
atp,2025-10-13,F0BP,P. Fellin,Pietro Fellin,482,89,https://www.atptour.com/en/rankings/singles?dateWeek=2025-10-13&rankRange=0-5000,2026-03-22T00:42:35Z
atp,2025-10-13,F0CK,A. Fenty,Andrew Fenty,483,89,https://www.atptour.com/en/rankings/singles?dateWeek=2025-10-13&rankRange=0-5000,2026-03-22T00:42:35Z
atp,2025-10-13,O482,G. Oliveira,Gonzalo Oliveira,484,88,https://www.atptour.com/en/rankings/singles?dateWeek=2025-10-13&rankRange=0-5000,2026-03-22T00:42:35Z
atp,2025-10-13,W0A4,A. Weber,Arthur Weber,485,88,https://www.atptour.com/en/rankings/singles?dateWeek=2025-10-13&rankRange=0-5000,2026-03-22T00:42:35Z
atp,2025-10-13,DG80,E. Dalla Valle,Enrico Dalla Valle,486,88,https://www.atptour.com/en/rankings/singles?dateWeek=2025-10-13&rankRange=0-5000,2026-03-22T00:42:35Z
atp,2025-10-13,H0B5,T. Huang,Tsung Hao Huang,487,88,https://www.atptour.com/en/rankings/singles?dateWeek=2025-10-13&rankRange=0-5000,2026-03-22T00:42:35Z
atp,2025-10-13,T0IZ,A. Tudorica,Alvin Nicholas Tudorica,488,88,https://www.atptour.com/en/rankings/singles?dateWeek=2025-10-13&rankRange=0-5000,2026-03-22T00:42:35Z
atp,2025-10-13,I0AX,K. Isomura,Kokoro Isomura,489,88,https://www.atptour.com/en/rankings/singles?dateWeek=2025-10-13&rankRange=0-5000,2026-03-22T00:42:35Z
atp,2025-10-13,F0A3,S. Fomin,Sergey Fomin,490,88,https://www.atptour.com/en/rankings/singles?dateWeek=2025-10-13&rankRange=0-5000,2026-03-22T00:42:35Z
atp,2025-10-13,M0B2,Y. Mochizuki,Yuki Mochizuki,491,87,https://www.atptour.com/en/rankings/singles?dateWeek=2025-10-13&rankRange=0-5000,2026-03-22T00:42:35Z
atp,2025-10-13,A0FM,E. Agafonov,Egor Agafonov,492,87,https://www.atptour.com/en/rankings/singles?dateWeek=2025-10-13&rankRange=0-5000,2026-03-22T00:42:35Z
atp,2025-10-13,P0E9,D. Palan,Dominik Palan,493,87,https://www.atptour.com/en/rankings/singles?dateWeek=2025-10-13&rankRange=0-5000,2026-03-22T00:42:35Z
atp,2025-10-13,M0I0,M. Mckennon,Maxwell Mckennon,494,87,https://www.atptour.com/en/rankings/singles?dateWeek=2025-10-13&rankRange=0-5000,2026-03-22T00:42:35Z
atp,2025-10-13,Z0C3,M. Zhukov,Maxim Zhukov,495,87,https://www.atptour.com/en/rankings/singles?dateWeek=2025-10-13&rankRange=0-5000,2026-03-22T00:42:35Z
atp,2025-10-13,C0BB,T. Compagnucci,Tommaso Compagnucci,496,87,https://www.atptour.com/en/rankings/singles?dateWeek=2025-10-13&rankRange=0-5000,2026-03-22T00:42:35Z
atp,2025-10-13,CO01,A. Chepelev,Andrey Chepelev,497,87,https://www.atptour.com/en/rankings/singles?dateWeek=2025-10-13&rankRange=0-5000,2026-03-22T00:42:35Z
atp,2025-10-13,B0C5,F. Broska,Florian Broska,498,86,https://www.atptour.com/en/rankings/singles?dateWeek=2025-10-13&rankRange=0-5000,2026-03-22T00:42:35Z
atp,2025-10-13,A829,R. Albot,Radu Albot,499,86,https://www.atptour.com/en/rankings/singles?dateWeek=2025-10-13&rankRange=0-5000,2026-03-22T00:42:35Z
atp,2025-10-13,C0NN,G. Cadenasso,Gianluca Cadenasso,500,86,https://www.atptour.com/en/rankings/singles?dateWeek=2025-10-13&rankRange=0-5000,2026-03-22T00:42:35Z
atp,2025-10-13,P0IT,O. Pieczkowski,Olaf Pieczkowski,501,86,https://www.atptour.com/en/rankings/singles?dateWeek=2025-10-13&rankRange=0-5000,2026-03-22T00:42:35Z
atp,2025-10-13,M0EG,T. McCormick,Tristan Mccormick,502,86,https://www.atptour.com/en/rankings/singles?dateWeek=2025-10-13&rankRange=0-5000,2026-03-22T00:42:35Z
atp,2025-10-13,C0JX,S. Cuenin,Sean Cuenin,503,85,https://www.atptour.com/en/rankings/singles?dateWeek=2025-10-13&rankRange=0-5000,2026-03-22T00:42:35Z
atp,2025-10-13,O0BE,O. Ovcharenko,Oleksandr Ovcharenko,504,85,https://www.atptour.com/en/rankings/singles?dateWeek=2025-10-13&rankRange=0-5000,2026-03-22T00:42:35Z
atp,2025-10-13,C0I4,T. Colson,Tibo Colson,505,84,https://www.atptour.com/en/rankings/singles?dateWeek=2025-10-13&rankRange=0-5000,2026-03-22T00:42:35Z
atp,2025-10-13,S0IN,W. Shin,Woobin Shin,506,84,https://www.atptour.com/en/rankings/singles?dateWeek=2025-10-13&rankRange=0-5000,2026-03-22T00:42:35Z
atp,2025-10-13,I426,M. Imamura,Masamichi Imamura,507,84,https://www.atptour.com/en/rankings/singles?dateWeek=2025-10-13&rankRange=0-5000,2026-03-22T00:42:35Z
atp,2025-10-13,P0JG,G. Pennaforti,Gabriele Pennaforti,508,84,https://www.atptour.com/en/rankings/singles?dateWeek=2025-10-13&rankRange=0-5000,2026-03-22T00:42:35Z
atp,2025-10-13,J620,M. Janvier,Maxime Janvier,509,84,https://www.atptour.com/en/rankings/singles?dateWeek=2025-10-13&rankRange=0-5000,2026-03-22T00:42:35Z
atp,2025-10-13,KE73,D. Koepfer,Dominik Koepfer,510,83,https://www.atptour.com/en/rankings/singles?dateWeek=2025-10-13&rankRange=0-5000,2026-03-22T00:42:35Z
atp,2025-10-13,L0GR,J. La Serna,Juan Manuel La Serna,511,83,https://www.atptour.com/en/rankings/singles?dateWeek=2025-10-13&rankRange=0-5000,2026-03-22T00:42:35Z
atp,2025-10-13,M0QK,L. Massard,Loann Massard,512,83,https://www.atptour.com/en/rankings/singles?dateWeek=2025-10-13&rankRange=0-5000,2026-03-22T00:42:35Z
atp,2025-10-13,V09T,P. Vives Marcos,Pedro Vives Marcos,513,82,https://www.atptour.com/en/rankings/singles?dateWeek=2025-10-13&rankRange=0-5000,2026-03-22T00:42:35Z
atp,2025-10-13,A0K3,N. Arseneault,Nicolas Arseneault,514,81,https://www.atptour.com/en/rankings/singles?dateWeek=2025-10-13&rankRange=0-5000,2026-03-22T00:42:35Z
atp,2025-10-13,S0TM,T. Samuel,Toby Samuel,515,81,https://www.atptour.com/en/rankings/singles?dateWeek=2025-10-13&rankRange=0-5000,2026-03-22T00:42:35Z
atp,2025-10-13,R0IL,I. Radulov,Iliyan Radulov,516,81,https://www.atptour.com/en/rankings/singles?dateWeek=2025-10-13&rankRange=0-5000,2026-03-22T00:42:35Z
atp,2025-10-13,V0D4,E. Vanshelboim,Eric Vanshelboim,517,81,https://www.atptour.com/en/rankings/singles?dateWeek=2025-10-13&rankRange=0-5000,2026-03-22T00:42:35Z
atp,2025-10-13,K0HC,M. Kasnikowski,Maks Kasnikowski,518,80,https://www.atptour.com/en/rankings/singles?dateWeek=2025-10-13&rankRange=0-5000,2026-03-22T00:42:35Z
atp,2025-10-13,T0AA,D. Tomescu,Dan Alexandru Tomescu,519,80,https://www.atptour.com/en/rankings/singles?dateWeek=2025-10-13&rankRange=0-5000,2026-03-22T00:42:35Z
atp,2025-10-13,M0CW,A. McHugh,Aidan Mchugh,520,79,https://www.atptour.com/en/rankings/singles?dateWeek=2025-10-13&rankRange=0-5000,2026-03-22T00:42:35Z
atp,2025-10-13,K0DE,T. Kumasaka,Takuya Kumasaka,521,79,https://www.atptour.com/en/rankings/singles?dateWeek=2025-10-13&rankRange=0-5000,2026-03-22T00:42:35Z
atp,2025-10-13,W857,T. Wu,Tung Lin Wu,522,79,https://www.atptour.com/en/rankings/singles?dateWeek=2025-10-13&rankRange=0-5000,2026-03-22T00:42:35Z
atp,2025-10-13,V993,E. Vasa,Eero Vasa,523,79,https://www.atptour.com/en/rankings/singles?dateWeek=2025-10-13&rankRange=0-5000,2026-03-22T00:42:35Z
atp,2025-10-13,RC04,A. Ritschard,Alexander Ritschard,524,78,https://www.atptour.com/en/rankings/singles?dateWeek=2025-10-13&rankRange=0-5000,2026-03-22T00:42:35Z
atp,2025-10-13,KC04,J. Kovalik,Jozef Kovalik,525,78,https://www.atptour.com/en/rankings/singles?dateWeek=2025-10-13&rankRange=0-5000,2026-03-22T00:42:35Z
atp,2025-10-13,LC11,T. Lamasine,Tristan Lamasine,526,78,https://www.atptour.com/en/rankings/singles?dateWeek=2025-10-13&rankRange=0-5000,2026-03-22T00:42:35Z
atp,2025-10-13,U176,V. Ursu,Vadym Ursu,527,78,https://www.atptour.com/en/rankings/singles?dateWeek=2025-10-13&rankRange=0-5000,2026-03-22T00:42:35Z
atp,2025-10-13,L0ID,J. Loge,Jack Loge,528,78,https://www.atptour.com/en/rankings/singles?dateWeek=2025-10-13&rankRange=0-5000,2026-03-22T00:42:35Z
atp,2025-10-13,N679,S. Napolitano,Stefano Napolitano,529,77,https://www.atptour.com/en/rankings/singles?dateWeek=2025-10-13&rankRange=0-5000,2026-03-22T00:42:35Z
atp,2025-10-13,X01C,I. Xilas,Ioannis Xilas,530,77,https://www.atptour.com/en/rankings/singles?dateWeek=2025-10-13&rankRange=0-5000,2026-03-22T00:42:35Z
atp,2025-10-13,K0DB,C. Kingsley,Cannon Kingsley,531,77,https://www.atptour.com/en/rankings/singles?dateWeek=2025-10-13&rankRange=0-5000,2026-03-22T00:42:35Z
atp,2025-10-13,B0A0,M. Beauge,Maxence Beauge,532,77,https://www.atptour.com/en/rankings/singles?dateWeek=2025-10-13&rankRange=0-5000,2026-03-22T00:42:35Z
atp,2025-10-13,N0CJ,P. Nesterov,Petr Nesterov,533,77,https://www.atptour.com/en/rankings/singles?dateWeek=2025-10-13&rankRange=0-5000,2026-03-22T00:42:35Z
atp,2025-10-13,M0EN,M. Mazza,Manuel Mazza,534,76,https://www.atptour.com/en/rankings/singles?dateWeek=2025-10-13&rankRange=0-5000,2026-03-22T00:42:35Z
atp,2025-10-13,P0G5,S. Popovic,Stefan Popovic,535,76,https://www.atptour.com/en/rankings/singles?dateWeek=2025-10-13&rankRange=0-5000,2026-03-22T00:42:35Z
atp,2025-10-13,F0DP,P. Fajta,Peter Fajta,536,75,https://www.atptour.com/en/rankings/singles?dateWeek=2025-10-13&rankRange=0-5000,2026-03-22T00:42:35Z
atp,2025-10-13,K0HN,B. Kuzuhara,Bruno Kuzuhara,537,75,https://www.atptour.com/en/rankings/singles?dateWeek=2025-10-13&rankRange=0-5000,2026-03-22T00:42:35Z
atp,2025-10-13,DC38,J. Delaney,Jake Delaney,538,75,https://www.atptour.com/en/rankings/singles?dateWeek=2025-10-13&rankRange=0-5000,2026-03-22T00:42:35Z
atp,2025-10-13,A0IY,L. Alvarez,Luis Carlos Alvarez,539,74,https://www.atptour.com/en/rankings/singles?dateWeek=2025-10-13&rankRange=0-5000,2026-03-22T00:42:35Z
atp,2025-10-13,P0MG,R. Perot,Raphael Perot,540,74,https://www.atptour.com/en/rankings/singles?dateWeek=2025-10-13&rankRange=0-5000,2026-03-22T00:42:35Z
atp,2025-10-13,A09Q,M. Alkaya,Mert Alkaya,541,74,https://www.atptour.com/en/rankings/singles?dateWeek=2025-10-13&rankRange=0-5000,2026-03-22T00:42:35Z
atp,2025-10-13,S0H9,J. Story,James Story,542,74,https://www.atptour.com/en/rankings/singles?dateWeek=2025-10-13&rankRange=0-5000,2026-03-22T00:42:35Z
atp,2025-10-13,MN13,M. Marterer,Maximilian Marterer,543,73,https://www.atptour.com/en/rankings/singles?dateWeek=2025-10-13&rankRange=0-5000,2026-03-22T00:42:35Z
atp,2025-10-13,M0GP,F. Moroni,Filippo Moroni,544,73,https://www.atptour.com/en/rankings/singles?dateWeek=2025-10-13&rankRange=0-5000,2026-03-22T00:42:35Z
atp,2025-10-13,P0CY,S. Palosi,Stefan Palosi,545,73,https://www.atptour.com/en/rankings/singles?dateWeek=2025-10-13&rankRange=0-5000,2026-03-22T00:42:35Z
atp,2025-10-13,E831,K. Edmund,Kyle Edmund,546,71,https://www.atptour.com/en/rankings/singles?dateWeek=2025-10-13&rankRange=0-5000,2026-03-22T00:42:35Z
atp,2025-10-13,SY00,C. Sigsgaard,Christian Sigsgaard,547,71,https://www.atptour.com/en/rankings/singles?dateWeek=2025-10-13&rankRange=0-5000,2026-03-22T00:42:35Z
atp,2025-10-13,I330,S. Imai,Shintaro Imai,548,71,https://www.atptour.com/en/rankings/singles?dateWeek=2025-10-13&rankRange=0-5000,2026-03-22T00:42:35Z
atp,2025-10-13,A0IA,E. Arutiunian,Erik Arutiunian,549,71,https://www.atptour.com/en/rankings/singles?dateWeek=2025-10-13&rankRange=0-5000,2026-03-22T00:42:35Z
atp,2025-10-13,Z0BL,F. Zakaria,Fares Zakaria,550,71,https://www.atptour.com/en/rankings/singles?dateWeek=2025-10-13&rankRange=0-5000,2026-03-22T00:42:35Z
atp,2025-10-13,B0I5,B. Bicknell,Blaise Bicknell,551,70,https://www.atptour.com/en/rankings/singles?dateWeek=2025-10-13&rankRange=0-5000,2026-03-22T00:42:35Z
atp,2025-10-13,M0GB,A. Martinez,Alex Martinez,552,70,https://www.atptour.com/en/rankings/singles?dateWeek=2025-10-13&rankRange=0-5000,2026-03-22T00:42:35Z
atp,2025-10-13,L0C1,C. Lopez Montagud,Carlos Lopez Montagud,553,70,https://www.atptour.com/en/rankings/singles?dateWeek=2025-10-13&rankRange=0-5000,2026-03-22T00:42:35Z
atp,2025-10-13,A0J5,S. Andreescu,Stefan Adrian Andreescu,554,70,https://www.atptour.com/en/rankings/singles?dateWeek=2025-10-13&rankRange=0-5000,2026-03-22T00:42:35Z
atp,2025-10-13,S0DE,D. Suresh,Dhakshineswar Suresh,555,69,https://www.atptour.com/en/rankings/singles?dateWeek=2025-10-13&rankRange=0-5000,2026-03-22T00:42:35Z
atp,2025-10-13,K0HZ,A. Kim,Aidan Kim,556,69,https://www.atptour.com/en/rankings/singles?dateWeek=2025-10-13&rankRange=0-5000,2026-03-22T00:42:35Z
atp,2025-10-13,K0EU,T. Kodat,Toby Kodat,557,69,https://www.atptour.com/en/rankings/singles?dateWeek=2025-10-13&rankRange=0-5000,2026-03-22T00:42:35Z
atp,2025-10-13,S0DQ,K. Smith,Keegan Smith,558,69,https://www.atptour.com/en/rankings/singles?dateWeek=2025-10-13&rankRange=0-5000,2026-03-22T00:42:35Z
atp,2025-10-13,G0A0,A. Guerrieri,Andrea Guerrieri,559,68,https://www.atptour.com/en/rankings/singles?dateWeek=2025-10-13&rankRange=0-5000,2026-03-22T00:42:35Z
atp,2025-10-13,R0DC,A. Rai,Ajeet Rai,560,68,https://www.atptour.com/en/rankings/singles?dateWeek=2025-10-13&rankRange=0-5000,2026-03-22T00:42:35Z
atp,2025-10-13,VA23,K. Van Wyk,Kris Van Wyk,561,68,https://www.atptour.com/en/rankings/singles?dateWeek=2025-10-13&rankRange=0-5000,2026-03-22T00:42:35Z
atp,2025-10-13,KI71,K. Kivattsev,Kirill Kivattsev,562,68,https://www.atptour.com/en/rankings/singles?dateWeek=2025-10-13&rankRange=0-5000,2026-03-22T00:42:35Z
atp,2025-10-13,A0DV,A. Azkara,Arda Azkara,563,67,https://www.atptour.com/en/rankings/singles?dateWeek=2025-10-13&rankRange=0-5000,2026-03-22T00:42:35Z
atp,2025-10-13,S0T1,J. Schiessl,Joao Eduardo Schiessl,564,66,https://www.atptour.com/en/rankings/singles?dateWeek=2025-10-13&rankRange=0-5000,2026-03-22T00:42:35Z
atp,2025-10-13,S0IV,P. Saraiva Dos Santos,Paulo Andre Saraiva Dos Santos,565,66,https://www.atptour.com/en/rankings/singles?dateWeek=2025-10-13&rankRange=0-5000,2026-03-22T00:42:35Z
atp,2025-10-13,E0BO,N. Ehrenschneider,Nino Ehrenschneider,566,66,https://www.atptour.com/en/rankings/singles?dateWeek=2025-10-13&rankRange=0-5000,2026-03-22T00:42:35Z
atp,2025-10-13,G0EQ,S. Gima,Sebastian Gima,567,66,https://www.atptour.com/en/rankings/singles?dateWeek=2025-10-13&rankRange=0-5000,2026-03-22T00:42:35Z
atp,2025-10-13,R0F1,J. Rodriguez,Johan Alexander Rodriguez,568,65,https://www.atptour.com/en/rankings/singles?dateWeek=2025-10-13&rankRange=0-5000,2026-03-22T00:42:35Z
atp,2025-10-13,H0A4,N. Hardt,Nick Hardt,569,65,https://www.atptour.com/en/rankings/singles?dateWeek=2025-10-13&rankRange=0-5000,2026-03-22T00:42:35Z
atp,2025-10-13,GF23,L. Gerch,Lucas Gerch,570,65,https://www.atptour.com/en/rankings/singles?dateWeek=2025-10-13&rankRange=0-5000,2026-03-22T00:42:35Z
atp,2025-10-13,G0MI,A. Ganesan,Adhithya Ganesan,571,65,https://www.atptour.com/en/rankings/singles?dateWeek=2025-10-13&rankRange=0-5000,2026-03-22T00:42:35Z
atp,2025-10-13,F0HO,T. Faurel,Thomas Faurel,572,65,https://www.atptour.com/en/rankings/singles?dateWeek=2025-10-13&rankRange=0-5000,2026-03-22T00:42:35Z
atp,2025-10-13,I306,C. Ilkel,Cem Ilkel,573,64,https://www.atptour.com/en/rankings/singles?dateWeek=2025-10-13&rankRange=0-5000,2026-03-22T00:42:35Z
atp,2025-10-13,CD00,M. Chazal,Maxime Chazal,574,64,https://www.atptour.com/en/rankings/singles?dateWeek=2025-10-13&rankRange=0-5000,2026-03-22T00:42:35Z
atp,2025-10-13,F0CJ,G. Ferrari,Gianmarco Ferrari,575,64,https://www.atptour.com/en/rankings/singles?dateWeek=2025-10-13&rankRange=0-5000,2026-03-22T00:42:35Z
atp,2025-10-13,J737,F. Juarez,Facundo Juarez,576,64,https://www.atptour.com/en/rankings/singles?dateWeek=2025-10-13&rankRange=0-5000,2026-03-22T00:42:35Z
atp,2025-10-13,S0E6,S. Slump,Stijn Slump,577,64,https://www.atptour.com/en/rankings/singles?dateWeek=2025-10-13&rankRange=0-5000,2026-03-22T00:42:35Z
atp,2025-10-13,C0MH,G. Campana Lee,Gerard Campana Lee,578,64,https://www.atptour.com/en/rankings/singles?dateWeek=2025-10-13&rankRange=0-5000,2026-03-22T00:42:35Z
atp,2025-10-13,Z09K,E. Zhu,Evan Zhu,579,64,https://www.atptour.com/en/rankings/singles?dateWeek=2025-10-13&rankRange=0-5000,2026-03-22T00:42:35Z
atp,2025-10-13,CG94,E. Couacaud,Enzo Couacaud,580,63,https://www.atptour.com/en/rankings/singles?dateWeek=2025-10-13&rankRange=0-5000,2026-03-22T00:42:35Z
atp,2025-10-13,B0F8,J. Boulais,Justin Boulais,581,63,https://www.atptour.com/en/rankings/singles?dateWeek=2025-10-13&rankRange=0-5000,2026-03-22T00:42:35Z
atp,2025-10-13,B0P4,T. Berkieta,Tomasz Berkieta,582,63,https://www.atptour.com/en/rankings/singles?dateWeek=2025-10-13&rankRange=0-5000,2026-03-22T00:42:35Z
atp,2025-10-13,O639,G. Oradini,Giovanni Oradini,583,63,https://www.atptour.com/en/rankings/singles?dateWeek=2025-10-13&rankRange=0-5000,2026-03-22T00:42:35Z
atp,2025-10-13,DB32,Y. Dzhavakian,Yurii Dzhavakian,584,63,https://www.atptour.com/en/rankings/singles?dateWeek=2025-10-13&rankRange=0-5000,2026-03-22T00:42:35Z
atp,2025-10-13,M0RX,K. Miyoshi,Kenta Miyoshi,585,62,https://www.atptour.com/en/rankings/singles?dateWeek=2025-10-13&rankRange=0-5000,2026-03-22T00:42:35Z
atp,2025-10-13,HG90,C. Huertas del Pino,Conner Huertas Del Pino,586,62,https://www.atptour.com/en/rankings/singles?dateWeek=2025-10-13&rankRange=0-5000,2026-03-22T00:42:35Z
atp,2025-10-13,P0FV,F. Planinsek,Filip Jeff Planinsek,587,62,https://www.atptour.com/en/rankings/singles?dateWeek=2025-10-13&rankRange=0-5000,2026-03-22T00:42:35Z
atp,2025-10-13,N0D9,J. Nicod,Jakub Nicod,588,62,https://www.atptour.com/en/rankings/singles?dateWeek=2025-10-13&rankRange=0-5000,2026-03-22T00:42:35Z
atp,2025-10-13,TG30,R. Te,Rigele Te,589,62,https://www.atptour.com/en/rankings/singles?dateWeek=2025-10-13&rankRange=0-5000,2026-03-22T00:42:35Z
atp,2025-10-13,R0HK,F. Romano,Filippo Romano,590,62,https://www.atptour.com/en/rankings/singles?dateWeek=2025-10-13&rankRange=0-5000,2026-03-22T00:42:35Z
atp,2025-10-13,P0FJ,R. Papoe,Radu Mihai Papoe,591,61,https://www.atptour.com/en/rankings/singles?dateWeek=2025-10-13&rankRange=0-5000,2026-03-22T00:42:35Z
atp,2025-10-13,A0JA,M. Agwi,Michael Agwi,592,61,https://www.atptour.com/en/rankings/singles?dateWeek=2025-10-13&rankRange=0-5000,2026-03-22T00:42:35Z
atp,2025-10-13,V0BC,C. Vandermeersch,Cyril Vandermeersch,593,61,https://www.atptour.com/en/rankings/singles?dateWeek=2025-10-13&rankRange=0-5000,2026-03-22T00:42:35Z
atp,2025-10-13,O0AI,D. Obradovic,Dusan Obradovic,594,61,https://www.atptour.com/en/rankings/singles?dateWeek=2025-10-13&rankRange=0-5000,2026-03-22T00:42:35Z
atp,2025-10-13,G0CV,B. Gadamauri,Buvaysar Gadamauri,595,61,https://www.atptour.com/en/rankings/singles?dateWeek=2025-10-13&rankRange=0-5000,2026-03-22T00:42:35Z
atp,2025-10-13,KE36,D. Kellovsky,Dominik Kellovsky,596,61,https://www.atptour.com/en/rankings/singles?dateWeek=2025-10-13&rankRange=0-5000,2026-03-22T00:42:35Z
atp,2025-10-13,G0D9,I. Gimenez,Igor Gimenez,597,61,https://www.atptour.com/en/rankings/singles?dateWeek=2025-10-13&rankRange=0-5000,2026-03-22T00:42:35Z
atp,2025-10-13,KD87,E. Karlovskiy,Evgeny Karlovskiy,598,60,https://www.atptour.com/en/rankings/singles?dateWeek=2025-10-13&rankRange=0-5000,2026-03-22T00:42:35Z
atp,2025-10-13,T0I3,M. Tobon,Miguel Tobon,599,60,https://www.atptour.com/en/rankings/singles?dateWeek=2025-10-13&rankRange=0-5000,2026-03-22T00:42:35Z
atp,2025-10-13,E811,E. Ejupovic,Elmar Ejupovic,600,60,https://www.atptour.com/en/rankings/singles?dateWeek=2025-10-13&rankRange=0-5000,2026-03-22T00:42:35Z
atp,2025-10-13,S0QZ,S. Sorger,Sebastian Sorger,601,60,https://www.atptour.com/en/rankings/singles?dateWeek=2025-10-13&rankRange=0-5000,2026-03-22T00:42:35Z
atp,2025-10-13,D0JI,M. Dhamne,Manas Dhamne,602,60,https://www.atptour.com/en/rankings/singles?dateWeek=2025-10-13&rankRange=0-5000,2026-03-22T00:42:35Z
atp,2025-10-13,BU36,A. Barroso Campos,Alberto Barroso Campos,603,60,https://www.atptour.com/en/rankings/singles?dateWeek=2025-10-13&rankRange=0-5000,2026-03-22T00:42:35Z
atp,2025-10-13,M0TE,P. Marinkov,Pavle Marinkov,604,60,https://www.atptour.com/en/rankings/singles?dateWeek=2025-10-13&rankRange=0-5000,2026-03-22T00:42:35Z
atp,2025-10-13,O656,A. Oetzbach,Adrian Oetzbach,605,60,https://www.atptour.com/en/rankings/singles?dateWeek=2025-10-13&rankRange=0-5000,2026-03-22T00:42:35Z
atp,2025-10-13,G0EU,F. Gill,Felix Gill,606,59,https://www.atptour.com/en/rankings/singles?dateWeek=2025-10-13&rankRange=0-5000,2026-03-22T00:42:35Z
atp,2025-10-13,D0LY,E. Demanet,Emilien Demanet,607,59,https://www.atptour.com/en/rankings/singles?dateWeek=2025-10-13&rankRange=0-5000,2026-03-22T00:42:35Z
atp,2025-10-13,RH24,E. Ruusuvuori,Emil Ruusuvuori,608,58,https://www.atptour.com/en/rankings/singles?dateWeek=2025-10-13&rankRange=0-5000,2026-03-22T00:42:35Z
atp,2025-10-13,RD48,I. Marcondes,Igor Marcondes,609,58,https://www.atptour.com/en/rankings/singles?dateWeek=2025-10-13&rankRange=0-5000,2026-03-22T00:42:35Z
atp,2025-10-13,C0P0,S. Callejon Hernando,Sergio Callejon Hernando,610,58,https://www.atptour.com/en/rankings/singles?dateWeek=2025-10-13&rankRange=0-5000,2026-03-22T00:42:35Z
atp,2025-10-13,RH50,A. Reymond,Arthur Reymond,611,58,https://www.atptour.com/en/rankings/singles?dateWeek=2025-10-13&rankRange=0-5000,2026-03-22T00:42:35Z
atp,2025-10-13,LH70,K. Lee,Kuan Yi Lee,612,58,https://www.atptour.com/en/rankings/singles?dateWeek=2025-10-13&rankRange=0-5000,2026-03-22T00:42:35Z
atp,2025-10-13,I09N,F. Iannaccone,Federico Iannaccone,613,58,https://www.atptour.com/en/rankings/singles?dateWeek=2025-10-13&rankRange=0-5000,2026-03-22T00:42:35Z
atp,2025-10-13,K0EZ,Y. Kikuchi,Yuta Kikuchi,614,58,https://www.atptour.com/en/rankings/singles?dateWeek=2025-10-13&rankRange=0-5000,2026-03-22T00:42:35Z
atp,2025-10-13,G0G2,M. Gonzalez Fernandez,Mario Gonzalez Fernandez,615,58,https://www.atptour.com/en/rankings/singles?dateWeek=2025-10-13&rankRange=0-5000,2026-03-22T00:42:35Z
atp,2025-10-13,B0D6,T. Baadi,Taha Baadi,616,58,https://www.atptour.com/en/rankings/singles?dateWeek=2025-10-13&rankRange=0-5000,2026-03-22T00:42:35Z
atp,2025-10-13,Y268,M. Ymer,Mikael Ymer,617,57,https://www.atptour.com/en/rankings/singles?dateWeek=2025-10-13&rankRange=0-5000,2026-03-22T00:42:35Z
atp,2025-10-13,B0J8,M. Braswell,Micah Braswell,618,57,https://www.atptour.com/en/rankings/singles?dateWeek=2025-10-13&rankRange=0-5000,2026-03-22T00:42:35Z
atp,2025-10-13,A0G7,V. Aboian,Valerio Aboian,619,57,https://www.atptour.com/en/rankings/singles?dateWeek=2025-10-13&rankRange=0-5000,2026-03-22T00:42:35Z
atp,2025-10-13,N707,N. Nakagawa,Naoki Nakagawa,620,57,https://www.atptour.com/en/rankings/singles?dateWeek=2025-10-13&rankRange=0-5000,2026-03-22T00:42:35Z
atp,2025-10-13,M09M,I. Marrero Curbelo,Ivan Marrero Curbelo,621,57,https://www.atptour.com/en/rankings/singles?dateWeek=2025-10-13&rankRange=0-5000,2026-03-22T00:42:35Z
atp,2025-10-13,B0JG,L. Borg,Leo Borg,622,57,https://www.atptour.com/en/rankings/singles?dateWeek=2025-10-13&rankRange=0-5000,2026-03-22T00:42:35Z
atp,2025-10-13,BP74,A. Bakshi,Aleksandre Bakshi,623,57,https://www.atptour.com/en/rankings/singles?dateWeek=2025-10-13&rankRange=0-5000,2026-03-22T00:42:35Z
atp,2025-10-13,DH55,M. De Krom,Michiel De Krom,624,57,https://www.atptour.com/en/rankings/singles?dateWeek=2025-10-13&rankRange=0-5000,2026-03-22T00:42:35Z
atp,2025-10-13,D0HM,M. Donald,Matthew William Donald,625,57,https://www.atptour.com/en/rankings/singles?dateWeek=2025-10-13&rankRange=0-5000,2026-03-22T00:42:35Z
atp,2025-10-13,KG27,S. Kirchheimer,Strong Kirchheimer,626,57,https://www.atptour.com/en/rankings/singles?dateWeek=2025-10-13&rankRange=0-5000,2026-03-22T00:42:35Z
atp,2025-10-13,PI96,S. Perez Contri,Sergi Perez Contri,627,57,https://www.atptour.com/en/rankings/singles?dateWeek=2025-10-13&rankRange=0-5000,2026-03-22T00:42:35Z
atp,2025-10-13,GH33,M. Guinard,Manuel Guinard,628,56,https://www.atptour.com/en/rankings/singles?dateWeek=2025-10-13&rankRange=0-5000,2026-03-22T00:42:35Z
atp,2025-10-13,Z0D1,T. Zhang,Tianhui Zhang,629,56,https://www.atptour.com/en/rankings/singles?dateWeek=2025-10-13&rankRange=0-5000,2026-03-22T00:42:35Z
atp,2025-10-13,C0HV,L. Castagnola,Luca Castagnola,630,56,https://www.atptour.com/en/rankings/singles?dateWeek=2025-10-13&rankRange=0-5000,2026-03-22T00:42:35Z
atp,2025-10-13,E0DI,J. Estevez,Juan Estevez,631,56,https://www.atptour.com/en/rankings/singles?dateWeek=2025-10-13&rankRange=0-5000,2026-03-22T00:42:35Z
atp,2025-10-13,D750,K. De Schepper,Kenny De Schepper,632,56,https://www.atptour.com/en/rankings/singles?dateWeek=2025-10-13&rankRange=0-5000,2026-03-22T00:42:35Z
atp,2025-10-13,BU53,C. Bittoun Kouzmine,Constantin Bittoun Kouzmine,633,56,https://www.atptour.com/en/rankings/singles?dateWeek=2025-10-13&rankRange=0-5000,2026-03-22T00:42:35Z
atp,2025-10-13,W09B,D. Wenger,Damien Wenger,634,55,https://www.atptour.com/en/rankings/singles?dateWeek=2025-10-13&rankRange=0-5000,2026-03-22T00:42:35Z
atp,2025-10-13,S0NN,J. Sheehy,Joshua Sheehy,635,55,https://www.atptour.com/en/rankings/singles?dateWeek=2025-10-13&rankRange=0-5000,2026-03-22T00:42:35Z
atp,2025-10-13,TD47,E. Tiurnev,Evgenii Tiurnev,636,55,https://www.atptour.com/en/rankings/singles?dateWeek=2025-10-13&rankRange=0-5000,2026-03-22T00:42:35Z
atp,2025-10-13,M0L2,A. Manzanera Pertusa,Alejandro Manzanera Pertusa,637,55,https://www.atptour.com/en/rankings/singles?dateWeek=2025-10-13&rankRange=0-5000,2026-03-22T00:42:35Z
atp,2025-10-13,B0BK,A. Braynin,Aleksandr Braynin,638,55,https://www.atptour.com/en/rankings/singles?dateWeek=2025-10-13&rankRange=0-5000,2026-03-22T00:42:35Z
atp,2025-10-13,P0EV,A. Paulson,Andrew Paulson,639,54,https://www.atptour.com/en/rankings/singles?dateWeek=2025-10-13&rankRange=0-5000,2026-03-22T00:42:35Z
atp,2025-10-13,VA70,M. Valkusz,Mate Valkusz,640,54,https://www.atptour.com/en/rankings/singles?dateWeek=2025-10-13&rankRange=0-5000,2026-03-22T00:42:35Z
atp,2025-10-13,KG49,D. Klok,Denis Klok,641,54,https://www.atptour.com/en/rankings/singles?dateWeek=2025-10-13&rankRange=0-5000,2026-03-22T00:42:35Z
atp,2025-10-13,A0G8,A. Elsayed,Amr Elsayed,642,54,https://www.atptour.com/en/rankings/singles?dateWeek=2025-10-13&rankRange=0-5000,2026-03-22T00:42:35Z
atp,2025-10-13,O09A,A. Ouakaa,Aziz Ouakaa,643,54,https://www.atptour.com/en/rankings/singles?dateWeek=2025-10-13&rankRange=0-5000,2026-03-22T00:42:35Z
atp,2025-10-13,V0J1,J. Vasami,Jacopo Vasami,644,53,https://www.atptour.com/en/rankings/singles?dateWeek=2025-10-13&rankRange=0-5000,2026-03-22T00:42:35Z
atp,2025-10-13,M0UR,O. Milic,Ognjen Milic,645,53,https://www.atptour.com/en/rankings/singles?dateWeek=2025-10-13&rankRange=0-5000,2026-03-22T00:42:35Z
atp,2025-10-13,E0AU,J. Echeverria,John Echeverria,646,53,https://www.atptour.com/en/rankings/singles?dateWeek=2025-10-13&rankRange=0-5000,2026-03-22T00:42:35Z
atp,2025-10-13,G0FF,A. Garcian,Axel Garcian,647,53,https://www.atptour.com/en/rankings/singles?dateWeek=2025-10-13&rankRange=0-5000,2026-03-22T00:42:35Z
atp,2025-10-13,K0HL,K. Kang,Kyle Kang,648,52,https://www.atptour.com/en/rankings/singles?dateWeek=2025-10-13&rankRange=0-5000,2026-03-22T00:42:35Z
atp,2025-10-13,C0JT,R. Catry,Robin Catry,649,52,https://www.atptour.com/en/rankings/singles?dateWeek=2025-10-13&rankRange=0-5000,2026-03-22T00:42:35Z
atp,2025-10-13,H0EI,M. Hurrion,Millen Hurrion,650,52,https://www.atptour.com/en/rankings/singles?dateWeek=2025-10-13&rankRange=0-5000,2026-03-22T00:42:35Z
atp,2025-10-13,N830,J. Nikles,Johan Nikles,651,52,https://www.atptour.com/en/rankings/singles?dateWeek=2025-10-13&rankRange=0-5000,2026-03-22T00:42:35Z
atp,2025-10-13,R0KD,M. Rottgering,Mees Rottgering,652,52,https://www.atptour.com/en/rankings/singles?dateWeek=2025-10-13&rankRange=0-5000,2026-03-22T00:42:35Z
atp,2025-10-13,K0L1,M. Krajci,Michal Krajci,653,52,https://www.atptour.com/en/rankings/singles?dateWeek=2025-10-13&rankRange=0-5000,2026-03-22T00:42:35Z
atp,2025-10-13,V0D0,N. Visker,Niels Visker,654,52,https://www.atptour.com/en/rankings/singles?dateWeek=2025-10-13&rankRange=0-5000,2026-03-22T00:42:35Z
atp,2025-10-13,B0VX,P. Basile,Pierluigi Basile,655,51,https://www.atptour.com/en/rankings/singles?dateWeek=2025-10-13&rankRange=0-5000,2026-03-22T00:42:35Z
atp,2025-10-13,GJ05,A. Gautier,Alexis Gautier,656,51,https://www.atptour.com/en/rankings/singles?dateWeek=2025-10-13&rankRange=0-5000,2026-03-22T00:42:35Z
atp,2025-10-13,S0XE,A. Sanchez Quilez,Alejo Sanchez Quilez,657,51,https://www.atptour.com/en/rankings/singles?dateWeek=2025-10-13&rankRange=0-5000,2026-03-22T00:42:35Z
atp,2025-10-13,A09P,A. Ayeni,Alafia Ayeni,658,51,https://www.atptour.com/en/rankings/singles?dateWeek=2025-10-13&rankRange=0-5000,2026-03-22T00:42:35Z
atp,2025-10-13,L0DB,G. La Vela,Giuseppe La Vela,659,51,https://www.atptour.com/en/rankings/singles?dateWeek=2025-10-13&rankRange=0-5000,2026-03-22T00:42:35Z
atp,2025-10-13,P0C1,K. Poling,Karl Poling,660,51,https://www.atptour.com/en/rankings/singles?dateWeek=2025-10-13&rankRange=0-5000,2026-03-22T00:42:35Z
atp,2025-10-13,KE17,N. Kyrgios,Nick Kyrgios,661,50,https://www.atptour.com/en/rankings/singles?dateWeek=2025-10-13&rankRange=0-5000,2026-03-22T00:42:35Z
atp,2025-10-13,T0JZ,R. Turcanu,Radu David Turcanu,662,50,https://www.atptour.com/en/rankings/singles?dateWeek=2025-10-13&rankRange=0-5000,2026-03-22T00:42:35Z
atp,2025-10-13,D0DK,S. De La Fuente,Santiago De La Fuente,663,50,https://www.atptour.com/en/rankings/singles?dateWeek=2025-10-13&rankRange=0-5000,2026-03-22T00:42:35Z
atp,2025-10-13,S0VO,P. Sornlaksup,Pawit Sornlaksup,664,50,https://www.atptour.com/en/rankings/singles?dateWeek=2025-10-13&rankRange=0-5000,2026-03-22T00:42:35Z
atp,2025-10-13,M0SC,H. Matsuoka,Hayato Matsuoka,665,50,https://www.atptour.com/en/rankings/singles?dateWeek=2025-10-13&rankRange=0-5000,2026-03-22T00:42:35Z
atp,2025-10-13,W0DD,C. Williams,Cooper Williams,666,49,https://www.atptour.com/en/rankings/singles?dateWeek=2025-10-13&rankRange=0-5000,2026-03-22T00:42:35Z
atp,2025-10-13,R09V,E. Ribeiro,Eduardo Ribeiro,667,49,https://www.atptour.com/en/rankings/singles?dateWeek=2025-10-13&rankRange=0-5000,2026-03-22T00:42:35Z
atp,2025-10-13,B0IY,A. Beckley,Alec Beckley,668,49,https://www.atptour.com/en/rankings/singles?dateWeek=2025-10-13&rankRange=0-5000,2026-03-22T00:42:35Z
atp,2025-10-13,RB86,S. Rawat,Sidharth Rawat,669,49,https://www.atptour.com/en/rankings/singles?dateWeek=2025-10-13&rankRange=0-5000,2026-03-22T00:42:35Z
atp,2025-10-13,D0HD,G. Debru,Gabriel Debru,670,48,https://www.atptour.com/en/rankings/singles?dateWeek=2025-10-13&rankRange=0-5000,2026-03-22T00:42:35Z
atp,2025-10-13,CG04,P. Cachin,Pedro Cachin,671,48,https://www.atptour.com/en/rankings/singles?dateWeek=2025-10-13&rankRange=0-5000,2026-03-22T00:42:35Z
atp,2025-10-13,M0SB,K. Matsuda,Koki Matsuda,672,48,https://www.atptour.com/en/rankings/singles?dateWeek=2025-10-13&rankRange=0-5000,2026-03-22T00:42:35Z
atp,2025-10-13,D0IO,T. Duran,Tuncay Duran,673,48,https://www.atptour.com/en/rankings/singles?dateWeek=2025-10-13&rankRange=0-5000,2026-03-22T00:42:35Z
atp,2025-10-13,CN15,F. Corwin,Felix Corwin,674,48,https://www.atptour.com/en/rankings/singles?dateWeek=2025-10-13&rankRange=0-5000,2026-03-22T00:42:35Z
atp,2025-10-13,BP79,P. Bertran,Peter Bertran,675,48,https://www.atptour.com/en/rankings/singles?dateWeek=2025-10-13&rankRange=0-5000,2026-03-22T00:42:35Z
atp,2025-10-13,P0HY,S. Pieri,Samuele Pieri,676,48,https://www.atptour.com/en/rankings/singles?dateWeek=2025-10-13&rankRange=0-5000,2026-03-22T00:42:35Z
atp,2025-10-13,C0KH,J. Cesar Porras,Julio Cesar Porras,677,47,https://www.atptour.com/en/rankings/singles?dateWeek=2025-10-13&rankRange=0-5000,2026-03-22T00:42:35Z
atp,2025-10-13,P0KA,S. Pankin,Semen Pankin,678,47,https://www.atptour.com/en/rankings/singles?dateWeek=2025-10-13&rankRange=0-5000,2026-03-22T00:42:35Z
atp,2025-10-13,V0DG,Q. Vandecasteele,Quinn Vandecasteele,679,47,https://www.atptour.com/en/rankings/singles?dateWeek=2025-10-13&rankRange=0-5000,2026-03-22T00:42:35Z
atp,2025-10-13,J0CL,D. Javia,Dev Javia,680,47,https://www.atptour.com/en/rankings/singles?dateWeek=2025-10-13&rankRange=0-5000,2026-03-22T00:42:35Z
atp,2025-10-13,WB25,L. Wessels,Louis Wessels,681,47,https://www.atptour.com/en/rankings/singles?dateWeek=2025-10-13&rankRange=0-5000,2026-03-22T00:42:35Z
atp,2025-10-13,F0A4,F. Forti,Francesco Forti,682,46,https://www.atptour.com/en/rankings/singles?dateWeek=2025-10-13&rankRange=0-5000,2026-03-22T00:42:35Z
atp,2025-10-13,B0IF,B. Baker,Blu Baker,683,46,https://www.atptour.com/en/rankings/singles?dateWeek=2025-10-13&rankRange=0-5000,2026-03-22T00:42:35Z
atp,2025-10-13,D0IP,G. De Almeida,Gustavo Ribeiro De Almeida,684,46,https://www.atptour.com/en/rankings/singles?dateWeek=2025-10-13&rankRange=0-5000,2026-03-22T00:42:35Z
atp,2025-10-13,PD31,B. Paire,Benoit Paire,685,46,https://www.atptour.com/en/rankings/singles?dateWeek=2025-10-13&rankRange=0-5000,2026-03-22T00:42:35Z
atp,2025-10-13,S0W4,L. Sciahbasi,Lorenzo Sciahbasi,686,46,https://www.atptour.com/en/rankings/singles?dateWeek=2025-10-13&rankRange=0-5000,2026-03-22T00:42:35Z
atp,2025-10-13,W0ED,J. Watt,James Watt,687,46,https://www.atptour.com/en/rankings/singles?dateWeek=2025-10-13&rankRange=0-5000,2026-03-22T00:42:35Z
atp,2025-10-13,X01A,L. Xiao,Linang Xiao,688,46,https://www.atptour.com/en/rankings/singles?dateWeek=2025-10-13&rankRange=0-5000,2026-03-22T00:42:35Z
atp,2025-10-13,D0K3,G. Dalmasso,Guillaume Dalmasso,689,46,https://www.atptour.com/en/rankings/singles?dateWeek=2025-10-13&rankRange=0-5000,2026-03-22T00:42:35Z
atp,2025-10-13,S0Y0,A. Santamarta Roig,Andres Santamarta Roig,690,45,https://www.atptour.com/en/rankings/singles?dateWeek=2025-10-13&rankRange=0-5000,2026-03-22T00:42:35Z
atp,2025-10-13,L0AT,I. Lopez Morillo,Imanol Lopez Morillo,691,45,https://www.atptour.com/en/rankings/singles?dateWeek=2025-10-13&rankRange=0-5000,2026-03-22T00:42:35Z
atp,2025-10-13,H0EK,E. Hudd,Emile Hudd,692,45,https://www.atptour.com/en/rankings/singles?dateWeek=2025-10-13&rankRange=0-5000,2026-03-22T00:42:35Z
atp,2025-10-13,KJ00,A. Knaff,Alex Knaff,693,45,https://www.atptour.com/en/rankings/singles?dateWeek=2025-10-13&rankRange=0-5000,2026-03-22T00:42:35Z
atp,2025-10-13,G0I3,M. Giunta,Massimo Giunta,694,45,https://www.atptour.com/en/rankings/singles?dateWeek=2025-10-13&rankRange=0-5000,2026-03-22T00:42:35Z
atp,2025-10-13,B0D8,J. Brumm,Jacob Brumm,695,45,https://www.atptour.com/en/rankings/singles?dateWeek=2025-10-13&rankRange=0-5000,2026-03-22T00:42:35Z
atp,2025-10-13,P0K5,T. Papamalamis,Theo Papamalamis,696,44,https://www.atptour.com/en/rankings/singles?dateWeek=2025-10-13&rankRange=0-5000,2026-03-22T00:42:35Z
atp,2025-10-13,M0R4,J. Martin Manzano,Juan Cruz Martin Manzano,697,44,https://www.atptour.com/en/rankings/singles?dateWeek=2025-10-13&rankRange=0-5000,2026-03-22T00:42:35Z
atp,2025-10-13,DA86,J. De Loore,Joris De Loore,698,43,https://www.atptour.com/en/rankings/singles?dateWeek=2025-10-13&rankRange=0-5000,2026-03-22T00:42:35Z
atp,2025-10-13,S0Y7,M. Summers,Matthew Summers,699,43,https://www.atptour.com/en/rankings/singles?dateWeek=2025-10-13&rankRange=0-5000,2026-03-22T00:42:35Z
atp,2025-10-13,B0HF,D. Barreto Sanchez,Diego Augusto Barreto Sanchez,700,43,https://www.atptour.com/en/rankings/singles?dateWeek=2025-10-13&rankRange=0-5000,2026-03-22T00:42:35Z
atp,2025-10-13,Y0BB,A. Yazdani,Ali Yazdani,701,42,https://www.atptour.com/en/rankings/singles?dateWeek=2025-10-13&rankRange=0-5000,2026-03-22T00:42:35Z
atp,2025-10-13,BM05,B. Bobrov,Bogdan Bobrov,702,42,https://www.atptour.com/en/rankings/singles?dateWeek=2025-10-13&rankRange=0-5000,2026-03-22T00:42:35Z
atp,2025-10-13,R0GN,A. Raynel,Amaury Raynel,703,42,https://www.atptour.com/en/rankings/singles?dateWeek=2025-10-13&rankRange=0-5000,2026-03-22T00:42:35Z
atp,2025-10-13,M0KA,Y. Milev,Yanaki Milev,704,42,https://www.atptour.com/en/rankings/singles?dateWeek=2025-10-13&rankRange=0-5000,2026-03-22T00:42:35Z
atp,2025-10-13,M0O6,P. Martinez Gomez,Pablo Martinez Gomez,705,41,https://www.atptour.com/en/rankings/singles?dateWeek=2025-10-13&rankRange=0-5000,2026-03-22T00:42:35Z
atp,2025-10-13,V0B2,M. Vrbensky,Michael Vrbensky,706,41,https://www.atptour.com/en/rankings/singles?dateWeek=2025-10-13&rankRange=0-5000,2026-03-22T00:42:35Z
atp,2025-10-13,F0HI,R. Fishback,Ryan Fishback,707,41,https://www.atptour.com/en/rankings/singles?dateWeek=2025-10-13&rankRange=0-5000,2026-03-22T00:42:35Z
atp,2025-10-13,W712,K. Wehnelt,Kai Wehnelt,708,41,https://www.atptour.com/en/rankings/singles?dateWeek=2025-10-13&rankRange=0-5000,2026-03-22T00:42:35Z
atp,2025-10-13,G0DD,W. Grant,William Grant,709,41,https://www.atptour.com/en/rankings/singles?dateWeek=2025-10-13&rankRange=0-5000,2026-03-22T00:42:35Z
atp,2025-10-13,L0I5,M. Leong,Mitsuki Wei Kang Leong,710,41,https://www.atptour.com/en/rankings/singles?dateWeek=2025-10-13&rankRange=0-5000,2026-03-22T00:42:35Z
atp,2025-10-13,S0LR,J. Sperle,John Sperle,711,41,https://www.atptour.com/en/rankings/singles?dateWeek=2025-10-13&rankRange=0-5000,2026-03-22T00:42:35Z
atp,2025-10-13,DH46,A. Donski,Alexander Donski,712,40,https://www.atptour.com/en/rankings/singles?dateWeek=2025-10-13&rankRange=0-5000,2026-03-22T00:42:35Z
atp,2025-10-13,H0B7,T. Hilderbrand,Trey Hilderbrand,713,40,https://www.atptour.com/en/rankings/singles?dateWeek=2025-10-13&rankRange=0-5000,2026-03-22T00:42:35Z
atp,2025-10-13,R0JH,P. Rodrigues,Pedro Rodrigues,714,40,https://www.atptour.com/en/rankings/singles?dateWeek=2025-10-13&rankRange=0-5000,2026-03-22T00:42:35Z
atp,2025-10-13,MM79,B. Mott,Blake Mott,715,40,https://www.atptour.com/en/rankings/singles?dateWeek=2025-10-13&rankRange=0-5000,2026-03-22T00:42:35Z
atp,2025-10-13,GC89,E. Gerasimov,Egor Gerasimov,716,40,https://www.atptour.com/en/rankings/singles?dateWeek=2025-10-13&rankRange=0-5000,2026-03-22T00:42:35Z
atp,2025-10-13,P0FY,A. Pecci,Alessandro Pecci,717,40,https://www.atptour.com/en/rankings/singles?dateWeek=2025-10-13&rankRange=0-5000,2026-03-22T00:42:35Z
atp,2025-10-13,O0BR,D. Ostapenkov,Daniil Ostapenkov,718,40,https://www.atptour.com/en/rankings/singles?dateWeek=2025-10-13&rankRange=0-5000,2026-03-22T00:42:35Z
atp,2025-10-13,SX77,I. Strode,Isaiah Strode,719,40,https://www.atptour.com/en/rankings/singles?dateWeek=2025-10-13&rankRange=0-5000,2026-03-22T00:42:35Z
atp,2025-10-13,G0I2,A. Gobat,Adrien Gobat,720,40,https://www.atptour.com/en/rankings/singles?dateWeek=2025-10-13&rankRange=0-5000,2026-03-22T00:42:35Z
atp,2025-10-13,LE01,D. Lee,Duckhee Lee,721,40,https://www.atptour.com/en/rankings/singles?dateWeek=2025-10-13&rankRange=0-5000,2026-03-22T00:42:35Z
atp,2025-10-13,D0D2,A. Deckers,Alec Deckers,722,39,https://www.atptour.com/en/rankings/singles?dateWeek=2025-10-13&rankRange=0-5000,2026-03-22T00:42:35Z
atp,2025-10-13,SK47,M. Safwat,Mohamed Safwat,723,39,https://www.atptour.com/en/rankings/singles?dateWeek=2025-10-13&rankRange=0-5000,2026-03-22T00:42:35Z
atp,2025-10-13,S0LT,D. Siniakov,Daniel Siniakov,724,39,https://www.atptour.com/en/rankings/singles?dateWeek=2025-10-13&rankRange=0-5000,2026-03-22T00:42:35Z
atp,2025-10-13,K0JH,J. Kumstat,Jan Kumstat,725,39,https://www.atptour.com/en/rankings/singles?dateWeek=2025-10-13&rankRange=0-5000,2026-03-22T00:42:35Z
atp,2025-10-13,BK19,M. Bourgue,Mathias Bourgue,726,39,https://www.atptour.com/en/rankings/singles?dateWeek=2025-10-13&rankRange=0-5000,2026-03-22T00:42:35Z
atp,2025-10-13,BU32,L. Bouquet,Lucas Bouquet,727,39,https://www.atptour.com/en/rankings/singles?dateWeek=2025-10-13&rankRange=0-5000,2026-03-22T00:42:35Z
atp,2025-10-13,SQ79,C. Sinclair,Colin Sinclair,728,39,https://www.atptour.com/en/rankings/singles?dateWeek=2025-10-13&rankRange=0-5000,2026-03-22T00:42:35Z
atp,2025-10-13,B0LV,M. Bassem Sobhy,Michael Bassem Sobhy,729,39,https://www.atptour.com/en/rankings/singles?dateWeek=2025-10-13&rankRange=0-5000,2026-03-22T00:42:35Z
atp,2025-10-13,B0PU,R. Bennani,Reda Bennani,730,38,https://www.atptour.com/en/rankings/singles?dateWeek=2025-10-13&rankRange=0-5000,2026-03-22T00:42:35Z
atp,2025-10-13,K966,M. Klizan,Martin Klizan,731,38,https://www.atptour.com/en/rankings/singles?dateWeek=2025-10-13&rankRange=0-5000,2026-03-22T00:42:35Z
atp,2025-10-13,Z0C9,M. Zielinski,Marcel Zielinski,732,38,https://www.atptour.com/en/rankings/singles?dateWeek=2025-10-13&rankRange=0-5000,2026-03-22T00:42:35Z
atp,2025-10-13,F965,S. Fukuda,Sora Fukuda,733,38,https://www.atptour.com/en/rankings/singles?dateWeek=2025-10-13&rankRange=0-5000,2026-03-22T00:42:35Z
atp,2025-10-13,MV75,I. Monzon,Ignacio Monzon,734,38,https://www.atptour.com/en/rankings/singles?dateWeek=2025-10-13&rankRange=0-5000,2026-03-22T00:42:35Z
atp,2025-10-13,S0UM,J. Simundza,Josip Simundza,735,38,https://www.atptour.com/en/rankings/singles?dateWeek=2025-10-13&rankRange=0-5000,2026-03-22T00:42:35Z
atp,2025-10-13,B0BZ,M. Bertimon,Maxence Bertimon,736,38,https://www.atptour.com/en/rankings/singles?dateWeek=2025-10-13&rankRange=0-5000,2026-03-22T00:42:35Z
atp,2025-10-13,M0RO,I. Miletich,Iannis Miletich,737,38,https://www.atptour.com/en/rankings/singles?dateWeek=2025-10-13&rankRange=0-5000,2026-03-22T00:42:35Z
atp,2025-10-13,ML57,G. Mager,Gianluca Mager,738,37,https://www.atptour.com/en/rankings/singles?dateWeek=2025-10-13&rankRange=0-5000,2026-03-22T00:42:35Z
atp,2025-10-13,P0AV,U. Park,Uisung Park,739,37,https://www.atptour.com/en/rankings/singles?dateWeek=2025-10-13&rankRange=0-5000,2026-03-22T00:42:35Z
atp,2025-10-13,MW69,M. Mbithi,Mwendwa Mbithi,740,37,https://www.atptour.com/en/rankings/singles?dateWeek=2025-10-13&rankRange=0-5000,2026-03-22T00:42:35Z
atp,2025-10-13,T0BD,N. Tepmahc,Nicolas Tepmahc,741,37,https://www.atptour.com/en/rankings/singles?dateWeek=2025-10-13&rankRange=0-5000,2026-03-22T00:42:35Z
atp,2025-10-13,R0F6,F. Rocha,Francisco Rocha,742,37,https://www.atptour.com/en/rankings/singles?dateWeek=2025-10-13&rankRange=0-5000,2026-03-22T00:42:35Z
atp,2025-10-13,T0CU,F. Tabacco,Fausto Tabacco,743,37,https://www.atptour.com/en/rankings/singles?dateWeek=2025-10-13&rankRange=0-5000,2026-03-22T00:42:35Z
atp,2025-10-13,C0AZ,A. Cornut-Chauvinc,Antoine Cornut Chauvinc,744,36,https://www.atptour.com/en/rankings/singles?dateWeek=2025-10-13&rankRange=0-5000,2026-03-22T00:42:35Z
atp,2025-10-13,P0MN,A. Pedrico Kravtsov,Albert Pedrico Kravtsov,745,36,https://www.atptour.com/en/rankings/singles?dateWeek=2025-10-13&rankRange=0-5000,2026-03-22T00:42:35Z
atp,2025-10-13,BT68,E. Benchetrit,Elliot Benchetrit,746,36,https://www.atptour.com/en/rankings/singles?dateWeek=2025-10-13&rankRange=0-5000,2026-03-22T00:42:35Z
atp,2025-10-13,D0DB,P. Delage,Pierre Delage,747,36,https://www.atptour.com/en/rankings/singles?dateWeek=2025-10-13&rankRange=0-5000,2026-03-22T00:42:35Z
atp,2025-10-13,V0DX,B. Vilicich,Bautista Vilicich,748,36,https://www.atptour.com/en/rankings/singles?dateWeek=2025-10-13&rankRange=0-5000,2026-03-22T00:42:35Z
atp,2025-10-13,K0AK,Y. Kawahashi,Yuta Kawahashi,749,36,https://www.atptour.com/en/rankings/singles?dateWeek=2025-10-13&rankRange=0-5000,2026-03-22T00:42:35Z
atp,2025-10-13,L0AF,E. Lumsden,Ewen Lumsden,750,36,https://www.atptour.com/en/rankings/singles?dateWeek=2025-10-13&rankRange=0-5000,2026-03-22T00:42:35Z
atp,2025-10-13,O09T,K. Ogura,Kosuke Ogura,751,36,https://www.atptour.com/en/rankings/singles?dateWeek=2025-10-13&rankRange=0-5000,2026-03-22T00:42:35Z
atp,2025-10-13,C0C1,N. Catini,Niccolo Catini,752,36,https://www.atptour.com/en/rankings/singles?dateWeek=2025-10-13&rankRange=0-5000,2026-03-22T00:42:35Z
atp,2025-10-13,A0L6,L. Andrade Da Silva,Lucas Andrade Da Silva,753,35,https://www.atptour.com/en/rankings/singles?dateWeek=2025-10-13&rankRange=0-5000,2026-03-22T00:42:35Z
atp,2025-10-13,W0AX,O. Weightman,Oscar Weightman,754,35,https://www.atptour.com/en/rankings/singles?dateWeek=2025-10-13&rankRange=0-5000,2026-03-22T00:42:35Z
atp,2025-10-13,M0NA,S. Mitsui,Shunsuke Mitsui,755,35,https://www.atptour.com/en/rankings/singles?dateWeek=2025-10-13&rankRange=0-5000,2026-03-22T00:42:35Z
atp,2025-10-13,P0K3,R. Pascual Ferra,Roger Pascual Ferra,756,35,https://www.atptour.com/en/rankings/singles?dateWeek=2025-10-13&rankRange=0-5000,2026-03-22T00:42:35Z
atp,2025-10-13,LF26,O. Luz,Orlando Luz,757,35,https://www.atptour.com/en/rankings/singles?dateWeek=2025-10-13&rankRange=0-5000,2026-03-22T00:42:35Z
atp,2025-10-13,M0HD,A. Magadan,Alan Magadan,758,35,https://www.atptour.com/en/rankings/singles?dateWeek=2025-10-13&rankRange=0-5000,2026-03-22T00:42:35Z
atp,2025-10-13,R0HQ,L. Raquillet,Leo Raquillet,759,35,https://www.atptour.com/en/rankings/singles?dateWeek=2025-10-13&rankRange=0-5000,2026-03-22T00:42:35Z
atp,2025-10-13,V0BS,M. Van Der Meerschen,Martin Van Der Meerschen,760,35,https://www.atptour.com/en/rankings/singles?dateWeek=2025-10-13&rankRange=0-5000,2026-03-22T00:42:35Z
atp,2025-10-13,H0EH,T. Handel,Tim Handel,761,35,https://www.atptour.com/en/rankings/singles?dateWeek=2025-10-13&rankRange=0-5000,2026-03-22T00:42:35Z
atp,2025-10-13,B0M3,P. Bailly,Pierre Yves Bailly,762,34,https://www.atptour.com/en/rankings/singles?dateWeek=2025-10-13&rankRange=0-5000,2026-03-22T00:42:35Z
atp,2025-10-13,N652,J. Nam,Jisung Nam,763,34,https://www.atptour.com/en/rankings/singles?dateWeek=2025-10-13&rankRange=0-5000,2026-03-22T00:42:35Z
atp,2025-10-13,I305,I. Ivashka,Ilya Ivashka,764,34,https://www.atptour.com/en/rankings/singles?dateWeek=2025-10-13&rankRange=0-5000,2026-03-22T00:42:35Z
atp,2025-10-13,B0PW,K. Bigun,Kaylan Bigun,765,34,https://www.atptour.com/en/rankings/singles?dateWeek=2025-10-13&rankRange=0-5000,2026-03-22T00:42:35Z
atp,2025-10-13,B0MP,A. Boros,Attila Boros,766,34,https://www.atptour.com/en/rankings/singles?dateWeek=2025-10-13&rankRange=0-5000,2026-03-22T00:42:35Z
atp,2025-10-13,L0LD,S. Linde Palacios,Samuel Alejandro Linde Palacios,767,34,https://www.atptour.com/en/rankings/singles?dateWeek=2025-10-13&rankRange=0-5000,2026-03-22T00:42:35Z
atp,2025-10-13,S0U5,T. Sach,Tai Sach,768,34,https://www.atptour.com/en/rankings/singles?dateWeek=2025-10-13&rankRange=0-5000,2026-03-22T00:42:35Z
atp,2025-10-13,M0BW,Y. Mo,Ye Cong Mo,769,34,https://www.atptour.com/en/rankings/singles?dateWeek=2025-10-13&rankRange=0-5000,2026-03-22T00:42:35Z
atp,2025-10-13,G0LG,Y. Ghazouani Durand,Yanis Ghazouani Durand,770,34,https://www.atptour.com/en/rankings/singles?dateWeek=2025-10-13&rankRange=0-5000,2026-03-22T00:42:35Z
atp,2025-10-13,A0JW,J. Aguilar Cardozo,Joaquin Aguilar Cardozo,771,34,https://www.atptour.com/en/rankings/singles?dateWeek=2025-10-13&rankRange=0-5000,2026-03-22T00:42:35Z
atp,2025-10-13,Y0A8,T. Yamanaka,Taiyo Yamanaka,772,34,https://www.atptour.com/en/rankings/singles?dateWeek=2025-10-13&rankRange=0-5000,2026-03-22T00:42:35Z
atp,2025-10-13,K0HU,A. Kukasian,Artur Kukasian,773,34,https://www.atptour.com/en/rankings/singles?dateWeek=2025-10-13&rankRange=0-5000,2026-03-22T00:42:35Z
atp,2025-10-13,S0S9,D. Sakellaridis,Dimitris Sakellaridis,774,34,https://www.atptour.com/en/rankings/singles?dateWeek=2025-10-13&rankRange=0-5000,2026-03-22T00:42:35Z
atp,2025-10-13,W09G,J. Wolf,J.j. Wolf,775,33,https://www.atptour.com/en/rankings/singles?dateWeek=2025-10-13&rankRange=0-5000,2026-03-22T00:42:35Z
atp,2025-10-13,D0FA,Y. Dlimi,Yassine Dlimi,776,33,https://www.atptour.com/en/rankings/singles?dateWeek=2025-10-13&rankRange=0-5000,2026-03-22T00:42:35Z
atp,2025-10-13,D09L,L. Dussin,Louis Dussin,777,33,https://www.atptour.com/en/rankings/singles?dateWeek=2025-10-13&rankRange=0-5000,2026-03-22T00:42:35Z
atp,2025-10-13,B0OT,J. Bradshaw,Jacob Bradshaw,778,33,https://www.atptour.com/en/rankings/singles?dateWeek=2025-10-13&rankRange=0-5000,2026-03-22T00:42:35Z
atp,2025-10-13,L0G3,A. Lobanov,Aleksandr Lobanov,779,33,https://www.atptour.com/en/rankings/singles?dateWeek=2025-10-13&rankRange=0-5000,2026-03-22T00:42:35Z
atp,2025-10-13,B0WL,F. Balshaw,Felix Balshaw,780,33,https://www.atptour.com/en/rankings/singles?dateWeek=2025-10-13&rankRange=0-5000,2026-03-22T00:42:35Z
atp,2025-10-13,F0GS,A. Forger,Abel Forger,781,33,https://www.atptour.com/en/rankings/singles?dateWeek=2025-10-13&rankRange=0-5000,2026-03-22T00:42:35Z
atp,2025-10-13,I0A6,T. Ichikawa,Taisei Ichikawa,782,33,https://www.atptour.com/en/rankings/singles?dateWeek=2025-10-13&rankRange=0-5000,2026-03-22T00:42:35Z
atp,2025-10-13,V0G6,L. Vithoontien,Leo Vithoontien,783,33,https://www.atptour.com/en/rankings/singles?dateWeek=2025-10-13&rankRange=0-5000,2026-03-22T00:42:35Z
atp,2025-10-13,S0JB,N. Schachter,Noah Schachter,784,33,https://www.atptour.com/en/rankings/singles?dateWeek=2025-10-13&rankRange=0-5000,2026-03-22T00:42:35Z
atp,2025-10-13,R0H6,L. Rossi,Leonardo Rossi,785,33,https://www.atptour.com/en/rankings/singles?dateWeek=2025-10-13&rankRange=0-5000,2026-03-22T00:42:35Z
atp,2025-10-13,H0EZ,S. Hamza Reguig,Samir Hamza Reguig,786,33,https://www.atptour.com/en/rankings/singles?dateWeek=2025-10-13&rankRange=0-5000,2026-03-22T00:42:35Z
atp,2025-10-13,CH05,A. Celikbilek,Altug Celikbilek,787,32,https://www.atptour.com/en/rankings/singles?dateWeek=2025-10-13&rankRange=0-5000,2026-03-22T00:42:35Z
atp,2025-10-13,K0HO,O. Kimhi,Orel Kimhi,788,32,https://www.atptour.com/en/rankings/singles?dateWeek=2025-10-13&rankRange=0-5000,2026-03-22T00:42:35Z
atp,2025-10-13,A0AB,A. Andreev,Adrian Andreev,789,32,https://www.atptour.com/en/rankings/singles?dateWeek=2025-10-13&rankRange=0-5000,2026-03-22T00:42:35Z
atp,2025-10-13,K0ES,Y. Kusuhara,Yusuke Kusuhara,790,32,https://www.atptour.com/en/rankings/singles?dateWeek=2025-10-13&rankRange=0-5000,2026-03-22T00:42:35Z
atp,2025-10-13,G0ME,G. Ghetu,Gabriel Ghetu,791,32,https://www.atptour.com/en/rankings/singles?dateWeek=2025-10-13&rankRange=0-5000,2026-03-22T00:42:35Z
atp,2025-10-13,PC09,J. Pereira,Jose Pereira,792,32,https://www.atptour.com/en/rankings/singles?dateWeek=2025-10-13&rankRange=0-5000,2026-03-22T00:42:35Z
atp,2025-10-13,SY94,T. Sahtali,Toufik Sahtali,793,32,https://www.atptour.com/en/rankings/singles?dateWeek=2025-10-13&rankRange=0-5000,2026-03-22T00:42:35Z
atp,2025-10-13,P0ME,L. Preda,Luca Preda,794,32,https://www.atptour.com/en/rankings/singles?dateWeek=2025-10-13&rankRange=0-5000,2026-03-22T00:42:35Z
atp,2025-10-13,H0J1,N. Honda,Naoya Honda,795,32,https://www.atptour.com/en/rankings/singles?dateWeek=2025-10-13&rankRange=0-5000,2026-03-22T00:42:35Z
atp,2025-10-13,P0O9,M. Petkovic,Mika Petkovic,796,32,https://www.atptour.com/en/rankings/singles?dateWeek=2025-10-13&rankRange=0-5000,2026-03-22T00:42:35Z
atp,2025-10-13,CO07,E. Clark,Ezekiel Clark,797,32,https://www.atptour.com/en/rankings/singles?dateWeek=2025-10-13&rankRange=0-5000,2026-03-22T00:42:35Z
atp,2025-10-13,MO76,G. Madarasz,Gergely Madarasz,798,31,https://www.atptour.com/en/rankings/singles?dateWeek=2025-10-13&rankRange=0-5000,2026-03-22T00:42:35Z
atp,2025-10-13,PG69,J. Paz,Juan Pablo Paz,799,31,https://www.atptour.com/en/rankings/singles?dateWeek=2025-10-13&rankRange=0-5000,2026-03-22T00:42:35Z
atp,2025-10-13,I0AP,K. Ivanovski,Kalin Ivanovski,800,31,https://www.atptour.com/en/rankings/singles?dateWeek=2025-10-13&rankRange=0-5000,2026-03-22T00:42:35Z
atp,2025-10-13,T0IA,R. Taguchi,Ryotaro Taguchi,801,31,https://www.atptour.com/en/rankings/singles?dateWeek=2025-10-13&rankRange=0-5000,2026-03-22T00:42:35Z
atp,2025-10-13,Z0DA,C. Zarate,Carlos Maria Zarate,802,31,https://www.atptour.com/en/rankings/singles?dateWeek=2025-10-13&rankRange=0-5000,2026-03-22T00:42:35Z
atp,2025-10-13,N0BU,D. Nunez,Daniel Antonio Nunez,803,31,https://www.atptour.com/en/rankings/singles?dateWeek=2025-10-13&rankRange=0-5000,2026-03-22T00:42:35Z
atp,2025-10-13,A0KH,R. Alujas,Rodrigo Alujas,804,31,https://www.atptour.com/en/rankings/singles?dateWeek=2025-10-13&rankRange=0-5000,2026-03-22T00:42:35Z
atp,2025-10-13,DH23,S. Dev,S D Prajwal Dev,805,31,https://www.atptour.com/en/rankings/singles?dateWeek=2025-10-13&rankRange=0-5000,2026-03-22T00:42:35Z
atp,2025-10-13,K0BJ,G. Kravchenko,Georgii Kravchenko,806,31,https://www.atptour.com/en/rankings/singles?dateWeek=2025-10-13&rankRange=0-5000,2026-03-22T00:42:35Z
atp,2025-10-13,S0GF,M. Steiner,Maik Steiner,807,31,https://www.atptour.com/en/rankings/singles?dateWeek=2025-10-13&rankRange=0-5000,2026-03-22T00:42:35Z
atp,2025-10-13,MW62,N. Mashtakov,Nikita Mashtakov,808,31,https://www.atptour.com/en/rankings/singles?dateWeek=2025-10-13&rankRange=0-5000,2026-03-22T00:42:35Z
atp,2025-10-13,M0NJ,L. Maxted,Lui Maxted,809,30,https://www.atptour.com/en/rankings/singles?dateWeek=2025-10-13&rankRange=0-5000,2026-03-22T00:42:35Z
atp,2025-10-13,J0BQ,K. Juhas,Kristijan Juhas,810,30,https://www.atptour.com/en/rankings/singles?dateWeek=2025-10-13&rankRange=0-5000,2026-03-22T00:42:35Z
atp,2025-10-13,L0G8,V. Lilov,Victor Lilov,811,30,https://www.atptour.com/en/rankings/singles?dateWeek=2025-10-13&rankRange=0-5000,2026-03-22T00:42:35Z
atp,2025-10-13,RH88,A. Rubio Fierros,Alan Fernando Rubio Fierros,812,30,https://www.atptour.com/en/rankings/singles?dateWeek=2025-10-13&rankRange=0-5000,2026-03-22T00:42:35Z
atp,2025-10-13,J0AI,M. Jones,Miles Jones,813,30,https://www.atptour.com/en/rankings/singles?dateWeek=2025-10-13&rankRange=0-5000,2026-03-22T00:42:35Z
atp,2025-10-13,R0B6,L. Rottoli,Lorenzo Rottoli,814,30,https://www.atptour.com/en/rankings/singles?dateWeek=2025-10-13&rankRange=0-5000,2026-03-22T00:42:35Z
atp,2025-10-13,CN44,T. Curras Abasolo,Tomas Curras Abasolo,815,30,https://www.atptour.com/en/rankings/singles?dateWeek=2025-10-13&rankRange=0-5000,2026-03-22T00:42:35Z
atp,2025-10-13,B0NV,P. Brady,Patrick Brady,816,29,https://www.atptour.com/en/rankings/singles?dateWeek=2025-10-13&rankRange=0-5000,2026-03-22T00:42:35Z
atp,2025-10-13,CF10,N. Chappell,Nick Chappell,817,29,https://www.atptour.com/en/rankings/singles?dateWeek=2025-10-13&rankRange=0-5000,2026-03-22T00:42:35Z
atp,2025-10-13,V0DI,S. Vincent Ruggeri,Samuel Vincent Ruggeri,818,29,https://www.atptour.com/en/rankings/singles?dateWeek=2025-10-13&rankRange=0-5000,2026-03-22T00:42:35Z
atp,2025-10-13,S0R5,I. Snitari,Ilya Snitari,819,29,https://www.atptour.com/en/rankings/singles?dateWeek=2025-10-13&rankRange=0-5000,2026-03-22T00:42:35Z
atp,2025-10-13,D0HS,D. Dinev,Dinko Dinev,820,29,https://www.atptour.com/en/rankings/singles?dateWeek=2025-10-13&rankRange=0-5000,2026-03-22T00:42:35Z
atp,2025-10-13,T0FK,G. Tabacco,Giorgio Tabacco,821,29,https://www.atptour.com/en/rankings/singles?dateWeek=2025-10-13&rankRange=0-5000,2026-03-22T00:42:35Z
atp,2025-10-13,C09Y,J. Charlton,Joshua Charlton,822,29,https://www.atptour.com/en/rankings/singles?dateWeek=2025-10-13&rankRange=0-5000,2026-03-22T00:42:35Z
atp,2025-10-13,V0BP,M. Vankan,Marlon Vankan,823,29,https://www.atptour.com/en/rankings/singles?dateWeek=2025-10-13&rankRange=0-5000,2026-03-22T00:42:35Z
atp,2025-10-13,SZ36,N. Schell,Niklas Schell,824,29,https://www.atptour.com/en/rankings/singles?dateWeek=2025-10-13&rankRange=0-5000,2026-03-22T00:42:35Z
atp,2025-10-13,TB70,W. Trongcharoenchaikul,Wishaya Trongcharoenchaikul,825,29,https://www.atptour.com/en/rankings/singles?dateWeek=2025-10-13&rankRange=0-5000,2026-03-22T00:42:35Z
atp,2025-10-13,Z0AB,A. Zakharov,Alexey Zakharov,826,28,https://www.atptour.com/en/rankings/singles?dateWeek=2025-10-13&rankRange=0-5000,2026-03-22T00:42:35Z
atp,2025-10-13,R0J1,H. Roh,Hoyoung Roh,827,28,https://www.atptour.com/en/rankings/singles?dateWeek=2025-10-13&rankRange=0-5000,2026-03-22T00:42:35Z
atp,2025-10-13,D916,S. Diez,Steven Diez,828,28,https://www.atptour.com/en/rankings/singles?dateWeek=2025-10-13&rankRange=0-5000,2026-03-22T00:42:35Z
atp,2025-10-13,T0CN,T. Torres,Tiago Torres,829,28,https://www.atptour.com/en/rankings/singles?dateWeek=2025-10-13&rankRange=0-5000,2026-03-22T00:42:35Z
atp,2025-10-13,V0E3,J. Von Der Schulenburg,Jeffrey Von Der Schulenburg,830,28,https://www.atptour.com/en/rankings/singles?dateWeek=2025-10-13&rankRange=0-5000,2026-03-22T00:42:35Z
atp,2025-10-13,F0HN,K. Filar,Karol Filar,831,28,https://www.atptour.com/en/rankings/singles?dateWeek=2025-10-13&rankRange=0-5000,2026-03-22T00:42:35Z
atp,2025-10-13,AD23,O. Anderson,Oliver Anderson,832,28,https://www.atptour.com/en/rankings/singles?dateWeek=2025-10-13&rankRange=0-5000,2026-03-22T00:42:35Z
atp,2025-10-13,D0IN,R. Dickerson,Ryan Dickerson,833,28,https://www.atptour.com/en/rankings/singles?dateWeek=2025-10-13&rankRange=0-5000,2026-03-22T00:42:35Z
atp,2025-10-13,H0BA,S. Hazawa,Shinji Hazawa,834,28,https://www.atptour.com/en/rankings/singles?dateWeek=2025-10-13&rankRange=0-5000,2026-03-22T00:42:35Z
atp,2025-10-13,TD49,M. Turker,Mert Naci Turker,835,28,https://www.atptour.com/en/rankings/singles?dateWeek=2025-10-13&rankRange=0-5000,2026-03-22T00:42:35Z
atp,2025-10-13,KG53,A. Klintcharov,Alexander Klintcharov,836,28,https://www.atptour.com/en/rankings/singles?dateWeek=2025-10-13&rankRange=0-5000,2026-03-22T00:42:35Z
atp,2025-10-13,C0MX,D. Cazacu,Dragos Nicolae Cazacu,837,28,https://www.atptour.com/en/rankings/singles?dateWeek=2025-10-13&rankRange=0-5000,2026-03-22T00:42:35Z
atp,2025-10-13,P0JL,L. Pow,Luca Pow,838,27,https://www.atptour.com/en/rankings/singles?dateWeek=2025-10-13&rankRange=0-5000,2026-03-22T00:42:35Z
atp,2025-10-13,S0DL,R. Seggerman,Ryan Seggerman,839,27,https://www.atptour.com/en/rankings/singles?dateWeek=2025-10-13&rankRange=0-5000,2026-03-22T00:42:35Z
atp,2025-10-13,B0VF,O. Bonding,Oliver Bonding,840,27,https://www.atptour.com/en/rankings/singles?dateWeek=2025-10-13&rankRange=0-5000,2026-03-22T00:42:35Z
atp,2025-10-13,S0VU,M. Schoenhaus,Max Schoenhaus,841,27,https://www.atptour.com/en/rankings/singles?dateWeek=2025-10-13&rankRange=0-5000,2026-03-22T00:42:35Z
atp,2025-10-13,S0KG,N. Slavic,Nikola Slavic,842,27,https://www.atptour.com/en/rankings/singles?dateWeek=2025-10-13&rankRange=0-5000,2026-03-22T00:42:35Z
atp,2025-10-13,F0GD,J. Filip,Jakub Filip,843,27,https://www.atptour.com/en/rankings/singles?dateWeek=2025-10-13&rankRange=0-5000,2026-03-22T00:42:35Z
atp,2025-10-13,M0D4,M. Fitriadi,M Rifki Fitriadi,844,27,https://www.atptour.com/en/rankings/singles?dateWeek=2025-10-13&rankRange=0-5000,2026-03-22T00:42:35Z
atp,2025-10-13,S0BG,D. Sumizawa,Daisuke Sumizawa,845,27,https://www.atptour.com/en/rankings/singles?dateWeek=2025-10-13&rankRange=0-5000,2026-03-22T00:42:35Z
atp,2025-10-13,HH15,M. Haliak,Mikalai Haliak,846,27,https://www.atptour.com/en/rankings/singles?dateWeek=2025-10-13&rankRange=0-5000,2026-03-22T00:42:35Z
atp,2025-10-13,F0AF,L. Falabella,Lautaro Agustin Falabella,847,27,https://www.atptour.com/en/rankings/singles?dateWeek=2025-10-13&rankRange=0-5000,2026-03-22T00:42:35Z
atp,2025-10-13,J732,B. Jones,Ben Jones,848,27,https://www.atptour.com/en/rankings/singles?dateWeek=2025-10-13&rankRange=0-5000,2026-03-22T00:42:35Z
atp,2025-10-13,M0NO,M. Maksimovic,Marko Maksimovic,849,27,https://www.atptour.com/en/rankings/singles?dateWeek=2025-10-13&rankRange=0-5000,2026-03-22T00:42:35Z
atp,2025-10-13,LA54,W. Leite,Wilson Leite,850,27,https://www.atptour.com/en/rankings/singles?dateWeek=2025-10-13&rankRange=0-5000,2026-03-22T00:42:35Z
atp,2025-10-13,L0K7,F. Lechno-Wasiutynski,Fryderyk Lechno Wasiutynski,851,26,https://www.atptour.com/en/rankings/singles?dateWeek=2025-10-13&rankRange=0-5000,2026-03-22T00:42:35Z
atp,2025-10-13,V0HG,E. Van Loben Sels,Emon Van Loben Sels,852,26,https://www.atptour.com/en/rankings/singles?dateWeek=2025-10-13&rankRange=0-5000,2026-03-22T00:42:35Z
atp,2025-10-13,K0O4,M. Kouame,Moise Kouame,853,26,https://www.atptour.com/en/rankings/singles?dateWeek=2025-10-13&rankRange=0-5000,2026-03-22T00:42:35Z
atp,2025-10-13,H0K0,C. Hewitt,Cruz Hewitt,854,26,https://www.atptour.com/en/rankings/singles?dateWeek=2025-10-13&rankRange=0-5000,2026-03-22T00:42:35Z
atp,2025-10-13,K0CZ,G. Klier Junior,Gilbert Klier Junior,855,26,https://www.atptour.com/en/rankings/singles?dateWeek=2025-10-13&rankRange=0-5000,2026-03-22T00:42:35Z
atp,2025-10-13,Z0C7,Y. Zeng,Yaojie Zeng,856,26,https://www.atptour.com/en/rankings/singles?dateWeek=2025-10-13&rankRange=0-5000,2026-03-22T00:42:35Z
atp,2025-10-13,S0LD,K. Saitoh,Keisuke Saitoh,857,26,https://www.atptour.com/en/rankings/singles?dateWeek=2025-10-13&rankRange=0-5000,2026-03-22T00:42:35Z
atp,2025-10-13,EA31,M. Efstathiou,Melios Efstathiou,858,26,https://www.atptour.com/en/rankings/singles?dateWeek=2025-10-13&rankRange=0-5000,2026-03-22T00:42:35Z
atp,2025-10-13,J0DL,N. Jadoun,Nicolas Jadoun,859,26,https://www.atptour.com/en/rankings/singles?dateWeek=2025-10-13&rankRange=0-5000,2026-03-22T00:42:35Z
atp,2025-10-13,SM37,D. Schwartzman,Diego Schwartzman,860,25,https://www.atptour.com/en/rankings/singles?dateWeek=2025-10-13&rankRange=0-5000,2026-03-22T00:42:35Z
atp,2025-10-13,VA15,D. Vale,Duarte Vale,861,25,https://www.atptour.com/en/rankings/singles?dateWeek=2025-10-13&rankRange=0-5000,2026-03-22T00:42:35Z
atp,2025-10-13,K0LX,N. Kotzen,Nicolas Ian Kotzen,862,25,https://www.atptour.com/en/rankings/singles?dateWeek=2025-10-13&rankRange=0-5000,2026-03-22T00:42:35Z
atp,2025-10-13,B0V0,N. Bilozertsev,Nikita Bilozertsev,863,25,https://www.atptour.com/en/rankings/singles?dateWeek=2025-10-13&rankRange=0-5000,2026-03-22T00:42:35Z
atp,2025-10-13,D0L8,T. Derepasko,Timofei Derepasko,864,25,https://www.atptour.com/en/rankings/singles?dateWeek=2025-10-13&rankRange=0-5000,2026-03-22T00:42:35Z
atp,2025-10-13,R0HP,L. Ratti,Lucio Ratti,865,25,https://www.atptour.com/en/rankings/singles?dateWeek=2025-10-13&rankRange=0-5000,2026-03-22T00:42:35Z
atp,2025-10-13,C0GU,M. Cerny,Matyas Cerny,866,25,https://www.atptour.com/en/rankings/singles?dateWeek=2025-10-13&rankRange=0-5000,2026-03-22T00:42:35Z
atp,2025-10-13,F0C0,C. Ferguson,Chase Ferguson,867,25,https://www.atptour.com/en/rankings/singles?dateWeek=2025-10-13&rankRange=0-5000,2026-03-22T00:42:35Z
atp,2025-10-13,D0BE,J. Delaney,Jesse Delaney,868,25,https://www.atptour.com/en/rankings/singles?dateWeek=2025-10-13&rankRange=0-5000,2026-03-22T00:42:35Z
atp,2025-10-13,D0CF,S. Danilov,Savriyan Danilov,869,24,https://www.atptour.com/en/rankings/singles?dateWeek=2025-10-13&rankRange=0-5000,2026-03-22T00:42:35Z
atp,2025-10-13,P0E2,J. Plans,Jorge Plans,870,24,https://www.atptour.com/en/rankings/singles?dateWeek=2025-10-13&rankRange=0-5000,2026-03-22T00:42:35Z
atp,2025-10-13,M0J2,P. Masjuan Ginel,Pablo Masjuan Ginel,871,24,https://www.atptour.com/en/rankings/singles?dateWeek=2025-10-13&rankRange=0-5000,2026-03-22T00:42:35Z
atp,2025-10-13,L0CU,T. Serrano Luis,Tomas Serrano Luis,872,24,https://www.atptour.com/en/rankings/singles?dateWeek=2025-10-13&rankRange=0-5000,2026-03-22T00:42:35Z
atp,2025-10-13,P0FU,F. Pieczonka,Filip Pieczonka,873,24,https://www.atptour.com/en/rankings/singles?dateWeek=2025-10-13&rankRange=0-5000,2026-03-22T00:42:35Z
atp,2025-10-13,R0K4,K. Rahmani,Kasra Rahmani,874,24,https://www.atptour.com/en/rankings/singles?dateWeek=2025-10-13&rankRange=0-5000,2026-03-22T00:42:35Z
atp,2025-10-13,F0BV,T. Farjat,Tomas Farjat,875,24,https://www.atptour.com/en/rankings/singles?dateWeek=2025-10-13&rankRange=0-5000,2026-03-22T00:42:35Z
atp,2025-10-13,D0HI,C. Duhan,Chirag Duhan,876,24,https://www.atptour.com/en/rankings/singles?dateWeek=2025-10-13&rankRange=0-5000,2026-03-22T00:42:35Z
atp,2025-10-13,D0I6,Y. Demin,Yaroslav Demin,877,24,https://www.atptour.com/en/rankings/singles?dateWeek=2025-10-13&rankRange=0-5000,2026-03-22T00:42:35Z
atp,2025-10-13,N0EG,A. Nagel,Arthur Nagel,878,24,https://www.atptour.com/en/rankings/singles?dateWeek=2025-10-13&rankRange=0-5000,2026-03-22T00:42:35Z
atp,2025-10-13,S0SD,J. Szajrych,Jasza Szajrych,879,24,https://www.atptour.com/en/rankings/singles?dateWeek=2025-10-13&rankRange=0-5000,2026-03-22T00:42:35Z
atp,2025-10-13,D0CU,D. De Jonge,Daniel De Jonge,880,24,https://www.atptour.com/en/rankings/singles?dateWeek=2025-10-13&rankRange=0-5000,2026-03-22T00:42:35Z
atp,2025-10-13,V0G2,A. Vales,Amit Vales,881,24,https://www.atptour.com/en/rankings/singles?dateWeek=2025-10-13&rankRange=0-5000,2026-03-22T00:42:35Z
atp,2025-10-13,M0HO,M. Marinescu,Mihai Razvan Marinescu,882,24,https://www.atptour.com/en/rankings/singles?dateWeek=2025-10-13&rankRange=0-5000,2026-03-22T00:42:35Z
atp,2025-10-13,T0GE,P. Tsitsipas,Pavlos Tsitsipas,883,24,https://www.atptour.com/en/rankings/singles?dateWeek=2025-10-13&rankRange=0-5000,2026-03-22T00:42:35Z
atp,2025-10-13,J0A6,S. Jones,Scott Jones,884,23,https://www.atptour.com/en/rankings/singles?dateWeek=2025-10-13&rankRange=0-5000,2026-03-22T00:42:35Z
atp,2025-10-13,W0B3,X. Wang,Xiaofei Wang,885,23,https://www.atptour.com/en/rankings/singles?dateWeek=2025-10-13&rankRange=0-5000,2026-03-22T00:42:35Z
atp,2025-10-13,L0G5,J. Loureiro,Joao Victor Couto Loureiro,886,23,https://www.atptour.com/en/rankings/singles?dateWeek=2025-10-13&rankRange=0-5000,2026-03-22T00:42:35Z
atp,2025-10-13,C0GK,T. Cigarran,Thiago Cigarran,887,23,https://www.atptour.com/en/rankings/singles?dateWeek=2025-10-13&rankRange=0-5000,2026-03-22T00:42:35Z
atp,2025-10-13,B0MR,E. Bynoe,Evan Bynoe,888,23,https://www.atptour.com/en/rankings/singles?dateWeek=2025-10-13&rankRange=0-5000,2026-03-22T00:42:35Z
atp,2025-10-13,LC54,B. Lock,Benjamin Lock,889,22,https://www.atptour.com/en/rankings/singles?dateWeek=2025-10-13&rankRange=0-5000,2026-03-22T00:42:35Z
atp,2025-10-13,I0B6,P. Inchauspe,Paul Inchauspe,890,22,https://www.atptour.com/en/rankings/singles?dateWeek=2025-10-13&rankRange=0-5000,2026-03-22T00:42:35Z
atp,2025-10-13,F09U,M. Fuele,Matyas Fuele,891,22,https://www.atptour.com/en/rankings/singles?dateWeek=2025-10-13&rankRange=0-5000,2026-03-22T00:42:35Z
atp,2025-10-13,A0IH,J. Anthrop,Jack Anthrop,892,22,https://www.atptour.com/en/rankings/singles?dateWeek=2025-10-13&rankRange=0-5000,2026-03-22T00:42:35Z
atp,2025-10-13,AG57,L. Aboian,Leonardo Aboian,893,22,https://www.atptour.com/en/rankings/singles?dateWeek=2025-10-13&rankRange=0-5000,2026-03-22T00:42:35Z
atp,2025-10-13,O560,J. Osorio,Juan Sebastian Osorio,894,22,https://www.atptour.com/en/rankings/singles?dateWeek=2025-10-13&rankRange=0-5000,2026-03-22T00:42:35Z
atp,2025-10-13,P0G0,E. Philippov,Evgeny Philippov,897,22,https://www.atptour.com/en/rankings/singles?dateWeek=2025-10-13&rankRange=0-5000,2026-03-22T00:42:35Z
atp,2025-10-13,B0JN,T. Braithwaite,Thomas Braithwaite,898,22,https://www.atptour.com/en/rankings/singles?dateWeek=2025-10-13&rankRange=0-5000,2026-03-22T00:42:35Z
atp,2025-10-13,R0AY,G. Ramskogler,Gregor Ramskogler,899,22,https://www.atptour.com/en/rankings/singles?dateWeek=2025-10-13&rankRange=0-5000,2026-03-22T00:42:35Z
atp,2025-10-13,H0HU,S. Heredia,Samuel Heredia,900,22,https://www.atptour.com/en/rankings/singles?dateWeek=2025-10-13&rankRange=0-5000,2026-03-22T00:42:35Z
atp,2025-10-13,F0C2,A. Fiorentini,Andrea Fiorentini,901,22,https://www.atptour.com/en/rankings/singles?dateWeek=2025-10-13&rankRange=0-5000,2026-03-22T00:42:35Z
atp,2025-10-13,L0JO,Z. Ludoski,Zoran Ludoski,902,21,https://www.atptour.com/en/rankings/singles?dateWeek=2025-10-13&rankRange=0-5000,2026-03-22T00:42:35Z
atp,2025-10-13,V708,J. Vesely,Jiri Vesely,903,21,https://www.atptour.com/en/rankings/singles?dateWeek=2025-10-13&rankRange=0-5000,2026-03-22T00:42:35Z
atp,2025-10-13,Q02O,R. Quan,Rudy Quan,904,21,https://www.atptour.com/en/rankings/singles?dateWeek=2025-10-13&rankRange=0-5000,2026-03-22T00:42:35Z
atp,2025-10-13,W749,E. Wallart,Enzo Wallart,905,21,https://www.atptour.com/en/rankings/singles?dateWeek=2025-10-13&rankRange=0-5000,2026-03-22T00:42:35Z
atp,2025-10-13,Y235,J. Yamasaki,Jumpei Yamasaki,906,21,https://www.atptour.com/en/rankings/singles?dateWeek=2025-10-13&rankRange=0-5000,2026-03-22T00:42:35Z
atp,2025-10-13,C0DS,T. Chanta,Thanapet Chanta,907,21,https://www.atptour.com/en/rankings/singles?dateWeek=2025-10-13&rankRange=0-5000,2026-03-22T00:42:35Z
atp,2025-10-13,G0B7,J. Gschwendtner,Jeremy Gschwendtner,908,21,https://www.atptour.com/en/rankings/singles?dateWeek=2025-10-13&rankRange=0-5000,2026-03-22T00:42:35Z
atp,2025-10-13,S0RF,M. Serafini,Marcello Serafini,909,21,https://www.atptour.com/en/rankings/singles?dateWeek=2025-10-13&rankRange=0-5000,2026-03-22T00:42:35Z
atp,2025-10-13,G0MH,B. George,Benjamin Thomas George,910,21,https://www.atptour.com/en/rankings/singles?dateWeek=2025-10-13&rankRange=0-5000,2026-03-22T00:42:35Z
atp,2025-10-13,A0EU,A. Aubriot,Alexandre Aubriot,911,21,https://www.atptour.com/en/rankings/singles?dateWeek=2025-10-13&rankRange=0-5000,2026-03-22T00:42:35Z
atp,2025-10-13,Z350,M. Zhu,Michael Zhu,912,21,https://www.atptour.com/en/rankings/singles?dateWeek=2025-10-13&rankRange=0-5000,2026-03-22T00:42:35Z
atp,2025-10-13,BO10,G. Brouwer,Gijs Brouwer,913,20,https://www.atptour.com/en/rankings/singles?dateWeek=2025-10-13&rankRange=0-5000,2026-03-22T00:42:35Z
atp,2025-10-13,U174,K. Uesugi,Kaito Uesugi,914,20,https://www.atptour.com/en/rankings/singles?dateWeek=2025-10-13&rankRange=0-5000,2026-03-22T00:42:35Z
atp,2025-10-13,L0N0,P. Lagutin,Pavel Lagutin,915,20,https://www.atptour.com/en/rankings/singles?dateWeek=2025-10-13&rankRange=0-5000,2026-03-22T00:42:35Z
atp,2025-10-13,G0OF,G. Georgiev,Georgi Georgiev,916,20,https://www.atptour.com/en/rankings/singles?dateWeek=2025-10-13&rankRange=0-5000,2026-03-22T00:42:35Z
atp,2025-10-13,M0DY,P. Makk,Peter Makk,917,20,https://www.atptour.com/en/rankings/singles?dateWeek=2025-10-13&rankRange=0-5000,2026-03-22T00:42:35Z
atp,2025-10-13,B0A1,M. Borisiouk,Martin Borisiouk,918,20,https://www.atptour.com/en/rankings/singles?dateWeek=2025-10-13&rankRange=0-5000,2026-03-22T00:42:35Z
atp,2025-10-13,H0DQ,C. Hernandez,Carles Hernandez,919,20,https://www.atptour.com/en/rankings/singles?dateWeek=2025-10-13&rankRange=0-5000,2026-03-22T00:42:35Z
atp,2025-10-13,K0GA,I. Kudriashov,Igor Kudriashov,920,20,https://www.atptour.com/en/rankings/singles?dateWeek=2025-10-13&rankRange=0-5000,2026-03-22T00:42:35Z
atp,2025-10-13,B0PN,M. Bobichon,Matisse Bobichon,921,20,https://www.atptour.com/en/rankings/singles?dateWeek=2025-10-13&rankRange=0-5000,2026-03-22T00:42:35Z
atp,2025-10-13,M0HY,F. Murgett,Finn Murgett,922,20,https://www.atptour.com/en/rankings/singles?dateWeek=2025-10-13&rankRange=0-5000,2026-03-22T00:42:35Z
atp,2025-10-13,P0ED,K. Pannu,Kiranpal Pannu,923,20,https://www.atptour.com/en/rankings/singles?dateWeek=2025-10-13&rankRange=0-5000,2026-03-22T00:42:35Z
atp,2025-10-13,S1AR,S. Stankovic,Simeon Stankovic,924,20,https://www.atptour.com/en/rankings/singles?dateWeek=2025-10-13&rankRange=0-5000,2026-03-22T00:42:35Z
atp,2025-10-13,N0BA,A. Nefve,Axel Nefve,925,20,https://www.atptour.com/en/rankings/singles?dateWeek=2025-10-13&rankRange=0-5000,2026-03-22T00:42:35Z
atp,2025-10-13,F0BJ,A. Freire Da Silva,Adan Freire Da Silva,926,20,https://www.atptour.com/en/rankings/singles?dateWeek=2025-10-13&rankRange=0-5000,2026-03-22T00:42:35Z
atp,2025-10-13,S0E4,J. Schlageter,Justin Schlageter,927,20,https://www.atptour.com/en/rankings/singles?dateWeek=2025-10-13&rankRange=0-5000,2026-03-22T00:42:35Z
atp,2025-10-13,TG67,K. Tamm,Kristjan Tamm,928,20,https://www.atptour.com/en/rankings/singles?dateWeek=2025-10-13&rankRange=0-5000,2026-03-22T00:42:35Z
atp,2025-10-13,K0EM,M. Kuhar,Matt Kuhar,929,20,https://www.atptour.com/en/rankings/singles?dateWeek=2025-10-13&rankRange=0-5000,2026-03-22T00:42:35Z
atp,2025-10-13,C0PX,M. Covato,Matteo Covato,930,20,https://www.atptour.com/en/rankings/singles?dateWeek=2025-10-13&rankRange=0-5000,2026-03-22T00:42:35Z
atp,2025-10-13,P0I5,I. Parisca Romera,Ignacio Parisca Romera,931,20,https://www.atptour.com/en/rankings/singles?dateWeek=2025-10-13&rankRange=0-5000,2026-03-22T00:42:35Z
atp,2025-10-13,A0IE,S. Andre,Seydina Andre,932,20,https://www.atptour.com/en/rankings/singles?dateWeek=2025-10-13&rankRange=0-5000,2026-03-22T00:42:35Z
atp,2025-10-13,GC17,O. Gutierrez,Oscar Jose Gutierrez,933,20,https://www.atptour.com/en/rankings/singles?dateWeek=2025-10-13&rankRange=0-5000,2026-03-22T00:42:35Z
atp,2025-10-13,O0BI,C. Overbeck,Carl Emil Overbeck,934,19,https://www.atptour.com/en/rankings/singles?dateWeek=2025-10-13&rankRange=0-5000,2026-03-22T00:42:35Z
atp,2025-10-13,B0ME,C. Bouchelaghem,Cesar Bouchelaghem,935,19,https://www.atptour.com/en/rankings/singles?dateWeek=2025-10-13&rankRange=0-5000,2026-03-22T00:42:35Z
atp,2025-10-13,LB78,J. Lee,Jea Moon Lee,936,19,https://www.atptour.com/en/rankings/singles?dateWeek=2025-10-13&rankRange=0-5000,2026-03-22T00:42:35Z
atp,2025-10-13,B0AM,L. Bocchi,Lorenzo Bocchi,937,19,https://www.atptour.com/en/rankings/singles?dateWeek=2025-10-13&rankRange=0-5000,2026-03-22T00:42:35Z
atp,2025-10-13,I0BF,I. Ivanov,Ivan Ivanov,938,19,https://www.atptour.com/en/rankings/singles?dateWeek=2025-10-13&rankRange=0-5000,2026-03-22T00:42:35Z
atp,2025-10-13,H0HS,M. Hulme,Matt Hulme,939,19,https://www.atptour.com/en/rankings/singles?dateWeek=2025-10-13&rankRange=0-5000,2026-03-22T00:42:35Z
atp,2025-10-13,TG77,P. Tsitsipas,Petros Tsitsipas,940,19,https://www.atptour.com/en/rankings/singles?dateWeek=2025-10-13&rankRange=0-5000,2026-03-22T00:42:35Z
atp,2025-10-13,P0LG,S. Price,Salvador Price,941,19,https://www.atptour.com/en/rankings/singles?dateWeek=2025-10-13&rankRange=0-5000,2026-03-22T00:42:35Z
atp,2025-10-13,O527,C. Oh,Chanyeong Oh,942,19,https://www.atptour.com/en/rankings/singles?dateWeek=2025-10-13&rankRange=0-5000,2026-03-22T00:42:35Z
atp,2025-10-13,PL38,S. Prechtel,Sebastian Prechtel,943,19,https://www.atptour.com/en/rankings/singles?dateWeek=2025-10-13&rankRange=0-5000,2026-03-22T00:42:35Z
atp,2025-10-13,M0WZ,L. Marionneau,Lucas Marionneau,944,19,https://www.atptour.com/en/rankings/singles?dateWeek=2025-10-13&rankRange=0-5000,2026-03-22T00:42:35Z
atp,2025-10-13,P0MS,R. Pieleanu,Rares Teodor Pieleanu,945,19,https://www.atptour.com/en/rankings/singles?dateWeek=2025-10-13&rankRange=0-5000,2026-03-22T00:42:35Z
atp,2025-10-13,H0E7,J. Hallquist Lithen,John Hallquist Lithen,946,19,https://www.atptour.com/en/rankings/singles?dateWeek=2025-10-13&rankRange=0-5000,2026-03-22T00:42:35Z
atp,2025-10-13,M0K2,P. Marino,Pietro Marino,947,19,https://www.atptour.com/en/rankings/singles?dateWeek=2025-10-13&rankRange=0-5000,2026-03-22T00:42:35Z
atp,2025-10-13,P0KJ,D. Pham,Derek Pham,948,18,https://www.atptour.com/en/rankings/singles?dateWeek=2025-10-13&rankRange=0-5000,2026-03-22T00:42:35Z
atp,2025-10-13,J0F2,S. Johnson,Spencer Johnson,949,18,https://www.atptour.com/en/rankings/singles?dateWeek=2025-10-13&rankRange=0-5000,2026-03-22T00:42:35Z
atp,2025-10-13,B0E4,M. Barreiros Reyes,Mateo Barreiros Reyes,950,18,https://www.atptour.com/en/rankings/singles?dateWeek=2025-10-13&rankRange=0-5000,2026-03-22T00:42:35Z
atp,2025-10-13,L0DM,A. Lingua Lavallen,Alejo Lorenzo Lingua Lavallen,951,18,https://www.atptour.com/en/rankings/singles?dateWeek=2025-10-13&rankRange=0-5000,2026-03-22T00:42:35Z
atp,2025-10-13,K0MX,E. Kohlmann De Freitas,Enzo Kohlmann De Freitas,952,18,https://www.atptour.com/en/rankings/singles?dateWeek=2025-10-13&rankRange=0-5000,2026-03-22T00:42:35Z
atp,2025-10-13,Z0CO,M. Zeitune,Maximo Zeitune,953,18,https://www.atptour.com/en/rankings/singles?dateWeek=2025-10-13&rankRange=0-5000,2026-03-22T00:42:35Z
atp,2025-10-13,M0WL,A. Mazdrashki,Anas Mazdrashki,954,18,https://www.atptour.com/en/rankings/singles?dateWeek=2025-10-13&rankRange=0-5000,2026-03-22T00:42:35Z
atp,2025-10-13,W719,M. Walters,Marcus Walters,955,18,https://www.atptour.com/en/rankings/singles?dateWeek=2025-10-13&rankRange=0-5000,2026-03-22T00:42:35Z
atp,2025-10-13,H0GW,M. Hopp,Michel Hopp,956,18,https://www.atptour.com/en/rankings/singles?dateWeek=2025-10-13&rankRange=0-5000,2026-03-22T00:42:35Z
atp,2025-10-13,B0QL,B. Bozemoj,Brian Bozemoj,957,18,https://www.atptour.com/en/rankings/singles?dateWeek=2025-10-13&rankRange=0-5000,2026-03-22T00:42:35Z
atp,2025-10-13,J0D5,H. Jones,Hayden Jones,958,18,https://www.atptour.com/en/rankings/singles?dateWeek=2025-10-13&rankRange=0-5000,2026-03-22T00:42:35Z
atp,2025-10-13,V0F6,N. Villalon,Nicolas Villalon,959,18,https://www.atptour.com/en/rankings/singles?dateWeek=2025-10-13&rankRange=0-5000,2026-03-22T00:42:35Z
atp,2025-10-13,R0DP,S. Ryan Ziegann,Sam Ryan Ziegann,960,18,https://www.atptour.com/en/rankings/singles?dateWeek=2025-10-13&rankRange=0-5000,2026-03-22T00:42:35Z
atp,2025-10-13,D0D9,S. D'Agostino,Stefano D'agostino,961,18,https://www.atptour.com/en/rankings/singles?dateWeek=2025-10-13&rankRange=0-5000,2026-03-22T00:42:35Z
atp,2025-10-13,X01D,K. Xu,Kuang Qing Xu,962,17,https://www.atptour.com/en/rankings/singles?dateWeek=2025-10-13&rankRange=0-5000,2026-03-22T00:42:35Z
atp,2025-10-13,D0MB,A. Delgado,Andrew Delgado,963,17,https://www.atptour.com/en/rankings/singles?dateWeek=2025-10-13&rankRange=0-5000,2026-03-22T00:42:35Z
atp,2025-10-13,R0KI,D. Rolland,Dominique Rolland,964,17,https://www.atptour.com/en/rankings/singles?dateWeek=2025-10-13&rankRange=0-5000,2026-03-22T00:42:35Z
atp,2025-10-13,N0BK,H. Naw,Hazem Naw,965,17,https://www.atptour.com/en/rankings/singles?dateWeek=2025-10-13&rankRange=0-5000,2026-03-22T00:42:35Z
atp,2025-10-13,P0MI,S. Paardekooper,Stijn Paardekooper,966,17,https://www.atptour.com/en/rankings/singles?dateWeek=2025-10-13&rankRange=0-5000,2026-03-22T00:42:35Z
atp,2025-10-13,D0I0,S. Dominko,Sebastian Dominko,967,17,https://www.atptour.com/en/rankings/singles?dateWeek=2025-10-13&rankRange=0-5000,2026-03-22T00:42:35Z
atp,2025-10-13,B0TK,P. Bastiaansen,Pepijn Bastiaansen,968,17,https://www.atptour.com/en/rankings/singles?dateWeek=2025-10-13&rankRange=0-5000,2026-03-22T00:42:35Z
atp,2025-10-13,S0ZF,K. Szymkowiak,Kacper Szymkowiak,969,17,https://www.atptour.com/en/rankings/singles?dateWeek=2025-10-13&rankRange=0-5000,2026-03-22T00:42:35Z
atp,2025-10-13,RB56,R. Ramanathan,Ramkumar Ramanathan,970,17,https://www.atptour.com/en/rankings/singles?dateWeek=2025-10-13&rankRange=0-5000,2026-03-22T00:42:35Z
atp,2025-10-13,B0HY,I. Becroft,Isaac Becroft,971,17,https://www.atptour.com/en/rankings/singles?dateWeek=2025-10-13&rankRange=0-5000,2026-03-22T00:42:35Z
atp,2025-10-13,N0CT,S. Nakagawa,Shunsuke Nakagawa,972,17,https://www.atptour.com/en/rankings/singles?dateWeek=2025-10-13&rankRange=0-5000,2026-03-22T00:42:35Z
atp,2025-10-13,L0CK,Y. Lalami,Younes Lalami,973,17,https://www.atptour.com/en/rankings/singles?dateWeek=2025-10-13&rankRange=0-5000,2026-03-22T00:42:35Z
atp,2025-10-13,M0V7,V. Marysko,Vincent Marysko,974,17,https://www.atptour.com/en/rankings/singles?dateWeek=2025-10-13&rankRange=0-5000,2026-03-22T00:42:35Z
atp,2025-10-13,P0KS,L. Poertner,Lasse Poertner,975,17,https://www.atptour.com/en/rankings/singles?dateWeek=2025-10-13&rankRange=0-5000,2026-03-22T00:42:35Z
atp,2025-10-13,S0JW,S. Sim,Sungbeen Sim,976,17,https://www.atptour.com/en/rankings/singles?dateWeek=2025-10-13&rankRange=0-5000,2026-03-22T00:42:35Z
atp,2025-10-13,BU78,F. Bass,Finn Bass,977,17,https://www.atptour.com/en/rankings/singles?dateWeek=2025-10-13&rankRange=0-5000,2026-03-22T00:42:35Z
atp,2025-10-13,S0YB,D. Sarksian,Daniil Sarksian,978,17,https://www.atptour.com/en/rankings/singles?dateWeek=2025-10-13&rankRange=0-5000,2026-03-22T00:42:35Z
atp,2025-10-13,M0IC,G. Misasi,Giannicola Misasi,979,17,https://www.atptour.com/en/rankings/singles?dateWeek=2025-10-13&rankRange=0-5000,2026-03-22T00:42:35Z
atp,2025-10-13,LG37,G. Lomakin,Grigoriy Lomakin,980,17,https://www.atptour.com/en/rankings/singles?dateWeek=2025-10-13&rankRange=0-5000,2026-03-22T00:42:35Z
atp,2025-10-13,M0JP,C. Mueller,Calvin Mueller,981,16,https://www.atptour.com/en/rankings/singles?dateWeek=2025-10-13&rankRange=0-5000,2026-03-22T00:42:35Z
atp,2025-10-13,E873,E. Escobedo,Ernesto Escobedo,982,16,https://www.atptour.com/en/rankings/singles?dateWeek=2025-10-13&rankRange=0-5000,2026-03-22T00:42:35Z
atp,2025-10-13,V0GR,A. Vasilev,Alexander Vasilev,983,16,https://www.atptour.com/en/rankings/singles?dateWeek=2025-10-13&rankRange=0-5000,2026-03-22T00:42:35Z
atp,2025-10-13,T0K1,R. Tabata,Ryo Tabata,984,16,https://www.atptour.com/en/rankings/singles?dateWeek=2025-10-13&rankRange=0-5000,2026-03-22T00:42:35Z
atp,2025-10-13,S0I7,P. Scomparin,Pietro Romeo Scomparin,985,16,https://www.atptour.com/en/rankings/singles?dateWeek=2025-10-13&rankRange=0-5000,2026-03-22T00:42:35Z
atp,2025-10-13,T0FH,A. Turriziani Alvarez,Alejandro Turriziani Alvarez,986,16,https://www.atptour.com/en/rankings/singles?dateWeek=2025-10-13&rankRange=0-5000,2026-03-22T00:42:35Z
atp,2025-10-13,C0O4,F. Cavallo,Fernando Cavallo,987,16,https://www.atptour.com/en/rankings/singles?dateWeek=2025-10-13&rankRange=0-5000,2026-03-22T00:42:35Z
atp,2025-10-13,F664,S. Fanselow,Sebastian Fanselow,988,16,https://www.atptour.com/en/rankings/singles?dateWeek=2025-10-13&rankRange=0-5000,2026-03-22T00:42:35Z
atp,2025-10-13,VA48,S. Vishwakarma,Siddharth Vishwakarma,989,16,https://www.atptour.com/en/rankings/singles?dateWeek=2025-10-13&rankRange=0-5000,2026-03-22T00:42:35Z
atp,2025-10-13,S0JV,Q. Sun,Qian Sun,990,16,https://www.atptour.com/en/rankings/singles?dateWeek=2025-10-13&rankRange=0-5000,2026-03-22T00:42:35Z
atp,2025-10-13,K0HT,E. Khoeblal,Elgin Khoeblal,991,16,https://www.atptour.com/en/rankings/singles?dateWeek=2025-10-13&rankRange=0-5000,2026-03-22T00:42:35Z
atp,2025-10-13,MV39,T. Masabayashi,Tomohiro Masabayashi,992,16,https://www.atptour.com/en/rankings/singles?dateWeek=2025-10-13&rankRange=0-5000,2026-03-22T00:42:35Z
atp,2025-10-13,C0HX,O. Baris,Ozan Baris,993,15,https://www.atptour.com/en/rankings/singles?dateWeek=2025-10-13&rankRange=0-5000,2026-03-22T00:42:35Z
atp,2025-10-13,W0DW,C. Woestendick,Cooper Woestendick,996,15,https://www.atptour.com/en/rankings/singles?dateWeek=2025-10-13&rankRange=0-5000,2026-03-22T00:42:35Z
atp,2025-10-13,P0N6,O. Paldanius,Oskari Paldanius,997,15,https://www.atptour.com/en/rankings/singles?dateWeek=2025-10-13&rankRange=0-5000,2026-03-22T00:42:35Z
atp,2025-10-13,S0H1,L. Staeheli,Luca Staeheli,998,15,https://www.atptour.com/en/rankings/singles?dateWeek=2025-10-13&rankRange=0-5000,2026-03-22T00:42:35Z
atp,2025-10-13,S0TB,E. Strode,Elijah Strode,999,15,https://www.atptour.com/en/rankings/singles?dateWeek=2025-10-13&rankRange=0-5000,2026-03-22T00:42:35Z
atp,2025-10-13,S0MJ,T. Suksumrarn,Thantub Suksumrarn,1000,15,https://www.atptour.com/en/rankings/singles?dateWeek=2025-10-13&rankRange=0-5000,2026-03-22T00:42:35Z
atp,2025-10-13,S0UU,M. Shin,Maxim Shin,1001,15,https://www.atptour.com/en/rankings/singles?dateWeek=2025-10-13&rankRange=0-5000,2026-03-22T00:42:35Z
atp,2025-10-13,B0SW,T. Bieldiugin,Tymur Bieldiugin,1002,15,https://www.atptour.com/en/rankings/singles?dateWeek=2025-10-13&rankRange=0-5000,2026-03-22T00:42:35Z
atp,2025-10-13,KI91,K. Kirci,Koray Kirci,1003,15,https://www.atptour.com/en/rankings/singles?dateWeek=2025-10-13&rankRange=0-5000,2026-03-22T00:42:35Z
atp,2025-10-13,J0DG,A. Juan Mano,Alejandro Juan Mano,1004,15,https://www.atptour.com/en/rankings/singles?dateWeek=2025-10-13&rankRange=0-5000,2026-03-22T00:42:35Z
atp,2025-10-13,L0CS,P. Lu,Pengyu Lu,1005,15,https://www.atptour.com/en/rankings/singles?dateWeek=2025-10-13&rankRange=0-5000,2026-03-22T00:42:35Z
atp,2025-10-13,PM20,H. Pierre,Hugo Pierre,1006,15,https://www.atptour.com/en/rankings/singles?dateWeek=2025-10-13&rankRange=0-5000,2026-03-22T00:42:35Z
atp,2025-10-13,T0AG,Z. Tkemaladze,Zura Tkemaladze,1007,15,https://www.atptour.com/en/rankings/singles?dateWeek=2025-10-13&rankRange=0-5000,2026-03-22T00:42:35Z
atp,2025-10-13,R0KM,D. Rapagnetta,Daniele Rapagnetta,1008,15,https://www.atptour.com/en/rankings/singles?dateWeek=2025-10-13&rankRange=0-5000,2026-03-22T00:42:35Z
atp,2025-10-13,PH67,N. Ponwith,Nathan Ponwith,1009,15,https://www.atptour.com/en/rankings/singles?dateWeek=2025-10-13&rankRange=0-5000,2026-03-22T00:42:35Z
atp,2025-10-13,R0BN,S. Reveniau,Simon Reveniau,1010,14,https://www.atptour.com/en/rankings/singles?dateWeek=2025-10-13&rankRange=0-5000,2026-03-22T00:42:35Z
atp,2025-10-13,T0IL,K. Tyagi,Kriish Tyagi,1011,14,https://www.atptour.com/en/rankings/singles?dateWeek=2025-10-13&rankRange=0-5000,2026-03-22T00:42:35Z
atp,2025-10-13,K0EL,A. Kotzen,Alexander Kotzen,1014,14,https://www.atptour.com/en/rankings/singles?dateWeek=2025-10-13&rankRange=0-5000,2026-03-22T00:42:35Z
atp,2025-10-13,D0FY,T. Deschamps,Thomas Deschamps,1015,14,https://www.atptour.com/en/rankings/singles?dateWeek=2025-10-13&rankRange=0-5000,2026-03-22T00:42:35Z
atp,2025-10-13,W09X,B. Winter Lopez,Benjamin Winter Lopez,1016,14,https://www.atptour.com/en/rankings/singles?dateWeek=2025-10-13&rankRange=0-5000,2026-03-22T00:42:35Z
atp,2025-10-13,N561,I. Nedelko,Ivan Nedelko,1017,14,https://www.atptour.com/en/rankings/singles?dateWeek=2025-10-13&rankRange=0-5000,2026-03-22T00:42:35Z
atp,2025-10-13,F902,J. Flores,Jesse Flores,1018,14,https://www.atptour.com/en/rankings/singles?dateWeek=2025-10-13&rankRange=0-5000,2026-03-22T00:42:35Z
atp,2025-10-13,H0HC,L. Helguera Casado,Lucca Helguera Casado,1019,14,https://www.atptour.com/en/rankings/singles?dateWeek=2025-10-13&rankRange=0-5000,2026-03-22T00:42:35Z
atp,2025-10-13,C0KN,A. Casanova,Andrin Casanova,1020,14,https://www.atptour.com/en/rankings/singles?dateWeek=2025-10-13&rankRange=0-5000,2026-03-22T00:42:35Z
atp,2025-10-13,F0F0,R. Faucon,Romain Faucon,1021,14,https://www.atptour.com/en/rankings/singles?dateWeek=2025-10-13&rankRange=0-5000,2026-03-22T00:42:35Z
atp,2025-10-13,RB00,R. Rodriguez - Pace,Ricardo Rodriguez Pace,1022,14,https://www.atptour.com/en/rankings/singles?dateWeek=2025-10-13&rankRange=0-5000,2026-03-22T00:42:35Z
atp,2025-10-13,R0IB,M. Rivet,Maxence Rivet,1023,14,https://www.atptour.com/en/rankings/singles?dateWeek=2025-10-13&rankRange=0-5000,2026-03-22T00:42:35Z
atp,2025-10-13,B0HD,N. Basic,Nikola Basic,1024,14,https://www.atptour.com/en/rankings/singles?dateWeek=2025-10-13&rankRange=0-5000,2026-03-22T00:42:35Z
atp,2025-10-13,A0KQ,I. Almazan Valiente,Izan Almazan Valiente,1025,14,https://www.atptour.com/en/rankings/singles?dateWeek=2025-10-13&rankRange=0-5000,2026-03-22T00:42:35Z
atp,2025-10-13,O09S,J. Otegui,Juan Bautista Otegui,1026,14,https://www.atptour.com/en/rankings/singles?dateWeek=2025-10-13&rankRange=0-5000,2026-03-22T00:42:35Z
atp,2025-10-13,M0B9,D. Marques,Diogo Marques,1027,14,https://www.atptour.com/en/rankings/singles?dateWeek=2025-10-13&rankRange=0-5000,2026-03-22T00:42:35Z
atp,2025-10-13,F0C4,D. Fernandez Flores,Diego Fernandez Flores,1028,14,https://www.atptour.com/en/rankings/singles?dateWeek=2025-10-13&rankRange=0-5000,2026-03-22T00:42:35Z
atp,2025-10-13,N724,G. Noce,Gabriele Maria Noce,1029,14,https://www.atptour.com/en/rankings/singles?dateWeek=2025-10-13&rankRange=0-5000,2026-03-22T00:42:35Z
atp,2025-10-13,I411,J. Ingildsen,Johannes Ingildsen,1030,13,https://www.atptour.com/en/rankings/singles?dateWeek=2025-10-13&rankRange=0-5000,2026-03-22T00:42:35Z
atp,2025-10-13,MM66,N. Milojevic,Nikola Milojevic,1031,13,https://www.atptour.com/en/rankings/singles?dateWeek=2025-10-13&rankRange=0-5000,2026-03-22T00:42:35Z
atp,2025-10-13,S0JH,F. Speziali,Filippo Speziali,1032,13,https://www.atptour.com/en/rankings/singles?dateWeek=2025-10-13&rankRange=0-5000,2026-03-22T00:42:35Z
atp,2025-10-13,H0D9,C. Harper,Cleeve Harper,1033,13,https://www.atptour.com/en/rankings/singles?dateWeek=2025-10-13&rankRange=0-5000,2026-03-22T00:42:35Z
atp,2025-10-13,Z09G,T. Zeuch,Tom Zeuch,1034,13,https://www.atptour.com/en/rankings/singles?dateWeek=2025-10-13&rankRange=0-5000,2026-03-22T00:42:35Z
atp,2025-10-13,M0I5,A. Mujakic,Alen Mujakic,1035,13,https://www.atptour.com/en/rankings/singles?dateWeek=2025-10-13&rankRange=0-5000,2026-03-22T00:42:35Z
atp,2025-10-13,B0G9,A. Bronzetti,Alberto Bronzetti,1036,13,https://www.atptour.com/en/rankings/singles?dateWeek=2025-10-13&rankRange=0-5000,2026-03-22T00:42:35Z
atp,2025-10-13,PH77,D. Poljak,David Poljak,1037,13,https://www.atptour.com/en/rankings/singles?dateWeek=2025-10-13&rankRange=0-5000,2026-03-22T00:42:35Z
atp,2025-10-13,T0AF,F. Tenti,Fermin Tenti,1038,13,https://www.atptour.com/en/rankings/singles?dateWeek=2025-10-13&rankRange=0-5000,2026-03-22T00:42:35Z
atp,2025-10-13,E0AB,I. Eqbal,Ishaque Eqbal,1039,13,https://www.atptour.com/en/rankings/singles?dateWeek=2025-10-13&rankRange=0-5000,2026-03-22T00:42:35Z
atp,2025-10-13,H0CU,R. Hohmann,Ronald Hohmann,1040,13,https://www.atptour.com/en/rankings/singles?dateWeek=2025-10-13&rankRange=0-5000,2026-03-22T00:42:35Z
atp,2025-10-13,T0GK,R. Tiukaev,Ruslan Tiukaev,1041,13,https://www.atptour.com/en/rankings/singles?dateWeek=2025-10-13&rankRange=0-5000,2026-03-22T00:42:35Z
atp,2025-10-13,L0GJ,M. Lipp,Mika Lipp,1042,13,https://www.atptour.com/en/rankings/singles?dateWeek=2025-10-13&rankRange=0-5000,2026-03-22T00:42:35Z
atp,2025-10-13,L0G4,L. Lorusso,Lorenzo Lorusso,1043,13,https://www.atptour.com/en/rankings/singles?dateWeek=2025-10-13&rankRange=0-5000,2026-03-22T00:42:35Z
atp,2025-10-13,M0ES,O. Moraing,Oscar Moraing,1044,13,https://www.atptour.com/en/rankings/singles?dateWeek=2025-10-13&rankRange=0-5000,2026-03-22T00:42:35Z
atp,2025-10-13,H0GK,M. Homberg,Maximilian Homberg,1045,13,https://www.atptour.com/en/rankings/singles?dateWeek=2025-10-13&rankRange=0-5000,2026-03-22T00:42:35Z
atp,2025-10-13,O0AX,G. Ortenzi,Gian Marco Ortenzi,1046,13,https://www.atptour.com/en/rankings/singles?dateWeek=2025-10-13&rankRange=0-5000,2026-03-22T00:42:35Z
atp,2025-10-13,M0IG,E. Monferrer,Ezequiel Monferrer,1047,13,https://www.atptour.com/en/rankings/singles?dateWeek=2025-10-13&rankRange=0-5000,2026-03-22T00:42:35Z
atp,2025-10-13,I0B3,K. Ibrahim,Karim Ibrahim,1048,13,https://www.atptour.com/en/rankings/singles?dateWeek=2025-10-13&rankRange=0-5000,2026-03-22T00:42:35Z
atp,2025-10-13,TG42,L. Tessa,Louis Tessa,1049,13,https://www.atptour.com/en/rankings/singles?dateWeek=2025-10-13&rankRange=0-5000,2026-03-22T00:42:35Z
atp,2025-10-13,C0KO,N. Ciavarella,Niccolò Ciavarella,1050,13,https://www.atptour.com/en/rankings/singles?dateWeek=2025-10-13&rankRange=0-5000,2026-03-22T00:42:35Z
atp,2025-10-13,B0PH,J. Bilardo,Jacopo Bilardo,1051,13,https://www.atptour.com/en/rankings/singles?dateWeek=2025-10-13&rankRange=0-5000,2026-03-22T00:42:35Z
atp,2025-10-13,A0HZ,L. Angelini,Lorenzo Angelini,1052,13,https://www.atptour.com/en/rankings/singles?dateWeek=2025-10-13&rankRange=0-5000,2026-03-22T00:42:35Z
atp,2025-10-13,I0BR,N. Ifi,Nicolas Ifi,1053,13,https://www.atptour.com/en/rankings/singles?dateWeek=2025-10-13&rankRange=0-5000,2026-03-22T00:42:35Z
atp,2025-10-13,R0EW,L. Rivera,Leyton Rivera,1054,13,https://www.atptour.com/en/rankings/singles?dateWeek=2025-10-13&rankRange=0-5000,2026-03-22T00:42:35Z
atp,2025-10-13,B0G6,P. Brown,Preston Brown,1055,13,https://www.atptour.com/en/rankings/singles?dateWeek=2025-10-13&rankRange=0-5000,2026-03-22T00:42:35Z
atp,2025-10-13,FA50,T. Fancutt,Thomas Fancutt,1056,12,https://www.atptour.com/en/rankings/singles?dateWeek=2025-10-13&rankRange=0-5000,2026-03-22T00:42:35Z
atp,2025-10-13,L733,Z. Li,Zhe Li,1057,12,https://www.atptour.com/en/rankings/singles?dateWeek=2025-10-13&rankRange=0-5000,2026-03-22T00:42:35Z
atp,2025-10-13,B0IZ,D. Badenhorst,Devin Badenhorst,1058,12,https://www.atptour.com/en/rankings/singles?dateWeek=2025-10-13&rankRange=0-5000,2026-03-22T00:42:35Z
atp,2025-10-13,M0XQ,N. McDonald,Niels Mcdonald,1059,12,https://www.atptour.com/en/rankings/singles?dateWeek=2025-10-13&rankRange=0-5000,2026-03-22T00:42:35Z
atp,2025-10-13,GB41,J. Gomez,Juan Sebastian Gomez,1060,12,https://www.atptour.com/en/rankings/singles?dateWeek=2025-10-13&rankRange=0-5000,2026-03-22T00:42:35Z
atp,2025-10-13,B0PY,P. Barbier Gazeu,Paul Barbier Gazeu,1061,12,https://www.atptour.com/en/rankings/singles?dateWeek=2025-10-13&rankRange=0-5000,2026-03-22T00:42:35Z
atp,2025-10-13,J0F0,V. Jankanj,Vlado Jankanj,1062,12,https://www.atptour.com/en/rankings/singles?dateWeek=2025-10-13&rankRange=0-5000,2026-03-22T00:42:35Z
atp,2025-10-13,A0KU,E. Aguiard,Enzo Aguiard,1063,12,https://www.atptour.com/en/rankings/singles?dateWeek=2025-10-13&rankRange=0-5000,2026-03-22T00:42:35Z
atp,2025-10-13,R0H2,P. Rodenas,Pedro Rodenas,1066,12,https://www.atptour.com/en/rankings/singles?dateWeek=2025-10-13&rankRange=0-5000,2026-03-22T00:42:35Z
atp,2025-10-13,P0MT,C. Papoe,Cezar Gabriel Papoe,1067,12,https://www.atptour.com/en/rankings/singles?dateWeek=2025-10-13&rankRange=0-5000,2026-03-22T00:42:35Z
atp,2025-10-13,M0VH,M. Malaszszak,Markus Malaszszak,1068,12,https://www.atptour.com/en/rankings/singles?dateWeek=2025-10-13&rankRange=0-5000,2026-03-22T00:42:35Z
atp,2025-10-13,L09D,A. Liaonenka,Aliaksandr Liaonenka,1069,12,https://www.atptour.com/en/rankings/singles?dateWeek=2025-10-13&rankRange=0-5000,2026-03-22T00:42:35Z
atp,2025-10-13,W0BD,D. Wassermann,Deney Wassermann,1070,12,https://www.atptour.com/en/rankings/singles?dateWeek=2025-10-13&rankRange=0-5000,2026-03-22T00:42:35Z
atp,2025-10-13,O0BQ,K. Ozolins,Karlis Ozolins,1071,12,https://www.atptour.com/en/rankings/singles?dateWeek=2025-10-13&rankRange=0-5000,2026-03-22T00:42:35Z
atp,2025-10-13,L0CH,N. Larwig,Noel Larwig,1072,12,https://www.atptour.com/en/rankings/singles?dateWeek=2025-10-13&rankRange=0-5000,2026-03-22T00:42:35Z
atp,2025-10-13,L0CO,T. Longwe-Smit,Thando Longwe Smit,1073,12,https://www.atptour.com/en/rankings/singles?dateWeek=2025-10-13&rankRange=0-5000,2026-03-22T00:42:35Z
atp,2025-10-13,O0E1,Y. Oki,Yuto Oki,1074,12,https://www.atptour.com/en/rankings/singles?dateWeek=2025-10-13&rankRange=0-5000,2026-03-22T00:42:35Z
atp,2025-10-13,R09T,A. Reco,Alexandre Reco,1075,12,https://www.atptour.com/en/rankings/singles?dateWeek=2025-10-13&rankRange=0-5000,2026-03-22T00:42:35Z
atp,2025-10-13,VA31,S. Vujic,Stefan Vujic,1076,12,https://www.atptour.com/en/rankings/singles?dateWeek=2025-10-13&rankRange=0-5000,2026-03-22T00:42:35Z
atp,2025-10-13,A0K4,M. Arseneault,Mikael Arseneault,1077,12,https://www.atptour.com/en/rankings/singles?dateWeek=2025-10-13&rankRange=0-5000,2026-03-22T00:42:35Z
atp,2025-10-13,T0I0,A. Timini,Andreas Timini,1078,12,https://www.atptour.com/en/rankings/singles?dateWeek=2025-10-13&rankRange=0-5000,2026-03-22T00:42:35Z
atp,2025-10-13,BU64,N. Bruna,Nicolas Bruna,1079,12,https://www.atptour.com/en/rankings/singles?dateWeek=2025-10-13&rankRange=0-5000,2026-03-22T00:42:35Z
atp,2025-10-13,S0IK,T. Stice,Tyler Stice,1080,12,https://www.atptour.com/en/rankings/singles?dateWeek=2025-10-13&rankRange=0-5000,2026-03-22T00:42:35Z
atp,2025-10-13,C0GG,K. Chopra,Keshav Chopra,1081,12,https://www.atptour.com/en/rankings/singles?dateWeek=2025-10-13&rankRange=0-5000,2026-03-22T00:42:35Z
atp,2025-10-13,BV08,B. Butulija,Boris Butulija,1082,12,https://www.atptour.com/en/rankings/singles?dateWeek=2025-10-13&rankRange=0-5000,2026-03-22T00:42:35Z
atp,2025-10-13,S0R2,B. Sanchez Martinez,Benito Sanchez Martinez,1083,11,https://www.atptour.com/en/rankings/singles?dateWeek=2025-10-13&rankRange=0-5000,2026-03-22T00:42:35Z
atp,2025-10-13,CN88,T. Cacao,Tiago Cacao,1084,11,https://www.atptour.com/en/rankings/singles?dateWeek=2025-10-13&rankRange=0-5000,2026-03-22T00:42:35Z
atp,2025-10-13,P0CD,D. Paty,Daniel Paty,1087,11,https://www.atptour.com/en/rankings/singles?dateWeek=2025-10-13&rankRange=0-5000,2026-03-22T00:42:35Z
atp,2025-10-13,H0C9,A. Huertas Del Pino Cordova,Arklon Huertas Del Pino Cordova,1088,11,https://www.atptour.com/en/rankings/singles?dateWeek=2025-10-13&rankRange=0-5000,2026-03-22T00:42:35Z
atp,2025-10-13,F09J,K. Friberg,Karl Friberg,1089,11,https://www.atptour.com/en/rankings/singles?dateWeek=2025-10-13&rankRange=0-5000,2026-03-22T00:42:35Z
atp,2025-10-13,W741,A. Wang,Aoran Wang,1092,11,https://www.atptour.com/en/rankings/singles?dateWeek=2025-10-13&rankRange=0-5000,2026-03-22T00:42:35Z
atp,2025-10-13,L0IP,J. Loutit,Jack Loutit,1093,11,https://www.atptour.com/en/rankings/singles?dateWeek=2025-10-13&rankRange=0-5000,2026-03-22T00:42:35Z
atp,2025-10-13,D0LK,P. De Lange,Pieter De Lange,1094,11,https://www.atptour.com/en/rankings/singles?dateWeek=2025-10-13&rankRange=0-5000,2026-03-22T00:42:35Z
atp,2025-10-13,SY71,D. Singh,Digvijaypratap Singh,1095,11,https://www.atptour.com/en/rankings/singles?dateWeek=2025-10-13&rankRange=0-5000,2026-03-22T00:42:35Z
atp,2025-10-13,SY74,M. Sureshkumar,Manish Sureshkumar,1096,11,https://www.atptour.com/en/rankings/singles?dateWeek=2025-10-13&rankRange=0-5000,2026-03-22T00:42:35Z
atp,2025-10-13,D0FN,C. Dong,Chen Dong,1097,11,https://www.atptour.com/en/rankings/singles?dateWeek=2025-10-13&rankRange=0-5000,2026-03-22T00:42:35Z
atp,2025-10-13,J0DK,P. Jordan,Phillip Jordan,1098,11,https://www.atptour.com/en/rankings/singles?dateWeek=2025-10-13&rankRange=0-5000,2026-03-22T00:42:35Z
atp,2025-10-13,B0JF,A. Bojarski,Alan Bojarski,1099,11,https://www.atptour.com/en/rankings/singles?dateWeek=2025-10-13&rankRange=0-5000,2026-03-22T00:42:35Z
atp,2025-10-13,C0B9,K. Cekirge,Kuzey Cekirge,1100,11,https://www.atptour.com/en/rankings/singles?dateWeek=2025-10-13&rankRange=0-5000,2026-03-22T00:42:35Z
atp,2025-10-13,M0QQ,T. Martinez,Tomas Martinez,1103,11,https://www.atptour.com/en/rankings/singles?dateWeek=2025-10-13&rankRange=0-5000,2026-03-22T00:42:35Z
atp,2025-10-13,GJ90,J. Goncalves Ceolin,Joao Vitor Goncalves Ceolin,1104,11,https://www.atptour.com/en/rankings/singles?dateWeek=2025-10-13&rankRange=0-5000,2026-03-22T00:42:35Z
atp,2025-10-13,F0HU,A. Funk,Aaron Funk,1105,11,https://www.atptour.com/en/rankings/singles?dateWeek=2025-10-13&rankRange=0-5000,2026-03-22T00:42:36Z
atp,2025-10-13,B0H9,A. Berger,Antoine Berger,1106,11,https://www.atptour.com/en/rankings/singles?dateWeek=2025-10-13&rankRange=0-5000,2026-03-22T00:42:36Z
atp,2025-10-13,A0E6,B. Atlangeriev,Bekkhan Atlangeriev,1107,11,https://www.atptour.com/en/rankings/singles?dateWeek=2025-10-13&rankRange=0-5000,2026-03-22T00:42:36Z
atp,2025-10-13,P0M4,D. Petak,Denis Petak,1108,11,https://www.atptour.com/en/rankings/singles?dateWeek=2025-10-13&rankRange=0-5000,2026-03-22T00:42:36Z
atp,2025-10-13,C0PK,X. Chen,Xing Dao Chen,1109,11,https://www.atptour.com/en/rankings/singles?dateWeek=2025-10-13&rankRange=0-5000,2026-03-22T00:42:36Z
atp,2025-10-13,SY50,N. Sinha,Nitin Kumar Sinha,1110,11,https://www.atptour.com/en/rankings/singles?dateWeek=2025-10-13&rankRange=0-5000,2026-03-22T00:42:36Z
atp,2025-10-13,B0NF,V. Basel,Valentin Basel,1111,11,https://www.atptour.com/en/rankings/singles?dateWeek=2025-10-13&rankRange=0-5000,2026-03-22T00:42:36Z
atp,2025-10-13,R0BF,F. Ribero,Franco Ribero,1112,11,https://www.atptour.com/en/rankings/singles?dateWeek=2025-10-13&rankRange=0-5000,2026-03-22T00:42:36Z
atp,2025-10-13,ML51,T. Martin,Toby Martin,1113,11,https://www.atptour.com/en/rankings/singles?dateWeek=2025-10-13&rankRange=0-5000,2026-03-22T00:42:36Z
atp,2025-10-13,P0D4,B. Perez,Brandon Perez,1114,11,https://www.atptour.com/en/rankings/singles?dateWeek=2025-10-13&rankRange=0-5000,2026-03-22T00:42:36Z
atp,2025-10-13,MN49,M. Makhlouf,Mohamed Nazim Makhlouf,1115,11,https://www.atptour.com/en/rankings/singles?dateWeek=2025-10-13&rankRange=0-5000,2026-03-22T00:42:36Z
atp,2025-10-13,P0JK,N. Perfetti,Noah Perfetti,1116,11,https://www.atptour.com/en/rankings/singles?dateWeek=2025-10-13&rankRange=0-5000,2026-03-22T00:42:36Z
atp,2025-10-13,K0EE,O. Kumar,Omni Kumar,1117,10,https://www.atptour.com/en/rankings/singles?dateWeek=2025-10-13&rankRange=0-5000,2026-03-22T00:42:36Z
atp,2025-10-13,K0LP,S. Klaassen,Stian Klaassen,1118,10,https://www.atptour.com/en/rankings/singles?dateWeek=2025-10-13&rankRange=0-5000,2026-03-22T00:42:36Z
atp,2025-10-13,M0OR,R. Murali,Rohan Murali,1119,10,https://www.atptour.com/en/rankings/singles?dateWeek=2025-10-13&rankRange=0-5000,2026-03-22T00:42:36Z
atp,2025-10-13,P0OX,L. Primucci,Leonardo Primucci,1120,10,https://www.atptour.com/en/rankings/singles?dateWeek=2025-10-13&rankRange=0-5000,2026-03-22T00:42:36Z
atp,2025-10-13,R0KK,A. Rozin,Alexander Rozin,1121,10,https://www.atptour.com/en/rankings/singles?dateWeek=2025-10-13&rankRange=0-5000,2026-03-22T00:42:36Z
atp,2025-10-13,B0QQ,K. Bennani,Karim Bennani,1122,10,https://www.atptour.com/en/rankings/singles?dateWeek=2025-10-13&rankRange=0-5000,2026-03-22T00:42:36Z
atp,2025-10-13,W09T,L. Wiedenmann,Luca Wiedenmann,1123,10,https://www.atptour.com/en/rankings/singles?dateWeek=2025-10-13&rankRange=0-5000,2026-03-22T00:42:36Z
atp,2025-10-13,R0JI,K. Rice,Keegan Rice,1124,10,https://www.atptour.com/en/rankings/singles?dateWeek=2025-10-13&rankRange=0-5000,2026-03-22T00:42:36Z
atp,2025-10-13,SP80,N. Serdarusic,Nino Serdarusic,1125,10,https://www.atptour.com/en/rankings/singles?dateWeek=2025-10-13&rankRange=0-5000,2026-03-22T00:42:36Z
atp,2025-10-13,M0NX,A. Meduri,Andrea Meduri,1126,10,https://www.atptour.com/en/rankings/singles?dateWeek=2025-10-13&rankRange=0-5000,2026-03-22T00:42:36Z
atp,2025-10-13,A0I9,E. Ambarzumjan,Edison Ambarzumjan,1127,10,https://www.atptour.com/en/rankings/singles?dateWeek=2025-10-13&rankRange=0-5000,2026-03-22T00:42:36Z
atp,2025-10-13,D985,J. Domingues,Joao Domingues,1128,10,https://www.atptour.com/en/rankings/singles?dateWeek=2025-10-13&rankRange=0-5000,2026-03-22T00:42:36Z
atp,2025-10-13,W716,M. Whitehouse,Mark Whitehouse,1129,10,https://www.atptour.com/en/rankings/singles?dateWeek=2025-10-13&rankRange=0-5000,2026-03-22T00:42:36Z
atp,2025-10-13,L0IO,L. Larue,Louis Larue,1130,10,https://www.atptour.com/en/rankings/singles?dateWeek=2025-10-13&rankRange=0-5000,2026-03-22T00:42:36Z
atp,2025-10-13,PL80,B. Pavel,Bogdan Pavel,1131,10,https://www.atptour.com/en/rankings/singles?dateWeek=2025-10-13&rankRange=0-5000,2026-03-22T00:42:36Z
atp,2025-10-13,I09U,R. Izquierdo Luque,Rafael Izquierdo Luque,1132,10,https://www.atptour.com/en/rankings/singles?dateWeek=2025-10-13&rankRange=0-5000,2026-03-22T00:42:36Z
atp,2025-10-13,C0LM,C. Camus,Charlie Camus,1133,10,https://www.atptour.com/en/rankings/singles?dateWeek=2025-10-13&rankRange=0-5000,2026-03-22T00:42:36Z
atp,2025-10-13,V505,V. Vardhan,Vishnu Vardhan,1134,10,https://www.atptour.com/en/rankings/singles?dateWeek=2025-10-13&rankRange=0-5000,2026-03-22T00:42:36Z
atp,2025-10-13,D0JM,R. De Alba,Rafael De Alba,1135,10,https://www.atptour.com/en/rankings/singles?dateWeek=2025-10-13&rankRange=0-5000,2026-03-22T00:42:36Z
atp,2025-10-13,P0NT,P. Pinter,Piet Luis Pinter,1136,10,https://www.atptour.com/en/rankings/singles?dateWeek=2025-10-13&rankRange=0-5000,2026-03-22T00:42:36Z
atp,2025-10-13,O0E7,A. Omarkhanov,Amir Omarkhanov,1137,10,https://www.atptour.com/en/rankings/singles?dateWeek=2025-10-13&rankRange=0-5000,2026-03-22T00:42:36Z
atp,2025-10-13,D09V,I. Denisov,Ivan Denisov,1138,10,https://www.atptour.com/en/rankings/singles?dateWeek=2025-10-13&rankRange=0-5000,2026-03-22T00:42:36Z
atp,2025-10-13,S0GM,D. Salazar,Daniel Salazar,1139,10,https://www.atptour.com/en/rankings/singles?dateWeek=2025-10-13&rankRange=0-5000,2026-03-22T00:42:36Z
atp,2025-10-13,L0BU,H. Liu,Hanyi Liu,1140,10,https://www.atptour.com/en/rankings/singles?dateWeek=2025-10-13&rankRange=0-5000,2026-03-22T00:42:36Z
atp,2025-10-13,F0FL,B. Fernandez,Bruno Fernandez,1141,10,https://www.atptour.com/en/rankings/singles?dateWeek=2025-10-13&rankRange=0-5000,2026-03-22T00:42:36Z
atp,2025-10-13,U0A3,M. Ujvary,Matthias Ujvary,1142,10,https://www.atptour.com/en/rankings/singles?dateWeek=2025-10-13&rankRange=0-5000,2026-03-22T00:42:36Z
atp,2025-10-13,K0FW,J. Kupcic,Jan Kupcic,1143,10,https://www.atptour.com/en/rankings/singles?dateWeek=2025-10-13&rankRange=0-5000,2026-03-22T00:42:36Z
atp,2025-10-13,J0AK,Y. Jin,Yuquan Jin,1144,10,https://www.atptour.com/en/rankings/singles?dateWeek=2025-10-13&rankRange=0-5000,2026-03-22T00:42:36Z
atp,2025-10-13,S0VZ,S. Seghetti,Samuele Seghetti,1145,10,https://www.atptour.com/en/rankings/singles?dateWeek=2025-10-13&rankRange=0-5000,2026-03-22T00:42:36Z
atp,2025-10-13,T0DN,N. Thurner,Noah Thurner,1146,10,https://www.atptour.com/en/rankings/singles?dateWeek=2025-10-13&rankRange=0-5000,2026-03-22T00:42:36Z
atp,2025-10-13,I0BE,S. Ivanov,Saveliy Ivanov,1147,10,https://www.atptour.com/en/rankings/singles?dateWeek=2025-10-13&rankRange=0-5000,2026-03-22T00:42:36Z
atp,2025-10-13,S1D0,M. Sik,Mustafa Ege Sik,1148,9,https://www.atptour.com/en/rankings/singles?dateWeek=2025-10-13&rankRange=0-5000,2026-03-22T00:42:36Z
atp,2025-10-13,MM24,B. Malla,Bastian Malla,1151,9,https://www.atptour.com/en/rankings/singles?dateWeek=2025-10-13&rankRange=0-5000,2026-03-22T00:42:36Z
atp,2025-10-13,M0XA,M. Martinez Serrano,Mario Martinez Serrano,1154,9,https://www.atptour.com/en/rankings/singles?dateWeek=2025-10-13&rankRange=0-5000,2026-03-22T00:42:36Z
atp,2025-10-13,K0NP,J. Kennedy,Jack Kennedy,1157,9,https://www.atptour.com/en/rankings/singles?dateWeek=2025-10-13&rankRange=0-5000,2026-03-22T00:42:36Z
atp,2025-10-13,M0RC,S. Matsuoka,Shu Matsuoka,1158,9,https://www.atptour.com/en/rankings/singles?dateWeek=2025-10-13&rankRange=0-5000,2026-03-22T00:42:36Z
atp,2025-10-13,R0EK,N. Rodrigues,Natan Rodrigues,1159,9,https://www.atptour.com/en/rankings/singles?dateWeek=2025-10-13&rankRange=0-5000,2026-03-22T00:42:36Z
atp,2025-10-13,R0K9,C. Robertson,Charlie Robertson,1160,9,https://www.atptour.com/en/rankings/singles?dateWeek=2025-10-13&rankRange=0-5000,2026-03-22T00:42:36Z
atp,2025-10-13,A0C5,D. Azoidis,Dimitris Azoidis,1161,9,https://www.atptour.com/en/rankings/singles?dateWeek=2025-10-13&rankRange=0-5000,2026-03-22T00:42:36Z
atp,2025-10-13,L0EV,V. Lapalu,Valentin Lapalu,1162,9,https://www.atptour.com/en/rankings/singles?dateWeek=2025-10-13&rankRange=0-5000,2026-03-22T00:42:36Z
atp,2025-10-13,P0IG,M. Pawelski,Martyn Pawelski,1163,9,https://www.atptour.com/en/rankings/singles?dateWeek=2025-10-13&rankRange=0-5000,2026-03-22T00:42:36Z
atp,2025-10-13,HH01,B. Hannestad,Benjamin Hannestad,1166,9,https://www.atptour.com/en/rankings/singles?dateWeek=2025-10-13&rankRange=0-5000,2026-03-22T00:42:36Z
atp,2025-10-13,B0LS,A. Bonnaud,Arthur Bonnaud,1167,9,https://www.atptour.com/en/rankings/singles?dateWeek=2025-10-13&rankRange=0-5000,2026-03-22T00:42:36Z
atp,2025-10-13,B0C4,C. Bertimon,Charles Bertimon,1168,9,https://www.atptour.com/en/rankings/singles?dateWeek=2025-10-13&rankRange=0-5000,2026-03-22T00:42:36Z
atp,2025-10-13,T0G2,M. Tammaro,Mariano Tammaro,1169,9,https://www.atptour.com/en/rankings/singles?dateWeek=2025-10-13&rankRange=0-5000,2026-03-22T00:42:36Z
atp,2025-10-13,H0GC,A. Habib,Ali Habib,1170,9,https://www.atptour.com/en/rankings/singles?dateWeek=2025-10-13&rankRange=0-5000,2026-03-22T00:42:36Z
atp,2025-10-13,S1BV,B. Suarez,Billy Suarez,1171,9,https://www.atptour.com/en/rankings/singles?dateWeek=2025-10-13&rankRange=0-5000,2026-03-22T00:42:36Z
atp,2025-10-13,I416,Y. Inui,Yuichiro Inui,1172,9,https://www.atptour.com/en/rankings/singles?dateWeek=2025-10-13&rankRange=0-5000,2026-03-22T00:42:36Z
atp,2025-10-13,F0FB,M. Figl,Maximilian Figl,1173,9,https://www.atptour.com/en/rankings/singles?dateWeek=2025-10-13&rankRange=0-5000,2026-03-22T00:42:36Z
atp,2025-10-13,G0Q1,V. Gogineni,Vignesh Gogineni,1174,8,https://www.atptour.com/en/rankings/singles?dateWeek=2025-10-13&rankRange=0-5000,2026-03-22T00:42:36Z
atp,2025-10-13,B0T6,T. Boogaard,Thijs Boogaard,1177,8,https://www.atptour.com/en/rankings/singles?dateWeek=2025-10-13&rankRange=0-5000,2026-03-22T00:42:36Z
atp,2025-10-13,D0HX,D. Dietrich,Dylan Dietrich,1178,8,https://www.atptour.com/en/rankings/singles?dateWeek=2025-10-13&rankRange=0-5000,2026-03-22T00:42:36Z
atp,2025-10-13,A0AN,C. Aksu,Cengiz Aksu,1181,8,https://www.atptour.com/en/rankings/singles?dateWeek=2025-10-13&rankRange=0-5000,2026-03-22T00:42:36Z
atp,2025-10-13,CL82,D. Cukierman,Daniel Cukierman,1182,8,https://www.atptour.com/en/rankings/singles?dateWeek=2025-10-13&rankRange=0-5000,2026-03-22T00:42:36Z
atp,2025-10-13,KH41,P. Kaukovalta,Patrick Kaukovalta,1183,8,https://www.atptour.com/en/rankings/singles?dateWeek=2025-10-13&rankRange=0-5000,2026-03-22T00:42:36Z
atp,2025-10-13,S0Z6,A. Stater,Alexander Stater,1184,8,https://www.atptour.com/en/rankings/singles?dateWeek=2025-10-13&rankRange=0-5000,2026-03-22T00:42:36Z
atp,2025-10-13,T0HM,V. Tonejc,Vito Tonejc,1185,8,https://www.atptour.com/en/rankings/singles?dateWeek=2025-10-13&rankRange=0-5000,2026-03-22T00:42:36Z
atp,2025-10-13,W0FH,B. Willwerth,Benjamin Willwerth,1188,8,https://www.atptour.com/en/rankings/singles?dateWeek=2025-10-13&rankRange=0-5000,2026-03-22T00:42:36Z
atp,2025-10-13,KC86,D. King,Darian King,1189,8,https://www.atptour.com/en/rankings/singles?dateWeek=2025-10-13&rankRange=0-5000,2026-03-22T00:42:36Z
atp,2025-10-13,B0C3,S. Beaupain,Simon Beaupain,1190,8,https://www.atptour.com/en/rankings/singles?dateWeek=2025-10-13&rankRange=0-5000,2026-03-22T00:42:36Z
atp,2025-10-13,S0TO,T. Silva,Tiago Silva,1191,8,https://www.atptour.com/en/rankings/singles?dateWeek=2025-10-13&rankRange=0-5000,2026-03-22T00:42:36Z
atp,2025-10-13,C0NX,S. Cho,Seongwoo Cho,1192,8,https://www.atptour.com/en/rankings/singles?dateWeek=2025-10-13&rankRange=0-5000,2026-03-22T00:42:36Z
atp,2025-10-13,MK26,J. Marie,Jules Marie,1193,8,https://www.atptour.com/en/rankings/singles?dateWeek=2025-10-13&rankRange=0-5000,2026-03-22T00:42:36Z
atp,2025-10-13,P0B6,S. Polukhin,Savva Polukhin,1194,8,https://www.atptour.com/en/rankings/singles?dateWeek=2025-10-13&rankRange=0-5000,2026-03-22T00:42:36Z
atp,2025-10-13,H0D1,A. Heinonen,Adam Heinonen,1195,8,https://www.atptour.com/en/rankings/singles?dateWeek=2025-10-13&rankRange=0-5000,2026-03-22T00:42:36Z
atp,2025-10-13,K0JS,P. Kumar,Pranav Kumar,1196,8,https://www.atptour.com/en/rankings/singles?dateWeek=2025-10-13&rankRange=0-5000,2026-03-22T00:42:36Z
atp,2025-10-13,G0KQ,R. Guna,Robert Guna,1203,8,https://www.atptour.com/en/rankings/singles?dateWeek=2025-10-13&rankRange=0-5000,2026-03-22T00:42:36Z
atp,2025-10-13,AG30,A. Alhogbani,Ammar Alhogbani,1206,8,https://www.atptour.com/en/rankings/singles?dateWeek=2025-10-13&rankRange=0-5000,2026-03-22T00:42:36Z
atp,2025-10-13,SF41,A. Setkic,Aldin Setkic,1207,8,https://www.atptour.com/en/rankings/singles?dateWeek=2025-10-13&rankRange=0-5000,2026-03-22T00:42:36Z
atp,2025-10-13,B0W9,N. Barsukov,Nikolai Barsukov,1210,8,https://www.atptour.com/en/rankings/singles?dateWeek=2025-10-13&rankRange=0-5000,2026-03-22T00:42:36Z
atp,2025-10-13,B0G4,G. Bosio,Gabriele Bosio,1211,8,https://www.atptour.com/en/rankings/singles?dateWeek=2025-10-13&rankRange=0-5000,2026-03-22T00:42:36Z
atp,2025-10-13,S1AP,T. Stringer,Tristan Stringer,1212,8,https://www.atptour.com/en/rankings/singles?dateWeek=2025-10-13&rankRange=0-5000,2026-03-22T00:42:36Z
atp,2025-10-13,C0NI,A. Chayka,Aleksander Chayka,1213,8,https://www.atptour.com/en/rankings/singles?dateWeek=2025-10-13&rankRange=0-5000,2026-03-22T00:42:36Z
atp,2025-10-13,F0GO,S. Fita Juan,Sergi Fita Juan,1214,8,https://www.atptour.com/en/rankings/singles?dateWeek=2025-10-13&rankRange=0-5000,2026-03-22T00:42:36Z
atp,2025-10-13,H0CE,P. Hjorth,Philip Hjorth,1215,8,https://www.atptour.com/en/rankings/singles?dateWeek=2025-10-13&rankRange=0-5000,2026-03-22T00:42:36Z
atp,2025-10-13,T0J8,Y. Tomida,Yuta Tomida,1216,8,https://www.atptour.com/en/rankings/singles?dateWeek=2025-10-13&rankRange=0-5000,2026-03-22T00:42:36Z
atp,2025-10-13,R0KE,C. Rolland De Ravel,Cosme Rolland De Ravel,1217,7,https://www.atptour.com/en/rankings/singles?dateWeek=2025-10-13&rankRange=0-5000,2026-03-22T00:42:36Z
atp,2025-10-13,M19T,J. Mackenzie,Jamie Mackenzie,1218,7,https://www.atptour.com/en/rankings/singles?dateWeek=2025-10-13&rankRange=0-5000,2026-03-22T00:42:36Z
atp,2025-10-13,I327,G. Iradukunda,Guy Orly Iradukunda,1219,7,https://www.atptour.com/en/rankings/singles?dateWeek=2025-10-13&rankRange=0-5000,2026-03-22T00:42:36Z
atp,2025-10-13,R0LR,N. Ratiu,Niels Ratiu,1220,7,https://www.atptour.com/en/rankings/singles?dateWeek=2025-10-13&rankRange=0-5000,2026-03-22T00:42:36Z
atp,2025-10-13,C0Q6,A. Chang,Alex Chang,1221,7,https://www.atptour.com/en/rankings/singles?dateWeek=2025-10-13&rankRange=0-5000,2026-03-22T00:42:36Z
atp,2025-10-13,Z0CE,N. Zamora,Noah Zamora,1222,7,https://www.atptour.com/en/rankings/singles?dateWeek=2025-10-13&rankRange=0-5000,2026-03-22T00:42:36Z
atp,2025-10-13,B0M0,L. Branger,Liam Branger,1223,7,https://www.atptour.com/en/rankings/singles?dateWeek=2025-10-13&rankRange=0-5000,2026-03-22T00:42:36Z
atp,2025-10-13,H0D8,T. Hands,Tom Hands,1224,7,https://www.atptour.com/en/rankings/singles?dateWeek=2025-10-13&rankRange=0-5000,2026-03-22T00:42:36Z
atp,2025-10-13,G0GF,R. Gales,Romain Gales,1225,7,https://www.atptour.com/en/rankings/singles?dateWeek=2025-10-13&rankRange=0-5000,2026-03-22T00:42:36Z
atp,2025-10-13,N0DY,F. Nidunjianzan,Fnu Nidunjianzan,1226,7,https://www.atptour.com/en/rankings/singles?dateWeek=2025-10-13&rankRange=0-5000,2026-03-22T00:42:36Z
atp,2025-10-13,F0HB,R. Fernandes,Rodrigo Fernandes,1227,7,https://www.atptour.com/en/rankings/singles?dateWeek=2025-10-13&rankRange=0-5000,2026-03-22T00:42:36Z
atp,2025-10-13,G0JC,N. Godsick,Nicholas Godsick,1228,7,https://www.atptour.com/en/rankings/singles?dateWeek=2025-10-13&rankRange=0-5000,2026-03-22T00:42:36Z
atp,2025-10-13,K0DV,G. Kim,Geun Jun Kim,1229,7,https://www.atptour.com/en/rankings/singles?dateWeek=2025-10-13&rankRange=0-5000,2026-03-22T00:42:36Z
atp,2025-10-13,J0CT,W. Jansen,William Jansen,1230,7,https://www.atptour.com/en/rankings/singles?dateWeek=2025-10-13&rankRange=0-5000,2026-03-22T00:42:36Z
atp,2025-10-13,B0HA,D. Bagnolini,Daniel Bagnolini,1234,7,https://www.atptour.com/en/rankings/singles?dateWeek=2025-10-13&rankRange=0-5000,2026-03-22T00:42:36Z
atp,2025-10-13,CF60,P. Juszczak,Pawel Juszczak,1235,7,https://www.atptour.com/en/rankings/singles?dateWeek=2025-10-13&rankRange=0-5000,2026-03-22T00:42:36Z
atp,2025-10-13,BP44,G. Brymer,Gage Brymer,1236,7,https://www.atptour.com/en/rankings/singles?dateWeek=2025-10-13&rankRange=0-5000,2026-03-22T00:42:36Z
atp,2025-10-13,K0IR,L. Krall,Liam Krall,1237,7,https://www.atptour.com/en/rankings/singles?dateWeek=2025-10-13&rankRange=0-5000,2026-03-22T00:42:36Z
atp,2025-10-13,A0LW,F. Alberti,Filippo Alberti,1238,7,https://www.atptour.com/en/rankings/singles?dateWeek=2025-10-13&rankRange=0-5000,2026-03-22T00:42:36Z
atp,2025-10-13,H0I8,G. Hornung,Gabor Hornung,1239,7,https://www.atptour.com/en/rankings/singles?dateWeek=2025-10-13&rankRange=0-5000,2026-03-22T00:42:36Z
atp,2025-10-13,C0JU,E. Camargo Lima,Enzo Camargo Lima,1244,7,https://www.atptour.com/en/rankings/singles?dateWeek=2025-10-13&rankRange=0-5000,2026-03-22T00:42:36Z
atp,2025-10-13,T0HS,P. Trochu,Pablo Trochu,1247,7,https://www.atptour.com/en/rankings/singles?dateWeek=2025-10-13&rankRange=0-5000,2026-03-22T00:42:36Z
atp,2025-10-13,B0U0,F. Bidan,Fadi Bidan,1248,7,https://www.atptour.com/en/rankings/singles?dateWeek=2025-10-13&rankRange=0-5000,2026-03-22T00:42:36Z
atp,2025-10-13,M0V5,M. Majdandzic,Marc Majdandzic,1249,7,https://www.atptour.com/en/rankings/singles?dateWeek=2025-10-13&rankRange=0-5000,2026-03-22T00:42:36Z
atp,2025-10-13,V0ET,M. Vasiliauskas,Matas Vasiliauskas,1250,7,https://www.atptour.com/en/rankings/singles?dateWeek=2025-10-13&rankRange=0-5000,2026-03-22T00:42:36Z
atp,2025-10-13,HB18,A. Horoz,Alp Horoz,1253,7,https://www.atptour.com/en/rankings/singles?dateWeek=2025-10-13&rankRange=0-5000,2026-03-22T00:42:36Z
atp,2025-10-13,C0R1,L. Cattaneo,Leonardo Cattaneo,1254,7,https://www.atptour.com/en/rankings/singles?dateWeek=2025-10-13&rankRange=0-5000,2026-03-22T00:42:36Z
atp,2025-10-13,W0BR,N. Waldner,Niklas Waldner,1255,7,https://www.atptour.com/en/rankings/singles?dateWeek=2025-10-13&rankRange=0-5000,2026-03-22T00:42:36Z
atp,2025-10-13,C0Q4,C. Chen,Charles Chen,1256,7,https://www.atptour.com/en/rankings/singles?dateWeek=2025-10-13&rankRange=0-5000,2026-03-22T00:42:36Z
atp,2025-10-13,H0I7,N. Hipfl,Nico Hipfl,1257,7,https://www.atptour.com/en/rankings/singles?dateWeek=2025-10-13&rankRange=0-5000,2026-03-22T00:42:36Z
atp,2025-10-13,B0VT,J. Bianchi,Juan Jose Bianchi,1258,7,https://www.atptour.com/en/rankings/singles?dateWeek=2025-10-13&rankRange=0-5000,2026-03-22T00:42:36Z
atp,2025-10-13,O498,I. Okamura,Issei Okamura,1259,7,https://www.atptour.com/en/rankings/singles?dateWeek=2025-10-13&rankRange=0-5000,2026-03-22T00:42:36Z
atp,2025-10-13,BM09,L. Bataljin,Lawrence Bataljin,1260,7,https://www.atptour.com/en/rankings/singles?dateWeek=2025-10-13&rankRange=0-5000,2026-03-22T00:42:36Z
atp,2025-10-13,J0ED,N. Jovic,Nikola Jovic,1261,7,https://www.atptour.com/en/rankings/singles?dateWeek=2025-10-13&rankRange=0-5000,2026-03-22T00:42:36Z
atp,2025-10-13,L0KR,M. Lazaro Juncadella,Manel Lazaro Juncadella,1262,7,https://www.atptour.com/en/rankings/singles?dateWeek=2025-10-13&rankRange=0-5000,2026-03-22T00:42:36Z
atp,2025-10-13,GK07,J. Graca,Joao Graca,1263,7,https://www.atptour.com/en/rankings/singles?dateWeek=2025-10-13&rankRange=0-5000,2026-03-22T00:42:36Z
atp,2025-10-13,SY72,R. Stalder,Reese Stalder,1264,6,https://www.atptour.com/en/rankings/singles?dateWeek=2025-10-13&rankRange=0-5000,2026-03-22T00:42:36Z
atp,2025-10-13,N0DR,B. Nakashima,Bryce Nakashima,1269,6,https://www.atptour.com/en/rankings/singles?dateWeek=2025-10-13&rankRange=0-5000,2026-03-22T00:42:36Z
atp,2025-10-13,J0EI,A. Jilly,Adam Jilly,1279,6,https://www.atptour.com/en/rankings/singles?dateWeek=2025-10-13&rankRange=0-5000,2026-03-22T00:42:36Z
atp,2025-10-13,S0NT,A. Shepp,Anton Shepp,1293,6,https://www.atptour.com/en/rankings/singles?dateWeek=2025-10-13&rankRange=0-5000,2026-03-22T00:42:36Z
atp,2025-10-13,S1C1,G. Sekachov,Glib Sekachov,1296,6,https://www.atptour.com/en/rankings/singles?dateWeek=2025-10-13&rankRange=0-5000,2026-03-22T00:42:36Z
atp,2025-10-13,F0E0,R. Falck,Reece Falck,1308,6,https://www.atptour.com/en/rankings/singles?dateWeek=2025-10-13&rankRange=0-5000,2026-03-22T00:42:36Z
atp,2025-10-13,B0W4,M. Balciunas,Manvydas Balciunas,1309,6,https://www.atptour.com/en/rankings/singles?dateWeek=2025-10-13&rankRange=0-5000,2026-03-22T00:42:36Z
atp,2025-10-13,Z0BY,N. Zanellato,Nicolas Zanellato,1310,6,https://www.atptour.com/en/rankings/singles?dateWeek=2025-10-13&rankRange=0-5000,2026-03-22T00:42:36Z
atp,2025-10-13,C0LG,M. Castañeda,Mateo Castañeda,1311,6,https://www.atptour.com/en/rankings/singles?dateWeek=2025-10-13&rankRange=0-5000,2026-03-22T00:42:36Z
atp,2025-10-13,N0F3,L. Namigandet Tenguere,Loic Namigandet Tenguere,1314,6,https://www.atptour.com/en/rankings/singles?dateWeek=2025-10-13&rankRange=0-5000,2026-03-22T00:42:36Z
atp,2025-10-13,M0N2,R. Michalik,Radovan Michalik,1315,6,https://www.atptour.com/en/rankings/singles?dateWeek=2025-10-13&rankRange=0-5000,2026-03-22T00:42:36Z
atp,2025-10-13,V948,D. Van Orderlain,Drew Van Orderlain,1316,6,https://www.atptour.com/en/rankings/singles?dateWeek=2025-10-13&rankRange=0-5000,2026-03-22T00:42:36Z
atp,2025-10-13,T0A0,S. Tang,Sheng Tang,1320,6,https://www.atptour.com/en/rankings/singles?dateWeek=2025-10-13&rankRange=0-5000,2026-03-22T00:42:36Z
atp,2025-10-13,S0NY,G. Saritas,Gokberk Saritas,1321,6,https://www.atptour.com/en/rankings/singles?dateWeek=2025-10-13&rankRange=0-5000,2026-03-22T00:42:36Z
atp,2025-10-13,B0M7,M. Bondaz,Mathis Bondaz,1330,5,https://www.atptour.com/en/rankings/singles?dateWeek=2025-10-13&rankRange=0-5000,2026-03-22T00:42:36Z
atp,2025-10-13,G0CI,N. Guttau,Niklas Guttau,1335,5,https://www.atptour.com/en/rankings/singles?dateWeek=2025-10-13&rankRange=0-5000,2026-03-22T00:42:36Z
atp,2025-10-13,S0RD,A. Sinha,Adit Sinha,1336,5,https://www.atptour.com/en/rankings/singles?dateWeek=2025-10-13&rankRange=0-5000,2026-03-22T00:42:36Z
atp,2025-10-13,G0C4,A. Gurmendi,Alexis Gurmendi,1339,5,https://www.atptour.com/en/rankings/singles?dateWeek=2025-10-13&rankRange=0-5000,2026-03-22T00:42:36Z
atp,2025-10-13,G0OS,J. Guilleme,Joaquin Guilleme,1342,5,https://www.atptour.com/en/rankings/singles?dateWeek=2025-10-13&rankRange=0-5000,2026-03-22T00:42:36Z
atp,2025-10-13,A0IP,T. Avcibasi,Toprak Avcibasi,1354,5,https://www.atptour.com/en/rankings/singles?dateWeek=2025-10-13&rankRange=0-5000,2026-03-22T00:42:36Z
atp,2025-10-13,B0DJ,I. Beloborodko,Illya Beloborodko,1355,5,https://www.atptour.com/en/rankings/singles?dateWeek=2025-10-13&rankRange=0-5000,2026-03-22T00:42:36Z
atp,2025-10-13,K0AB,A. Kalyanpur,Adil Kalyanpur,1363,5,https://www.atptour.com/en/rankings/singles?dateWeek=2025-10-13&rankRange=0-5000,2026-03-22T00:42:36Z
atp,2025-10-13,B0QB,A. Basile,Alessio Basile,1369,5,https://www.atptour.com/en/rankings/singles?dateWeek=2025-10-13&rankRange=0-5000,2026-03-22T00:42:36Z
atp,2025-10-13,G0M3,A. Gil Garcia,Aaron Gil Garcia,1370,5,https://www.atptour.com/en/rankings/singles?dateWeek=2025-10-13&rankRange=0-5000,2026-03-22T00:42:36Z
atp,2025-10-13,P0HL,P. Pampanin,Pietro Pampanin,1374,5,https://www.atptour.com/en/rankings/singles?dateWeek=2025-10-13&rankRange=0-5000,2026-03-22T00:42:36Z
atp,2025-10-13,P0L6,A. Paolini,Andrea Paolini,1382,5,https://www.atptour.com/en/rankings/singles?dateWeek=2025-10-13&rankRange=0-5000,2026-03-22T00:42:36Z
atp,2025-10-13,V0GG,O. Vasser,Oren Vasser,1383,5,https://www.atptour.com/en/rankings/singles?dateWeek=2025-10-13&rankRange=0-5000,2026-03-22T00:42:36Z
atp,2025-10-13,FB59,F. Ferrari,Francesco Ferrari,1384,5,https://www.atptour.com/en/rankings/singles?dateWeek=2025-10-13&rankRange=0-5000,2026-03-22T00:42:36Z
atp,2025-10-13,T0CH,R. Tosetto,Rafael Tosetto,1385,5,https://www.atptour.com/en/rankings/singles?dateWeek=2025-10-13&rankRange=0-5000,2026-03-22T00:42:36Z
atp,2025-10-13,C0H9,C. Chaiyarin,Credit Chaiyarin,1386,5,https://www.atptour.com/en/rankings/singles?dateWeek=2025-10-13&rankRange=0-5000,2026-03-22T00:42:36Z
atp,2025-10-13,S0KH,J. Schifris,Jeremy Schifris,1394,5,https://www.atptour.com/en/rankings/singles?dateWeek=2025-10-13&rankRange=0-5000,2026-03-22T00:42:36Z
atp,2025-10-13,RA51,B. Rola,Blaz Rola,1408,4,https://www.atptour.com/en/rankings/singles?dateWeek=2025-10-13&rankRange=0-5000,2026-03-22T00:42:36Z
atp,2025-10-13,K0IV,M. Kudernatsch,Moritz Kudernatsch,1426,4,https://www.atptour.com/en/rankings/singles?dateWeek=2025-10-13&rankRange=0-5000,2026-03-22T00:42:36Z
atp,2025-10-13,L0FZ,V. Leote Prata,Vasco Leote Prata,1431,4,https://www.atptour.com/en/rankings/singles?dateWeek=2025-10-13&rankRange=0-5000,2026-03-22T00:42:36Z
atp,2025-10-13,V0FD,P. Vaitiekunas,Pijus Vaitiekunas,1436,4,https://www.atptour.com/en/rankings/singles?dateWeek=2025-10-13&rankRange=0-5000,2026-03-22T00:42:36Z
atp,2025-10-13,Z246,M. Zekic,Miljan Zekic,1444,4,https://www.atptour.com/en/rankings/singles?dateWeek=2025-10-13&rankRange=0-5000,2026-03-22T00:42:36Z
atp,2025-10-13,B0VY,A. Bellegy,Arthur Bellegy,1456,4,https://www.atptour.com/en/rankings/singles?dateWeek=2025-10-13&rankRange=0-5000,2026-03-22T00:42:36Z
atp,2025-10-13,U09T,I. Urribarrens Ramirez,Iker Urribarrens Ramirez,1463,4,https://www.atptour.com/en/rankings/singles?dateWeek=2025-10-13&rankRange=0-5000,2026-03-22T00:42:36Z
atp,2025-10-13,V0J6,M. Visser,Mac Visser,1464,4,https://www.atptour.com/en/rankings/singles?dateWeek=2025-10-13&rankRange=0-5000,2026-03-22T00:42:36Z
atp,2025-10-13,V0HM,G. Vulpitta,Gabriele Vulpitta,1481,4,https://www.atptour.com/en/rankings/singles?dateWeek=2025-10-13&rankRange=0-5000,2026-03-22T00:42:36Z
atp,2025-10-13,E09U,H. Escurra Isnardi,Hernando Jose Escurra Isnardi,1482,4,https://www.atptour.com/en/rankings/singles?dateWeek=2025-10-13&rankRange=0-5000,2026-03-22T00:42:36Z
atp,2025-10-13,C0MO,G. Crisostomo,Giacomo Crisostomo,1494,4,https://www.atptour.com/en/rankings/singles?dateWeek=2025-10-13&rankRange=0-5000,2026-03-22T00:42:36Z
atp,2025-10-13,D0J9,L. Deflandre,Leo Deflandre,1497,4,https://www.atptour.com/en/rankings/singles?dateWeek=2025-10-13&rankRange=0-5000,2026-03-22T00:42:36Z
atp,2025-10-13,A714,P. Alvarado,Patricio Alvarado,1498,4,https://www.atptour.com/en/rankings/singles?dateWeek=2025-10-13&rankRange=0-5000,2026-03-22T00:42:36Z
atp,2025-10-13,C0KE,M. Coman,Mihai Alexandru Coman,1501,4,https://www.atptour.com/en/rankings/singles?dateWeek=2025-10-13&rankRange=0-5000,2026-03-22T00:42:36Z
atp,2025-10-13,A0AV,A. Aleshchev,Alexey Aleshchev,1502,4,https://www.atptour.com/en/rankings/singles?dateWeek=2025-10-13&rankRange=0-5000,2026-03-22T00:42:36Z
atp,2025-10-13,T0L3,L. Teunissen,Laurence Teunissen,1513,3,https://www.atptour.com/en/rankings/singles?dateWeek=2025-10-13&rankRange=0-5000,2026-03-22T00:42:36Z
atp,2025-10-13,G0NU,T. Gerbaud,Thomas Gerbaud,1564,3,https://www.atptour.com/en/rankings/singles?dateWeek=2025-10-13&rankRange=0-5000,2026-03-22T00:42:36Z
atp,2025-10-13,P0LN,M. Plunger,Manuel Plunger,1587,3,https://www.atptour.com/en/rankings/singles?dateWeek=2025-10-13&rankRange=0-5000,2026-03-22T00:42:36Z
atp,2025-10-13,L0L7,L. Lagarrigue,Leo Lagarrigue,1593,3,https://www.atptour.com/en/rankings/singles?dateWeek=2025-10-13&rankRange=0-5000,2026-03-22T00:42:36Z
atp,2025-10-13,K0H9,R. Kis Balazs,Rafael Kis Balazs,1594,3,https://www.atptour.com/en/rankings/singles?dateWeek=2025-10-13&rankRange=0-5000,2026-03-22T00:42:36Z
atp,2025-10-13,U0AC,D. Uta,Daniel Uta,1608,3,https://www.atptour.com/en/rankings/singles?dateWeek=2025-10-13&rankRange=0-5000,2026-03-22T00:42:36Z
atp,2025-10-13,G0KV,N. Garcia Longo,Nicolas Garcia Longo,1614,3,https://www.atptour.com/en/rankings/singles?dateWeek=2025-10-13&rankRange=0-5000,2026-03-22T00:42:36Z
atp,2025-10-13,N0FH,Y. Nandal,Yuvan Nandal,1621,3,https://www.atptour.com/en/rankings/singles?dateWeek=2025-10-13&rankRange=0-5000,2026-03-22T00:42:36Z
atp,2025-10-13,AG64,P. Aggarwal,Parth Aggarwal,1622,3,https://www.atptour.com/en/rankings/singles?dateWeek=2025-10-13&rankRange=0-5000,2026-03-22T00:42:36Z
atp,2025-10-13,C0OI,C. Cordoba,Carles Cordoba,1625,3,https://www.atptour.com/en/rankings/singles?dateWeek=2025-10-13&rankRange=0-5000,2026-03-22T00:42:36Z
atp,2025-10-13,G0O2,L. Garcia Paez,Luis Garcia Paez,1626,3,https://www.atptour.com/en/rankings/singles?dateWeek=2025-10-13&rankRange=0-5000,2026-03-22T00:42:36Z
atp,2025-10-13,P0ND,E. Pleshivtsev,Egor Pleshivtsev,1786,2,https://www.atptour.com/en/rankings/singles?dateWeek=2025-10-13&rankRange=0-5000,2026-03-22T00:42:36Z
atp,2025-10-13,D0NC,D. Domingos,Daniel Domingos,1806,2,https://www.atptour.com/en/rankings/singles?dateWeek=2025-10-13&rankRange=0-5000,2026-03-22T00:42:36Z
atp,2025-10-13,H0GJ,S. Hess,Sean Hess,1809,2,https://www.atptour.com/en/rankings/singles?dateWeek=2025-10-13&rankRange=0-5000,2026-03-22T00:42:36Z
atp,2025-10-13,B0M9,A. Bellifemine,Alessandro Bellifemine,1810,2,https://www.atptour.com/en/rankings/singles?dateWeek=2025-10-13&rankRange=0-5000,2026-03-22T00:42:36Z
atp,2025-10-13,A0E2,Carlos Alcaraz,Carlos Alcaraz,1,11340,https://www.atptour.com/en/rankings/singles?dateWeek=2025-10-13&rankRange=0-5000,2026-03-22T00:42:36Z
atp,2025-10-13,S0AG,Jannik Sinner,Jannik Sinner,2,10000,https://www.atptour.com/en/rankings/singles?dateWeek=2025-10-13&rankRange=0-5000,2026-03-22T00:42:36Z
atp,2025-10-13,Z355,Alexander Zverev,Alexander Zverev,3,5930,https://www.atptour.com/en/rankings/singles?dateWeek=2025-10-13&rankRange=0-5000,2026-03-22T00:42:36Z
atp,2025-10-13,FB98,Taylor Fritz,Taylor Fritz,4,4645,https://www.atptour.com/en/rankings/singles?dateWeek=2025-10-13&rankRange=0-5000,2026-03-22T00:42:36Z
atp,2025-10-13,D643,Novak Djokovic,Novak Djokovic,5,4580,https://www.atptour.com/en/rankings/singles?dateWeek=2025-10-13&rankRange=0-5000,2026-03-22T00:42:36Z
atp,2025-10-13,S0S1,Ben Shelton,Ben Shelton,6,4100,https://www.atptour.com/en/rankings/singles?dateWeek=2025-10-13&rankRange=0-5000,2026-03-22T00:42:36Z
atp,2025-10-13,DH58,Alex de Minaur,Alex De Minaur,7,3935,https://www.atptour.com/en/rankings/singles?dateWeek=2025-10-13&rankRange=0-5000,2026-03-22T00:42:36Z
atp,2025-10-13,M0EJ,Lorenzo Musetti,Lorenzo Musetti,8,3645,https://www.atptour.com/en/rankings/singles?dateWeek=2025-10-13&rankRange=0-5000,2026-03-22T00:42:36Z
atp,2025-10-13,D0CO,Jack Draper,Jack Draper,9,3590,https://www.atptour.com/en/rankings/singles?dateWeek=2025-10-13&rankRange=0-5000,2026-03-22T00:42:36Z
atp,2025-10-13,KE29,Karen Khachanov,Karen Khachanov,10,3190,https://www.atptour.com/en/rankings/singles?dateWeek=2025-10-13&rankRange=0-5000,2026-03-22T00:42:36Z
atp,2025-10-13,R0DG,Holger Rune,Holger Rune,11,3090,https://www.atptour.com/en/rankings/singles?dateWeek=2025-10-13&rankRange=0-5000,2026-03-22T00:42:36Z
atp,2025-10-13,RH16,Casper Ruud,Casper Ruud,12,2945,https://www.atptour.com/en/rankings/singles?dateWeek=2025-10-13&rankRange=0-5000,2026-03-22T00:42:36Z
atp,2025-10-13,AG37,Felix Auger-Aliassime,Felix Auger Aliassime,13,2905,https://www.atptour.com/en/rankings/singles?dateWeek=2025-10-13&rankRange=0-5000,2026-03-22T00:42:36Z
atp,2025-10-13,MM58,Daniil Medvedev,Daniil Medvedev,14,2610,https://www.atptour.com/en/rankings/singles?dateWeek=2025-10-13&rankRange=0-5000,2026-03-22T00:42:36Z
atp,2025-10-13,RE44,Andrey Rublev,Andrey Rublev,15,2560,https://www.atptour.com/en/rankings/singles?dateWeek=2025-10-13&rankRange=0-5000,2026-03-22T00:42:36Z
atp,2025-10-13,BK92,Alexander Bublik,Alexander Bublik,16,2430,https://www.atptour.com/en/rankings/singles?dateWeek=2025-10-13&rankRange=0-5000,2026-03-22T00:42:36Z
atp,2025-10-13,L0BV,Jiri Lehecka,Jiri Lehecka,17,2415,https://www.atptour.com/en/rankings/singles?dateWeek=2025-10-13&rankRange=0-5000,2026-03-22T00:42:36Z
atp,2025-10-13,PL56,Tommy Paul,Tommy Paul,18,2360,https://www.atptour.com/en/rankings/singles?dateWeek=2025-10-13&rankRange=0-5000,2026-03-22T00:42:36Z
atp,2025-10-13,M0NI,Jakub Mensik,Jakub Mensik,19,2265,https://www.atptour.com/en/rankings/singles?dateWeek=2025-10-13&rankRange=0-5000,2026-03-22T00:42:36Z
atp,2025-10-13,DH50,Alejandro Davidovich Fokina,Alejandro Davidovich Fokina,20,2260,https://www.atptour.com/en/rankings/singles?dateWeek=2025-10-13&rankRange=0-5000,2026-03-22T00:42:36Z
atp,2025-10-13,C0AU,Francisco Cerundolo,Francisco Cerundolo,21,2135,https://www.atptour.com/en/rankings/singles?dateWeek=2025-10-13&rankRange=0-5000,2026-03-22T00:42:36Z
atp,2025-10-13,C0E9,Flavio Cobolli,Flavio Cobolli,22,1950,https://www.atptour.com/en/rankings/singles?dateWeek=2025-10-13&rankRange=0-5000,2026-03-22T00:42:36Z
atp,2025-10-13,SU55,Denis Shapovalov,Denis Shapovalov,23,1838,https://www.atptour.com/en/rankings/singles?dateWeek=2025-10-13&rankRange=0-5000,2026-03-22T00:42:36Z
atp,2025-10-13,TE51,Stefanos Tsitsipas,Stefanos Tsitsipas,24,1730,https://www.atptour.com/en/rankings/singles?dateWeek=2025-10-13&rankRange=0-5000,2026-03-22T00:42:36Z
atp,2025-10-13,HH26,Ugo Humbert,Ugo Humbert,25,1725,https://www.atptour.com/en/rankings/singles?dateWeek=2025-10-13&rankRange=0-5000,2026-03-22T00:42:36Z
atp,2025-10-13,D0FJ,Luciano Darderi,Luciano Darderi,26,1649,https://www.atptour.com/en/rankings/singles?dateWeek=2025-10-13&rankRange=0-5000,2026-03-22T00:42:36Z
atp,2025-10-13,GJ37,Tallon Griekspoor,Tallon Griekspoor,27,1615,https://www.atptour.com/en/rankings/singles?dateWeek=2025-10-13&rankRange=0-5000,2026-03-22T00:42:36Z
atp,2025-10-13,RC91,Arthur Rinderknech,Arthur Rinderknech,28,1602,https://www.atptour.com/en/rankings/singles?dateWeek=2025-10-13&rankRange=0-5000,2026-03-22T00:42:36Z
atp,2025-10-13,TD51,Frances Tiafoe,Frances Tiafoe,29,1600,https://www.atptour.com/en/rankings/singles?dateWeek=2025-10-13&rankRange=0-5000,2026-03-22T00:42:36Z
atp,2025-10-13,M0FH,Tomas Machac,Tomas Machac,30,1570,https://www.atptour.com/en/rankings/singles?dateWeek=2025-10-13&rankRange=0-5000,2026-03-22T00:42:36Z
atp,2025-10-13,F0F1,Arthur Fils,Arthur Fils,31,1560,https://www.atptour.com/en/rankings/singles?dateWeek=2025-10-13&rankRange=0-5000,2026-03-22T00:42:36Z
atp,2025-10-13,D875,Grigor Dimitrov,Grigor Dimitrov,32,1545,https://www.atptour.com/en/rankings/singles?dateWeek=2025-10-13&rankRange=0-5000,2026-03-22T00:42:36Z
atp,2025-10-13,N771,Cameron Norrie,Cameron Norrie,33,1433,https://www.atptour.com/en/rankings/singles?dateWeek=2025-10-13&rankRange=0-5000,2026-03-22T00:42:36Z
atp,2025-10-13,N0AE,Brandon Nakashima,Brandon Nakashima,34,1430,https://www.atptour.com/en/rankings/singles?dateWeek=2025-10-13&rankRange=0-5000,2026-03-22T00:42:36Z
atp,2025-10-13,D0F6,Gabriel Diallo,Gabriel Diallo,35,1368,https://www.atptour.com/en/rankings/singles?dateWeek=2025-10-13&rankRange=0-5000,2026-03-22T00:42:36Z
atp,2025-10-13,M0QI,Alex Michelsen,Alex Michelsen,36,1365,https://www.atptour.com/en/rankings/singles?dateWeek=2025-10-13&rankRange=0-5000,2026-03-22T00:42:36Z
atp,2025-10-13,M0GZ,Giovanni Mpetshi Perricard,Giovanni Mpetshi Perricard,37,1365,https://www.atptour.com/en/rankings/singles?dateWeek=2025-10-13&rankRange=0-5000,2026-03-22T00:42:36Z
atp,2025-10-13,T0HA,Learner Tien,Learner Tien,38,1316,https://www.atptour.com/en/rankings/singles?dateWeek=2025-10-13&rankRange=0-5000,2026-03-22T00:42:36Z
atp,2025-10-13,BU13,Zizou Bergs,Zizou Bergs,39,1299,https://www.atptour.com/en/rankings/singles?dateWeek=2025-10-13&rankRange=0-5000,2026-03-22T00:42:36Z
atp,2025-10-13,VA25,Valentin Vacherot,Valentin Vacherot,40,1283,https://www.atptour.com/en/rankings/singles?dateWeek=2025-10-13&rankRange=0-5000,2026-03-22T00:42:36Z
atp,2025-10-13,MW02,Corentin Moutet,Corentin Moutet,41,1243,https://www.atptour.com/en/rankings/singles?dateWeek=2025-10-13&rankRange=0-5000,2026-03-22T00:42:36Z
atp,2025-10-13,MU94,Jaume Munar,Jaume Munar,42,1208,https://www.atptour.com/en/rankings/singles?dateWeek=2025-10-13&rankRange=0-5000,2026-03-22T00:42:36Z
atp,2025-10-13,MP20,Alexandre Muller,Alexandre Muller,43,1165,https://www.atptour.com/en/rankings/singles?dateWeek=2025-10-13&rankRange=0-5000,2026-03-22T00:42:36Z
atp,2025-10-13,B0BI,Sebastian Baez,Sebastian Baez,44,1155,https://www.atptour.com/en/rankings/singles?dateWeek=2025-10-13&rankRange=0-5000,2026-03-22T00:42:36Z
atp,2025-10-13,F0FV,Joao Fonseca,Joao Fonseca,45,1129,https://www.atptour.com/en/rankings/singles?dateWeek=2025-10-13&rankRange=0-5000,2026-03-22T00:42:36Z
atp,2025-10-13,BT72,Nuno Borges,Nuno Borges,46,1120,https://www.atptour.com/en/rankings/singles?dateWeek=2025-10-13&rankRange=0-5000,2026-03-22T00:42:36Z
atp,2025-10-13,SU87,Lorenzo Sonego,Lorenzo Sonego,47,1105,https://www.atptour.com/en/rankings/singles?dateWeek=2025-10-13&rankRange=0-5000,2026-03-22T00:42:36Z
atp,2025-10-13,P09Z,Alexei Popyrin,Alexei Popyrin,48,1090,https://www.atptour.com/en/rankings/singles?dateWeek=2025-10-13&rankRange=0-5000,2026-03-22T00:42:36Z
atp,2025-10-13,KI95,Miomir Kecmanovic,Miomir Kecmanovic,49,1066,https://www.atptour.com/en/rankings/singles?dateWeek=2025-10-13&rankRange=0-5000,2026-03-22T00:42:36Z
atp,2025-10-13,U182,Camilo Ugo Carabelli,Camilo Ugo Carabelli,50,1053,https://www.atptour.com/en/rankings/singles?dateWeek=2025-10-13&rankRange=0-5000,2026-03-22T00:42:36Z
atp,2025-10-13,AE14,Daniel Altmaier,Daniel Altmaier,51,1048,https://www.atptour.com/en/rankings/singles?dateWeek=2025-10-13&rankRange=0-5000,2026-03-22T00:42:36Z
atp,2025-10-13,M0CI,Fabian Marozsan,Fabian Marozsan,52,1040,https://www.atptour.com/en/rankings/singles?dateWeek=2025-10-13&rankRange=0-5000,2026-03-22T00:42:36Z
atp,2025-10-13,BM95,Benjamin Bonzi,Benjamin Bonzi,53,1005,https://www.atptour.com/en/rankings/singles?dateWeek=2025-10-13&rankRange=0-5000,2026-03-22T00:42:36Z
atp,2025-10-13,GC88,Marcos Giron,Marcos Giron,54,1000,https://www.atptour.com/en/rankings/singles?dateWeek=2025-10-13&rankRange=0-5000,2026-03-22T00:42:36Z
atp,2025-10-13,F724,Marton Fucsovics,Marton Fucsovics,55,986,https://www.atptour.com/en/rankings/singles?dateWeek=2025-10-13&rankRange=0-5000,2026-03-22T00:42:36Z
atp,2025-10-13,B0CD,Jenson Brooksby,Jenson Brooksby,56,967,https://www.atptour.com/en/rankings/singles?dateWeek=2025-10-13&rankRange=0-5000,2026-03-22T00:42:36Z
atp,2025-10-13,BD06,Roberto Bautista Agut,Roberto Bautista Agut,57,960,https://www.atptour.com/en/rankings/singles?dateWeek=2025-10-13&rankRange=0-5000,2026-03-22T00:42:36Z
atp,2025-10-13,C0H0,Arthur Cazaux,Arthur Cazaux,58,952,https://www.atptour.com/en/rankings/singles?dateWeek=2025-10-13&rankRange=0-5000,2026-03-22T00:42:36Z
atp,2025-10-13,ME82,Adrian Mannarino,Adrian Mannarino,59,942,https://www.atptour.com/en/rankings/singles?dateWeek=2025-10-13&rankRange=0-5000,2026-03-22T00:42:36Z
atp,2025-10-13,K0AH,Sebastian Korda,Sebastian Korda,60,920,https://www.atptour.com/en/rankings/singles?dateWeek=2025-10-13&rankRange=0-5000,2026-03-22T00:42:36Z
atp,2025-10-13,BK40,Matteo Berrettini,Matteo Berrettini,61,905,https://www.atptour.com/en/rankings/singles?dateWeek=2025-10-13&rankRange=0-5000,2026-03-22T00:42:36Z
atp,2025-10-13,O522,Reilly Opelka,Reilly Opelka,62,895,https://www.atptour.com/en/rankings/singles?dateWeek=2025-10-13&rankRange=0-5000,2026-03-22T00:42:36Z
atp,2025-10-13,EA24,Tomas Martin Etcheverry,Tomas Martin Etcheverry,63,880,https://www.atptour.com/en/rankings/singles?dateWeek=2025-10-13&rankRange=0-5000,2026-03-22T00:42:36Z
atp,2025-10-13,M0JF,Hamad Medjedovic,Hamad Medjedovic,64,877,https://www.atptour.com/en/rankings/singles?dateWeek=2025-10-13&rankRange=0-5000,2026-03-22T00:42:36Z
atp,2025-10-13,MC65,Gael Monfils,Gael Monfils,65,875,https://www.atptour.com/en/rankings/singles?dateWeek=2025-10-13&rankRange=0-5000,2026-03-22T00:42:36Z
atp,2025-10-13,A0GC,Terence Atmane,Terence Atmane,66,874,https://www.atptour.com/en/rankings/singles?dateWeek=2025-10-13&rankRange=0-5000,2026-03-22T00:42:36Z
atp,2025-10-13,D923,Damir Dzumhur,Damir Dzumhur,67,868,https://www.atptour.com/en/rankings/singles?dateWeek=2025-10-13&rankRange=0-5000,2026-03-22T00:42:36Z
atp,2025-10-13,C0DF,Francisco Comesana,Francisco Comesana,68,867,https://www.atptour.com/en/rankings/singles?dateWeek=2025-10-13&rankRange=0-5000,2026-03-22T00:42:36Z
atp,2025-10-13,K0AZ,Aleksandar Kovacevic,Aleksandar Kovacevic,69,862,https://www.atptour.com/en/rankings/singles?dateWeek=2025-10-13&rankRange=0-5000,2026-03-22T00:42:36Z
atp,2025-10-13,R0EB,Valentin Royer,Valentin Royer,70,847,https://www.atptour.com/en/rankings/singles?dateWeek=2025-10-13&rankRange=0-5000,2026-03-22T00:42:36Z
atp,2025-10-13,B0GG,Mattia Bellucci,Mattia Bellucci,71,837,https://www.atptour.com/en/rankings/singles?dateWeek=2025-10-13&rankRange=0-5000,2026-03-22T00:42:36Z
atp,2025-10-13,Q02L,Ethan Quinn,Ethan Quinn,72,834,https://www.atptour.com/en/rankings/singles?dateWeek=2025-10-13&rankRange=0-5000,2026-03-22T00:42:36Z
atp,2025-10-13,TE30,Alejandro Tabilo,Alejandro Tabilo,73,826,https://www.atptour.com/en/rankings/singles?dateWeek=2025-10-13&rankRange=0-5000,2026-03-22T00:42:36Z
atp,2025-10-13,A0FC,Matteo Arnaldi,Matteo Arnaldi,74,818,https://www.atptour.com/en/rankings/singles?dateWeek=2025-10-13&rankRange=0-5000,2026-03-22T00:42:36Z
atp,2025-10-13,MQ75,Kamil Majchrzak,Kamil Majchrzak,75,818,https://www.atptour.com/en/rankings/singles?dateWeek=2025-10-13&rankRange=0-5000,2026-03-22T00:42:36Z
atp,2025-10-13,W09E,Adam Walton,Adam Walton,76,796,https://www.atptour.com/en/rankings/singles?dateWeek=2025-10-13&rankRange=0-5000,2026-03-22T00:42:36Z
atp,2025-10-13,HB64,Quentin Halys,Quentin Halys,77,789,https://www.atptour.com/en/rankings/singles?dateWeek=2025-10-13&rankRange=0-5000,2026-03-22T00:42:36Z
atp,2025-10-13,HB71,Hubert Hurkacz,Hubert Hurkacz,78,785,https://www.atptour.com/en/rankings/singles?dateWeek=2025-10-13&rankRange=0-5000,2026-03-22T00:42:36Z
atp,2025-10-13,DB63,Laslo Djere,Laslo Djere,79,776,https://www.atptour.com/en/rankings/singles?dateWeek=2025-10-13&rankRange=0-5000,2026-03-22T00:42:36Z
atp,2025-10-13,TC61,Jordan Thompson,Jordan Thompson,80,772,https://www.atptour.com/en/rankings/singles?dateWeek=2025-10-13&rankRange=0-5000,2026-03-22T00:42:36Z
atp,2025-10-13,F0BY,Jacob Fearnley,Jacob Fearnley,81,764,https://www.atptour.com/en/rankings/singles?dateWeek=2025-10-13&rankRange=0-5000,2026-03-22T00:42:36Z
atp,2025-10-13,D0C1,Jesper de Jong,Jesper De Jong,82,760,https://www.atptour.com/en/rankings/singles?dateWeek=2025-10-13&rankRange=0-5000,2026-03-22T00:42:36Z
atp,2025-10-13,N0BG,Luca Nardi,Luca Nardi,83,747,https://www.atptour.com/en/rankings/singles?dateWeek=2025-10-13&rankRange=0-5000,2026-03-22T00:42:36Z
atp,2025-10-13,N0BS,Mariano Navone,Mariano Navone,84,735,https://www.atptour.com/en/rankings/singles?dateWeek=2025-10-13&rankRange=0-5000,2026-03-22T00:42:36Z
atp,2025-10-13,V832,Aleksandar Vukic,Aleksandar Vukic,85,733,https://www.atptour.com/en/rankings/singles?dateWeek=2025-10-13&rankRange=0-5000,2026-03-22T00:42:36Z
atp,2025-10-13,V812,Botic van de Zandschulp,Botic Van De Zandschulp,86,727,https://www.atptour.com/en/rankings/singles?dateWeek=2025-10-13&rankRange=0-5000,2026-03-22T00:42:36Z
atp,2025-10-13,C0C8,Juan Manuel Cerundolo,Juan Manuel Cerundolo,87,727,https://www.atptour.com/en/rankings/singles?dateWeek=2025-10-13&rankRange=0-5000,2026-03-22T00:42:36Z
atp,2025-10-13,S0GD,Dalibor Svrcina,Dalibor Svrcina,88,727,https://www.atptour.com/en/rankings/singles?dateWeek=2025-10-13&rankRange=0-5000,2026-03-22T00:42:36Z
atp,2025-10-13,MO44,Pedro Martinez,Pedro Martinez,89,718,https://www.atptour.com/en/rankings/singles?dateWeek=2025-10-13&rankRange=0-5000,2026-03-22T00:42:36Z
atp,2025-10-13,C0JP,Raphael Collignon,Raphael Collignon,90,713,https://www.atptour.com/en/rankings/singles?dateWeek=2025-10-13&rankRange=0-5000,2026-03-22T00:42:36Z
atp,2025-10-13,S0H2,Alexander Shevchenko,Alexander Shevchenko,91,687,https://www.atptour.com/en/rankings/singles?dateWeek=2025-10-13&rankRange=0-5000,2026-03-22T00:42:36Z
atp,2025-10-13,C977,Marin Cilic,Marin Cilic,92,684,https://www.atptour.com/en/rankings/singles?dateWeek=2025-10-13&rankRange=0-5000,2026-03-22T00:42:36Z
atp,2025-10-13,N0AM,Emilio Nava,Emilio Nava,93,683,https://www.atptour.com/en/rankings/singles?dateWeek=2025-10-13&rankRange=0-5000,2026-03-22T00:42:36Z
atp,2025-10-13,KI82,Vit Kopriva,Vit Kopriva,94,677,https://www.atptour.com/en/rankings/singles?dateWeek=2025-10-13&rankRange=0-5000,2026-03-22T00:42:36Z
atp,2025-10-13,M0JZ,Filip Misolic,Filip Misolic,95,663,https://www.atptour.com/en/rankings/singles?dateWeek=2025-10-13&rankRange=0-5000,2026-03-22T00:42:36Z
atp,2025-10-13,S0N0,Tristan Schoolkate,Tristan Schoolkate,96,662,https://www.atptour.com/en/rankings/singles?dateWeek=2025-10-13&rankRange=0-5000,2026-03-22T00:42:36Z
atp,2025-10-13,G09O,Hugo Gaston,Hugo Gaston,97,653,https://www.atptour.com/en/rankings/singles?dateWeek=2025-10-13&rankRange=0-5000,2026-03-22T00:42:36Z
atp,2025-10-13,SL28,Jan-Lennard Struff,Jan Lennard Struff,98,648,https://www.atptour.com/en/rankings/singles?dateWeek=2025-10-13&rankRange=0-5000,2026-03-22T00:42:36Z
atp,2025-10-13,MK66,Mackenzie McDonald,Mackenzie Mcdonald,99,646,https://www.atptour.com/en/rankings/singles?dateWeek=2025-10-13&rankRange=0-5000,2026-03-22T00:42:36Z
atp,2025-10-13,T0A1,Thiago Agustin Tirante,Thiago Agustin Tirante,100,645,https://www.atptour.com/en/rankings/singles?dateWeek=2025-10-13&rankRange=0-5000,2026-03-22T00:42:36Z
atp,2025-10-13,BG23,Nikoloz Basilashvili,Nikoloz Basilashvili,101,642,https://www.atptour.com/en/rankings/singles?dateWeek=2025-10-13&rankRange=0-5000,2026-03-22T00:42:36Z
atp,2025-10-13,M0HU,Shintaro Mochizuki,Shintaro Mochizuki,102,636,https://www.atptour.com/en/rankings/singles?dateWeek=2025-10-13&rankRange=0-5000,2026-03-22T00:42:36Z
atp,2025-10-13,TE16,Carlos Taberner,Carlos Taberner,103,620,https://www.atptour.com/en/rankings/singles?dateWeek=2025-10-13&rankRange=0-5000,2026-03-22T00:42:36Z
atp,2025-10-13,CD85,Pablo Carreno Busta,Pablo Carreno Busta,104,617,https://www.atptour.com/en/rankings/singles?dateWeek=2025-10-13&rankRange=0-5000,2026-03-22T00:42:36Z
atp,2025-10-13,GB88,David Goffin,David Goffin,105,609,https://www.atptour.com/en/rankings/singles?dateWeek=2025-10-13&rankRange=0-5000,2026-03-22T00:42:36Z
atp,2025-10-13,O483,Christopher O'Connell,Christopher O'connell,106,599,https://www.atptour.com/en/rankings/singles?dateWeek=2025-10-13&rankRange=0-5000,2026-03-22T00:42:36Z
atp,2025-10-13,CG80,Borna Coric,Borna Coric,107,582,https://www.atptour.com/en/rankings/singles?dateWeek=2025-10-13&rankRange=0-5000,2026-03-22T00:42:36Z
atp,2025-10-13,GD64,Cristian Garin,Cristian Garin,108,579,https://www.atptour.com/en/rankings/singles?dateWeek=2025-10-13&rankRange=0-5000,2026-03-22T00:42:36Z
atp,2025-10-13,J551,Nicolas Jarry,Nicolas Jarry,109,576,https://www.atptour.com/en/rankings/singles?dateWeek=2025-10-13&rankRange=0-5000,2026-03-22T00:42:36Z
atp,2025-10-13,L0IL,Martin Landaluce,Martin Landaluce,110,569,https://www.atptour.com/en/rankings/singles?dateWeek=2025-10-13&rankRange=0-5000,2026-03-22T00:42:36Z
atp,2025-10-13,S0JA,Eliot Spizzirri,Eliot Spizzirri,111,563,https://www.atptour.com/en/rankings/singles?dateWeek=2025-10-13&rankRange=0-5000,2026-03-22T00:42:36Z
atp,2025-10-13,H09P,Brandon Holt,Brandon Holt,112,559,https://www.atptour.com/en/rankings/singles?dateWeek=2025-10-13&rankRange=0-5000,2026-03-22T00:42:36Z
atp,2025-10-13,B0ID,Ignacio Buse,Ignacio Buse,113,559,https://www.atptour.com/en/rankings/singles?dateWeek=2025-10-13&rankRange=0-5000,2026-03-22T00:42:36Z
atp,2025-10-13,H0BH,Rinky Hijikata,Rinky Hijikata,114,558,https://www.atptour.com/en/rankings/singles?dateWeek=2025-10-13&rankRange=0-5000,2026-03-22T00:42:36Z
atp,2025-10-13,Y09V,Yunchaokete Bu,Yunchaokete Bu,115,551,https://www.atptour.com/en/rankings/singles?dateWeek=2025-10-13&rankRange=0-5000,2026-03-22T00:42:36Z
atp,2025-10-13,V0AM,Otto Virtanen,Otto Virtanen,116,549,https://www.atptour.com/en/rankings/singles?dateWeek=2025-10-13&rankRange=0-5000,2026-03-22T00:42:36Z
atp,2025-10-13,N552,Kei Nishikori,Kei Nishikori,117,545,https://www.atptour.com/en/rankings/singles?dateWeek=2025-10-13&rankRange=0-5000,2026-03-22T00:42:36Z
atp,2025-10-13,D0DP,Liam Draxl,Liam Draxl,118,543,https://www.atptour.com/en/rankings/singles?dateWeek=2025-10-13&rankRange=0-5000,2026-03-22T00:42:36Z
atp,2025-10-13,BS86,Tomas Barrios Vera,Tomas Barrios Vera,119,539,https://www.atptour.com/en/rankings/singles?dateWeek=2025-10-13&rankRange=0-5000,2026-03-22T00:42:36Z
atp,2025-10-13,P0HW,Dino Prizmic,Dino Prizmic,120,536,https://www.atptour.com/en/rankings/singles?dateWeek=2025-10-13&rankRange=0-5000,2026-03-22T00:42:36Z
atp,2025-10-13,L987,Dusan Lajovic,Dusan Lajovic,121,528,https://www.atptour.com/en/rankings/singles?dateWeek=2025-10-13&rankRange=0-5000,2026-03-22T00:42:36Z
atp,2025-10-13,CF59,Roberto Carballes Baena,Roberto Carballes Baena,122,520,https://www.atptour.com/en/rankings/singles?dateWeek=2025-10-13&rankRange=0-5000,2026-03-22T00:42:36Z
atp,2025-10-13,B0PG,Alexander Blockx,Alexander Blockx,123,514,https://www.atptour.com/en/rankings/singles?dateWeek=2025-10-13&rankRange=0-5000,2026-03-22T00:42:36Z
atp,2025-10-13,B0EJ,Tristan Boyer,Tristan Boyer,124,511,https://www.atptour.com/en/rankings/singles?dateWeek=2025-10-13&rankRange=0-5000,2026-03-22T00:42:36Z
atp,2025-10-13,B0NN,Nishesh Basavareddy,Nishesh Basavareddy,125,509,https://www.atptour.com/en/rankings/singles?dateWeek=2025-10-13&rankRange=0-5000,2026-03-22T00:42:36Z
atp,2025-10-13,KI63,Lukas Klein,Lukas Klein,126,507,https://www.atptour.com/en/rankings/singles?dateWeek=2025-10-13&rankRange=0-5000,2026-03-22T00:42:36Z
atp,2025-10-13,T0AP,Chun-Hsin Tseng,Chun Hsin Tseng,127,503,https://www.atptour.com/en/rankings/singles?dateWeek=2025-10-13&rankRange=0-5000,2026-03-22T00:42:36Z
atp,2025-10-13,F0F2,Jaime Faria,Jaime Faria,128,501,https://www.atptour.com/en/rankings/singles?dateWeek=2025-10-13&rankRange=0-5000,2026-03-22T00:42:36Z
atp,2025-10-13,DA31,Hugo Dellien,Hugo Dellien,129,489,https://www.atptour.com/en/rankings/singles?dateWeek=2025-10-13&rankRange=0-5000,2026-03-22T00:42:36Z
atp,2025-10-13,HD68,Billy Harris,Billy Harris,130,489,https://www.atptour.com/en/rankings/singles?dateWeek=2025-10-13&rankRange=0-5000,2026-03-22T00:42:36Z
atp,2025-10-13,B0FV,Roman Andres Burruchaga,Roman Andres Burruchaga,131,489,https://www.atptour.com/en/rankings/singles?dateWeek=2025-10-13&rankRange=0-5000,2026-03-22T00:42:36Z
atp,2025-10-13,SX50,Roman Safiullin,Roman Safiullin,132,488,https://www.atptour.com/en/rankings/singles?dateWeek=2025-10-13&rankRange=0-5000,2026-03-22T00:42:36Z
atp,2025-10-13,G0FW,Vilius Gaubas,Vilius Gaubas,133,483,https://www.atptour.com/en/rankings/singles?dateWeek=2025-10-13&rankRange=0-5000,2026-03-22T00:42:36Z
atp,2025-10-13,CH12,Jan Choinski,Jan Choinski,134,482,https://www.atptour.com/en/rankings/singles?dateWeek=2025-10-13&rankRange=0-5000,2026-03-22T00:42:36Z
atp,2025-10-13,S0ZE,Colton Smith,Colton Smith,135,478,https://www.atptour.com/en/rankings/singles?dateWeek=2025-10-13&rankRange=0-5000,2026-03-22T00:42:36Z
atp,2025-10-13,B0U4,Nicolai Budkov Kjaer,Nicolai Budkov Kjaer,136,473,https://www.atptour.com/en/rankings/singles?dateWeek=2025-10-13&rankRange=0-5000,2026-03-22T00:42:36Z
atp,2025-10-13,W367,Stan Wawrinka,Stan Wawrinka,137,472,https://www.atptour.com/en/rankings/singles?dateWeek=2025-10-13&rankRange=0-5000,2026-03-22T00:42:36Z
atp,2025-10-13,D994,James Duckworth,James Duckworth,138,465,https://www.atptour.com/en/rankings/singles?dateWeek=2025-10-13&rankRange=0-5000,2026-03-22T00:42:36Z
atp,2025-10-13,H997,Yannick Hanfmann,Yannick Hanfmann,139,464,https://www.atptour.com/en/rankings/singles?dateWeek=2025-10-13&rankRange=0-5000,2026-03-22T00:42:36Z
atp,2025-10-13,O513,Sebastian Ofner,Sebastian Ofner,140,463,https://www.atptour.com/en/rankings/singles?dateWeek=2025-10-13&rankRange=0-5000,2026-03-22T00:42:36Z
atp,2025-10-13,P0CT,Francesco Passaro,Francesco Passaro,141,462,https://www.atptour.com/en/rankings/singles?dateWeek=2025-10-13&rankRange=0-5000,2026-03-22T00:42:36Z
atp,2025-10-13,TA29,Marco Trungelliti,Marco Trungelliti,142,460,https://www.atptour.com/en/rankings/singles?dateWeek=2025-10-13&rankRange=0-5000,2026-03-22T00:42:36Z
atp,2025-10-13,M0K4,Elmer Moller,Elmer Moller,143,456,https://www.atptour.com/en/rankings/singles?dateWeek=2025-10-13&rankRange=0-5000,2026-03-22T00:42:36Z
atp,2025-10-13,PH64,Andrea Pellegrino,Andrea Pellegrino,144,446,https://www.atptour.com/en/rankings/singles?dateWeek=2025-10-13&rankRange=0-5000,2026-03-22T00:42:36Z
atp,2025-10-13,EA13,Moez Echargui,Moez Echargui,145,446,https://www.atptour.com/en/rankings/singles?dateWeek=2025-10-13&rankRange=0-5000,2026-03-22T00:42:36Z
atp,2025-10-13,S0K7,Zachary Svajda,Zachary Svajda,146,443,https://www.atptour.com/en/rankings/singles?dateWeek=2025-10-13&rankRange=0-5000,2026-03-22T00:42:36Z
atp,2025-10-13,G0GD,Matteo Gigante,Matteo Gigante,147,442,https://www.atptour.com/en/rankings/singles?dateWeek=2025-10-13&rankRange=0-5000,2026-03-22T00:42:36Z
atp,2025-10-13,H996,Pierre-Hugues Herbert,Pierre Hugues Herbert,148,439,https://www.atptour.com/en/rankings/singles?dateWeek=2025-10-13&rankRange=0-5000,2026-03-22T00:42:36Z
atp,2025-10-13,L0GH,Mark Lajal,Mark Lajal,149,423,https://www.atptour.com/en/rankings/singles?dateWeek=2025-10-13&rankRange=0-5000,2026-03-22T00:42:36Z
atp,2025-10-13,BV16,Ugo Blanchet,Ugo Blanchet,150,420,https://www.atptour.com/en/rankings/singles?dateWeek=2025-10-13&rankRange=0-5000,2026-03-22T00:42:36Z
atp,2025-10-13,GE33,Daniel Elahi Galan,Daniel Elahi Galan,151,411,https://www.atptour.com/en/rankings/singles?dateWeek=2025-10-13&rankRange=0-5000,2026-03-22T00:42:36Z
atp,2025-10-13,FA43,Juan Pablo Ficovich,Juan Pablo Ficovich,152,410,https://www.atptour.com/en/rankings/singles?dateWeek=2025-10-13&rankRange=0-5000,2026-03-22T00:42:36Z
atp,2025-10-13,M0IF,Francesco Maestrelli,Francesco Maestrelli,153,390,https://www.atptour.com/en/rankings/singles?dateWeek=2025-10-13&rankRange=0-5000,2026-03-22T00:42:36Z
atp,2025-10-13,N732,Yoshihito Nishioka,Yoshihito Nishioka,154,384,https://www.atptour.com/en/rankings/singles?dateWeek=2025-10-13&rankRange=0-5000,2026-03-22T00:42:36Z
atp,2025-10-13,R09X,Jurij Rodionov,Jurij Rodionov,155,383,https://www.atptour.com/en/rankings/singles?dateWeek=2025-10-13&rankRange=0-5000,2026-03-22T00:42:36Z
atp,2025-10-13,P09O,Zsombor Piros,Zsombor Piros,156,376,https://www.atptour.com/en/rankings/singles?dateWeek=2025-10-13&rankRange=0-5000,2026-03-22T00:42:36Z
atp,2025-10-13,D0H9,Guy Den Ouden,Guy Den Ouden,157,376,https://www.atptour.com/en/rankings/singles?dateWeek=2025-10-13&rankRange=0-5000,2026-03-22T00:42:36Z
atp,2025-10-13,W0BH,Coleman Wong,Coleman Wong,158,375,https://www.atptour.com/en/rankings/singles?dateWeek=2025-10-13&rankRange=0-5000,2026-03-22T00:42:36Z
atp,2025-10-13,M0N1,Luka Mikrut,Luka Mikrut,159,368,https://www.atptour.com/en/rankings/singles?dateWeek=2025-10-13&rankRange=0-5000,2026-03-22T00:42:36Z
atp,2025-10-13,Z0A1,Giulio Zeppieri,Giulio Zeppieri,160,362,https://www.atptour.com/en/rankings/singles?dateWeek=2025-10-13&rankRange=0-5000,2026-03-22T00:42:36Z
atp,2025-10-13,R0GO,Henrique Rocha,Henrique Rocha,161,361,https://www.atptour.com/en/rankings/singles?dateWeek=2025-10-13&rankRange=0-5000,2026-03-22T00:42:36Z
atp,2025-10-13,E687,Daniel Evans,Daniel Evans,162,355,https://www.atptour.com/en/rankings/singles?dateWeek=2025-10-13&rankRange=0-5000,2026-03-22T00:42:36Z
atp,2025-10-13,M0N7,Daniel Merida,Daniel Merida,163,349,https://www.atptour.com/en/rankings/singles?dateWeek=2025-10-13&rankRange=0-5000,2026-03-22T00:42:36Z
atp,2025-10-13,K0EP,Jerome Kym,Jerome Kym,164,348,https://www.atptour.com/en/rankings/singles?dateWeek=2025-10-13&rankRange=0-5000,2026-03-22T00:42:36Z
atp,2025-10-13,D0DW,Titouan Droguet,Titouan Droguet,165,347,https://www.atptour.com/en/rankings/singles?dateWeek=2025-10-13&rankRange=0-5000,2026-03-22T00:42:36Z
atp,2025-10-13,H09N,August Holmgren,August Holmgren,166,345,https://www.atptour.com/en/rankings/singles?dateWeek=2025-10-13&rankRange=0-5000,2026-03-22T00:42:36Z
atp,2025-10-13,WB08,Yosuke Watanuki,Yosuke Watanuki,167,341,https://www.atptour.com/en/rankings/singles?dateWeek=2025-10-13&rankRange=0-5000,2026-03-22T00:42:36Z
atp,2025-10-13,HF80,Hady Habib,Hady Habib,168,335,https://www.atptour.com/en/rankings/singles?dateWeek=2025-10-13&rankRange=0-5000,2026-03-22T00:42:36Z
atp,2025-10-13,K0A3,Patrick Kypson,Patrick Kypson,169,328,https://www.atptour.com/en/rankings/singles?dateWeek=2025-10-13&rankRange=0-5000,2026-03-22T00:42:36Z
atp,2025-10-13,B0GY,Alex Barrena,Alex Barrena,170,328,https://www.atptour.com/en/rankings/singles?dateWeek=2025-10-13&rankRange=0-5000,2026-03-22T00:42:36Z
atp,2025-10-13,MW75,Felipe Meligeni Alves,Felipe Meligeni Alves,171,327,https://www.atptour.com/en/rankings/singles?dateWeek=2025-10-13&rankRange=0-5000,2026-03-22T00:42:36Z
atp,2025-10-13,R0FS,Leandro Riedi,Leandro Riedi,172,326,https://www.atptour.com/en/rankings/singles?dateWeek=2025-10-13&rankRange=0-5000,2026-03-22T00:42:36Z
atp,2025-10-13,SX91,Thiago Seyboth Wild,Thiago Seyboth Wild,173,326,https://www.atptour.com/en/rankings/singles?dateWeek=2025-10-13&rankRange=0-5000,2026-03-22T00:42:36Z
atp,2025-10-13,S0UV,Rei Sakamoto,Rei Sakamoto,174,322,https://www.atptour.com/en/rankings/singles?dateWeek=2025-10-13&rankRange=0-5000,2026-03-22T00:42:36Z
atp,2025-10-13,WB32,Yibing Wu,Yibing Wu,175,322,https://www.atptour.com/en/rankings/singles?dateWeek=2025-10-13&rankRange=0-5000,2026-03-22T00:42:36Z
atp,2025-10-13,MJ08,Thiago Monteiro,Thiago Monteiro,176,321,https://www.atptour.com/en/rankings/singles?dateWeek=2025-10-13&rankRange=0-5000,2026-03-22T00:42:36Z
atp,2025-10-13,DA81,Taro Daniel,Taro Daniel,177,321,https://www.atptour.com/en/rankings/singles?dateWeek=2025-10-13&rankRange=0-5000,2026-03-22T00:42:36Z
atp,2025-10-13,C0HT,Murphy Cassone,Murphy Cassone,178,319,https://www.atptour.com/en/rankings/singles?dateWeek=2025-10-13&rankRange=0-5000,2026-03-22T00:42:36Z
atp,2025-10-13,CG33,Kimmer Coppejans,Kimmer Coppejans,179,319,https://www.atptour.com/en/rankings/singles?dateWeek=2025-10-13&rankRange=0-5000,2026-03-22T00:42:36Z
atp,2025-10-13,Z0BZ,Michael Zheng,Michael Zheng,180,315,https://www.atptour.com/en/rankings/singles?dateWeek=2025-10-13&rankRange=0-5000,2026-03-22T00:42:36Z
atp,2025-10-13,TA46,Bernard Tomic,Bernard Tomic,181,312,https://www.atptour.com/en/rankings/singles?dateWeek=2025-10-13&rankRange=0-5000,2026-03-22T00:42:36Z
atp,2025-10-13,M0G4,Harold Mayot,Harold Mayot,182,311,https://www.atptour.com/en/rankings/singles?dateWeek=2025-10-13&rankRange=0-5000,2026-03-22T00:42:36Z
atp,2025-10-13,J0AZ,Kyrian Jacquet,Kyrian Jacquet,183,311,https://www.atptour.com/en/rankings/singles?dateWeek=2025-10-13&rankRange=0-5000,2026-03-22T00:42:36Z
atp,2025-10-13,N0CS,Lukas Neumayer,Lukas Neumayer,184,307,https://www.atptour.com/en/rankings/singles?dateWeek=2025-10-13&rankRange=0-5000,2026-03-22T00:42:36Z
atp,2025-10-13,GK06,Alexis Galarneau,Alexis Galarneau,185,304,https://www.atptour.com/en/rankings/singles?dateWeek=2025-10-13&rankRange=0-5000,2026-03-22T00:42:36Z
atp,2025-10-13,KB95,Jason Kubler,Jason Kubler,186,301,https://www.atptour.com/en/rankings/singles?dateWeek=2025-10-13&rankRange=0-5000,2026-03-22T00:42:36Z
atp,2025-10-13,E865,Christopher Eubanks,Christopher Eubanks,187,295,https://www.atptour.com/en/rankings/singles?dateWeek=2025-10-13&rankRange=0-5000,2026-03-22T00:42:36Z
atp,2025-10-13,C0AK,Oliver Crawford,Oliver Crawford,188,295,https://www.atptour.com/en/rankings/singles?dateWeek=2025-10-13&rankRange=0-5000,2026-03-22T00:42:36Z
atp,2025-10-13,CI14,Jay Clarke,Jay Clarke,189,295,https://www.atptour.com/en/rankings/singles?dateWeek=2025-10-13&rankRange=0-5000,2026-03-22T00:42:36Z
atp,2025-10-13,R0E0,Chris Rodesch,Chris Rodesch,190,294,https://www.atptour.com/en/rankings/singles?dateWeek=2025-10-13&rankRange=0-5000,2026-03-22T00:42:36Z
atp,2025-10-13,P0HT,Jack Pinnington Jones,Jack Pinnington Jones,191,293,https://www.atptour.com/en/rankings/singles?dateWeek=2025-10-13&rankRange=0-5000,2026-03-22T00:42:36Z
atp,2025-10-13,GF95,Hugo Grenier,Hugo Grenier,192,293,https://www.atptour.com/en/rankings/singles?dateWeek=2025-10-13&rankRange=0-5000,2026-03-22T00:42:36Z
atp,2025-10-13,HG94,Benjamin Hassan,Benjamin Hassan,193,292,https://www.atptour.com/en/rankings/singles?dateWeek=2025-10-13&rankRange=0-5000,2026-03-22T00:42:36Z
atp,2025-10-13,PH78,Ryan Peniston,Ryan Peniston,194,290,https://www.atptour.com/en/rankings/singles?dateWeek=2025-10-13&rankRange=0-5000,2026-03-22T00:42:36Z
atp,2025-10-13,M0OQ,James McCabe,James Mccabe,195,287,https://www.atptour.com/en/rankings/singles?dateWeek=2025-10-13&rankRange=0-5000,2026-03-22T00:42:36Z
atp,2025-10-13,O0A2,Gauthier Onclin,Gauthier Onclin,196,287,https://www.atptour.com/en/rankings/singles?dateWeek=2025-10-13&rankRange=0-5000,2026-03-22T00:42:36Z
atp,2025-10-13,M0AW,Nicolas Mejia,Nicolas Mejia,197,287,https://www.atptour.com/en/rankings/singles?dateWeek=2025-10-13&rankRange=0-5000,2026-03-22T00:42:36Z
atp,2025-10-13,CE77,Federico Coria,Federico Coria,198,284,https://www.atptour.com/en/rankings/singles?dateWeek=2025-10-13&rankRange=0-5000,2026-03-22T00:42:36Z
atp,2025-10-13,T0BW,James Trotter,James Trotter,199,282,https://www.atptour.com/en/rankings/singles?dateWeek=2025-10-13&rankRange=0-5000,2026-03-22T00:42:36Z
atp,2025-10-13,BI81,Alex Bolt,Alex Bolt,200,281,https://www.atptour.com/en/rankings/singles?dateWeek=2025-10-13&rankRange=0-5000,2026-03-22T00:42:36Z
atp,2025-10-13,G0DH,Alvaro Guillen Meza,Alvaro Guillen Meza,201,281,https://www.atptour.com/en/rankings/singles?dateWeek=2025-10-13&rankRange=0-5000,2026-03-22T00:42:36Z
atp,2025-10-13,L0CX,Pablo Llamas Ruiz,Pablo Llamas Ruiz,202,274,https://www.atptour.com/en/rankings/singles?dateWeek=2025-10-13&rankRange=0-5000,2026-03-22T00:42:36Z
atp,2025-10-13,GJ16,Federico Agustin Gomez,Federico Agustin Gomez,203,272,https://www.atptour.com/en/rankings/singles?dateWeek=2025-10-13&rankRange=0-5000,2026-03-22T00:42:36Z
atp,2025-10-13,P0J1,Rodrigo Pacheco Mendez,Rodrigo Pacheco Mendez,204,272,https://www.atptour.com/en/rankings/singles?dateWeek=2025-10-13&rankRange=0-5000,2026-03-22T00:42:36Z
atp,2025-10-13,MV14,Alex Molcan,Alex Molcan,205,271,https://www.atptour.com/en/rankings/singles?dateWeek=2025-10-13&rankRange=0-5000,2026-03-22T00:42:36Z
atp,2025-10-13,E0DD,Justin Engel,Justin Engel,206,270,https://www.atptour.com/en/rankings/singles?dateWeek=2025-10-13&rankRange=0-5000,2026-03-22T00:42:36Z
atp,2025-10-13,HB48,Calvin Hemery,Calvin Hemery,207,268,https://www.atptour.com/en/rankings/singles?dateWeek=2025-10-13&rankRange=0-5000,2026-03-22T00:42:36Z
atp,2025-10-13,R0A7,Joao Lucas Reis Da Silva,Joao Lucas Reis Da Silva,208,267,https://www.atptour.com/en/rankings/singles?dateWeek=2025-10-13&rankRange=0-5000,2026-03-22T00:42:36Z
atp,2025-10-13,R0FP,Daniel Rincon,Daniel Rincon,209,266,https://www.atptour.com/en/rankings/singles?dateWeek=2025-10-13&rankRange=0-5000,2026-03-22T00:42:36Z
atp,2025-10-13,F840,Nerman Fatic,Nerman Fatic,210,264,https://www.atptour.com/en/rankings/singles?dateWeek=2025-10-13&rankRange=0-5000,2026-03-22T00:42:36Z
atp,2025-10-13,L0CF,George Loffhagen,George Loffhagen,211,264,https://www.atptour.com/en/rankings/singles?dateWeek=2025-10-13&rankRange=0-5000,2026-03-22T00:42:36Z
atp,2025-10-13,SY67,Sho Shimabukuro,Sho Shimabukuro,212,263,https://www.atptour.com/en/rankings/singles?dateWeek=2025-10-13&rankRange=0-5000,2026-03-22T00:42:36Z
atp,2025-10-13,S0AQ,Yuta Shimizu,Yuta Shimizu,213,262,https://www.atptour.com/en/rankings/singles?dateWeek=2025-10-13&rankRange=0-5000,2026-03-22T00:42:36Z
atp,2025-10-13,SS25,Vitaliy Sachko,Vitaliy Sachko,214,260,https://www.atptour.com/en/rankings/singles?dateWeek=2025-10-13&rankRange=0-5000,2026-03-22T00:42:36Z
atp,2025-10-13,A09T,Dan Added,Dan Added,215,260,https://www.atptour.com/en/rankings/singles?dateWeek=2025-10-13&rankRange=0-5000,2026-03-22T00:42:36Z
atp,2025-10-13,KH56,Zdenek Kolar,Zdenek Kolar,216,259,https://www.atptour.com/en/rankings/singles?dateWeek=2025-10-13&rankRange=0-5000,2026-03-22T00:42:36Z
atp,2025-10-13,P0AY,Luka Pavlovic,Luka Pavlovic,217,258,https://www.atptour.com/en/rankings/singles?dateWeek=2025-10-13&rankRange=0-5000,2026-03-22T00:42:36Z
atp,2025-10-13,S0RE,Juncheng Shang,Juncheng Shang,218,255,https://www.atptour.com/en/rankings/singles?dateWeek=2025-10-13&rankRange=0-5000,2026-03-22T00:42:36Z
atp,2025-10-13,PG20,Dmitry Popko,Dmitry Popko,219,255,https://www.atptour.com/en/rankings/singles?dateWeek=2025-10-13&rankRange=0-5000,2026-03-22T00:42:36Z
atp,2025-10-13,TA12,Stefano Travaglia,Stefano Travaglia,220,253,https://www.atptour.com/en/rankings/singles?dateWeek=2025-10-13&rankRange=0-5000,2026-03-22T00:42:36Z
atp,2025-10-13,F0DM,Arthur Fery,Arthur Fery,221,251,https://www.atptour.com/en/rankings/singles?dateWeek=2025-10-13&rankRange=0-5000,2026-03-22T00:42:36Z
atp,2025-10-13,O660,Genaro Alberto Olivieri,Genaro Alberto Olivieri,222,251,https://www.atptour.com/en/rankings/singles?dateWeek=2025-10-13&rankRange=0-5000,2026-03-22T00:42:36Z
atp,2025-10-13,B0GR,Gonzalo Bueno,Gonzalo Bueno,223,250,https://www.atptour.com/en/rankings/singles?dateWeek=2025-10-13&rankRange=0-5000,2026-03-22T00:42:36Z
atp,2025-10-13,GH92,Borna Gojo,Borna Gojo,224,249,https://www.atptour.com/en/rankings/singles?dateWeek=2025-10-13&rankRange=0-5000,2026-03-22T00:42:36Z
atp,2025-10-13,G0GW,Sascha Gueymard Wayenburg,Sascha Gueymard Wayenburg,225,248,https://www.atptour.com/en/rankings/singles?dateWeek=2025-10-13&rankRange=0-5000,2026-03-22T00:42:36Z
atp,2025-10-13,C0NB,Federico Cina,Federico Cina,226,247,https://www.atptour.com/en/rankings/singles?dateWeek=2025-10-13&rankRange=0-5000,2026-03-22T00:42:36Z
atp,2025-10-13,TC01,Li Tu,Li Tu,227,247,https://www.atptour.com/en/rankings/singles?dateWeek=2025-10-13&rankRange=0-5000,2026-03-22T00:42:36Z
atp,2025-10-13,B0ER,Arthur Bouquier,Arthur Bouquier,228,247,https://www.atptour.com/en/rankings/singles?dateWeek=2025-10-13&rankRange=0-5000,2026-03-22T00:42:36Z
atp,2025-10-13,H09F,Yu Hsiou Hsu,Yu Hsiou Hsu,229,245,https://www.atptour.com/en/rankings/singles?dateWeek=2025-10-13&rankRange=0-5000,2026-03-22T00:42:36Z
atp,2025-10-13,M0ON,Johannus Monday,Johannus Monday,230,245,https://www.atptour.com/en/rankings/singles?dateWeek=2025-10-13&rankRange=0-5000,2026-03-22T00:42:36Z
atp,2025-10-13,HG86,Lloyd Harris,Lloyd Harris,231,244,https://www.atptour.com/en/rankings/singles?dateWeek=2025-10-13&rankRange=0-5000,2026-03-22T00:42:36Z
atp,2025-10-13,RH59,Santiago Rodriguez Taverna,Santiago Rodriguez Taverna,232,242,https://www.atptour.com/en/rankings/singles?dateWeek=2025-10-13&rankRange=0-5000,2026-03-22T00:42:36Z
atp,2025-10-13,D0CG,Facundo Diaz Acosta,Facundo Diaz Acosta,233,241,https://www.atptour.com/en/rankings/singles?dateWeek=2025-10-13&rankRange=0-5000,2026-03-22T00:42:36Z
atp,2025-10-13,S0LA,Dominic Stricker,Dominic Stricker,234,241,https://www.atptour.com/en/rankings/singles?dateWeek=2025-10-13&rankRange=0-5000,2026-03-22T00:42:36Z
atp,2025-10-13,C0BH,Clement Chidekh,Clement Chidekh,235,240,https://www.atptour.com/en/rankings/singles?dateWeek=2025-10-13&rankRange=0-5000,2026-03-22T00:42:36Z
atp,2025-10-13,S0GR,Timofey Skatov,Timofey Skatov,236,238,https://www.atptour.com/en/rankings/singles?dateWeek=2025-10-13&rankRange=0-5000,2026-03-22T00:42:36Z
atp,2025-10-13,Z09Z,Beibit Zhukayev,Beibit Zhukayev,237,235,https://www.atptour.com/en/rankings/singles?dateWeek=2025-10-13&rankRange=0-5000,2026-03-22T00:42:36Z
atp,2025-10-13,V0DZ,Luca Van Assche,Luca Van Assche,238,235,https://www.atptour.com/en/rankings/singles?dateWeek=2025-10-13&rankRange=0-5000,2026-03-22T00:42:36Z
atp,2025-10-13,P0IY,Juan Carlos Prado Angelo,Juan Carlos Prado Angelo,239,230,https://www.atptour.com/en/rankings/singles?dateWeek=2025-10-13&rankRange=0-5000,2026-03-22T00:42:36Z
atp,2025-10-13,D0DT,Martin Damm,Martin Damm,240,228,https://www.atptour.com/en/rankings/singles?dateWeek=2025-10-13&rankRange=0-5000,2026-03-22T00:42:36Z
atp,2025-10-13,KC12,Mitchell Krueger,Mitchell Krueger,241,228,https://www.atptour.com/en/rankings/singles?dateWeek=2025-10-13&rankRange=0-5000,2026-03-22T00:42:36Z
atp,2025-10-13,Z09F,Patrick Zahraj,Patrick Zahraj,242,227,https://www.atptour.com/en/rankings/singles?dateWeek=2025-10-13&rankRange=0-5000,2026-03-22T00:42:36Z
atp,2025-10-13,Y218,Elias Ymer,Elias Ymer,243,225,https://www.atptour.com/en/rankings/singles?dateWeek=2025-10-13&rankRange=0-5000,2026-03-22T00:42:36Z
atp,2025-10-13,S0WT,Joel Schwaerzler,Joel Schwaerzler,244,225,https://www.atptour.com/en/rankings/singles?dateWeek=2025-10-13&rankRange=0-5000,2026-03-22T00:42:36Z
atp,2025-10-13,SN54,Frederico Ferreira Silva,Frederico Ferreira Silva,245,224,https://www.atptour.com/en/rankings/singles?dateWeek=2025-10-13&rankRange=0-5000,2026-03-22T00:42:36Z
atp,2025-10-13,N09U,Rio Noguchi,Rio Noguchi,246,224,https://www.atptour.com/en/rankings/singles?dateWeek=2025-10-13&rankRange=0-5000,2026-03-22T00:42:36Z
atp,2025-10-13,B0QC,Gilles Arnaud Bailly,Gilles Arnaud Bailly,247,221,https://www.atptour.com/en/rankings/singles?dateWeek=2025-10-13&rankRange=0-5000,2026-03-22T00:42:36Z
atp,2025-10-13,DC76,Viktor Durasovic,Viktor Durasovic,248,219,https://www.atptour.com/en/rankings/singles?dateWeek=2025-10-13&rankRange=0-5000,2026-03-22T00:42:36Z
atp,2025-10-13,M0HT,Alejandro Moro Canas,Alejandro Moro Canas,249,219,https://www.atptour.com/en/rankings/singles?dateWeek=2025-10-13&rankRange=0-5000,2026-03-22T00:42:36Z
atp,2025-10-13,BU54,Geoffrey Blancaneaux,Geoffrey Blancaneaux,250,219,https://www.atptour.com/en/rankings/singles?dateWeek=2025-10-13&rankRange=0-5000,2026-03-22T00:42:36Z
atp,2025-10-13,HH06,Marc-Andrea Huesler,Marc Andrea Huesler,251,218,https://www.atptour.com/en/rankings/singles?dateWeek=2025-10-13&rankRange=0-5000,2026-03-22T00:42:36Z
atp,2025-10-13,S0IA,Dane Sweeny,Dane Sweeny,252,218,https://www.atptour.com/en/rankings/singles?dateWeek=2025-10-13&rankRange=0-5000,2026-03-22T00:42:36Z
atp,2025-10-13,V0DP,Adolfo Daniel Vallejo,Adolfo Daniel Vallejo,253,216,https://www.atptour.com/en/rankings/singles?dateWeek=2025-10-13&rankRange=0-5000,2026-03-22T00:42:36Z
atp,2025-10-13,G0IX,Arthur Gea,Arthur Gea,254,216,https://www.atptour.com/en/rankings/singles?dateWeek=2025-10-13&rankRange=0-5000,2026-03-22T00:42:36Z
atp,2025-10-13,SX90,Fajing Sun,Fajing Sun,255,215,https://www.atptour.com/en/rankings/singles?dateWeek=2025-10-13&rankRange=0-5000,2026-03-22T00:42:36Z
atp,2025-10-13,S0O6,Ilia Simakin,Ilia Simakin,256,215,https://www.atptour.com/en/rankings/singles?dateWeek=2025-10-13&rankRange=0-5000,2026-03-22T00:42:36Z
atp,2025-10-13,D0L3,Matej Dodig,Matej Dodig,257,214,https://www.atptour.com/en/rankings/singles?dateWeek=2025-10-13&rankRange=0-5000,2026-03-22T00:42:36Z
atp,2025-10-13,KC33,Dimitar Kuzmanov,Dimitar Kuzmanov,258,212,https://www.atptour.com/en/rankings/singles?dateWeek=2025-10-13&rankRange=0-5000,2026-03-22T00:42:36Z
atp,2025-10-13,BU70,Remy Bertola,Remy Bertola,259,210,https://www.atptour.com/en/rankings/singles?dateWeek=2025-10-13&rankRange=0-5000,2026-03-22T00:42:36Z
atp,2025-10-13,N897,Sumit Nagal,Sumit Nagal,260,208,https://www.atptour.com/en/rankings/singles?dateWeek=2025-10-13&rankRange=0-5000,2026-03-22T00:42:36Z
atp,2025-10-13,RG42,Alex Rybakov,Alex Rybakov,261,208,https://www.atptour.com/en/rankings/singles?dateWeek=2025-10-13&rankRange=0-5000,2026-03-22T00:42:36Z
atp,2025-10-13,J553,Omar Jasika,Omar Jasika,262,208,https://www.atptour.com/en/rankings/singles?dateWeek=2025-10-13&rankRange=0-5000,2026-03-22T00:42:36Z
atp,2025-10-13,DF88,Aziz Dougaz,Aziz Dougaz,263,206,https://www.atptour.com/en/rankings/singles?dateWeek=2025-10-13&rankRange=0-5000,2026-03-22T00:42:36Z
atp,2025-10-13,S0AK,Henri Squire,Henri Squire,264,206,https://www.atptour.com/en/rankings/singles?dateWeek=2025-10-13&rankRange=0-5000,2026-03-22T00:42:36Z
atp,2025-10-13,M0OH,Lautaro Midon,Lautaro Midon,265,205,https://www.atptour.com/en/rankings/singles?dateWeek=2025-10-13&rankRange=0-5000,2026-03-22T00:42:36Z
atp,2025-10-13,CF01,Marco Cecchinato,Marco Cecchinato,266,204,https://www.atptour.com/en/rankings/singles?dateWeek=2025-10-13&rankRange=0-5000,2026-03-22T00:42:36Z
atp,2025-10-13,M0EA,Pol Martin Tiffon,Pol Martin Tiffon,267,204,https://www.atptour.com/en/rankings/singles?dateWeek=2025-10-13&rankRange=0-5000,2026-03-22T00:42:36Z
atp,2025-10-13,G628,Richard Gasquet,Richard Gasquet,268,203,https://www.atptour.com/en/rankings/singles?dateWeek=2025-10-13&rankRange=0-5000,2026-03-22T00:42:36Z
atp,2025-10-13,T09X,Clement Tabur,Clement Tabur,269,203,https://www.atptour.com/en/rankings/singles?dateWeek=2025-10-13&rankRange=0-5000,2026-03-22T00:42:36Z
atp,2025-10-13,LB66,Constant Lestienne,Constant Lestienne,270,202,https://www.atptour.com/en/rankings/singles?dateWeek=2025-10-13&rankRange=0-5000,2026-03-22T00:42:36Z
atp,2025-10-13,G09C,Marek Gengel,Marek Gengel,271,202,https://www.atptour.com/en/rankings/singles?dateWeek=2025-10-13&rankRange=0-5000,2026-03-22T00:42:36Z
atp,2025-10-13,GA79,Lorenzo Giustino,Lorenzo Giustino,272,202,https://www.atptour.com/en/rankings/singles?dateWeek=2025-10-13&rankRange=0-5000,2026-03-22T00:42:36Z
atp,2025-10-13,B0LQ,Petr Bar Biryukov,Petr Bar Biryukov,273,200,https://www.atptour.com/en/rankings/singles?dateWeek=2025-10-13&rankRange=0-5000,2026-03-22T00:42:36Z
atp,2025-10-13,GE28,Ivan Gakhov,Ivan Gakhov,274,200,https://www.atptour.com/en/rankings/singles?dateWeek=2025-10-13&rankRange=0-5000,2026-03-22T00:42:36Z
atp,2025-10-13,S0NV,Abdullah Shelbayh,Abdullah Shelbayh,275,198,https://www.atptour.com/en/rankings/singles?dateWeek=2025-10-13&rankRange=0-5000,2026-03-22T00:42:36Z
atp,2025-10-13,J09X,Filip Cristian Jianu,Filip Cristian Jianu,276,198,https://www.atptour.com/en/rankings/singles?dateWeek=2025-10-13&rankRange=0-5000,2026-03-22T00:42:36Z
atp,2025-10-13,T0FI,Marko Topo,Marko Topo,277,196,https://www.atptour.com/en/rankings/singles?dateWeek=2025-10-13&rankRange=0-5000,2026-03-22T00:42:36Z
atp,2025-10-13,Z0AK,Tyler Zink,Tyler Zink,278,196,https://www.atptour.com/en/rankings/singles?dateWeek=2025-10-13&rankRange=0-5000,2026-03-22T00:42:36Z
atp,2025-10-13,DC48,Murkel Dellien,Murkel Dellien,279,194,https://www.atptour.com/en/rankings/singles?dateWeek=2025-10-13&rankRange=0-5000,2026-03-22T00:42:36Z
atp,2025-10-13,S0EK,Matias Soto,Matias Soto,280,194,https://www.atptour.com/en/rankings/singles?dateWeek=2025-10-13&rankRange=0-5000,2026-03-22T00:42:36Z
atp,2025-10-13,S0MN,Marat Sharipov,Marat Sharipov,281,193,https://www.atptour.com/en/rankings/singles?dateWeek=2025-10-13&rankRange=0-5000,2026-03-22T00:42:36Z
atp,2025-10-13,P0K4,Tiago Pereira,Tiago Pereira,282,193,https://www.atptour.com/en/rankings/singles?dateWeek=2025-10-13&rankRange=0-5000,2026-03-22T00:42:36Z
atp,2025-10-13,J0DZ,Rafael Jodar,Rafael Jodar,283,192,https://www.atptour.com/en/rankings/singles?dateWeek=2025-10-13&rankRange=0-5000,2026-03-22T00:42:36Z
atp,2025-10-13,AG08,Andres Andrade,Andres Andrade,284,192,https://www.atptour.com/en/rankings/singles?dateWeek=2025-10-13&rankRange=0-5000,2026-03-22T00:42:36Z
atp,2025-10-13,P0GN,Tom Paris,Tom Paris,285,191,https://www.atptour.com/en/rankings/singles?dateWeek=2025-10-13&rankRange=0-5000,2026-03-22T00:42:36Z
atp,2025-10-13,P0EA,Saba Purtseladze,Saba Purtseladze,286,190,https://www.atptour.com/en/rankings/singles?dateWeek=2025-10-13&rankRange=0-5000,2026-03-22T00:42:36Z
atp,2025-10-13,CC66,Andrea Collarini,Andrea Collarini,287,190,https://www.atptour.com/en/rankings/singles?dateWeek=2025-10-13&rankRange=0-5000,2026-03-22T00:42:36Z
atp,2025-10-13,M0E1,Daniel Michalski,Daniel Michalski,288,189,https://www.atptour.com/en/rankings/singles?dateWeek=2025-10-13&rankRange=0-5000,2026-03-22T00:42:36Z
atp,2025-10-13,K926,Mikhail Kukushkin,Mikhail Kukushkin,289,189,https://www.atptour.com/en/rankings/singles?dateWeek=2025-10-13&rankRange=0-5000,2026-03-22T00:42:36Z
atp,2025-10-13,M0NP,Andres Martin,Andres Martin,290,189,https://www.atptour.com/en/rankings/singles?dateWeek=2025-10-13&rankRange=0-5000,2026-03-22T00:42:36Z
atp,2025-10-13,G0IB,Tom Gentzsch,Tom Gentzsch,291,189,https://www.atptour.com/en/rankings/singles?dateWeek=2025-10-13&rankRange=0-5000,2026-03-22T00:42:36Z
atp,2025-10-13,J0B5,Garrett Johns,Garrett Johns,292,189,https://www.atptour.com/en/rankings/singles?dateWeek=2025-10-13&rankRange=0-5000,2026-03-22T00:42:36Z
atp,2025-10-13,G0BY,Daniil Glinka,Daniil Glinka,293,186,https://www.atptour.com/en/rankings/singles?dateWeek=2025-10-13&rankRange=0-5000,2026-03-22T00:42:36Z
atp,2025-10-13,KC56,Aslan Karatsev,Aslan Karatsev,294,185,https://www.atptour.com/en/rankings/singles?dateWeek=2025-10-13&rankRange=0-5000,2026-03-22T00:42:36Z
atp,2025-10-13,KC29,Nicolas Kicker,Nicolas Kicker,295,185,https://www.atptour.com/en/rankings/singles?dateWeek=2025-10-13&rankRange=0-5000,2026-03-22T00:42:36Z
atp,2025-10-13,B0OU,Hynek Barton,Hynek Barton,296,185,https://www.atptour.com/en/rankings/singles?dateWeek=2025-10-13&rankRange=0-5000,2026-03-22T00:42:36Z
atp,2025-10-13,U134,Yasutaka Uchiyama,Yasutaka Uchiyama,297,184,https://www.atptour.com/en/rankings/singles?dateWeek=2025-10-13&rankRange=0-5000,2026-03-22T00:42:36Z
atp,2025-10-13,S0KT,Stefanos Sakellaridis,Stefanos Sakellaridis,298,184,https://www.atptour.com/en/rankings/singles?dateWeek=2025-10-13&rankRange=0-5000,2026-03-22T00:42:36Z
atp,2025-10-13,C0HB,Eliakim Coulibaly,Eliakim Coulibaly,299,183,https://www.atptour.com/en/rankings/singles?dateWeek=2025-10-13&rankRange=0-5000,2026-03-22T00:42:36Z
atp,2025-10-13,B0MM,Edas Butvilas,Edas Butvilas,300,182,https://www.atptour.com/en/rankings/singles?dateWeek=2025-10-13&rankRange=0-5000,2026-03-22T00:42:36Z
atp,2025-10-13,RH62,Mats Rosenkranz,Mats Rosenkranz,301,178,https://www.atptour.com/en/rankings/singles?dateWeek=2025-10-13&rankRange=0-5000,2026-03-22T00:42:36Z
atp,2025-10-13,P0D0,Jakub Paul,Jakub Paul,302,176,https://www.atptour.com/en/rankings/singles?dateWeek=2025-10-13&rankRange=0-5000,2026-03-22T00:42:36Z
atp,2025-10-13,KD46,Thanasi Kokkinakis,Thanasi Kokkinakis,303,175,https://www.atptour.com/en/rankings/singles?dateWeek=2025-10-13&rankRange=0-5000,2026-03-22T00:42:36Z
atp,2025-10-13,K0E6,Alibek Kachmazov,Alibek Kachmazov,304,175,https://www.atptour.com/en/rankings/singles?dateWeek=2025-10-13&rankRange=0-5000,2026-03-22T00:42:36Z
atp,2025-10-13,P0DF,Matheus Pucinelli De Almeida,Matheus Pucinelli De Almeida,305,175,https://www.atptour.com/en/rankings/singles?dateWeek=2025-10-13&rankRange=0-5000,2026-03-22T00:42:36Z
atp,2025-10-13,S0GZ,Nikolas Sanchez Izquierdo,Nikolas Sanchez Izquierdo,306,174,https://www.atptour.com/en/rankings/singles?dateWeek=2025-10-13&rankRange=0-5000,2026-03-22T00:42:36Z
atp,2025-10-13,B0JJ,Robin Bertrand,Robin Bertrand,307,174,https://www.atptour.com/en/rankings/singles?dateWeek=2025-10-13&rankRange=0-5000,2026-03-22T00:42:36Z
atp,2025-10-13,H0CX,Max Houkes,Max Houkes,308,171,https://www.atptour.com/en/rankings/singles?dateWeek=2025-10-13&rankRange=0-5000,2026-03-22T00:42:36Z
atp,2025-10-13,B0LW,Mika Brunold,Mika Brunold,309,171,https://www.atptour.com/en/rankings/singles?dateWeek=2025-10-13&rankRange=0-5000,2026-03-22T00:42:36Z
atp,2025-10-13,AA27,Franco Agamenone,Franco Agamenone,310,170,https://www.atptour.com/en/rankings/singles?dateWeek=2025-10-13&rankRange=0-5000,2026-03-22T00:42:36Z
atp,2025-10-13,N731,Christoph Negritu,Christoph Negritu,311,170,https://www.atptour.com/en/rankings/singles?dateWeek=2025-10-13&rankRange=0-5000,2026-03-22T00:42:36Z
atp,2025-10-13,V836,Juan Pablo Varillas,Juan Pablo Varillas,312,169,https://www.atptour.com/en/rankings/singles?dateWeek=2025-10-13&rankRange=0-5000,2026-03-22T00:42:36Z
atp,2025-10-13,A0F3,Fabrizio Andaloro,Fabrizio Andaloro,313,169,https://www.atptour.com/en/rankings/singles?dateWeek=2025-10-13&rankRange=0-5000,2026-03-22T00:42:36Z
atp,2025-10-13,M0NB,Aidan Mayo,Aidan Mayo,314,168,https://www.atptour.com/en/rankings/singles?dateWeek=2025-10-13&rankRange=0-5000,2026-03-22T00:42:36Z
atp,2025-10-13,MP01,Michael Mmoh,Michael Mmoh,315,166,https://www.atptour.com/en/rankings/singles?dateWeek=2025-10-13&rankRange=0-5000,2026-03-22T00:42:36Z
atp,2025-10-13,VA08,Andrea Vavassori,Andrea Vavassori,316,163,https://www.atptour.com/en/rankings/singles?dateWeek=2025-10-13&rankRange=0-5000,2026-03-22T00:42:36Z
atp,2025-10-13,B0EK,Moerani Bouzige,Moerani Bouzige,317,163,https://www.atptour.com/en/rankings/singles?dateWeek=2025-10-13&rankRange=0-5000,2026-03-22T00:42:36Z
atp,2025-10-13,MW76,Matteo Martineau,Matteo Martineau,318,161,https://www.atptour.com/en/rankings/singles?dateWeek=2025-10-13&rankRange=0-5000,2026-03-22T00:42:36Z
atp,2025-10-13,GB93,Norbert Gombos,Norbert Gombos,319,160,https://www.atptour.com/en/rankings/singles?dateWeek=2025-10-13&rankRange=0-5000,2026-03-22T00:42:36Z
atp,2025-10-13,E0AC,Mathys Erhard,Mathys Erhard,320,160,https://www.atptour.com/en/rankings/singles?dateWeek=2025-10-13&rankRange=0-5000,2026-03-22T00:42:36Z
atp,2025-10-13,GG65,Michael Geerts,Michael Geerts,321,160,https://www.atptour.com/en/rankings/singles?dateWeek=2025-10-13&rankRange=0-5000,2026-03-22T00:42:36Z
atp,2025-10-13,M0RE,Patrick Maloney,Patrick Maloney,322,158,https://www.atptour.com/en/rankings/singles?dateWeek=2025-10-13&rankRange=0-5000,2026-03-22T00:42:36Z
atp,2025-10-13,H0DU,Gustavo Heide,Gustavo Heide,323,157,https://www.atptour.com/en/rankings/singles?dateWeek=2025-10-13&rankRange=0-5000,2026-03-22T00:42:36Z
atp,2025-10-13,TD55,Renta Tokuda,Renta Tokuda,324,157,https://www.atptour.com/en/rankings/singles?dateWeek=2025-10-13&rankRange=0-5000,2026-03-22T00:42:36Z
atp,2025-10-13,B0BU,Florent Bax,Florent Bax,325,156,https://www.atptour.com/en/rankings/singles?dateWeek=2025-10-13&rankRange=0-5000,2026-03-22T00:42:36Z
atp,2025-10-13,E698,Gastao Elias,Gastao Elias,326,156,https://www.atptour.com/en/rankings/singles?dateWeek=2025-10-13&rankRange=0-5000,2026-03-22T00:42:36Z
atp,2025-10-13,Z0CQ,Yi Zhou,Yi Zhou,327,156,https://www.atptour.com/en/rankings/singles?dateWeek=2025-10-13&rankRange=0-5000,2026-03-22T00:42:36Z
atp,2025-10-13,A09U,Nicolas Alvarez Varona,Nicolas Alvarez Varona,328,156,https://www.atptour.com/en/rankings/singles?dateWeek=2025-10-13&rankRange=0-5000,2026-03-22T00:42:36Z
atp,2025-10-13,LI10,Christian Langmo,Christian Langmo,329,156,https://www.atptour.com/en/rankings/singles?dateWeek=2025-10-13&rankRange=0-5000,2026-03-22T00:42:36Z
atp,2025-10-13,Y171,Denis Yevseyev,Denis Yevseyev,330,156,https://www.atptour.com/en/rankings/singles?dateWeek=2025-10-13&rankRange=0-5000,2026-03-22T00:42:36Z
atp,2025-10-13,PL39,Alfredo Perez,Alfredo Perez,331,153,https://www.atptour.com/en/rankings/singles?dateWeek=2025-10-13&rankRange=0-5000,2026-03-22T00:42:36Z
atp,2025-10-13,D0LJ,Diego Dedura,Diego Dedura,332,153,https://www.atptour.com/en/rankings/singles?dateWeek=2025-10-13&rankRange=0-5000,2026-03-22T00:42:36Z
atp,2025-10-13,BV25,Javier Barranco Cosano,Javier Barranco Cosano,333,152,https://www.atptour.com/en/rankings/singles?dateWeek=2025-10-13&rankRange=0-5000,2026-03-22T00:42:36Z
atp,2025-10-13,BU10,Jacopo Berrettini,Jacopo Berrettini,334,152,https://www.atptour.com/en/rankings/singles?dateWeek=2025-10-13&rankRange=0-5000,2026-03-22T00:42:36Z
atp,2025-10-13,S0BT,Adria Soriano Barrera,Adria Soriano Barrera,335,152,https://www.atptour.com/en/rankings/singles?dateWeek=2025-10-13&rankRange=0-5000,2026-03-22T00:42:36Z
atp,2025-10-13,F0F4,Kilian Feldbausch,Kilian Feldbausch,336,152,https://www.atptour.com/en/rankings/singles?dateWeek=2025-10-13&rankRange=0-5000,2026-03-22T00:42:36Z
atp,2025-10-13,K0CJ,Sandro Kopp,Sandro Kopp,337,151,https://www.atptour.com/en/rankings/singles?dateWeek=2025-10-13&rankRange=0-5000,2026-03-22T00:42:36Z
atp,2025-10-13,D0CN,Miguel Damas,Miguel Damas,338,151,https://www.atptour.com/en/rankings/singles?dateWeek=2025-10-13&rankRange=0-5000,2026-03-22T00:42:36Z
atp,2025-10-13,B0C0,Adrian Boitan,Adrian Boitan,339,150,https://www.atptour.com/en/rankings/singles?dateWeek=2025-10-13&rankRange=0-5000,2026-03-22T00:42:36Z
atp,2025-10-13,B0NO,Darwin Blanch,Darwin Blanch,340,148,https://www.atptour.com/en/rankings/singles?dateWeek=2025-10-13&rankRange=0-5000,2026-03-22T00:42:36Z
atp,2025-10-13,S0GV,Robert Strombachs,Robert Strombachs,341,148,https://www.atptour.com/en/rankings/singles?dateWeek=2025-10-13&rankRange=0-5000,2026-03-22T00:42:36Z
atp,2025-10-13,C0AJ,Jie Cui,Jie Cui,342,146,https://www.atptour.com/en/rankings/singles?dateWeek=2025-10-13&rankRange=0-5000,2026-03-22T00:42:36Z
atp,2025-10-13,PL64,Oleg Prihodko,Oleg Prihodko,343,145,https://www.atptour.com/en/rankings/singles?dateWeek=2025-10-13&rankRange=0-5000,2026-03-22T00:42:36Z
atp,2025-10-13,J0A4,Paul Jubb,Paul Jubb,344,144,https://www.atptour.com/en/rankings/singles?dateWeek=2025-10-13&rankRange=0-5000,2026-03-22T00:42:36Z
atp,2025-10-13,M0GY,Lilian Marmousez,Lilian Marmousez,345,144,https://www.atptour.com/en/rankings/singles?dateWeek=2025-10-13&rankRange=0-5000,2026-03-22T00:42:36Z
atp,2025-10-13,H0DC,Giles Hussey,Giles Hussey,346,144,https://www.atptour.com/en/rankings/singles?dateWeek=2025-10-13&rankRange=0-5000,2026-03-22T00:42:36Z
atp,2025-10-13,BE69,Yan Bai,Yan Bai,347,141,https://www.atptour.com/en/rankings/singles?dateWeek=2025-10-13&rankRange=0-5000,2026-03-22T00:42:36Z
atp,2025-10-13,E768,Antoine Escoffier,Antoine Escoffier,348,141,https://www.atptour.com/en/rankings/singles?dateWeek=2025-10-13&rankRange=0-5000,2026-03-22T00:42:36Z
atp,2025-10-13,N0DB,Andrej Nedic,Andrej Nedic,349,140,https://www.atptour.com/en/rankings/singles?dateWeek=2025-10-13&rankRange=0-5000,2026-03-22T00:42:36Z
atp,2025-10-13,A0CJ,Duje Ajdukovic,Duje Ajdukovic,350,140,https://www.atptour.com/en/rankings/singles?dateWeek=2025-10-13&rankRange=0-5000,2026-03-22T00:42:36Z
atp,2025-10-13,V821,Gonzalo Villanueva,Gonzalo Villanueva,351,140,https://www.atptour.com/en/rankings/singles?dateWeek=2025-10-13&rankRange=0-5000,2026-03-22T00:42:36Z
atp,2025-10-13,BK24,Gregoire Barrere,Gregoire Barrere,352,139,https://www.atptour.com/en/rankings/singles?dateWeek=2025-10-13&rankRange=0-5000,2026-03-22T00:42:36Z
atp,2025-10-13,J0D2,Maximus Jones,Maximus Jones,353,139,https://www.atptour.com/en/rankings/singles?dateWeek=2025-10-13&rankRange=0-5000,2026-03-22T00:42:36Z
atp,2025-10-13,R772,Albert Ramos-Vinolas,Albert Ramos Vinolas,354,138,https://www.atptour.com/en/rankings/singles?dateWeek=2025-10-13&rankRange=0-5000,2026-03-22T00:42:36Z
atp,2025-10-13,P0I6,Gabriele Piraino,Gabriele Piraino,355,138,https://www.atptour.com/en/rankings/singles?dateWeek=2025-10-13&rankRange=0-5000,2026-03-22T00:42:36Z
atp,2025-10-13,V717,Alexey Vatutin,Alexey Vatutin,356,138,https://www.atptour.com/en/rankings/singles?dateWeek=2025-10-13&rankRange=0-5000,2026-03-22T00:42:36Z
atp,2025-10-13,PJ74,Lucas Poullain,Lucas Poullain,357,138,https://www.atptour.com/en/rankings/singles?dateWeek=2025-10-13&rankRange=0-5000,2026-03-22T00:42:36Z
atp,2025-10-13,SG56,Daniel Dutra da Silva,Daniel Dutra Da Silva,358,138,https://www.atptour.com/en/rankings/singles?dateWeek=2025-10-13&rankRange=0-5000,2026-03-22T00:42:36Z
atp,2025-10-13,I0B0,Andre Ilagan,Andre Ilagan,359,138,https://www.atptour.com/en/rankings/singles?dateWeek=2025-10-13&rankRange=0-5000,2026-03-22T00:42:36Z
atp,2025-10-13,R0ED,Max Hans Rehberg,Max Hans Rehberg,360,137,https://www.atptour.com/en/rankings/singles?dateWeek=2025-10-13&rankRange=0-5000,2026-03-22T00:42:36Z
atp,2025-10-13,N0AL,Govind Nanda,Govind Nanda,361,137,https://www.atptour.com/en/rankings/singles?dateWeek=2025-10-13&rankRange=0-5000,2026-03-22T00:42:36Z
atp,2025-10-13,S0CG,Carlos Sanchez Jover,Carlos Sanchez Jover,362,137,https://www.atptour.com/en/rankings/singles?dateWeek=2025-10-13&rankRange=0-5000,2026-03-22T00:42:36Z
atp,2025-10-13,B0FI,Pedro Boscardin Dias,Pedro Boscardin Dias,363,137,https://www.atptour.com/en/rankings/singles?dateWeek=2025-10-13&rankRange=0-5000,2026-03-22T00:42:36Z
atp,2025-10-13,P0B2,Luca Potenza,Luca Potenza,364,137,https://www.atptour.com/en/rankings/singles?dateWeek=2025-10-13&rankRange=0-5000,2026-03-22T00:42:36Z
atp,2025-10-13,H0BF,Philip Henning,Philip Henning,365,136,https://www.atptour.com/en/rankings/singles?dateWeek=2025-10-13&rankRange=0-5000,2026-03-22T00:42:36Z
atp,2025-10-13,G0AO,Alastair Gray,Alastair Gray,366,136,https://www.atptour.com/en/rankings/singles?dateWeek=2025-10-13&rankRange=0-5000,2026-03-22T00:42:36Z
atp,2025-10-13,BV21,Charles Broom,Charles Broom,367,136,https://www.atptour.com/en/rankings/singles?dateWeek=2025-10-13&rankRange=0-5000,2026-03-22T00:42:36Z
atp,2025-10-13,U120,Kaichi Uchida,Kaichi Uchida,368,136,https://www.atptour.com/en/rankings/singles?dateWeek=2025-10-13&rankRange=0-5000,2026-03-22T00:42:36Z
atp,2025-10-13,R0BT,Franco Roncadelli,Franco Roncadelli,369,136,https://www.atptour.com/en/rankings/singles?dateWeek=2025-10-13&rankRange=0-5000,2026-03-22T00:42:36Z
atp,2025-10-13,M0NL,Inaki Montes-De La Torre,Inaki Montes De La Torre,370,136,https://www.atptour.com/en/rankings/singles?dateWeek=2025-10-13&rankRange=0-5000,2026-03-22T00:42:36Z
atp,2025-10-13,MW18,Nicolas Moreno De Alboran,Nicolas Moreno De Alboran,371,135,https://www.atptour.com/en/rankings/singles?dateWeek=2025-10-13&rankRange=0-5000,2026-03-22T00:42:36Z
atp,2025-10-13,S09P,Sanhui Shin,Sanhui Shin,372,135,https://www.atptour.com/en/rankings/singles?dateWeek=2025-10-13&rankRange=0-5000,2026-03-22T00:42:36Z
atp,2025-10-13,S0EX,Hamish Stewart,Hamish Stewart,373,133,https://www.atptour.com/en/rankings/singles?dateWeek=2025-10-13&rankRange=0-5000,2026-03-22T00:42:36Z
atp,2025-10-13,CF88,Roberto Cid Subervi,Roberto Cid Subervi,374,132,https://www.atptour.com/en/rankings/singles?dateWeek=2025-10-13&rankRange=0-5000,2026-03-22T00:42:36Z
atp,2025-10-13,B0LL,Viacheslav Bielinskyi,Viacheslav Bielinskyi,375,132,https://www.atptour.com/en/rankings/singles?dateWeek=2025-10-13&rankRange=0-5000,2026-03-22T00:42:36Z
atp,2025-10-13,S0TX,Henry Searle,Henry Searle,376,132,https://www.atptour.com/en/rankings/singles?dateWeek=2025-10-13&rankRange=0-5000,2026-03-22T00:42:36Z
atp,2025-10-13,K0HG,Milos Karol,Milos Karol,377,132,https://www.atptour.com/en/rankings/singles?dateWeek=2025-10-13&rankRange=0-5000,2026-03-22T00:42:36Z
atp,2025-10-13,J0AW,Guido Ivan Justo,Guido Ivan Justo,378,132,https://www.atptour.com/en/rankings/singles?dateWeek=2025-10-13&rankRange=0-5000,2026-03-22T00:42:36Z
atp,2025-10-13,MF35,Andrej Martin,Andrej Martin,379,131,https://www.atptour.com/en/rankings/singles?dateWeek=2025-10-13&rankRange=0-5000,2026-03-22T00:42:36Z
atp,2025-10-13,DF92,Corentin Denolly,Corentin Denolly,380,130,https://www.atptour.com/en/rankings/singles?dateWeek=2025-10-13&rankRange=0-5000,2026-03-22T00:42:36Z
atp,2025-10-13,CH27,Hyeon Chung,Hyeon Chung,381,129,https://www.atptour.com/en/rankings/singles?dateWeek=2025-10-13&rankRange=0-5000,2026-03-22T00:42:36Z
atp,2025-10-13,T0GR,Oliver Tarvet,Oliver Tarvet,382,128,https://www.atptour.com/en/rankings/singles?dateWeek=2025-10-13&rankRange=0-5000,2026-03-22T00:42:36Z
atp,2025-10-13,B0PE,Federico Bondioli,Federico Bondioli,383,128,https://www.atptour.com/en/rankings/singles?dateWeek=2025-10-13&rankRange=0-5000,2026-03-22T00:42:36Z
atp,2025-10-13,B0OV,Petr Brunclik,Petr Brunclik,384,127,https://www.atptour.com/en/rankings/singles?dateWeek=2025-10-13&rankRange=0-5000,2026-03-22T00:42:36Z
atp,2025-10-13,P0BK,Stuart Parker,Stuart Parker,385,127,https://www.atptour.com/en/rankings/singles?dateWeek=2025-10-13&rankRange=0-5000,2026-03-22T00:42:36Z
atp,2025-10-13,Z371,Zhizhen Zhang,Zhizhen Zhang,386,125,https://www.atptour.com/en/rankings/singles?dateWeek=2025-10-13&rankRange=0-5000,2026-03-22T00:42:36Z
atp,2025-10-13,B0I6,Samir Banerjee,Samir Banerjee,387,125,https://www.atptour.com/en/rankings/singles?dateWeek=2025-10-13&rankRange=0-5000,2026-03-22T00:42:36Z
atp,2025-10-13,S0VM,Trevor Svajda,Trevor Svajda,388,125,https://www.atptour.com/en/rankings/singles?dateWeek=2025-10-13&rankRange=0-5000,2026-03-22T00:42:36Z
atp,2025-10-13,G0J9,Svyatoslav Gulin,Svyatoslav Gulin,389,125,https://www.atptour.com/en/rankings/singles?dateWeek=2025-10-13&rankRange=0-5000,2026-03-22T00:42:36Z
atp,2025-10-13,P0DR,Andrea Picchione,Andrea Picchione,390,125,https://www.atptour.com/en/rankings/singles?dateWeek=2025-10-13&rankRange=0-5000,2026-03-22T00:42:36Z
atp,2025-10-13,S0W8,Aryan Shah,Aryan Shah,391,124,https://www.atptour.com/en/rankings/singles?dateWeek=2025-10-13&rankRange=0-5000,2026-03-22T00:42:36Z
atp,2025-10-13,A0BA,Federico Arnaboldi,Federico Arnaboldi,392,124,https://www.atptour.com/en/rankings/singles?dateWeek=2025-10-13&rankRange=0-5000,2026-03-22T00:42:36Z
atp,2025-10-13,B0GI,Alexander Binda,Alexander Binda,393,124,https://www.atptour.com/en/rankings/singles?dateWeek=2025-10-13&rankRange=0-5000,2026-03-22T00:42:36Z
atp,2025-10-13,D0D4,Stefan Dostanic,Stefan Dostanic,394,123,https://www.atptour.com/en/rankings/singles?dateWeek=2025-10-13&rankRange=0-5000,2026-03-22T00:42:36Z
atp,2025-10-13,KE69,Mariano Kestelboim,Mariano Kestelboim,395,123,https://www.atptour.com/en/rankings/singles?dateWeek=2025-10-13&rankRange=0-5000,2026-03-22T00:42:36Z
atp,2025-10-13,P0GQ,Mili Poljicak,Mili Poljicak,396,123,https://www.atptour.com/en/rankings/singles?dateWeek=2025-10-13&rankRange=0-5000,2026-03-22T00:42:36Z
atp,2025-10-13,SR81,Khumoyun Sultanov,Khumoyun Sultanov,397,122,https://www.atptour.com/en/rankings/singles?dateWeek=2025-10-13&rankRange=0-5000,2026-03-22T00:42:36Z
atp,2025-10-13,MI01,Hiroki Moriya,Hiroki Moriya,398,122,https://www.atptour.com/en/rankings/singles?dateWeek=2025-10-13&rankRange=0-5000,2026-03-22T00:42:36Z
atp,2025-10-13,T0DM,Juan Bautista Torres,Juan Bautista Torres,399,122,https://www.atptour.com/en/rankings/singles?dateWeek=2025-10-13&rankRange=0-5000,2026-03-22T00:42:36Z
atp,2025-10-13,BV24,Raul Brancaccio,Raul Brancaccio,400,121,https://www.atptour.com/en/rankings/singles?dateWeek=2025-10-13&rankRange=0-5000,2026-03-22T00:42:36Z
atp,2025-10-13,SO20,Jelle Sels,Jelle Sels,401,121,https://www.atptour.com/en/rankings/singles?dateWeek=2025-10-13&rankRange=0-5000,2026-03-22T00:42:36Z
atp,2025-10-13,D0A2,Matthew Dellavedova,Matthew Dellavedova,402,121,https://www.atptour.com/en/rankings/singles?dateWeek=2025-10-13&rankRange=0-5000,2026-03-22T00:42:36Z
atp,2025-10-13,BF23,Facundo Bagnis,Facundo Bagnis,403,120,https://www.atptour.com/en/rankings/singles?dateWeek=2025-10-13&rankRange=0-5000,2026-03-22T00:42:36Z
atp,2025-10-13,CG07,Hernan Casanova,Hernan Casanova,404,120,https://www.atptour.com/en/rankings/singles?dateWeek=2025-10-13&rankRange=0-5000,2026-03-22T00:42:36Z
atp,2025-10-13,E0AA,Yanki Erel,Yanki Erel,405,120,https://www.atptour.com/en/rankings/singles?dateWeek=2025-10-13&rankRange=0-5000,2026-03-22T00:42:36Z
atp,2025-10-13,MJ98,Facundo Mena,Facundo Mena,406,116,https://www.atptour.com/en/rankings/singles?dateWeek=2025-10-13&rankRange=0-5000,2026-03-22T00:42:36Z
atp,2025-10-13,CH80,Luca Castelnuovo,Luca Castelnuovo,407,116,https://www.atptour.com/en/rankings/singles?dateWeek=2025-10-13&rankRange=0-5000,2026-03-22T00:42:36Z
atp,2025-10-13,PF39,Lucas Pouille,Lucas Pouille,408,115,https://www.atptour.com/en/rankings/singles?dateWeek=2025-10-13&rankRange=0-5000,2026-03-22T00:42:36Z
atp,2025-10-13,G0IW,Antoine Ghibaudo,Antoine Ghibaudo,409,115,https://www.atptour.com/en/rankings/singles?dateWeek=2025-10-13&rankRange=0-5000,2026-03-22T00:42:36Z
atp,2025-10-13,Z419,Bernabe Zapata Miralles,Bernabe Zapata Miralles,410,115,https://www.atptour.com/en/rankings/singles?dateWeek=2025-10-13&rankRange=0-5000,2026-03-22T00:42:36Z
atp,2025-10-13,K0FY,Martin Krumich,Martin Krumich,411,115,https://www.atptour.com/en/rankings/singles?dateWeek=2025-10-13&rankRange=0-5000,2026-03-22T00:42:36Z
atp,2025-10-13,S0HR,Kasidit Samrej,Kasidit Samrej,412,115,https://www.atptour.com/en/rankings/singles?dateWeek=2025-10-13&rankRange=0-5000,2026-03-22T00:42:36Z
atp,2025-10-13,BE90,Ricardas Berankis,Ricardas Berankis,413,114,https://www.atptour.com/en/rankings/singles?dateWeek=2025-10-13&rankRange=0-5000,2026-03-22T00:42:36Z
atp,2025-10-13,EA27,Blake Ellis,Blake Ellis,414,113,https://www.atptour.com/en/rankings/singles?dateWeek=2025-10-13&rankRange=0-5000,2026-03-22T00:42:36Z
atp,2025-10-13,M0RG,Daniel Milavsky,Daniel Milavsky,415,113,https://www.atptour.com/en/rankings/singles?dateWeek=2025-10-13&rankRange=0-5000,2026-03-22T00:42:36Z
atp,2025-10-13,C0B2,Cezar Cretu,Cezar Cretu,416,113,https://www.atptour.com/en/rankings/singles?dateWeek=2025-10-13&rankRange=0-5000,2026-03-22T00:42:36Z
atp,2025-10-13,A0EA,Max Alcala Gurri,Max Alcala Gurri,417,113,https://www.atptour.com/en/rankings/singles?dateWeek=2025-10-13&rankRange=0-5000,2026-03-22T00:42:36Z
atp,2025-10-13,M0SE,Maxim Mrva,Maxim Mrva,418,112,https://www.atptour.com/en/rankings/singles?dateWeek=2025-10-13&rankRange=0-5000,2026-03-22T00:42:36Z
atp,2025-10-13,O376,Renzo Olivo,Renzo Olivo,419,111,https://www.atptour.com/en/rankings/singles?dateWeek=2025-10-13&rankRange=0-5000,2026-03-22T00:42:36Z
atp,2025-10-13,SL94,Pedro Sakamoto,Pedro Sakamoto,420,111,https://www.atptour.com/en/rankings/singles?dateWeek=2025-10-13&rankRange=0-5000,2026-03-22T00:42:36Z
atp,2025-10-13,S0TI,Philip Sekulic,Philip Sekulic,421,108,https://www.atptour.com/en/rankings/singles?dateWeek=2025-10-13&rankRange=0-5000,2026-03-22T00:42:36Z
atp,2025-10-13,MN20,Daniel Masur,Daniel Masur,422,108,https://www.atptour.com/en/rankings/singles?dateWeek=2025-10-13&rankRange=0-5000,2026-03-22T00:42:36Z
atp,2025-10-13,M0EY,Alex Marti Pujolras,Alex Marti Pujolras,423,108,https://www.atptour.com/en/rankings/singles?dateWeek=2025-10-13&rankRange=0-5000,2026-03-22T00:42:36Z
atp,2025-10-13,SM88,Karue Sell,Karue Sell,424,107,https://www.atptour.com/en/rankings/singles?dateWeek=2025-10-13&rankRange=0-5000,2026-03-22T00:42:36Z
atp,2025-10-13,M0AC,Rudolf Molleker,Rudolf Molleker,425,106,https://www.atptour.com/en/rankings/singles?dateWeek=2025-10-13&rankRange=0-5000,2026-03-22T00:42:36Z
atp,2025-10-13,FC49,Giovanni Fonio,Giovanni Fonio,426,106,https://www.atptour.com/en/rankings/singles?dateWeek=2025-10-13&rankRange=0-5000,2026-03-22T00:42:36Z
atp,2025-10-13,O0AD,Neil Oberleitner,Neil Oberleitner,427,106,https://www.atptour.com/en/rankings/singles?dateWeek=2025-10-13&rankRange=0-5000,2026-03-22T00:42:36Z
atp,2025-10-13,D0AR,Mateus Alves,Mateus Alves,428,105,https://www.atptour.com/en/rankings/singles?dateWeek=2025-10-13&rankRange=0-5000,2026-03-22T00:42:36Z
atp,2025-10-13,P0BM,Tadeas Paroulek,Tadeas Paroulek,429,105,https://www.atptour.com/en/rankings/singles?dateWeek=2025-10-13&rankRange=0-5000,2026-03-22T00:42:36Z
atp,2025-10-13,LC12,Laurent Lokoli,Laurent Lokoli,430,104,https://www.atptour.com/en/rankings/singles?dateWeek=2025-10-13&rankRange=0-5000,2026-03-22T00:42:36Z
atp,2025-10-13,N663,Maximilian Neuchrist,Maximilian Neuchrist,431,104,https://www.atptour.com/en/rankings/singles?dateWeek=2025-10-13&rankRange=0-5000,2026-03-22T00:42:36Z
atp,2025-10-13,MP13,Mukund Sasikumar,Mukund Sasikumar,432,104,https://www.atptour.com/en/rankings/singles?dateWeek=2025-10-13&rankRange=0-5000,2026-03-22T00:42:36Z
atp,2025-10-13,R0BC,Lorenzo Joaquin Rodriguez,Lorenzo Joaquin Rodriguez,433,104,https://www.atptour.com/en/rankings/singles?dateWeek=2025-10-13&rankRange=0-5000,2026-03-22T00:42:36Z
atp,2025-10-13,W0BU,Olle Wallin,Olle Wallin,434,104,https://www.atptour.com/en/rankings/singles?dateWeek=2025-10-13&rankRange=0-5000,2026-03-22T00:42:36Z
atp,2025-10-13,M0TO,Mae Malige,Mae Malige,435,103,https://www.atptour.com/en/rankings/singles?dateWeek=2025-10-13&rankRange=0-5000,2026-03-22T00:42:36Z
atp,2025-10-13,SK94,Cedrik-Marcel Stebe,Cedrik Marcel Stebe,436,102,https://www.atptour.com/en/rankings/singles?dateWeek=2025-10-13&rankRange=0-5000,2026-03-22T00:42:36Z
atp,2025-10-13,RB60,Oriol Roca Batalla,Oriol Roca Batalla,437,102,https://www.atptour.com/en/rankings/singles?dateWeek=2025-10-13&rankRange=0-5000,2026-03-22T00:42:36Z
atp,2025-10-13,A09W,Juan Carlos Aguilar,Juan Carlos Aguilar,438,102,https://www.atptour.com/en/rankings/singles?dateWeek=2025-10-13&rankRange=0-5000,2026-03-22T00:42:36Z
atp,2025-10-13,BI23,Liam Broady,Liam Broady,439,102,https://www.atptour.com/en/rankings/singles?dateWeek=2025-10-13&rankRange=0-5000,2026-03-22T00:42:36Z
atp,2025-10-13,S0RI,Karan Singh,Karan Singh,440,102,https://www.atptour.com/en/rankings/singles?dateWeek=2025-10-13&rankRange=0-5000,2026-03-22T00:42:36Z
atp,2025-10-13,TF58,Yusuke Takahashi,Yusuke Takahashi,441,101,https://www.atptour.com/en/rankings/singles?dateWeek=2025-10-13&rankRange=0-5000,2026-03-22T00:42:36Z
atp,2025-10-13,C0OW,Lorenzo Carboni,Lorenzo Carboni,442,101,https://www.atptour.com/en/rankings/singles?dateWeek=2025-10-13&rankRange=0-5000,2026-03-22T00:42:36Z
atp,2025-10-13,A0IK,Luciano Emanuel Ambrogi,Luciano Emanuel Ambrogi,443,101,https://www.atptour.com/en/rankings/singles?dateWeek=2025-10-13&rankRange=0-5000,2026-03-22T00:42:36Z
atp,2025-10-13,T0EI,Aristotelis Thanos,Aristotelis Thanos,444,99,https://www.atptour.com/en/rankings/singles?dateWeek=2025-10-13&rankRange=0-5000,2026-03-22T00:42:36Z
atp,2025-10-13,S0C2,Hikaru Shiraishi,Hikaru Shiraishi,445,99,https://www.atptour.com/en/rankings/singles?dateWeek=2025-10-13&rankRange=0-5000,2026-03-22T00:42:36Z
atp,2025-10-13,W0AH,Harry Wendelken,Harry Wendelken,446,99,https://www.atptour.com/en/rankings/singles?dateWeek=2025-10-13&rankRange=0-5000,2026-03-22T00:42:36Z
atp,2025-10-13,B0JP,Dali Blanch,Dali Blanch,447,99,https://www.atptour.com/en/rankings/singles?dateWeek=2025-10-13&rankRange=0-5000,2026-03-22T00:42:36Z
atp,2025-10-13,PG94,Marc Polmans,Marc Polmans,448,98,https://www.atptour.com/en/rankings/singles?dateWeek=2025-10-13&rankRange=0-5000,2026-03-22T00:42:36Z
atp,2025-10-13,SQ80,Akira Santillan,Akira Santillan,449,98,https://www.atptour.com/en/rankings/singles?dateWeek=2025-10-13&rankRange=0-5000,2026-03-22T00:42:36Z
atp,2025-10-13,KE64,Stefan Kozlov,Stefan Kozlov,450,97,https://www.atptour.com/en/rankings/singles?dateWeek=2025-10-13&rankRange=0-5000,2026-03-22T00:42:36Z
atp,2025-10-13,J476,David Jorda Sanchis,David Jorda Sanchis,451,97,https://www.atptour.com/en/rankings/singles?dateWeek=2025-10-13&rankRange=0-5000,2026-03-22T00:42:36Z
atp,2025-10-13,H0CD,Alex Hernandez,Alex Hernandez,452,97,https://www.atptour.com/en/rankings/singles?dateWeek=2025-10-13&rankRange=0-5000,2026-03-22T00:42:36Z
atp,2025-10-13,F0BT,Jonas Forejtek,Jonas Forejtek,453,96,https://www.atptour.com/en/rankings/singles?dateWeek=2025-10-13&rankRange=0-5000,2026-03-22T00:42:36Z
atp,2025-10-13,W0C4,Edward Winter,Edward Winter,454,96,https://www.atptour.com/en/rankings/singles?dateWeek=2025-10-13&rankRange=0-5000,2026-03-22T00:42:36Z
atp,2025-10-13,P0HP,Lukas Pokorny,Lukas Pokorny,455,96,https://www.atptour.com/en/rankings/singles?dateWeek=2025-10-13&rankRange=0-5000,2026-03-22T00:42:36Z
atp,2025-10-13,D0HJ,Branko Djuric,Branko Djuric,456,96,https://www.atptour.com/en/rankings/singles?dateWeek=2025-10-13&rankRange=0-5000,2026-03-22T00:42:36Z
atp,2025-10-13,M0BN,Marvin Moeller,Marvin Moeller,457,95,https://www.atptour.com/en/rankings/singles?dateWeek=2025-10-13&rankRange=0-5000,2026-03-22T00:42:36Z
atp,2025-10-13,K0DP,Oleksii Krutykh,Oleksii Krutykh,458,95,https://www.atptour.com/en/rankings/singles?dateWeek=2025-10-13&rankRange=0-5000,2026-03-22T00:42:36Z
atp,2025-10-13,V0BD,Nikolay Vylegzhanin,Nikolay Vylegzhanin,459,94,https://www.atptour.com/en/rankings/singles?dateWeek=2025-10-13&rankRange=0-5000,2026-03-22T00:42:36Z
atp,2025-10-13,I0A7,Nicholas David Ionel,Nicholas David Ionel,460,94,https://www.atptour.com/en/rankings/singles?dateWeek=2025-10-13&rankRange=0-5000,2026-03-22T00:42:36Z
atp,2025-10-13,M0C2,Dan Martin,Dan Martin,461,93,https://www.atptour.com/en/rankings/singles?dateWeek=2025-10-13&rankRange=0-5000,2026-03-22T00:42:36Z
atp,2025-10-13,D0DC,Etienne Donnet,Etienne Donnet,462,93,https://www.atptour.com/en/rankings/singles?dateWeek=2025-10-13&rankRange=0-5000,2026-03-22T00:42:36Z
atp,2025-10-13,DB59,Dennis Novak,Dennis Novak,463,93,https://www.atptour.com/en/rankings/singles?dateWeek=2025-10-13&rankRange=0-5000,2026-03-22T00:42:36Z
atp,2025-10-13,PF65,Filip Peliwo,Filip Peliwo,464,93,https://www.atptour.com/en/rankings/singles?dateWeek=2025-10-13&rankRange=0-5000,2026-03-22T00:42:36Z
atp,2025-10-13,A0I1,Bor Artnak,Bor Artnak,465,92,https://www.atptour.com/en/rankings/singles?dateWeek=2025-10-13&rankRange=0-5000,2026-03-22T00:42:36Z
atp,2025-10-13,C0LK,Carlo Alberto Caniato,Carlo Alberto Caniato,466,92,https://www.atptour.com/en/rankings/singles?dateWeek=2025-10-13&rankRange=0-5000,2026-03-22T00:42:36Z
atp,2025-10-13,O659,Vladyslav Orlov,Vladyslav Orlov,467,92,https://www.atptour.com/en/rankings/singles?dateWeek=2025-10-13&rankRange=0-5000,2026-03-22T00:42:36Z
atp,2025-10-13,W0BB,Max Wiskandt,Max Wiskandt,468,91,https://www.atptour.com/en/rankings/singles?dateWeek=2025-10-13&rankRange=0-5000,2026-03-22T00:42:36Z
atp,2025-10-13,R0JW,Michele Ribecai,Michele Ribecai,469,91,https://www.atptour.com/en/rankings/singles?dateWeek=2025-10-13&rankRange=0-5000,2026-03-22T00:42:36Z
atp,2025-10-13,N0B4,Ryan Nijboer,Ryan Nijboer,470,91,https://www.atptour.com/en/rankings/singles?dateWeek=2025-10-13&rankRange=0-5000,2026-03-22T00:42:36Z
atp,2025-10-13,K09F,Pavel Kotov,Pavel Kotov,471,90,https://www.atptour.com/en/rankings/singles?dateWeek=2025-10-13&rankRange=0-5000,2026-03-22T00:42:36Z
atp,2025-10-13,M0FA,Anton Matusevich,Anton Matusevich,472,90,https://www.atptour.com/en/rankings/singles?dateWeek=2025-10-13&rankRange=0-5000,2026-03-22T00:42:36Z
atp,2025-10-13,BE67,Mirza Basic,Mirza Basic,473,90,https://www.atptour.com/en/rankings/singles?dateWeek=2025-10-13&rankRange=0-5000,2026-03-22T00:42:36Z
atp,2025-10-13,KI48,Ergi Kirkin,Ergi Kirkin,474,90,https://www.atptour.com/en/rankings/singles?dateWeek=2025-10-13&rankRange=0-5000,2026-03-22T00:42:36Z
atp,2025-10-13,M0G0,Ryuki Matsuda,Ryuki Matsuda,475,90,https://www.atptour.com/en/rankings/singles?dateWeek=2025-10-13&rankRange=0-5000,2026-03-22T00:42:36Z
atp,2025-10-13,A0ES,Pedro Araujo,Pedro Araujo,476,90,https://www.atptour.com/en/rankings/singles?dateWeek=2025-10-13&rankRange=0-5000,2026-03-22T00:42:36Z
atp,2025-10-13,WB19,Alexander Weis,Alexander Weis,477,90,https://www.atptour.com/en/rankings/singles?dateWeek=2025-10-13&rankRange=0-5000,2026-03-22T00:42:36Z
atp,2025-10-13,KF17,Soonwoo Kwon,Soonwoo Kwon,478,89,https://www.atptour.com/en/rankings/singles?dateWeek=2025-10-13&rankRange=0-5000,2026-03-22T00:42:36Z
atp,2025-10-13,B0TP,Henry Bernet,Henry Bernet,479,89,https://www.atptour.com/en/rankings/singles?dateWeek=2025-10-13&rankRange=0-5000,2026-03-22T00:42:36Z
atp,2025-10-13,H0JL,Jay Friend,Jay Friend,480,89,https://www.atptour.com/en/rankings/singles?dateWeek=2025-10-13&rankRange=0-5000,2026-03-22T00:42:36Z
atp,2025-10-13,B0JE,Max Basing,Max Basing,481,89,https://www.atptour.com/en/rankings/singles?dateWeek=2025-10-13&rankRange=0-5000,2026-03-22T00:42:36Z
atp,2025-10-13,F0BP,Pietro Fellin,Pietro Fellin,482,89,https://www.atptour.com/en/rankings/singles?dateWeek=2025-10-13&rankRange=0-5000,2026-03-22T00:42:36Z
atp,2025-10-13,F0CK,Andrew Fenty,Andrew Fenty,483,89,https://www.atptour.com/en/rankings/singles?dateWeek=2025-10-13&rankRange=0-5000,2026-03-22T00:42:36Z
atp,2025-10-13,O482,Gonzalo Oliveira,Gonzalo Oliveira,484,88,https://www.atptour.com/en/rankings/singles?dateWeek=2025-10-13&rankRange=0-5000,2026-03-22T00:42:36Z
atp,2025-10-13,W0A4,Arthur Weber,Arthur Weber,485,88,https://www.atptour.com/en/rankings/singles?dateWeek=2025-10-13&rankRange=0-5000,2026-03-22T00:42:36Z
atp,2025-10-13,DG80,Enrico Dalla Valle,Enrico Dalla Valle,486,88,https://www.atptour.com/en/rankings/singles?dateWeek=2025-10-13&rankRange=0-5000,2026-03-22T00:42:36Z
atp,2025-10-13,H0B5,Tsung-Hao Huang,Tsung Hao Huang,487,88,https://www.atptour.com/en/rankings/singles?dateWeek=2025-10-13&rankRange=0-5000,2026-03-22T00:42:36Z
atp,2025-10-13,T0IZ,Alvin Nicholas Tudorica,Alvin Nicholas Tudorica,488,88,https://www.atptour.com/en/rankings/singles?dateWeek=2025-10-13&rankRange=0-5000,2026-03-22T00:42:36Z
atp,2025-10-13,I0AX,Kokoro Isomura,Kokoro Isomura,489,88,https://www.atptour.com/en/rankings/singles?dateWeek=2025-10-13&rankRange=0-5000,2026-03-22T00:42:36Z
atp,2025-10-13,F0A3,Sergey Fomin,Sergey Fomin,490,88,https://www.atptour.com/en/rankings/singles?dateWeek=2025-10-13&rankRange=0-5000,2026-03-22T00:42:36Z
atp,2025-10-13,M0B2,Yuki Mochizuki,Yuki Mochizuki,491,87,https://www.atptour.com/en/rankings/singles?dateWeek=2025-10-13&rankRange=0-5000,2026-03-22T00:42:36Z
atp,2025-10-13,A0FM,Egor Agafonov,Egor Agafonov,492,87,https://www.atptour.com/en/rankings/singles?dateWeek=2025-10-13&rankRange=0-5000,2026-03-22T00:42:36Z
atp,2025-10-13,P0E9,Dominik Palan,Dominik Palan,493,87,https://www.atptour.com/en/rankings/singles?dateWeek=2025-10-13&rankRange=0-5000,2026-03-22T00:42:36Z
atp,2025-10-13,M0I0,Maxwell Mckennon,Maxwell Mckennon,494,87,https://www.atptour.com/en/rankings/singles?dateWeek=2025-10-13&rankRange=0-5000,2026-03-22T00:42:36Z
atp,2025-10-13,Z0C3,Maxim Zhukov,Maxim Zhukov,495,87,https://www.atptour.com/en/rankings/singles?dateWeek=2025-10-13&rankRange=0-5000,2026-03-22T00:42:36Z
atp,2025-10-13,C0BB,Tommaso Compagnucci,Tommaso Compagnucci,496,87,https://www.atptour.com/en/rankings/singles?dateWeek=2025-10-13&rankRange=0-5000,2026-03-22T00:42:36Z
atp,2025-10-13,CO01,Andrey Chepelev,Andrey Chepelev,497,87,https://www.atptour.com/en/rankings/singles?dateWeek=2025-10-13&rankRange=0-5000,2026-03-22T00:42:36Z
atp,2025-10-13,B0C5,Florian Broska,Florian Broska,498,86,https://www.atptour.com/en/rankings/singles?dateWeek=2025-10-13&rankRange=0-5000,2026-03-22T00:42:36Z
atp,2025-10-13,A829,Radu Albot,Radu Albot,499,86,https://www.atptour.com/en/rankings/singles?dateWeek=2025-10-13&rankRange=0-5000,2026-03-22T00:42:36Z
atp,2025-10-13,C0NN,Gianluca Cadenasso,Gianluca Cadenasso,500,86,https://www.atptour.com/en/rankings/singles?dateWeek=2025-10-13&rankRange=0-5000,2026-03-22T00:42:36Z
atp,2025-10-13,P0IT,Olaf Pieczkowski,Olaf Pieczkowski,501,86,https://www.atptour.com/en/rankings/singles?dateWeek=2025-10-13&rankRange=0-5000,2026-03-22T00:42:36Z
atp,2025-10-13,M0EG,Tristan McCormick,Tristan Mccormick,502,86,https://www.atptour.com/en/rankings/singles?dateWeek=2025-10-13&rankRange=0-5000,2026-03-22T00:42:36Z
atp,2025-10-13,C0JX,Sean Cuenin,Sean Cuenin,503,85,https://www.atptour.com/en/rankings/singles?dateWeek=2025-10-13&rankRange=0-5000,2026-03-22T00:42:36Z
atp,2025-10-13,O0BE,Oleksandr Ovcharenko,Oleksandr Ovcharenko,504,85,https://www.atptour.com/en/rankings/singles?dateWeek=2025-10-13&rankRange=0-5000,2026-03-22T00:42:36Z
atp,2025-10-13,C0I4,Tibo Colson,Tibo Colson,505,84,https://www.atptour.com/en/rankings/singles?dateWeek=2025-10-13&rankRange=0-5000,2026-03-22T00:42:36Z
atp,2025-10-13,S0IN,Woobin Shin,Woobin Shin,506,84,https://www.atptour.com/en/rankings/singles?dateWeek=2025-10-13&rankRange=0-5000,2026-03-22T00:42:36Z
atp,2025-10-13,I426,Masamichi Imamura,Masamichi Imamura,507,84,https://www.atptour.com/en/rankings/singles?dateWeek=2025-10-13&rankRange=0-5000,2026-03-22T00:42:36Z
atp,2025-10-13,P0JG,Gabriele Pennaforti,Gabriele Pennaforti,508,84,https://www.atptour.com/en/rankings/singles?dateWeek=2025-10-13&rankRange=0-5000,2026-03-22T00:42:36Z
atp,2025-10-13,J620,Maxime Janvier,Maxime Janvier,509,84,https://www.atptour.com/en/rankings/singles?dateWeek=2025-10-13&rankRange=0-5000,2026-03-22T00:42:36Z
atp,2025-10-13,KE73,Dominik Koepfer,Dominik Koepfer,510,83,https://www.atptour.com/en/rankings/singles?dateWeek=2025-10-13&rankRange=0-5000,2026-03-22T00:42:36Z
atp,2025-10-13,L0GR,Juan Manuel La Serna,Juan Manuel La Serna,511,83,https://www.atptour.com/en/rankings/singles?dateWeek=2025-10-13&rankRange=0-5000,2026-03-22T00:42:36Z
atp,2025-10-13,M0QK,Loann Massard,Loann Massard,512,83,https://www.atptour.com/en/rankings/singles?dateWeek=2025-10-13&rankRange=0-5000,2026-03-22T00:42:36Z
atp,2025-10-13,V09T,Pedro Vives Marcos,Pedro Vives Marcos,513,82,https://www.atptour.com/en/rankings/singles?dateWeek=2025-10-13&rankRange=0-5000,2026-03-22T00:42:36Z
atp,2025-10-13,A0K3,Nicolas Arseneault,Nicolas Arseneault,514,81,https://www.atptour.com/en/rankings/singles?dateWeek=2025-10-13&rankRange=0-5000,2026-03-22T00:42:36Z
atp,2025-10-13,S0TM,Toby Samuel,Toby Samuel,515,81,https://www.atptour.com/en/rankings/singles?dateWeek=2025-10-13&rankRange=0-5000,2026-03-22T00:42:36Z
atp,2025-10-13,R0IL,Iliyan Radulov,Iliyan Radulov,516,81,https://www.atptour.com/en/rankings/singles?dateWeek=2025-10-13&rankRange=0-5000,2026-03-22T00:42:36Z
atp,2025-10-13,V0D4,Eric Vanshelboim,Eric Vanshelboim,517,81,https://www.atptour.com/en/rankings/singles?dateWeek=2025-10-13&rankRange=0-5000,2026-03-22T00:42:36Z
atp,2025-10-13,K0HC,Maks Kasnikowski,Maks Kasnikowski,518,80,https://www.atptour.com/en/rankings/singles?dateWeek=2025-10-13&rankRange=0-5000,2026-03-22T00:42:36Z
atp,2025-10-13,T0AA,Dan Alexandru Tomescu,Dan Alexandru Tomescu,519,80,https://www.atptour.com/en/rankings/singles?dateWeek=2025-10-13&rankRange=0-5000,2026-03-22T00:42:36Z
atp,2025-10-13,M0CW,Aidan McHugh,Aidan Mchugh,520,79,https://www.atptour.com/en/rankings/singles?dateWeek=2025-10-13&rankRange=0-5000,2026-03-22T00:42:36Z
atp,2025-10-13,K0DE,Takuya Kumasaka,Takuya Kumasaka,521,79,https://www.atptour.com/en/rankings/singles?dateWeek=2025-10-13&rankRange=0-5000,2026-03-22T00:42:36Z
atp,2025-10-13,W857,Tung-Lin Wu,Tung Lin Wu,522,79,https://www.atptour.com/en/rankings/singles?dateWeek=2025-10-13&rankRange=0-5000,2026-03-22T00:42:36Z
atp,2025-10-13,V993,Eero Vasa,Eero Vasa,523,79,https://www.atptour.com/en/rankings/singles?dateWeek=2025-10-13&rankRange=0-5000,2026-03-22T00:42:36Z
atp,2025-10-13,RC04,Alexander Ritschard,Alexander Ritschard,524,78,https://www.atptour.com/en/rankings/singles?dateWeek=2025-10-13&rankRange=0-5000,2026-03-22T00:42:36Z
atp,2025-10-13,KC04,Jozef Kovalik,Jozef Kovalik,525,78,https://www.atptour.com/en/rankings/singles?dateWeek=2025-10-13&rankRange=0-5000,2026-03-22T00:42:36Z
atp,2025-10-13,LC11,Tristan Lamasine,Tristan Lamasine,526,78,https://www.atptour.com/en/rankings/singles?dateWeek=2025-10-13&rankRange=0-5000,2026-03-22T00:42:36Z
atp,2025-10-13,U176,Vadym Ursu,Vadym Ursu,527,78,https://www.atptour.com/en/rankings/singles?dateWeek=2025-10-13&rankRange=0-5000,2026-03-22T00:42:36Z
atp,2025-10-13,L0ID,Jack Loge,Jack Loge,528,78,https://www.atptour.com/en/rankings/singles?dateWeek=2025-10-13&rankRange=0-5000,2026-03-22T00:42:36Z
atp,2025-10-13,N679,Stefano Napolitano,Stefano Napolitano,529,77,https://www.atptour.com/en/rankings/singles?dateWeek=2025-10-13&rankRange=0-5000,2026-03-22T00:42:36Z
atp,2025-10-13,X01C,Ioannis Xilas,Ioannis Xilas,530,77,https://www.atptour.com/en/rankings/singles?dateWeek=2025-10-13&rankRange=0-5000,2026-03-22T00:42:36Z
atp,2025-10-13,K0DB,Cannon Kingsley,Cannon Kingsley,531,77,https://www.atptour.com/en/rankings/singles?dateWeek=2025-10-13&rankRange=0-5000,2026-03-22T00:42:36Z
atp,2025-10-13,B0A0,Maxence Beauge,Maxence Beauge,532,77,https://www.atptour.com/en/rankings/singles?dateWeek=2025-10-13&rankRange=0-5000,2026-03-22T00:42:36Z
atp,2025-10-13,N0CJ,Petr Nesterov,Petr Nesterov,533,77,https://www.atptour.com/en/rankings/singles?dateWeek=2025-10-13&rankRange=0-5000,2026-03-22T00:42:36Z
atp,2025-10-13,M0EN,Manuel Mazza,Manuel Mazza,534,76,https://www.atptour.com/en/rankings/singles?dateWeek=2025-10-13&rankRange=0-5000,2026-03-22T00:42:36Z
atp,2025-10-13,P0G5,Stefan Popovic,Stefan Popovic,535,76,https://www.atptour.com/en/rankings/singles?dateWeek=2025-10-13&rankRange=0-5000,2026-03-22T00:42:36Z
atp,2025-10-13,F0DP,Peter Fajta,Peter Fajta,536,75,https://www.atptour.com/en/rankings/singles?dateWeek=2025-10-13&rankRange=0-5000,2026-03-22T00:42:36Z
atp,2025-10-13,K0HN,Bruno Kuzuhara,Bruno Kuzuhara,537,75,https://www.atptour.com/en/rankings/singles?dateWeek=2025-10-13&rankRange=0-5000,2026-03-22T00:42:36Z
atp,2025-10-13,DC38,Jake Delaney,Jake Delaney,538,75,https://www.atptour.com/en/rankings/singles?dateWeek=2025-10-13&rankRange=0-5000,2026-03-22T00:42:36Z
atp,2025-10-13,A0IY,Luis Carlos Alvarez,Luis Carlos Alvarez,539,74,https://www.atptour.com/en/rankings/singles?dateWeek=2025-10-13&rankRange=0-5000,2026-03-22T00:42:36Z
atp,2025-10-13,P0MG,Raphael Perot,Raphael Perot,540,74,https://www.atptour.com/en/rankings/singles?dateWeek=2025-10-13&rankRange=0-5000,2026-03-22T00:42:36Z
atp,2025-10-13,A09Q,Mert Alkaya,Mert Alkaya,541,74,https://www.atptour.com/en/rankings/singles?dateWeek=2025-10-13&rankRange=0-5000,2026-03-22T00:42:36Z
atp,2025-10-13,S0H9,James Story,James Story,542,74,https://www.atptour.com/en/rankings/singles?dateWeek=2025-10-13&rankRange=0-5000,2026-03-22T00:42:36Z
atp,2025-10-13,MN13,Maximilian Marterer,Maximilian Marterer,543,73,https://www.atptour.com/en/rankings/singles?dateWeek=2025-10-13&rankRange=0-5000,2026-03-22T00:42:36Z
atp,2025-10-13,M0GP,Filippo Moroni,Filippo Moroni,544,73,https://www.atptour.com/en/rankings/singles?dateWeek=2025-10-13&rankRange=0-5000,2026-03-22T00:42:36Z
atp,2025-10-13,P0CY,Stefan Palosi,Stefan Palosi,545,73,https://www.atptour.com/en/rankings/singles?dateWeek=2025-10-13&rankRange=0-5000,2026-03-22T00:42:36Z
atp,2025-10-13,E831,Kyle Edmund,Kyle Edmund,546,71,https://www.atptour.com/en/rankings/singles?dateWeek=2025-10-13&rankRange=0-5000,2026-03-22T00:42:36Z
atp,2025-10-13,SY00,Christian Sigsgaard,Christian Sigsgaard,547,71,https://www.atptour.com/en/rankings/singles?dateWeek=2025-10-13&rankRange=0-5000,2026-03-22T00:42:36Z
atp,2025-10-13,I330,Shintaro Imai,Shintaro Imai,548,71,https://www.atptour.com/en/rankings/singles?dateWeek=2025-10-13&rankRange=0-5000,2026-03-22T00:42:36Z
atp,2025-10-13,A0IA,Erik Arutiunian,Erik Arutiunian,549,71,https://www.atptour.com/en/rankings/singles?dateWeek=2025-10-13&rankRange=0-5000,2026-03-22T00:42:36Z
atp,2025-10-13,Z0BL,Fares Zakaria,Fares Zakaria,550,71,https://www.atptour.com/en/rankings/singles?dateWeek=2025-10-13&rankRange=0-5000,2026-03-22T00:42:36Z
atp,2025-10-13,B0I5,Blaise Bicknell,Blaise Bicknell,551,70,https://www.atptour.com/en/rankings/singles?dateWeek=2025-10-13&rankRange=0-5000,2026-03-22T00:42:36Z
atp,2025-10-13,M0GB,Alex Martinez,Alex Martinez,552,70,https://www.atptour.com/en/rankings/singles?dateWeek=2025-10-13&rankRange=0-5000,2026-03-22T00:42:36Z
atp,2025-10-13,L0C1,Carlos Lopez Montagud,Carlos Lopez Montagud,553,70,https://www.atptour.com/en/rankings/singles?dateWeek=2025-10-13&rankRange=0-5000,2026-03-22T00:42:36Z
atp,2025-10-13,A0J5,Stefan Adrian Andreescu,Stefan Adrian Andreescu,554,70,https://www.atptour.com/en/rankings/singles?dateWeek=2025-10-13&rankRange=0-5000,2026-03-22T00:42:36Z
atp,2025-10-13,S0DE,Dhakshineswar Suresh,Dhakshineswar Suresh,555,69,https://www.atptour.com/en/rankings/singles?dateWeek=2025-10-13&rankRange=0-5000,2026-03-22T00:42:36Z
atp,2025-10-13,K0HZ,Aidan Kim,Aidan Kim,556,69,https://www.atptour.com/en/rankings/singles?dateWeek=2025-10-13&rankRange=0-5000,2026-03-22T00:42:36Z
atp,2025-10-13,K0EU,Toby Kodat,Toby Kodat,557,69,https://www.atptour.com/en/rankings/singles?dateWeek=2025-10-13&rankRange=0-5000,2026-03-22T00:42:36Z
atp,2025-10-13,S0DQ,Keegan Smith,Keegan Smith,558,69,https://www.atptour.com/en/rankings/singles?dateWeek=2025-10-13&rankRange=0-5000,2026-03-22T00:42:36Z
atp,2025-10-13,G0A0,Andrea Guerrieri,Andrea Guerrieri,559,68,https://www.atptour.com/en/rankings/singles?dateWeek=2025-10-13&rankRange=0-5000,2026-03-22T00:42:36Z
atp,2025-10-13,R0DC,Ajeet Rai,Ajeet Rai,560,68,https://www.atptour.com/en/rankings/singles?dateWeek=2025-10-13&rankRange=0-5000,2026-03-22T00:42:36Z
atp,2025-10-13,VA23,Kris Van Wyk,Kris Van Wyk,561,68,https://www.atptour.com/en/rankings/singles?dateWeek=2025-10-13&rankRange=0-5000,2026-03-22T00:42:36Z
atp,2025-10-13,KI71,Kirill Kivattsev,Kirill Kivattsev,562,68,https://www.atptour.com/en/rankings/singles?dateWeek=2025-10-13&rankRange=0-5000,2026-03-22T00:42:36Z
atp,2025-10-13,A0DV,Arda Azkara,Arda Azkara,563,67,https://www.atptour.com/en/rankings/singles?dateWeek=2025-10-13&rankRange=0-5000,2026-03-22T00:42:36Z
atp,2025-10-13,S0T1,Joao Eduardo Schiessl,Joao Eduardo Schiessl,564,66,https://www.atptour.com/en/rankings/singles?dateWeek=2025-10-13&rankRange=0-5000,2026-03-22T00:42:36Z
atp,2025-10-13,S0IV,Paulo Andre Saraiva Dos Santos,Paulo Andre Saraiva Dos Santos,565,66,https://www.atptour.com/en/rankings/singles?dateWeek=2025-10-13&rankRange=0-5000,2026-03-22T00:42:36Z
atp,2025-10-13,E0BO,Nino Ehrenschneider,Nino Ehrenschneider,566,66,https://www.atptour.com/en/rankings/singles?dateWeek=2025-10-13&rankRange=0-5000,2026-03-22T00:42:36Z
atp,2025-10-13,G0EQ,Sebastian Gima,Sebastian Gima,567,66,https://www.atptour.com/en/rankings/singles?dateWeek=2025-10-13&rankRange=0-5000,2026-03-22T00:42:36Z
atp,2025-10-13,R0F1,Johan Alexander Rodriguez,Johan Alexander Rodriguez,568,65,https://www.atptour.com/en/rankings/singles?dateWeek=2025-10-13&rankRange=0-5000,2026-03-22T00:42:36Z
atp,2025-10-13,H0A4,Nick Hardt,Nick Hardt,569,65,https://www.atptour.com/en/rankings/singles?dateWeek=2025-10-13&rankRange=0-5000,2026-03-22T00:42:36Z
atp,2025-10-13,GF23,Lucas Gerch,Lucas Gerch,570,65,https://www.atptour.com/en/rankings/singles?dateWeek=2025-10-13&rankRange=0-5000,2026-03-22T00:42:36Z
atp,2025-10-13,G0MI,Adhithya Ganesan,Adhithya Ganesan,571,65,https://www.atptour.com/en/rankings/singles?dateWeek=2025-10-13&rankRange=0-5000,2026-03-22T00:42:36Z
atp,2025-10-13,F0HO,Thomas Faurel,Thomas Faurel,572,65,https://www.atptour.com/en/rankings/singles?dateWeek=2025-10-13&rankRange=0-5000,2026-03-22T00:42:36Z
atp,2025-10-13,I306,Cem Ilkel,Cem Ilkel,573,64,https://www.atptour.com/en/rankings/singles?dateWeek=2025-10-13&rankRange=0-5000,2026-03-22T00:42:36Z
atp,2025-10-13,CD00,Maxime Chazal,Maxime Chazal,574,64,https://www.atptour.com/en/rankings/singles?dateWeek=2025-10-13&rankRange=0-5000,2026-03-22T00:42:36Z
atp,2025-10-13,F0CJ,Gianmarco Ferrari,Gianmarco Ferrari,575,64,https://www.atptour.com/en/rankings/singles?dateWeek=2025-10-13&rankRange=0-5000,2026-03-22T00:42:36Z
atp,2025-10-13,J737,Facundo Juarez,Facundo Juarez,576,64,https://www.atptour.com/en/rankings/singles?dateWeek=2025-10-13&rankRange=0-5000,2026-03-22T00:42:36Z
atp,2025-10-13,S0E6,Stijn Slump,Stijn Slump,577,64,https://www.atptour.com/en/rankings/singles?dateWeek=2025-10-13&rankRange=0-5000,2026-03-22T00:42:36Z
atp,2025-10-13,C0MH,Gerard Campana Lee,Gerard Campana Lee,578,64,https://www.atptour.com/en/rankings/singles?dateWeek=2025-10-13&rankRange=0-5000,2026-03-22T00:42:36Z
atp,2025-10-13,Z09K,Evan Zhu,Evan Zhu,579,64,https://www.atptour.com/en/rankings/singles?dateWeek=2025-10-13&rankRange=0-5000,2026-03-22T00:42:36Z
atp,2025-10-13,CG94,Enzo Couacaud,Enzo Couacaud,580,63,https://www.atptour.com/en/rankings/singles?dateWeek=2025-10-13&rankRange=0-5000,2026-03-22T00:42:36Z
atp,2025-10-13,B0F8,Justin Boulais,Justin Boulais,581,63,https://www.atptour.com/en/rankings/singles?dateWeek=2025-10-13&rankRange=0-5000,2026-03-22T00:42:36Z
atp,2025-10-13,B0P4,Tomasz Berkieta,Tomasz Berkieta,582,63,https://www.atptour.com/en/rankings/singles?dateWeek=2025-10-13&rankRange=0-5000,2026-03-22T00:42:36Z
atp,2025-10-13,O639,Giovanni Oradini,Giovanni Oradini,583,63,https://www.atptour.com/en/rankings/singles?dateWeek=2025-10-13&rankRange=0-5000,2026-03-22T00:42:36Z
atp,2025-10-13,DB32,Yurii Dzhavakian,Yurii Dzhavakian,584,63,https://www.atptour.com/en/rankings/singles?dateWeek=2025-10-13&rankRange=0-5000,2026-03-22T00:42:36Z
atp,2025-10-13,M0RX,Kenta Miyoshi,Kenta Miyoshi,585,62,https://www.atptour.com/en/rankings/singles?dateWeek=2025-10-13&rankRange=0-5000,2026-03-22T00:42:36Z
atp,2025-10-13,HG90,Conner Huertas del Pino,Conner Huertas Del Pino,586,62,https://www.atptour.com/en/rankings/singles?dateWeek=2025-10-13&rankRange=0-5000,2026-03-22T00:42:36Z
atp,2025-10-13,P0FV,Filip Jeff Planinsek,Filip Jeff Planinsek,587,62,https://www.atptour.com/en/rankings/singles?dateWeek=2025-10-13&rankRange=0-5000,2026-03-22T00:42:36Z
atp,2025-10-13,N0D9,Jakub Nicod,Jakub Nicod,588,62,https://www.atptour.com/en/rankings/singles?dateWeek=2025-10-13&rankRange=0-5000,2026-03-22T00:42:36Z
atp,2025-10-13,TG30,Rigele Te,Rigele Te,589,62,https://www.atptour.com/en/rankings/singles?dateWeek=2025-10-13&rankRange=0-5000,2026-03-22T00:42:36Z
atp,2025-10-13,R0HK,Filippo Romano,Filippo Romano,590,62,https://www.atptour.com/en/rankings/singles?dateWeek=2025-10-13&rankRange=0-5000,2026-03-22T00:42:36Z
atp,2025-10-13,P0FJ,Radu Mihai Papoe,Radu Mihai Papoe,591,61,https://www.atptour.com/en/rankings/singles?dateWeek=2025-10-13&rankRange=0-5000,2026-03-22T00:42:36Z
atp,2025-10-13,A0JA,Michael Agwi,Michael Agwi,592,61,https://www.atptour.com/en/rankings/singles?dateWeek=2025-10-13&rankRange=0-5000,2026-03-22T00:42:36Z
atp,2025-10-13,V0BC,Cyril Vandermeersch,Cyril Vandermeersch,593,61,https://www.atptour.com/en/rankings/singles?dateWeek=2025-10-13&rankRange=0-5000,2026-03-22T00:42:36Z
atp,2025-10-13,O0AI,Dusan Obradovic,Dusan Obradovic,594,61,https://www.atptour.com/en/rankings/singles?dateWeek=2025-10-13&rankRange=0-5000,2026-03-22T00:42:36Z
atp,2025-10-13,G0CV,Buvaysar Gadamauri,Buvaysar Gadamauri,595,61,https://www.atptour.com/en/rankings/singles?dateWeek=2025-10-13&rankRange=0-5000,2026-03-22T00:42:36Z
atp,2025-10-13,KE36,Dominik Kellovsky,Dominik Kellovsky,596,61,https://www.atptour.com/en/rankings/singles?dateWeek=2025-10-13&rankRange=0-5000,2026-03-22T00:42:36Z
atp,2025-10-13,G0D9,Igor Gimenez,Igor Gimenez,597,61,https://www.atptour.com/en/rankings/singles?dateWeek=2025-10-13&rankRange=0-5000,2026-03-22T00:42:36Z
atp,2025-10-13,KD87,Evgeny Karlovskiy,Evgeny Karlovskiy,598,60,https://www.atptour.com/en/rankings/singles?dateWeek=2025-10-13&rankRange=0-5000,2026-03-22T00:42:36Z
atp,2025-10-13,T0I3,Miguel Tobon,Miguel Tobon,599,60,https://www.atptour.com/en/rankings/singles?dateWeek=2025-10-13&rankRange=0-5000,2026-03-22T00:42:36Z
atp,2025-10-13,E811,Elmar Ejupovic,Elmar Ejupovic,600,60,https://www.atptour.com/en/rankings/singles?dateWeek=2025-10-13&rankRange=0-5000,2026-03-22T00:42:36Z
atp,2025-10-13,S0QZ,Sebastian Sorger,Sebastian Sorger,601,60,https://www.atptour.com/en/rankings/singles?dateWeek=2025-10-13&rankRange=0-5000,2026-03-22T00:42:36Z
atp,2025-10-13,D0JI,Manas Dhamne,Manas Dhamne,602,60,https://www.atptour.com/en/rankings/singles?dateWeek=2025-10-13&rankRange=0-5000,2026-03-22T00:42:36Z
atp,2025-10-13,BU36,Alberto Barroso Campos,Alberto Barroso Campos,603,60,https://www.atptour.com/en/rankings/singles?dateWeek=2025-10-13&rankRange=0-5000,2026-03-22T00:42:36Z
atp,2025-10-13,M0TE,Pavle Marinkov,Pavle Marinkov,604,60,https://www.atptour.com/en/rankings/singles?dateWeek=2025-10-13&rankRange=0-5000,2026-03-22T00:42:36Z
atp,2025-10-13,O656,Adrian Oetzbach,Adrian Oetzbach,605,60,https://www.atptour.com/en/rankings/singles?dateWeek=2025-10-13&rankRange=0-5000,2026-03-22T00:42:36Z
atp,2025-10-13,G0EU,Felix Gill,Felix Gill,606,59,https://www.atptour.com/en/rankings/singles?dateWeek=2025-10-13&rankRange=0-5000,2026-03-22T00:42:36Z
atp,2025-10-13,D0LY,Emilien Demanet,Emilien Demanet,607,59,https://www.atptour.com/en/rankings/singles?dateWeek=2025-10-13&rankRange=0-5000,2026-03-22T00:42:36Z
atp,2025-10-13,RH24,Emil Ruusuvuori,Emil Ruusuvuori,608,58,https://www.atptour.com/en/rankings/singles?dateWeek=2025-10-13&rankRange=0-5000,2026-03-22T00:42:36Z
atp,2025-10-13,RD48,Igor Marcondes,Igor Marcondes,609,58,https://www.atptour.com/en/rankings/singles?dateWeek=2025-10-13&rankRange=0-5000,2026-03-22T00:42:36Z
atp,2025-10-13,C0P0,Sergio Callejon Hernando,Sergio Callejon Hernando,610,58,https://www.atptour.com/en/rankings/singles?dateWeek=2025-10-13&rankRange=0-5000,2026-03-22T00:42:36Z
atp,2025-10-13,RH50,Arthur Reymond,Arthur Reymond,611,58,https://www.atptour.com/en/rankings/singles?dateWeek=2025-10-13&rankRange=0-5000,2026-03-22T00:42:36Z
atp,2025-10-13,LH70,Kuan-Yi Lee,Kuan Yi Lee,612,58,https://www.atptour.com/en/rankings/singles?dateWeek=2025-10-13&rankRange=0-5000,2026-03-22T00:42:36Z
atp,2025-10-13,I09N,Federico Iannaccone,Federico Iannaccone,613,58,https://www.atptour.com/en/rankings/singles?dateWeek=2025-10-13&rankRange=0-5000,2026-03-22T00:42:36Z
atp,2025-10-13,K0EZ,Yuta Kikuchi,Yuta Kikuchi,614,58,https://www.atptour.com/en/rankings/singles?dateWeek=2025-10-13&rankRange=0-5000,2026-03-22T00:42:36Z
atp,2025-10-13,G0G2,Mario Gonzalez Fernandez,Mario Gonzalez Fernandez,615,58,https://www.atptour.com/en/rankings/singles?dateWeek=2025-10-13&rankRange=0-5000,2026-03-22T00:42:36Z
atp,2025-10-13,B0D6,Taha Baadi,Taha Baadi,616,58,https://www.atptour.com/en/rankings/singles?dateWeek=2025-10-13&rankRange=0-5000,2026-03-22T00:42:36Z
atp,2025-10-13,Y268,Mikael Ymer,Mikael Ymer,617,57,https://www.atptour.com/en/rankings/singles?dateWeek=2025-10-13&rankRange=0-5000,2026-03-22T00:42:36Z
atp,2025-10-13,B0J8,Micah Braswell,Micah Braswell,618,57,https://www.atptour.com/en/rankings/singles?dateWeek=2025-10-13&rankRange=0-5000,2026-03-22T00:42:36Z
atp,2025-10-13,A0G7,Valerio Aboian,Valerio Aboian,619,57,https://www.atptour.com/en/rankings/singles?dateWeek=2025-10-13&rankRange=0-5000,2026-03-22T00:42:36Z
atp,2025-10-13,N707,Naoki Nakagawa,Naoki Nakagawa,620,57,https://www.atptour.com/en/rankings/singles?dateWeek=2025-10-13&rankRange=0-5000,2026-03-22T00:42:36Z
atp,2025-10-13,M09M,Ivan Marrero Curbelo,Ivan Marrero Curbelo,621,57,https://www.atptour.com/en/rankings/singles?dateWeek=2025-10-13&rankRange=0-5000,2026-03-22T00:42:36Z
atp,2025-10-13,B0JG,Leo Borg,Leo Borg,622,57,https://www.atptour.com/en/rankings/singles?dateWeek=2025-10-13&rankRange=0-5000,2026-03-22T00:42:36Z
atp,2025-10-13,BP74,Aleksandre Bakshi,Aleksandre Bakshi,623,57,https://www.atptour.com/en/rankings/singles?dateWeek=2025-10-13&rankRange=0-5000,2026-03-22T00:42:36Z
atp,2025-10-13,DH55,Michiel De Krom,Michiel De Krom,624,57,https://www.atptour.com/en/rankings/singles?dateWeek=2025-10-13&rankRange=0-5000,2026-03-22T00:42:36Z
atp,2025-10-13,D0HM,Matthew William Donald,Matthew William Donald,625,57,https://www.atptour.com/en/rankings/singles?dateWeek=2025-10-13&rankRange=0-5000,2026-03-22T00:42:36Z
atp,2025-10-13,KG27,Strong Kirchheimer,Strong Kirchheimer,626,57,https://www.atptour.com/en/rankings/singles?dateWeek=2025-10-13&rankRange=0-5000,2026-03-22T00:42:36Z
atp,2025-10-13,PI96,Sergi Perez Contri,Sergi Perez Contri,627,57,https://www.atptour.com/en/rankings/singles?dateWeek=2025-10-13&rankRange=0-5000,2026-03-22T00:42:36Z
atp,2025-10-13,GH33,Manuel Guinard,Manuel Guinard,628,56,https://www.atptour.com/en/rankings/singles?dateWeek=2025-10-13&rankRange=0-5000,2026-03-22T00:42:36Z
atp,2025-10-13,Z0D1,Tianhui Zhang,Tianhui Zhang,629,56,https://www.atptour.com/en/rankings/singles?dateWeek=2025-10-13&rankRange=0-5000,2026-03-22T00:42:36Z
atp,2025-10-13,C0HV,Luca Castagnola,Luca Castagnola,630,56,https://www.atptour.com/en/rankings/singles?dateWeek=2025-10-13&rankRange=0-5000,2026-03-22T00:42:36Z
atp,2025-10-13,E0DI,Juan Estevez,Juan Estevez,631,56,https://www.atptour.com/en/rankings/singles?dateWeek=2025-10-13&rankRange=0-5000,2026-03-22T00:42:36Z
atp,2025-10-13,D750,Kenny De Schepper,Kenny De Schepper,632,56,https://www.atptour.com/en/rankings/singles?dateWeek=2025-10-13&rankRange=0-5000,2026-03-22T00:42:36Z
atp,2025-10-13,BU53,Constantin Bittoun Kouzmine,Constantin Bittoun Kouzmine,633,56,https://www.atptour.com/en/rankings/singles?dateWeek=2025-10-13&rankRange=0-5000,2026-03-22T00:42:36Z
atp,2025-10-13,W09B,Damien Wenger,Damien Wenger,634,55,https://www.atptour.com/en/rankings/singles?dateWeek=2025-10-13&rankRange=0-5000,2026-03-22T00:42:36Z
atp,2025-10-13,S0NN,Joshua Sheehy,Joshua Sheehy,635,55,https://www.atptour.com/en/rankings/singles?dateWeek=2025-10-13&rankRange=0-5000,2026-03-22T00:42:36Z
atp,2025-10-13,TD47,Evgenii Tiurnev,Evgenii Tiurnev,636,55,https://www.atptour.com/en/rankings/singles?dateWeek=2025-10-13&rankRange=0-5000,2026-03-22T00:42:36Z
atp,2025-10-13,M0L2,Alejandro Manzanera Pertusa,Alejandro Manzanera Pertusa,637,55,https://www.atptour.com/en/rankings/singles?dateWeek=2025-10-13&rankRange=0-5000,2026-03-22T00:42:36Z
atp,2025-10-13,B0BK,Aleksandr Braynin,Aleksandr Braynin,638,55,https://www.atptour.com/en/rankings/singles?dateWeek=2025-10-13&rankRange=0-5000,2026-03-22T00:42:36Z
atp,2025-10-13,P0EV,Andrew Paulson,Andrew Paulson,639,54,https://www.atptour.com/en/rankings/singles?dateWeek=2025-10-13&rankRange=0-5000,2026-03-22T00:42:36Z
atp,2025-10-13,VA70,Mate Valkusz,Mate Valkusz,640,54,https://www.atptour.com/en/rankings/singles?dateWeek=2025-10-13&rankRange=0-5000,2026-03-22T00:42:36Z
atp,2025-10-13,KG49,Denis Klok,Denis Klok,641,54,https://www.atptour.com/en/rankings/singles?dateWeek=2025-10-13&rankRange=0-5000,2026-03-22T00:42:36Z
atp,2025-10-13,A0G8,Amr Elsayed,Amr Elsayed,642,54,https://www.atptour.com/en/rankings/singles?dateWeek=2025-10-13&rankRange=0-5000,2026-03-22T00:42:36Z
atp,2025-10-13,O09A,Aziz Ouakaa,Aziz Ouakaa,643,54,https://www.atptour.com/en/rankings/singles?dateWeek=2025-10-13&rankRange=0-5000,2026-03-22T00:42:36Z
atp,2025-10-13,V0J1,Jacopo Vasami,Jacopo Vasami,644,53,https://www.atptour.com/en/rankings/singles?dateWeek=2025-10-13&rankRange=0-5000,2026-03-22T00:42:36Z
atp,2025-10-13,M0UR,Ognjen Milic,Ognjen Milic,645,53,https://www.atptour.com/en/rankings/singles?dateWeek=2025-10-13&rankRange=0-5000,2026-03-22T00:42:36Z
atp,2025-10-13,E0AU,John Echeverria,John Echeverria,646,53,https://www.atptour.com/en/rankings/singles?dateWeek=2025-10-13&rankRange=0-5000,2026-03-22T00:42:36Z
atp,2025-10-13,G0FF,Axel Garcian,Axel Garcian,647,53,https://www.atptour.com/en/rankings/singles?dateWeek=2025-10-13&rankRange=0-5000,2026-03-22T00:42:36Z
atp,2025-10-13,K0HL,Kyle Kang,Kyle Kang,648,52,https://www.atptour.com/en/rankings/singles?dateWeek=2025-10-13&rankRange=0-5000,2026-03-22T00:42:36Z
atp,2025-10-13,C0JT,Robin Catry,Robin Catry,649,52,https://www.atptour.com/en/rankings/singles?dateWeek=2025-10-13&rankRange=0-5000,2026-03-22T00:42:36Z
atp,2025-10-13,H0EI,Millen Hurrion,Millen Hurrion,650,52,https://www.atptour.com/en/rankings/singles?dateWeek=2025-10-13&rankRange=0-5000,2026-03-22T00:42:36Z
atp,2025-10-13,N830,Johan Nikles,Johan Nikles,651,52,https://www.atptour.com/en/rankings/singles?dateWeek=2025-10-13&rankRange=0-5000,2026-03-22T00:42:36Z
atp,2025-10-13,R0KD,Mees Rottgering,Mees Rottgering,652,52,https://www.atptour.com/en/rankings/singles?dateWeek=2025-10-13&rankRange=0-5000,2026-03-22T00:42:36Z
atp,2025-10-13,K0L1,Michal Krajci,Michal Krajci,653,52,https://www.atptour.com/en/rankings/singles?dateWeek=2025-10-13&rankRange=0-5000,2026-03-22T00:42:36Z
atp,2025-10-13,V0D0,Niels Visker,Niels Visker,654,52,https://www.atptour.com/en/rankings/singles?dateWeek=2025-10-13&rankRange=0-5000,2026-03-22T00:42:36Z
atp,2025-10-13,B0VX,Pierluigi Basile,Pierluigi Basile,655,51,https://www.atptour.com/en/rankings/singles?dateWeek=2025-10-13&rankRange=0-5000,2026-03-22T00:42:36Z
atp,2025-10-13,GJ05,Alexis Gautier,Alexis Gautier,656,51,https://www.atptour.com/en/rankings/singles?dateWeek=2025-10-13&rankRange=0-5000,2026-03-22T00:42:36Z
atp,2025-10-13,S0XE,Alejo Sanchez Quilez,Alejo Sanchez Quilez,657,51,https://www.atptour.com/en/rankings/singles?dateWeek=2025-10-13&rankRange=0-5000,2026-03-22T00:42:36Z
atp,2025-10-13,A09P,Alafia Ayeni,Alafia Ayeni,658,51,https://www.atptour.com/en/rankings/singles?dateWeek=2025-10-13&rankRange=0-5000,2026-03-22T00:42:36Z
atp,2025-10-13,L0DB,Giuseppe La Vela,Giuseppe La Vela,659,51,https://www.atptour.com/en/rankings/singles?dateWeek=2025-10-13&rankRange=0-5000,2026-03-22T00:42:36Z
atp,2025-10-13,P0C1,Karl Poling,Karl Poling,660,51,https://www.atptour.com/en/rankings/singles?dateWeek=2025-10-13&rankRange=0-5000,2026-03-22T00:42:36Z
atp,2025-10-13,KE17,Nick Kyrgios,Nick Kyrgios,661,50,https://www.atptour.com/en/rankings/singles?dateWeek=2025-10-13&rankRange=0-5000,2026-03-22T00:42:36Z
atp,2025-10-13,T0JZ,Radu David Turcanu,Radu David Turcanu,662,50,https://www.atptour.com/en/rankings/singles?dateWeek=2025-10-13&rankRange=0-5000,2026-03-22T00:42:36Z
atp,2025-10-13,D0DK,Santiago De La Fuente,Santiago De La Fuente,663,50,https://www.atptour.com/en/rankings/singles?dateWeek=2025-10-13&rankRange=0-5000,2026-03-22T00:42:36Z
atp,2025-10-13,S0VO,Pawit Sornlaksup,Pawit Sornlaksup,664,50,https://www.atptour.com/en/rankings/singles?dateWeek=2025-10-13&rankRange=0-5000,2026-03-22T00:42:36Z
atp,2025-10-13,M0SC,Hayato Matsuoka,Hayato Matsuoka,665,50,https://www.atptour.com/en/rankings/singles?dateWeek=2025-10-13&rankRange=0-5000,2026-03-22T00:42:36Z
atp,2025-10-13,W0DD,Cooper Williams,Cooper Williams,666,49,https://www.atptour.com/en/rankings/singles?dateWeek=2025-10-13&rankRange=0-5000,2026-03-22T00:42:36Z
atp,2025-10-13,R09V,Eduardo Ribeiro,Eduardo Ribeiro,667,49,https://www.atptour.com/en/rankings/singles?dateWeek=2025-10-13&rankRange=0-5000,2026-03-22T00:42:36Z
atp,2025-10-13,B0IY,Alec Beckley,Alec Beckley,668,49,https://www.atptour.com/en/rankings/singles?dateWeek=2025-10-13&rankRange=0-5000,2026-03-22T00:42:36Z
atp,2025-10-13,RB86,Sidharth Rawat,Sidharth Rawat,669,49,https://www.atptour.com/en/rankings/singles?dateWeek=2025-10-13&rankRange=0-5000,2026-03-22T00:42:36Z
atp,2025-10-13,D0HD,Gabriel Debru,Gabriel Debru,670,48,https://www.atptour.com/en/rankings/singles?dateWeek=2025-10-13&rankRange=0-5000,2026-03-22T00:42:36Z
atp,2025-10-13,CG04,Pedro Cachin,Pedro Cachin,671,48,https://www.atptour.com/en/rankings/singles?dateWeek=2025-10-13&rankRange=0-5000,2026-03-22T00:42:36Z
atp,2025-10-13,M0SB,Koki Matsuda,Koki Matsuda,672,48,https://www.atptour.com/en/rankings/singles?dateWeek=2025-10-13&rankRange=0-5000,2026-03-22T00:42:36Z
atp,2025-10-13,D0IO,Tuncay Duran,Tuncay Duran,673,48,https://www.atptour.com/en/rankings/singles?dateWeek=2025-10-13&rankRange=0-5000,2026-03-22T00:42:36Z
atp,2025-10-13,CN15,Felix Corwin,Felix Corwin,674,48,https://www.atptour.com/en/rankings/singles?dateWeek=2025-10-13&rankRange=0-5000,2026-03-22T00:42:36Z
atp,2025-10-13,BP79,Peter Bertran,Peter Bertran,675,48,https://www.atptour.com/en/rankings/singles?dateWeek=2025-10-13&rankRange=0-5000,2026-03-22T00:42:36Z
atp,2025-10-13,P0HY,Samuele Pieri,Samuele Pieri,676,48,https://www.atptour.com/en/rankings/singles?dateWeek=2025-10-13&rankRange=0-5000,2026-03-22T00:42:36Z
atp,2025-10-13,C0KH,Julio Cesar Porras,Julio Cesar Porras,677,47,https://www.atptour.com/en/rankings/singles?dateWeek=2025-10-13&rankRange=0-5000,2026-03-22T00:42:36Z
atp,2025-10-13,P0KA,Semen Pankin,Semen Pankin,678,47,https://www.atptour.com/en/rankings/singles?dateWeek=2025-10-13&rankRange=0-5000,2026-03-22T00:42:36Z
atp,2025-10-13,V0DG,Quinn Vandecasteele,Quinn Vandecasteele,679,47,https://www.atptour.com/en/rankings/singles?dateWeek=2025-10-13&rankRange=0-5000,2026-03-22T00:42:36Z
atp,2025-10-13,J0CL,Dev Javia,Dev Javia,680,47,https://www.atptour.com/en/rankings/singles?dateWeek=2025-10-13&rankRange=0-5000,2026-03-22T00:42:36Z
atp,2025-10-13,WB25,Louis Wessels,Louis Wessels,681,47,https://www.atptour.com/en/rankings/singles?dateWeek=2025-10-13&rankRange=0-5000,2026-03-22T00:42:36Z
atp,2025-10-13,F0A4,Francesco Forti,Francesco Forti,682,46,https://www.atptour.com/en/rankings/singles?dateWeek=2025-10-13&rankRange=0-5000,2026-03-22T00:42:36Z
atp,2025-10-13,B0IF,Blu Baker,Blu Baker,683,46,https://www.atptour.com/en/rankings/singles?dateWeek=2025-10-13&rankRange=0-5000,2026-03-22T00:42:36Z
atp,2025-10-13,D0IP,Gustavo Ribeiro De Almeida,Gustavo Ribeiro De Almeida,684,46,https://www.atptour.com/en/rankings/singles?dateWeek=2025-10-13&rankRange=0-5000,2026-03-22T00:42:36Z
atp,2025-10-13,PD31,Benoit Paire,Benoit Paire,685,46,https://www.atptour.com/en/rankings/singles?dateWeek=2025-10-13&rankRange=0-5000,2026-03-22T00:42:36Z
atp,2025-10-13,S0W4,Lorenzo Sciahbasi,Lorenzo Sciahbasi,686,46,https://www.atptour.com/en/rankings/singles?dateWeek=2025-10-13&rankRange=0-5000,2026-03-22T00:42:36Z
atp,2025-10-13,W0ED,James Watt,James Watt,687,46,https://www.atptour.com/en/rankings/singles?dateWeek=2025-10-13&rankRange=0-5000,2026-03-22T00:42:36Z
atp,2025-10-13,X01A,Linang Xiao,Linang Xiao,688,46,https://www.atptour.com/en/rankings/singles?dateWeek=2025-10-13&rankRange=0-5000,2026-03-22T00:42:36Z
atp,2025-10-13,D0K3,Guillaume Dalmasso,Guillaume Dalmasso,689,46,https://www.atptour.com/en/rankings/singles?dateWeek=2025-10-13&rankRange=0-5000,2026-03-22T00:42:36Z
atp,2025-10-13,S0Y0,Andres Santamarta Roig,Andres Santamarta Roig,690,45,https://www.atptour.com/en/rankings/singles?dateWeek=2025-10-13&rankRange=0-5000,2026-03-22T00:42:36Z
atp,2025-10-13,L0AT,Imanol Lopez Morillo,Imanol Lopez Morillo,691,45,https://www.atptour.com/en/rankings/singles?dateWeek=2025-10-13&rankRange=0-5000,2026-03-22T00:42:36Z
atp,2025-10-13,H0EK,Emile Hudd,Emile Hudd,692,45,https://www.atptour.com/en/rankings/singles?dateWeek=2025-10-13&rankRange=0-5000,2026-03-22T00:42:36Z
atp,2025-10-13,KJ00,Alex Knaff,Alex Knaff,693,45,https://www.atptour.com/en/rankings/singles?dateWeek=2025-10-13&rankRange=0-5000,2026-03-22T00:42:36Z
atp,2025-10-13,G0I3,Massimo Giunta,Massimo Giunta,694,45,https://www.atptour.com/en/rankings/singles?dateWeek=2025-10-13&rankRange=0-5000,2026-03-22T00:42:36Z
atp,2025-10-13,B0D8,Jacob Brumm,Jacob Brumm,695,45,https://www.atptour.com/en/rankings/singles?dateWeek=2025-10-13&rankRange=0-5000,2026-03-22T00:42:36Z
atp,2025-10-13,P0K5,Theo Papamalamis,Theo Papamalamis,696,44,https://www.atptour.com/en/rankings/singles?dateWeek=2025-10-13&rankRange=0-5000,2026-03-22T00:42:36Z
atp,2025-10-13,M0R4,Juan Cruz Martin Manzano,Juan Cruz Martin Manzano,697,44,https://www.atptour.com/en/rankings/singles?dateWeek=2025-10-13&rankRange=0-5000,2026-03-22T00:42:36Z
atp,2025-10-13,DA86,Joris De Loore,Joris De Loore,698,43,https://www.atptour.com/en/rankings/singles?dateWeek=2025-10-13&rankRange=0-5000,2026-03-22T00:42:36Z
atp,2025-10-13,S0Y7,Matthew Summers,Matthew Summers,699,43,https://www.atptour.com/en/rankings/singles?dateWeek=2025-10-13&rankRange=0-5000,2026-03-22T00:42:36Z
atp,2025-10-13,B0HF,Diego Augusto Barreto Sanchez,Diego Augusto Barreto Sanchez,700,43,https://www.atptour.com/en/rankings/singles?dateWeek=2025-10-13&rankRange=0-5000,2026-03-22T00:42:36Z
atp,2025-10-13,Y0BB,Ali Yazdani,Ali Yazdani,701,42,https://www.atptour.com/en/rankings/singles?dateWeek=2025-10-13&rankRange=0-5000,2026-03-22T00:42:36Z
atp,2025-10-13,BM05,Bogdan Bobrov,Bogdan Bobrov,702,42,https://www.atptour.com/en/rankings/singles?dateWeek=2025-10-13&rankRange=0-5000,2026-03-22T00:42:36Z
atp,2025-10-13,R0GN,Amaury Raynel,Amaury Raynel,703,42,https://www.atptour.com/en/rankings/singles?dateWeek=2025-10-13&rankRange=0-5000,2026-03-22T00:42:36Z
atp,2025-10-13,M0KA,Yanaki Milev,Yanaki Milev,704,42,https://www.atptour.com/en/rankings/singles?dateWeek=2025-10-13&rankRange=0-5000,2026-03-22T00:42:36Z
atp,2025-10-13,M0O6,Pablo Martinez Gomez,Pablo Martinez Gomez,705,41,https://www.atptour.com/en/rankings/singles?dateWeek=2025-10-13&rankRange=0-5000,2026-03-22T00:42:36Z
atp,2025-10-13,V0B2,Michael Vrbensky,Michael Vrbensky,706,41,https://www.atptour.com/en/rankings/singles?dateWeek=2025-10-13&rankRange=0-5000,2026-03-22T00:42:36Z
atp,2025-10-13,F0HI,Ryan Fishback,Ryan Fishback,707,41,https://www.atptour.com/en/rankings/singles?dateWeek=2025-10-13&rankRange=0-5000,2026-03-22T00:42:36Z
atp,2025-10-13,W712,Kai Wehnelt,Kai Wehnelt,708,41,https://www.atptour.com/en/rankings/singles?dateWeek=2025-10-13&rankRange=0-5000,2026-03-22T00:42:36Z
atp,2025-10-13,G0DD,William Grant,William Grant,709,41,https://www.atptour.com/en/rankings/singles?dateWeek=2025-10-13&rankRange=0-5000,2026-03-22T00:42:36Z
atp,2025-10-13,L0I5,Mitsuki Wei Kang Leong,Mitsuki Wei Kang Leong,710,41,https://www.atptour.com/en/rankings/singles?dateWeek=2025-10-13&rankRange=0-5000,2026-03-22T00:42:36Z
atp,2025-10-13,S0LR,John Sperle,John Sperle,711,41,https://www.atptour.com/en/rankings/singles?dateWeek=2025-10-13&rankRange=0-5000,2026-03-22T00:42:36Z
atp,2025-10-13,DH46,Alexander Donski,Alexander Donski,712,40,https://www.atptour.com/en/rankings/singles?dateWeek=2025-10-13&rankRange=0-5000,2026-03-22T00:42:36Z
atp,2025-10-13,H0B7,Trey Hilderbrand,Trey Hilderbrand,713,40,https://www.atptour.com/en/rankings/singles?dateWeek=2025-10-13&rankRange=0-5000,2026-03-22T00:42:36Z
atp,2025-10-13,R0JH,Pedro Rodrigues,Pedro Rodrigues,714,40,https://www.atptour.com/en/rankings/singles?dateWeek=2025-10-13&rankRange=0-5000,2026-03-22T00:42:36Z
atp,2025-10-13,MM79,Blake Mott,Blake Mott,715,40,https://www.atptour.com/en/rankings/singles?dateWeek=2025-10-13&rankRange=0-5000,2026-03-22T00:42:36Z
atp,2025-10-13,GC89,Egor Gerasimov,Egor Gerasimov,716,40,https://www.atptour.com/en/rankings/singles?dateWeek=2025-10-13&rankRange=0-5000,2026-03-22T00:42:36Z
atp,2025-10-13,P0FY,Alessandro Pecci,Alessandro Pecci,717,40,https://www.atptour.com/en/rankings/singles?dateWeek=2025-10-13&rankRange=0-5000,2026-03-22T00:42:36Z
atp,2025-10-13,O0BR,Daniil Ostapenkov,Daniil Ostapenkov,718,40,https://www.atptour.com/en/rankings/singles?dateWeek=2025-10-13&rankRange=0-5000,2026-03-22T00:42:36Z
atp,2025-10-13,SX77,Isaiah Strode,Isaiah Strode,719,40,https://www.atptour.com/en/rankings/singles?dateWeek=2025-10-13&rankRange=0-5000,2026-03-22T00:42:36Z
atp,2025-10-13,G0I2,Adrien Gobat,Adrien Gobat,720,40,https://www.atptour.com/en/rankings/singles?dateWeek=2025-10-13&rankRange=0-5000,2026-03-22T00:42:36Z
atp,2025-10-13,LE01,Duckhee Lee,Duckhee Lee,721,40,https://www.atptour.com/en/rankings/singles?dateWeek=2025-10-13&rankRange=0-5000,2026-03-22T00:42:36Z
atp,2025-10-13,D0D2,Alec Deckers,Alec Deckers,722,39,https://www.atptour.com/en/rankings/singles?dateWeek=2025-10-13&rankRange=0-5000,2026-03-22T00:42:36Z
atp,2025-10-13,SK47,Mohamed Safwat,Mohamed Safwat,723,39,https://www.atptour.com/en/rankings/singles?dateWeek=2025-10-13&rankRange=0-5000,2026-03-22T00:42:36Z
atp,2025-10-13,S0LT,Daniel Siniakov,Daniel Siniakov,724,39,https://www.atptour.com/en/rankings/singles?dateWeek=2025-10-13&rankRange=0-5000,2026-03-22T00:42:36Z
atp,2025-10-13,K0JH,Jan Kumstat,Jan Kumstat,725,39,https://www.atptour.com/en/rankings/singles?dateWeek=2025-10-13&rankRange=0-5000,2026-03-22T00:42:36Z
atp,2025-10-13,BK19,Mathias Bourgue,Mathias Bourgue,726,39,https://www.atptour.com/en/rankings/singles?dateWeek=2025-10-13&rankRange=0-5000,2026-03-22T00:42:36Z
atp,2025-10-13,BU32,Lucas Bouquet,Lucas Bouquet,727,39,https://www.atptour.com/en/rankings/singles?dateWeek=2025-10-13&rankRange=0-5000,2026-03-22T00:42:36Z
atp,2025-10-13,SQ79,Colin Sinclair,Colin Sinclair,728,39,https://www.atptour.com/en/rankings/singles?dateWeek=2025-10-13&rankRange=0-5000,2026-03-22T00:42:36Z
atp,2025-10-13,B0LV,Michael Bassem Sobhy,Michael Bassem Sobhy,729,39,https://www.atptour.com/en/rankings/singles?dateWeek=2025-10-13&rankRange=0-5000,2026-03-22T00:42:36Z
atp,2025-10-13,B0PU,Reda Bennani,Reda Bennani,730,38,https://www.atptour.com/en/rankings/singles?dateWeek=2025-10-13&rankRange=0-5000,2026-03-22T00:42:36Z
atp,2025-10-13,K966,Martin Klizan,Martin Klizan,731,38,https://www.atptour.com/en/rankings/singles?dateWeek=2025-10-13&rankRange=0-5000,2026-03-22T00:42:36Z
atp,2025-10-13,Z0C9,Marcel Zielinski,Marcel Zielinski,732,38,https://www.atptour.com/en/rankings/singles?dateWeek=2025-10-13&rankRange=0-5000,2026-03-22T00:42:36Z
atp,2025-10-13,F965,Sora Fukuda,Sora Fukuda,733,38,https://www.atptour.com/en/rankings/singles?dateWeek=2025-10-13&rankRange=0-5000,2026-03-22T00:42:36Z
atp,2025-10-13,MV75,Ignacio Monzon,Ignacio Monzon,734,38,https://www.atptour.com/en/rankings/singles?dateWeek=2025-10-13&rankRange=0-5000,2026-03-22T00:42:36Z
atp,2025-10-13,S0UM,Josip Simundza,Josip Simundza,735,38,https://www.atptour.com/en/rankings/singles?dateWeek=2025-10-13&rankRange=0-5000,2026-03-22T00:42:36Z
atp,2025-10-13,B0BZ,Maxence Bertimon,Maxence Bertimon,736,38,https://www.atptour.com/en/rankings/singles?dateWeek=2025-10-13&rankRange=0-5000,2026-03-22T00:42:36Z
atp,2025-10-13,M0RO,Iannis Miletich,Iannis Miletich,737,38,https://www.atptour.com/en/rankings/singles?dateWeek=2025-10-13&rankRange=0-5000,2026-03-22T00:42:36Z
atp,2025-10-13,ML57,Gianluca Mager,Gianluca Mager,738,37,https://www.atptour.com/en/rankings/singles?dateWeek=2025-10-13&rankRange=0-5000,2026-03-22T00:42:36Z
atp,2025-10-13,P0AV,Uisung Park,Uisung Park,739,37,https://www.atptour.com/en/rankings/singles?dateWeek=2025-10-13&rankRange=0-5000,2026-03-22T00:42:36Z
atp,2025-10-13,MW69,Mwendwa Mbithi,Mwendwa Mbithi,740,37,https://www.atptour.com/en/rankings/singles?dateWeek=2025-10-13&rankRange=0-5000,2026-03-22T00:42:36Z
atp,2025-10-13,T0BD,Nicolas Tepmahc,Nicolas Tepmahc,741,37,https://www.atptour.com/en/rankings/singles?dateWeek=2025-10-13&rankRange=0-5000,2026-03-22T00:42:36Z
atp,2025-10-13,R0F6,Francisco Rocha,Francisco Rocha,742,37,https://www.atptour.com/en/rankings/singles?dateWeek=2025-10-13&rankRange=0-5000,2026-03-22T00:42:36Z
atp,2025-10-13,T0CU,Fausto Tabacco,Fausto Tabacco,743,37,https://www.atptour.com/en/rankings/singles?dateWeek=2025-10-13&rankRange=0-5000,2026-03-22T00:42:36Z
atp,2025-10-13,C0AZ,Antoine Cornut-Chauvinc,Antoine Cornut Chauvinc,744,36,https://www.atptour.com/en/rankings/singles?dateWeek=2025-10-13&rankRange=0-5000,2026-03-22T00:42:36Z
atp,2025-10-13,P0MN,Albert Pedrico Kravtsov,Albert Pedrico Kravtsov,745,36,https://www.atptour.com/en/rankings/singles?dateWeek=2025-10-13&rankRange=0-5000,2026-03-22T00:42:36Z
atp,2025-10-13,BT68,Elliot Benchetrit,Elliot Benchetrit,746,36,https://www.atptour.com/en/rankings/singles?dateWeek=2025-10-13&rankRange=0-5000,2026-03-22T00:42:36Z
atp,2025-10-13,D0DB,Pierre Delage,Pierre Delage,747,36,https://www.atptour.com/en/rankings/singles?dateWeek=2025-10-13&rankRange=0-5000,2026-03-22T00:42:36Z
atp,2025-10-13,V0DX,Bautista Vilicich,Bautista Vilicich,748,36,https://www.atptour.com/en/rankings/singles?dateWeek=2025-10-13&rankRange=0-5000,2026-03-22T00:42:36Z
atp,2025-10-13,K0AK,Yuta Kawahashi,Yuta Kawahashi,749,36,https://www.atptour.com/en/rankings/singles?dateWeek=2025-10-13&rankRange=0-5000,2026-03-22T00:42:36Z
atp,2025-10-13,L0AF,Ewen Lumsden,Ewen Lumsden,750,36,https://www.atptour.com/en/rankings/singles?dateWeek=2025-10-13&rankRange=0-5000,2026-03-22T00:42:36Z
atp,2025-10-13,O09T,Kosuke Ogura,Kosuke Ogura,751,36,https://www.atptour.com/en/rankings/singles?dateWeek=2025-10-13&rankRange=0-5000,2026-03-22T00:42:36Z
atp,2025-10-13,C0C1,Niccolo Catini,Niccolo Catini,752,36,https://www.atptour.com/en/rankings/singles?dateWeek=2025-10-13&rankRange=0-5000,2026-03-22T00:42:36Z
atp,2025-10-13,A0L6,Lucas Andrade Da Silva,Lucas Andrade Da Silva,753,35,https://www.atptour.com/en/rankings/singles?dateWeek=2025-10-13&rankRange=0-5000,2026-03-22T00:42:36Z
atp,2025-10-13,W0AX,Oscar Weightman,Oscar Weightman,754,35,https://www.atptour.com/en/rankings/singles?dateWeek=2025-10-13&rankRange=0-5000,2026-03-22T00:42:36Z
atp,2025-10-13,M0NA,Shunsuke Mitsui,Shunsuke Mitsui,755,35,https://www.atptour.com/en/rankings/singles?dateWeek=2025-10-13&rankRange=0-5000,2026-03-22T00:42:36Z
atp,2025-10-13,P0K3,Roger Pascual Ferra,Roger Pascual Ferra,756,35,https://www.atptour.com/en/rankings/singles?dateWeek=2025-10-13&rankRange=0-5000,2026-03-22T00:42:36Z
atp,2025-10-13,LF26,Orlando Luz,Orlando Luz,757,35,https://www.atptour.com/en/rankings/singles?dateWeek=2025-10-13&rankRange=0-5000,2026-03-22T00:42:36Z
atp,2025-10-13,M0HD,Alan Magadan,Alan Magadan,758,35,https://www.atptour.com/en/rankings/singles?dateWeek=2025-10-13&rankRange=0-5000,2026-03-22T00:42:36Z
atp,2025-10-13,R0HQ,Leo Raquillet,Leo Raquillet,759,35,https://www.atptour.com/en/rankings/singles?dateWeek=2025-10-13&rankRange=0-5000,2026-03-22T00:42:36Z
atp,2025-10-13,V0BS,Martin Van Der Meerschen,Martin Van Der Meerschen,760,35,https://www.atptour.com/en/rankings/singles?dateWeek=2025-10-13&rankRange=0-5000,2026-03-22T00:42:36Z
atp,2025-10-13,H0EH,Tim Handel,Tim Handel,761,35,https://www.atptour.com/en/rankings/singles?dateWeek=2025-10-13&rankRange=0-5000,2026-03-22T00:42:36Z
atp,2025-10-13,B0M3,Pierre Yves Bailly,Pierre Yves Bailly,762,34,https://www.atptour.com/en/rankings/singles?dateWeek=2025-10-13&rankRange=0-5000,2026-03-22T00:42:36Z
atp,2025-10-13,N652,JiSung Nam,Jisung Nam,763,34,https://www.atptour.com/en/rankings/singles?dateWeek=2025-10-13&rankRange=0-5000,2026-03-22T00:42:36Z
atp,2025-10-13,I305,Ilya Ivashka,Ilya Ivashka,764,34,https://www.atptour.com/en/rankings/singles?dateWeek=2025-10-13&rankRange=0-5000,2026-03-22T00:42:36Z
atp,2025-10-13,B0PW,Kaylan Bigun,Kaylan Bigun,765,34,https://www.atptour.com/en/rankings/singles?dateWeek=2025-10-13&rankRange=0-5000,2026-03-22T00:42:36Z
atp,2025-10-13,B0MP,Attila Boros,Attila Boros,766,34,https://www.atptour.com/en/rankings/singles?dateWeek=2025-10-13&rankRange=0-5000,2026-03-22T00:42:36Z
atp,2025-10-13,L0LD,Samuel Alejandro Linde Palacios,Samuel Alejandro Linde Palacios,767,34,https://www.atptour.com/en/rankings/singles?dateWeek=2025-10-13&rankRange=0-5000,2026-03-22T00:42:36Z
atp,2025-10-13,S0U5,Tai Sach,Tai Sach,768,34,https://www.atptour.com/en/rankings/singles?dateWeek=2025-10-13&rankRange=0-5000,2026-03-22T00:42:36Z
atp,2025-10-13,M0BW,Ye Cong Mo,Ye Cong Mo,769,34,https://www.atptour.com/en/rankings/singles?dateWeek=2025-10-13&rankRange=0-5000,2026-03-22T00:42:36Z
atp,2025-10-13,G0LG,Yanis Ghazouani Durand,Yanis Ghazouani Durand,770,34,https://www.atptour.com/en/rankings/singles?dateWeek=2025-10-13&rankRange=0-5000,2026-03-22T00:42:36Z
atp,2025-10-13,A0JW,Joaquin Aguilar Cardozo,Joaquin Aguilar Cardozo,771,34,https://www.atptour.com/en/rankings/singles?dateWeek=2025-10-13&rankRange=0-5000,2026-03-22T00:42:36Z
atp,2025-10-13,Y0A8,Taiyo Yamanaka,Taiyo Yamanaka,772,34,https://www.atptour.com/en/rankings/singles?dateWeek=2025-10-13&rankRange=0-5000,2026-03-22T00:42:36Z
atp,2025-10-13,K0HU,Artur Kukasian,Artur Kukasian,773,34,https://www.atptour.com/en/rankings/singles?dateWeek=2025-10-13&rankRange=0-5000,2026-03-22T00:42:36Z
atp,2025-10-13,S0S9,Dimitris Sakellaridis,Dimitris Sakellaridis,774,34,https://www.atptour.com/en/rankings/singles?dateWeek=2025-10-13&rankRange=0-5000,2026-03-22T00:42:36Z
atp,2025-10-13,W09G,J.J. Wolf,J.j. Wolf,775,33,https://www.atptour.com/en/rankings/singles?dateWeek=2025-10-13&rankRange=0-5000,2026-03-22T00:42:36Z
atp,2025-10-13,D0FA,Yassine Dlimi,Yassine Dlimi,776,33,https://www.atptour.com/en/rankings/singles?dateWeek=2025-10-13&rankRange=0-5000,2026-03-22T00:42:36Z
atp,2025-10-13,D09L,Louis Dussin,Louis Dussin,777,33,https://www.atptour.com/en/rankings/singles?dateWeek=2025-10-13&rankRange=0-5000,2026-03-22T00:42:36Z
atp,2025-10-13,B0OT,Jacob Bradshaw,Jacob Bradshaw,778,33,https://www.atptour.com/en/rankings/singles?dateWeek=2025-10-13&rankRange=0-5000,2026-03-22T00:42:36Z
atp,2025-10-13,L0G3,Aleksandr Lobanov,Aleksandr Lobanov,779,33,https://www.atptour.com/en/rankings/singles?dateWeek=2025-10-13&rankRange=0-5000,2026-03-22T00:42:36Z
atp,2025-10-13,B0WL,Felix Balshaw,Felix Balshaw,780,33,https://www.atptour.com/en/rankings/singles?dateWeek=2025-10-13&rankRange=0-5000,2026-03-22T00:42:36Z
atp,2025-10-13,F0GS,Abel Forger,Abel Forger,781,33,https://www.atptour.com/en/rankings/singles?dateWeek=2025-10-13&rankRange=0-5000,2026-03-22T00:42:36Z
atp,2025-10-13,I0A6,Taisei Ichikawa,Taisei Ichikawa,782,33,https://www.atptour.com/en/rankings/singles?dateWeek=2025-10-13&rankRange=0-5000,2026-03-22T00:42:36Z
atp,2025-10-13,V0G6,Leo Vithoontien,Leo Vithoontien,783,33,https://www.atptour.com/en/rankings/singles?dateWeek=2025-10-13&rankRange=0-5000,2026-03-22T00:42:36Z
atp,2025-10-13,S0JB,Noah Schachter,Noah Schachter,784,33,https://www.atptour.com/en/rankings/singles?dateWeek=2025-10-13&rankRange=0-5000,2026-03-22T00:42:36Z
atp,2025-10-13,R0H6,Leonardo Rossi,Leonardo Rossi,785,33,https://www.atptour.com/en/rankings/singles?dateWeek=2025-10-13&rankRange=0-5000,2026-03-22T00:42:36Z
atp,2025-10-13,H0EZ,Samir Hamza Reguig,Samir Hamza Reguig,786,33,https://www.atptour.com/en/rankings/singles?dateWeek=2025-10-13&rankRange=0-5000,2026-03-22T00:42:36Z
atp,2025-10-13,CH05,Altug Celikbilek,Altug Celikbilek,787,32,https://www.atptour.com/en/rankings/singles?dateWeek=2025-10-13&rankRange=0-5000,2026-03-22T00:42:36Z
atp,2025-10-13,K0HO,Orel Kimhi,Orel Kimhi,788,32,https://www.atptour.com/en/rankings/singles?dateWeek=2025-10-13&rankRange=0-5000,2026-03-22T00:42:36Z
atp,2025-10-13,A0AB,Adrian Andreev,Adrian Andreev,789,32,https://www.atptour.com/en/rankings/singles?dateWeek=2025-10-13&rankRange=0-5000,2026-03-22T00:42:36Z
atp,2025-10-13,K0ES,Yusuke Kusuhara,Yusuke Kusuhara,790,32,https://www.atptour.com/en/rankings/singles?dateWeek=2025-10-13&rankRange=0-5000,2026-03-22T00:42:36Z
atp,2025-10-13,G0ME,Gabriel Ghetu,Gabriel Ghetu,791,32,https://www.atptour.com/en/rankings/singles?dateWeek=2025-10-13&rankRange=0-5000,2026-03-22T00:42:36Z
atp,2025-10-13,PC09,Jose Pereira,Jose Pereira,792,32,https://www.atptour.com/en/rankings/singles?dateWeek=2025-10-13&rankRange=0-5000,2026-03-22T00:42:36Z
atp,2025-10-13,SY94,Toufik Sahtali,Toufik Sahtali,793,32,https://www.atptour.com/en/rankings/singles?dateWeek=2025-10-13&rankRange=0-5000,2026-03-22T00:42:36Z
atp,2025-10-13,P0ME,Luca Preda,Luca Preda,794,32,https://www.atptour.com/en/rankings/singles?dateWeek=2025-10-13&rankRange=0-5000,2026-03-22T00:42:36Z
atp,2025-10-13,H0J1,Naoya Honda,Naoya Honda,795,32,https://www.atptour.com/en/rankings/singles?dateWeek=2025-10-13&rankRange=0-5000,2026-03-22T00:42:36Z
atp,2025-10-13,P0O9,Mika Petkovic,Mika Petkovic,796,32,https://www.atptour.com/en/rankings/singles?dateWeek=2025-10-13&rankRange=0-5000,2026-03-22T00:42:36Z
atp,2025-10-13,CO07,Ezekiel Clark,Ezekiel Clark,797,32,https://www.atptour.com/en/rankings/singles?dateWeek=2025-10-13&rankRange=0-5000,2026-03-22T00:42:36Z
atp,2025-10-13,MO76,Gergely Madarasz,Gergely Madarasz,798,31,https://www.atptour.com/en/rankings/singles?dateWeek=2025-10-13&rankRange=0-5000,2026-03-22T00:42:36Z
atp,2025-10-13,PG69,Juan Pablo Paz,Juan Pablo Paz,799,31,https://www.atptour.com/en/rankings/singles?dateWeek=2025-10-13&rankRange=0-5000,2026-03-22T00:42:36Z
atp,2025-10-13,I0AP,Kalin Ivanovski,Kalin Ivanovski,800,31,https://www.atptour.com/en/rankings/singles?dateWeek=2025-10-13&rankRange=0-5000,2026-03-22T00:42:36Z
atp,2025-10-13,T0IA,Ryotaro Taguchi,Ryotaro Taguchi,801,31,https://www.atptour.com/en/rankings/singles?dateWeek=2025-10-13&rankRange=0-5000,2026-03-22T00:42:36Z
atp,2025-10-13,Z0DA,Carlos Maria Zarate,Carlos Maria Zarate,802,31,https://www.atptour.com/en/rankings/singles?dateWeek=2025-10-13&rankRange=0-5000,2026-03-22T00:42:36Z
atp,2025-10-13,N0BU,Daniel Antonio Nunez,Daniel Antonio Nunez,803,31,https://www.atptour.com/en/rankings/singles?dateWeek=2025-10-13&rankRange=0-5000,2026-03-22T00:42:36Z
atp,2025-10-13,A0KH,Rodrigo Alujas,Rodrigo Alujas,804,31,https://www.atptour.com/en/rankings/singles?dateWeek=2025-10-13&rankRange=0-5000,2026-03-22T00:42:36Z
atp,2025-10-13,DH23,S D Prajwal Dev,S D Prajwal Dev,805,31,https://www.atptour.com/en/rankings/singles?dateWeek=2025-10-13&rankRange=0-5000,2026-03-22T00:42:36Z
atp,2025-10-13,K0BJ,Georgii Kravchenko,Georgii Kravchenko,806,31,https://www.atptour.com/en/rankings/singles?dateWeek=2025-10-13&rankRange=0-5000,2026-03-22T00:42:36Z
atp,2025-10-13,S0GF,Maik Steiner,Maik Steiner,807,31,https://www.atptour.com/en/rankings/singles?dateWeek=2025-10-13&rankRange=0-5000,2026-03-22T00:42:36Z
atp,2025-10-13,MW62,Nikita Mashtakov,Nikita Mashtakov,808,31,https://www.atptour.com/en/rankings/singles?dateWeek=2025-10-13&rankRange=0-5000,2026-03-22T00:42:36Z
atp,2025-10-13,M0NJ,Lui Maxted,Lui Maxted,809,30,https://www.atptour.com/en/rankings/singles?dateWeek=2025-10-13&rankRange=0-5000,2026-03-22T00:42:36Z
atp,2025-10-13,J0BQ,Kristijan Juhas,Kristijan Juhas,810,30,https://www.atptour.com/en/rankings/singles?dateWeek=2025-10-13&rankRange=0-5000,2026-03-22T00:42:36Z
atp,2025-10-13,L0G8,Victor Lilov,Victor Lilov,811,30,https://www.atptour.com/en/rankings/singles?dateWeek=2025-10-13&rankRange=0-5000,2026-03-22T00:42:36Z
atp,2025-10-13,RH88,Alan Fernando Rubio Fierros,Alan Fernando Rubio Fierros,812,30,https://www.atptour.com/en/rankings/singles?dateWeek=2025-10-13&rankRange=0-5000,2026-03-22T00:42:36Z
atp,2025-10-13,J0AI,Miles Jones,Miles Jones,813,30,https://www.atptour.com/en/rankings/singles?dateWeek=2025-10-13&rankRange=0-5000,2026-03-22T00:42:36Z
atp,2025-10-13,R0B6,Lorenzo Rottoli,Lorenzo Rottoli,814,30,https://www.atptour.com/en/rankings/singles?dateWeek=2025-10-13&rankRange=0-5000,2026-03-22T00:42:36Z
atp,2025-10-13,CN44,Tomas Curras Abasolo,Tomas Curras Abasolo,815,30,https://www.atptour.com/en/rankings/singles?dateWeek=2025-10-13&rankRange=0-5000,2026-03-22T00:42:36Z
atp,2025-10-13,B0NV,Patrick Brady,Patrick Brady,816,29,https://www.atptour.com/en/rankings/singles?dateWeek=2025-10-13&rankRange=0-5000,2026-03-22T00:42:36Z
atp,2025-10-13,CF10,Nick Chappell,Nick Chappell,817,29,https://www.atptour.com/en/rankings/singles?dateWeek=2025-10-13&rankRange=0-5000,2026-03-22T00:42:36Z
atp,2025-10-13,V0DI,Samuel Vincent Ruggeri,Samuel Vincent Ruggeri,818,29,https://www.atptour.com/en/rankings/singles?dateWeek=2025-10-13&rankRange=0-5000,2026-03-22T00:42:36Z
atp,2025-10-13,S0R5,Ilya Snitari,Ilya Snitari,819,29,https://www.atptour.com/en/rankings/singles?dateWeek=2025-10-13&rankRange=0-5000,2026-03-22T00:42:36Z
atp,2025-10-13,D0HS,Dinko Dinev,Dinko Dinev,820,29,https://www.atptour.com/en/rankings/singles?dateWeek=2025-10-13&rankRange=0-5000,2026-03-22T00:42:36Z
atp,2025-10-13,T0FK,Giorgio Tabacco,Giorgio Tabacco,821,29,https://www.atptour.com/en/rankings/singles?dateWeek=2025-10-13&rankRange=0-5000,2026-03-22T00:42:36Z
atp,2025-10-13,C09Y,Joshua Charlton,Joshua Charlton,822,29,https://www.atptour.com/en/rankings/singles?dateWeek=2025-10-13&rankRange=0-5000,2026-03-22T00:42:36Z
atp,2025-10-13,V0BP,Marlon Vankan,Marlon Vankan,823,29,https://www.atptour.com/en/rankings/singles?dateWeek=2025-10-13&rankRange=0-5000,2026-03-22T00:42:36Z
atp,2025-10-13,SZ36,Niklas Schell,Niklas Schell,824,29,https://www.atptour.com/en/rankings/singles?dateWeek=2025-10-13&rankRange=0-5000,2026-03-22T00:42:36Z
atp,2025-10-13,TB70,Wishaya Trongcharoenchaikul,Wishaya Trongcharoenchaikul,825,29,https://www.atptour.com/en/rankings/singles?dateWeek=2025-10-13&rankRange=0-5000,2026-03-22T00:42:36Z
atp,2025-10-13,Z0AB,Alexey Zakharov,Alexey Zakharov,826,28,https://www.atptour.com/en/rankings/singles?dateWeek=2025-10-13&rankRange=0-5000,2026-03-22T00:42:36Z
atp,2025-10-13,R0J1,Hoyoung Roh,Hoyoung Roh,827,28,https://www.atptour.com/en/rankings/singles?dateWeek=2025-10-13&rankRange=0-5000,2026-03-22T00:42:36Z
atp,2025-10-13,D916,Steven Diez,Steven Diez,828,28,https://www.atptour.com/en/rankings/singles?dateWeek=2025-10-13&rankRange=0-5000,2026-03-22T00:42:36Z
atp,2025-10-13,T0CN,Tiago Torres,Tiago Torres,829,28,https://www.atptour.com/en/rankings/singles?dateWeek=2025-10-13&rankRange=0-5000,2026-03-22T00:42:36Z
atp,2025-10-13,V0E3,Jeffrey Von Der Schulenburg,Jeffrey Von Der Schulenburg,830,28,https://www.atptour.com/en/rankings/singles?dateWeek=2025-10-13&rankRange=0-5000,2026-03-22T00:42:36Z
atp,2025-10-13,F0HN,Karol Filar,Karol Filar,831,28,https://www.atptour.com/en/rankings/singles?dateWeek=2025-10-13&rankRange=0-5000,2026-03-22T00:42:36Z
atp,2025-10-13,AD23,Oliver Anderson,Oliver Anderson,832,28,https://www.atptour.com/en/rankings/singles?dateWeek=2025-10-13&rankRange=0-5000,2026-03-22T00:42:36Z
atp,2025-10-13,D0IN,Ryan Dickerson,Ryan Dickerson,833,28,https://www.atptour.com/en/rankings/singles?dateWeek=2025-10-13&rankRange=0-5000,2026-03-22T00:42:36Z
atp,2025-10-13,H0BA,Shinji Hazawa,Shinji Hazawa,834,28,https://www.atptour.com/en/rankings/singles?dateWeek=2025-10-13&rankRange=0-5000,2026-03-22T00:42:36Z
atp,2025-10-13,TD49,Mert Naci Turker,Mert Naci Turker,835,28,https://www.atptour.com/en/rankings/singles?dateWeek=2025-10-13&rankRange=0-5000,2026-03-22T00:42:36Z
atp,2025-10-13,KG53,Alexander Klintcharov,Alexander Klintcharov,836,28,https://www.atptour.com/en/rankings/singles?dateWeek=2025-10-13&rankRange=0-5000,2026-03-22T00:42:36Z
atp,2025-10-13,C0MX,Dragos Nicolae Cazacu,Dragos Nicolae Cazacu,837,28,https://www.atptour.com/en/rankings/singles?dateWeek=2025-10-13&rankRange=0-5000,2026-03-22T00:42:36Z
atp,2025-10-13,P0JL,Luca Pow,Luca Pow,838,27,https://www.atptour.com/en/rankings/singles?dateWeek=2025-10-13&rankRange=0-5000,2026-03-22T00:42:36Z
atp,2025-10-13,S0DL,Ryan Seggerman,Ryan Seggerman,839,27,https://www.atptour.com/en/rankings/singles?dateWeek=2025-10-13&rankRange=0-5000,2026-03-22T00:42:36Z
atp,2025-10-13,B0VF,Oliver Bonding,Oliver Bonding,840,27,https://www.atptour.com/en/rankings/singles?dateWeek=2025-10-13&rankRange=0-5000,2026-03-22T00:42:36Z
atp,2025-10-13,S0VU,Max Schoenhaus,Max Schoenhaus,841,27,https://www.atptour.com/en/rankings/singles?dateWeek=2025-10-13&rankRange=0-5000,2026-03-22T00:42:36Z
atp,2025-10-13,S0KG,Nikola Slavic,Nikola Slavic,842,27,https://www.atptour.com/en/rankings/singles?dateWeek=2025-10-13&rankRange=0-5000,2026-03-22T00:42:36Z
atp,2025-10-13,F0GD,Jakub Filip,Jakub Filip,843,27,https://www.atptour.com/en/rankings/singles?dateWeek=2025-10-13&rankRange=0-5000,2026-03-22T00:42:36Z
atp,2025-10-13,M0D4,M Rifki Fitriadi,M Rifki Fitriadi,844,27,https://www.atptour.com/en/rankings/singles?dateWeek=2025-10-13&rankRange=0-5000,2026-03-22T00:42:36Z
atp,2025-10-13,S0BG,Daisuke Sumizawa,Daisuke Sumizawa,845,27,https://www.atptour.com/en/rankings/singles?dateWeek=2025-10-13&rankRange=0-5000,2026-03-22T00:42:36Z
atp,2025-10-13,HH15,Mikalai Haliak,Mikalai Haliak,846,27,https://www.atptour.com/en/rankings/singles?dateWeek=2025-10-13&rankRange=0-5000,2026-03-22T00:42:36Z
atp,2025-10-13,F0AF,Lautaro Agustin Falabella,Lautaro Agustin Falabella,847,27,https://www.atptour.com/en/rankings/singles?dateWeek=2025-10-13&rankRange=0-5000,2026-03-22T00:42:36Z
atp,2025-10-13,J732,Ben Jones,Ben Jones,848,27,https://www.atptour.com/en/rankings/singles?dateWeek=2025-10-13&rankRange=0-5000,2026-03-22T00:42:36Z
atp,2025-10-13,M0NO,Marko Maksimovic,Marko Maksimovic,849,27,https://www.atptour.com/en/rankings/singles?dateWeek=2025-10-13&rankRange=0-5000,2026-03-22T00:42:36Z
atp,2025-10-13,LA54,Wilson Leite,Wilson Leite,850,27,https://www.atptour.com/en/rankings/singles?dateWeek=2025-10-13&rankRange=0-5000,2026-03-22T00:42:36Z
atp,2025-10-13,L0K7,Fryderyk Lechno-Wasiutynski,Fryderyk Lechno Wasiutynski,851,26,https://www.atptour.com/en/rankings/singles?dateWeek=2025-10-13&rankRange=0-5000,2026-03-22T00:42:36Z
atp,2025-10-13,V0HG,Emon Van Loben Sels,Emon Van Loben Sels,852,26,https://www.atptour.com/en/rankings/singles?dateWeek=2025-10-13&rankRange=0-5000,2026-03-22T00:42:36Z
atp,2025-10-13,K0O4,Moise Kouame,Moise Kouame,853,26,https://www.atptour.com/en/rankings/singles?dateWeek=2025-10-13&rankRange=0-5000,2026-03-22T00:42:36Z
atp,2025-10-13,H0K0,Cruz Hewitt,Cruz Hewitt,854,26,https://www.atptour.com/en/rankings/singles?dateWeek=2025-10-13&rankRange=0-5000,2026-03-22T00:42:36Z
atp,2025-10-13,K0CZ,Gilbert Klier Junior,Gilbert Klier Junior,855,26,https://www.atptour.com/en/rankings/singles?dateWeek=2025-10-13&rankRange=0-5000,2026-03-22T00:42:36Z
atp,2025-10-13,Z0C7,Yaojie Zeng,Yaojie Zeng,856,26,https://www.atptour.com/en/rankings/singles?dateWeek=2025-10-13&rankRange=0-5000,2026-03-22T00:42:36Z
atp,2025-10-13,S0LD,Keisuke Saitoh,Keisuke Saitoh,857,26,https://www.atptour.com/en/rankings/singles?dateWeek=2025-10-13&rankRange=0-5000,2026-03-22T00:42:36Z
atp,2025-10-13,EA31,Melios Efstathiou,Melios Efstathiou,858,26,https://www.atptour.com/en/rankings/singles?dateWeek=2025-10-13&rankRange=0-5000,2026-03-22T00:42:36Z
atp,2025-10-13,J0DL,Nicolas Jadoun,Nicolas Jadoun,859,26,https://www.atptour.com/en/rankings/singles?dateWeek=2025-10-13&rankRange=0-5000,2026-03-22T00:42:36Z
atp,2025-10-13,SM37,Diego Schwartzman,Diego Schwartzman,860,25,https://www.atptour.com/en/rankings/singles?dateWeek=2025-10-13&rankRange=0-5000,2026-03-22T00:42:36Z
atp,2025-10-13,VA15,Duarte Vale,Duarte Vale,861,25,https://www.atptour.com/en/rankings/singles?dateWeek=2025-10-13&rankRange=0-5000,2026-03-22T00:42:36Z
atp,2025-10-13,K0LX,Nicolas Ian Kotzen,Nicolas Ian Kotzen,862,25,https://www.atptour.com/en/rankings/singles?dateWeek=2025-10-13&rankRange=0-5000,2026-03-22T00:42:36Z
atp,2025-10-13,B0V0,Nikita Bilozertsev,Nikita Bilozertsev,863,25,https://www.atptour.com/en/rankings/singles?dateWeek=2025-10-13&rankRange=0-5000,2026-03-22T00:42:36Z
atp,2025-10-13,D0L8,Timofei Derepasko,Timofei Derepasko,864,25,https://www.atptour.com/en/rankings/singles?dateWeek=2025-10-13&rankRange=0-5000,2026-03-22T00:42:36Z
atp,2025-10-13,R0HP,Lucio Ratti,Lucio Ratti,865,25,https://www.atptour.com/en/rankings/singles?dateWeek=2025-10-13&rankRange=0-5000,2026-03-22T00:42:36Z
atp,2025-10-13,C0GU,Matyas Cerny,Matyas Cerny,866,25,https://www.atptour.com/en/rankings/singles?dateWeek=2025-10-13&rankRange=0-5000,2026-03-22T00:42:36Z
atp,2025-10-13,F0C0,Chase Ferguson,Chase Ferguson,867,25,https://www.atptour.com/en/rankings/singles?dateWeek=2025-10-13&rankRange=0-5000,2026-03-22T00:42:36Z
atp,2025-10-13,D0BE,Jesse Delaney,Jesse Delaney,868,25,https://www.atptour.com/en/rankings/singles?dateWeek=2025-10-13&rankRange=0-5000,2026-03-22T00:42:36Z
atp,2025-10-13,D0CF,Savriyan Danilov,Savriyan Danilov,869,24,https://www.atptour.com/en/rankings/singles?dateWeek=2025-10-13&rankRange=0-5000,2026-03-22T00:42:36Z
atp,2025-10-13,P0E2,Jorge Plans,Jorge Plans,870,24,https://www.atptour.com/en/rankings/singles?dateWeek=2025-10-13&rankRange=0-5000,2026-03-22T00:42:36Z
atp,2025-10-13,M0J2,Pablo Masjuan Ginel,Pablo Masjuan Ginel,871,24,https://www.atptour.com/en/rankings/singles?dateWeek=2025-10-13&rankRange=0-5000,2026-03-22T00:42:36Z
atp,2025-10-13,L0CU,Tomas Serrano Luis,Tomas Serrano Luis,872,24,https://www.atptour.com/en/rankings/singles?dateWeek=2025-10-13&rankRange=0-5000,2026-03-22T00:42:36Z
atp,2025-10-13,P0FU,Filip Pieczonka,Filip Pieczonka,873,24,https://www.atptour.com/en/rankings/singles?dateWeek=2025-10-13&rankRange=0-5000,2026-03-22T00:42:36Z
atp,2025-10-13,R0K4,Kasra Rahmani,Kasra Rahmani,874,24,https://www.atptour.com/en/rankings/singles?dateWeek=2025-10-13&rankRange=0-5000,2026-03-22T00:42:36Z
atp,2025-10-13,F0BV,Tomas Farjat,Tomas Farjat,875,24,https://www.atptour.com/en/rankings/singles?dateWeek=2025-10-13&rankRange=0-5000,2026-03-22T00:42:36Z
atp,2025-10-13,D0HI,Chirag Duhan,Chirag Duhan,876,24,https://www.atptour.com/en/rankings/singles?dateWeek=2025-10-13&rankRange=0-5000,2026-03-22T00:42:36Z
atp,2025-10-13,D0I6,Yaroslav Demin,Yaroslav Demin,877,24,https://www.atptour.com/en/rankings/singles?dateWeek=2025-10-13&rankRange=0-5000,2026-03-22T00:42:36Z
atp,2025-10-13,N0EG,Arthur Nagel,Arthur Nagel,878,24,https://www.atptour.com/en/rankings/singles?dateWeek=2025-10-13&rankRange=0-5000,2026-03-22T00:42:36Z
atp,2025-10-13,S0SD,Jasza Szajrych,Jasza Szajrych,879,24,https://www.atptour.com/en/rankings/singles?dateWeek=2025-10-13&rankRange=0-5000,2026-03-22T00:42:36Z
atp,2025-10-13,D0CU,Daniel De Jonge,Daniel De Jonge,880,24,https://www.atptour.com/en/rankings/singles?dateWeek=2025-10-13&rankRange=0-5000,2026-03-22T00:42:36Z
atp,2025-10-13,V0G2,Amit Vales,Amit Vales,881,24,https://www.atptour.com/en/rankings/singles?dateWeek=2025-10-13&rankRange=0-5000,2026-03-22T00:42:36Z
atp,2025-10-13,M0HO,Mihai Razvan Marinescu,Mihai Razvan Marinescu,882,24,https://www.atptour.com/en/rankings/singles?dateWeek=2025-10-13&rankRange=0-5000,2026-03-22T00:42:36Z
atp,2025-10-13,T0GE,Pavlos Tsitsipas,Pavlos Tsitsipas,883,24,https://www.atptour.com/en/rankings/singles?dateWeek=2025-10-13&rankRange=0-5000,2026-03-22T00:42:36Z
atp,2025-10-13,J0A6,Scott Jones,Scott Jones,884,23,https://www.atptour.com/en/rankings/singles?dateWeek=2025-10-13&rankRange=0-5000,2026-03-22T00:42:36Z
atp,2025-10-13,W0B3,Xiaofei Wang,Xiaofei Wang,885,23,https://www.atptour.com/en/rankings/singles?dateWeek=2025-10-13&rankRange=0-5000,2026-03-22T00:42:36Z
atp,2025-10-13,L0G5,Joao Victor Couto Loureiro,Joao Victor Couto Loureiro,886,23,https://www.atptour.com/en/rankings/singles?dateWeek=2025-10-13&rankRange=0-5000,2026-03-22T00:42:36Z
atp,2025-10-13,C0GK,Thiago Cigarran,Thiago Cigarran,887,23,https://www.atptour.com/en/rankings/singles?dateWeek=2025-10-13&rankRange=0-5000,2026-03-22T00:42:36Z
atp,2025-10-13,B0MR,Evan Bynoe,Evan Bynoe,888,23,https://www.atptour.com/en/rankings/singles?dateWeek=2025-10-13&rankRange=0-5000,2026-03-22T00:42:36Z
atp,2025-10-13,LC54,Benjamin Lock,Benjamin Lock,889,22,https://www.atptour.com/en/rankings/singles?dateWeek=2025-10-13&rankRange=0-5000,2026-03-22T00:42:36Z
atp,2025-10-13,I0B6,Paul Inchauspe,Paul Inchauspe,890,22,https://www.atptour.com/en/rankings/singles?dateWeek=2025-10-13&rankRange=0-5000,2026-03-22T00:42:36Z
atp,2025-10-13,F09U,Matyas Fuele,Matyas Fuele,891,22,https://www.atptour.com/en/rankings/singles?dateWeek=2025-10-13&rankRange=0-5000,2026-03-22T00:42:36Z
atp,2025-10-13,A0IH,Jack Anthrop,Jack Anthrop,892,22,https://www.atptour.com/en/rankings/singles?dateWeek=2025-10-13&rankRange=0-5000,2026-03-22T00:42:36Z
atp,2025-10-13,AG57,Leonardo Aboian,Leonardo Aboian,893,22,https://www.atptour.com/en/rankings/singles?dateWeek=2025-10-13&rankRange=0-5000,2026-03-22T00:42:36Z
atp,2025-10-13,O560,Juan Sebastian Osorio,Juan Sebastian Osorio,894,22,https://www.atptour.com/en/rankings/singles?dateWeek=2025-10-13&rankRange=0-5000,2026-03-22T00:42:36Z
atp,2025-10-13,P0G0,Evgeny Philippov,Evgeny Philippov,897,22,https://www.atptour.com/en/rankings/singles?dateWeek=2025-10-13&rankRange=0-5000,2026-03-22T00:42:36Z
atp,2025-10-13,B0JN,Thomas Braithwaite,Thomas Braithwaite,898,22,https://www.atptour.com/en/rankings/singles?dateWeek=2025-10-13&rankRange=0-5000,2026-03-22T00:42:36Z
atp,2025-10-13,R0AY,Gregor Ramskogler,Gregor Ramskogler,899,22,https://www.atptour.com/en/rankings/singles?dateWeek=2025-10-13&rankRange=0-5000,2026-03-22T00:42:36Z
atp,2025-10-13,H0HU,Samuel Heredia,Samuel Heredia,900,22,https://www.atptour.com/en/rankings/singles?dateWeek=2025-10-13&rankRange=0-5000,2026-03-22T00:42:36Z
atp,2025-10-13,F0C2,Andrea Fiorentini,Andrea Fiorentini,901,22,https://www.atptour.com/en/rankings/singles?dateWeek=2025-10-13&rankRange=0-5000,2026-03-22T00:42:36Z
atp,2025-10-13,L0JO,Zoran Ludoski,Zoran Ludoski,902,21,https://www.atptour.com/en/rankings/singles?dateWeek=2025-10-13&rankRange=0-5000,2026-03-22T00:42:36Z
atp,2025-10-13,V708,Jiri Vesely,Jiri Vesely,903,21,https://www.atptour.com/en/rankings/singles?dateWeek=2025-10-13&rankRange=0-5000,2026-03-22T00:42:36Z
atp,2025-10-13,Q02O,Rudy Quan,Rudy Quan,904,21,https://www.atptour.com/en/rankings/singles?dateWeek=2025-10-13&rankRange=0-5000,2026-03-22T00:42:36Z
atp,2025-10-13,W749,Enzo Wallart,Enzo Wallart,905,21,https://www.atptour.com/en/rankings/singles?dateWeek=2025-10-13&rankRange=0-5000,2026-03-22T00:42:36Z
atp,2025-10-13,Y235,Jumpei Yamasaki,Jumpei Yamasaki,906,21,https://www.atptour.com/en/rankings/singles?dateWeek=2025-10-13&rankRange=0-5000,2026-03-22T00:42:36Z
atp,2025-10-13,C0DS,Thanapet Chanta,Thanapet Chanta,907,21,https://www.atptour.com/en/rankings/singles?dateWeek=2025-10-13&rankRange=0-5000,2026-03-22T00:42:36Z
atp,2025-10-13,G0B7,Jeremy Gschwendtner,Jeremy Gschwendtner,908,21,https://www.atptour.com/en/rankings/singles?dateWeek=2025-10-13&rankRange=0-5000,2026-03-22T00:42:36Z
atp,2025-10-13,S0RF,Marcello Serafini,Marcello Serafini,909,21,https://www.atptour.com/en/rankings/singles?dateWeek=2025-10-13&rankRange=0-5000,2026-03-22T00:42:36Z
atp,2025-10-13,G0MH,Benjamin Thomas George,Benjamin Thomas George,910,21,https://www.atptour.com/en/rankings/singles?dateWeek=2025-10-13&rankRange=0-5000,2026-03-22T00:42:36Z
atp,2025-10-13,A0EU,Alexandre Aubriot,Alexandre Aubriot,911,21,https://www.atptour.com/en/rankings/singles?dateWeek=2025-10-13&rankRange=0-5000,2026-03-22T00:42:36Z
atp,2025-10-13,Z350,Michael Zhu,Michael Zhu,912,21,https://www.atptour.com/en/rankings/singles?dateWeek=2025-10-13&rankRange=0-5000,2026-03-22T00:42:36Z
atp,2025-10-13,BO10,Gijs Brouwer,Gijs Brouwer,913,20,https://www.atptour.com/en/rankings/singles?dateWeek=2025-10-13&rankRange=0-5000,2026-03-22T00:42:36Z
atp,2025-10-13,U174,Kaito Uesugi,Kaito Uesugi,914,20,https://www.atptour.com/en/rankings/singles?dateWeek=2025-10-13&rankRange=0-5000,2026-03-22T00:42:36Z
atp,2025-10-13,L0N0,Pavel Lagutin,Pavel Lagutin,915,20,https://www.atptour.com/en/rankings/singles?dateWeek=2025-10-13&rankRange=0-5000,2026-03-22T00:42:36Z
atp,2025-10-13,G0OF,Georgi Georgiev,Georgi Georgiev,916,20,https://www.atptour.com/en/rankings/singles?dateWeek=2025-10-13&rankRange=0-5000,2026-03-22T00:42:36Z
atp,2025-10-13,M0DY,Peter Makk,Peter Makk,917,20,https://www.atptour.com/en/rankings/singles?dateWeek=2025-10-13&rankRange=0-5000,2026-03-22T00:42:36Z
atp,2025-10-13,B0A1,Martin Borisiouk,Martin Borisiouk,918,20,https://www.atptour.com/en/rankings/singles?dateWeek=2025-10-13&rankRange=0-5000,2026-03-22T00:42:36Z
atp,2025-10-13,H0DQ,Carles Hernandez,Carles Hernandez,919,20,https://www.atptour.com/en/rankings/singles?dateWeek=2025-10-13&rankRange=0-5000,2026-03-22T00:42:36Z
atp,2025-10-13,K0GA,Igor Kudriashov,Igor Kudriashov,920,20,https://www.atptour.com/en/rankings/singles?dateWeek=2025-10-13&rankRange=0-5000,2026-03-22T00:42:36Z
atp,2025-10-13,B0PN,Matisse Bobichon,Matisse Bobichon,921,20,https://www.atptour.com/en/rankings/singles?dateWeek=2025-10-13&rankRange=0-5000,2026-03-22T00:42:36Z
atp,2025-10-13,M0HY,Finn Murgett,Finn Murgett,922,20,https://www.atptour.com/en/rankings/singles?dateWeek=2025-10-13&rankRange=0-5000,2026-03-22T00:42:36Z
atp,2025-10-13,P0ED,Kiranpal Pannu,Kiranpal Pannu,923,20,https://www.atptour.com/en/rankings/singles?dateWeek=2025-10-13&rankRange=0-5000,2026-03-22T00:42:36Z
atp,2025-10-13,S1AR,Simeon Stankovic,Simeon Stankovic,924,20,https://www.atptour.com/en/rankings/singles?dateWeek=2025-10-13&rankRange=0-5000,2026-03-22T00:42:36Z
atp,2025-10-13,N0BA,Axel Nefve,Axel Nefve,925,20,https://www.atptour.com/en/rankings/singles?dateWeek=2025-10-13&rankRange=0-5000,2026-03-22T00:42:36Z
atp,2025-10-13,F0BJ,Adan Freire Da Silva,Adan Freire Da Silva,926,20,https://www.atptour.com/en/rankings/singles?dateWeek=2025-10-13&rankRange=0-5000,2026-03-22T00:42:36Z
atp,2025-10-13,S0E4,Justin Schlageter,Justin Schlageter,927,20,https://www.atptour.com/en/rankings/singles?dateWeek=2025-10-13&rankRange=0-5000,2026-03-22T00:42:36Z
atp,2025-10-13,TG67,Kristjan Tamm,Kristjan Tamm,928,20,https://www.atptour.com/en/rankings/singles?dateWeek=2025-10-13&rankRange=0-5000,2026-03-22T00:42:36Z
atp,2025-10-13,K0EM,Matt Kuhar,Matt Kuhar,929,20,https://www.atptour.com/en/rankings/singles?dateWeek=2025-10-13&rankRange=0-5000,2026-03-22T00:42:36Z
atp,2025-10-13,C0PX,Matteo Covato,Matteo Covato,930,20,https://www.atptour.com/en/rankings/singles?dateWeek=2025-10-13&rankRange=0-5000,2026-03-22T00:42:36Z
atp,2025-10-13,P0I5,Ignacio Parisca Romera,Ignacio Parisca Romera,931,20,https://www.atptour.com/en/rankings/singles?dateWeek=2025-10-13&rankRange=0-5000,2026-03-22T00:42:36Z
atp,2025-10-13,A0IE,Seydina Andre,Seydina Andre,932,20,https://www.atptour.com/en/rankings/singles?dateWeek=2025-10-13&rankRange=0-5000,2026-03-22T00:42:36Z
atp,2025-10-13,GC17,Oscar Jose Gutierrez,Oscar Jose Gutierrez,933,20,https://www.atptour.com/en/rankings/singles?dateWeek=2025-10-13&rankRange=0-5000,2026-03-22T00:42:36Z
atp,2025-10-13,O0BI,Carl Emil Overbeck,Carl Emil Overbeck,934,19,https://www.atptour.com/en/rankings/singles?dateWeek=2025-10-13&rankRange=0-5000,2026-03-22T00:42:36Z
atp,2025-10-13,B0ME,Cesar Bouchelaghem,Cesar Bouchelaghem,935,19,https://www.atptour.com/en/rankings/singles?dateWeek=2025-10-13&rankRange=0-5000,2026-03-22T00:42:36Z
atp,2025-10-13,LB78,Jea Moon Lee,Jea Moon Lee,936,19,https://www.atptour.com/en/rankings/singles?dateWeek=2025-10-13&rankRange=0-5000,2026-03-22T00:42:36Z
atp,2025-10-13,B0AM,Lorenzo Bocchi,Lorenzo Bocchi,937,19,https://www.atptour.com/en/rankings/singles?dateWeek=2025-10-13&rankRange=0-5000,2026-03-22T00:42:36Z
atp,2025-10-13,I0BF,Ivan Ivanov,Ivan Ivanov,938,19,https://www.atptour.com/en/rankings/singles?dateWeek=2025-10-13&rankRange=0-5000,2026-03-22T00:42:36Z
atp,2025-10-13,H0HS,Matt Hulme,Matt Hulme,939,19,https://www.atptour.com/en/rankings/singles?dateWeek=2025-10-13&rankRange=0-5000,2026-03-22T00:42:36Z
atp,2025-10-13,TG77,Petros Tsitsipas,Petros Tsitsipas,940,19,https://www.atptour.com/en/rankings/singles?dateWeek=2025-10-13&rankRange=0-5000,2026-03-22T00:42:36Z
atp,2025-10-13,P0LG,Salvador Price,Salvador Price,941,19,https://www.atptour.com/en/rankings/singles?dateWeek=2025-10-13&rankRange=0-5000,2026-03-22T00:42:36Z
atp,2025-10-13,O527,Chanyeong Oh,Chanyeong Oh,942,19,https://www.atptour.com/en/rankings/singles?dateWeek=2025-10-13&rankRange=0-5000,2026-03-22T00:42:36Z
atp,2025-10-13,PL38,Sebastian Prechtel,Sebastian Prechtel,943,19,https://www.atptour.com/en/rankings/singles?dateWeek=2025-10-13&rankRange=0-5000,2026-03-22T00:42:36Z
atp,2025-10-13,M0WZ,Lucas Marionneau,Lucas Marionneau,944,19,https://www.atptour.com/en/rankings/singles?dateWeek=2025-10-13&rankRange=0-5000,2026-03-22T00:42:36Z
atp,2025-10-13,P0MS,Rares Teodor Pieleanu,Rares Teodor Pieleanu,945,19,https://www.atptour.com/en/rankings/singles?dateWeek=2025-10-13&rankRange=0-5000,2026-03-22T00:42:36Z
atp,2025-10-13,H0E7,John Hallquist Lithen,John Hallquist Lithen,946,19,https://www.atptour.com/en/rankings/singles?dateWeek=2025-10-13&rankRange=0-5000,2026-03-22T00:42:36Z
atp,2025-10-13,M0K2,Pietro Marino,Pietro Marino,947,19,https://www.atptour.com/en/rankings/singles?dateWeek=2025-10-13&rankRange=0-5000,2026-03-22T00:42:36Z
atp,2025-10-13,P0KJ,Derek Pham,Derek Pham,948,18,https://www.atptour.com/en/rankings/singles?dateWeek=2025-10-13&rankRange=0-5000,2026-03-22T00:42:36Z
atp,2025-10-13,J0F2,Spencer Johnson,Spencer Johnson,949,18,https://www.atptour.com/en/rankings/singles?dateWeek=2025-10-13&rankRange=0-5000,2026-03-22T00:42:36Z
atp,2025-10-13,B0E4,Mateo Barreiros Reyes,Mateo Barreiros Reyes,950,18,https://www.atptour.com/en/rankings/singles?dateWeek=2025-10-13&rankRange=0-5000,2026-03-22T00:42:36Z
atp,2025-10-13,L0DM,Alejo Lorenzo Lingua Lavallen,Alejo Lorenzo Lingua Lavallen,951,18,https://www.atptour.com/en/rankings/singles?dateWeek=2025-10-13&rankRange=0-5000,2026-03-22T00:42:36Z
atp,2025-10-13,K0MX,Enzo Kohlmann De Freitas,Enzo Kohlmann De Freitas,952,18,https://www.atptour.com/en/rankings/singles?dateWeek=2025-10-13&rankRange=0-5000,2026-03-22T00:42:36Z
atp,2025-10-13,Z0CO,Maximo Zeitune,Maximo Zeitune,953,18,https://www.atptour.com/en/rankings/singles?dateWeek=2025-10-13&rankRange=0-5000,2026-03-22T00:42:36Z
atp,2025-10-13,M0WL,Anas Mazdrashki,Anas Mazdrashki,954,18,https://www.atptour.com/en/rankings/singles?dateWeek=2025-10-13&rankRange=0-5000,2026-03-22T00:42:36Z
atp,2025-10-13,W719,Marcus Walters,Marcus Walters,955,18,https://www.atptour.com/en/rankings/singles?dateWeek=2025-10-13&rankRange=0-5000,2026-03-22T00:42:36Z
atp,2025-10-13,H0GW,Michel Hopp,Michel Hopp,956,18,https://www.atptour.com/en/rankings/singles?dateWeek=2025-10-13&rankRange=0-5000,2026-03-22T00:42:36Z
atp,2025-10-13,B0QL,Brian Bozemoj,Brian Bozemoj,957,18,https://www.atptour.com/en/rankings/singles?dateWeek=2025-10-13&rankRange=0-5000,2026-03-22T00:42:36Z
atp,2025-10-13,J0D5,Hayden Jones,Hayden Jones,958,18,https://www.atptour.com/en/rankings/singles?dateWeek=2025-10-13&rankRange=0-5000,2026-03-22T00:42:36Z
atp,2025-10-13,V0F6,Nicolas Villalon,Nicolas Villalon,959,18,https://www.atptour.com/en/rankings/singles?dateWeek=2025-10-13&rankRange=0-5000,2026-03-22T00:42:36Z
atp,2025-10-13,R0DP,Sam Ryan Ziegann,Sam Ryan Ziegann,960,18,https://www.atptour.com/en/rankings/singles?dateWeek=2025-10-13&rankRange=0-5000,2026-03-22T00:42:36Z
atp,2025-10-13,D0D9,Stefano D'Agostino,Stefano D'agostino,961,18,https://www.atptour.com/en/rankings/singles?dateWeek=2025-10-13&rankRange=0-5000,2026-03-22T00:42:36Z
atp,2025-10-13,X01D,Kuang Qing Xu,Kuang Qing Xu,962,17,https://www.atptour.com/en/rankings/singles?dateWeek=2025-10-13&rankRange=0-5000,2026-03-22T00:42:36Z
atp,2025-10-13,D0MB,Andrew Delgado,Andrew Delgado,963,17,https://www.atptour.com/en/rankings/singles?dateWeek=2025-10-13&rankRange=0-5000,2026-03-22T00:42:36Z
atp,2025-10-13,R0KI,Dominique Rolland,Dominique Rolland,964,17,https://www.atptour.com/en/rankings/singles?dateWeek=2025-10-13&rankRange=0-5000,2026-03-22T00:42:36Z
atp,2025-10-13,N0BK,Hazem Naw,Hazem Naw,965,17,https://www.atptour.com/en/rankings/singles?dateWeek=2025-10-13&rankRange=0-5000,2026-03-22T00:42:36Z
atp,2025-10-13,P0MI,Stijn Paardekooper,Stijn Paardekooper,966,17,https://www.atptour.com/en/rankings/singles?dateWeek=2025-10-13&rankRange=0-5000,2026-03-22T00:42:36Z
atp,2025-10-13,D0I0,Sebastian Dominko,Sebastian Dominko,967,17,https://www.atptour.com/en/rankings/singles?dateWeek=2025-10-13&rankRange=0-5000,2026-03-22T00:42:36Z
atp,2025-10-13,B0TK,Pepijn Bastiaansen,Pepijn Bastiaansen,968,17,https://www.atptour.com/en/rankings/singles?dateWeek=2025-10-13&rankRange=0-5000,2026-03-22T00:42:36Z
atp,2025-10-13,S0ZF,Kacper Szymkowiak,Kacper Szymkowiak,969,17,https://www.atptour.com/en/rankings/singles?dateWeek=2025-10-13&rankRange=0-5000,2026-03-22T00:42:36Z
atp,2025-10-13,RB56,Ramkumar Ramanathan,Ramkumar Ramanathan,970,17,https://www.atptour.com/en/rankings/singles?dateWeek=2025-10-13&rankRange=0-5000,2026-03-22T00:42:36Z
atp,2025-10-13,B0HY,Isaac Becroft,Isaac Becroft,971,17,https://www.atptour.com/en/rankings/singles?dateWeek=2025-10-13&rankRange=0-5000,2026-03-22T00:42:36Z
atp,2025-10-13,N0CT,Shunsuke Nakagawa,Shunsuke Nakagawa,972,17,https://www.atptour.com/en/rankings/singles?dateWeek=2025-10-13&rankRange=0-5000,2026-03-22T00:42:36Z
atp,2025-10-13,L0CK,Younes Lalami,Younes Lalami,973,17,https://www.atptour.com/en/rankings/singles?dateWeek=2025-10-13&rankRange=0-5000,2026-03-22T00:42:36Z
atp,2025-10-13,M0V7,Vincent Marysko,Vincent Marysko,974,17,https://www.atptour.com/en/rankings/singles?dateWeek=2025-10-13&rankRange=0-5000,2026-03-22T00:42:36Z
atp,2025-10-13,P0KS,Lasse Poertner,Lasse Poertner,975,17,https://www.atptour.com/en/rankings/singles?dateWeek=2025-10-13&rankRange=0-5000,2026-03-22T00:42:36Z
atp,2025-10-13,S0JW,Sungbeen Sim,Sungbeen Sim,976,17,https://www.atptour.com/en/rankings/singles?dateWeek=2025-10-13&rankRange=0-5000,2026-03-22T00:42:36Z
atp,2025-10-13,BU78,Finn Bass,Finn Bass,977,17,https://www.atptour.com/en/rankings/singles?dateWeek=2025-10-13&rankRange=0-5000,2026-03-22T00:42:36Z
atp,2025-10-13,S0YB,Daniil Sarksian,Daniil Sarksian,978,17,https://www.atptour.com/en/rankings/singles?dateWeek=2025-10-13&rankRange=0-5000,2026-03-22T00:42:36Z
atp,2025-10-13,M0IC,Giannicola Misasi,Giannicola Misasi,979,17,https://www.atptour.com/en/rankings/singles?dateWeek=2025-10-13&rankRange=0-5000,2026-03-22T00:42:36Z
atp,2025-10-13,LG37,Grigoriy Lomakin,Grigoriy Lomakin,980,17,https://www.atptour.com/en/rankings/singles?dateWeek=2025-10-13&rankRange=0-5000,2026-03-22T00:42:36Z
atp,2025-10-13,M0JP,Calvin Mueller,Calvin Mueller,981,16,https://www.atptour.com/en/rankings/singles?dateWeek=2025-10-13&rankRange=0-5000,2026-03-22T00:42:36Z
atp,2025-10-13,E873,Ernesto Escobedo,Ernesto Escobedo,982,16,https://www.atptour.com/en/rankings/singles?dateWeek=2025-10-13&rankRange=0-5000,2026-03-22T00:42:36Z
atp,2025-10-13,V0GR,Alexander Vasilev,Alexander Vasilev,983,16,https://www.atptour.com/en/rankings/singles?dateWeek=2025-10-13&rankRange=0-5000,2026-03-22T00:42:36Z
atp,2025-10-13,T0K1,Ryo Tabata,Ryo Tabata,984,16,https://www.atptour.com/en/rankings/singles?dateWeek=2025-10-13&rankRange=0-5000,2026-03-22T00:42:36Z
atp,2025-10-13,S0I7,Pietro Romeo Scomparin,Pietro Romeo Scomparin,985,16,https://www.atptour.com/en/rankings/singles?dateWeek=2025-10-13&rankRange=0-5000,2026-03-22T00:42:36Z
atp,2025-10-13,T0FH,Alejandro Turriziani Alvarez,Alejandro Turriziani Alvarez,986,16,https://www.atptour.com/en/rankings/singles?dateWeek=2025-10-13&rankRange=0-5000,2026-03-22T00:42:36Z
atp,2025-10-13,C0O4,Fernando Cavallo,Fernando Cavallo,987,16,https://www.atptour.com/en/rankings/singles?dateWeek=2025-10-13&rankRange=0-5000,2026-03-22T00:42:36Z
atp,2025-10-13,F664,Sebastian Fanselow,Sebastian Fanselow,988,16,https://www.atptour.com/en/rankings/singles?dateWeek=2025-10-13&rankRange=0-5000,2026-03-22T00:42:36Z
atp,2025-10-13,VA48,Siddharth Vishwakarma,Siddharth Vishwakarma,989,16,https://www.atptour.com/en/rankings/singles?dateWeek=2025-10-13&rankRange=0-5000,2026-03-22T00:42:36Z
atp,2025-10-13,S0JV,Qian Sun,Qian Sun,990,16,https://www.atptour.com/en/rankings/singles?dateWeek=2025-10-13&rankRange=0-5000,2026-03-22T00:42:36Z
atp,2025-10-13,K0HT,Elgin Khoeblal,Elgin Khoeblal,991,16,https://www.atptour.com/en/rankings/singles?dateWeek=2025-10-13&rankRange=0-5000,2026-03-22T00:42:36Z
atp,2025-10-13,MV39,Tomohiro Masabayashi,Tomohiro Masabayashi,992,16,https://www.atptour.com/en/rankings/singles?dateWeek=2025-10-13&rankRange=0-5000,2026-03-22T00:42:36Z
atp,2025-10-13,C0HX,Ozan Baris,Ozan Baris,993,15,https://www.atptour.com/en/rankings/singles?dateWeek=2025-10-13&rankRange=0-5000,2026-03-22T00:42:36Z
atp,2025-10-13,W0DW,Cooper Woestendick,Cooper Woestendick,996,15,https://www.atptour.com/en/rankings/singles?dateWeek=2025-10-13&rankRange=0-5000,2026-03-22T00:42:36Z
atp,2025-10-13,P0N6,Oskari Paldanius,Oskari Paldanius,997,15,https://www.atptour.com/en/rankings/singles?dateWeek=2025-10-13&rankRange=0-5000,2026-03-22T00:42:36Z
atp,2025-10-13,S0H1,Luca Staeheli,Luca Staeheli,998,15,https://www.atptour.com/en/rankings/singles?dateWeek=2025-10-13&rankRange=0-5000,2026-03-22T00:42:36Z
atp,2025-10-13,S0TB,Elijah Strode,Elijah Strode,999,15,https://www.atptour.com/en/rankings/singles?dateWeek=2025-10-13&rankRange=0-5000,2026-03-22T00:42:36Z
atp,2025-10-13,S0MJ,Thantub Suksumrarn,Thantub Suksumrarn,1000,15,https://www.atptour.com/en/rankings/singles?dateWeek=2025-10-13&rankRange=0-5000,2026-03-22T00:42:36Z
atp,2025-10-13,S0UU,Maxim Shin,Maxim Shin,1001,15,https://www.atptour.com/en/rankings/singles?dateWeek=2025-10-13&rankRange=0-5000,2026-03-22T00:42:36Z
atp,2025-10-13,B0SW,Tymur Bieldiugin,Tymur Bieldiugin,1002,15,https://www.atptour.com/en/rankings/singles?dateWeek=2025-10-13&rankRange=0-5000,2026-03-22T00:42:36Z
atp,2025-10-13,KI91,Koray Kirci,Koray Kirci,1003,15,https://www.atptour.com/en/rankings/singles?dateWeek=2025-10-13&rankRange=0-5000,2026-03-22T00:42:36Z
atp,2025-10-13,J0DG,Alejandro Juan Mano,Alejandro Juan Mano,1004,15,https://www.atptour.com/en/rankings/singles?dateWeek=2025-10-13&rankRange=0-5000,2026-03-22T00:42:36Z
atp,2025-10-13,L0CS,Pengyu Lu,Pengyu Lu,1005,15,https://www.atptour.com/en/rankings/singles?dateWeek=2025-10-13&rankRange=0-5000,2026-03-22T00:42:36Z
atp,2025-10-13,PM20,Hugo Pierre,Hugo Pierre,1006,15,https://www.atptour.com/en/rankings/singles?dateWeek=2025-10-13&rankRange=0-5000,2026-03-22T00:42:36Z
atp,2025-10-13,T0AG,Zura Tkemaladze,Zura Tkemaladze,1007,15,https://www.atptour.com/en/rankings/singles?dateWeek=2025-10-13&rankRange=0-5000,2026-03-22T00:42:36Z
atp,2025-10-13,R0KM,Daniele Rapagnetta,Daniele Rapagnetta,1008,15,https://www.atptour.com/en/rankings/singles?dateWeek=2025-10-13&rankRange=0-5000,2026-03-22T00:42:36Z
atp,2025-10-13,PH67,Nathan Ponwith,Nathan Ponwith,1009,15,https://www.atptour.com/en/rankings/singles?dateWeek=2025-10-13&rankRange=0-5000,2026-03-22T00:42:36Z
atp,2025-10-13,R0BN,Simon Reveniau,Simon Reveniau,1010,14,https://www.atptour.com/en/rankings/singles?dateWeek=2025-10-13&rankRange=0-5000,2026-03-22T00:42:36Z
atp,2025-10-13,T0IL,Kriish Tyagi,Kriish Tyagi,1011,14,https://www.atptour.com/en/rankings/singles?dateWeek=2025-10-13&rankRange=0-5000,2026-03-22T00:42:36Z
atp,2025-10-13,K0EL,Alexander Kotzen,Alexander Kotzen,1014,14,https://www.atptour.com/en/rankings/singles?dateWeek=2025-10-13&rankRange=0-5000,2026-03-22T00:42:36Z
atp,2025-10-13,D0FY,Thomas Deschamps,Thomas Deschamps,1015,14,https://www.atptour.com/en/rankings/singles?dateWeek=2025-10-13&rankRange=0-5000,2026-03-22T00:42:36Z
atp,2025-10-13,W09X,Benjamin Winter Lopez,Benjamin Winter Lopez,1016,14,https://www.atptour.com/en/rankings/singles?dateWeek=2025-10-13&rankRange=0-5000,2026-03-22T00:42:36Z
atp,2025-10-13,N561,Ivan Nedelko,Ivan Nedelko,1017,14,https://www.atptour.com/en/rankings/singles?dateWeek=2025-10-13&rankRange=0-5000,2026-03-22T00:42:36Z
atp,2025-10-13,F902,Jesse Flores,Jesse Flores,1018,14,https://www.atptour.com/en/rankings/singles?dateWeek=2025-10-13&rankRange=0-5000,2026-03-22T00:42:36Z
atp,2025-10-13,H0HC,Lucca Helguera Casado,Lucca Helguera Casado,1019,14,https://www.atptour.com/en/rankings/singles?dateWeek=2025-10-13&rankRange=0-5000,2026-03-22T00:42:36Z
atp,2025-10-13,C0KN,Andrin Casanova,Andrin Casanova,1020,14,https://www.atptour.com/en/rankings/singles?dateWeek=2025-10-13&rankRange=0-5000,2026-03-22T00:42:36Z
atp,2025-10-13,F0F0,Romain Faucon,Romain Faucon,1021,14,https://www.atptour.com/en/rankings/singles?dateWeek=2025-10-13&rankRange=0-5000,2026-03-22T00:42:36Z
atp,2025-10-13,RB00,Ricardo Rodriguez - Pace,Ricardo Rodriguez Pace,1022,14,https://www.atptour.com/en/rankings/singles?dateWeek=2025-10-13&rankRange=0-5000,2026-03-22T00:42:36Z
atp,2025-10-13,R0IB,Maxence Rivet,Maxence Rivet,1023,14,https://www.atptour.com/en/rankings/singles?dateWeek=2025-10-13&rankRange=0-5000,2026-03-22T00:42:36Z
atp,2025-10-13,B0HD,Nikola Basic,Nikola Basic,1024,14,https://www.atptour.com/en/rankings/singles?dateWeek=2025-10-13&rankRange=0-5000,2026-03-22T00:42:36Z
atp,2025-10-13,A0KQ,Izan Almazan Valiente,Izan Almazan Valiente,1025,14,https://www.atptour.com/en/rankings/singles?dateWeek=2025-10-13&rankRange=0-5000,2026-03-22T00:42:36Z
atp,2025-10-13,O09S,Juan Bautista Otegui,Juan Bautista Otegui,1026,14,https://www.atptour.com/en/rankings/singles?dateWeek=2025-10-13&rankRange=0-5000,2026-03-22T00:42:36Z
atp,2025-10-13,M0B9,Diogo Marques,Diogo Marques,1027,14,https://www.atptour.com/en/rankings/singles?dateWeek=2025-10-13&rankRange=0-5000,2026-03-22T00:42:36Z
atp,2025-10-13,F0C4,Diego Fernandez Flores,Diego Fernandez Flores,1028,14,https://www.atptour.com/en/rankings/singles?dateWeek=2025-10-13&rankRange=0-5000,2026-03-22T00:42:36Z
atp,2025-10-13,N724,Gabriele Maria Noce,Gabriele Maria Noce,1029,14,https://www.atptour.com/en/rankings/singles?dateWeek=2025-10-13&rankRange=0-5000,2026-03-22T00:42:36Z
atp,2025-10-13,I411,Johannes Ingildsen,Johannes Ingildsen,1030,13,https://www.atptour.com/en/rankings/singles?dateWeek=2025-10-13&rankRange=0-5000,2026-03-22T00:42:36Z
atp,2025-10-13,MM66,Nikola Milojevic,Nikola Milojevic,1031,13,https://www.atptour.com/en/rankings/singles?dateWeek=2025-10-13&rankRange=0-5000,2026-03-22T00:42:36Z
atp,2025-10-13,S0JH,Filippo Speziali,Filippo Speziali,1032,13,https://www.atptour.com/en/rankings/singles?dateWeek=2025-10-13&rankRange=0-5000,2026-03-22T00:42:36Z
atp,2025-10-13,H0D9,Cleeve Harper,Cleeve Harper,1033,13,https://www.atptour.com/en/rankings/singles?dateWeek=2025-10-13&rankRange=0-5000,2026-03-22T00:42:36Z
atp,2025-10-13,Z09G,Tom Zeuch,Tom Zeuch,1034,13,https://www.atptour.com/en/rankings/singles?dateWeek=2025-10-13&rankRange=0-5000,2026-03-22T00:42:36Z
atp,2025-10-13,M0I5,Alen Mujakic,Alen Mujakic,1035,13,https://www.atptour.com/en/rankings/singles?dateWeek=2025-10-13&rankRange=0-5000,2026-03-22T00:42:36Z
atp,2025-10-13,B0G9,Alberto Bronzetti,Alberto Bronzetti,1036,13,https://www.atptour.com/en/rankings/singles?dateWeek=2025-10-13&rankRange=0-5000,2026-03-22T00:42:36Z
atp,2025-10-13,PH77,David Poljak,David Poljak,1037,13,https://www.atptour.com/en/rankings/singles?dateWeek=2025-10-13&rankRange=0-5000,2026-03-22T00:42:36Z
atp,2025-10-13,T0AF,Fermin Tenti,Fermin Tenti,1038,13,https://www.atptour.com/en/rankings/singles?dateWeek=2025-10-13&rankRange=0-5000,2026-03-22T00:42:36Z
atp,2025-10-13,E0AB,Ishaque Eqbal,Ishaque Eqbal,1039,13,https://www.atptour.com/en/rankings/singles?dateWeek=2025-10-13&rankRange=0-5000,2026-03-22T00:42:36Z
atp,2025-10-13,H0CU,Ronald Hohmann,Ronald Hohmann,1040,13,https://www.atptour.com/en/rankings/singles?dateWeek=2025-10-13&rankRange=0-5000,2026-03-22T00:42:36Z
atp,2025-10-13,T0GK,Ruslan Tiukaev,Ruslan Tiukaev,1041,13,https://www.atptour.com/en/rankings/singles?dateWeek=2025-10-13&rankRange=0-5000,2026-03-22T00:42:36Z
atp,2025-10-13,L0GJ,Mika Lipp,Mika Lipp,1042,13,https://www.atptour.com/en/rankings/singles?dateWeek=2025-10-13&rankRange=0-5000,2026-03-22T00:42:36Z
atp,2025-10-13,L0G4,Lorenzo Lorusso,Lorenzo Lorusso,1043,13,https://www.atptour.com/en/rankings/singles?dateWeek=2025-10-13&rankRange=0-5000,2026-03-22T00:42:36Z
atp,2025-10-13,M0ES,Oscar Moraing,Oscar Moraing,1044,13,https://www.atptour.com/en/rankings/singles?dateWeek=2025-10-13&rankRange=0-5000,2026-03-22T00:42:36Z
atp,2025-10-13,H0GK,Maximilian Homberg,Maximilian Homberg,1045,13,https://www.atptour.com/en/rankings/singles?dateWeek=2025-10-13&rankRange=0-5000,2026-03-22T00:42:36Z
atp,2025-10-13,O0AX,Gian Marco Ortenzi,Gian Marco Ortenzi,1046,13,https://www.atptour.com/en/rankings/singles?dateWeek=2025-10-13&rankRange=0-5000,2026-03-22T00:42:36Z
atp,2025-10-13,M0IG,Ezequiel Monferrer,Ezequiel Monferrer,1047,13,https://www.atptour.com/en/rankings/singles?dateWeek=2025-10-13&rankRange=0-5000,2026-03-22T00:42:36Z
atp,2025-10-13,I0B3,Karim Ibrahim,Karim Ibrahim,1048,13,https://www.atptour.com/en/rankings/singles?dateWeek=2025-10-13&rankRange=0-5000,2026-03-22T00:42:36Z
atp,2025-10-13,TG42,Louis Tessa,Louis Tessa,1049,13,https://www.atptour.com/en/rankings/singles?dateWeek=2025-10-13&rankRange=0-5000,2026-03-22T00:42:36Z
atp,2025-10-13,C0KO,Niccolò Ciavarella,Niccolò Ciavarella,1050,13,https://www.atptour.com/en/rankings/singles?dateWeek=2025-10-13&rankRange=0-5000,2026-03-22T00:42:36Z
atp,2025-10-13,B0PH,Jacopo Bilardo,Jacopo Bilardo,1051,13,https://www.atptour.com/en/rankings/singles?dateWeek=2025-10-13&rankRange=0-5000,2026-03-22T00:42:36Z
atp,2025-10-13,A0HZ,Lorenzo Angelini,Lorenzo Angelini,1052,13,https://www.atptour.com/en/rankings/singles?dateWeek=2025-10-13&rankRange=0-5000,2026-03-22T00:42:36Z
atp,2025-10-13,I0BR,Nicolas Ifi,Nicolas Ifi,1053,13,https://www.atptour.com/en/rankings/singles?dateWeek=2025-10-13&rankRange=0-5000,2026-03-22T00:42:36Z
atp,2025-10-13,R0EW,Leyton Rivera,Leyton Rivera,1054,13,https://www.atptour.com/en/rankings/singles?dateWeek=2025-10-13&rankRange=0-5000,2026-03-22T00:42:36Z
atp,2025-10-13,B0G6,Preston Brown,Preston Brown,1055,13,https://www.atptour.com/en/rankings/singles?dateWeek=2025-10-13&rankRange=0-5000,2026-03-22T00:42:36Z
atp,2025-10-13,FA50,Thomas Fancutt,Thomas Fancutt,1056,12,https://www.atptour.com/en/rankings/singles?dateWeek=2025-10-13&rankRange=0-5000,2026-03-22T00:42:36Z
atp,2025-10-13,L733,Zhe Li,Zhe Li,1057,12,https://www.atptour.com/en/rankings/singles?dateWeek=2025-10-13&rankRange=0-5000,2026-03-22T00:42:36Z
atp,2025-10-13,B0IZ,Devin Badenhorst,Devin Badenhorst,1058,12,https://www.atptour.com/en/rankings/singles?dateWeek=2025-10-13&rankRange=0-5000,2026-03-22T00:42:36Z
atp,2025-10-13,M0XQ,Niels McDonald,Niels Mcdonald,1059,12,https://www.atptour.com/en/rankings/singles?dateWeek=2025-10-13&rankRange=0-5000,2026-03-22T00:42:36Z
atp,2025-10-13,GB41,Juan Sebastian Gomez,Juan Sebastian Gomez,1060,12,https://www.atptour.com/en/rankings/singles?dateWeek=2025-10-13&rankRange=0-5000,2026-03-22T00:42:36Z
atp,2025-10-13,B0PY,Paul Barbier Gazeu,Paul Barbier Gazeu,1061,12,https://www.atptour.com/en/rankings/singles?dateWeek=2025-10-13&rankRange=0-5000,2026-03-22T00:42:36Z
atp,2025-10-13,J0F0,Vlado Jankanj,Vlado Jankanj,1062,12,https://www.atptour.com/en/rankings/singles?dateWeek=2025-10-13&rankRange=0-5000,2026-03-22T00:42:36Z
atp,2025-10-13,A0KU,Enzo Aguiard,Enzo Aguiard,1063,12,https://www.atptour.com/en/rankings/singles?dateWeek=2025-10-13&rankRange=0-5000,2026-03-22T00:42:36Z
atp,2025-10-13,R0H2,Pedro Rodenas,Pedro Rodenas,1066,12,https://www.atptour.com/en/rankings/singles?dateWeek=2025-10-13&rankRange=0-5000,2026-03-22T00:42:36Z
atp,2025-10-13,P0MT,Cezar Gabriel Papoe,Cezar Gabriel Papoe,1067,12,https://www.atptour.com/en/rankings/singles?dateWeek=2025-10-13&rankRange=0-5000,2026-03-22T00:42:36Z
atp,2025-10-13,M0VH,Markus Malaszszak,Markus Malaszszak,1068,12,https://www.atptour.com/en/rankings/singles?dateWeek=2025-10-13&rankRange=0-5000,2026-03-22T00:42:36Z
atp,2025-10-13,L09D,Aliaksandr Liaonenka,Aliaksandr Liaonenka,1069,12,https://www.atptour.com/en/rankings/singles?dateWeek=2025-10-13&rankRange=0-5000,2026-03-22T00:42:36Z
atp,2025-10-13,W0BD,Deney Wassermann,Deney Wassermann,1070,12,https://www.atptour.com/en/rankings/singles?dateWeek=2025-10-13&rankRange=0-5000,2026-03-22T00:42:36Z
atp,2025-10-13,O0BQ,Karlis Ozolins,Karlis Ozolins,1071,12,https://www.atptour.com/en/rankings/singles?dateWeek=2025-10-13&rankRange=0-5000,2026-03-22T00:42:36Z
atp,2025-10-13,L0CH,Noel Larwig,Noel Larwig,1072,12,https://www.atptour.com/en/rankings/singles?dateWeek=2025-10-13&rankRange=0-5000,2026-03-22T00:42:36Z
atp,2025-10-13,L0CO,Thando Longwe-Smit,Thando Longwe Smit,1073,12,https://www.atptour.com/en/rankings/singles?dateWeek=2025-10-13&rankRange=0-5000,2026-03-22T00:42:36Z
atp,2025-10-13,O0E1,Yuto Oki,Yuto Oki,1074,12,https://www.atptour.com/en/rankings/singles?dateWeek=2025-10-13&rankRange=0-5000,2026-03-22T00:42:36Z
atp,2025-10-13,R09T,Alexandre Reco,Alexandre Reco,1075,12,https://www.atptour.com/en/rankings/singles?dateWeek=2025-10-13&rankRange=0-5000,2026-03-22T00:42:36Z
atp,2025-10-13,VA31,Stefan Vujic,Stefan Vujic,1076,12,https://www.atptour.com/en/rankings/singles?dateWeek=2025-10-13&rankRange=0-5000,2026-03-22T00:42:36Z
atp,2025-10-13,A0K4,Mikael Arseneault,Mikael Arseneault,1077,12,https://www.atptour.com/en/rankings/singles?dateWeek=2025-10-13&rankRange=0-5000,2026-03-22T00:42:36Z
atp,2025-10-13,T0I0,Andreas Timini,Andreas Timini,1078,12,https://www.atptour.com/en/rankings/singles?dateWeek=2025-10-13&rankRange=0-5000,2026-03-22T00:42:36Z
atp,2025-10-13,BU64,Nicolas Bruna,Nicolas Bruna,1079,12,https://www.atptour.com/en/rankings/singles?dateWeek=2025-10-13&rankRange=0-5000,2026-03-22T00:42:36Z
atp,2025-10-13,S0IK,Tyler Stice,Tyler Stice,1080,12,https://www.atptour.com/en/rankings/singles?dateWeek=2025-10-13&rankRange=0-5000,2026-03-22T00:42:36Z
atp,2025-10-13,C0GG,Keshav Chopra,Keshav Chopra,1081,12,https://www.atptour.com/en/rankings/singles?dateWeek=2025-10-13&rankRange=0-5000,2026-03-22T00:42:36Z
atp,2025-10-13,BV08,Boris Butulija,Boris Butulija,1082,12,https://www.atptour.com/en/rankings/singles?dateWeek=2025-10-13&rankRange=0-5000,2026-03-22T00:42:36Z
atp,2025-10-13,S0R2,Benito Sanchez Martinez,Benito Sanchez Martinez,1083,11,https://www.atptour.com/en/rankings/singles?dateWeek=2025-10-13&rankRange=0-5000,2026-03-22T00:42:36Z
atp,2025-10-13,CN88,Tiago Cacao,Tiago Cacao,1084,11,https://www.atptour.com/en/rankings/singles?dateWeek=2025-10-13&rankRange=0-5000,2026-03-22T00:42:36Z
atp,2025-10-13,P0CD,Daniel Paty,Daniel Paty,1087,11,https://www.atptour.com/en/rankings/singles?dateWeek=2025-10-13&rankRange=0-5000,2026-03-22T00:42:36Z
atp,2025-10-13,H0C9,Arklon Huertas Del Pino Cordova,Arklon Huertas Del Pino Cordova,1088,11,https://www.atptour.com/en/rankings/singles?dateWeek=2025-10-13&rankRange=0-5000,2026-03-22T00:42:36Z
atp,2025-10-13,F09J,Karl Friberg,Karl Friberg,1089,11,https://www.atptour.com/en/rankings/singles?dateWeek=2025-10-13&rankRange=0-5000,2026-03-22T00:42:36Z
atp,2025-10-13,W741,Aoran Wang,Aoran Wang,1092,11,https://www.atptour.com/en/rankings/singles?dateWeek=2025-10-13&rankRange=0-5000,2026-03-22T00:42:36Z
atp,2025-10-13,L0IP,Jack Loutit,Jack Loutit,1093,11,https://www.atptour.com/en/rankings/singles?dateWeek=2025-10-13&rankRange=0-5000,2026-03-22T00:42:36Z
atp,2025-10-13,D0LK,Pieter De Lange,Pieter De Lange,1094,11,https://www.atptour.com/en/rankings/singles?dateWeek=2025-10-13&rankRange=0-5000,2026-03-22T00:42:36Z
atp,2025-10-13,SY71,Digvijaypratap Singh,Digvijaypratap Singh,1095,11,https://www.atptour.com/en/rankings/singles?dateWeek=2025-10-13&rankRange=0-5000,2026-03-22T00:42:36Z
atp,2025-10-13,SY74,Manish Sureshkumar,Manish Sureshkumar,1096,11,https://www.atptour.com/en/rankings/singles?dateWeek=2025-10-13&rankRange=0-5000,2026-03-22T00:42:36Z
atp,2025-10-13,D0FN,Chen Dong,Chen Dong,1097,11,https://www.atptour.com/en/rankings/singles?dateWeek=2025-10-13&rankRange=0-5000,2026-03-22T00:42:36Z
atp,2025-10-13,J0DK,Phillip Jordan,Phillip Jordan,1098,11,https://www.atptour.com/en/rankings/singles?dateWeek=2025-10-13&rankRange=0-5000,2026-03-22T00:42:36Z
atp,2025-10-13,B0JF,Alan Bojarski,Alan Bojarski,1099,11,https://www.atptour.com/en/rankings/singles?dateWeek=2025-10-13&rankRange=0-5000,2026-03-22T00:42:36Z
atp,2025-10-13,C0B9,Kuzey Cekirge,Kuzey Cekirge,1100,11,https://www.atptour.com/en/rankings/singles?dateWeek=2025-10-13&rankRange=0-5000,2026-03-22T00:42:36Z
atp,2025-10-13,M0QQ,Tomas Martinez,Tomas Martinez,1103,11,https://www.atptour.com/en/rankings/singles?dateWeek=2025-10-13&rankRange=0-5000,2026-03-22T00:42:36Z
atp,2025-10-13,GJ90,Joao Vitor Goncalves Ceolin,Joao Vitor Goncalves Ceolin,1104,11,https://www.atptour.com/en/rankings/singles?dateWeek=2025-10-13&rankRange=0-5000,2026-03-22T00:42:36Z
atp,2025-10-13,F0HU,Aaron Funk,Aaron Funk,1105,11,https://www.atptour.com/en/rankings/singles?dateWeek=2025-10-13&rankRange=0-5000,2026-03-22T00:42:36Z
atp,2025-10-13,B0H9,Antoine Berger,Antoine Berger,1106,11,https://www.atptour.com/en/rankings/singles?dateWeek=2025-10-13&rankRange=0-5000,2026-03-22T00:42:36Z
atp,2025-10-13,A0E6,Bekkhan Atlangeriev,Bekkhan Atlangeriev,1107,11,https://www.atptour.com/en/rankings/singles?dateWeek=2025-10-13&rankRange=0-5000,2026-03-22T00:42:36Z
atp,2025-10-13,P0M4,Denis Petak,Denis Petak,1108,11,https://www.atptour.com/en/rankings/singles?dateWeek=2025-10-13&rankRange=0-5000,2026-03-22T00:42:36Z
atp,2025-10-13,C0PK,Xing Dao Chen,Xing Dao Chen,1109,11,https://www.atptour.com/en/rankings/singles?dateWeek=2025-10-13&rankRange=0-5000,2026-03-22T00:42:36Z
atp,2025-10-13,SY50,Nitin Kumar Sinha,Nitin Kumar Sinha,1110,11,https://www.atptour.com/en/rankings/singles?dateWeek=2025-10-13&rankRange=0-5000,2026-03-22T00:42:36Z
atp,2025-10-13,B0NF,Valentin Basel,Valentin Basel,1111,11,https://www.atptour.com/en/rankings/singles?dateWeek=2025-10-13&rankRange=0-5000,2026-03-22T00:42:36Z
atp,2025-10-13,R0BF,Franco Ribero,Franco Ribero,1112,11,https://www.atptour.com/en/rankings/singles?dateWeek=2025-10-13&rankRange=0-5000,2026-03-22T00:42:36Z
atp,2025-10-13,ML51,Toby Martin,Toby Martin,1113,11,https://www.atptour.com/en/rankings/singles?dateWeek=2025-10-13&rankRange=0-5000,2026-03-22T00:42:36Z
atp,2025-10-13,P0D4,Brandon Perez,Brandon Perez,1114,11,https://www.atptour.com/en/rankings/singles?dateWeek=2025-10-13&rankRange=0-5000,2026-03-22T00:42:36Z
atp,2025-10-13,MN49,Mohamed Nazim Makhlouf,Mohamed Nazim Makhlouf,1115,11,https://www.atptour.com/en/rankings/singles?dateWeek=2025-10-13&rankRange=0-5000,2026-03-22T00:42:36Z
atp,2025-10-13,P0JK,Noah Perfetti,Noah Perfetti,1116,11,https://www.atptour.com/en/rankings/singles?dateWeek=2025-10-13&rankRange=0-5000,2026-03-22T00:42:36Z
atp,2025-10-13,K0EE,Omni Kumar,Omni Kumar,1117,10,https://www.atptour.com/en/rankings/singles?dateWeek=2025-10-13&rankRange=0-5000,2026-03-22T00:42:36Z
atp,2025-10-13,K0LP,Stian Klaassen,Stian Klaassen,1118,10,https://www.atptour.com/en/rankings/singles?dateWeek=2025-10-13&rankRange=0-5000,2026-03-22T00:42:36Z
atp,2025-10-13,M0OR,Rohan Murali,Rohan Murali,1119,10,https://www.atptour.com/en/rankings/singles?dateWeek=2025-10-13&rankRange=0-5000,2026-03-22T00:42:36Z
atp,2025-10-13,P0OX,Leonardo Primucci,Leonardo Primucci,1120,10,https://www.atptour.com/en/rankings/singles?dateWeek=2025-10-13&rankRange=0-5000,2026-03-22T00:42:36Z
atp,2025-10-13,R0KK,Alexander Rozin,Alexander Rozin,1121,10,https://www.atptour.com/en/rankings/singles?dateWeek=2025-10-13&rankRange=0-5000,2026-03-22T00:42:36Z
atp,2025-10-13,B0QQ,Karim Bennani,Karim Bennani,1122,10,https://www.atptour.com/en/rankings/singles?dateWeek=2025-10-13&rankRange=0-5000,2026-03-22T00:42:36Z
atp,2025-10-13,W09T,Luca Wiedenmann,Luca Wiedenmann,1123,10,https://www.atptour.com/en/rankings/singles?dateWeek=2025-10-13&rankRange=0-5000,2026-03-22T00:42:36Z
atp,2025-10-13,R0JI,Keegan Rice,Keegan Rice,1124,10,https://www.atptour.com/en/rankings/singles?dateWeek=2025-10-13&rankRange=0-5000,2026-03-22T00:42:36Z
atp,2025-10-13,SP80,Nino Serdarusic,Nino Serdarusic,1125,10,https://www.atptour.com/en/rankings/singles?dateWeek=2025-10-13&rankRange=0-5000,2026-03-22T00:42:36Z
atp,2025-10-13,M0NX,Andrea Meduri,Andrea Meduri,1126,10,https://www.atptour.com/en/rankings/singles?dateWeek=2025-10-13&rankRange=0-5000,2026-03-22T00:42:36Z
atp,2025-10-13,A0I9,Edison Ambarzumjan,Edison Ambarzumjan,1127,10,https://www.atptour.com/en/rankings/singles?dateWeek=2025-10-13&rankRange=0-5000,2026-03-22T00:42:36Z
atp,2025-10-13,D985,Joao Domingues,Joao Domingues,1128,10,https://www.atptour.com/en/rankings/singles?dateWeek=2025-10-13&rankRange=0-5000,2026-03-22T00:42:36Z
atp,2025-10-13,W716,Mark Whitehouse,Mark Whitehouse,1129,10,https://www.atptour.com/en/rankings/singles?dateWeek=2025-10-13&rankRange=0-5000,2026-03-22T00:42:36Z
atp,2025-10-13,L0IO,Louis Larue,Louis Larue,1130,10,https://www.atptour.com/en/rankings/singles?dateWeek=2025-10-13&rankRange=0-5000,2026-03-22T00:42:36Z
atp,2025-10-13,PL80,Bogdan Pavel,Bogdan Pavel,1131,10,https://www.atptour.com/en/rankings/singles?dateWeek=2025-10-13&rankRange=0-5000,2026-03-22T00:42:36Z
atp,2025-10-13,I09U,Rafael Izquierdo Luque,Rafael Izquierdo Luque,1132,10,https://www.atptour.com/en/rankings/singles?dateWeek=2025-10-13&rankRange=0-5000,2026-03-22T00:42:36Z
atp,2025-10-13,C0LM,Charlie Camus,Charlie Camus,1133,10,https://www.atptour.com/en/rankings/singles?dateWeek=2025-10-13&rankRange=0-5000,2026-03-22T00:42:36Z
atp,2025-10-13,V505,Vishnu Vardhan,Vishnu Vardhan,1134,10,https://www.atptour.com/en/rankings/singles?dateWeek=2025-10-13&rankRange=0-5000,2026-03-22T00:42:36Z
atp,2025-10-13,D0JM,Rafael De Alba,Rafael De Alba,1135,10,https://www.atptour.com/en/rankings/singles?dateWeek=2025-10-13&rankRange=0-5000,2026-03-22T00:42:36Z
atp,2025-10-13,P0NT,Piet Luis Pinter,Piet Luis Pinter,1136,10,https://www.atptour.com/en/rankings/singles?dateWeek=2025-10-13&rankRange=0-5000,2026-03-22T00:42:36Z
atp,2025-10-13,O0E7,Amir Omarkhanov,Amir Omarkhanov,1137,10,https://www.atptour.com/en/rankings/singles?dateWeek=2025-10-13&rankRange=0-5000,2026-03-22T00:42:36Z
atp,2025-10-13,D09V,Ivan Denisov,Ivan Denisov,1138,10,https://www.atptour.com/en/rankings/singles?dateWeek=2025-10-13&rankRange=0-5000,2026-03-22T00:42:36Z
atp,2025-10-13,S0GM,Daniel Salazar,Daniel Salazar,1139,10,https://www.atptour.com/en/rankings/singles?dateWeek=2025-10-13&rankRange=0-5000,2026-03-22T00:42:36Z
atp,2025-10-13,L0BU,Hanyi Liu,Hanyi Liu,1140,10,https://www.atptour.com/en/rankings/singles?dateWeek=2025-10-13&rankRange=0-5000,2026-03-22T00:42:36Z
atp,2025-10-13,F0FL,Bruno Fernandez,Bruno Fernandez,1141,10,https://www.atptour.com/en/rankings/singles?dateWeek=2025-10-13&rankRange=0-5000,2026-03-22T00:42:36Z
atp,2025-10-13,U0A3,Matthias Ujvary,Matthias Ujvary,1142,10,https://www.atptour.com/en/rankings/singles?dateWeek=2025-10-13&rankRange=0-5000,2026-03-22T00:42:36Z
atp,2025-10-13,K0FW,Jan Kupcic,Jan Kupcic,1143,10,https://www.atptour.com/en/rankings/singles?dateWeek=2025-10-13&rankRange=0-5000,2026-03-22T00:42:36Z
atp,2025-10-13,J0AK,Yuquan Jin,Yuquan Jin,1144,10,https://www.atptour.com/en/rankings/singles?dateWeek=2025-10-13&rankRange=0-5000,2026-03-22T00:42:36Z
atp,2025-10-13,S0VZ,Samuele Seghetti,Samuele Seghetti,1145,10,https://www.atptour.com/en/rankings/singles?dateWeek=2025-10-13&rankRange=0-5000,2026-03-22T00:42:36Z
atp,2025-10-13,T0DN,Noah Thurner,Noah Thurner,1146,10,https://www.atptour.com/en/rankings/singles?dateWeek=2025-10-13&rankRange=0-5000,2026-03-22T00:42:36Z
atp,2025-10-13,I0BE,Saveliy Ivanov,Saveliy Ivanov,1147,10,https://www.atptour.com/en/rankings/singles?dateWeek=2025-10-13&rankRange=0-5000,2026-03-22T00:42:36Z
atp,2025-10-13,S1D0,Mustafa Ege Sik,Mustafa Ege Sik,1148,9,https://www.atptour.com/en/rankings/singles?dateWeek=2025-10-13&rankRange=0-5000,2026-03-22T00:42:36Z
atp,2025-10-13,MM24,Bastian Malla,Bastian Malla,1151,9,https://www.atptour.com/en/rankings/singles?dateWeek=2025-10-13&rankRange=0-5000,2026-03-22T00:42:36Z
atp,2025-10-13,M0XA,Mario Martinez Serrano,Mario Martinez Serrano,1154,9,https://www.atptour.com/en/rankings/singles?dateWeek=2025-10-13&rankRange=0-5000,2026-03-22T00:42:36Z
atp,2025-10-13,K0NP,Jack Kennedy,Jack Kennedy,1157,9,https://www.atptour.com/en/rankings/singles?dateWeek=2025-10-13&rankRange=0-5000,2026-03-22T00:42:36Z
atp,2025-10-13,M0RC,Shu Matsuoka,Shu Matsuoka,1158,9,https://www.atptour.com/en/rankings/singles?dateWeek=2025-10-13&rankRange=0-5000,2026-03-22T00:42:36Z
atp,2025-10-13,R0EK,Natan Rodrigues,Natan Rodrigues,1159,9,https://www.atptour.com/en/rankings/singles?dateWeek=2025-10-13&rankRange=0-5000,2026-03-22T00:42:36Z
atp,2025-10-13,R0K9,Charlie Robertson,Charlie Robertson,1160,9,https://www.atptour.com/en/rankings/singles?dateWeek=2025-10-13&rankRange=0-5000,2026-03-22T00:42:36Z
atp,2025-10-13,A0C5,Dimitris Azoidis,Dimitris Azoidis,1161,9,https://www.atptour.com/en/rankings/singles?dateWeek=2025-10-13&rankRange=0-5000,2026-03-22T00:42:36Z
atp,2025-10-13,L0EV,Valentin Lapalu,Valentin Lapalu,1162,9,https://www.atptour.com/en/rankings/singles?dateWeek=2025-10-13&rankRange=0-5000,2026-03-22T00:42:36Z
atp,2025-10-13,P0IG,Martyn Pawelski,Martyn Pawelski,1163,9,https://www.atptour.com/en/rankings/singles?dateWeek=2025-10-13&rankRange=0-5000,2026-03-22T00:42:36Z
atp,2025-10-13,HH01,Benjamin Hannestad,Benjamin Hannestad,1166,9,https://www.atptour.com/en/rankings/singles?dateWeek=2025-10-13&rankRange=0-5000,2026-03-22T00:42:36Z
atp,2025-10-13,B0LS,Arthur Bonnaud,Arthur Bonnaud,1167,9,https://www.atptour.com/en/rankings/singles?dateWeek=2025-10-13&rankRange=0-5000,2026-03-22T00:42:36Z
atp,2025-10-13,B0C4,Charles Bertimon,Charles Bertimon,1168,9,https://www.atptour.com/en/rankings/singles?dateWeek=2025-10-13&rankRange=0-5000,2026-03-22T00:42:36Z
atp,2025-10-13,T0G2,Mariano Tammaro,Mariano Tammaro,1169,9,https://www.atptour.com/en/rankings/singles?dateWeek=2025-10-13&rankRange=0-5000,2026-03-22T00:42:36Z
atp,2025-10-13,H0GC,Ali Habib,Ali Habib,1170,9,https://www.atptour.com/en/rankings/singles?dateWeek=2025-10-13&rankRange=0-5000,2026-03-22T00:42:36Z
atp,2025-10-13,S1BV,Billy Suarez,Billy Suarez,1171,9,https://www.atptour.com/en/rankings/singles?dateWeek=2025-10-13&rankRange=0-5000,2026-03-22T00:42:36Z
atp,2025-10-13,I416,Yuichiro Inui,Yuichiro Inui,1172,9,https://www.atptour.com/en/rankings/singles?dateWeek=2025-10-13&rankRange=0-5000,2026-03-22T00:42:36Z
atp,2025-10-13,F0FB,Maximilian Figl,Maximilian Figl,1173,9,https://www.atptour.com/en/rankings/singles?dateWeek=2025-10-13&rankRange=0-5000,2026-03-22T00:42:36Z
atp,2025-10-13,G0Q1,Vignesh Gogineni,Vignesh Gogineni,1174,8,https://www.atptour.com/en/rankings/singles?dateWeek=2025-10-13&rankRange=0-5000,2026-03-22T00:42:36Z
atp,2025-10-13,B0T6,Thijs Boogaard,Thijs Boogaard,1177,8,https://www.atptour.com/en/rankings/singles?dateWeek=2025-10-13&rankRange=0-5000,2026-03-22T00:42:36Z
atp,2025-10-13,D0HX,Dylan Dietrich,Dylan Dietrich,1178,8,https://www.atptour.com/en/rankings/singles?dateWeek=2025-10-13&rankRange=0-5000,2026-03-22T00:42:36Z
atp,2025-10-13,A0AN,Cengiz Aksu,Cengiz Aksu,1181,8,https://www.atptour.com/en/rankings/singles?dateWeek=2025-10-13&rankRange=0-5000,2026-03-22T00:42:36Z
atp,2025-10-13,CL82,Daniel Cukierman,Daniel Cukierman,1182,8,https://www.atptour.com/en/rankings/singles?dateWeek=2025-10-13&rankRange=0-5000,2026-03-22T00:42:36Z
atp,2025-10-13,KH41,Patrick Kaukovalta,Patrick Kaukovalta,1183,8,https://www.atptour.com/en/rankings/singles?dateWeek=2025-10-13&rankRange=0-5000,2026-03-22T00:42:36Z
atp,2025-10-13,S0Z6,Alexander Stater,Alexander Stater,1184,8,https://www.atptour.com/en/rankings/singles?dateWeek=2025-10-13&rankRange=0-5000,2026-03-22T00:42:36Z
atp,2025-10-13,T0HM,Vito Tonejc,Vito Tonejc,1185,8,https://www.atptour.com/en/rankings/singles?dateWeek=2025-10-13&rankRange=0-5000,2026-03-22T00:42:36Z
atp,2025-10-13,W0FH,Benjamin Willwerth,Benjamin Willwerth,1188,8,https://www.atptour.com/en/rankings/singles?dateWeek=2025-10-13&rankRange=0-5000,2026-03-22T00:42:36Z
atp,2025-10-13,KC86,Darian King,Darian King,1189,8,https://www.atptour.com/en/rankings/singles?dateWeek=2025-10-13&rankRange=0-5000,2026-03-22T00:42:36Z
atp,2025-10-13,B0C3,Simon Beaupain,Simon Beaupain,1190,8,https://www.atptour.com/en/rankings/singles?dateWeek=2025-10-13&rankRange=0-5000,2026-03-22T00:42:36Z
atp,2025-10-13,S0TO,Tiago Silva,Tiago Silva,1191,8,https://www.atptour.com/en/rankings/singles?dateWeek=2025-10-13&rankRange=0-5000,2026-03-22T00:42:36Z
atp,2025-10-13,C0NX,Seongwoo Cho,Seongwoo Cho,1192,8,https://www.atptour.com/en/rankings/singles?dateWeek=2025-10-13&rankRange=0-5000,2026-03-22T00:42:36Z
atp,2025-10-13,MK26,Jules Marie,Jules Marie,1193,8,https://www.atptour.com/en/rankings/singles?dateWeek=2025-10-13&rankRange=0-5000,2026-03-22T00:42:36Z
atp,2025-10-13,P0B6,Savva Polukhin,Savva Polukhin,1194,8,https://www.atptour.com/en/rankings/singles?dateWeek=2025-10-13&rankRange=0-5000,2026-03-22T00:42:36Z
atp,2025-10-13,H0D1,Adam Heinonen,Adam Heinonen,1195,8,https://www.atptour.com/en/rankings/singles?dateWeek=2025-10-13&rankRange=0-5000,2026-03-22T00:42:36Z
atp,2025-10-13,K0JS,Pranav Kumar,Pranav Kumar,1196,8,https://www.atptour.com/en/rankings/singles?dateWeek=2025-10-13&rankRange=0-5000,2026-03-22T00:42:36Z
atp,2025-10-13,G0KQ,Robert Guna,Robert Guna,1203,8,https://www.atptour.com/en/rankings/singles?dateWeek=2025-10-13&rankRange=0-5000,2026-03-22T00:42:36Z
atp,2025-10-13,AG30,Ammar Alhogbani,Ammar Alhogbani,1206,8,https://www.atptour.com/en/rankings/singles?dateWeek=2025-10-13&rankRange=0-5000,2026-03-22T00:42:36Z
atp,2025-10-13,SF41,Aldin Setkic,Aldin Setkic,1207,8,https://www.atptour.com/en/rankings/singles?dateWeek=2025-10-13&rankRange=0-5000,2026-03-22T00:42:36Z
atp,2025-10-13,B0W9,Nikolai Barsukov,Nikolai Barsukov,1210,8,https://www.atptour.com/en/rankings/singles?dateWeek=2025-10-13&rankRange=0-5000,2026-03-22T00:42:36Z
atp,2025-10-13,B0G4,Gabriele Bosio,Gabriele Bosio,1211,8,https://www.atptour.com/en/rankings/singles?dateWeek=2025-10-13&rankRange=0-5000,2026-03-22T00:42:36Z
atp,2025-10-13,S1AP,Tristan Stringer,Tristan Stringer,1212,8,https://www.atptour.com/en/rankings/singles?dateWeek=2025-10-13&rankRange=0-5000,2026-03-22T00:42:36Z
atp,2025-10-13,C0NI,Aleksander Chayka,Aleksander Chayka,1213,8,https://www.atptour.com/en/rankings/singles?dateWeek=2025-10-13&rankRange=0-5000,2026-03-22T00:42:36Z
atp,2025-10-13,F0GO,Sergi Fita Juan,Sergi Fita Juan,1214,8,https://www.atptour.com/en/rankings/singles?dateWeek=2025-10-13&rankRange=0-5000,2026-03-22T00:42:36Z
atp,2025-10-13,H0CE,Philip Hjorth,Philip Hjorth,1215,8,https://www.atptour.com/en/rankings/singles?dateWeek=2025-10-13&rankRange=0-5000,2026-03-22T00:42:36Z
atp,2025-10-13,T0J8,Yuta Tomida,Yuta Tomida,1216,8,https://www.atptour.com/en/rankings/singles?dateWeek=2025-10-13&rankRange=0-5000,2026-03-22T00:42:36Z
atp,2025-10-13,R0KE,Cosme Rolland De Ravel,Cosme Rolland De Ravel,1217,7,https://www.atptour.com/en/rankings/singles?dateWeek=2025-10-13&rankRange=0-5000,2026-03-22T00:42:36Z
atp,2025-10-13,M19T,Jamie Mackenzie,Jamie Mackenzie,1218,7,https://www.atptour.com/en/rankings/singles?dateWeek=2025-10-13&rankRange=0-5000,2026-03-22T00:42:36Z
atp,2025-10-13,I327,Guy Orly Iradukunda,Guy Orly Iradukunda,1219,7,https://www.atptour.com/en/rankings/singles?dateWeek=2025-10-13&rankRange=0-5000,2026-03-22T00:42:36Z
atp,2025-10-13,R0LR,Niels Ratiu,Niels Ratiu,1220,7,https://www.atptour.com/en/rankings/singles?dateWeek=2025-10-13&rankRange=0-5000,2026-03-22T00:42:36Z
atp,2025-10-13,C0Q6,Alex Chang,Alex Chang,1221,7,https://www.atptour.com/en/rankings/singles?dateWeek=2025-10-13&rankRange=0-5000,2026-03-22T00:42:36Z
atp,2025-10-13,Z0CE,Noah Zamora,Noah Zamora,1222,7,https://www.atptour.com/en/rankings/singles?dateWeek=2025-10-13&rankRange=0-5000,2026-03-22T00:42:36Z
atp,2025-10-13,B0M0,Liam Branger,Liam Branger,1223,7,https://www.atptour.com/en/rankings/singles?dateWeek=2025-10-13&rankRange=0-5000,2026-03-22T00:42:36Z
atp,2025-10-13,H0D8,Tom Hands,Tom Hands,1224,7,https://www.atptour.com/en/rankings/singles?dateWeek=2025-10-13&rankRange=0-5000,2026-03-22T00:42:36Z
atp,2025-10-13,G0GF,Romain Gales,Romain Gales,1225,7,https://www.atptour.com/en/rankings/singles?dateWeek=2025-10-13&rankRange=0-5000,2026-03-22T00:42:36Z
atp,2025-10-13,N0DY,Fnu Nidunjianzan,Fnu Nidunjianzan,1226,7,https://www.atptour.com/en/rankings/singles?dateWeek=2025-10-13&rankRange=0-5000,2026-03-22T00:42:36Z
atp,2025-10-13,F0HB,Rodrigo Fernandes,Rodrigo Fernandes,1227,7,https://www.atptour.com/en/rankings/singles?dateWeek=2025-10-13&rankRange=0-5000,2026-03-22T00:42:36Z
atp,2025-10-13,G0JC,Nicholas Godsick,Nicholas Godsick,1228,7,https://www.atptour.com/en/rankings/singles?dateWeek=2025-10-13&rankRange=0-5000,2026-03-22T00:42:36Z
atp,2025-10-13,K0DV,Geun Jun Kim,Geun Jun Kim,1229,7,https://www.atptour.com/en/rankings/singles?dateWeek=2025-10-13&rankRange=0-5000,2026-03-22T00:42:36Z
atp,2025-10-13,J0CT,William Jansen,William Jansen,1230,7,https://www.atptour.com/en/rankings/singles?dateWeek=2025-10-13&rankRange=0-5000,2026-03-22T00:42:36Z
atp,2025-10-13,B0HA,Daniel Bagnolini,Daniel Bagnolini,1234,7,https://www.atptour.com/en/rankings/singles?dateWeek=2025-10-13&rankRange=0-5000,2026-03-22T00:42:36Z
atp,2025-10-13,CF60,Pawel Juszczak,Pawel Juszczak,1235,7,https://www.atptour.com/en/rankings/singles?dateWeek=2025-10-13&rankRange=0-5000,2026-03-22T00:42:36Z
atp,2025-10-13,BP44,Gage Brymer,Gage Brymer,1236,7,https://www.atptour.com/en/rankings/singles?dateWeek=2025-10-13&rankRange=0-5000,2026-03-22T00:42:36Z
atp,2025-10-13,K0IR,Liam Krall,Liam Krall,1237,7,https://www.atptour.com/en/rankings/singles?dateWeek=2025-10-13&rankRange=0-5000,2026-03-22T00:42:36Z
atp,2025-10-13,A0LW,Filippo Alberti,Filippo Alberti,1238,7,https://www.atptour.com/en/rankings/singles?dateWeek=2025-10-13&rankRange=0-5000,2026-03-22T00:42:36Z
atp,2025-10-13,H0I8,Gabor Hornung,Gabor Hornung,1239,7,https://www.atptour.com/en/rankings/singles?dateWeek=2025-10-13&rankRange=0-5000,2026-03-22T00:42:36Z
atp,2025-10-13,C0JU,Enzo Camargo Lima,Enzo Camargo Lima,1244,7,https://www.atptour.com/en/rankings/singles?dateWeek=2025-10-13&rankRange=0-5000,2026-03-22T00:42:36Z
atp,2025-10-13,T0HS,Pablo Trochu,Pablo Trochu,1247,7,https://www.atptour.com/en/rankings/singles?dateWeek=2025-10-13&rankRange=0-5000,2026-03-22T00:42:36Z
atp,2025-10-13,B0U0,Fadi Bidan,Fadi Bidan,1248,7,https://www.atptour.com/en/rankings/singles?dateWeek=2025-10-13&rankRange=0-5000,2026-03-22T00:42:36Z
atp,2025-10-13,M0V5,Marc Majdandzic,Marc Majdandzic,1249,7,https://www.atptour.com/en/rankings/singles?dateWeek=2025-10-13&rankRange=0-5000,2026-03-22T00:42:36Z
atp,2025-10-13,V0ET,Matas Vasiliauskas,Matas Vasiliauskas,1250,7,https://www.atptour.com/en/rankings/singles?dateWeek=2025-10-13&rankRange=0-5000,2026-03-22T00:42:36Z
atp,2025-10-13,HB18,Alp Horoz,Alp Horoz,1253,7,https://www.atptour.com/en/rankings/singles?dateWeek=2025-10-13&rankRange=0-5000,2026-03-22T00:42:36Z
atp,2025-10-13,C0R1,Leonardo Cattaneo,Leonardo Cattaneo,1254,7,https://www.atptour.com/en/rankings/singles?dateWeek=2025-10-13&rankRange=0-5000,2026-03-22T00:42:36Z
atp,2025-10-13,W0BR,Niklas Waldner,Niklas Waldner,1255,7,https://www.atptour.com/en/rankings/singles?dateWeek=2025-10-13&rankRange=0-5000,2026-03-22T00:42:36Z
atp,2025-10-13,C0Q4,Charles Chen,Charles Chen,1256,7,https://www.atptour.com/en/rankings/singles?dateWeek=2025-10-13&rankRange=0-5000,2026-03-22T00:42:36Z
atp,2025-10-13,H0I7,Nico Hipfl,Nico Hipfl,1257,7,https://www.atptour.com/en/rankings/singles?dateWeek=2025-10-13&rankRange=0-5000,2026-03-22T00:42:36Z
atp,2025-10-13,B0VT,Juan Jose Bianchi,Juan Jose Bianchi,1258,7,https://www.atptour.com/en/rankings/singles?dateWeek=2025-10-13&rankRange=0-5000,2026-03-22T00:42:36Z
atp,2025-10-13,O498,Issei Okamura,Issei Okamura,1259,7,https://www.atptour.com/en/rankings/singles?dateWeek=2025-10-13&rankRange=0-5000,2026-03-22T00:42:36Z
atp,2025-10-13,BM09,Lawrence Bataljin,Lawrence Bataljin,1260,7,https://www.atptour.com/en/rankings/singles?dateWeek=2025-10-13&rankRange=0-5000,2026-03-22T00:42:36Z
atp,2025-10-13,J0ED,Nikola Jovic,Nikola Jovic,1261,7,https://www.atptour.com/en/rankings/singles?dateWeek=2025-10-13&rankRange=0-5000,2026-03-22T00:42:36Z
atp,2025-10-13,L0KR,Manel Lazaro Juncadella,Manel Lazaro Juncadella,1262,7,https://www.atptour.com/en/rankings/singles?dateWeek=2025-10-13&rankRange=0-5000,2026-03-22T00:42:36Z
atp,2025-10-13,GK07,Joao Graca,Joao Graca,1263,7,https://www.atptour.com/en/rankings/singles?dateWeek=2025-10-13&rankRange=0-5000,2026-03-22T00:42:36Z
atp,2025-10-13,SY72,Reese Stalder,Reese Stalder,1264,6,https://www.atptour.com/en/rankings/singles?dateWeek=2025-10-13&rankRange=0-5000,2026-03-22T00:42:36Z
atp,2025-10-13,N0DR,Bryce Nakashima,Bryce Nakashima,1269,6,https://www.atptour.com/en/rankings/singles?dateWeek=2025-10-13&rankRange=0-5000,2026-03-22T00:42:36Z
atp,2025-10-13,J0EI,Adam Jilly,Adam Jilly,1279,6,https://www.atptour.com/en/rankings/singles?dateWeek=2025-10-13&rankRange=0-5000,2026-03-22T00:42:36Z
atp,2025-10-13,S0NT,Anton Shepp,Anton Shepp,1293,6,https://www.atptour.com/en/rankings/singles?dateWeek=2025-10-13&rankRange=0-5000,2026-03-22T00:42:36Z
atp,2025-10-13,S1C1,Glib Sekachov,Glib Sekachov,1296,6,https://www.atptour.com/en/rankings/singles?dateWeek=2025-10-13&rankRange=0-5000,2026-03-22T00:42:36Z
atp,2025-10-13,F0E0,Reece Falck,Reece Falck,1308,6,https://www.atptour.com/en/rankings/singles?dateWeek=2025-10-13&rankRange=0-5000,2026-03-22T00:42:36Z
atp,2025-10-13,B0W4,Manvydas Balciunas,Manvydas Balciunas,1309,6,https://www.atptour.com/en/rankings/singles?dateWeek=2025-10-13&rankRange=0-5000,2026-03-22T00:42:36Z
atp,2025-10-13,Z0BY,Nicolas Zanellato,Nicolas Zanellato,1310,6,https://www.atptour.com/en/rankings/singles?dateWeek=2025-10-13&rankRange=0-5000,2026-03-22T00:42:36Z
atp,2025-10-13,C0LG,Mateo Castañeda,Mateo Castañeda,1311,6,https://www.atptour.com/en/rankings/singles?dateWeek=2025-10-13&rankRange=0-5000,2026-03-22T00:42:36Z
atp,2025-10-13,N0F3,Loic Namigandet Tenguere,Loic Namigandet Tenguere,1314,6,https://www.atptour.com/en/rankings/singles?dateWeek=2025-10-13&rankRange=0-5000,2026-03-22T00:42:36Z
atp,2025-10-13,M0N2,Radovan Michalik,Radovan Michalik,1315,6,https://www.atptour.com/en/rankings/singles?dateWeek=2025-10-13&rankRange=0-5000,2026-03-22T00:42:36Z
atp,2025-10-13,V948,Drew Van Orderlain,Drew Van Orderlain,1316,6,https://www.atptour.com/en/rankings/singles?dateWeek=2025-10-13&rankRange=0-5000,2026-03-22T00:42:36Z
atp,2025-10-13,T0A0,Sheng Tang,Sheng Tang,1320,6,https://www.atptour.com/en/rankings/singles?dateWeek=2025-10-13&rankRange=0-5000,2026-03-22T00:42:36Z
atp,2025-10-13,S0NY,Gokberk Saritas,Gokberk Saritas,1321,6,https://www.atptour.com/en/rankings/singles?dateWeek=2025-10-13&rankRange=0-5000,2026-03-22T00:42:36Z
atp,2025-10-13,B0M7,Mathis Bondaz,Mathis Bondaz,1330,5,https://www.atptour.com/en/rankings/singles?dateWeek=2025-10-13&rankRange=0-5000,2026-03-22T00:42:36Z
atp,2025-10-13,G0CI,Niklas Guttau,Niklas Guttau,1335,5,https://www.atptour.com/en/rankings/singles?dateWeek=2025-10-13&rankRange=0-5000,2026-03-22T00:42:36Z
atp,2025-10-13,S0RD,Adit Sinha,Adit Sinha,1336,5,https://www.atptour.com/en/rankings/singles?dateWeek=2025-10-13&rankRange=0-5000,2026-03-22T00:42:36Z
atp,2025-10-13,G0C4,Alexis Gurmendi,Alexis Gurmendi,1339,5,https://www.atptour.com/en/rankings/singles?dateWeek=2025-10-13&rankRange=0-5000,2026-03-22T00:42:36Z
atp,2025-10-13,G0OS,Joaquin Guilleme,Joaquin Guilleme,1342,5,https://www.atptour.com/en/rankings/singles?dateWeek=2025-10-13&rankRange=0-5000,2026-03-22T00:42:36Z
atp,2025-10-13,A0IP,Toprak Avcibasi,Toprak Avcibasi,1354,5,https://www.atptour.com/en/rankings/singles?dateWeek=2025-10-13&rankRange=0-5000,2026-03-22T00:42:36Z
atp,2025-10-13,B0DJ,Illya Beloborodko,Illya Beloborodko,1355,5,https://www.atptour.com/en/rankings/singles?dateWeek=2025-10-13&rankRange=0-5000,2026-03-22T00:42:36Z
atp,2025-10-13,K0AB,Adil Kalyanpur,Adil Kalyanpur,1363,5,https://www.atptour.com/en/rankings/singles?dateWeek=2025-10-13&rankRange=0-5000,2026-03-22T00:42:36Z
atp,2025-10-13,B0QB,Alessio Basile,Alessio Basile,1369,5,https://www.atptour.com/en/rankings/singles?dateWeek=2025-10-13&rankRange=0-5000,2026-03-22T00:42:36Z
atp,2025-10-13,G0M3,Aaron Gil Garcia,Aaron Gil Garcia,1370,5,https://www.atptour.com/en/rankings/singles?dateWeek=2025-10-13&rankRange=0-5000,2026-03-22T00:42:36Z
atp,2025-10-13,P0HL,Pietro Pampanin,Pietro Pampanin,1374,5,https://www.atptour.com/en/rankings/singles?dateWeek=2025-10-13&rankRange=0-5000,2026-03-22T00:42:36Z
atp,2025-10-13,P0L6,Andrea Paolini,Andrea Paolini,1382,5,https://www.atptour.com/en/rankings/singles?dateWeek=2025-10-13&rankRange=0-5000,2026-03-22T00:42:36Z
atp,2025-10-13,V0GG,Oren Vasser,Oren Vasser,1383,5,https://www.atptour.com/en/rankings/singles?dateWeek=2025-10-13&rankRange=0-5000,2026-03-22T00:42:36Z
atp,2025-10-13,FB59,Francesco Ferrari,Francesco Ferrari,1384,5,https://www.atptour.com/en/rankings/singles?dateWeek=2025-10-13&rankRange=0-5000,2026-03-22T00:42:36Z
atp,2025-10-13,T0CH,Rafael Tosetto,Rafael Tosetto,1385,5,https://www.atptour.com/en/rankings/singles?dateWeek=2025-10-13&rankRange=0-5000,2026-03-22T00:42:36Z
atp,2025-10-13,C0H9,Credit Chaiyarin,Credit Chaiyarin,1386,5,https://www.atptour.com/en/rankings/singles?dateWeek=2025-10-13&rankRange=0-5000,2026-03-22T00:42:36Z
atp,2025-10-13,S0KH,Jeremy Schifris,Jeremy Schifris,1394,5,https://www.atptour.com/en/rankings/singles?dateWeek=2025-10-13&rankRange=0-5000,2026-03-22T00:42:36Z
atp,2025-10-13,RA51,Blaz Rola,Blaz Rola,1408,4,https://www.atptour.com/en/rankings/singles?dateWeek=2025-10-13&rankRange=0-5000,2026-03-22T00:42:36Z
atp,2025-10-13,K0IV,Moritz Kudernatsch,Moritz Kudernatsch,1426,4,https://www.atptour.com/en/rankings/singles?dateWeek=2025-10-13&rankRange=0-5000,2026-03-22T00:42:36Z
atp,2025-10-13,L0FZ,Vasco Leote Prata,Vasco Leote Prata,1431,4,https://www.atptour.com/en/rankings/singles?dateWeek=2025-10-13&rankRange=0-5000,2026-03-22T00:42:36Z
atp,2025-10-13,V0FD,Pijus Vaitiekunas,Pijus Vaitiekunas,1436,4,https://www.atptour.com/en/rankings/singles?dateWeek=2025-10-13&rankRange=0-5000,2026-03-22T00:42:36Z
atp,2025-10-13,Z246,Miljan Zekic,Miljan Zekic,1444,4,https://www.atptour.com/en/rankings/singles?dateWeek=2025-10-13&rankRange=0-5000,2026-03-22T00:42:36Z
atp,2025-10-13,B0VY,Arthur Bellegy,Arthur Bellegy,1456,4,https://www.atptour.com/en/rankings/singles?dateWeek=2025-10-13&rankRange=0-5000,2026-03-22T00:42:36Z
atp,2025-10-13,U09T,Iker Urribarrens Ramirez,Iker Urribarrens Ramirez,1463,4,https://www.atptour.com/en/rankings/singles?dateWeek=2025-10-13&rankRange=0-5000,2026-03-22T00:42:36Z
atp,2025-10-13,V0J6,Mac Visser,Mac Visser,1464,4,https://www.atptour.com/en/rankings/singles?dateWeek=2025-10-13&rankRange=0-5000,2026-03-22T00:42:36Z
atp,2025-10-13,V0HM,Gabriele Vulpitta,Gabriele Vulpitta,1481,4,https://www.atptour.com/en/rankings/singles?dateWeek=2025-10-13&rankRange=0-5000,2026-03-22T00:42:36Z
atp,2025-10-13,E09U,Hernando Jose Escurra Isnardi,Hernando Jose Escurra Isnardi,1482,4,https://www.atptour.com/en/rankings/singles?dateWeek=2025-10-13&rankRange=0-5000,2026-03-22T00:42:36Z
atp,2025-10-13,C0MO,Giacomo Crisostomo,Giacomo Crisostomo,1494,4,https://www.atptour.com/en/rankings/singles?dateWeek=2025-10-13&rankRange=0-5000,2026-03-22T00:42:36Z
atp,2025-10-13,D0J9,Leo Deflandre,Leo Deflandre,1497,4,https://www.atptour.com/en/rankings/singles?dateWeek=2025-10-13&rankRange=0-5000,2026-03-22T00:42:36Z
atp,2025-10-13,A714,Patricio Alvarado,Patricio Alvarado,1498,4,https://www.atptour.com/en/rankings/singles?dateWeek=2025-10-13&rankRange=0-5000,2026-03-22T00:42:36Z
atp,2025-10-13,C0KE,Mihai Alexandru Coman,Mihai Alexandru Coman,1501,4,https://www.atptour.com/en/rankings/singles?dateWeek=2025-10-13&rankRange=0-5000,2026-03-22T00:42:36Z
atp,2025-10-13,A0AV,Alexey Aleshchev,Alexey Aleshchev,1502,4,https://www.atptour.com/en/rankings/singles?dateWeek=2025-10-13&rankRange=0-5000,2026-03-22T00:42:36Z
atp,2025-10-13,T0L3,Laurence Teunissen,Laurence Teunissen,1513,3,https://www.atptour.com/en/rankings/singles?dateWeek=2025-10-13&rankRange=0-5000,2026-03-22T00:42:36Z
atp,2025-10-13,G0NU,Thomas Gerbaud,Thomas Gerbaud,1564,3,https://www.atptour.com/en/rankings/singles?dateWeek=2025-10-13&rankRange=0-5000,2026-03-22T00:42:36Z
atp,2025-10-13,P0LN,Manuel Plunger,Manuel Plunger,1587,3,https://www.atptour.com/en/rankings/singles?dateWeek=2025-10-13&rankRange=0-5000,2026-03-22T00:42:36Z
atp,2025-10-13,L0L7,Leo Lagarrigue,Leo Lagarrigue,1593,3,https://www.atptour.com/en/rankings/singles?dateWeek=2025-10-13&rankRange=0-5000,2026-03-22T00:42:36Z
atp,2025-10-13,K0H9,Rafael Kis Balazs,Rafael Kis Balazs,1594,3,https://www.atptour.com/en/rankings/singles?dateWeek=2025-10-13&rankRange=0-5000,2026-03-22T00:42:36Z
atp,2025-10-13,U0AC,Daniel Uta,Daniel Uta,1608,3,https://www.atptour.com/en/rankings/singles?dateWeek=2025-10-13&rankRange=0-5000,2026-03-22T00:42:36Z
atp,2025-10-13,G0KV,Nicolas Garcia Longo,Nicolas Garcia Longo,1614,3,https://www.atptour.com/en/rankings/singles?dateWeek=2025-10-13&rankRange=0-5000,2026-03-22T00:42:36Z
atp,2025-10-13,N0FH,Yuvan Nandal,Yuvan Nandal,1621,3,https://www.atptour.com/en/rankings/singles?dateWeek=2025-10-13&rankRange=0-5000,2026-03-22T00:42:36Z
atp,2025-10-13,AG64,Parth Aggarwal,Parth Aggarwal,1622,3,https://www.atptour.com/en/rankings/singles?dateWeek=2025-10-13&rankRange=0-5000,2026-03-22T00:42:36Z
atp,2025-10-13,C0OI,Carles Cordoba,Carles Cordoba,1625,3,https://www.atptour.com/en/rankings/singles?dateWeek=2025-10-13&rankRange=0-5000,2026-03-22T00:42:36Z
atp,2025-10-13,G0O2,Luis Garcia Paez,Luis Garcia Paez,1626,3,https://www.atptour.com/en/rankings/singles?dateWeek=2025-10-13&rankRange=0-5000,2026-03-22T00:42:36Z
atp,2025-10-13,P0ND,Egor Pleshivtsev,Egor Pleshivtsev,1786,2,https://www.atptour.com/en/rankings/singles?dateWeek=2025-10-13&rankRange=0-5000,2026-03-22T00:42:36Z
atp,2025-10-13,D0NC,Daniel Domingos,Daniel Domingos,1806,2,https://www.atptour.com/en/rankings/singles?dateWeek=2025-10-13&rankRange=0-5000,2026-03-22T00:42:36Z
atp,2025-10-13,H0GJ,Sean Hess,Sean Hess,1809,2,https://www.atptour.com/en/rankings/singles?dateWeek=2025-10-13&rankRange=0-5000,2026-03-22T00:42:36Z
atp,2025-10-13,B0M9,Alessandro Bellifemine,Alessandro Bellifemine,1810,2,https://www.atptour.com/en/rankings/singles?dateWeek=2025-10-13&rankRange=0-5000,2026-03-22T00:42:36Z
