tour,snapshot_date,player_id,display_name,full_name,rank,rank_points,source_url,fetched_at_utc
atp,2023-02-06,D643,N. Djokovic,Novak Djokovic,1,7070,https://www.atptour.com/en/rankings/singles?dateWeek=2023-02-06&rankRange=0-5000,2026-03-22T00:50:25Z
atp,2023-02-06,A0E2,C. Alcaraz,Carlos Alcaraz,2,6730,https://www.atptour.com/en/rankings/singles?dateWeek=2023-02-06&rankRange=0-5000,2026-03-22T00:50:25Z
atp,2023-02-06,TE51,S. Tsitsipas,Stefanos Tsitsipas,3,6195,https://www.atptour.com/en/rankings/singles?dateWeek=2023-02-06&rankRange=0-5000,2026-03-22T00:50:25Z
atp,2023-02-06,RH16,C. Ruud,Casper Ruud,4,5765,https://www.atptour.com/en/rankings/singles?dateWeek=2023-02-06&rankRange=0-5000,2026-03-22T00:50:25Z
atp,2023-02-06,RE44,A. Rublev,Andrey Rublev,5,4200,https://www.atptour.com/en/rankings/singles?dateWeek=2023-02-06&rankRange=0-5000,2026-03-22T00:50:25Z
atp,2023-02-06,N409,R. Nadal,Rafael Nadal,6,3815,https://www.atptour.com/en/rankings/singles?dateWeek=2023-02-06&rankRange=0-5000,2026-03-22T00:50:25Z
atp,2023-02-06,AG37,F. Auger-Aliassime,Felix Auger Aliassime,7,3715,https://www.atptour.com/en/rankings/singles?dateWeek=2023-02-06&rankRange=0-5000,2026-03-22T00:50:25Z
atp,2023-02-06,FB98,T. Fritz,Taylor Fritz,8,3410,https://www.atptour.com/en/rankings/singles?dateWeek=2023-02-06&rankRange=0-5000,2026-03-22T00:50:25Z
atp,2023-02-06,R0DG,H. Rune,Holger Rune,9,3046,https://www.atptour.com/en/rankings/singles?dateWeek=2023-02-06&rankRange=0-5000,2026-03-22T00:50:25Z
atp,2023-02-06,HB71,H. Hurkacz,Hubert Hurkacz,10,2995,https://www.atptour.com/en/rankings/singles?dateWeek=2023-02-06&rankRange=0-5000,2026-03-22T00:50:25Z
atp,2023-02-06,N771,C. Norrie,Cameron Norrie,11,2760,https://www.atptour.com/en/rankings/singles?dateWeek=2023-02-06&rankRange=0-5000,2026-03-22T00:50:25Z
atp,2023-02-06,MM58,D. Medvedev,Daniil Medvedev,12,2750,https://www.atptour.com/en/rankings/singles?dateWeek=2023-02-06&rankRange=0-5000,2026-03-22T00:50:25Z
atp,2023-02-06,KE29,K. Khachanov,Karen Khachanov,13,2515,https://www.atptour.com/en/rankings/singles?dateWeek=2023-02-06&rankRange=0-5000,2026-03-22T00:50:25Z
atp,2023-02-06,TD51,F. Tiafoe,Frances Tiafoe,14,2305,https://www.atptour.com/en/rankings/singles?dateWeek=2023-02-06&rankRange=0-5000,2026-03-22T00:50:25Z
atp,2023-02-06,CD85,P. Carreno Busta,Pablo Carreno Busta,15,2285,https://www.atptour.com/en/rankings/singles?dateWeek=2023-02-06&rankRange=0-5000,2026-03-22T00:50:25Z
atp,2023-02-06,Z355,A. Zverev,Alexander Zverev,16,2275,https://www.atptour.com/en/rankings/singles?dateWeek=2023-02-06&rankRange=0-5000,2026-03-22T00:50:25Z
atp,2023-02-06,S0AG,J. Sinner,Jannik Sinner,17,2195,https://www.atptour.com/en/rankings/singles?dateWeek=2023-02-06&rankRange=0-5000,2026-03-22T00:50:25Z
atp,2023-02-06,M0EJ,L. Musetti,Lorenzo Musetti,18,1900,https://www.atptour.com/en/rankings/singles?dateWeek=2023-02-06&rankRange=0-5000,2026-03-22T00:50:25Z
atp,2023-02-06,PL56,T. Paul,Tommy Paul,19,1835,https://www.atptour.com/en/rankings/singles?dateWeek=2023-02-06&rankRange=0-5000,2026-03-22T00:50:25Z
atp,2023-02-06,KE17,N. Kyrgios,Nick Kyrgios,20,1825,https://www.atptour.com/en/rankings/singles?dateWeek=2023-02-06&rankRange=0-5000,2026-03-22T00:50:25Z
atp,2023-02-06,C977,M. Cilic,Marin Cilic,21,1790,https://www.atptour.com/en/rankings/singles?dateWeek=2023-02-06&rankRange=0-5000,2026-03-22T00:50:25Z
atp,2023-02-06,BK40,M. Berrettini,Matteo Berrettini,22,1780,https://www.atptour.com/en/rankings/singles?dateWeek=2023-02-06&rankRange=0-5000,2026-03-22T00:50:25Z
atp,2023-02-06,CG80,B. Coric,Borna Coric,23,1770,https://www.atptour.com/en/rankings/singles?dateWeek=2023-02-06&rankRange=0-5000,2026-03-22T00:50:25Z
atp,2023-02-06,BD06,R. Bautista Agut,Roberto Bautista Agut,24,1740,https://www.atptour.com/en/rankings/singles?dateWeek=2023-02-06&rankRange=0-5000,2026-03-22T00:50:25Z
atp,2023-02-06,DH58,A. de Minaur,Alex De Minaur,25,1710,https://www.atptour.com/en/rankings/singles?dateWeek=2023-02-06&rankRange=0-5000,2026-03-22T00:50:25Z
atp,2023-02-06,K0AH,S. Korda,Sebastian Korda,26,1595,https://www.atptour.com/en/rankings/singles?dateWeek=2023-02-06&rankRange=0-5000,2026-03-22T00:50:25Z
atp,2023-02-06,SU55,D. Shapovalov,Denis Shapovalov,27,1560,https://www.atptour.com/en/rankings/singles?dateWeek=2023-02-06&rankRange=0-5000,2026-03-22T00:50:25Z
atp,2023-02-06,SM37,D. Schwartzman,Diego Schwartzman,28,1460,https://www.atptour.com/en/rankings/singles?dateWeek=2023-02-06&rankRange=0-5000,2026-03-22T00:50:25Z
atp,2023-02-06,D875,G. Dimitrov,Grigor Dimitrov,29,1440,https://www.atptour.com/en/rankings/singles?dateWeek=2023-02-06&rankRange=0-5000,2026-03-22T00:50:25Z
atp,2023-02-06,E687,D. Evans,Daniel Evans,30,1380,https://www.atptour.com/en/rankings/singles?dateWeek=2023-02-06&rankRange=0-5000,2026-03-22T00:50:25Z
atp,2023-02-06,C0AU,F. Cerundolo,Francisco Cerundolo,31,1377,https://www.atptour.com/en/rankings/singles?dateWeek=2023-02-06&rankRange=0-5000,2026-03-22T00:50:25Z
atp,2023-02-06,DH50,A. Davidovich Fokina,Alejandro Davidovich Fokina,32,1325,https://www.atptour.com/en/rankings/singles?dateWeek=2023-02-06&rankRange=0-5000,2026-03-22T00:50:25Z
atp,2023-02-06,KI95,M. Kecmanovic,Miomir Kecmanovic,33,1275,https://www.atptour.com/en/rankings/singles?dateWeek=2023-02-06&rankRange=0-5000,2026-03-22T00:50:25Z
atp,2023-02-06,N732,Y. Nishioka,Yoshihito Nishioka,34,1252,https://www.atptour.com/en/rankings/singles?dateWeek=2023-02-06&rankRange=0-5000,2026-03-22T00:50:25Z
atp,2023-02-06,V812,B. van de Zandschulp,Botic Van De Zandschulp,35,1160,https://www.atptour.com/en/rankings/singles?dateWeek=2023-02-06&rankRange=0-5000,2026-03-22T00:50:25Z
atp,2023-02-06,B0CD,J. Brooksby,Jenson Brooksby,36,1070,https://www.atptour.com/en/rankings/singles?dateWeek=2023-02-06&rankRange=0-5000,2026-03-22T00:50:25Z
atp,2023-02-06,L0BV,J. Lehecka,Jiri Lehecka,37,1042,https://www.atptour.com/en/rankings/singles?dateWeek=2023-02-06&rankRange=0-5000,2026-03-22T00:50:25Z
atp,2023-02-06,D0CO,J. Draper,Jack Draper,38,1024,https://www.atptour.com/en/rankings/singles?dateWeek=2023-02-06&rankRange=0-5000,2026-03-22T00:50:25Z
atp,2023-02-06,I186,J. Isner,John Isner,39,980,https://www.atptour.com/en/rankings/singles?dateWeek=2023-02-06&rankRange=0-5000,2026-03-22T00:50:25Z
atp,2023-02-06,GB88,D. Goffin,David Goffin,40,965,https://www.atptour.com/en/rankings/singles?dateWeek=2023-02-06&rankRange=0-5000,2026-03-22T00:50:25Z
atp,2023-02-06,S0S1,B. Shelton,Ben Shelton,41,964,https://www.atptour.com/en/rankings/singles?dateWeek=2023-02-06&rankRange=0-5000,2026-03-22T00:50:25Z
atp,2023-02-06,BM95,B. Bonzi,Benjamin Bonzi,42,956,https://www.atptour.com/en/rankings/singles?dateWeek=2023-02-06&rankRange=0-5000,2026-03-22T00:50:25Z
atp,2023-02-06,W09G,J. Wolf,J.j. Wolf,43,922,https://www.atptour.com/en/rankings/singles?dateWeek=2023-02-06&rankRange=0-5000,2026-03-22T00:50:25Z
atp,2023-02-06,O522,R. Opelka,Reilly Opelka,44,915,https://www.atptour.com/en/rankings/singles?dateWeek=2023-02-06&rankRange=0-5000,2026-03-22T00:50:25Z
atp,2023-02-06,G628,R. Gasquet,Richard Gasquet,45,910,https://www.atptour.com/en/rankings/singles?dateWeek=2023-02-06&rankRange=0-5000,2026-03-22T00:50:25Z
atp,2023-02-06,N0AE,B. Nakashima,Brandon Nakashima,46,902,https://www.atptour.com/en/rankings/singles?dateWeek=2023-02-06&rankRange=0-5000,2026-03-22T00:50:25Z
atp,2023-02-06,B0BI,S. Baez,Sebastian Baez,47,895,https://www.atptour.com/en/rankings/singles?dateWeek=2023-02-06&rankRange=0-5000,2026-03-22T00:50:25Z
atp,2023-02-06,LB66,C. Lestienne,Constant Lestienne,48,879,https://www.atptour.com/en/rankings/singles?dateWeek=2023-02-06&rankRange=0-5000,2026-03-22T00:50:25Z
atp,2023-02-06,HH06,M. Huesler,Marc Andrea Huesler,49,876,https://www.atptour.com/en/rankings/singles?dateWeek=2023-02-06&rankRange=0-5000,2026-03-22T00:50:25Z
atp,2023-02-06,BK92,A. Bublik,Alexander Bublik,50,865,https://www.atptour.com/en/rankings/singles?dateWeek=2023-02-06&rankRange=0-5000,2026-03-22T00:50:25Z
atp,2023-02-06,C0BC,M. Cressy,Maxime Cressy,51,857,https://www.atptour.com/en/rankings/singles?dateWeek=2023-02-06&rankRange=0-5000,2026-03-22T00:50:25Z
atp,2023-02-06,MV14,A. Molcan,Alex Molcan,52,850,https://www.atptour.com/en/rankings/singles?dateWeek=2023-02-06&rankRange=0-5000,2026-03-22T00:50:25Z
atp,2023-02-06,RH24,E. Ruusuvuori,Emil Ruusuvuori,53,846,https://www.atptour.com/en/rankings/singles?dateWeek=2023-02-06&rankRange=0-5000,2026-03-22T00:50:25Z
atp,2023-02-06,R772,A. Ramos-Vinolas,Albert Ramos Vinolas,54,845,https://www.atptour.com/en/rankings/singles?dateWeek=2023-02-06&rankRange=0-5000,2026-03-22T00:50:25Z
atp,2023-02-06,GC88,M. Giron,Marcos Giron,55,841,https://www.atptour.com/en/rankings/singles?dateWeek=2023-02-06&rankRange=0-5000,2026-03-22T00:50:25Z
atp,2023-02-06,SU87,L. Sonego,Lorenzo Sonego,56,835,https://www.atptour.com/en/rankings/singles?dateWeek=2023-02-06&rankRange=0-5000,2026-03-22T00:50:25Z
atp,2023-02-06,GJ37,T. Griekspoor,Tallon Griekspoor,57,834,https://www.atptour.com/en/rankings/singles?dateWeek=2023-02-06&rankRange=0-5000,2026-03-22T00:50:25Z
atp,2023-02-06,F510,F. Fognini,Fabio Fognini,58,823,https://www.atptour.com/en/rankings/singles?dateWeek=2023-02-06&rankRange=0-5000,2026-03-22T00:50:25Z
atp,2023-02-06,MK66,M. McDonald,Mackenzie Mcdonald,59,820,https://www.atptour.com/en/rankings/singles?dateWeek=2023-02-06&rankRange=0-5000,2026-03-22T00:50:25Z
atp,2023-02-06,KF17,S. Kwon,Soonwoo Kwon,60,819,https://www.atptour.com/en/rankings/singles?dateWeek=2023-02-06&rankRange=0-5000,2026-03-22T00:50:25Z
atp,2023-02-06,MC10,A. Murray,Andy Murray,61,815,https://www.atptour.com/en/rankings/singles?dateWeek=2023-02-06&rankRange=0-5000,2026-03-22T00:50:25Z
atp,2023-02-06,DB63,L. Djere,Laslo Djere,62,793,https://www.atptour.com/en/rankings/singles?dateWeek=2023-02-06&rankRange=0-5000,2026-03-22T00:50:25Z
atp,2023-02-06,ME82,A. Mannarino,Adrian Mannarino,63,791,https://www.atptour.com/en/rankings/singles?dateWeek=2023-02-06&rankRange=0-5000,2026-03-22T00:50:25Z
atp,2023-02-06,MW02,C. Moutet,Corentin Moutet,64,790,https://www.atptour.com/en/rankings/singles?dateWeek=2023-02-06&rankRange=0-5000,2026-03-22T00:50:25Z
atp,2023-02-06,MU94,J. Munar,Jaume Munar,65,777,https://www.atptour.com/en/rankings/singles?dateWeek=2023-02-06&rankRange=0-5000,2026-03-22T00:50:25Z
atp,2023-02-06,CG04,P. Cachin,Pedro Cachin,66,777,https://www.atptour.com/en/rankings/singles?dateWeek=2023-02-06&rankRange=0-5000,2026-03-22T00:50:25Z
atp,2023-02-06,CE77,F. Coria,Federico Coria,67,775,https://www.atptour.com/en/rankings/singles?dateWeek=2023-02-06&rankRange=0-5000,2026-03-22T00:50:25Z
atp,2023-02-06,RC91,A. Rinderknech,Arthur Rinderknech,68,772,https://www.atptour.com/en/rankings/singles?dateWeek=2023-02-06&rankRange=0-5000,2026-03-22T00:50:25Z
atp,2023-02-06,F724,M. Fucsovics,Marton Fucsovics,69,767,https://www.atptour.com/en/rankings/singles?dateWeek=2023-02-06&rankRange=0-5000,2026-03-22T00:50:25Z
atp,2023-02-06,HB64,Q. Halys,Quentin Halys,70,756,https://www.atptour.com/en/rankings/singles?dateWeek=2023-02-06&rankRange=0-5000,2026-03-22T00:50:25Z
atp,2023-02-06,KB05,F. Krajinovic,Filip Krajinovic,71,755,https://www.atptour.com/en/rankings/singles?dateWeek=2023-02-06&rankRange=0-5000,2026-03-22T00:50:25Z
atp,2023-02-06,MO44,P. Martinez,Pedro Martinez,72,746,https://www.atptour.com/en/rankings/singles?dateWeek=2023-02-06&rankRange=0-5000,2026-03-22T00:50:25Z
atp,2023-02-06,Y268,M. Ymer,Mikael Ymer,73,741,https://www.atptour.com/en/rankings/singles?dateWeek=2023-02-06&rankRange=0-5000,2026-03-22T00:50:25Z
atp,2023-02-06,I305,I. Ivashka,Ilya Ivashka,74,715,https://www.atptour.com/en/rankings/singles?dateWeek=2023-02-06&rankRange=0-5000,2026-03-22T00:50:25Z
atp,2023-02-06,BK24,G. Barrere,Gregoire Barrere,75,713,https://www.atptour.com/en/rankings/singles?dateWeek=2023-02-06&rankRange=0-5000,2026-03-22T00:50:25Z
atp,2023-02-06,Z419,B. Zapata Miralles,Bernabe Zapata Miralles,76,702,https://www.atptour.com/en/rankings/singles?dateWeek=2023-02-06&rankRange=0-5000,2026-03-22T00:50:25Z
atp,2023-02-06,CF59,R. Carballes Baena,Roberto Carballes Baena,77,695,https://www.atptour.com/en/rankings/singles?dateWeek=2023-02-06&rankRange=0-5000,2026-03-22T00:50:25Z
atp,2023-02-06,MJ08,T. Monteiro,Thiago Monteiro,78,690,https://www.atptour.com/en/rankings/singles?dateWeek=2023-02-06&rankRange=0-5000,2026-03-22T00:50:25Z
atp,2023-02-06,KB95,J. Kubler,Jason Kubler,79,670,https://www.atptour.com/en/rankings/singles?dateWeek=2023-02-06&rankRange=0-5000,2026-03-22T00:50:25Z
atp,2023-02-06,O449,O. Otte,Oscar Otte,80,666,https://www.atptour.com/en/rankings/singles?dateWeek=2023-02-06&rankRange=0-5000,2026-03-22T00:50:25Z
atp,2023-02-06,EA24,T. Etcheverry,Tomas Martin Etcheverry,81,651,https://www.atptour.com/en/rankings/singles?dateWeek=2023-02-06&rankRange=0-5000,2026-03-22T00:50:25Z
atp,2023-02-06,SX50,R. Safiullin,Roman Safiullin,82,641,https://www.atptour.com/en/rankings/singles?dateWeek=2023-02-06&rankRange=0-5000,2026-03-22T00:50:25Z
atp,2023-02-06,GE33,D. Galan,Daniel Elahi Galan,83,614,https://www.atptour.com/en/rankings/singles?dateWeek=2023-02-06&rankRange=0-5000,2026-03-22T00:50:25Z
atp,2023-02-06,TC61,J. Thompson,Jordan Thompson,84,604,https://www.atptour.com/en/rankings/singles?dateWeek=2023-02-06&rankRange=0-5000,2026-03-22T00:50:25Z
atp,2023-02-06,HH26,U. Humbert,Ugo Humbert,85,603,https://www.atptour.com/en/rankings/singles?dateWeek=2023-02-06&rankRange=0-5000,2026-03-22T00:50:25Z
atp,2023-02-06,MP01,M. Mmoh,Michael Mmoh,86,599,https://www.atptour.com/en/rankings/singles?dateWeek=2023-02-06&rankRange=0-5000,2026-03-22T00:50:25Z
atp,2023-02-06,BG23,N. Basilashvili,Nikoloz Basilashvili,87,595,https://www.atptour.com/en/rankings/singles?dateWeek=2023-02-06&rankRange=0-5000,2026-03-22T00:50:25Z
atp,2023-02-06,BF23,F. Bagnis,Facundo Bagnis,88,595,https://www.atptour.com/en/rankings/singles?dateWeek=2023-02-06&rankRange=0-5000,2026-03-22T00:50:25Z
atp,2023-02-06,L987,D. Lajovic,Dusan Lajovic,89,591,https://www.atptour.com/en/rankings/singles?dateWeek=2023-02-06&rankRange=0-5000,2026-03-22T00:50:25Z
atp,2023-02-06,P09Z,A. Popyrin,Alexei Popyrin,90,586,https://www.atptour.com/en/rankings/singles?dateWeek=2023-02-06&rankRange=0-5000,2026-03-22T00:50:25Z
atp,2023-02-06,Z371,Z. Zhang,Zhizhen Zhang,91,582,https://www.atptour.com/en/rankings/singles?dateWeek=2023-02-06&rankRange=0-5000,2026-03-22T00:50:25Z
atp,2023-02-06,KB09,D. Kudla,Denis Kudla,92,573,https://www.atptour.com/en/rankings/singles?dateWeek=2023-02-06&rankRange=0-5000,2026-03-22T00:50:25Z
atp,2023-02-06,CF01,M. Cecchinato,Marco Cecchinato,93,572,https://www.atptour.com/en/rankings/singles?dateWeek=2023-02-06&rankRange=0-5000,2026-03-22T00:50:25Z
atp,2023-02-06,O483,C. O'Connell,Christopher O'connell,94,568,https://www.atptour.com/en/rankings/singles?dateWeek=2023-02-06&rankRange=0-5000,2026-03-22T00:50:25Z
atp,2023-02-06,KC56,A. Karatsev,Aslan Karatsev,95,555,https://www.atptour.com/en/rankings/singles?dateWeek=2023-02-06&rankRange=0-5000,2026-03-22T00:50:25Z
atp,2023-02-06,TB69,D. Thiem,Dominic Thiem,96,550,https://www.atptour.com/en/rankings/singles?dateWeek=2023-02-06&rankRange=0-5000,2026-03-22T00:50:25Z
atp,2023-02-06,WB32,Y. Wu,Yibing Wu,97,544,https://www.atptour.com/en/rankings/singles?dateWeek=2023-02-06&rankRange=0-5000,2026-03-22T00:50:25Z
atp,2023-02-06,V836,J. Varillas,Juan Pablo Varillas,98,541,https://www.atptour.com/en/rankings/singles?dateWeek=2023-02-06&rankRange=0-5000,2026-03-22T00:50:25Z
atp,2023-02-06,AE14,D. Altmaier,Daniel Altmaier,99,539,https://www.atptour.com/en/rankings/singles?dateWeek=2023-02-06&rankRange=0-5000,2026-03-22T00:50:25Z
atp,2023-02-06,PD07,V. Pospisil,Vasek Pospisil,100,534,https://www.atptour.com/en/rankings/singles?dateWeek=2023-02-06&rankRange=0-5000,2026-03-22T00:50:25Z
atp,2023-02-06,G09O,H. Gaston,Hugo Gaston,101,533,https://www.atptour.com/en/rankings/singles?dateWeek=2023-02-06&rankRange=0-5000,2026-03-22T00:50:25Z
atp,2023-02-06,GA36,E. Gomez,Emilio Gomez,102,533,https://www.atptour.com/en/rankings/singles?dateWeek=2023-02-06&rankRange=0-5000,2026-03-22T00:50:25Z
atp,2023-02-06,GD64,C. Garin,Cristian Garin,103,526,https://www.atptour.com/en/rankings/singles?dateWeek=2023-02-06&rankRange=0-5000,2026-03-22T00:50:25Z
atp,2023-02-06,E865,C. Eubanks,Christopher Eubanks,104,524,https://www.atptour.com/en/rankings/singles?dateWeek=2023-02-06&rankRange=0-5000,2026-03-22T00:50:25Z
atp,2023-02-06,BT72,N. Borges,Nuno Borges,105,514,https://www.atptour.com/en/rankings/singles?dateWeek=2023-02-06&rankRange=0-5000,2026-03-22T00:50:25Z
atp,2023-02-06,V942,T. van Rijthoven,Tim Van Rijthoven,106,504,https://www.atptour.com/en/rankings/singles?dateWeek=2023-02-06&rankRange=0-5000,2026-03-22T00:50:25Z
atp,2023-02-06,DA81,T. Daniel,Taro Daniel,107,502,https://www.atptour.com/en/rankings/singles?dateWeek=2023-02-06&rankRange=0-5000,2026-03-22T00:50:25Z
atp,2023-02-06,T0AP,C. Tseng,Chun Hsin Tseng,108,500,https://www.atptour.com/en/rankings/singles?dateWeek=2023-02-06&rankRange=0-5000,2026-03-22T00:50:25Z
atp,2023-02-06,P0CT,F. Passaro,Francesco Passaro,109,497,https://www.atptour.com/en/rankings/singles?dateWeek=2023-02-06&rankRange=0-5000,2026-03-22T00:50:25Z
atp,2023-02-06,A0FC,M. Arnaldi,Matteo Arnaldi,110,497,https://www.atptour.com/en/rankings/singles?dateWeek=2023-02-06&rankRange=0-5000,2026-03-22T00:50:25Z
atp,2023-02-06,WB08,Y. Watanuki,Yosuke Watanuki,111,469,https://www.atptour.com/en/rankings/singles?dateWeek=2023-02-06&rankRange=0-5000,2026-03-22T00:50:25Z
atp,2023-02-06,BU13,Z. Bergs,Zizou Bergs,112,463,https://www.atptour.com/en/rankings/singles?dateWeek=2023-02-06&rankRange=0-5000,2026-03-22T00:50:25Z
atp,2023-02-06,S0H2,A. Shevchenko,Alexander Shevchenko,113,463,https://www.atptour.com/en/rankings/singles?dateWeek=2023-02-06&rankRange=0-5000,2026-03-22T00:50:25Z
atp,2023-02-06,C0C8,J. Cerundolo,Juan Manuel Cerundolo,114,460,https://www.atptour.com/en/rankings/singles?dateWeek=2023-02-06&rankRange=0-5000,2026-03-22T00:50:25Z
atp,2023-02-06,V708,J. Vesely,Jiri Vesely,115,457,https://www.atptour.com/en/rankings/singles?dateWeek=2023-02-06&rankRange=0-5000,2026-03-22T00:50:25Z
atp,2023-02-06,GH92,B. Gojo,Borna Gojo,116,454,https://www.atptour.com/en/rankings/singles?dateWeek=2023-02-06&rankRange=0-5000,2026-03-22T00:50:25Z
atp,2023-02-06,M0FH,T. Machac,Tomas Machac,117,452,https://www.atptour.com/en/rankings/singles?dateWeek=2023-02-06&rankRange=0-5000,2026-03-22T00:50:25Z
atp,2023-02-06,V306,F. Verdasco,Fernando Verdasco,118,452,https://www.atptour.com/en/rankings/singles?dateWeek=2023-02-06&rankRange=0-5000,2026-03-22T00:50:25Z
atp,2023-02-06,H0BH,R. Hijikata,Rinky Hijikata,119,451,https://www.atptour.com/en/rankings/singles?dateWeek=2023-02-06&rankRange=0-5000,2026-03-22T00:50:25Z
atp,2023-02-06,J386,S. Johnson,Steve Johnson,120,448,https://www.atptour.com/en/rankings/singles?dateWeek=2023-02-06&rankRange=0-5000,2026-03-22T00:50:25Z
atp,2023-02-06,GB93,N. Gombos,Norbert Gombos,121,446,https://www.atptour.com/en/rankings/singles?dateWeek=2023-02-06&rankRange=0-5000,2026-03-22T00:50:25Z
atp,2023-02-06,R09X,J. Rodionov,Jurij Rodionov,122,444,https://www.atptour.com/en/rankings/singles?dateWeek=2023-02-06&rankRange=0-5000,2026-03-22T00:50:25Z
atp,2023-02-06,A829,R. Albot,Radu Albot,123,443,https://www.atptour.com/en/rankings/singles?dateWeek=2023-02-06&rankRange=0-5000,2026-03-22T00:50:25Z
atp,2023-02-06,BV24,R. Brancaccio,Raul Brancaccio,124,438,https://www.atptour.com/en/rankings/singles?dateWeek=2023-02-06&rankRange=0-5000,2026-03-22T00:50:25Z
atp,2023-02-06,K0AZ,A. Kovacevic,Aleksandar Kovacevic,125,435,https://www.atptour.com/en/rankings/singles?dateWeek=2023-02-06&rankRange=0-5000,2026-03-22T00:50:25Z
atp,2023-02-06,MQ75,K. Majchrzak,Kamil Majchrzak,126,433,https://www.atptour.com/en/rankings/singles?dateWeek=2023-02-06&rankRange=0-5000,2026-03-22T00:50:25Z
atp,2023-02-06,S0GR,T. Skatov,Timofey Skatov,127,431,https://www.atptour.com/en/rankings/singles?dateWeek=2023-02-06&rankRange=0-5000,2026-03-22T00:50:25Z
atp,2023-02-06,K09F,P. Kotov,Pavel Kotov,128,429,https://www.atptour.com/en/rankings/singles?dateWeek=2023-02-06&rankRange=0-5000,2026-03-22T00:50:25Z
atp,2023-02-06,J551,N. Jarry,Nicolas Jarry,129,428,https://www.atptour.com/en/rankings/singles?dateWeek=2023-02-06&rankRange=0-5000,2026-03-22T00:50:25Z
atp,2023-02-06,R0FS,L. Riedi,Leandro Riedi,130,428,https://www.atptour.com/en/rankings/singles?dateWeek=2023-02-06&rankRange=0-5000,2026-03-22T00:50:25Z
atp,2023-02-06,D874,F. Delbonis,Federico Delbonis,131,426,https://www.atptour.com/en/rankings/singles?dateWeek=2023-02-06&rankRange=0-5000,2026-03-22T00:50:25Z
atp,2023-02-06,H997,Y. Hanfmann,Yannick Hanfmann,132,425,https://www.atptour.com/en/rankings/singles?dateWeek=2023-02-06&rankRange=0-5000,2026-03-22T00:50:25Z
atp,2023-02-06,KC04,J. Kovalik,Jozef Kovalik,133,424,https://www.atptour.com/en/rankings/singles?dateWeek=2023-02-06&rankRange=0-5000,2026-03-22T00:50:25Z
atp,2023-02-06,W367,S. Wawrinka,Stan Wawrinka,134,422,https://www.atptour.com/en/rankings/singles?dateWeek=2023-02-06&rankRange=0-5000,2026-03-22T00:50:25Z
atp,2023-02-06,U182,C. Ugo Carabelli,Camilo Ugo Carabelli,135,422,https://www.atptour.com/en/rankings/singles?dateWeek=2023-02-06&rankRange=0-5000,2026-03-22T00:50:25Z
atp,2023-02-06,SO20,J. Sels,Jelle Sels,136,419,https://www.atptour.com/en/rankings/singles?dateWeek=2023-02-06&rankRange=0-5000,2026-03-22T00:50:25Z
atp,2023-02-06,D994,J. Duckworth,James Duckworth,137,413,https://www.atptour.com/en/rankings/singles?dateWeek=2023-02-06&rankRange=0-5000,2026-03-22T00:50:25Z
atp,2023-02-06,DA31,H. Dellien,Hugo Dellien,138,411,https://www.atptour.com/en/rankings/singles?dateWeek=2023-02-06&rankRange=0-5000,2026-03-22T00:50:25Z
atp,2023-02-06,MH30,J. Millman,John Millman,139,410,https://www.atptour.com/en/rankings/singles?dateWeek=2023-02-06&rankRange=0-5000,2026-03-22T00:50:25Z
atp,2023-02-06,KD46,T. Kokkinakis,Thanasi Kokkinakis,140,407,https://www.atptour.com/en/rankings/singles?dateWeek=2023-02-06&rankRange=0-5000,2026-03-22T00:50:25Z
atp,2023-02-06,SM25,J. Sock,Jack Sock,141,405,https://www.atptour.com/en/rankings/singles?dateWeek=2023-02-06&rankRange=0-5000,2026-03-22T00:50:25Z
atp,2023-02-06,KI63,L. Klein,Lukas Klein,142,405,https://www.atptour.com/en/rankings/singles?dateWeek=2023-02-06&rankRange=0-5000,2026-03-22T00:50:25Z
atp,2023-02-06,DB59,D. Novak,Dennis Novak,143,402,https://www.atptour.com/en/rankings/singles?dateWeek=2023-02-06&rankRange=0-5000,2026-03-22T00:50:25Z
atp,2023-02-06,M0JZ,F. Misolic,Filip Misolic,144,400,https://www.atptour.com/en/rankings/singles?dateWeek=2023-02-06&rankRange=0-5000,2026-03-22T00:50:25Z
atp,2023-02-06,V0DZ,L. Van Assche,Luca Van Assche,145,397,https://www.atptour.com/en/rankings/singles?dateWeek=2023-02-06&rankRange=0-5000,2026-03-22T00:50:25Z
atp,2023-02-06,TE30,A. Tabilo,Alejandro Tabilo,146,394,https://www.atptour.com/en/rankings/singles?dateWeek=2023-02-06&rankRange=0-5000,2026-03-22T00:50:25Z
atp,2023-02-06,B0GG,M. Bellucci,Mattia Bellucci,147,394,https://www.atptour.com/en/rankings/singles?dateWeek=2023-02-06&rankRange=0-5000,2026-03-22T00:50:25Z
atp,2023-02-06,GF95,H. Grenier,Hugo Grenier,148,390,https://www.atptour.com/en/rankings/singles?dateWeek=2023-02-06&rankRange=0-5000,2026-03-22T00:50:25Z
atp,2023-02-06,MN13,M. Marterer,Maximilian Marterer,149,389,https://www.atptour.com/en/rankings/singles?dateWeek=2023-02-06&rankRange=0-5000,2026-03-22T00:50:25Z
atp,2023-02-06,S0LA,D. Stricker,Dominic Stricker,150,382,https://www.atptour.com/en/rankings/singles?dateWeek=2023-02-06&rankRange=0-5000,2026-03-22T00:50:25Z
atp,2023-02-06,BU54,G. Blancaneaux,Geoffrey Blancaneaux,151,379,https://www.atptour.com/en/rankings/singles?dateWeek=2023-02-06&rankRange=0-5000,2026-03-22T00:50:25Z
atp,2023-02-06,O513,S. Ofner,Sebastian Ofner,152,377,https://www.atptour.com/en/rankings/singles?dateWeek=2023-02-06&rankRange=0-5000,2026-03-22T00:50:25Z
atp,2023-02-06,A596,P. Andujar,Pablo Andujar,153,377,https://www.atptour.com/en/rankings/singles?dateWeek=2023-02-06&rankRange=0-5000,2026-03-22T00:50:25Z
atp,2023-02-06,SL28,J. Struff,Jan Lennard Struff,154,376,https://www.atptour.com/en/rankings/singles?dateWeek=2023-02-06&rankRange=0-5000,2026-03-22T00:50:25Z
atp,2023-02-06,HG86,L. Harris,Lloyd Harris,155,375,https://www.atptour.com/en/rankings/singles?dateWeek=2023-02-06&rankRange=0-5000,2026-03-22T00:50:25Z
atp,2023-02-06,MP20,A. Muller,Alexandre Muller,156,371,https://www.atptour.com/en/rankings/singles?dateWeek=2023-02-06&rankRange=0-5000,2026-03-22T00:50:25Z
atp,2023-02-06,GH33,M. Guinard,Manuel Guinard,157,369,https://www.atptour.com/en/rankings/singles?dateWeek=2023-02-06&rankRange=0-5000,2026-03-22T00:50:25Z
atp,2023-02-06,BO10,G. Brouwer,Gijs Brouwer,158,367,https://www.atptour.com/en/rankings/singles?dateWeek=2023-02-06&rankRange=0-5000,2026-03-22T00:50:25Z
atp,2023-02-06,PH78,R. Peniston,Ryan Peniston,159,367,https://www.atptour.com/en/rankings/singles?dateWeek=2023-02-06&rankRange=0-5000,2026-03-22T00:50:25Z
atp,2023-02-06,M0CI,F. Marozsan,Fabian Marozsan,160,366,https://www.atptour.com/en/rankings/singles?dateWeek=2023-02-06&rankRange=0-5000,2026-03-22T00:50:25Z
atp,2023-02-06,MW75,F. Meligeni Alves,Felipe Meligeni Alves,161,365,https://www.atptour.com/en/rankings/singles?dateWeek=2023-02-06&rankRange=0-5000,2026-03-22T00:50:25Z
atp,2023-02-06,SH90,J. Sousa,Joao Sousa,162,362,https://www.atptour.com/en/rankings/singles?dateWeek=2023-02-06&rankRange=0-5000,2026-03-22T00:50:25Z
atp,2023-02-06,F0F1,A. Fils,Arthur Fils,163,361,https://www.atptour.com/en/rankings/singles?dateWeek=2023-02-06&rankRange=0-5000,2026-03-22T00:50:25Z
atp,2023-02-06,N0BG,L. Nardi,Luca Nardi,164,360,https://www.atptour.com/en/rankings/singles?dateWeek=2023-02-06&rankRange=0-5000,2026-03-22T00:50:25Z
atp,2023-02-06,S0RE,J. Shang,Juncheng Shang,165,358,https://www.atptour.com/en/rankings/singles?dateWeek=2023-02-06&rankRange=0-5000,2026-03-22T00:50:25Z
atp,2023-02-06,Z0A1,G. Zeppieri,Giulio Zeppieri,166,358,https://www.atptour.com/en/rankings/singles?dateWeek=2023-02-06&rankRange=0-5000,2026-03-22T00:50:25Z
atp,2023-02-06,AA27,F. Agamenone,Franco Agamenone,167,357,https://www.atptour.com/en/rankings/singles?dateWeek=2023-02-06&rankRange=0-5000,2026-03-22T00:50:25Z
atp,2023-02-06,Y218,E. Ymer,Elias Ymer,168,357,https://www.atptour.com/en/rankings/singles?dateWeek=2023-02-06&rankRange=0-5000,2026-03-22T00:50:25Z
atp,2023-02-06,CG94,E. Couacaud,Enzo Couacaud,169,356,https://www.atptour.com/en/rankings/singles?dateWeek=2023-02-06&rankRange=0-5000,2026-03-22T00:50:25Z
atp,2023-02-06,K0DP,O. Krutykh,Oleksii Krutykh,170,355,https://www.atptour.com/en/rankings/singles?dateWeek=2023-02-06&rankRange=0-5000,2026-03-22T00:50:25Z
atp,2023-02-06,V832,A. Vukic,Aleksandar Vukic,171,354,https://www.atptour.com/en/rankings/singles?dateWeek=2023-02-06&rankRange=0-5000,2026-03-22T00:50:25Z
atp,2023-02-06,C0E9,F. Cobolli,Flavio Cobolli,172,353,https://www.atptour.com/en/rankings/singles?dateWeek=2023-02-06&rankRange=0-5000,2026-03-22T00:50:25Z
atp,2023-02-06,W857,T. Wu,Tung Lin Wu,173,346,https://www.atptour.com/en/rankings/singles?dateWeek=2023-02-06&rankRange=0-5000,2026-03-22T00:50:25Z
atp,2023-02-06,LC12,L. Lokoli,Laurent Lokoli,174,345,https://www.atptour.com/en/rankings/singles?dateWeek=2023-02-06&rankRange=0-5000,2026-03-22T00:50:25Z
atp,2023-02-06,BI23,L. Broady,Liam Broady,175,340,https://www.atptour.com/en/rankings/singles?dateWeek=2023-02-06&rankRange=0-5000,2026-03-22T00:50:25Z
atp,2023-02-06,SD32,G. Simon,Gilles Simon,176,337,https://www.atptour.com/en/rankings/singles?dateWeek=2023-02-06&rankRange=0-5000,2026-03-22T00:50:25Z
atp,2023-02-06,TE16,C. Taberner,Carlos Taberner,177,337,https://www.atptour.com/en/rankings/singles?dateWeek=2023-02-06&rankRange=0-5000,2026-03-22T00:50:25Z
atp,2023-02-06,O376,R. Olivo,Renzo Olivo,178,337,https://www.atptour.com/en/rankings/singles?dateWeek=2023-02-06&rankRange=0-5000,2026-03-22T00:50:25Z
atp,2023-02-06,KI82,V. Kopriva,Vit Kopriva,179,335,https://www.atptour.com/en/rankings/singles?dateWeek=2023-02-06&rankRange=0-5000,2026-03-22T00:50:25Z
atp,2023-02-06,V0AM,O. Virtanen,Otto Virtanen,180,330,https://www.atptour.com/en/rankings/singles?dateWeek=2023-02-06&rankRange=0-5000,2026-03-22T00:50:25Z
atp,2023-02-06,P09O,Z. Piros,Zsombor Piros,181,327,https://www.atptour.com/en/rankings/singles?dateWeek=2023-02-06&rankRange=0-5000,2026-03-22T00:50:25Z
atp,2023-02-06,N0AM,E. Nava,Emilio Nava,182,326,https://www.atptour.com/en/rankings/singles?dateWeek=2023-02-06&rankRange=0-5000,2026-03-22T00:50:25Z
atp,2023-02-06,M0IF,F. Maestrelli,Francesco Maestrelli,183,320,https://www.atptour.com/en/rankings/singles?dateWeek=2023-02-06&rankRange=0-5000,2026-03-22T00:50:25Z
atp,2023-02-06,S0GD,D. Svrcina,Dalibor Svrcina,184,319,https://www.atptour.com/en/rankings/singles?dateWeek=2023-02-06&rankRange=0-5000,2026-03-22T00:50:25Z
atp,2023-02-06,RC04,A. Ritschard,Alexander Ritschard,185,319,https://www.atptour.com/en/rankings/singles?dateWeek=2023-02-06&rankRange=0-5000,2026-03-22T00:50:25Z
atp,2023-02-06,PH64,A. Pellegrino,Andrea Pellegrino,186,319,https://www.atptour.com/en/rankings/singles?dateWeek=2023-02-06&rankRange=0-5000,2026-03-22T00:50:25Z
atp,2023-02-06,BI47,R. Bonadio,Riccardo Bonadio,187,318,https://www.atptour.com/en/rankings/singles?dateWeek=2023-02-06&rankRange=0-5000,2026-03-22T00:50:25Z
atp,2023-02-06,D0CG,F. Diaz Acosta,Facundo Diaz Acosta,188,316,https://www.atptour.com/en/rankings/singles?dateWeek=2023-02-06&rankRange=0-5000,2026-03-22T00:50:25Z
atp,2023-02-06,L949,H. Laaksonen,Henri Laaksonen,189,315,https://www.atptour.com/en/rankings/singles?dateWeek=2023-02-06&rankRange=0-5000,2026-03-22T00:50:25Z
atp,2023-02-06,BP41,A. Bellier,Antoine Bellier,190,313,https://www.atptour.com/en/rankings/singles?dateWeek=2023-02-06&rankRange=0-5000,2026-03-22T00:50:25Z
atp,2023-02-06,CC66,A. Collarini,Andrea Collarini,191,312,https://www.atptour.com/en/rankings/singles?dateWeek=2023-02-06&rankRange=0-5000,2026-03-22T00:50:25Z
atp,2023-02-06,KC33,D. Kuzmanov,Dimitar Kuzmanov,192,309,https://www.atptour.com/en/rankings/singles?dateWeek=2023-02-06&rankRange=0-5000,2026-03-22T00:50:25Z
atp,2023-02-06,BE90,R. Berankis,Ricardas Berankis,193,307,https://www.atptour.com/en/rankings/singles?dateWeek=2023-02-06&rankRange=0-5000,2026-03-22T00:50:25Z
atp,2023-02-06,U120,K. Uchida,Kaichi Uchida,194,305,https://www.atptour.com/en/rankings/singles?dateWeek=2023-02-06&rankRange=0-5000,2026-03-22T00:50:25Z
atp,2023-02-06,H09P,B. Holt,Brandon Holt,195,302,https://www.atptour.com/en/rankings/singles?dateWeek=2023-02-06&rankRange=0-5000,2026-03-22T00:50:25Z
atp,2023-02-06,PH71,M. Purcell,Max Purcell,196,300,https://www.atptour.com/en/rankings/singles?dateWeek=2023-02-06&rankRange=0-5000,2026-03-22T00:50:25Z
atp,2023-02-06,H09F,Y. Hsu,Yu Hsiou Hsu,197,298,https://www.atptour.com/en/rankings/singles?dateWeek=2023-02-06&rankRange=0-5000,2026-03-22T00:50:25Z
atp,2023-02-06,KC29,N. Kicker,Nicolas Kicker,198,295,https://www.atptour.com/en/rankings/singles?dateWeek=2023-02-06&rankRange=0-5000,2026-03-22T00:50:25Z
atp,2023-02-06,MJ98,F. Mena,Facundo Mena,199,291,https://www.atptour.com/en/rankings/singles?dateWeek=2023-02-06&rankRange=0-5000,2026-03-22T00:50:25Z
atp,2023-02-06,D0FJ,L. Darderi,Luciano Darderi,200,291,https://www.atptour.com/en/rankings/singles?dateWeek=2023-02-06&rankRange=0-5000,2026-03-22T00:50:25Z
atp,2023-02-06,A0AB,A. Andreev,Adrian Andreev,201,285,https://www.atptour.com/en/rankings/singles?dateWeek=2023-02-06&rankRange=0-5000,2026-03-22T00:50:25Z
atp,2023-02-06,E768,A. Escoffier,Antoine Escoffier,202,280,https://www.atptour.com/en/rankings/singles?dateWeek=2023-02-06&rankRange=0-5000,2026-03-22T00:50:25Z
atp,2023-02-06,FA43,J. Ficovich,Juan Pablo Ficovich,203,274,https://www.atptour.com/en/rankings/singles?dateWeek=2023-02-06&rankRange=0-5000,2026-03-22T00:50:25Z
atp,2023-02-06,TC01,L. Tu,Li Tu,204,272,https://www.atptour.com/en/rankings/singles?dateWeek=2023-02-06&rankRange=0-5000,2026-03-22T00:50:25Z
atp,2023-02-06,CH05,A. Celikbilek,Altug Celikbilek,205,271,https://www.atptour.com/en/rankings/singles?dateWeek=2023-02-06&rankRange=0-5000,2026-03-22T00:50:25Z
atp,2023-02-06,N09U,R. Noguchi,Rio Noguchi,206,271,https://www.atptour.com/en/rankings/singles?dateWeek=2023-02-06&rankRange=0-5000,2026-03-22T00:50:25Z
atp,2023-02-06,MC65,G. Monfils,Gael Monfils,207,270,https://www.atptour.com/en/rankings/singles?dateWeek=2023-02-06&rankRange=0-5000,2026-03-22T00:50:25Z
atp,2023-02-06,H0A4,N. Hardt,Nick Hardt,208,269,https://www.atptour.com/en/rankings/singles?dateWeek=2023-02-06&rankRange=0-5000,2026-03-22T00:50:25Z
atp,2023-02-06,DA86,J. De Loore,Joris De Loore,209,264,https://www.atptour.com/en/rankings/singles?dateWeek=2023-02-06&rankRange=0-5000,2026-03-22T00:50:25Z
atp,2023-02-06,P0DF,M. Pucinelli De Almeida,Matheus Pucinelli De Almeida,210,263,https://www.atptour.com/en/rankings/singles?dateWeek=2023-02-06&rankRange=0-5000,2026-03-22T00:50:25Z
atp,2023-02-06,D0F6,G. Diallo,Gabriel Diallo,211,260,https://www.atptour.com/en/rankings/singles?dateWeek=2023-02-06&rankRange=0-5000,2026-03-22T00:50:25Z
atp,2023-02-06,BS86,T. Barrios Vera,Tomas Barrios Vera,212,256,https://www.atptour.com/en/rankings/singles?dateWeek=2023-02-06&rankRange=0-5000,2026-03-22T00:50:25Z
atp,2023-02-06,PD31,B. Paire,Benoit Paire,213,255,https://www.atptour.com/en/rankings/singles?dateWeek=2023-02-06&rankRange=0-5000,2026-03-22T00:50:25Z
atp,2023-02-06,KH56,Z. Kolar,Zdenek Kolar,214,254,https://www.atptour.com/en/rankings/singles?dateWeek=2023-02-06&rankRange=0-5000,2026-03-22T00:50:25Z
atp,2023-02-06,GK06,A. Galarneau,Alexis Galarneau,215,252,https://www.atptour.com/en/rankings/singles?dateWeek=2023-02-06&rankRange=0-5000,2026-03-22T00:50:25Z
atp,2023-02-06,I0A7,N. Ionel,Nicholas David Ionel,216,252,https://www.atptour.com/en/rankings/singles?dateWeek=2023-02-06&rankRange=0-5000,2026-03-22T00:50:25Z
atp,2023-02-06,K926,M. Kukushkin,Mikhail Kukushkin,217,251,https://www.atptour.com/en/rankings/singles?dateWeek=2023-02-06&rankRange=0-5000,2026-03-22T00:50:25Z
atp,2023-02-06,MW18,N. Moreno De Alboran,Nicolas Moreno De Alboran,218,250,https://www.atptour.com/en/rankings/singles?dateWeek=2023-02-06&rankRange=0-5000,2026-03-22T00:50:25Z
atp,2023-02-06,CG33,K. Coppejans,Kimmer Coppejans,219,250,https://www.atptour.com/en/rankings/singles?dateWeek=2023-02-06&rankRange=0-5000,2026-03-22T00:50:25Z
atp,2023-02-06,FC26,E. Furness,Evan Furness,220,249,https://www.atptour.com/en/rankings/singles?dateWeek=2023-02-06&rankRange=0-5000,2026-03-22T00:50:25Z
atp,2023-02-06,VA08,A. Vavassori,Andrea Vavassori,221,248,https://www.atptour.com/en/rankings/singles?dateWeek=2023-02-06&rankRange=0-5000,2026-03-22T00:50:25Z
atp,2023-02-06,SN54,F. Ferreira Silva,Frederico Ferreira Silva,222,248,https://www.atptour.com/en/rankings/singles?dateWeek=2023-02-06&rankRange=0-5000,2026-03-22T00:50:25Z
atp,2023-02-06,SL08,T. Sandgren,Tennys Sandgren,223,246,https://www.atptour.com/en/rankings/singles?dateWeek=2023-02-06&rankRange=0-5000,2026-03-22T00:50:25Z
atp,2023-02-06,KE64,S. Kozlov,Stefan Kozlov,224,244,https://www.atptour.com/en/rankings/singles?dateWeek=2023-02-06&rankRange=0-5000,2026-03-22T00:50:25Z
atp,2023-02-06,G967,P. Gojowczyk,Peter Gojowczyk,225,242,https://www.atptour.com/en/rankings/singles?dateWeek=2023-02-06&rankRange=0-5000,2026-03-22T00:50:25Z
atp,2023-02-06,D923,D. Dzumhur,Damir Dzumhur,226,242,https://www.atptour.com/en/rankings/singles?dateWeek=2023-02-06&rankRange=0-5000,2026-03-22T00:50:25Z
atp,2023-02-06,J553,O. Jasika,Omar Jasika,227,242,https://www.atptour.com/en/rankings/singles?dateWeek=2023-02-06&rankRange=0-5000,2026-03-22T00:50:25Z
atp,2023-02-06,KC12,M. Krueger,Mitchell Krueger,228,240,https://www.atptour.com/en/rankings/singles?dateWeek=2023-02-06&rankRange=0-5000,2026-03-22T00:50:25Z
atp,2023-02-06,Z246,M. Zekic,Miljan Zekic,229,236,https://www.atptour.com/en/rankings/singles?dateWeek=2023-02-06&rankRange=0-5000,2026-03-22T00:50:25Z
atp,2023-02-06,R685,L. Rosol,Lukas Rosol,230,236,https://www.atptour.com/en/rankings/singles?dateWeek=2023-02-06&rankRange=0-5000,2026-03-22T00:50:25Z
atp,2023-02-06,KE73,D. Koepfer,Dominik Koepfer,231,234,https://www.atptour.com/en/rankings/singles?dateWeek=2023-02-06&rankRange=0-5000,2026-03-22T00:50:25Z
atp,2023-02-06,G0GD,M. Gigante,Matteo Gigante,232,234,https://www.atptour.com/en/rankings/singles?dateWeek=2023-02-06&rankRange=0-5000,2026-03-22T00:50:25Z
atp,2023-02-06,C0H0,A. Cazaux,Arthur Cazaux,233,233,https://www.atptour.com/en/rankings/singles?dateWeek=2023-02-06&rankRange=0-5000,2026-03-22T00:50:25Z
atp,2023-02-06,TA29,M. Trungelliti,Marco Trungelliti,234,233,https://www.atptour.com/en/rankings/singles?dateWeek=2023-02-06&rankRange=0-5000,2026-03-22T00:50:25Z
atp,2023-02-06,C0JP,R. Collignon,Raphael Collignon,235,233,https://www.atptour.com/en/rankings/singles?dateWeek=2023-02-06&rankRange=0-5000,2026-03-22T00:50:25Z
atp,2023-02-06,CG07,H. Casanova,Hernan Casanova,236,233,https://www.atptour.com/en/rankings/singles?dateWeek=2023-02-06&rankRange=0-5000,2026-03-22T00:50:25Z
atp,2023-02-06,T0A1,T. Tirante,Thiago Agustin Tirante,237,231,https://www.atptour.com/en/rankings/singles?dateWeek=2023-02-06&rankRange=0-5000,2026-03-22T00:50:25Z
atp,2023-02-06,J0A4,P. Jubb,Paul Jubb,238,230,https://www.atptour.com/en/rankings/singles?dateWeek=2023-02-06&rankRange=0-5000,2026-03-22T00:50:25Z
atp,2023-02-06,VA70,M. Valkusz,Mate Valkusz,239,229,https://www.atptour.com/en/rankings/singles?dateWeek=2023-02-06&rankRange=0-5000,2026-03-22T00:50:25Z
atp,2023-02-06,HC21,S. Hong,Seongchan Hong,240,229,https://www.atptour.com/en/rankings/singles?dateWeek=2023-02-06&rankRange=0-5000,2026-03-22T00:50:25Z
atp,2023-02-06,ML57,G. Mager,Gianluca Mager,241,229,https://www.atptour.com/en/rankings/singles?dateWeek=2023-02-06&rankRange=0-5000,2026-03-22T00:50:25Z
atp,2023-02-06,N0BS,M. Navone,Mariano Navone,242,227,https://www.atptour.com/en/rankings/singles?dateWeek=2023-02-06&rankRange=0-5000,2026-03-22T00:50:25Z
atp,2023-02-06,GA79,L. Giustino,Lorenzo Giustino,243,227,https://www.atptour.com/en/rankings/singles?dateWeek=2023-02-06&rankRange=0-5000,2026-03-22T00:50:25Z
atp,2023-02-06,F840,N. Fatic,Nerman Fatic,244,226,https://www.atptour.com/en/rankings/singles?dateWeek=2023-02-06&rankRange=0-5000,2026-03-22T00:50:25Z
atp,2023-02-06,H756,R. Haase,Robin Haase,245,225,https://www.atptour.com/en/rankings/singles?dateWeek=2023-02-06&rankRange=0-5000,2026-03-22T00:50:25Z
atp,2023-02-06,LD22,N. Ly,Nam Hoang Ly,246,225,https://www.atptour.com/en/rankings/singles?dateWeek=2023-02-06&rankRange=0-5000,2026-03-22T00:50:25Z
atp,2023-02-06,O660,G. Olivieri,Genaro Alberto Olivieri,247,225,https://www.atptour.com/en/rankings/singles?dateWeek=2023-02-06&rankRange=0-5000,2026-03-22T00:50:25Z
atp,2023-02-06,E698,G. Elias,Gastao Elias,248,224,https://www.atptour.com/en/rankings/singles?dateWeek=2023-02-06&rankRange=0-5000,2026-03-22T00:50:25Z
atp,2023-02-06,GG65,M. Geerts,Michael Geerts,249,224,https://www.atptour.com/en/rankings/singles?dateWeek=2023-02-06&rankRange=0-5000,2026-03-22T00:50:25Z
atp,2023-02-06,GE28,I. Gakhov,Ivan Gakhov,250,224,https://www.atptour.com/en/rankings/singles?dateWeek=2023-02-06&rankRange=0-5000,2026-03-22T00:50:25Z
atp,2023-02-06,SY67,S. Shimabukuro,Sho Shimabukuro,251,222,https://www.atptour.com/en/rankings/singles?dateWeek=2023-02-06&rankRange=0-5000,2026-03-22T00:50:25Z
atp,2023-02-06,CH12,J. Choinski,Jan Choinski,252,222,https://www.atptour.com/en/rankings/singles?dateWeek=2023-02-06&rankRange=0-5000,2026-03-22T00:50:25Z
atp,2023-02-06,SP80,N. Serdarusic,Nino Serdarusic,253,222,https://www.atptour.com/en/rankings/singles?dateWeek=2023-02-06&rankRange=0-5000,2026-03-22T00:50:25Z
atp,2023-02-06,S0IA,D. Sweeny,Dane Sweeny,254,222,https://www.atptour.com/en/rankings/singles?dateWeek=2023-02-06&rankRange=0-5000,2026-03-22T00:50:25Z
atp,2023-02-06,G983,A. Giannessi,Alessandro Giannessi,255,219,https://www.atptour.com/en/rankings/singles?dateWeek=2023-02-06&rankRange=0-5000,2026-03-22T00:50:25Z
atp,2023-02-06,M0AW,N. Mejia,Nicolas Mejia,256,219,https://www.atptour.com/en/rankings/singles?dateWeek=2023-02-06&rankRange=0-5000,2026-03-22T00:50:25Z
atp,2023-02-06,B0FV,R. Burruchaga,Roman Andres Burruchaga,257,217,https://www.atptour.com/en/rankings/singles?dateWeek=2023-02-06&rankRange=0-5000,2026-03-22T00:50:25Z
atp,2023-02-06,G09C,M. Gengel,Marek Gengel,258,214,https://www.atptour.com/en/rankings/singles?dateWeek=2023-02-06&rankRange=0-5000,2026-03-22T00:50:25Z
atp,2023-02-06,N663,M. Neuchrist,Maximilian Neuchrist,259,213,https://www.atptour.com/en/rankings/singles?dateWeek=2023-02-06&rankRange=0-5000,2026-03-22T00:50:25Z
atp,2023-02-06,T0DM,J. Torres,Juan Bautista Torres,260,212,https://www.atptour.com/en/rankings/singles?dateWeek=2023-02-06&rankRange=0-5000,2026-03-22T00:50:25Z
atp,2023-02-06,M0JF,H. Medjedovic,Hamad Medjedovic,261,211,https://www.atptour.com/en/rankings/singles?dateWeek=2023-02-06&rankRange=0-5000,2026-03-22T00:50:25Z
atp,2023-02-06,A09U,N. Alvarez Varona,Nicolas Alvarez Varona,262,211,https://www.atptour.com/en/rankings/singles?dateWeek=2023-02-06&rankRange=0-5000,2026-03-22T00:50:25Z
atp,2023-02-06,O0A2,G. Onclin,Gauthier Onclin,263,211,https://www.atptour.com/en/rankings/singles?dateWeek=2023-02-06&rankRange=0-5000,2026-03-22T00:50:25Z
atp,2023-02-06,Z09D,K. Zuk,Kacper Zuk,264,205,https://www.atptour.com/en/rankings/singles?dateWeek=2023-02-06&rankRange=0-5000,2026-03-22T00:50:25Z
atp,2023-02-06,S0K7,Z. Svajda,Zachary Svajda,265,203,https://www.atptour.com/en/rankings/singles?dateWeek=2023-02-06&rankRange=0-5000,2026-03-22T00:50:25Z
atp,2023-02-06,G0AO,A. Gray,Alastair Gray,266,203,https://www.atptour.com/en/rankings/singles?dateWeek=2023-02-06&rankRange=0-5000,2026-03-22T00:50:25Z
atp,2023-02-06,J09X,F. Jianu,Filip Cristian Jianu,267,202,https://www.atptour.com/en/rankings/singles?dateWeek=2023-02-06&rankRange=0-5000,2026-03-22T00:50:25Z
atp,2023-02-06,SK94,C. Stebe,Cedrik Marcel Stebe,268,200,https://www.atptour.com/en/rankings/singles?dateWeek=2023-02-06&rankRange=0-5000,2026-03-22T00:50:25Z
atp,2023-02-06,RH59,S. Rodriguez Taverna,Santiago Rodriguez Taverna,269,198,https://www.atptour.com/en/rankings/singles?dateWeek=2023-02-06&rankRange=0-5000,2026-03-22T00:50:25Z
atp,2023-02-06,S0GZ,N. Sanchez Izquierdo,Nikolas Sanchez Izquierdo,270,197,https://www.atptour.com/en/rankings/singles?dateWeek=2023-02-06&rankRange=0-5000,2026-03-22T00:50:25Z
atp,2023-02-06,F0BT,J. Forejtek,Jonas Forejtek,271,196,https://www.atptour.com/en/rankings/singles?dateWeek=2023-02-06&rankRange=0-5000,2026-03-22T00:50:25Z
atp,2023-02-06,MN20,D. Masur,Daniel Masur,272,196,https://www.atptour.com/en/rankings/singles?dateWeek=2023-02-06&rankRange=0-5000,2026-03-22T00:50:25Z
atp,2023-02-06,M0E1,D. Michalski,Daniel Michalski,273,194,https://www.atptour.com/en/rankings/singles?dateWeek=2023-02-06&rankRange=0-5000,2026-03-22T00:50:25Z
atp,2023-02-06,C882,P. Cuevas,Pablo Cuevas,274,193,https://www.atptour.com/en/rankings/singles?dateWeek=2023-02-06&rankRange=0-5000,2026-03-22T00:50:25Z
atp,2023-02-06,PG94,M. Polmans,Marc Polmans,275,193,https://www.atptour.com/en/rankings/singles?dateWeek=2023-02-06&rankRange=0-5000,2026-03-22T00:50:25Z
atp,2023-02-06,C0DF,F. Comesana,Francisco Comesana,276,190,https://www.atptour.com/en/rankings/singles?dateWeek=2023-02-06&rankRange=0-5000,2026-03-22T00:50:25Z
atp,2023-02-06,D916,S. Diez,Steven Diez,277,190,https://www.atptour.com/en/rankings/singles?dateWeek=2023-02-06&rankRange=0-5000,2026-03-22T00:50:25Z
atp,2023-02-06,A0GC,T. Atmane,Terence Atmane,278,190,https://www.atptour.com/en/rankings/singles?dateWeek=2023-02-06&rankRange=0-5000,2026-03-22T00:50:25Z
atp,2023-02-06,ML73,S. Mansouri,Skander Mansouri,279,190,https://www.atptour.com/en/rankings/singles?dateWeek=2023-02-06&rankRange=0-5000,2026-03-22T00:50:25Z
atp,2023-02-06,RB60,O. Roca Batalla,Oriol Roca Batalla,280,189,https://www.atptour.com/en/rankings/singles?dateWeek=2023-02-06&rankRange=0-5000,2026-03-22T00:50:25Z
atp,2023-02-06,GF23,L. Gerch,Lucas Gerch,281,189,https://www.atptour.com/en/rankings/singles?dateWeek=2023-02-06&rankRange=0-5000,2026-03-22T00:50:25Z
atp,2023-02-06,Y09V,Y. Bu,Yunchaokete Bu,282,189,https://www.atptour.com/en/rankings/singles?dateWeek=2023-02-06&rankRange=0-5000,2026-03-22T00:50:25Z
atp,2023-02-06,MJ71,M. Moraing,Mats Moraing,283,184,https://www.atptour.com/en/rankings/singles?dateWeek=2023-02-06&rankRange=0-5000,2026-03-22T00:50:25Z
atp,2023-02-06,DF88,A. Dougaz,Aziz Dougaz,284,184,https://www.atptour.com/en/rankings/singles?dateWeek=2023-02-06&rankRange=0-5000,2026-03-22T00:50:25Z
atp,2023-02-06,M0EA,P. Martin Tiffon,Pol Martin Tiffon,285,183,https://www.atptour.com/en/rankings/singles?dateWeek=2023-02-06&rankRange=0-5000,2026-03-22T00:50:25Z
atp,2023-02-06,D985,J. Domingues,Joao Domingues,286,183,https://www.atptour.com/en/rankings/singles?dateWeek=2023-02-06&rankRange=0-5000,2026-03-22T00:50:25Z
atp,2023-02-06,V717,A. Vatutin,Alexey Vatutin,287,183,https://www.atptour.com/en/rankings/singles?dateWeek=2023-02-06&rankRange=0-5000,2026-03-22T00:50:25Z
atp,2023-02-06,Z09K,E. Zhu,Evan Zhu,288,183,https://www.atptour.com/en/rankings/singles?dateWeek=2023-02-06&rankRange=0-5000,2026-03-22T00:50:25Z
atp,2023-02-06,M0G4,H. Mayot,Harold Mayot,289,182,https://www.atptour.com/en/rankings/singles?dateWeek=2023-02-06&rankRange=0-5000,2026-03-22T00:50:25Z
atp,2023-02-06,WB25,L. Wessels,Louis Wessels,290,182,https://www.atptour.com/en/rankings/singles?dateWeek=2023-02-06&rankRange=0-5000,2026-03-22T00:50:25Z
atp,2023-02-06,M0HT,A. Moro Canas,Alejandro Moro Canas,291,181,https://www.atptour.com/en/rankings/singles?dateWeek=2023-02-06&rankRange=0-5000,2026-03-22T00:50:25Z
atp,2023-02-06,N0CS,L. Neumayer,Lukas Neumayer,292,179,https://www.atptour.com/en/rankings/singles?dateWeek=2023-02-06&rankRange=0-5000,2026-03-22T00:50:25Z
atp,2023-02-06,G858,E. Gulbis,Ernests Gulbis,293,175,https://www.atptour.com/en/rankings/singles?dateWeek=2023-02-06&rankRange=0-5000,2026-03-22T00:50:25Z
atp,2023-02-06,D0DW,T. Droguet,Titouan Droguet,294,174,https://www.atptour.com/en/rankings/singles?dateWeek=2023-02-06&rankRange=0-5000,2026-03-22T00:50:25Z
atp,2023-02-06,D0C1,J. de Jong,Jesper De Jong,295,174,https://www.atptour.com/en/rankings/singles?dateWeek=2023-02-06&rankRange=0-5000,2026-03-22T00:50:25Z
atp,2023-02-06,A09T,D. Added,Dan Added,296,174,https://www.atptour.com/en/rankings/singles?dateWeek=2023-02-06&rankRange=0-5000,2026-03-22T00:50:25Z
atp,2023-02-06,SG56,D. Dutra da Silva,Daniel Dutra Da Silva,297,174,https://www.atptour.com/en/rankings/singles?dateWeek=2023-02-06&rankRange=0-5000,2026-03-22T00:50:25Z
atp,2023-02-06,BV25,J. Barranco Cosano,Javier Barranco Cosano,298,173,https://www.atptour.com/en/rankings/singles?dateWeek=2023-02-06&rankRange=0-5000,2026-03-22T00:50:25Z
atp,2023-02-06,S0AR,T. Stodder,Timo Stodder,299,173,https://www.atptour.com/en/rankings/singles?dateWeek=2023-02-06&rankRange=0-5000,2026-03-22T00:50:25Z
atp,2023-02-06,M0HU,S. Mochizuki,Shintaro Mochizuki,300,171,https://www.atptour.com/en/rankings/singles?dateWeek=2023-02-06&rankRange=0-5000,2026-03-22T00:50:25Z
atp,2023-02-06,LI39,A. Lazarov,Alexandar Lazarov,301,170,https://www.atptour.com/en/rankings/singles?dateWeek=2023-02-06&rankRange=0-5000,2026-03-22T00:50:25Z
atp,2023-02-06,R0A7,J. Reis Da Silva,Joao Lucas Reis Da Silva,302,170,https://www.atptour.com/en/rankings/singles?dateWeek=2023-02-06&rankRange=0-5000,2026-03-22T00:50:25Z
atp,2023-02-06,I306,C. Ilkel,Cem Ilkel,303,168,https://www.atptour.com/en/rankings/singles?dateWeek=2023-02-06&rankRange=0-5000,2026-03-22T00:50:25Z
atp,2023-02-06,Z09Z,B. Zhukayev,Beibit Zhukayev,304,168,https://www.atptour.com/en/rankings/singles?dateWeek=2023-02-06&rankRange=0-5000,2026-03-22T00:50:25Z
atp,2023-02-06,U134,Y. Uchiyama,Yasutaka Uchiyama,305,165,https://www.atptour.com/en/rankings/singles?dateWeek=2023-02-06&rankRange=0-5000,2026-03-22T00:50:25Z
atp,2023-02-06,GA94,P. Gunneswaran,Prajnesh Gunneswaran,306,165,https://www.atptour.com/en/rankings/singles?dateWeek=2023-02-06&rankRange=0-5000,2026-03-22T00:50:25Z
atp,2023-02-06,H996,P. Herbert,Pierre Hugues Herbert,307,164,https://www.atptour.com/en/rankings/singles?dateWeek=2023-02-06&rankRange=0-5000,2026-03-22T00:50:25Z
atp,2023-02-06,R0EB,V. Royer,Valentin Royer,308,164,https://www.atptour.com/en/rankings/singles?dateWeek=2023-02-06&rankRange=0-5000,2026-03-22T00:50:25Z
atp,2023-02-06,MI01,H. Moriya,Hiroki Moriya,309,164,https://www.atptour.com/en/rankings/singles?dateWeek=2023-02-06&rankRange=0-5000,2026-03-22T00:50:25Z
atp,2023-02-06,HG94,B. Hassan,Benjamin Hassan,310,163,https://www.atptour.com/en/rankings/singles?dateWeek=2023-02-06&rankRange=0-5000,2026-03-22T00:50:25Z
atp,2023-02-06,V821,G. Villanueva,Gonzalo Villanueva,311,163,https://www.atptour.com/en/rankings/singles?dateWeek=2023-02-06&rankRange=0-5000,2026-03-22T00:50:25Z
atp,2023-02-06,D864,E. Donskoy,Evgeny Donskoy,312,162,https://www.atptour.com/en/rankings/singles?dateWeek=2023-02-06&rankRange=0-5000,2026-03-22T00:50:25Z
atp,2023-02-06,E811,E. Ejupovic,Elmar Ejupovic,313,162,https://www.atptour.com/en/rankings/singles?dateWeek=2023-02-06&rankRange=0-5000,2026-03-22T00:50:25Z
atp,2023-02-06,KD87,E. Karlovskiy,Evgeny Karlovskiy,314,162,https://www.atptour.com/en/rankings/singles?dateWeek=2023-02-06&rankRange=0-5000,2026-03-22T00:50:25Z
atp,2023-02-06,CI14,J. Clarke,Jay Clarke,315,161,https://www.atptour.com/en/rankings/singles?dateWeek=2023-02-06&rankRange=0-5000,2026-03-22T00:50:25Z
atp,2023-02-06,R0FP,D. Rincon,Daniel Rincon,316,161,https://www.atptour.com/en/rankings/singles?dateWeek=2023-02-06&rankRange=0-5000,2026-03-22T00:50:25Z
atp,2023-02-06,BV16,U. Blanchet,Ugo Blanchet,317,160,https://www.atptour.com/en/rankings/singles?dateWeek=2023-02-06&rankRange=0-5000,2026-03-22T00:50:25Z
atp,2023-02-06,VA25,V. Vacherot,Valentin Vacherot,318,159,https://www.atptour.com/en/rankings/singles?dateWeek=2023-02-06&rankRange=0-5000,2026-03-22T00:50:25Z
atp,2023-02-06,MM66,N. Milojevic,Nikola Milojevic,319,159,https://www.atptour.com/en/rankings/singles?dateWeek=2023-02-06&rankRange=0-5000,2026-03-22T00:50:25Z
atp,2023-02-06,Q941,R. Quiroz,Roberto Quiroz,320,158,https://www.atptour.com/en/rankings/singles?dateWeek=2023-02-06&rankRange=0-5000,2026-03-22T00:50:25Z
atp,2023-02-06,C0AK,O. Crawford,Oliver Crawford,321,158,https://www.atptour.com/en/rankings/singles?dateWeek=2023-02-06&rankRange=0-5000,2026-03-22T00:50:25Z
atp,2023-02-06,DC48,M. Dellien,Murkel Dellien,322,156,https://www.atptour.com/en/rankings/singles?dateWeek=2023-02-06&rankRange=0-5000,2026-03-22T00:50:25Z
atp,2023-02-06,BV27,U. Blanch,Ulises Blanch,323,155,https://www.atptour.com/en/rankings/singles?dateWeek=2023-02-06&rankRange=0-5000,2026-03-22T00:50:25Z
atp,2023-02-06,MW54,D. Madaras,Dragos Nicolae Madaras,324,154,https://www.atptour.com/en/rankings/singles?dateWeek=2023-02-06&rankRange=0-5000,2026-03-22T00:50:25Z
atp,2023-02-06,DG53,G. Decamps,Gabriel Decamps,325,154,https://www.atptour.com/en/rankings/singles?dateWeek=2023-02-06&rankRange=0-5000,2026-03-22T00:50:25Z
atp,2023-02-06,B0FI,P. Boscardin Dias,Pedro Boscardin Dias,326,152,https://www.atptour.com/en/rankings/singles?dateWeek=2023-02-06&rankRange=0-5000,2026-03-22T00:50:25Z
atp,2023-02-06,M0AC,R. Molleker,Rudolf Molleker,327,152,https://www.atptour.com/en/rankings/singles?dateWeek=2023-02-06&rankRange=0-5000,2026-03-22T00:50:25Z
atp,2023-02-06,H0CX,M. Houkes,Max Houkes,328,150,https://www.atptour.com/en/rankings/singles?dateWeek=2023-02-06&rankRange=0-5000,2026-03-22T00:50:25Z
atp,2023-02-06,Y171,D. Yevseyev,Denis Yevseyev,329,150,https://www.atptour.com/en/rankings/singles?dateWeek=2023-02-06&rankRange=0-5000,2026-03-22T00:50:25Z
atp,2023-02-06,S0N0,T. Schoolkate,Tristan Schoolkate,330,150,https://www.atptour.com/en/rankings/singles?dateWeek=2023-02-06&rankRange=0-5000,2026-03-22T00:50:25Z
atp,2023-02-06,J380,J. Jung,Jason Jung,331,148,https://www.atptour.com/en/rankings/singles?dateWeek=2023-02-06&rankRange=0-5000,2026-03-22T00:50:25Z
atp,2023-02-06,L0C1,C. Lopez Montagud,Carlos Lopez Montagud,332,148,https://www.atptour.com/en/rankings/singles?dateWeek=2023-02-06&rankRange=0-5000,2026-03-22T00:50:25Z
atp,2023-02-06,LB07,G. Lama,Gonzalo Lama,333,148,https://www.atptour.com/en/rankings/singles?dateWeek=2023-02-06&rankRange=0-5000,2026-03-22T00:50:25Z
atp,2023-02-06,A622,A. Arnaboldi,Andrea Arnaboldi,334,147,https://www.atptour.com/en/rankings/singles?dateWeek=2023-02-06&rankRange=0-5000,2026-03-22T00:50:25Z
atp,2023-02-06,PF39,L. Pouille,Lucas Pouille,335,146,https://www.atptour.com/en/rankings/singles?dateWeek=2023-02-06&rankRange=0-5000,2026-03-22T00:50:25Z
atp,2023-02-06,S0AK,H. Squire,Henri Squire,336,145,https://www.atptour.com/en/rankings/singles?dateWeek=2023-02-06&rankRange=0-5000,2026-03-22T00:50:25Z
atp,2023-02-06,S0AQ,Y. Shimizu,Yuta Shimizu,337,144,https://www.atptour.com/en/rankings/singles?dateWeek=2023-02-06&rankRange=0-5000,2026-03-22T00:50:25Z
atp,2023-02-06,SS25,V. Sachko,Vitaliy Sachko,338,144,https://www.atptour.com/en/rankings/singles?dateWeek=2023-02-06&rankRange=0-5000,2026-03-22T00:50:25Z
atp,2023-02-06,J620,M. Janvier,Maxime Janvier,339,143,https://www.atptour.com/en/rankings/singles?dateWeek=2023-02-06&rankRange=0-5000,2026-03-22T00:50:25Z
atp,2023-02-06,D750,K. De Schepper,Kenny De Schepper,340,143,https://www.atptour.com/en/rankings/singles?dateWeek=2023-02-06&rankRange=0-5000,2026-03-22T00:50:25Z
atp,2023-02-06,Q927,S. Querrey,Sam Querrey,341,142,https://www.atptour.com/en/rankings/singles?dateWeek=2023-02-06&rankRange=0-5000,2026-03-22T00:50:25Z
atp,2023-02-06,BH09,A. Bedene,Aljaz Bedene,342,140,https://www.atptour.com/en/rankings/singles?dateWeek=2023-02-06&rankRange=0-5000,2026-03-22T00:50:25Z
atp,2023-02-06,E873,E. Escobedo,Ernesto Escobedo,343,140,https://www.atptour.com/en/rankings/singles?dateWeek=2023-02-06&rankRange=0-5000,2026-03-22T00:50:25Z
atp,2023-02-06,LF29,A. Lopez San Martin,Alvaro Lopez San Martin,344,140,https://www.atptour.com/en/rankings/singles?dateWeek=2023-02-06&rankRange=0-5000,2026-03-22T00:50:25Z
atp,2023-02-06,K0E6,A. Kachmazov,Alibek Kachmazov,345,140,https://www.atptour.com/en/rankings/singles?dateWeek=2023-02-06&rankRange=0-5000,2026-03-22T00:50:25Z
atp,2023-02-06,T09X,C. Tabur,Clement Tabur,346,139,https://www.atptour.com/en/rankings/singles?dateWeek=2023-02-06&rankRange=0-5000,2026-03-22T00:50:25Z
atp,2023-02-06,WB19,A. Weis,Alexander Weis,347,139,https://www.atptour.com/en/rankings/singles?dateWeek=2023-02-06&rankRange=0-5000,2026-03-22T00:50:25Z
atp,2023-02-06,SX91,T. Seyboth Wild,Thiago Seyboth Wild,348,138,https://www.atptour.com/en/rankings/singles?dateWeek=2023-02-06&rankRange=0-5000,2026-03-22T00:50:25Z
atp,2023-02-06,BU70,R. Bertola,Remy Bertola,349,138,https://www.atptour.com/en/rankings/singles?dateWeek=2023-02-06&rankRange=0-5000,2026-03-22T00:50:25Z
atp,2023-02-06,LD26,E. Leshem,Edan Leshem,350,137,https://www.atptour.com/en/rankings/singles?dateWeek=2023-02-06&rankRange=0-5000,2026-03-22T00:50:25Z
atp,2023-02-06,HB05,C. Harrison,Christian Harrison,351,136,https://www.atptour.com/en/rankings/singles?dateWeek=2023-02-06&rankRange=0-5000,2026-03-22T00:50:25Z
atp,2023-02-06,L0CX,P. Llamas Ruiz,Pablo Llamas Ruiz,352,136,https://www.atptour.com/en/rankings/singles?dateWeek=2023-02-06&rankRange=0-5000,2026-03-22T00:50:25Z
atp,2023-02-06,HA71,A. Hoang,Antoine Hoang,353,136,https://www.atptour.com/en/rankings/singles?dateWeek=2023-02-06&rankRange=0-5000,2026-03-22T00:50:25Z
atp,2023-02-06,M0OQ,J. McCabe,James Mccabe,354,136,https://www.atptour.com/en/rankings/singles?dateWeek=2023-02-06&rankRange=0-5000,2026-03-22T00:50:25Z
atp,2023-02-06,M0GZ,G. Mpetshi Perricard,Giovanni Mpetshi Perricard,355,134,https://www.atptour.com/en/rankings/singles?dateWeek=2023-02-06&rankRange=0-5000,2026-03-22T00:50:25Z
atp,2023-02-06,AC58,N. Alvarez,Nicolas Alvarez,356,134,https://www.atptour.com/en/rankings/singles?dateWeek=2023-02-06&rankRange=0-5000,2026-03-22T00:50:25Z
atp,2023-02-06,CH90,Y. Chung,Yun Seong Chung,357,134,https://www.atptour.com/en/rankings/singles?dateWeek=2023-02-06&rankRange=0-5000,2026-03-22T00:50:25Z
atp,2023-02-06,LI03,E. Lavagno,Edoardo Lavagno,358,134,https://www.atptour.com/en/rankings/singles?dateWeek=2023-02-06&rankRange=0-5000,2026-03-22T00:50:25Z
atp,2023-02-06,DC76,V. Durasovic,Viktor Durasovic,359,133,https://www.atptour.com/en/rankings/singles?dateWeek=2023-02-06&rankRange=0-5000,2026-03-22T00:50:25Z
atp,2023-02-06,ME89,I. Marchenko,Illya Marchenko,360,133,https://www.atptour.com/en/rankings/singles?dateWeek=2023-02-06&rankRange=0-5000,2026-03-22T00:50:25Z
atp,2023-02-06,CL82,D. Cukierman,Daniel Cukierman,361,132,https://www.atptour.com/en/rankings/singles?dateWeek=2023-02-06&rankRange=0-5000,2026-03-22T00:50:25Z
atp,2023-02-06,HD68,B. Harris,Billy Harris,362,132,https://www.atptour.com/en/rankings/singles?dateWeek=2023-02-06&rankRange=0-5000,2026-03-22T00:50:25Z
atp,2023-02-06,E0AC,M. Erhard,Mathys Erhard,363,131,https://www.atptour.com/en/rankings/singles?dateWeek=2023-02-06&rankRange=0-5000,2026-03-22T00:50:25Z
atp,2023-02-06,FC49,G. Fonio,Giovanni Fonio,364,131,https://www.atptour.com/en/rankings/singles?dateWeek=2023-02-06&rankRange=0-5000,2026-03-22T00:50:25Z
atp,2023-02-06,F0A3,S. Fomin,Sergey Fomin,365,130,https://www.atptour.com/en/rankings/singles?dateWeek=2023-02-06&rankRange=0-5000,2026-03-22T00:50:25Z
atp,2023-02-06,MP83,G. Moroni,Gian Marco Moroni,366,130,https://www.atptour.com/en/rankings/singles?dateWeek=2023-02-06&rankRange=0-5000,2026-03-22T00:50:25Z
atp,2023-02-06,P0BK,S. Parker,Stuart Parker,367,130,https://www.atptour.com/en/rankings/singles?dateWeek=2023-02-06&rankRange=0-5000,2026-03-22T00:50:25Z
atp,2023-02-06,PF65,F. Peliwo,Filip Peliwo,368,130,https://www.atptour.com/en/rankings/singles?dateWeek=2023-02-06&rankRange=0-5000,2026-03-22T00:50:25Z
atp,2023-02-06,S0CG,C. Sanchez Jover,Carlos Sanchez Jover,369,129,https://www.atptour.com/en/rankings/singles?dateWeek=2023-02-06&rankRange=0-5000,2026-03-22T00:50:25Z
atp,2023-02-06,P0EV,A. Paulson,Andrew Paulson,370,129,https://www.atptour.com/en/rankings/singles?dateWeek=2023-02-06&rankRange=0-5000,2026-03-22T00:50:25Z
atp,2023-02-06,A887,G. Andreozzi,Guido Andreozzi,371,128,https://www.atptour.com/en/rankings/singles?dateWeek=2023-02-06&rankRange=0-5000,2026-03-22T00:50:25Z
atp,2023-02-06,MW76,M. Martineau,Matteo Martineau,372,127,https://www.atptour.com/en/rankings/singles?dateWeek=2023-02-06&rankRange=0-5000,2026-03-22T00:50:25Z
atp,2023-02-06,F664,S. Fanselow,Sebastian Fanselow,373,127,https://www.atptour.com/en/rankings/singles?dateWeek=2023-02-06&rankRange=0-5000,2026-03-22T00:50:25Z
atp,2023-02-06,MI43,G. Melzer,Gerald Melzer,374,126,https://www.atptour.com/en/rankings/singles?dateWeek=2023-02-06&rankRange=0-5000,2026-03-22T00:50:25Z
atp,2023-02-06,V0B2,M. Vrbensky,Michael Vrbensky,375,126,https://www.atptour.com/en/rankings/singles?dateWeek=2023-02-06&rankRange=0-5000,2026-03-22T00:50:25Z
atp,2023-02-06,BV21,C. Broom,Charles Broom,376,126,https://www.atptour.com/en/rankings/singles?dateWeek=2023-02-06&rankRange=0-5000,2026-03-22T00:50:25Z
atp,2023-02-06,W09E,A. Walton,Adam Walton,377,123,https://www.atptour.com/en/rankings/singles?dateWeek=2023-02-06&rankRange=0-5000,2026-03-22T00:50:25Z
atp,2023-02-06,RG42,A. Rybakov,Alex Rybakov,378,123,https://www.atptour.com/en/rankings/singles?dateWeek=2023-02-06&rankRange=0-5000,2026-03-22T00:50:25Z
atp,2023-02-06,O0BE,O. Ovcharenko,Oleksandr Ovcharenko,379,123,https://www.atptour.com/en/rankings/singles?dateWeek=2023-02-06&rankRange=0-5000,2026-03-22T00:50:25Z
atp,2023-02-06,O639,G. Oradini,Giovanni Oradini,380,122,https://www.atptour.com/en/rankings/singles?dateWeek=2023-02-06&rankRange=0-5000,2026-03-22T00:50:25Z
atp,2023-02-06,HB48,C. Hemery,Calvin Hemery,381,121,https://www.atptour.com/en/rankings/singles?dateWeek=2023-02-06&rankRange=0-5000,2026-03-22T00:50:25Z
atp,2023-02-06,EA13,M. Echargui,Moez Echargui,382,121,https://www.atptour.com/en/rankings/singles?dateWeek=2023-02-06&rankRange=0-5000,2026-03-22T00:50:25Z
atp,2023-02-06,KI48,E. Kirkin,Ergi Kirkin,383,121,https://www.atptour.com/en/rankings/singles?dateWeek=2023-02-06&rankRange=0-5000,2026-03-22T00:50:25Z
atp,2023-02-06,K0HC,M. Kasnikowski,Maks Kasnikowski,384,120,https://www.atptour.com/en/rankings/singles?dateWeek=2023-02-06&rankRange=0-5000,2026-03-22T00:50:25Z
atp,2023-02-06,PG20,D. Popko,Dmitry Popko,385,120,https://www.atptour.com/en/rankings/singles?dateWeek=2023-02-06&rankRange=0-5000,2026-03-22T00:50:25Z
atp,2023-02-06,O659,V. Orlov,Vladyslav Orlov,386,120,https://www.atptour.com/en/rankings/singles?dateWeek=2023-02-06&rankRange=0-5000,2026-03-22T00:50:25Z
atp,2023-02-06,SZ28,K. Seelig,Kyle Seelig,387,120,https://www.atptour.com/en/rankings/singles?dateWeek=2023-02-06&rankRange=0-5000,2026-03-22T00:50:25Z
atp,2023-02-06,CE25,S. Caruso,Salvatore Caruso,388,119,https://www.atptour.com/en/rankings/singles?dateWeek=2023-02-06&rankRange=0-5000,2026-03-22T00:50:25Z
atp,2023-02-06,M0NI,J. Mensik,Jakub Mensik,389,119,https://www.atptour.com/en/rankings/singles?dateWeek=2023-02-06&rankRange=0-5000,2026-03-22T00:50:25Z
atp,2023-02-06,L0GH,M. Lajal,Mark Lajal,390,119,https://www.atptour.com/en/rankings/singles?dateWeek=2023-02-06&rankRange=0-5000,2026-03-22T00:50:25Z
atp,2023-02-06,N0AL,G. Nanda,Govind Nanda,391,119,https://www.atptour.com/en/rankings/singles?dateWeek=2023-02-06&rankRange=0-5000,2026-03-22T00:50:25Z
atp,2023-02-06,LC54,B. Lock,Benjamin Lock,392,119,https://www.atptour.com/en/rankings/singles?dateWeek=2023-02-06&rankRange=0-5000,2026-03-22T00:50:25Z
atp,2023-02-06,HA28,F. Horansky,Filip Horansky,393,118,https://www.atptour.com/en/rankings/singles?dateWeek=2023-02-06&rankRange=0-5000,2026-03-22T00:50:25Z
atp,2023-02-06,CA99,M. Copil,Marius Copil,394,117,https://www.atptour.com/en/rankings/singles?dateWeek=2023-02-06&rankRange=0-5000,2026-03-22T00:50:25Z
atp,2023-02-06,BE67,M. Basic,Mirza Basic,395,117,https://www.atptour.com/en/rankings/singles?dateWeek=2023-02-06&rankRange=0-5000,2026-03-22T00:50:25Z
atp,2023-02-06,M0EY,A. Marti Pujolras,Alex Marti Pujolras,396,117,https://www.atptour.com/en/rankings/singles?dateWeek=2023-02-06&rankRange=0-5000,2026-03-22T00:50:25Z
atp,2023-02-06,A0CJ,D. Ajdukovic,Duje Ajdukovic,397,115,https://www.atptour.com/en/rankings/singles?dateWeek=2023-02-06&rankRange=0-5000,2026-03-22T00:50:25Z
atp,2023-02-06,MP13,M. Sasikumar,Mukund Sasikumar,398,115,https://www.atptour.com/en/rankings/singles?dateWeek=2023-02-06&rankRange=0-5000,2026-03-22T00:50:25Z
atp,2023-02-06,N830,J. Nikles,Johan Nikles,399,114,https://www.atptour.com/en/rankings/singles?dateWeek=2023-02-06&rankRange=0-5000,2026-03-22T00:50:25Z
atp,2023-02-06,F0CJ,G. Ferrari,Gianmarco Ferrari,400,114,https://www.atptour.com/en/rankings/singles?dateWeek=2023-02-06&rankRange=0-5000,2026-03-22T00:50:25Z
atp,2023-02-06,O09S,J. Otegui,Juan Bautista Otegui,401,114,https://www.atptour.com/en/rankings/singles?dateWeek=2023-02-06&rankRange=0-5000,2026-03-22T00:50:25Z
atp,2023-02-06,SQ80,A. Santillan,Akira Santillan,402,114,https://www.atptour.com/en/rankings/singles?dateWeek=2023-02-06&rankRange=0-5000,2026-03-22T00:50:25Z
atp,2023-02-06,SA93,A. Seppi,Andreas Seppi,403,113,https://www.atptour.com/en/rankings/singles?dateWeek=2023-02-06&rankRange=0-5000,2026-03-22T00:50:25Z
atp,2023-02-06,A09P,A. Ayeni,Alafia Ayeni,404,113,https://www.atptour.com/en/rankings/singles?dateWeek=2023-02-06&rankRange=0-5000,2026-03-22T00:50:25Z
atp,2023-02-06,P0E9,D. Palan,Dominik Palan,405,113,https://www.atptour.com/en/rankings/singles?dateWeek=2023-02-06&rankRange=0-5000,2026-03-22T00:50:25Z
atp,2023-02-06,V0DI,S. Vincent Ruggeri,Samuel Vincent Ruggeri,406,113,https://www.atptour.com/en/rankings/singles?dateWeek=2023-02-06&rankRange=0-5000,2026-03-22T00:50:25Z
atp,2023-02-06,CO01,A. Chepelev,Andrey Chepelev,407,113,https://www.atptour.com/en/rankings/singles?dateWeek=2023-02-06&rankRange=0-5000,2026-03-22T00:50:25Z
atp,2023-02-06,S0DQ,K. Smith,Keegan Smith,408,112,https://www.atptour.com/en/rankings/singles?dateWeek=2023-02-06&rankRange=0-5000,2026-03-22T00:50:25Z
atp,2023-02-06,TA12,S. Travaglia,Stefano Travaglia,409,112,https://www.atptour.com/en/rankings/singles?dateWeek=2023-02-06&rankRange=0-5000,2026-03-22T00:50:25Z
atp,2023-02-06,P0HW,D. Prizmic,Dino Prizmic,410,111,https://www.atptour.com/en/rankings/singles?dateWeek=2023-02-06&rankRange=0-5000,2026-03-22T00:50:25Z
atp,2023-02-06,B0AY,J. Briand,Jurgen Briand,411,111,https://www.atptour.com/en/rankings/singles?dateWeek=2023-02-06&rankRange=0-5000,2026-03-22T00:50:25Z
atp,2023-02-06,RB56,R. Ramanathan,Ramkumar Ramanathan,412,110,https://www.atptour.com/en/rankings/singles?dateWeek=2023-02-06&rankRange=0-5000,2026-03-22T00:50:25Z
atp,2023-02-06,M0CW,A. McHugh,Aidan Mchugh,413,110,https://www.atptour.com/en/rankings/singles?dateWeek=2023-02-06&rankRange=0-5000,2026-03-22T00:50:25Z
atp,2023-02-06,GC89,E. Gerasimov,Egor Gerasimov,414,108,https://www.atptour.com/en/rankings/singles?dateWeek=2023-02-06&rankRange=0-5000,2026-03-22T00:50:25Z
atp,2023-02-06,H0DU,G. Heide,Gustavo Heide,415,107,https://www.atptour.com/en/rankings/singles?dateWeek=2023-02-06&rankRange=0-5000,2026-03-22T00:50:25Z
atp,2023-02-06,W09B,D. Wenger,Damien Wenger,416,107,https://www.atptour.com/en/rankings/singles?dateWeek=2023-02-06&rankRange=0-5000,2026-03-22T00:50:25Z
atp,2023-02-06,GB53,F. Gaio,Federico Gaio,417,107,https://www.atptour.com/en/rankings/singles?dateWeek=2023-02-06&rankRange=0-5000,2026-03-22T00:50:25Z
atp,2023-02-06,RH62,M. Rosenkranz,Mats Rosenkranz,418,107,https://www.atptour.com/en/rankings/singles?dateWeek=2023-02-06&rankRange=0-5000,2026-03-22T00:50:25Z
atp,2023-02-06,C0B2,C. Cretu,Cezar Cretu,419,107,https://www.atptour.com/en/rankings/singles?dateWeek=2023-02-06&rankRange=0-5000,2026-03-22T00:50:25Z
atp,2023-02-06,F586,T. Fabbiano,Thomas Fabbiano,420,106,https://www.atptour.com/en/rankings/singles?dateWeek=2023-02-06&rankRange=0-5000,2026-03-22T00:50:25Z
atp,2023-02-06,BU36,A. Barroso Campos,Alberto Barroso Campos,421,106,https://www.atptour.com/en/rankings/singles?dateWeek=2023-02-06&rankRange=0-5000,2026-03-22T00:50:25Z
atp,2023-02-06,FB18,B. Patael,Ben Patael,422,106,https://www.atptour.com/en/rankings/singles?dateWeek=2023-02-06&rankRange=0-5000,2026-03-22T00:50:25Z
atp,2023-02-06,LB84,J. Londero,Juan Ignacio Londero,423,105,https://www.atptour.com/en/rankings/singles?dateWeek=2023-02-06&rankRange=0-5000,2026-03-22T00:50:25Z
atp,2023-02-06,F0DM,A. Fery,Arthur Fery,424,105,https://www.atptour.com/en/rankings/singles?dateWeek=2023-02-06&rankRange=0-5000,2026-03-22T00:50:25Z
atp,2023-02-06,KA22,D. Kelly,Dayne Kelly,425,105,https://www.atptour.com/en/rankings/singles?dateWeek=2023-02-06&rankRange=0-5000,2026-03-22T00:50:25Z
atp,2023-02-06,S0NV,A. Shelbayh,Abdullah Shelbayh,426,104,https://www.atptour.com/en/rankings/singles?dateWeek=2023-02-06&rankRange=0-5000,2026-03-22T00:50:25Z
atp,2023-02-06,BM05,B. Bobrov,Bogdan Bobrov,427,104,https://www.atptour.com/en/rankings/singles?dateWeek=2023-02-06&rankRange=0-5000,2026-03-22T00:50:25Z
atp,2023-02-06,F811,B. Fratangelo,Bjorn Fratangelo,428,103,https://www.atptour.com/en/rankings/singles?dateWeek=2023-02-06&rankRange=0-5000,2026-03-22T00:50:25Z
atp,2023-02-06,CB14,D. Cox,Daniel Cox,429,103,https://www.atptour.com/en/rankings/singles?dateWeek=2023-02-06&rankRange=0-5000,2026-03-22T00:50:25Z
atp,2023-02-06,BK19,M. Bourgue,Mathias Bourgue,430,102,https://www.atptour.com/en/rankings/singles?dateWeek=2023-02-06&rankRange=0-5000,2026-03-22T00:50:25Z
atp,2023-02-06,K0EP,J. Kym,Jerome Kym,431,102,https://www.atptour.com/en/rankings/singles?dateWeek=2023-02-06&rankRange=0-5000,2026-03-22T00:50:25Z
atp,2023-02-06,R0ED,M. Rehberg,Max Hans Rehberg,432,102,https://www.atptour.com/en/rankings/singles?dateWeek=2023-02-06&rankRange=0-5000,2026-03-22T00:50:25Z
atp,2023-02-06,G0GW,S. Gueymard Wayenburg,Sascha Gueymard Wayenburg,433,102,https://www.atptour.com/en/rankings/singles?dateWeek=2023-02-06&rankRange=0-5000,2026-03-22T00:50:25Z
atp,2023-02-06,C0BH,C. Chidekh,Clement Chidekh,434,101,https://www.atptour.com/en/rankings/singles?dateWeek=2023-02-06&rankRange=0-5000,2026-03-22T00:50:25Z
atp,2023-02-06,TA46,B. Tomic,Bernard Tomic,435,101,https://www.atptour.com/en/rankings/singles?dateWeek=2023-02-06&rankRange=0-5000,2026-03-22T00:50:25Z
atp,2023-02-06,R09V,E. Ribeiro,Eduardo Ribeiro,436,101,https://www.atptour.com/en/rankings/singles?dateWeek=2023-02-06&rankRange=0-5000,2026-03-22T00:50:25Z
atp,2023-02-06,MB53,A. Menendez-Maceiras,Adrian Menendez Maceiras,437,100,https://www.atptour.com/en/rankings/singles?dateWeek=2023-02-06&rankRange=0-5000,2026-03-22T00:50:25Z
atp,2023-02-06,DB93,M. Descotte,Matias Franco Descotte,438,100,https://www.atptour.com/en/rankings/singles?dateWeek=2023-02-06&rankRange=0-5000,2026-03-22T00:50:25Z
atp,2023-02-06,KG27,S. Kirchheimer,Strong Kirchheimer,439,100,https://www.atptour.com/en/rankings/singles?dateWeek=2023-02-06&rankRange=0-5000,2026-03-22T00:50:25Z
atp,2023-02-06,A0G7,V. Aboian,Valerio Aboian,440,100,https://www.atptour.com/en/rankings/singles?dateWeek=2023-02-06&rankRange=0-5000,2026-03-22T00:50:25Z
atp,2023-02-06,K0EE,O. Kumar,Omni Kumar,441,100,https://www.atptour.com/en/rankings/singles?dateWeek=2023-02-06&rankRange=0-5000,2026-03-22T00:50:25Z
atp,2023-02-06,B0JJ,R. Bertrand,Robin Bertrand,442,100,https://www.atptour.com/en/rankings/singles?dateWeek=2023-02-06&rankRange=0-5000,2026-03-22T00:50:25Z
atp,2023-02-06,J267,M. Jaziri,Malek Jaziri,443,99,https://www.atptour.com/en/rankings/singles?dateWeek=2023-02-06&rankRange=0-5000,2026-03-22T00:50:25Z
atp,2023-02-06,PL64,O. Prihodko,Oleg Prihodko,444,99,https://www.atptour.com/en/rankings/singles?dateWeek=2023-02-06&rankRange=0-5000,2026-03-22T00:50:25Z
atp,2023-02-06,GC17,O. Gutierrez,Oscar Jose Gutierrez,445,97,https://www.atptour.com/en/rankings/singles?dateWeek=2023-02-06&rankRange=0-5000,2026-03-22T00:50:25Z
atp,2023-02-06,F09J,K. Friberg,Karl Friberg,446,97,https://www.atptour.com/en/rankings/singles?dateWeek=2023-02-06&rankRange=0-5000,2026-03-22T00:50:25Z
atp,2023-02-06,D0DT,M. Damm,Martin Damm,447,95,https://www.atptour.com/en/rankings/singles?dateWeek=2023-02-06&rankRange=0-5000,2026-03-22T00:50:25Z
atp,2023-02-06,G0AV,C. Gimeno Valero,Carlos Gimeno Valero,448,94,https://www.atptour.com/en/rankings/singles?dateWeek=2023-02-06&rankRange=0-5000,2026-03-22T00:50:25Z
atp,2023-02-06,PC09,J. Pereira,Jose Pereira,449,94,https://www.atptour.com/en/rankings/singles?dateWeek=2023-02-06&rankRange=0-5000,2026-03-22T00:50:25Z
atp,2023-02-06,BT68,E. Benchetrit,Elliot Benchetrit,450,94,https://www.atptour.com/en/rankings/singles?dateWeek=2023-02-06&rankRange=0-5000,2026-03-22T00:50:25Z
atp,2023-02-06,J737,F. Juarez,Facundo Juarez,451,94,https://www.atptour.com/en/rankings/singles?dateWeek=2023-02-06&rankRange=0-5000,2026-03-22T00:50:25Z
atp,2023-02-06,SR81,K. Sultanov,Khumoyun Sultanov,452,94,https://www.atptour.com/en/rankings/singles?dateWeek=2023-02-06&rankRange=0-5000,2026-03-22T00:50:25Z
atp,2023-02-06,LA54,W. Leite,Wilson Leite,453,94,https://www.atptour.com/en/rankings/singles?dateWeek=2023-02-06&rankRange=0-5000,2026-03-22T00:50:25Z
atp,2023-02-06,CF10,N. Chappell,Nick Chappell,454,93,https://www.atptour.com/en/rankings/singles?dateWeek=2023-02-06&rankRange=0-5000,2026-03-22T00:50:25Z
atp,2023-02-06,MF35,A. Martin,Andrej Martin,455,92,https://www.atptour.com/en/rankings/singles?dateWeek=2023-02-06&rankRange=0-5000,2026-03-22T00:50:25Z
atp,2023-02-06,J0AZ,K. Jacquet,Kyrian Jacquet,456,92,https://www.atptour.com/en/rankings/singles?dateWeek=2023-02-06&rankRange=0-5000,2026-03-22T00:50:25Z
atp,2023-02-06,HF80,H. Habib,Hady Habib,457,92,https://www.atptour.com/en/rankings/singles?dateWeek=2023-02-06&rankRange=0-5000,2026-03-22T00:50:25Z
atp,2023-02-06,FA50,T. Fancutt,Thomas Fancutt,458,92,https://www.atptour.com/en/rankings/singles?dateWeek=2023-02-06&rankRange=0-5000,2026-03-22T00:50:25Z
atp,2023-02-06,SQ79,C. Sinclair,Colin Sinclair,459,91,https://www.atptour.com/en/rankings/singles?dateWeek=2023-02-06&rankRange=0-5000,2026-03-22T00:50:25Z
atp,2023-02-06,MO55,L. Miedler,Lucas Miedler,460,90,https://www.atptour.com/en/rankings/singles?dateWeek=2023-02-06&rankRange=0-5000,2026-03-22T00:50:25Z
atp,2023-02-06,F0A4,F. Forti,Francesco Forti,461,90,https://www.atptour.com/en/rankings/singles?dateWeek=2023-02-06&rankRange=0-5000,2026-03-22T00:50:25Z
atp,2023-02-06,G0EU,F. Gill,Felix Gill,462,90,https://www.atptour.com/en/rankings/singles?dateWeek=2023-02-06&rankRange=0-5000,2026-03-22T00:50:25Z
atp,2023-02-06,R0DC,A. Rai,Ajeet Rai,463,89,https://www.atptour.com/en/rankings/singles?dateWeek=2023-02-06&rankRange=0-5000,2026-03-22T00:50:25Z
atp,2023-02-06,S483,P. Sousa,Pedro Sousa,464,88,https://www.atptour.com/en/rankings/singles?dateWeek=2023-02-06&rankRange=0-5000,2026-03-22T00:50:25Z
atp,2023-02-06,P0GQ,M. Poljicak,Mili Poljicak,465,88,https://www.atptour.com/en/rankings/singles?dateWeek=2023-02-06&rankRange=0-5000,2026-03-22T00:50:25Z
atp,2023-02-06,PG69,J. Paz,Juan Pablo Paz,466,88,https://www.atptour.com/en/rankings/singles?dateWeek=2023-02-06&rankRange=0-5000,2026-03-22T00:50:25Z
atp,2023-02-06,M0QI,A. Michelsen,Alex Michelsen,467,87,https://www.atptour.com/en/rankings/singles?dateWeek=2023-02-06&rankRange=0-5000,2026-03-22T00:50:25Z
atp,2023-02-06,Q02L,E. Quinn,Ethan Quinn,468,87,https://www.atptour.com/en/rankings/singles?dateWeek=2023-02-06&rankRange=0-5000,2026-03-22T00:50:25Z
atp,2023-02-06,CC98,M. Cuevas,Martin Cuevas,469,87,https://www.atptour.com/en/rankings/singles?dateWeek=2023-02-06&rankRange=0-5000,2026-03-22T00:50:25Z
atp,2023-02-06,O674,Y. Oliel,Yshai Oliel,470,87,https://www.atptour.com/en/rankings/singles?dateWeek=2023-02-06&rankRange=0-5000,2026-03-22T00:50:25Z
atp,2023-02-06,K0CJ,S. Kopp,Sandro Kopp,471,87,https://www.atptour.com/en/rankings/singles?dateWeek=2023-02-06&rankRange=0-5000,2026-03-22T00:50:25Z
atp,2023-02-06,K0FY,M. Krumich,Martin Krumich,472,86,https://www.atptour.com/en/rankings/singles?dateWeek=2023-02-06&rankRange=0-5000,2026-03-22T00:50:25Z
atp,2023-02-06,PG56,J. Panta,Jorge Panta,473,86,https://www.atptour.com/en/rankings/singles?dateWeek=2023-02-06&rankRange=0-5000,2026-03-22T00:50:25Z
atp,2023-02-06,MK26,J. Marie,Jules Marie,474,86,https://www.atptour.com/en/rankings/singles?dateWeek=2023-02-06&rankRange=0-5000,2026-03-22T00:50:25Z
atp,2023-02-06,D0AR,M. Alves,Mateus Alves,475,85,https://www.atptour.com/en/rankings/singles?dateWeek=2023-02-06&rankRange=0-5000,2026-03-22T00:50:25Z
atp,2023-02-06,LI10,C. Langmo,Christian Langmo,476,85,https://www.atptour.com/en/rankings/singles?dateWeek=2023-02-06&rankRange=0-5000,2026-03-22T00:50:25Z
atp,2023-02-06,T0FI,M. Topo,Marko Topo,477,85,https://www.atptour.com/en/rankings/singles?dateWeek=2023-02-06&rankRange=0-5000,2026-03-22T00:50:25Z
atp,2023-02-06,O482,G. Oliveira,Gonzalo Oliveira,478,85,https://www.atptour.com/en/rankings/singles?dateWeek=2023-02-06&rankRange=0-5000,2026-03-22T00:50:25Z
atp,2023-02-06,N707,N. Nakagawa,Naoki Nakagawa,479,84,https://www.atptour.com/en/rankings/singles?dateWeek=2023-02-06&rankRange=0-5000,2026-03-22T00:50:25Z
atp,2023-02-06,SF89,R. Statham,Rubin Statham,480,84,https://www.atptour.com/en/rankings/singles?dateWeek=2023-02-06&rankRange=0-5000,2026-03-22T00:50:25Z
atp,2023-02-06,K0BH,R. Kawakami,Rimpei Kawakami,481,83,https://www.atptour.com/en/rankings/singles?dateWeek=2023-02-06&rankRange=0-5000,2026-03-22T00:50:25Z
atp,2023-02-06,E0AA,Y. Erel,Yanki Erel,482,83,https://www.atptour.com/en/rankings/singles?dateWeek=2023-02-06&rankRange=0-5000,2026-03-22T00:50:25Z
atp,2023-02-06,PH67,N. Ponwith,Nathan Ponwith,483,83,https://www.atptour.com/en/rankings/singles?dateWeek=2023-02-06&rankRange=0-5000,2026-03-22T00:50:25Z
atp,2023-02-06,PL39,A. Perez,Alfredo Perez,484,83,https://www.atptour.com/en/rankings/singles?dateWeek=2023-02-06&rankRange=0-5000,2026-03-22T00:50:25Z
atp,2023-02-06,I330,S. Imai,Shintaro Imai,485,82,https://www.atptour.com/en/rankings/singles?dateWeek=2023-02-06&rankRange=0-5000,2026-03-22T00:50:25Z
atp,2023-02-06,PH77,D. Poljak,David Poljak,486,82,https://www.atptour.com/en/rankings/singles?dateWeek=2023-02-06&rankRange=0-5000,2026-03-22T00:50:25Z
atp,2023-02-06,AG57,L. Aboian,Leonardo Aboian,487,80,https://www.atptour.com/en/rankings/singles?dateWeek=2023-02-06&rankRange=0-5000,2026-03-22T00:50:25Z
atp,2023-02-06,N652,J. Nam,Jisung Nam,488,79,https://www.atptour.com/en/rankings/singles?dateWeek=2023-02-06&rankRange=0-5000,2026-03-22T00:50:25Z
atp,2023-02-06,A0BA,F. Arnaboldi,Federico Arnaboldi,489,79,https://www.atptour.com/en/rankings/singles?dateWeek=2023-02-06&rankRange=0-5000,2026-03-22T00:50:25Z
atp,2023-02-06,S0R5,I. Snitari,Ilya Snitari,490,79,https://www.atptour.com/en/rankings/singles?dateWeek=2023-02-06&rankRange=0-5000,2026-03-22T00:50:25Z
atp,2023-02-06,H09N,A. Holmgren,August Holmgren,491,78,https://www.atptour.com/en/rankings/singles?dateWeek=2023-02-06&rankRange=0-5000,2026-03-22T00:50:25Z
atp,2023-02-06,GJ05,A. Gautier,Alexis Gautier,492,78,https://www.atptour.com/en/rankings/singles?dateWeek=2023-02-06&rankRange=0-5000,2026-03-22T00:50:25Z
atp,2023-02-06,S0GV,R. Strombachs,Robert Strombachs,493,78,https://www.atptour.com/en/rankings/singles?dateWeek=2023-02-06&rankRange=0-5000,2026-03-22T00:50:25Z
atp,2023-02-06,Z366,M. Zukas,Matias Zukas,494,77,https://www.atptour.com/en/rankings/singles?dateWeek=2023-02-06&rankRange=0-5000,2026-03-22T00:50:25Z
atp,2023-02-06,H0C9,A. Huertas Del Pino Cordova,Arklon Huertas Del Pino Cordova,495,76,https://www.atptour.com/en/rankings/singles?dateWeek=2023-02-06&rankRange=0-5000,2026-03-22T00:50:25Z
atp,2023-02-06,I165,D. Istomin,Denis Istomin,496,75,https://www.atptour.com/en/rankings/singles?dateWeek=2023-02-06&rankRange=0-5000,2026-03-22T00:50:25Z
atp,2023-02-06,KB54,A. Kuznetsov,Andrey Kuznetsov,497,74,https://www.atptour.com/en/rankings/singles?dateWeek=2023-02-06&rankRange=0-5000,2026-03-22T00:50:25Z
atp,2023-02-06,C0HB,E. Coulibaly,Eliakim Coulibaly,498,74,https://www.atptour.com/en/rankings/singles?dateWeek=2023-02-06&rankRange=0-5000,2026-03-22T00:50:25Z
atp,2023-02-06,W0A4,A. Weber,Arthur Weber,499,73,https://www.atptour.com/en/rankings/singles?dateWeek=2023-02-06&rankRange=0-5000,2026-03-22T00:50:25Z
atp,2023-02-06,R0A5,S. Riffice,Sam Riffice,500,72,https://www.atptour.com/en/rankings/singles?dateWeek=2023-02-06&rankRange=0-5000,2026-03-22T00:50:25Z
atp,2023-02-06,K776,K. Kravchuk,Konstantin Kravchuk,501,72,https://www.atptour.com/en/rankings/singles?dateWeek=2023-02-06&rankRange=0-5000,2026-03-22T00:50:25Z
atp,2023-02-06,W0AH,H. Wendelken,Harry Wendelken,502,72,https://www.atptour.com/en/rankings/singles?dateWeek=2023-02-06&rankRange=0-5000,2026-03-22T00:50:25Z
atp,2023-02-06,PI95,D. Pichler,David Pichler,503,72,https://www.atptour.com/en/rankings/singles?dateWeek=2023-02-06&rankRange=0-5000,2026-03-22T00:50:25Z
atp,2023-02-06,I0AP,K. Ivanovski,Kalin Ivanovski,504,72,https://www.atptour.com/en/rankings/singles?dateWeek=2023-02-06&rankRange=0-5000,2026-03-22T00:50:25Z
atp,2023-02-06,C0JX,S. Cuenin,Sean Cuenin,505,71,https://www.atptour.com/en/rankings/singles?dateWeek=2023-02-06&rankRange=0-5000,2026-03-22T00:50:25Z
atp,2023-02-06,H0DC,G. Hussey,Giles Hussey,506,71,https://www.atptour.com/en/rankings/singles?dateWeek=2023-02-06&rankRange=0-5000,2026-03-22T00:50:25Z
atp,2023-02-06,CO07,E. Clark,Ezekiel Clark,507,71,https://www.atptour.com/en/rankings/singles?dateWeek=2023-02-06&rankRange=0-5000,2026-03-22T00:50:25Z
atp,2023-02-06,BP44,G. Brymer,Gage Brymer,508,71,https://www.atptour.com/en/rankings/singles?dateWeek=2023-02-06&rankRange=0-5000,2026-03-22T00:50:25Z
atp,2023-02-06,N897,S. Nagal,Sumit Nagal,509,70,https://www.atptour.com/en/rankings/singles?dateWeek=2023-02-06&rankRange=0-5000,2026-03-22T00:50:25Z
atp,2023-02-06,L0ER,T. Legout,Timo Legout,510,70,https://www.atptour.com/en/rankings/singles?dateWeek=2023-02-06&rankRange=0-5000,2026-03-22T00:50:25Z
atp,2023-02-06,H0BA,S. Hazawa,Shinji Hazawa,511,70,https://www.atptour.com/en/rankings/singles?dateWeek=2023-02-06&rankRange=0-5000,2026-03-22T00:50:25Z
atp,2023-02-06,S0TI,P. Sekulic,Philip Sekulic,512,69,https://www.atptour.com/en/rankings/singles?dateWeek=2023-02-06&rankRange=0-5000,2026-03-22T00:50:25Z
atp,2023-02-06,CN78,L. Catarina,Lucas Catarina,513,69,https://www.atptour.com/en/rankings/singles?dateWeek=2023-02-06&rankRange=0-5000,2026-03-22T00:50:25Z
atp,2023-02-06,V0D4,E. Vanshelboim,Eric Vanshelboim,514,69,https://www.atptour.com/en/rankings/singles?dateWeek=2023-02-06&rankRange=0-5000,2026-03-22T00:50:25Z
atp,2023-02-06,B0JG,L. Borg,Leo Borg,515,69,https://www.atptour.com/en/rankings/singles?dateWeek=2023-02-06&rankRange=0-5000,2026-03-22T00:50:25Z
atp,2023-02-06,BC76,N. Barrientos,Nicolas Barrientos,516,68,https://www.atptour.com/en/rankings/singles?dateWeek=2023-02-06&rankRange=0-5000,2026-03-22T00:50:25Z
atp,2023-02-06,L0DM,A. Lingua Lavallen,Alejo Lorenzo Lingua Lavallen,517,68,https://www.atptour.com/en/rankings/singles?dateWeek=2023-02-06&rankRange=0-5000,2026-03-22T00:50:25Z
atp,2023-02-06,M0NB,A. Mayo,Aidan Mayo,518,68,https://www.atptour.com/en/rankings/singles?dateWeek=2023-02-06&rankRange=0-5000,2026-03-22T00:50:25Z
atp,2023-02-06,DF92,C. Denolly,Corentin Denolly,519,68,https://www.atptour.com/en/rankings/singles?dateWeek=2023-02-06&rankRange=0-5000,2026-03-22T00:50:25Z
atp,2023-02-06,S0RF,M. Serafini,Marcello Serafini,520,68,https://www.atptour.com/en/rankings/singles?dateWeek=2023-02-06&rankRange=0-5000,2026-03-22T00:50:25Z
atp,2023-02-06,SF41,A. Setkic,Aldin Setkic,521,68,https://www.atptour.com/en/rankings/singles?dateWeek=2023-02-06&rankRange=0-5000,2026-03-22T00:50:25Z
atp,2023-02-06,M0NL,I. Montes-De La Torre,Inaki Montes De La Torre,522,67,https://www.atptour.com/en/rankings/singles?dateWeek=2023-02-06&rankRange=0-5000,2026-03-22T00:50:25Z
atp,2023-02-06,MO76,G. Madarasz,Gergely Madarasz,523,67,https://www.atptour.com/en/rankings/singles?dateWeek=2023-02-06&rankRange=0-5000,2026-03-22T00:50:25Z
atp,2023-02-06,RB86,S. Rawat,Sidharth Rawat,524,67,https://www.atptour.com/en/rankings/singles?dateWeek=2023-02-06&rankRange=0-5000,2026-03-22T00:50:25Z
atp,2023-02-06,LB51,J. Lenz,Julian Lenz,525,67,https://www.atptour.com/en/rankings/singles?dateWeek=2023-02-06&rankRange=0-5000,2026-03-22T00:50:25Z
atp,2023-02-06,K0A3,P. Kypson,Patrick Kypson,526,67,https://www.atptour.com/en/rankings/singles?dateWeek=2023-02-06&rankRange=0-5000,2026-03-22T00:50:25Z
atp,2023-02-06,VA23,K. Van Wyk,Kris Van Wyk,527,67,https://www.atptour.com/en/rankings/singles?dateWeek=2023-02-06&rankRange=0-5000,2026-03-22T00:50:25Z
atp,2023-02-06,CJ60,A. Cozbinov,Alexandr Cozbinov,528,67,https://www.atptour.com/en/rankings/singles?dateWeek=2023-02-06&rankRange=0-5000,2026-03-22T00:50:25Z
atp,2023-02-06,B0C3,S. Beaupain,Simon Beaupain,529,67,https://www.atptour.com/en/rankings/singles?dateWeek=2023-02-06&rankRange=0-5000,2026-03-22T00:50:25Z
atp,2023-02-06,MV75,I. Monzon,Ignacio Monzon,530,67,https://www.atptour.com/en/rankings/singles?dateWeek=2023-02-06&rankRange=0-5000,2026-03-22T00:50:25Z
atp,2023-02-06,P0B2,L. Potenza,Luca Potenza,531,66,https://www.atptour.com/en/rankings/singles?dateWeek=2023-02-06&rankRange=0-5000,2026-03-22T00:50:25Z
atp,2023-02-06,M0N7,D. Merida,Daniel Merida,532,66,https://www.atptour.com/en/rankings/singles?dateWeek=2023-02-06&rankRange=0-5000,2026-03-22T00:50:25Z
atp,2023-02-06,G0EQ,S. Gima,Sebastian Gima,533,66,https://www.atptour.com/en/rankings/singles?dateWeek=2023-02-06&rankRange=0-5000,2026-03-22T00:50:25Z
atp,2023-02-06,CD00,M. Chazal,Maxime Chazal,534,66,https://www.atptour.com/en/rankings/singles?dateWeek=2023-02-06&rankRange=0-5000,2026-03-22T00:50:25Z
atp,2023-02-06,C0HT,M. Cassone,Murphy Cassone,535,65,https://www.atptour.com/en/rankings/singles?dateWeek=2023-02-06&rankRange=0-5000,2026-03-22T00:50:25Z
atp,2023-02-06,LF26,O. Luz,Orlando Luz,536,65,https://www.atptour.com/en/rankings/singles?dateWeek=2023-02-06&rankRange=0-5000,2026-03-22T00:50:25Z
atp,2023-02-06,SL92,S. Sekiguchi,Shuichi Sekiguchi,537,65,https://www.atptour.com/en/rankings/singles?dateWeek=2023-02-06&rankRange=0-5000,2026-03-22T00:50:25Z
atp,2023-02-06,N679,S. Napolitano,Stefano Napolitano,538,65,https://www.atptour.com/en/rankings/singles?dateWeek=2023-02-06&rankRange=0-5000,2026-03-22T00:50:25Z
atp,2023-02-06,O664,M. Ochi,Makoto Ochi,539,65,https://www.atptour.com/en/rankings/singles?dateWeek=2023-02-06&rankRange=0-5000,2026-03-22T00:50:25Z
atp,2023-02-06,BU53,C. Bittoun Kouzmine,Constantin Bittoun Kouzmine,540,65,https://www.atptour.com/en/rankings/singles?dateWeek=2023-02-06&rankRange=0-5000,2026-03-22T00:50:25Z
atp,2023-02-06,BH02,S. Bangoura,Sekou Bangoura,541,64,https://www.atptour.com/en/rankings/singles?dateWeek=2023-02-06&rankRange=0-5000,2026-03-22T00:50:25Z
atp,2023-02-06,A0B6,J. Angele,Jaimee Floyd Angele,542,64,https://www.atptour.com/en/rankings/singles?dateWeek=2023-02-06&rankRange=0-5000,2026-03-22T00:50:25Z
atp,2023-02-06,P0CY,S. Palosi,Stefan Palosi,543,64,https://www.atptour.com/en/rankings/singles?dateWeek=2023-02-06&rankRange=0-5000,2026-03-22T00:50:25Z
atp,2023-02-06,S0TM,T. Samuel,Toby Samuel,544,63,https://www.atptour.com/en/rankings/singles?dateWeek=2023-02-06&rankRange=0-5000,2026-03-22T00:50:25Z
atp,2023-02-06,S0BT,A. Soriano Barrera,Adria Soriano Barrera,545,63,https://www.atptour.com/en/rankings/singles?dateWeek=2023-02-06&rankRange=0-5000,2026-03-22T00:50:25Z
atp,2023-02-06,L0AT,I. Lopez Morillo,Imanol Lopez Morillo,546,63,https://www.atptour.com/en/rankings/singles?dateWeek=2023-02-06&rankRange=0-5000,2026-03-22T00:50:25Z
atp,2023-02-06,E831,K. Edmund,Kyle Edmund,547,62,https://www.atptour.com/en/rankings/singles?dateWeek=2023-02-06&rankRange=0-5000,2026-03-22T00:50:25Z
atp,2023-02-06,S0EK,M. Soto,Matias Soto,548,62,https://www.atptour.com/en/rankings/singles?dateWeek=2023-02-06&rankRange=0-5000,2026-03-22T00:50:25Z
atp,2023-02-06,M0B2,Y. Mochizuki,Yuki Mochizuki,549,62,https://www.atptour.com/en/rankings/singles?dateWeek=2023-02-06&rankRange=0-5000,2026-03-22T00:50:25Z
atp,2023-02-06,LC11,T. Lamasine,Tristan Lamasine,550,62,https://www.atptour.com/en/rankings/singles?dateWeek=2023-02-06&rankRange=0-5000,2026-03-22T00:50:25Z
atp,2023-02-06,W716,M. Whitehouse,Mark Whitehouse,551,62,https://www.atptour.com/en/rankings/singles?dateWeek=2023-02-06&rankRange=0-5000,2026-03-22T00:50:25Z
atp,2023-02-06,K435,P. Kohlschreiber,Philipp Kohlschreiber,552,61,https://www.atptour.com/en/rankings/singles?dateWeek=2023-02-06&rankRange=0-5000,2026-03-22T00:50:25Z
atp,2023-02-06,B0GR,G. Bueno,Gonzalo Bueno,553,61,https://www.atptour.com/en/rankings/singles?dateWeek=2023-02-06&rankRange=0-5000,2026-03-22T00:50:25Z
atp,2023-02-06,B0GY,A. Barrena,Alex Barrena,554,61,https://www.atptour.com/en/rankings/singles?dateWeek=2023-02-06&rankRange=0-5000,2026-03-22T00:50:25Z
atp,2023-02-06,K0DB,C. Kingsley,Cannon Kingsley,555,60,https://www.atptour.com/en/rankings/singles?dateWeek=2023-02-06&rankRange=0-5000,2026-03-22T00:50:25Z
atp,2023-02-06,P0I6,G. Piraino,Gabriele Piraino,556,60,https://www.atptour.com/en/rankings/singles?dateWeek=2023-02-06&rankRange=0-5000,2026-03-22T00:50:25Z
atp,2023-02-06,V846,J. Vidal Azorin,Jose Fco. Vidal Azorin,557,60,https://www.atptour.com/en/rankings/singles?dateWeek=2023-02-06&rankRange=0-5000,2026-03-22T00:50:25Z
atp,2023-02-06,P0EA,S. Purtseladze,Saba Purtseladze,558,60,https://www.atptour.com/en/rankings/singles?dateWeek=2023-02-06&rankRange=0-5000,2026-03-22T00:50:25Z
atp,2023-02-06,P0HT,J. Pinnington Jones,Jack Pinnington Jones,559,59,https://www.atptour.com/en/rankings/singles?dateWeek=2023-02-06&rankRange=0-5000,2026-03-22T00:50:25Z
atp,2023-02-06,CH19,D. Capecchi,Daniele Capecchi,560,59,https://www.atptour.com/en/rankings/singles?dateWeek=2023-02-06&rankRange=0-5000,2026-03-22T00:50:25Z
atp,2023-02-06,AB71,J. Aragone,Jc Aragone,561,58,https://www.atptour.com/en/rankings/singles?dateWeek=2023-02-06&rankRange=0-5000,2026-03-22T00:50:25Z
atp,2023-02-06,K0BJ,G. Kravchenko,Georgii Kravchenko,562,58,https://www.atptour.com/en/rankings/singles?dateWeek=2023-02-06&rankRange=0-5000,2026-03-22T00:50:25Z
atp,2023-02-06,P0D0,J. Paul,Jakub Paul,563,58,https://www.atptour.com/en/rankings/singles?dateWeek=2023-02-06&rankRange=0-5000,2026-03-22T00:50:25Z
atp,2023-02-06,M0ON,J. Monday,Johannus Monday,564,57,https://www.atptour.com/en/rankings/singles?dateWeek=2023-02-06&rankRange=0-5000,2026-03-22T00:50:25Z
atp,2023-02-06,B0F8,J. Boulais,Justin Boulais,565,57,https://www.atptour.com/en/rankings/singles?dateWeek=2023-02-06&rankRange=0-5000,2026-03-22T00:50:25Z
atp,2023-02-06,H940,R. Harrison,Ryan Harrison,566,57,https://www.atptour.com/en/rankings/singles?dateWeek=2023-02-06&rankRange=0-5000,2026-03-22T00:50:25Z
atp,2023-02-06,VA15,D. Vale,Duarte Vale,567,57,https://www.atptour.com/en/rankings/singles?dateWeek=2023-02-06&rankRange=0-5000,2026-03-22T00:50:25Z
atp,2023-02-06,H0B5,T. Huang,Tsung Hao Huang,568,57,https://www.atptour.com/en/rankings/singles?dateWeek=2023-02-06&rankRange=0-5000,2026-03-22T00:50:25Z
atp,2023-02-06,SY71,D. Singh,Digvijaypratap Singh,569,57,https://www.atptour.com/en/rankings/singles?dateWeek=2023-02-06&rankRange=0-5000,2026-03-22T00:50:25Z
atp,2023-02-06,D0D2,A. Deckers,Alec Deckers,570,56,https://www.atptour.com/en/rankings/singles?dateWeek=2023-02-06&rankRange=0-5000,2026-03-22T00:50:25Z
atp,2023-02-06,AG08,A. Andrade,Andres Andrade,571,56,https://www.atptour.com/en/rankings/singles?dateWeek=2023-02-06&rankRange=0-5000,2026-03-22T00:50:25Z
atp,2023-02-06,TG30,R. Te,Rigele Te,572,56,https://www.atptour.com/en/rankings/singles?dateWeek=2023-02-06&rankRange=0-5000,2026-03-22T00:50:25Z
atp,2023-02-06,A0G8,A. Elsayed,Amr Elsayed,573,56,https://www.atptour.com/en/rankings/singles?dateWeek=2023-02-06&rankRange=0-5000,2026-03-22T00:50:25Z
atp,2023-02-06,A0EA,M. Alcala Gurri,Max Alcala Gurri,574,56,https://www.atptour.com/en/rankings/singles?dateWeek=2023-02-06&rankRange=0-5000,2026-03-22T00:50:25Z
atp,2023-02-06,M09E,T. Mu,Tao Mu,575,56,https://www.atptour.com/en/rankings/singles?dateWeek=2023-02-06&rankRange=0-5000,2026-03-22T00:50:25Z
atp,2023-02-06,D0HD,G. Debru,Gabriel Debru,576,55,https://www.atptour.com/en/rankings/singles?dateWeek=2023-02-06&rankRange=0-5000,2026-03-22T00:50:25Z
atp,2023-02-06,MW39,M. Martinez,Mirko Martinez,577,55,https://www.atptour.com/en/rankings/singles?dateWeek=2023-02-06&rankRange=0-5000,2026-03-22T00:50:25Z
atp,2023-02-06,J476,D. Jorda Sanchis,David Jorda Sanchis,578,54,https://www.atptour.com/en/rankings/singles?dateWeek=2023-02-06&rankRange=0-5000,2026-03-22T00:50:25Z
atp,2023-02-06,D0A2,M. Dellavedova,Matthew Dellavedova,579,54,https://www.atptour.com/en/rankings/singles?dateWeek=2023-02-06&rankRange=0-5000,2026-03-22T00:50:25Z
atp,2023-02-06,M0NP,A. Martin,Andres Martin,580,53,https://www.atptour.com/en/rankings/singles?dateWeek=2023-02-06&rankRange=0-5000,2026-03-22T00:50:25Z
atp,2023-02-06,P0ED,K. Pannu,Kiranpal Pannu,581,53,https://www.atptour.com/en/rankings/singles?dateWeek=2023-02-06&rankRange=0-5000,2026-03-22T00:50:25Z
atp,2023-02-06,HA33,P. Heller,Peter Heller,582,53,https://www.atptour.com/en/rankings/singles?dateWeek=2023-02-06&rankRange=0-5000,2026-03-22T00:50:25Z
atp,2023-02-06,PM13,M. Pervolarakis,Michail Pervolarakis,583,53,https://www.atptour.com/en/rankings/singles?dateWeek=2023-02-06&rankRange=0-5000,2026-03-22T00:50:25Z
atp,2023-02-06,P0G6,H. Patten,Henry Patten,584,52,https://www.atptour.com/en/rankings/singles?dateWeek=2023-02-06&rankRange=0-5000,2026-03-22T00:50:25Z
atp,2023-02-06,D0DP,L. Draxl,Liam Draxl,585,52,https://www.atptour.com/en/rankings/singles?dateWeek=2023-02-06&rankRange=0-5000,2026-03-22T00:50:25Z
atp,2023-02-06,HG90,C. Huertas del Pino,Conner Huertas Del Pino,586,52,https://www.atptour.com/en/rankings/singles?dateWeek=2023-02-06&rankRange=0-5000,2026-03-22T00:50:25Z
atp,2023-02-06,PL38,S. Prechtel,Sebastian Prechtel,587,52,https://www.atptour.com/en/rankings/singles?dateWeek=2023-02-06&rankRange=0-5000,2026-03-22T00:50:25Z
atp,2023-02-06,MJ01,R. Marcora,Roberto Marcora,588,51,https://www.atptour.com/en/rankings/singles?dateWeek=2023-02-06&rankRange=0-5000,2026-03-22T00:50:25Z
atp,2023-02-06,BI81,A. Bolt,Alex Bolt,589,51,https://www.atptour.com/en/rankings/singles?dateWeek=2023-02-06&rankRange=0-5000,2026-03-22T00:50:25Z
atp,2023-02-06,CF88,R. Cid Subervi,Roberto Cid Subervi,590,51,https://www.atptour.com/en/rankings/singles?dateWeek=2023-02-06&rankRange=0-5000,2026-03-22T00:50:25Z
atp,2023-02-06,M0EG,T. McCormick,Tristan Mccormick,591,51,https://www.atptour.com/en/rankings/singles?dateWeek=2023-02-06&rankRange=0-5000,2026-03-22T00:50:25Z
atp,2023-02-06,Y124,D. Young,Donald Young,592,51,https://www.atptour.com/en/rankings/singles?dateWeek=2023-02-06&rankRange=0-5000,2026-03-22T00:50:25Z
atp,2023-02-06,F0F2,J. Faria,Jaime Faria,593,51,https://www.atptour.com/en/rankings/singles?dateWeek=2023-02-06&rankRange=0-5000,2026-03-22T00:50:25Z
atp,2023-02-06,SX90,F. Sun,Fajing Sun,594,51,https://www.atptour.com/en/rankings/singles?dateWeek=2023-02-06&rankRange=0-5000,2026-03-22T00:50:25Z
atp,2023-02-06,KJ00,A. Knaff,Alex Knaff,595,51,https://www.atptour.com/en/rankings/singles?dateWeek=2023-02-06&rankRange=0-5000,2026-03-22T00:50:25Z
atp,2023-02-06,SM09,L. Saville,Luke Saville,596,50,https://www.atptour.com/en/rankings/singles?dateWeek=2023-02-06&rankRange=0-5000,2026-03-22T00:50:25Z
atp,2023-02-06,M0BN,M. Moeller,Marvin Moeller,597,50,https://www.atptour.com/en/rankings/singles?dateWeek=2023-02-06&rankRange=0-5000,2026-03-22T00:50:25Z
atp,2023-02-06,T0BW,J. Trotter,James Trotter,598,50,https://www.atptour.com/en/rankings/singles?dateWeek=2023-02-06&rankRange=0-5000,2026-03-22T00:50:25Z
atp,2023-02-06,F0BV,T. Farjat,Tomas Farjat,599,50,https://www.atptour.com/en/rankings/singles?dateWeek=2023-02-06&rankRange=0-5000,2026-03-22T00:50:25Z
atp,2023-02-06,RH50,A. Reymond,Arthur Reymond,600,50,https://www.atptour.com/en/rankings/singles?dateWeek=2023-02-06&rankRange=0-5000,2026-03-22T00:50:25Z
atp,2023-02-06,KD43,A. Kadhe,Arjun Kadhe,601,49,https://www.atptour.com/en/rankings/singles?dateWeek=2023-02-06&rankRange=0-5000,2026-03-22T00:50:25Z
atp,2023-02-06,KI74,N. Kuhn,Nicola Kuhn,602,49,https://www.atptour.com/en/rankings/singles?dateWeek=2023-02-06&rankRange=0-5000,2026-03-22T00:50:25Z
atp,2023-02-06,P0AV,U. Park,Uisung Park,603,49,https://www.atptour.com/en/rankings/singles?dateWeek=2023-02-06&rankRange=0-5000,2026-03-22T00:50:25Z
atp,2023-02-06,M0FA,A. Matusevich,Anton Matusevich,604,49,https://www.atptour.com/en/rankings/singles?dateWeek=2023-02-06&rankRange=0-5000,2026-03-22T00:50:25Z
atp,2023-02-06,T0CU,F. Tabacco,Fausto Tabacco,605,49,https://www.atptour.com/en/rankings/singles?dateWeek=2023-02-06&rankRange=0-5000,2026-03-22T00:50:25Z
atp,2023-02-06,TG46,R. Tanuma,Ryota Tanuma,606,48,https://www.atptour.com/en/rankings/singles?dateWeek=2023-02-06&rankRange=0-5000,2026-03-22T00:50:25Z
atp,2023-02-06,S0HR,K. Samrej,Kasidit Samrej,607,48,https://www.atptour.com/en/rankings/singles?dateWeek=2023-02-06&rankRange=0-5000,2026-03-22T00:50:25Z
atp,2023-02-06,D0CN,M. Damas,Miguel Damas,608,48,https://www.atptour.com/en/rankings/singles?dateWeek=2023-02-06&rankRange=0-5000,2026-03-22T00:50:25Z
atp,2023-02-06,B0I0,A. Bernard,Alexander Bernard,609,48,https://www.atptour.com/en/rankings/singles?dateWeek=2023-02-06&rankRange=0-5000,2026-03-22T00:50:25Z
atp,2023-02-06,MN23,A. Metreveli,Aleksandre Metreveli,610,48,https://www.atptour.com/en/rankings/singles?dateWeek=2023-02-06&rankRange=0-5000,2026-03-22T00:50:25Z
atp,2023-02-06,W712,K. Wehnelt,Kai Wehnelt,611,48,https://www.atptour.com/en/rankings/singles?dateWeek=2023-02-06&rankRange=0-5000,2026-03-22T00:50:25Z
atp,2023-02-06,S0KT,S. Sakellaridis,Stefanos Sakellaridis,612,48,https://www.atptour.com/en/rankings/singles?dateWeek=2023-02-06&rankRange=0-5000,2026-03-22T00:50:25Z
atp,2023-02-06,K0CZ,G. Klier Junior,Gilbert Klier Junior,613,47,https://www.atptour.com/en/rankings/singles?dateWeek=2023-02-06&rankRange=0-5000,2026-03-22T00:50:25Z
atp,2023-02-06,E830,E. Esteve Lobato,Eduard Esteve Lobato,614,47,https://www.atptour.com/en/rankings/singles?dateWeek=2023-02-06&rankRange=0-5000,2026-03-22T00:50:25Z
atp,2023-02-06,MM78,J. Mridha,Jonathan Mridha,615,47,https://www.atptour.com/en/rankings/singles?dateWeek=2023-02-06&rankRange=0-5000,2026-03-22T00:50:25Z
atp,2023-02-06,BP79,P. Bertran,Peter Bertran,616,47,https://www.atptour.com/en/rankings/singles?dateWeek=2023-02-06&rankRange=0-5000,2026-03-22T00:50:25Z
atp,2023-02-06,DH46,A. Donski,Alexander Donski,617,47,https://www.atptour.com/en/rankings/singles?dateWeek=2023-02-06&rankRange=0-5000,2026-03-22T00:50:25Z
atp,2023-02-06,MO54,J. Martinez Martinez,Jorge Martinez Martinez,618,47,https://www.atptour.com/en/rankings/singles?dateWeek=2023-02-06&rankRange=0-5000,2026-03-22T00:50:25Z
atp,2023-02-06,KD70,P. Krstin,Pedja Krstin,619,47,https://www.atptour.com/en/rankings/singles?dateWeek=2023-02-06&rankRange=0-5000,2026-03-22T00:50:25Z
atp,2023-02-06,M0BO,C. Markes,Colin Markes,620,47,https://www.atptour.com/en/rankings/singles?dateWeek=2023-02-06&rankRange=0-5000,2026-03-22T00:50:25Z
atp,2023-02-06,P0B6,S. Polukhin,Savva Polukhin,621,46,https://www.atptour.com/en/rankings/singles?dateWeek=2023-02-06&rankRange=0-5000,2026-03-22T00:50:25Z
atp,2023-02-06,F09U,M. Fuele,Matyas Fuele,622,46,https://www.atptour.com/en/rankings/singles?dateWeek=2023-02-06&rankRange=0-5000,2026-03-22T00:50:25Z
atp,2023-02-06,C09T,R. Cungu,Rrezart Cungu,623,46,https://www.atptour.com/en/rankings/singles?dateWeek=2023-02-06&rankRange=0-5000,2026-03-22T00:50:25Z
atp,2023-02-06,B0LL,V. Bielinskyi,Viacheslav Bielinskyi,624,46,https://www.atptour.com/en/rankings/singles?dateWeek=2023-02-06&rankRange=0-5000,2026-03-22T00:50:25Z
atp,2023-02-06,T0FK,G. Tabacco,Giorgio Tabacco,625,46,https://www.atptour.com/en/rankings/singles?dateWeek=2023-02-06&rankRange=0-5000,2026-03-22T00:50:25Z
atp,2023-02-06,F0DP,P. Fajta,Peter Fajta,626,46,https://www.atptour.com/en/rankings/singles?dateWeek=2023-02-06&rankRange=0-5000,2026-03-22T00:50:25Z
atp,2023-02-06,I09N,F. Iannaccone,Federico Iannaccone,627,46,https://www.atptour.com/en/rankings/singles?dateWeek=2023-02-06&rankRange=0-5000,2026-03-22T00:50:25Z
atp,2023-02-06,T0AF,F. Tenti,Fermin Tenti,628,46,https://www.atptour.com/en/rankings/singles?dateWeek=2023-02-06&rankRange=0-5000,2026-03-22T00:50:25Z
atp,2023-02-06,CA12,J. Chardy,Jeremy Chardy,629,45,https://www.atptour.com/en/rankings/singles?dateWeek=2023-02-06&rankRange=0-5000,2026-03-22T00:50:25Z
atp,2023-02-06,N974,P. Nouza,Petr Nouza,630,45,https://www.atptour.com/en/rankings/singles?dateWeek=2023-02-06&rankRange=0-5000,2026-03-22T00:50:25Z
atp,2023-02-06,EA27,B. Ellis,Blake Ellis,631,45,https://www.atptour.com/en/rankings/singles?dateWeek=2023-02-06&rankRange=0-5000,2026-03-22T00:50:25Z
atp,2023-02-06,HB67,C. Heyman,Christopher Heyman,632,45,https://www.atptour.com/en/rankings/singles?dateWeek=2023-02-06&rankRange=0-5000,2026-03-22T00:50:25Z
atp,2023-02-06,C0I4,T. Colson,Tibo Colson,633,45,https://www.atptour.com/en/rankings/singles?dateWeek=2023-02-06&rankRange=0-5000,2026-03-22T00:50:25Z
atp,2023-02-06,J397,J. Janowicz,Jerzy Janowicz,634,44,https://www.atptour.com/en/rankings/singles?dateWeek=2023-02-06&rankRange=0-5000,2026-03-22T00:50:25Z
atp,2023-02-06,TG52,L. Tomasetto,Luca Tomasetto,635,44,https://www.atptour.com/en/rankings/singles?dateWeek=2023-02-06&rankRange=0-5000,2026-03-22T00:50:25Z
atp,2023-02-06,B0IF,B. Baker,Blu Baker,636,44,https://www.atptour.com/en/rankings/singles?dateWeek=2023-02-06&rankRange=0-5000,2026-03-22T00:50:25Z
atp,2023-02-06,K0HN,B. Kuzuhara,Bruno Kuzuhara,637,44,https://www.atptour.com/en/rankings/singles?dateWeek=2023-02-06&rankRange=0-5000,2026-03-22T00:50:25Z
atp,2023-02-06,D0H9,G. Den Ouden,Guy Den Ouden,638,43,https://www.atptour.com/en/rankings/singles?dateWeek=2023-02-06&rankRange=0-5000,2026-03-22T00:50:25Z
atp,2023-02-06,J400,J. Jahn,Jeremy Jahn,639,43,https://www.atptour.com/en/rankings/singles?dateWeek=2023-02-06&rankRange=0-5000,2026-03-22T00:50:25Z
atp,2023-02-06,A0E6,B. Atlangeriev,Bekkhan Atlangeriev,640,43,https://www.atptour.com/en/rankings/singles?dateWeek=2023-02-06&rankRange=0-5000,2026-03-22T00:50:25Z
atp,2023-02-06,BV17,R. Balzerani,Riccardo Balzerani,641,43,https://www.atptour.com/en/rankings/singles?dateWeek=2023-02-06&rankRange=0-5000,2026-03-22T00:50:25Z
atp,2023-02-06,LE01,D. Lee,Duckhee Lee,642,43,https://www.atptour.com/en/rankings/singles?dateWeek=2023-02-06&rankRange=0-5000,2026-03-22T00:50:25Z
atp,2023-02-06,BT42,D. Boehler,Dominik Boehler,643,43,https://www.atptour.com/en/rankings/singles?dateWeek=2023-02-06&rankRange=0-5000,2026-03-22T00:50:25Z
atp,2023-02-06,Z0BY,N. Zanellato,Nicolas Zanellato,644,43,https://www.atptour.com/en/rankings/singles?dateWeek=2023-02-06&rankRange=0-5000,2026-03-22T00:50:25Z
atp,2023-02-06,P0G5,S. Popovic,Stefan Popovic,645,43,https://www.atptour.com/en/rankings/singles?dateWeek=2023-02-06&rankRange=0-5000,2026-03-22T00:50:25Z
atp,2023-02-06,H0EH,T. Handel,Tim Handel,646,43,https://www.atptour.com/en/rankings/singles?dateWeek=2023-02-06&rankRange=0-5000,2026-03-22T00:50:25Z
atp,2023-02-06,K863,C. Kim,Cheong Eui Kim,647,42,https://www.atptour.com/en/rankings/singles?dateWeek=2023-02-06&rankRange=0-5000,2026-03-22T00:50:25Z
atp,2023-02-06,CN15,F. Corwin,Felix Corwin,648,42,https://www.atptour.com/en/rankings/singles?dateWeek=2023-02-06&rankRange=0-5000,2026-03-22T00:50:25Z
atp,2023-02-06,H0CD,A. Hernandez,Alex Hernandez,649,42,https://www.atptour.com/en/rankings/singles?dateWeek=2023-02-06&rankRange=0-5000,2026-03-22T00:50:25Z
atp,2023-02-06,A0ES,P. Araujo,Pedro Araujo,650,42,https://www.atptour.com/en/rankings/singles?dateWeek=2023-02-06&rankRange=0-5000,2026-03-22T00:50:25Z
atp,2023-02-06,KI91,K. Kirci,Koray Kirci,651,42,https://www.atptour.com/en/rankings/singles?dateWeek=2023-02-06&rankRange=0-5000,2026-03-22T00:50:25Z
atp,2023-02-06,L0EE,D. Little,Daniel Little,652,42,https://www.atptour.com/en/rankings/singles?dateWeek=2023-02-06&rankRange=0-5000,2026-03-22T00:50:25Z
atp,2023-02-06,KI71,K. Kivattsev,Kirill Kivattsev,653,42,https://www.atptour.com/en/rankings/singles?dateWeek=2023-02-06&rankRange=0-5000,2026-03-22T00:50:25Z
atp,2023-02-06,D0D4,S. Dostanic,Stefan Dostanic,654,41,https://www.atptour.com/en/rankings/singles?dateWeek=2023-02-06&rankRange=0-5000,2026-03-22T00:50:25Z
atp,2023-02-06,F952,N. Frunza,Nicolae Frunza,655,41,https://www.atptour.com/en/rankings/singles?dateWeek=2023-02-06&rankRange=0-5000,2026-03-22T00:50:25Z
atp,2023-02-06,V0CI,E. Voisin,Emilien Voisin,656,41,https://www.atptour.com/en/rankings/singles?dateWeek=2023-02-06&rankRange=0-5000,2026-03-22T00:50:25Z
atp,2023-02-06,SY74,M. Sureshkumar,Manish Sureshkumar,657,41,https://www.atptour.com/en/rankings/singles?dateWeek=2023-02-06&rankRange=0-5000,2026-03-22T00:50:25Z
atp,2023-02-06,SK47,M. Safwat,Mohamed Safwat,658,41,https://www.atptour.com/en/rankings/singles?dateWeek=2023-02-06&rankRange=0-5000,2026-03-22T00:50:25Z
atp,2023-02-06,S0KI,S. Simon,Sahar Simon,659,41,https://www.atptour.com/en/rankings/singles?dateWeek=2023-02-06&rankRange=0-5000,2026-03-22T00:50:25Z
atp,2023-02-06,TG67,K. Tamm,Kristjan Tamm,660,41,https://www.atptour.com/en/rankings/singles?dateWeek=2023-02-06&rankRange=0-5000,2026-03-22T00:50:25Z
atp,2023-02-06,J0B5,G. Johns,Garrett Johns,661,40,https://www.atptour.com/en/rankings/singles?dateWeek=2023-02-06&rankRange=0-5000,2026-03-22T00:50:25Z
atp,2023-02-06,K0HB,S. Kielan,Szymon Kielan,662,40,https://www.atptour.com/en/rankings/singles?dateWeek=2023-02-06&rankRange=0-5000,2026-03-22T00:50:25Z
atp,2023-02-06,W0AX,O. Weightman,Oscar Weightman,663,40,https://www.atptour.com/en/rankings/singles?dateWeek=2023-02-06&rankRange=0-5000,2026-03-22T00:50:25Z
atp,2023-02-06,P0HP,L. Pokorny,Lukas Pokorny,664,40,https://www.atptour.com/en/rankings/singles?dateWeek=2023-02-06&rankRange=0-5000,2026-03-22T00:50:25Z
atp,2023-02-06,W09X,B. Winter Lopez,Benjamin Winter Lopez,665,40,https://www.atptour.com/en/rankings/singles?dateWeek=2023-02-06&rankRange=0-5000,2026-03-22T00:50:25Z
atp,2023-02-06,L0FW,H. Li,Hanwen Li,666,40,https://www.atptour.com/en/rankings/singles?dateWeek=2023-02-06&rankRange=0-5000,2026-03-22T00:50:25Z
atp,2023-02-06,N731,C. Negritu,Christoph Negritu,667,39,https://www.atptour.com/en/rankings/singles?dateWeek=2023-02-06&rankRange=0-5000,2026-03-22T00:50:25Z
atp,2023-02-06,RE27,S. Roncalli,Simone Roncalli,668,38,https://www.atptour.com/en/rankings/singles?dateWeek=2023-02-06&rankRange=0-5000,2026-03-22T00:50:25Z
atp,2023-02-06,HB31,J. Haerteis,Johannes Haerteis,669,38,https://www.atptour.com/en/rankings/singles?dateWeek=2023-02-06&rankRange=0-5000,2026-03-22T00:50:25Z
atp,2023-02-06,B0ER,A. Bouquier,Arthur Bouquier,670,38,https://www.atptour.com/en/rankings/singles?dateWeek=2023-02-06&rankRange=0-5000,2026-03-22T00:50:25Z
atp,2023-02-06,FC39,Q. Folliot,Quentin Folliot,671,38,https://www.atptour.com/en/rankings/singles?dateWeek=2023-02-06&rankRange=0-5000,2026-03-22T00:50:25Z
atp,2023-02-06,A0I1,B. Artnak,Bor Artnak,672,37,https://www.atptour.com/en/rankings/singles?dateWeek=2023-02-06&rankRange=0-5000,2026-03-22T00:50:25Z
atp,2023-02-06,L733,Z. Li,Zhe Li,673,37,https://www.atptour.com/en/rankings/singles?dateWeek=2023-02-06&rankRange=0-5000,2026-03-22T00:50:25Z
atp,2023-02-06,E858,F. Egea,Franco Emanuel Egea,674,37,https://www.atptour.com/en/rankings/singles?dateWeek=2023-02-06&rankRange=0-5000,2026-03-22T00:50:25Z
atp,2023-02-06,SC47,G. Soeda,Go Soeda,675,36,https://www.atptour.com/en/rankings/singles?dateWeek=2023-02-06&rankRange=0-5000,2026-03-22T00:50:25Z
atp,2023-02-06,M0NA,S. Mitsui,Shunsuke Mitsui,676,36,https://www.atptour.com/en/rankings/singles?dateWeek=2023-02-06&rankRange=0-5000,2026-03-22T00:50:25Z
atp,2023-02-06,HB29,A. Harris,Andrew Harris,677,36,https://www.atptour.com/en/rankings/singles?dateWeek=2023-02-06&rankRange=0-5000,2026-03-22T00:50:25Z
atp,2023-02-06,MP94,A. Moundir,Adam Moundir,678,36,https://www.atptour.com/en/rankings/singles?dateWeek=2023-02-06&rankRange=0-5000,2026-03-22T00:50:25Z
atp,2023-02-06,TF58,Y. Takahashi,Yusuke Takahashi,679,36,https://www.atptour.com/en/rankings/singles?dateWeek=2023-02-06&rankRange=0-5000,2026-03-22T00:50:25Z
atp,2023-02-06,C0BB,T. Compagnucci,Tommaso Compagnucci,680,36,https://www.atptour.com/en/rankings/singles?dateWeek=2023-02-06&rankRange=0-5000,2026-03-22T00:50:25Z
atp,2023-02-06,T0AG,Z. Tkemaladze,Zura Tkemaladze,681,36,https://www.atptour.com/en/rankings/singles?dateWeek=2023-02-06&rankRange=0-5000,2026-03-22T00:50:25Z
atp,2023-02-06,P0DR,A. Picchione,Andrea Picchione,682,36,https://www.atptour.com/en/rankings/singles?dateWeek=2023-02-06&rankRange=0-5000,2026-03-22T00:50:25Z
atp,2023-02-06,BF55,Y. Bhambri,Yuki Bhambri,683,35,https://www.atptour.com/en/rankings/singles?dateWeek=2023-02-06&rankRange=0-5000,2026-03-22T00:50:25Z
atp,2023-02-06,I230,T. Ito,Tatsuma Ito,684,35,https://www.atptour.com/en/rankings/singles?dateWeek=2023-02-06&rankRange=0-5000,2026-03-22T00:50:25Z
atp,2023-02-06,W0BU,O. Wallin,Olle Wallin,685,35,https://www.atptour.com/en/rankings/singles?dateWeek=2023-02-06&rankRange=0-5000,2026-03-22T00:50:25Z
atp,2023-02-06,BE54,R. Bemelmans,Ruben Bemelmans,686,35,https://www.atptour.com/en/rankings/singles?dateWeek=2023-02-06&rankRange=0-5000,2026-03-22T00:50:25Z
atp,2023-02-06,S0LD,K. Saitoh,Keisuke Saitoh,687,35,https://www.atptour.com/en/rankings/singles?dateWeek=2023-02-06&rankRange=0-5000,2026-03-22T00:50:25Z
atp,2023-02-06,B0IY,A. Beckley,Alec Beckley,688,35,https://www.atptour.com/en/rankings/singles?dateWeek=2023-02-06&rankRange=0-5000,2026-03-22T00:50:25Z
atp,2023-02-06,L0G8,V. Lilov,Victor Lilov,689,35,https://www.atptour.com/en/rankings/singles?dateWeek=2023-02-06&rankRange=0-5000,2026-03-22T00:50:25Z
atp,2023-02-06,O0AD,N. Oberleitner,Neil Oberleitner,690,35,https://www.atptour.com/en/rankings/singles?dateWeek=2023-02-06&rankRange=0-5000,2026-03-22T00:50:25Z
atp,2023-02-06,DA67,M. Donati,Matteo Donati,691,34,https://www.atptour.com/en/rankings/singles?dateWeek=2023-02-06&rankRange=0-5000,2026-03-22T00:50:25Z
atp,2023-02-06,CF60,P. Juszczak,Pawel Juszczak,692,34,https://www.atptour.com/en/rankings/singles?dateWeek=2023-02-06&rankRange=0-5000,2026-03-22T00:50:25Z
atp,2023-02-06,TD47,E. Tiurnev,Evgenii Tiurnev,693,34,https://www.atptour.com/en/rankings/singles?dateWeek=2023-02-06&rankRange=0-5000,2026-03-22T00:50:25Z
atp,2023-02-06,KD14,D. Kekez,Duje Kekez,694,34,https://www.atptour.com/en/rankings/singles?dateWeek=2023-02-06&rankRange=0-5000,2026-03-22T00:50:25Z
atp,2023-02-06,BP74,A. Bakshi,Aleksandre Bakshi,695,34,https://www.atptour.com/en/rankings/singles?dateWeek=2023-02-06&rankRange=0-5000,2026-03-22T00:50:25Z
atp,2023-02-06,M0GY,L. Marmousez,Lilian Marmousez,696,34,https://www.atptour.com/en/rankings/singles?dateWeek=2023-02-06&rankRange=0-5000,2026-03-22T00:50:25Z
atp,2023-02-06,V0DP,A. Vallejo,Adolfo Daniel Vallejo,697,34,https://www.atptour.com/en/rankings/singles?dateWeek=2023-02-06&rankRange=0-5000,2026-03-22T00:50:25Z
atp,2023-02-06,B0F0,J. Barnat,Jiri Barnat,698,34,https://www.atptour.com/en/rankings/singles?dateWeek=2023-02-06&rankRange=0-5000,2026-03-22T00:50:25Z
atp,2023-02-06,B0ID,I. Buse,Ignacio Buse,699,33,https://www.atptour.com/en/rankings/singles?dateWeek=2023-02-06&rankRange=0-5000,2026-03-22T00:50:25Z
atp,2023-02-06,MT97,M. Mora,Maxime Mora,700,33,https://www.atptour.com/en/rankings/singles?dateWeek=2023-02-06&rankRange=0-5000,2026-03-22T00:50:25Z
atp,2023-02-06,GD91,J. Galarza,Juan Ignacio Galarza,701,33,https://www.atptour.com/en/rankings/singles?dateWeek=2023-02-06&rankRange=0-5000,2026-03-22T00:50:25Z
atp,2023-02-06,M0EN,M. Mazza,Manuel Mazza,702,33,https://www.atptour.com/en/rankings/singles?dateWeek=2023-02-06&rankRange=0-5000,2026-03-22T00:50:25Z
atp,2023-02-06,I427,S. Ivanov,Simon Anthony Ivanov,703,33,https://www.atptour.com/en/rankings/singles?dateWeek=2023-02-06&rankRange=0-5000,2026-03-22T00:50:25Z
atp,2023-02-06,Y223,F. Yamacita,Fernando Yamacita,704,33,https://www.atptour.com/en/rankings/singles?dateWeek=2023-02-06&rankRange=0-5000,2026-03-22T00:50:25Z
atp,2023-02-06,E0AU,J. Echeverria,John Echeverria,705,33,https://www.atptour.com/en/rankings/singles?dateWeek=2023-02-06&rankRange=0-5000,2026-03-22T00:50:25Z
atp,2023-02-06,B0AM,L. Bocchi,Lorenzo Bocchi,706,33,https://www.atptour.com/en/rankings/singles?dateWeek=2023-02-06&rankRange=0-5000,2026-03-22T00:50:25Z
atp,2023-02-06,VA27,M. Veldheer,Mick Veldheer,707,33,https://www.atptour.com/en/rankings/singles?dateWeek=2023-02-06&rankRange=0-5000,2026-03-22T00:50:25Z
atp,2023-02-06,RC96,N. Rubin,Noah Rubin,708,32,https://www.atptour.com/en/rankings/singles?dateWeek=2023-02-06&rankRange=0-5000,2026-03-22T00:50:25Z
atp,2023-02-06,Z363,M. Zormann,Marcelo Zormann,709,32,https://www.atptour.com/en/rankings/singles?dateWeek=2023-02-06&rankRange=0-5000,2026-03-22T00:50:25Z
atp,2023-02-06,V0BC,C. Vandermeersch,Cyril Vandermeersch,710,32,https://www.atptour.com/en/rankings/singles?dateWeek=2023-02-06&rankRange=0-5000,2026-03-22T00:50:25Z
atp,2023-02-06,S0BG,D. Sumizawa,Daisuke Sumizawa,711,32,https://www.atptour.com/en/rankings/singles?dateWeek=2023-02-06&rankRange=0-5000,2026-03-22T00:50:25Z
atp,2023-02-06,M0G0,R. Matsuda,Ryuki Matsuda,712,32,https://www.atptour.com/en/rankings/singles?dateWeek=2023-02-06&rankRange=0-5000,2026-03-22T00:50:25Z
atp,2023-02-06,S0BA,L. Sorrentino,Luigi Sorrentino,713,32,https://www.atptour.com/en/rankings/singles?dateWeek=2023-02-06&rankRange=0-5000,2026-03-22T00:50:25Z
atp,2023-02-06,M0CD,M. Miceli,Marco Miceli,714,32,https://www.atptour.com/en/rankings/singles?dateWeek=2023-02-06&rankRange=0-5000,2026-03-22T00:50:25Z
atp,2023-02-06,KH77,N. Kaliyanda Poonacha,Niki Kaliyanda Poonacha,715,32,https://www.atptour.com/en/rankings/singles?dateWeek=2023-02-06&rankRange=0-5000,2026-03-22T00:50:25Z
atp,2023-02-06,GF20,D. Galoppini,Davide Galoppini,716,32,https://www.atptour.com/en/rankings/singles?dateWeek=2023-02-06&rankRange=0-5000,2026-03-22T00:50:25Z
atp,2023-02-06,W0C4,E. Winter,Edward Winter,717,31,https://www.atptour.com/en/rankings/singles?dateWeek=2023-02-06&rankRange=0-5000,2026-03-22T00:50:25Z
atp,2023-02-06,BC65,M. Bachinger,Matthias Bachinger,718,31,https://www.atptour.com/en/rankings/singles?dateWeek=2023-02-06&rankRange=0-5000,2026-03-22T00:50:25Z
atp,2023-02-06,N561,I. Nedelko,Ivan Nedelko,719,31,https://www.atptour.com/en/rankings/singles?dateWeek=2023-02-06&rankRange=0-5000,2026-03-22T00:50:25Z
atp,2023-02-06,W749,E. Wallart,Enzo Wallart,720,31,https://www.atptour.com/en/rankings/singles?dateWeek=2023-02-06&rankRange=0-5000,2026-03-22T00:50:25Z
atp,2023-02-06,M0K4,E. Moller,Elmer Moller,721,31,https://www.atptour.com/en/rankings/singles?dateWeek=2023-02-06&rankRange=0-5000,2026-03-22T00:50:25Z
atp,2023-02-06,R0AR,D. Rodrigues,Daniel Rodrigues,722,31,https://www.atptour.com/en/rankings/singles?dateWeek=2023-02-06&rankRange=0-5000,2026-03-22T00:50:25Z
atp,2023-02-06,GJ16,F. Gomez,Federico Agustin Gomez,723,31,https://www.atptour.com/en/rankings/singles?dateWeek=2023-02-06&rankRange=0-5000,2026-03-22T00:50:25Z
atp,2023-02-06,P0BE,S. Pontjodikromo,Sidane Pontjodikromo,724,31,https://www.atptour.com/en/rankings/singles?dateWeek=2023-02-06&rankRange=0-5000,2026-03-22T00:50:25Z
atp,2023-02-06,K0HO,O. Kimhi,Orel Kimhi,725,31,https://www.atptour.com/en/rankings/singles?dateWeek=2023-02-06&rankRange=0-5000,2026-03-22T00:50:25Z
atp,2023-02-06,B0BU,F. Bax,Florent Bax,726,31,https://www.atptour.com/en/rankings/singles?dateWeek=2023-02-06&rankRange=0-5000,2026-03-22T00:50:25Z
atp,2023-02-06,BD80,A. Balazs,Attila Balazs,727,30,https://www.atptour.com/en/rankings/singles?dateWeek=2023-02-06&rankRange=0-5000,2026-03-22T00:50:25Z
atp,2023-02-06,R0E0,C. Rodesch,Chris Rodesch,728,30,https://www.atptour.com/en/rankings/singles?dateWeek=2023-02-06&rankRange=0-5000,2026-03-22T00:50:25Z
atp,2023-02-06,B0OU,H. Barton,Hynek Barton,729,30,https://www.atptour.com/en/rankings/singles?dateWeek=2023-02-06&rankRange=0-5000,2026-03-22T00:50:25Z
atp,2023-02-06,E928,A. Erler,Alexander Erler,730,30,https://www.atptour.com/en/rankings/singles?dateWeek=2023-02-06&rankRange=0-5000,2026-03-22T00:50:25Z
atp,2023-02-06,W0B3,X. Wang,Xiaofei Wang,731,30,https://www.atptour.com/en/rankings/singles?dateWeek=2023-02-06&rankRange=0-5000,2026-03-22T00:50:25Z
atp,2023-02-06,K0BU,P. Kovapitukted,Palaphoom Kovapitukted,732,30,https://www.atptour.com/en/rankings/singles?dateWeek=2023-02-06&rankRange=0-5000,2026-03-22T00:50:25Z
atp,2023-02-06,W0BH,C. Wong,Coleman Wong,733,30,https://www.atptour.com/en/rankings/singles?dateWeek=2023-02-06&rankRange=0-5000,2026-03-22T00:50:25Z
atp,2023-02-06,DH23,S. Dev,S D Prajwal Dev,734,30,https://www.atptour.com/en/rankings/singles?dateWeek=2023-02-06&rankRange=0-5000,2026-03-22T00:50:25Z
atp,2023-02-06,G0DH,A. Guillen Meza,Alvaro Guillen Meza,735,30,https://www.atptour.com/en/rankings/singles?dateWeek=2023-02-06&rankRange=0-5000,2026-03-22T00:50:25Z
atp,2023-02-06,PL53,M. Perchicot,Matthieu Perchicot,736,30,https://www.atptour.com/en/rankings/singles?dateWeek=2023-02-06&rankRange=0-5000,2026-03-22T00:50:25Z
atp,2023-02-06,P0BM,T. Paroulek,Tadeas Paroulek,737,29,https://www.atptour.com/en/rankings/singles?dateWeek=2023-02-06&rankRange=0-5000,2026-03-22T00:50:25Z
atp,2023-02-06,P0FJ,R. Papoe,Radu Mihai Papoe,738,29,https://www.atptour.com/en/rankings/singles?dateWeek=2023-02-06&rankRange=0-5000,2026-03-22T00:50:25Z
atp,2023-02-06,CO11,S. Carr,Simon Carr,739,29,https://www.atptour.com/en/rankings/singles?dateWeek=2023-02-06&rankRange=0-5000,2026-03-22T00:50:25Z
atp,2023-02-06,D0CF,S. Danilov,Savriyan Danilov,740,29,https://www.atptour.com/en/rankings/singles?dateWeek=2023-02-06&rankRange=0-5000,2026-03-22T00:50:25Z
atp,2023-02-06,PI96,S. Perez Contri,Sergi Perez Contri,741,29,https://www.atptour.com/en/rankings/singles?dateWeek=2023-02-06&rankRange=0-5000,2026-03-22T00:50:25Z
atp,2023-02-06,D0FY,T. Deschamps,Thomas Deschamps,742,29,https://www.atptour.com/en/rankings/singles?dateWeek=2023-02-06&rankRange=0-5000,2026-03-22T00:50:25Z
atp,2023-02-06,K0BD,L. Krainer,Lukas Krainer,743,29,https://www.atptour.com/en/rankings/singles?dateWeek=2023-02-06&rankRange=0-5000,2026-03-22T00:50:25Z
atp,2023-02-06,K0EZ,Y. Kikuchi,Yuta Kikuchi,744,28,https://www.atptour.com/en/rankings/singles?dateWeek=2023-02-06&rankRange=0-5000,2026-03-22T00:50:25Z
atp,2023-02-06,LB78,J. Lee,Jea Moon Lee,745,28,https://www.atptour.com/en/rankings/singles?dateWeek=2023-02-06&rankRange=0-5000,2026-03-22T00:50:25Z
atp,2023-02-06,B0C0,A. Boitan,Adrian Boitan,746,28,https://www.atptour.com/en/rankings/singles?dateWeek=2023-02-06&rankRange=0-5000,2026-03-22T00:50:25Z
atp,2023-02-06,M0FN,K. Montsi,Khololwam Montsi,747,28,https://www.atptour.com/en/rankings/singles?dateWeek=2023-02-06&rankRange=0-5000,2026-03-22T00:50:25Z
atp,2023-02-06,BV19,Y. Bondarevskiy,Yan Bondarevskiy,748,28,https://www.atptour.com/en/rankings/singles?dateWeek=2023-02-06&rankRange=0-5000,2026-03-22T00:50:25Z
atp,2023-02-06,PG03,C. Puttergill,Calum Puttergill,749,28,https://www.atptour.com/en/rankings/singles?dateWeek=2023-02-06&rankRange=0-5000,2026-03-22T00:50:25Z
atp,2023-02-06,B0A0,M. Beauge,Maxence Beauge,750,28,https://www.atptour.com/en/rankings/singles?dateWeek=2023-02-06&rankRange=0-5000,2026-03-22T00:50:25Z
atp,2023-02-06,RH13,P. Rikl,Patrik Rikl,751,27,https://www.atptour.com/en/rankings/singles?dateWeek=2023-02-06&rankRange=0-5000,2026-03-22T00:50:25Z
atp,2023-02-06,H0BK,R. Horvat,Roko Horvat,752,27,https://www.atptour.com/en/rankings/singles?dateWeek=2023-02-06&rankRange=0-5000,2026-03-22T00:50:25Z
atp,2023-02-06,DH55,M. De Krom,Michiel De Krom,753,27,https://www.atptour.com/en/rankings/singles?dateWeek=2023-02-06&rankRange=0-5000,2026-03-22T00:50:25Z
atp,2023-02-06,L0CF,G. Loffhagen,George Loffhagen,754,27,https://www.atptour.com/en/rankings/singles?dateWeek=2023-02-06&rankRange=0-5000,2026-03-22T00:50:25Z
atp,2023-02-06,S0DH,R. Smith,Roy Smith,755,27,https://www.atptour.com/en/rankings/singles?dateWeek=2023-02-06&rankRange=0-5000,2026-03-22T00:50:25Z
atp,2023-02-06,DH53,V. Dancu,Vlad Andrei Dancu,756,27,https://www.atptour.com/en/rankings/singles?dateWeek=2023-02-06&rankRange=0-5000,2026-03-22T00:50:25Z
atp,2023-02-06,BH80,A. Basso,Andrea Basso,757,27,https://www.atptour.com/en/rankings/singles?dateWeek=2023-02-06&rankRange=0-5000,2026-03-22T00:50:25Z
atp,2023-02-06,W0BD,D. Wassermann,Deney Wassermann,758,27,https://www.atptour.com/en/rankings/singles?dateWeek=2023-02-06&rankRange=0-5000,2026-03-22T00:50:25Z
atp,2023-02-06,LC58,T. Lipovsek Puches,Tomas Lipovsek Puches,759,27,https://www.atptour.com/en/rankings/singles?dateWeek=2023-02-06&rankRange=0-5000,2026-03-22T00:50:25Z
atp,2023-02-06,G0FW,V. Gaubas,Vilius Gaubas,760,27,https://www.atptour.com/en/rankings/singles?dateWeek=2023-02-06&rankRange=0-5000,2026-03-22T00:50:25Z
atp,2023-02-06,C09G,I. Carou,Ignacio Carou,761,27,https://www.atptour.com/en/rankings/singles?dateWeek=2023-02-06&rankRange=0-5000,2026-03-22T00:50:25Z
atp,2023-02-06,N0B4,R. Nijboer,Ryan Nijboer,762,27,https://www.atptour.com/en/rankings/singles?dateWeek=2023-02-06&rankRange=0-5000,2026-03-22T00:50:25Z
atp,2023-02-06,S09B,M. Scaglia,Mathieu Scaglia,763,27,https://www.atptour.com/en/rankings/singles?dateWeek=2023-02-06&rankRange=0-5000,2026-03-22T00:50:25Z
atp,2023-02-06,MO35,C. Manda,Calin Manda,764,27,https://www.atptour.com/en/rankings/singles?dateWeek=2023-02-06&rankRange=0-5000,2026-03-22T00:50:25Z
atp,2023-02-06,G0A0,A. Guerrieri,Andrea Guerrieri,765,27,https://www.atptour.com/en/rankings/singles?dateWeek=2023-02-06&rankRange=0-5000,2026-03-22T00:50:25Z
atp,2023-02-06,O684,O. O'Hoisin,Osgar O'hoisin,766,27,https://www.atptour.com/en/rankings/singles?dateWeek=2023-02-06&rankRange=0-5000,2026-03-22T00:50:25Z
atp,2023-02-06,KA98,B. Klahn,Bradley Klahn,767,26,https://www.atptour.com/en/rankings/singles?dateWeek=2023-02-06&rankRange=0-5000,2026-03-22T00:50:25Z
atp,2023-02-06,KC86,D. King,Darian King,768,26,https://www.atptour.com/en/rankings/singles?dateWeek=2023-02-06&rankRange=0-5000,2026-03-22T00:50:25Z
atp,2023-02-06,D0DK,S. De La Fuente,Santiago De La Fuente,769,26,https://www.atptour.com/en/rankings/singles?dateWeek=2023-02-06&rankRange=0-5000,2026-03-22T00:50:25Z
atp,2023-02-06,DG80,E. Dalla Valle,Enrico Dalla Valle,770,26,https://www.atptour.com/en/rankings/singles?dateWeek=2023-02-06&rankRange=0-5000,2026-03-22T00:50:25Z
atp,2023-02-06,N0BK,H. Naw,Hazem Naw,771,26,https://www.atptour.com/en/rankings/singles?dateWeek=2023-02-06&rankRange=0-5000,2026-03-22T00:50:25Z
atp,2023-02-06,N0CJ,P. Nesterov,Petr Nesterov,772,26,https://www.atptour.com/en/rankings/singles?dateWeek=2023-02-06&rankRange=0-5000,2026-03-22T00:50:25Z
atp,2023-02-06,S0O6,I. Simakin,Ilia Simakin,773,26,https://www.atptour.com/en/rankings/singles?dateWeek=2023-02-06&rankRange=0-5000,2026-03-22T00:50:25Z
atp,2023-02-06,B0I5,B. Bicknell,Blaise Bicknell,774,26,https://www.atptour.com/en/rankings/singles?dateWeek=2023-02-06&rankRange=0-5000,2026-03-22T00:50:25Z
atp,2023-02-06,SZ36,N. Schell,Niklas Schell,775,26,https://www.atptour.com/en/rankings/singles?dateWeek=2023-02-06&rankRange=0-5000,2026-03-22T00:50:25Z
atp,2023-02-06,N824,P. Nejedly,Pavel Nejedly,776,26,https://www.atptour.com/en/rankings/singles?dateWeek=2023-02-06&rankRange=0-5000,2026-03-22T00:50:25Z
atp,2023-02-06,G0BY,D. Glinka,Daniil Glinka,777,26,https://www.atptour.com/en/rankings/singles?dateWeek=2023-02-06&rankRange=0-5000,2026-03-22T00:50:25Z
atp,2023-02-06,M0L2,A. Manzanera Pertusa,Alejandro Manzanera Pertusa,778,26,https://www.atptour.com/en/rankings/singles?dateWeek=2023-02-06&rankRange=0-5000,2026-03-22T00:50:25Z
atp,2023-02-06,B0J8,M. Braswell,Micah Braswell,779,25,https://www.atptour.com/en/rankings/singles?dateWeek=2023-02-06&rankRange=0-5000,2026-03-22T00:50:25Z
atp,2023-02-06,T0HA,L. Tien,Learner Tien,780,25,https://www.atptour.com/en/rankings/singles?dateWeek=2023-02-06&rankRange=0-5000,2026-03-22T00:50:25Z
atp,2023-02-06,KE69,M. Kestelboim,Mariano Kestelboim,781,25,https://www.atptour.com/en/rankings/singles?dateWeek=2023-02-06&rankRange=0-5000,2026-03-22T00:50:25Z
atp,2023-02-06,P0IG,M. Pawelski,Martyn Pawelski,782,25,https://www.atptour.com/en/rankings/singles?dateWeek=2023-02-06&rankRange=0-5000,2026-03-22T00:50:25Z
atp,2023-02-06,AG60,K. Al Allaf,Kareem Al Allaf,783,25,https://www.atptour.com/en/rankings/singles?dateWeek=2023-02-06&rankRange=0-5000,2026-03-22T00:50:25Z
atp,2023-02-06,PH42,M. Pecotic,Matija Pecotic,784,24,https://www.atptour.com/en/rankings/singles?dateWeek=2023-02-06&rankRange=0-5000,2026-03-22T00:50:25Z
atp,2023-02-06,M0OH,L. Midon,Lautaro Midon,785,24,https://www.atptour.com/en/rankings/singles?dateWeek=2023-02-06&rankRange=0-5000,2026-03-22T00:50:25Z
atp,2023-02-06,B0MM,E. Butvilas,Edas Butvilas,786,24,https://www.atptour.com/en/rankings/singles?dateWeek=2023-02-06&rankRange=0-5000,2026-03-22T00:50:25Z
atp,2023-02-06,RH79,E. Reinberg,Emil Reinberg,787,24,https://www.atptour.com/en/rankings/singles?dateWeek=2023-02-06&rankRange=0-5000,2026-03-22T00:50:25Z
atp,2023-02-06,K0EU,T. Kodat,Toby Kodat,788,24,https://www.atptour.com/en/rankings/singles?dateWeek=2023-02-06&rankRange=0-5000,2026-03-22T00:50:25Z
atp,2023-02-06,B0MG,N. Buitrago,Nicolas Buitrago,789,24,https://www.atptour.com/en/rankings/singles?dateWeek=2023-02-06&rankRange=0-5000,2026-03-22T00:50:25Z
atp,2023-02-06,S0MN,M. Sharipov,Marat Sharipov,790,24,https://www.atptour.com/en/rankings/singles?dateWeek=2023-02-06&rankRange=0-5000,2026-03-22T00:50:25Z
atp,2023-02-06,R0B6,L. Rottoli,Lorenzo Rottoli,791,24,https://www.atptour.com/en/rankings/singles?dateWeek=2023-02-06&rankRange=0-5000,2026-03-22T00:50:25Z
atp,2023-02-06,B0E8,S. Battaglino,Stefano Battaglino,792,24,https://www.atptour.com/en/rankings/singles?dateWeek=2023-02-06&rankRange=0-5000,2026-03-22T00:50:25Z
atp,2023-02-06,P0CU,B. Pujol Navarro,Bruno Pujol Navarro,793,24,https://www.atptour.com/en/rankings/singles?dateWeek=2023-02-06&rankRange=0-5000,2026-03-22T00:50:25Z
atp,2023-02-06,R0H2,P. Rodenas,Pedro Rodenas,794,23,https://www.atptour.com/en/rankings/singles?dateWeek=2023-02-06&rankRange=0-5000,2026-03-22T00:50:25Z
atp,2023-02-06,R913,C. Rodriguez,Cristian Rodriguez,795,23,https://www.atptour.com/en/rankings/singles?dateWeek=2023-02-06&rankRange=0-5000,2026-03-22T00:50:25Z
atp,2023-02-06,M0GB,A. Martinez,Alex Martinez,796,23,https://www.atptour.com/en/rankings/singles?dateWeek=2023-02-06&rankRange=0-5000,2026-03-22T00:50:25Z
atp,2023-02-06,MW84,J. McNally,John Mcnally,797,23,https://www.atptour.com/en/rankings/singles?dateWeek=2023-02-06&rankRange=0-5000,2026-03-22T00:50:25Z
atp,2023-02-06,M0KA,Y. Milev,Yanaki Milev,798,23,https://www.atptour.com/en/rankings/singles?dateWeek=2023-02-06&rankRange=0-5000,2026-03-22T00:50:25Z
atp,2023-02-06,P0IT,O. Pieczkowski,Olaf Pieczkowski,799,23,https://www.atptour.com/en/rankings/singles?dateWeek=2023-02-06&rankRange=0-5000,2026-03-22T00:50:25Z
atp,2023-02-06,A0IK,L. Ambrogi,Luciano Emanuel Ambrogi,800,23,https://www.atptour.com/en/rankings/singles?dateWeek=2023-02-06&rankRange=0-5000,2026-03-22T00:50:25Z
atp,2023-02-06,G0IB,T. Gentzsch,Tom Gentzsch,801,23,https://www.atptour.com/en/rankings/singles?dateWeek=2023-02-06&rankRange=0-5000,2026-03-22T00:50:25Z
atp,2023-02-06,R0BT,F. Roncadelli,Franco Roncadelli,802,23,https://www.atptour.com/en/rankings/singles?dateWeek=2023-02-06&rankRange=0-5000,2026-03-22T00:50:25Z
atp,2023-02-06,I411,J. Ingildsen,Johannes Ingildsen,803,23,https://www.atptour.com/en/rankings/singles?dateWeek=2023-02-06&rankRange=0-5000,2026-03-22T00:50:25Z
atp,2023-02-06,AD06,A. Addison,Aaron Addison,804,23,https://www.atptour.com/en/rankings/singles?dateWeek=2023-02-06&rankRange=0-5000,2026-03-22T00:50:25Z
atp,2023-02-06,HH15,M. Haliak,Mikalai Haliak,805,23,https://www.atptour.com/en/rankings/singles?dateWeek=2023-02-06&rankRange=0-5000,2026-03-22T00:50:25Z
atp,2023-02-06,I426,M. Imamura,Masamichi Imamura,806,23,https://www.atptour.com/en/rankings/singles?dateWeek=2023-02-06&rankRange=0-5000,2026-03-22T00:50:25Z
atp,2023-02-06,T0BD,N. Tepmahc,Nicolas Tepmahc,807,23,https://www.atptour.com/en/rankings/singles?dateWeek=2023-02-06&rankRange=0-5000,2026-03-22T00:50:25Z
atp,2023-02-06,TC12,M. Torpegaard,Mikael Torpegaard,808,22,https://www.atptour.com/en/rankings/singles?dateWeek=2023-02-06&rankRange=0-5000,2026-03-22T00:50:25Z
atp,2023-02-06,SE73,Y. Sugita,Yuichi Sugita,809,22,https://www.atptour.com/en/rankings/singles?dateWeek=2023-02-06&rankRange=0-5000,2026-03-22T00:50:25Z
atp,2023-02-06,RA43,M. Rajski,Maciej Rajski,810,22,https://www.atptour.com/en/rankings/singles?dateWeek=2023-02-06&rankRange=0-5000,2026-03-22T00:50:25Z
atp,2023-02-06,G0G2,M. Gonzalez Fernandez,Mario Gonzalez Fernandez,811,22,https://www.atptour.com/en/rankings/singles?dateWeek=2023-02-06&rankRange=0-5000,2026-03-22T00:50:25Z
atp,2023-02-06,R0BC,L. Rodriguez,Lorenzo Joaquin Rodriguez,812,22,https://www.atptour.com/en/rankings/singles?dateWeek=2023-02-06&rankRange=0-5000,2026-03-22T00:50:25Z
atp,2023-02-06,HB83,M. Harper,Mitchell Harper,813,22,https://www.atptour.com/en/rankings/singles?dateWeek=2023-02-06&rankRange=0-5000,2026-03-22T00:50:25Z
atp,2023-02-06,HH32,A. Hoyos,Alejandro Hoyos,814,22,https://www.atptour.com/en/rankings/singles?dateWeek=2023-02-06&rankRange=0-5000,2026-03-22T00:50:25Z
atp,2023-02-06,B0DJ,I. Beloborodko,Illya Beloborodko,815,22,https://www.atptour.com/en/rankings/singles?dateWeek=2023-02-06&rankRange=0-5000,2026-03-22T00:50:25Z
atp,2023-02-06,L0G5,J. Loureiro,Joao Victor Couto Loureiro,816,22,https://www.atptour.com/en/rankings/singles?dateWeek=2023-02-06&rankRange=0-5000,2026-03-22T00:50:25Z
atp,2023-02-06,G892,A. Gonzalez,Alejandro Gonzalez,817,21,https://www.atptour.com/en/rankings/singles?dateWeek=2023-02-06&rankRange=0-5000,2026-03-22T00:50:25Z
atp,2023-02-06,DC38,J. Delaney,Jake Delaney,818,21,https://www.atptour.com/en/rankings/singles?dateWeek=2023-02-06&rankRange=0-5000,2026-03-22T00:50:25Z
atp,2023-02-06,PH02,D. Pontoglio,Davide Pontoglio,819,21,https://www.atptour.com/en/rankings/singles?dateWeek=2023-02-06&rankRange=0-5000,2026-03-22T00:50:25Z
atp,2023-02-06,Z239,F. Zeballos,Federico Zeballos,820,21,https://www.atptour.com/en/rankings/singles?dateWeek=2023-02-06&rankRange=0-5000,2026-03-22T00:50:25Z
atp,2023-02-06,BL61,F. Bergevi,Filip Bergevi,823,21,https://www.atptour.com/en/rankings/singles?dateWeek=2023-02-06&rankRange=0-5000,2026-03-22T00:50:25Z
atp,2023-02-06,G0CV,B. Gadamauri,Buvaysar Gadamauri,824,21,https://www.atptour.com/en/rankings/singles?dateWeek=2023-02-06&rankRange=0-5000,2026-03-22T00:50:25Z
atp,2023-02-06,G0J9,S. Gulin,Svyatoslav Gulin,825,21,https://www.atptour.com/en/rankings/singles?dateWeek=2023-02-06&rankRange=0-5000,2026-03-22T00:50:25Z
atp,2023-02-06,B0GB,A. Bovy,Arnaud Bovy,826,21,https://www.atptour.com/en/rankings/singles?dateWeek=2023-02-06&rankRange=0-5000,2026-03-22T00:50:25Z
atp,2023-02-06,T0AA,D. Tomescu,Dan Alexandru Tomescu,827,21,https://www.atptour.com/en/rankings/singles?dateWeek=2023-02-06&rankRange=0-5000,2026-03-22T00:50:25Z
atp,2023-02-06,LF40,I. Liutarevich,Ivan Liutarevich,828,21,https://www.atptour.com/en/rankings/singles?dateWeek=2023-02-06&rankRange=0-5000,2026-03-22T00:50:25Z
atp,2023-02-06,B0JP,D. Blanch,Dali Blanch,829,21,https://www.atptour.com/en/rankings/singles?dateWeek=2023-02-06&rankRange=0-5000,2026-03-22T00:50:25Z
atp,2023-02-06,RB00,R. Rodriguez - Pace,Ricardo Rodriguez Pace,830,21,https://www.atptour.com/en/rankings/singles?dateWeek=2023-02-06&rankRange=0-5000,2026-03-22T00:50:25Z
atp,2023-02-06,F0FV,J. Fonseca,Joao Fonseca,831,20,https://www.atptour.com/en/rankings/singles?dateWeek=2023-02-06&rankRange=0-5000,2026-03-22T00:50:25Z
atp,2023-02-06,P0IY,J. Prado Angelo,Juan Carlos Prado Angelo,832,20,https://www.atptour.com/en/rankings/singles?dateWeek=2023-02-06&rankRange=0-5000,2026-03-22T00:50:25Z
atp,2023-02-06,B0JE,M. Basing,Max Basing,833,20,https://www.atptour.com/en/rankings/singles?dateWeek=2023-02-06&rankRange=0-5000,2026-03-22T00:50:25Z
atp,2023-02-06,A0F3,F. Andaloro,Fabrizio Andaloro,834,20,https://www.atptour.com/en/rankings/singles?dateWeek=2023-02-06&rankRange=0-5000,2026-03-22T00:50:25Z
atp,2023-02-06,SY00,C. Sigsgaard,Christian Sigsgaard,835,20,https://www.atptour.com/en/rankings/singles?dateWeek=2023-02-06&rankRange=0-5000,2026-03-22T00:50:25Z
atp,2023-02-06,Z0AK,T. Zink,Tyler Zink,836,20,https://www.atptour.com/en/rankings/singles?dateWeek=2023-02-06&rankRange=0-5000,2026-03-22T00:50:25Z
atp,2023-02-06,B0D6,T. Baadi,Taha Baadi,837,20,https://www.atptour.com/en/rankings/singles?dateWeek=2023-02-06&rankRange=0-5000,2026-03-22T00:50:25Z
atp,2023-02-06,P0G0,E. Philippov,Evgeny Philippov,838,20,https://www.atptour.com/en/rankings/singles?dateWeek=2023-02-06&rankRange=0-5000,2026-03-22T00:50:25Z
atp,2023-02-06,B09K,O. Bielinskyi,Oleksandr Bielinskyi,841,20,https://www.atptour.com/en/rankings/singles?dateWeek=2023-02-06&rankRange=0-5000,2026-03-22T00:50:25Z
atp,2023-02-06,BT45,W. Blumberg,William Blumberg,842,19,https://www.atptour.com/en/rankings/singles?dateWeek=2023-02-06&rankRange=0-5000,2026-03-22T00:50:25Z
atp,2023-02-06,K839,T. Kamke,Tobias Kamke,843,19,https://www.atptour.com/en/rankings/singles?dateWeek=2023-02-06&rankRange=0-5000,2026-03-22T00:50:25Z
atp,2023-02-06,RB49,L. Renard,Lucas Renard,844,19,https://www.atptour.com/en/rankings/singles?dateWeek=2023-02-06&rankRange=0-5000,2026-03-22T00:50:25Z
atp,2023-02-06,PF36,D. Perez Sanz,David Perez Sanz,845,19,https://www.atptour.com/en/rankings/singles?dateWeek=2023-02-06&rankRange=0-5000,2026-03-22T00:50:25Z
atp,2023-02-06,KE85,K. Kawachi,Kazuma Kawachi,846,19,https://www.atptour.com/en/rankings/singles?dateWeek=2023-02-06&rankRange=0-5000,2026-03-22T00:50:25Z
atp,2023-02-06,BO07,M. Brugnerotto,Marco Brugnerotto,847,19,https://www.atptour.com/en/rankings/singles?dateWeek=2023-02-06&rankRange=0-5000,2026-03-22T00:50:25Z
atp,2023-02-06,O09T,K. Ogura,Kosuke Ogura,848,19,https://www.atptour.com/en/rankings/singles?dateWeek=2023-02-06&rankRange=0-5000,2026-03-22T00:50:25Z
atp,2023-02-06,SY50,N. Sinha,Nitin Kumar Sinha,849,19,https://www.atptour.com/en/rankings/singles?dateWeek=2023-02-06&rankRange=0-5000,2026-03-22T00:50:25Z
atp,2023-02-06,R0GN,A. Raynel,Amaury Raynel,850,19,https://www.atptour.com/en/rankings/singles?dateWeek=2023-02-06&rankRange=0-5000,2026-03-22T00:50:25Z
atp,2023-02-06,E0BO,N. Ehrenschneider,Nino Ehrenschneider,851,18,https://www.atptour.com/en/rankings/singles?dateWeek=2023-02-06&rankRange=0-5000,2026-03-22T00:50:25Z
atp,2023-02-06,J0AW,G. Justo,Guido Ivan Justo,852,18,https://www.atptour.com/en/rankings/singles?dateWeek=2023-02-06&rankRange=0-5000,2026-03-22T00:50:25Z
atp,2023-02-06,PJ74,L. Poullain,Lucas Poullain,853,18,https://www.atptour.com/en/rankings/singles?dateWeek=2023-02-06&rankRange=0-5000,2026-03-22T00:50:25Z
atp,2023-02-06,BU10,J. Berrettini,Jacopo Berrettini,854,18,https://www.atptour.com/en/rankings/singles?dateWeek=2023-02-06&rankRange=0-5000,2026-03-22T00:50:25Z
atp,2023-02-06,F0F4,K. Feldbausch,Kilian Feldbausch,855,18,https://www.atptour.com/en/rankings/singles?dateWeek=2023-02-06&rankRange=0-5000,2026-03-22T00:50:25Z
atp,2023-02-06,B0C5,F. Broska,Florian Broska,856,18,https://www.atptour.com/en/rankings/singles?dateWeek=2023-02-06&rankRange=0-5000,2026-03-22T00:50:25Z
atp,2023-02-06,R0GO,H. Rocha,Henrique Rocha,857,18,https://www.atptour.com/en/rankings/singles?dateWeek=2023-02-06&rankRange=0-5000,2026-03-22T00:50:25Z
atp,2023-02-06,A0EU,A. Aubriot,Alexandre Aubriot,858,18,https://www.atptour.com/en/rankings/singles?dateWeek=2023-02-06&rankRange=0-5000,2026-03-22T00:50:25Z
atp,2023-02-06,L0DE,R. Lambling,Raphael Lambling,859,18,https://www.atptour.com/en/rankings/singles?dateWeek=2023-02-06&rankRange=0-5000,2026-03-22T00:50:25Z
atp,2023-02-06,B0EK,M. Bouzige,Moerani Bouzige,860,18,https://www.atptour.com/en/rankings/singles?dateWeek=2023-02-06&rankRange=0-5000,2026-03-22T00:50:25Z
atp,2023-02-06,M0AA,C. March,Cayetano March,861,18,https://www.atptour.com/en/rankings/singles?dateWeek=2023-02-06&rankRange=0-5000,2026-03-22T00:50:25Z
atp,2023-02-06,F0FF,P. Florig,Philip Florig,862,18,https://www.atptour.com/en/rankings/singles?dateWeek=2023-02-06&rankRange=0-5000,2026-03-22T00:50:25Z
atp,2023-02-06,H0AG,R. Ho,Ray Ho,863,18,https://www.atptour.com/en/rankings/singles?dateWeek=2023-02-06&rankRange=0-5000,2026-03-22T00:50:25Z
atp,2023-02-06,E678,J. Eysseric,Jonathan Eysseric,864,17,https://www.atptour.com/en/rankings/singles?dateWeek=2023-02-06&rankRange=0-5000,2026-03-22T00:50:25Z
atp,2023-02-06,K0JB,N. Kobelt,Nicolas Kobelt,865,17,https://www.atptour.com/en/rankings/singles?dateWeek=2023-02-06&rankRange=0-5000,2026-03-22T00:50:25Z
atp,2023-02-06,M0RE,P. Maloney,Patrick Maloney,866,17,https://www.atptour.com/en/rankings/singles?dateWeek=2023-02-06&rankRange=0-5000,2026-03-22T00:50:25Z
atp,2023-02-06,RH88,A. Rubio Fierros,Alan Fernando Rubio Fierros,867,17,https://www.atptour.com/en/rankings/singles?dateWeek=2023-02-06&rankRange=0-5000,2026-03-22T00:50:25Z
atp,2023-02-06,K0DE,T. Kumasaka,Takuya Kumasaka,868,17,https://www.atptour.com/en/rankings/singles?dateWeek=2023-02-06&rankRange=0-5000,2026-03-22T00:50:25Z
atp,2023-02-06,MJ70,K. Maamoun,Karim Mohamed Maamoun,869,17,https://www.atptour.com/en/rankings/singles?dateWeek=2023-02-06&rankRange=0-5000,2026-03-22T00:50:25Z
atp,2023-02-06,G0FF,A. Garcian,Axel Garcian,870,17,https://www.atptour.com/en/rankings/singles?dateWeek=2023-02-06&rankRange=0-5000,2026-03-22T00:50:25Z
atp,2023-02-06,R0AI,S. Reitano,Stefano Reitano,871,17,https://www.atptour.com/en/rankings/singles?dateWeek=2023-02-06&rankRange=0-5000,2026-03-22T00:50:25Z
atp,2023-02-06,N598,T. Niki,Takuto Niki,872,17,https://www.atptour.com/en/rankings/singles?dateWeek=2023-02-06&rankRange=0-5000,2026-03-22T00:50:25Z
atp,2023-02-06,W738,B. Walkin,Brandon Walkin,873,17,https://www.atptour.com/en/rankings/singles?dateWeek=2023-02-06&rankRange=0-5000,2026-03-22T00:50:25Z
atp,2023-02-06,DC83,G. Donev,Gabriel Donev,874,17,https://www.atptour.com/en/rankings/singles?dateWeek=2023-02-06&rankRange=0-5000,2026-03-22T00:50:25Z
atp,2023-02-06,Z09W,L. Zima,Leopold Zima,875,17,https://www.atptour.com/en/rankings/singles?dateWeek=2023-02-06&rankRange=0-5000,2026-03-22T00:50:25Z
atp,2023-02-06,I0A6,T. Ichikawa,Taisei Ichikawa,876,17,https://www.atptour.com/en/rankings/singles?dateWeek=2023-02-06&rankRange=0-5000,2026-03-22T00:50:25Z
atp,2023-02-06,F824,C. Farren,Connor Farren,877,17,https://www.atptour.com/en/rankings/singles?dateWeek=2023-02-06&rankRange=0-5000,2026-03-22T00:50:25Z
atp,2023-02-06,P0JG,G. Pennaforti,Gabriele Pennaforti,878,17,https://www.atptour.com/en/rankings/singles?dateWeek=2023-02-06&rankRange=0-5000,2026-03-22T00:50:25Z
atp,2023-02-06,BM45,D. Biljesko,Domagoj Biljesko,879,17,https://www.atptour.com/en/rankings/singles?dateWeek=2023-02-06&rankRange=0-5000,2026-03-22T00:50:25Z
atp,2023-02-06,N724,G. Noce,Gabriele Maria Noce,880,17,https://www.atptour.com/en/rankings/singles?dateWeek=2023-02-06&rankRange=0-5000,2026-03-22T00:50:25Z
atp,2023-02-06,BV08,B. Butulija,Boris Butulija,881,17,https://www.atptour.com/en/rankings/singles?dateWeek=2023-02-06&rankRange=0-5000,2026-03-22T00:50:25Z
atp,2023-02-06,VA22,M. Vocel,Matej Vocel,882,16,https://www.atptour.com/en/rankings/singles?dateWeek=2023-02-06&rankRange=0-5000,2026-03-22T00:50:25Z
atp,2023-02-06,M0SB,K. Matsuda,Koki Matsuda,883,16,https://www.atptour.com/en/rankings/singles?dateWeek=2023-02-06&rankRange=0-5000,2026-03-22T00:50:25Z
atp,2023-02-06,MM79,B. Mott,Blake Mott,884,16,https://www.atptour.com/en/rankings/singles?dateWeek=2023-02-06&rankRange=0-5000,2026-03-22T00:50:25Z
atp,2023-02-06,CA33,I. Cervantes,Inigo Cervantes,885,16,https://www.atptour.com/en/rankings/singles?dateWeek=2023-02-06&rankRange=0-5000,2026-03-22T00:50:25Z
atp,2023-02-06,J0D4,J. Jin,Jeremy Jin,886,16,https://www.atptour.com/en/rankings/singles?dateWeek=2023-02-06&rankRange=0-5000,2026-03-22T00:50:25Z
atp,2023-02-06,S0NN,J. Sheehy,Joshua Sheehy,887,16,https://www.atptour.com/en/rankings/singles?dateWeek=2023-02-06&rankRange=0-5000,2026-03-22T00:50:25Z
atp,2023-02-06,PM12,N. Parizzia,Nicolas Parizzia,888,16,https://www.atptour.com/en/rankings/singles?dateWeek=2023-02-06&rankRange=0-5000,2026-03-22T00:50:25Z
atp,2023-02-06,D0DB,P. Delage,Pierre Delage,889,16,https://www.atptour.com/en/rankings/singles?dateWeek=2023-02-06&rankRange=0-5000,2026-03-22T00:50:25Z
atp,2023-02-06,S0JH,F. Speziali,Filippo Speziali,890,16,https://www.atptour.com/en/rankings/singles?dateWeek=2023-02-06&rankRange=0-5000,2026-03-22T00:50:25Z
atp,2023-02-06,I0AX,K. Isomura,Kokoro Isomura,891,16,https://www.atptour.com/en/rankings/singles?dateWeek=2023-02-06&rankRange=0-5000,2026-03-22T00:50:25Z
atp,2023-02-06,O0AI,D. Obradovic,Dusan Obradovic,892,16,https://www.atptour.com/en/rankings/singles?dateWeek=2023-02-06&rankRange=0-5000,2026-03-22T00:50:25Z
atp,2023-02-06,B0HF,D. Barreto Sanchez,Diego Augusto Barreto Sanchez,893,16,https://www.atptour.com/en/rankings/singles?dateWeek=2023-02-06&rankRange=0-5000,2026-03-22T00:50:25Z
atp,2023-02-06,P0FF,L. Palovic,Lukas Palovic,894,16,https://www.atptour.com/en/rankings/singles?dateWeek=2023-02-06&rankRange=0-5000,2026-03-22T00:50:25Z
atp,2023-02-06,G0B2,J. Goodger,Joshua Goodger,895,15,https://www.atptour.com/en/rankings/singles?dateWeek=2023-02-06&rankRange=0-5000,2026-03-22T00:50:25Z
atp,2023-02-06,EA31,M. Efstathiou,Melios Efstathiou,896,15,https://www.atptour.com/en/rankings/singles?dateWeek=2023-02-06&rankRange=0-5000,2026-03-22T00:50:25Z
atp,2023-02-06,PE42,L. Patino,Luis Patino,897,15,https://www.atptour.com/en/rankings/singles?dateWeek=2023-02-06&rankRange=0-5000,2026-03-22T00:50:25Z
atp,2023-02-06,B0LW,M. Brunold,Mika Brunold,898,15,https://www.atptour.com/en/rankings/singles?dateWeek=2023-02-06&rankRange=0-5000,2026-03-22T00:50:25Z
atp,2023-02-06,H999,G. Hidalgo,Gabriel Alejandro Hidalgo,899,15,https://www.atptour.com/en/rankings/singles?dateWeek=2023-02-06&rankRange=0-5000,2026-03-22T00:50:25Z
atp,2023-02-06,J468,A. Jecan,Alexandru Jecan,900,15,https://www.atptour.com/en/rankings/singles?dateWeek=2023-02-06&rankRange=0-5000,2026-03-22T00:50:25Z
atp,2023-02-06,A0IE,S. Andre,Seydina Andre,901,15,https://www.atptour.com/en/rankings/singles?dateWeek=2023-02-06&rankRange=0-5000,2026-03-22T00:50:25Z
atp,2023-02-06,S09Y,N. Seateun,Nathan Seateun,902,15,https://www.atptour.com/en/rankings/singles?dateWeek=2023-02-06&rankRange=0-5000,2026-03-22T00:50:25Z
atp,2023-02-06,C0GK,T. Cigarran,Thiago Cigarran,903,15,https://www.atptour.com/en/rankings/singles?dateWeek=2023-02-06&rankRange=0-5000,2026-03-22T00:50:25Z
atp,2023-02-06,Y0A8,T. Yamanaka,Taiyo Yamanaka,904,15,https://www.atptour.com/en/rankings/singles?dateWeek=2023-02-06&rankRange=0-5000,2026-03-22T00:50:25Z
atp,2023-02-06,K0HL,K. Kang,Kyle Kang,905,15,https://www.atptour.com/en/rankings/singles?dateWeek=2023-02-06&rankRange=0-5000,2026-03-22T00:50:25Z
atp,2023-02-06,S0RI,K. Singh,Karan Singh,906,15,https://www.atptour.com/en/rankings/singles?dateWeek=2023-02-06&rankRange=0-5000,2026-03-22T00:50:25Z
atp,2023-02-06,BU32,L. Bouquet,Lucas Bouquet,907,15,https://www.atptour.com/en/rankings/singles?dateWeek=2023-02-06&rankRange=0-5000,2026-03-22T00:50:25Z
atp,2023-02-06,S0GF,M. Steiner,Maik Steiner,908,15,https://www.atptour.com/en/rankings/singles?dateWeek=2023-02-06&rankRange=0-5000,2026-03-22T00:50:25Z
atp,2023-02-06,SM18,K. Stevenson,Kelsey Stevenson,909,15,https://www.atptour.com/en/rankings/singles?dateWeek=2023-02-06&rankRange=0-5000,2026-03-22T00:50:25Z
atp,2023-02-06,G985,C. Gomez-Herrera,Carlos Gomez Herrera,910,14,https://www.atptour.com/en/rankings/singles?dateWeek=2023-02-06&rankRange=0-5000,2026-03-22T00:50:25Z
atp,2023-02-06,J09J,Y. Jeong,Yeong Seok Jeong,913,14,https://www.atptour.com/en/rankings/singles?dateWeek=2023-02-06&rankRange=0-5000,2026-03-22T00:50:25Z
atp,2023-02-06,SP24,B. Schnur,Brayden Schnur,914,14,https://www.atptour.com/en/rankings/singles?dateWeek=2023-02-06&rankRange=0-5000,2026-03-22T00:50:25Z
atp,2023-02-06,BD20,T. Bellucci,Thomaz Bellucci,915,14,https://www.atptour.com/en/rankings/singles?dateWeek=2023-02-06&rankRange=0-5000,2026-03-22T00:50:25Z
atp,2023-02-06,Y235,J. Yamasaki,Jumpei Yamasaki,916,14,https://www.atptour.com/en/rankings/singles?dateWeek=2023-02-06&rankRange=0-5000,2026-03-22T00:50:25Z
atp,2023-02-06,BH21,A. Bulitski,Aliaksandr Bulitski,917,14,https://www.atptour.com/en/rankings/singles?dateWeek=2023-02-06&rankRange=0-5000,2026-03-22T00:50:25Z
atp,2023-02-06,T0HM,V. Tonejc,Vito Tonejc,918,14,https://www.atptour.com/en/rankings/singles?dateWeek=2023-02-06&rankRange=0-5000,2026-03-22T00:50:25Z
atp,2023-02-06,G0IW,A. Ghibaudo,Antoine Ghibaudo,919,14,https://www.atptour.com/en/rankings/singles?dateWeek=2023-02-06&rankRange=0-5000,2026-03-22T00:50:25Z
atp,2023-02-06,KF06,A. Kijametovic,Aziz Kijametovic,920,14,https://www.atptour.com/en/rankings/singles?dateWeek=2023-02-06&rankRange=0-5000,2026-03-22T00:50:25Z
atp,2023-02-06,C0AJ,J. Cui,Jie Cui,921,14,https://www.atptour.com/en/rankings/singles?dateWeek=2023-02-06&rankRange=0-5000,2026-03-22T00:50:25Z
atp,2023-02-06,BU34,J. Beale,Jeremy Beale,922,14,https://www.atptour.com/en/rankings/singles?dateWeek=2023-02-06&rankRange=0-5000,2026-03-22T00:50:25Z
atp,2023-02-06,GK24,L. Giacomini,Luca Giacomini,923,14,https://www.atptour.com/en/rankings/singles?dateWeek=2023-02-06&rankRange=0-5000,2026-03-22T00:50:25Z
atp,2023-02-06,GB94,O. Giacalone,Omar Giacalone,924,14,https://www.atptour.com/en/rankings/singles?dateWeek=2023-02-06&rankRange=0-5000,2026-03-22T00:50:25Z
atp,2023-02-06,I416,Y. Inui,Yuichiro Inui,925,14,https://www.atptour.com/en/rankings/singles?dateWeek=2023-02-06&rankRange=0-5000,2026-03-22T00:50:25Z
atp,2023-02-06,N0AF,A. Nordquist,Arvid Nordquist,926,14,https://www.atptour.com/en/rankings/singles?dateWeek=2023-02-06&rankRange=0-5000,2026-03-22T00:50:25Z
atp,2023-02-06,J0BQ,K. Juhas,Kristijan Juhas,927,14,https://www.atptour.com/en/rankings/singles?dateWeek=2023-02-06&rankRange=0-5000,2026-03-22T00:50:25Z
atp,2023-02-06,L0DG,A. Lofman,Aleksi Lofman,928,14,https://www.atptour.com/en/rankings/singles?dateWeek=2023-02-06&rankRange=0-5000,2026-03-22T00:50:25Z
atp,2023-02-06,C0C9,K. Cavrak,Ken Cavrak,929,14,https://www.atptour.com/en/rankings/singles?dateWeek=2023-02-06&rankRange=0-5000,2026-03-22T00:50:25Z
atp,2023-02-06,P0GP,P. Privara,Peter Benjamin Privara,930,14,https://www.atptour.com/en/rankings/singles?dateWeek=2023-02-06&rankRange=0-5000,2026-03-22T00:50:25Z
atp,2023-02-06,TB70,W. Trongcharoenchaikul,Wishaya Trongcharoenchaikul,931,14,https://www.atptour.com/en/rankings/singles?dateWeek=2023-02-06&rankRange=0-5000,2026-03-22T00:50:25Z
atp,2023-02-06,W725,P. Woerner,Paul Woerner,932,14,https://www.atptour.com/en/rankings/singles?dateWeek=2023-02-06&rankRange=0-5000,2026-03-22T00:50:25Z
atp,2023-02-06,F0C4,D. Fernandez Flores,Diego Fernandez Flores,933,14,https://www.atptour.com/en/rankings/singles?dateWeek=2023-02-06&rankRange=0-5000,2026-03-22T00:50:25Z
atp,2023-02-06,M0ES,O. Moraing,Oscar Moraing,934,14,https://www.atptour.com/en/rankings/singles?dateWeek=2023-02-06&rankRange=0-5000,2026-03-22T00:50:25Z
atp,2023-02-06,KG49,D. Klok,Denis Klok,935,14,https://www.atptour.com/en/rankings/singles?dateWeek=2023-02-06&rankRange=0-5000,2026-03-22T00:50:25Z
atp,2023-02-06,J0CU,S. Jong,Sander Jong,936,13,https://www.atptour.com/en/rankings/singles?dateWeek=2023-02-06&rankRange=0-5000,2026-03-22T00:50:25Z
atp,2023-02-06,TD55,R. Tokuda,Renta Tokuda,937,13,https://www.atptour.com/en/rankings/singles?dateWeek=2023-02-06&rankRange=0-5000,2026-03-22T00:50:25Z
atp,2023-02-06,H0EC,C. Hanzlik,Cash Hanzlik,938,13,https://www.atptour.com/en/rankings/singles?dateWeek=2023-02-06&rankRange=0-5000,2026-03-22T00:50:25Z
atp,2023-02-06,D0I0,S. Dominko,Sebastian Dominko,939,13,https://www.atptour.com/en/rankings/singles?dateWeek=2023-02-06&rankRange=0-5000,2026-03-22T00:50:25Z
atp,2023-02-06,H09W,J. Hasson,Jordan Hasson,940,13,https://www.atptour.com/en/rankings/singles?dateWeek=2023-02-06&rankRange=0-5000,2026-03-22T00:50:25Z
atp,2023-02-06,L0CK,Y. Lalami,Younes Lalami,941,13,https://www.atptour.com/en/rankings/singles?dateWeek=2023-02-06&rankRange=0-5000,2026-03-22T00:50:25Z
atp,2023-02-06,CI19,A. Catanzariti,A.j. Catanzariti,942,13,https://www.atptour.com/en/rankings/singles?dateWeek=2023-02-06&rankRange=0-5000,2026-03-22T00:50:25Z
atp,2023-02-06,C0JQ,I. Cabrera Bello,Inaki Cabrera Bello,943,13,https://www.atptour.com/en/rankings/singles?dateWeek=2023-02-06&rankRange=0-5000,2026-03-22T00:50:25Z
atp,2023-02-06,N934,K. Nishiwaki,Kazuki Nishiwaki,944,13,https://www.atptour.com/en/rankings/singles?dateWeek=2023-02-06&rankRange=0-5000,2026-03-22T00:50:25Z
atp,2023-02-06,Z09B,A. Zgirovsky,Alexander Zgirovsky,945,13,https://www.atptour.com/en/rankings/singles?dateWeek=2023-02-06&rankRange=0-5000,2026-03-22T00:50:25Z
atp,2023-02-06,W0AN,M. Welte,Milan Welte,946,13,https://www.atptour.com/en/rankings/singles?dateWeek=2023-02-06&rankRange=0-5000,2026-03-22T00:50:25Z
atp,2023-02-06,RH69,M. Romios,Matthew Romios,947,13,https://www.atptour.com/en/rankings/singles?dateWeek=2023-02-06&rankRange=0-5000,2026-03-22T00:50:25Z
atp,2023-02-06,G0D4,L. Gagliardo,Lorenzo Gagliardo,948,13,https://www.atptour.com/en/rankings/singles?dateWeek=2023-02-06&rankRange=0-5000,2026-03-22T00:50:25Z
atp,2023-02-06,C0C1,N. Catini,Niccolo Catini,949,13,https://www.atptour.com/en/rankings/singles?dateWeek=2023-02-06&rankRange=0-5000,2026-03-22T00:50:25Z
atp,2023-02-06,S0QZ,S. Sorger,Sebastian Sorger,952,13,https://www.atptour.com/en/rankings/singles?dateWeek=2023-02-06&rankRange=0-5000,2026-03-22T00:50:25Z
atp,2023-02-06,AB90,B. Apostol,Bogdan Ionut Apostol,953,13,https://www.atptour.com/en/rankings/singles?dateWeek=2023-02-06&rankRange=0-5000,2026-03-22T00:50:25Z
atp,2023-02-06,L0G1,N. Lopez,Noah Lopez,954,13,https://www.atptour.com/en/rankings/singles?dateWeek=2023-02-06&rankRange=0-5000,2026-03-22T00:50:25Z
atp,2023-02-06,C0A0,A. Crnokrak,Alexander Crnokrak,955,13,https://www.atptour.com/en/rankings/singles?dateWeek=2023-02-06&rankRange=0-5000,2026-03-22T00:50:25Z
atp,2023-02-06,S0F7,A. Skorilas,Alexandros Skorilas,956,13,https://www.atptour.com/en/rankings/singles?dateWeek=2023-02-06&rankRange=0-5000,2026-03-22T00:50:25Z
atp,2023-02-06,J0CM,V. Jovic,Viktor Jovic,957,13,https://www.atptour.com/en/rankings/singles?dateWeek=2023-02-06&rankRange=0-5000,2026-03-22T00:50:25Z
atp,2023-02-06,K771,M. Ilhan,Marsel Ilhan,958,13,https://www.atptour.com/en/rankings/singles?dateWeek=2023-02-06&rankRange=0-5000,2026-03-22T00:50:25Z
atp,2023-02-06,J0D2,M. Jones,Maximus Jones,959,13,https://www.atptour.com/en/rankings/singles?dateWeek=2023-02-06&rankRange=0-5000,2026-03-22T00:50:25Z
atp,2023-02-06,E690,M. Ebden,Matthew Ebden,960,12,https://www.atptour.com/en/rankings/singles?dateWeek=2023-02-06&rankRange=0-5000,2026-03-22T00:50:25Z
atp,2023-02-06,FC25,B. Fassbender,Boris Fassbender,961,12,https://www.atptour.com/en/rankings/singles?dateWeek=2023-02-06&rankRange=0-5000,2026-03-22T00:50:25Z
atp,2023-02-06,G0DD,W. Grant,William Grant,962,12,https://www.atptour.com/en/rankings/singles?dateWeek=2023-02-06&rankRange=0-5000,2026-03-22T00:50:25Z
atp,2023-02-06,MN70,J. Menezes,Joao Menezes,963,12,https://www.atptour.com/en/rankings/singles?dateWeek=2023-02-06&rankRange=0-5000,2026-03-22T00:50:25Z
atp,2023-02-06,Z0BZ,M. Zheng,Michael Zheng,964,12,https://www.atptour.com/en/rankings/singles?dateWeek=2023-02-06&rankRange=0-5000,2026-03-22T00:50:25Z
atp,2023-02-06,O507,J. Ocleppo,Julian Ocleppo,965,12,https://www.atptour.com/en/rankings/singles?dateWeek=2023-02-06&rankRange=0-5000,2026-03-22T00:50:25Z
atp,2023-02-06,BK12,A. Bodmer,Adrian Bodmer,966,12,https://www.atptour.com/en/rankings/singles?dateWeek=2023-02-06&rankRange=0-5000,2026-03-22T00:50:25Z
atp,2023-02-06,O663,J. Opitz,Jannik Opitz,967,12,https://www.atptour.com/en/rankings/singles?dateWeek=2023-02-06&rankRange=0-5000,2026-03-22T00:50:25Z
atp,2023-02-06,K0EL,A. Kotzen,Alexander Kotzen,968,12,https://www.atptour.com/en/rankings/singles?dateWeek=2023-02-06&rankRange=0-5000,2026-03-22T00:50:25Z
atp,2023-02-06,B0HY,I. Becroft,Isaac Becroft,969,12,https://www.atptour.com/en/rankings/singles?dateWeek=2023-02-06&rankRange=0-5000,2026-03-22T00:50:25Z
atp,2023-02-06,W09T,L. Wiedenmann,Luca Wiedenmann,970,12,https://www.atptour.com/en/rankings/singles?dateWeek=2023-02-06&rankRange=0-5000,2026-03-22T00:50:25Z
atp,2023-02-06,D0FA,Y. Dlimi,Yassine Dlimi,971,12,https://www.atptour.com/en/rankings/singles?dateWeek=2023-02-06&rankRange=0-5000,2026-03-22T00:50:25Z
atp,2023-02-06,C0KH,J. Cesar Porras,Julio Cesar Porras,972,12,https://www.atptour.com/en/rankings/singles?dateWeek=2023-02-06&rankRange=0-5000,2026-03-22T00:50:25Z
atp,2023-02-06,B0NV,P. Brady,Patrick Brady,973,12,https://www.atptour.com/en/rankings/singles?dateWeek=2023-02-06&rankRange=0-5000,2026-03-22T00:50:25Z
atp,2023-02-06,P0KJ,D. Pham,Derek Pham,974,12,https://www.atptour.com/en/rankings/singles?dateWeek=2023-02-06&rankRange=0-5000,2026-03-22T00:50:25Z
atp,2023-02-06,PL69,K. Pearson,Kody Pearson,975,12,https://www.atptour.com/en/rankings/singles?dateWeek=2023-02-06&rankRange=0-5000,2026-03-22T00:50:25Z
atp,2023-02-06,D0C2,D. Donders,Dax Donders,976,12,https://www.atptour.com/en/rankings/singles?dateWeek=2023-02-06&rankRange=0-5000,2026-03-22T00:50:25Z
atp,2023-02-06,C0JV,L. Claverie,Lorenzo Claverie,977,12,https://www.atptour.com/en/rankings/singles?dateWeek=2023-02-06&rankRange=0-5000,2026-03-22T00:50:25Z
atp,2023-02-06,LG37,G. Lomakin,Grigoriy Lomakin,978,12,https://www.atptour.com/en/rankings/singles?dateWeek=2023-02-06&rankRange=0-5000,2026-03-22T00:50:25Z
atp,2023-02-06,V0BD,N. Vylegzhanin,Nikolay Vylegzhanin,979,12,https://www.atptour.com/en/rankings/singles?dateWeek=2023-02-06&rankRange=0-5000,2026-03-22T00:50:25Z
atp,2023-02-06,V0BP,M. Vankan,Marlon Vankan,982,12,https://www.atptour.com/en/rankings/singles?dateWeek=2023-02-06&rankRange=0-5000,2026-03-22T00:50:25Z
atp,2023-02-06,BU35,M. Broville,Maxence Broville,983,12,https://www.atptour.com/en/rankings/singles?dateWeek=2023-02-06&rankRange=0-5000,2026-03-22T00:50:25Z
atp,2023-02-06,M0MW,X. Matas Ortega,Xavi Matas Ortega,984,12,https://www.atptour.com/en/rankings/singles?dateWeek=2023-02-06&rankRange=0-5000,2026-03-22T00:50:25Z
atp,2023-02-06,Z0C3,M. Zhukov,Maxim Zhukov,985,12,https://www.atptour.com/en/rankings/singles?dateWeek=2023-02-06&rankRange=0-5000,2026-03-22T00:50:25Z
atp,2023-02-06,G0D9,I. Gimenez,Igor Gimenez,986,12,https://www.atptour.com/en/rankings/singles?dateWeek=2023-02-06&rankRange=0-5000,2026-03-22T00:50:25Z
atp,2023-02-06,W0AJ,S. Watanabe,Seita Watanabe,987,12,https://www.atptour.com/en/rankings/singles?dateWeek=2023-02-06&rankRange=0-5000,2026-03-22T00:50:25Z
atp,2023-02-06,S0LT,D. Siniakov,Daniel Siniakov,988,12,https://www.atptour.com/en/rankings/singles?dateWeek=2023-02-06&rankRange=0-5000,2026-03-22T00:50:25Z
atp,2023-02-06,O656,A. Oetzbach,Adrian Oetzbach,989,12,https://www.atptour.com/en/rankings/singles?dateWeek=2023-02-06&rankRange=0-5000,2026-03-22T00:50:25Z
atp,2023-02-06,I09E,V. Ivanov,Vladislav Ivanov,992,12,https://www.atptour.com/en/rankings/singles?dateWeek=2023-02-06&rankRange=0-5000,2026-03-22T00:50:25Z
atp,2023-02-06,KD48,M. Kalovelonis,Markos Kalovelonis,993,11,https://www.atptour.com/en/rankings/singles?dateWeek=2023-02-06&rankRange=0-5000,2026-03-22T00:50:25Z
atp,2023-02-06,O411,A. Olivetti,Albano Olivetti,994,11,https://www.atptour.com/en/rankings/singles?dateWeek=2023-02-06&rankRange=0-5000,2026-03-22T00:50:25Z
atp,2023-02-06,Z09F,P. Zahraj,Patrick Zahraj,995,11,https://www.atptour.com/en/rankings/singles?dateWeek=2023-02-06&rankRange=0-5000,2026-03-22T00:50:25Z
atp,2023-02-06,BJ70,J. Benitez Chavarriaga,Juan Manuel Benitez Chavarriaga,996,11,https://www.atptour.com/en/rankings/singles?dateWeek=2023-02-06&rankRange=0-5000,2026-03-22T00:50:25Z
atp,2023-02-06,T0GF,J. Tracy,Jj Tracy,997,11,https://www.atptour.com/en/rankings/singles?dateWeek=2023-02-06&rankRange=0-5000,2026-03-22T00:50:25Z
atp,2023-02-06,B0I6,S. Banerjee,Samir Banerjee,1000,11,https://www.atptour.com/en/rankings/singles?dateWeek=2023-02-06&rankRange=0-5000,2026-03-22T00:50:25Z
atp,2023-02-06,VA48,S. Vishwakarma,Siddharth Vishwakarma,1001,11,https://www.atptour.com/en/rankings/singles?dateWeek=2023-02-06&rankRange=0-5000,2026-03-22T00:50:25Z
atp,2023-02-06,Z0C9,M. Zielinski,Marcel Zielinski,1002,11,https://www.atptour.com/en/rankings/singles?dateWeek=2023-02-06&rankRange=0-5000,2026-03-22T00:50:25Z
atp,2023-02-06,J0CW,Y. Jang,Yunseok Jang,1003,11,https://www.atptour.com/en/rankings/singles?dateWeek=2023-02-06&rankRange=0-5000,2026-03-22T00:50:25Z
atp,2023-02-06,B0GT,L. Bresciani,Lorenzo Bresciani,1004,11,https://www.atptour.com/en/rankings/singles?dateWeek=2023-02-06&rankRange=0-5000,2026-03-22T00:50:25Z
atp,2023-02-06,S0SD,J. Szajrych,Jasza Szajrych,1005,11,https://www.atptour.com/en/rankings/singles?dateWeek=2023-02-06&rankRange=0-5000,2026-03-22T00:50:25Z
atp,2023-02-06,F0DZ,T. Franco,Tobias Franco,1006,11,https://www.atptour.com/en/rankings/singles?dateWeek=2023-02-06&rankRange=0-5000,2026-03-22T00:50:25Z
atp,2023-02-06,MG08,Y. Mertens,Yannick Mertens,1007,11,https://www.atptour.com/en/rankings/singles?dateWeek=2023-02-06&rankRange=0-5000,2026-03-22T00:50:25Z
atp,2023-02-06,SO41,J. Son,Ji Hoon Son,1008,11,https://www.atptour.com/en/rankings/singles?dateWeek=2023-02-06&rankRange=0-5000,2026-03-22T00:50:25Z
atp,2023-02-06,I327,G. Iradukunda,Guy Orly Iradukunda,1009,11,https://www.atptour.com/en/rankings/singles?dateWeek=2023-02-06&rankRange=0-5000,2026-03-22T00:50:25Z
atp,2023-02-06,C09S,F. Coelho,Fabio Coelho,1010,11,https://www.atptour.com/en/rankings/singles?dateWeek=2023-02-06&rankRange=0-5000,2026-03-22T00:50:25Z
atp,2023-02-06,B0DA,M. Breysach,Martin Breysach,1011,11,https://www.atptour.com/en/rankings/singles?dateWeek=2023-02-06&rankRange=0-5000,2026-03-22T00:50:25Z
atp,2023-02-06,SU13,T. Sandkaulen,Tim Sandkaulen,1012,11,https://www.atptour.com/en/rankings/singles?dateWeek=2023-02-06&rankRange=0-5000,2026-03-22T00:50:25Z
atp,2023-02-06,DC99,I. De Rueda De Genover,Ignasi De Rueda De Genover,1013,11,https://www.atptour.com/en/rankings/singles?dateWeek=2023-02-06&rankRange=0-5000,2026-03-22T00:50:25Z
atp,2023-02-06,B0OT,J. Bradshaw,Jacob Bradshaw,1014,11,https://www.atptour.com/en/rankings/singles?dateWeek=2023-02-06&rankRange=0-5000,2026-03-22T00:50:25Z
atp,2023-02-06,B0D8,J. Brumm,Jacob Brumm,1015,11,https://www.atptour.com/en/rankings/singles?dateWeek=2023-02-06&rankRange=0-5000,2026-03-22T00:50:25Z
atp,2023-02-06,C0HV,L. Castagnola,Luca Castagnola,1016,11,https://www.atptour.com/en/rankings/singles?dateWeek=2023-02-06&rankRange=0-5000,2026-03-22T00:50:25Z
atp,2023-02-06,O09A,A. Ouakaa,Aziz Ouakaa,1017,11,https://www.atptour.com/en/rankings/singles?dateWeek=2023-02-06&rankRange=0-5000,2026-03-22T00:50:25Z
atp,2023-02-06,PC11,G. Pella,Guido Pella,1018,10,https://www.atptour.com/en/rankings/singles?dateWeek=2023-02-06&rankRange=0-5000,2026-03-22T00:50:25Z
atp,2023-02-06,N503,A. Nedovyesov,Aleksandr Nedovyesov,1019,10,https://www.atptour.com/en/rankings/singles?dateWeek=2023-02-06&rankRange=0-5000,2026-03-22T00:50:25Z
atp,2023-02-06,BE69,Y. Bai,Yan Bai,1020,10,https://www.atptour.com/en/rankings/singles?dateWeek=2023-02-06&rankRange=0-5000,2026-03-22T00:50:25Z
atp,2023-02-06,CF07,H. Chung,Hong Chung,1021,10,https://www.atptour.com/en/rankings/singles?dateWeek=2023-02-06&rankRange=0-5000,2026-03-22T00:50:25Z
atp,2023-02-06,R0CG,F. Reynolds,Finn Reynolds,1024,10,https://www.atptour.com/en/rankings/singles?dateWeek=2023-02-06&rankRange=0-5000,2026-03-22T00:50:25Z
atp,2023-02-06,S0C2,H. Shiraishi,Hikaru Shiraishi,1025,10,https://www.atptour.com/en/rankings/singles?dateWeek=2023-02-06&rankRange=0-5000,2026-03-22T00:50:25Z
atp,2023-02-06,P0KP,F. Pini,Francisco Pini,1026,10,https://www.atptour.com/en/rankings/singles?dateWeek=2023-02-06&rankRange=0-5000,2026-03-22T00:50:25Z
atp,2023-02-06,Z272,Z. Zhang,Ze Zhang,1027,10,https://www.atptour.com/en/rankings/singles?dateWeek=2023-02-06&rankRange=0-5000,2026-03-22T00:50:25Z
atp,2023-02-06,R0F6,F. Rocha,Francisco Rocha,1028,10,https://www.atptour.com/en/rankings/singles?dateWeek=2023-02-06&rankRange=0-5000,2026-03-22T00:50:25Z
atp,2023-02-06,B0Q9,A. Bacaloni,Andrea Bacaloni,1029,10,https://www.atptour.com/en/rankings/singles?dateWeek=2023-02-06&rankRange=0-5000,2026-03-22T00:50:25Z
atp,2023-02-06,B0QC,G. Bailly,Gilles Arnaud Bailly,1030,10,https://www.atptour.com/en/rankings/singles?dateWeek=2023-02-06&rankRange=0-5000,2026-03-22T00:50:25Z
atp,2023-02-06,C0N2,J. Chin,John Chin,1031,10,https://www.atptour.com/en/rankings/singles?dateWeek=2023-02-06&rankRange=0-5000,2026-03-22T00:50:25Z
atp,2023-02-06,K0C9,M. Kiger,Mac Kiger,1032,10,https://www.atptour.com/en/rankings/singles?dateWeek=2023-02-06&rankRange=0-5000,2026-03-22T00:50:25Z
atp,2023-02-06,A09W,J. Aguilar,Juan Carlos Aguilar,1033,10,https://www.atptour.com/en/rankings/singles?dateWeek=2023-02-06&rankRange=0-5000,2026-03-22T00:50:25Z
atp,2023-02-06,K0C5,A. Kalender,Admir Kalender,1034,10,https://www.atptour.com/en/rankings/singles?dateWeek=2023-02-06&rankRange=0-5000,2026-03-22T00:50:25Z
atp,2023-02-06,A0IH,J. Anthrop,Jack Anthrop,1037,10,https://www.atptour.com/en/rankings/singles?dateWeek=2023-02-06&rankRange=0-5000,2026-03-22T00:50:25Z
atp,2023-02-06,S09P,S. Shin,Sanhui Shin,1038,10,https://www.atptour.com/en/rankings/singles?dateWeek=2023-02-06&rankRange=0-5000,2026-03-22T00:50:25Z
atp,2023-02-06,RH21,G. Ross,Gianni Ross,1039,10,https://www.atptour.com/en/rankings/singles?dateWeek=2023-02-06&rankRange=0-5000,2026-03-22T00:50:25Z
atp,2023-02-06,G0I2,A. Gobat,Adrien Gobat,1040,10,https://www.atptour.com/en/rankings/singles?dateWeek=2023-02-06&rankRange=0-5000,2026-03-22T00:50:25Z
atp,2023-02-06,SY05,J. Schnaitter,Jakob Schnaitter,1041,10,https://www.atptour.com/en/rankings/singles?dateWeek=2023-02-06&rankRange=0-5000,2026-03-22T00:50:25Z
atp,2023-02-06,L397,F. Lopez,Feliciano Lopez,1042,10,https://www.atptour.com/en/rankings/singles?dateWeek=2023-02-06&rankRange=0-5000,2026-03-22T00:50:25Z
atp,2023-02-06,KI10,C. Kissell,Chad Kissell,1043,10,https://www.atptour.com/en/rankings/singles?dateWeek=2023-02-06&rankRange=0-5000,2026-03-22T00:50:25Z
atp,2023-02-06,N0DY,F. Nidunjianzan,Fnu Nidunjianzan,1044,10,https://www.atptour.com/en/rankings/singles?dateWeek=2023-02-06&rankRange=0-5000,2026-03-22T00:50:25Z
atp,2023-02-06,E0AB,I. Eqbal,Ishaque Eqbal,1045,10,https://www.atptour.com/en/rankings/singles?dateWeek=2023-02-06&rankRange=0-5000,2026-03-22T00:50:25Z
atp,2023-02-06,O0AX,G. Ortenzi,Gian Marco Ortenzi,1046,10,https://www.atptour.com/en/rankings/singles?dateWeek=2023-02-06&rankRange=0-5000,2026-03-22T00:50:25Z
atp,2023-02-06,LF59,C. Lo,Chien Hsun Lo,1047,10,https://www.atptour.com/en/rankings/singles?dateWeek=2023-02-06&rankRange=0-5000,2026-03-22T00:50:25Z
atp,2023-02-06,V993,E. Vasa,Eero Vasa,1048,10,https://www.atptour.com/en/rankings/singles?dateWeek=2023-02-06&rankRange=0-5000,2026-03-22T00:50:25Z
atp,2023-02-06,P0J3,A. Petrov,Alexander Petrov,1049,10,https://www.atptour.com/en/rankings/singles?dateWeek=2023-02-06&rankRange=0-5000,2026-03-22T00:50:25Z
atp,2023-02-06,F0AF,L. Falabella,Lautaro Agustin Falabella,1050,10,https://www.atptour.com/en/rankings/singles?dateWeek=2023-02-06&rankRange=0-5000,2026-03-22T00:50:25Z
atp,2023-02-06,CH80,L. Castelnuovo,Luca Castelnuovo,1051,10,https://www.atptour.com/en/rankings/singles?dateWeek=2023-02-06&rankRange=0-5000,2026-03-22T00:50:25Z
atp,2023-02-06,G0BZ,M. Gomez,Mateo Gomez,1052,10,https://www.atptour.com/en/rankings/singles?dateWeek=2023-02-06&rankRange=0-5000,2026-03-22T00:50:25Z
atp,2023-02-06,E0CK,G. Evans,Gabriel Evans,1053,10,https://www.atptour.com/en/rankings/singles?dateWeek=2023-02-06&rankRange=0-5000,2026-03-22T00:50:25Z
atp,2023-02-06,Z350,M. Zhu,Michael Zhu,1054,10,https://www.atptour.com/en/rankings/singles?dateWeek=2023-02-06&rankRange=0-5000,2026-03-22T00:50:25Z
atp,2023-02-06,S0MC,M. Sadaoui,Mehdi Sadaoui,1055,10,https://www.atptour.com/en/rankings/singles?dateWeek=2023-02-06&rankRange=0-5000,2026-03-22T00:50:25Z
atp,2023-02-06,A0GQ,W. Abderrahman,Wissam Abderrahman,1056,10,https://www.atptour.com/en/rankings/singles?dateWeek=2023-02-06&rankRange=0-5000,2026-03-22T00:50:25Z
atp,2023-02-06,E0AQ,T. Evans,Tom Evans,1057,10,https://www.atptour.com/en/rankings/singles?dateWeek=2023-02-06&rankRange=0-5000,2026-03-22T00:50:25Z
atp,2023-02-06,R419,T. Robredo,Tommy Robredo,1058,9,https://www.atptour.com/en/rankings/singles?dateWeek=2023-02-06&rankRange=0-5000,2026-03-22T00:50:25Z
atp,2023-02-06,R0HP,L. Ratti,Lucio Ratti,1059,9,https://www.atptour.com/en/rankings/singles?dateWeek=2023-02-06&rankRange=0-5000,2026-03-22T00:50:25Z
atp,2023-02-06,F965,S. Fukuda,Sora Fukuda,1060,9,https://www.atptour.com/en/rankings/singles?dateWeek=2023-02-06&rankRange=0-5000,2026-03-22T00:50:25Z
atp,2023-02-06,I0B0,A. Ilagan,Andre Ilagan,1061,9,https://www.atptour.com/en/rankings/singles?dateWeek=2023-02-06&rankRange=0-5000,2026-03-22T00:50:25Z
atp,2023-02-06,S0IN,W. Shin,Woobin Shin,1062,9,https://www.atptour.com/en/rankings/singles?dateWeek=2023-02-06&rankRange=0-5000,2026-03-22T00:50:25Z
atp,2023-02-06,A0E5,T. Arribage,Theo Arribage,1065,9,https://www.atptour.com/en/rankings/singles?dateWeek=2023-02-06&rankRange=0-5000,2026-03-22T00:50:25Z
atp,2023-02-06,C0LM,C. Camus,Charlie Camus,1068,9,https://www.atptour.com/en/rankings/singles?dateWeek=2023-02-06&rankRange=0-5000,2026-03-22T00:50:25Z
atp,2023-02-06,VA67,V. Vanta,Valentin Vanta,1069,9,https://www.atptour.com/en/rankings/singles?dateWeek=2023-02-06&rankRange=0-5000,2026-03-22T00:50:25Z
atp,2023-02-06,K0HZ,A. Kim,Aidan Kim,1070,9,https://www.atptour.com/en/rankings/singles?dateWeek=2023-02-06&rankRange=0-5000,2026-03-22T00:50:25Z
atp,2023-02-06,RC53,G. Roveri Sidney,Gabriel Roveri Sidney,1071,9,https://www.atptour.com/en/rankings/singles?dateWeek=2023-02-06&rankRange=0-5000,2026-03-22T00:50:25Z
atp,2023-02-06,S0NO,E. Simonit,Ezequiel Simonit,1072,9,https://www.atptour.com/en/rankings/singles?dateWeek=2023-02-06&rankRange=0-5000,2026-03-22T00:50:25Z
atp,2023-02-06,L0B7,K. Lemstra,Kai Lemstra,1075,9,https://www.atptour.com/en/rankings/singles?dateWeek=2023-02-06&rankRange=0-5000,2026-03-22T00:50:25Z
atp,2023-02-06,CI96,J. Cash,Julian Cash,1076,9,https://www.atptour.com/en/rankings/singles?dateWeek=2023-02-06&rankRange=0-5000,2026-03-22T00:50:25Z
atp,2023-02-06,RD21,G. Ricca,Giorgio Ricca,1079,9,https://www.atptour.com/en/rankings/singles?dateWeek=2023-02-06&rankRange=0-5000,2026-03-22T00:50:25Z
atp,2023-02-06,MI69,A. Musialek,Alexis Musialek,1080,9,https://www.atptour.com/en/rankings/singles?dateWeek=2023-02-06&rankRange=0-5000,2026-03-22T00:50:25Z
atp,2023-02-06,C0FR,F. Campana,Federico Campana,1083,9,https://www.atptour.com/en/rankings/singles?dateWeek=2023-02-06&rankRange=0-5000,2026-03-22T00:50:25Z
atp,2023-02-06,M09J,L. Martinez,Louroi Martinez,1084,9,https://www.atptour.com/en/rankings/singles?dateWeek=2023-02-06&rankRange=0-5000,2026-03-22T00:50:25Z
atp,2023-02-06,WB24,Y. Wojcik,Yann Wojcik,1085,9,https://www.atptour.com/en/rankings/singles?dateWeek=2023-02-06&rankRange=0-5000,2026-03-22T00:50:25Z
atp,2023-02-06,M0DW,M. Mikula,Michal Mikula,1086,9,https://www.atptour.com/en/rankings/singles?dateWeek=2023-02-06&rankRange=0-5000,2026-03-22T00:50:25Z
atp,2023-02-06,BU64,N. Bruna,Nicolas Bruna,1087,9,https://www.atptour.com/en/rankings/singles?dateWeek=2023-02-06&rankRange=0-5000,2026-03-22T00:50:25Z
atp,2023-02-06,ME70,A. Mendoza,Alejandro Mendoza,1088,9,https://www.atptour.com/en/rankings/singles?dateWeek=2023-02-06&rankRange=0-5000,2026-03-22T00:50:25Z
atp,2023-02-06,H0EZ,S. Hamza Reguig,Samir Hamza Reguig,1089,9,https://www.atptour.com/en/rankings/singles?dateWeek=2023-02-06&rankRange=0-5000,2026-03-22T00:50:25Z
atp,2023-02-06,T885,K. Takeuchi,Kento Takeuchi,1090,9,https://www.atptour.com/en/rankings/singles?dateWeek=2023-02-06&rankRange=0-5000,2026-03-22T00:50:25Z
atp,2023-02-06,W0ED,J. Watt,James Watt,1091,8,https://www.atptour.com/en/rankings/singles?dateWeek=2023-02-06&rankRange=0-5000,2026-03-22T00:50:25Z
atp,2023-02-06,B0PC,J. Bickersteth,Jacob Bickersteth,1092,8,https://www.atptour.com/en/rankings/singles?dateWeek=2023-02-06&rankRange=0-5000,2026-03-22T00:50:25Z
atp,2023-02-06,L0IL,M. Landaluce,Martin Landaluce,1093,8,https://www.atptour.com/en/rankings/singles?dateWeek=2023-02-06&rankRange=0-5000,2026-03-22T00:50:25Z
atp,2023-02-06,U174,K. Uesugi,Kaito Uesugi,1094,8,https://www.atptour.com/en/rankings/singles?dateWeek=2023-02-06&rankRange=0-5000,2026-03-22T00:50:25Z
atp,2023-02-06,H0D9,C. Harper,Cleeve Harper,1095,8,https://www.atptour.com/en/rankings/singles?dateWeek=2023-02-06&rankRange=0-5000,2026-03-22T00:50:25Z
atp,2023-02-06,SQ48,R. Shane,Ryan Shane,1096,8,https://www.atptour.com/en/rankings/singles?dateWeek=2023-02-06&rankRange=0-5000,2026-03-22T00:50:25Z
atp,2023-02-06,S0E6,S. Slump,Stijn Slump,1097,8,https://www.atptour.com/en/rankings/singles?dateWeek=2023-02-06&rankRange=0-5000,2026-03-22T00:50:25Z
atp,2023-02-06,ML59,M. Martinez,Mateo Nicolas Martinez,1098,8,https://www.atptour.com/en/rankings/singles?dateWeek=2023-02-06&rankRange=0-5000,2026-03-22T00:50:25Z
atp,2023-02-06,A0AN,C. Aksu,Cengiz Aksu,1099,8,https://www.atptour.com/en/rankings/singles?dateWeek=2023-02-06&rankRange=0-5000,2026-03-22T00:50:25Z
atp,2023-02-06,A943,V. Antonescu,Vasile Antonescu,1100,8,https://www.atptour.com/en/rankings/singles?dateWeek=2023-02-06&rankRange=0-5000,2026-03-22T00:50:25Z
atp,2023-02-06,N762,E. Nava,Eduardo Nava,1101,8,https://www.atptour.com/en/rankings/singles?dateWeek=2023-02-06&rankRange=0-5000,2026-03-22T00:50:25Z
atp,2023-02-06,TC09,P. Toledo Bague,Pol Toledo Bague,1102,8,https://www.atptour.com/en/rankings/singles?dateWeek=2023-02-06&rankRange=0-5000,2026-03-22T00:50:25Z
atp,2023-02-06,PJ18,J. Paris,Joshua Paris,1103,8,https://www.atptour.com/en/rankings/singles?dateWeek=2023-02-06&rankRange=0-5000,2026-03-22T00:50:25Z
atp,2023-02-06,FA69,S. Freund,Simon Freund,1104,8,https://www.atptour.com/en/rankings/singles?dateWeek=2023-02-06&rankRange=0-5000,2026-03-22T00:50:25Z
atp,2023-02-06,C0B9,K. Cekirge,Kuzey Cekirge,1105,8,https://www.atptour.com/en/rankings/singles?dateWeek=2023-02-06&rankRange=0-5000,2026-03-22T00:50:25Z
atp,2023-02-06,B0BK,A. Braynin,Aleksandr Braynin,1106,8,https://www.atptour.com/en/rankings/singles?dateWeek=2023-02-06&rankRange=0-5000,2026-03-22T00:50:25Z
atp,2023-02-06,N0CA,N. Nedelchev,Nikolay Nedelchev,1107,8,https://www.atptour.com/en/rankings/singles?dateWeek=2023-02-06&rankRange=0-5000,2026-03-22T00:50:25Z
atp,2023-02-06,R0H6,L. Rossi,Leonardo Rossi,1108,8,https://www.atptour.com/en/rankings/singles?dateWeek=2023-02-06&rankRange=0-5000,2026-03-22T00:50:25Z
atp,2023-02-06,TF57,G. Tresca,Giuseppe Tresca,1109,8,https://www.atptour.com/en/rankings/singles?dateWeek=2023-02-06&rankRange=0-5000,2026-03-22T00:50:25Z
atp,2023-02-06,P0AY,L. Pavlovic,Luka Pavlovic,1110,8,https://www.atptour.com/en/rankings/singles?dateWeek=2023-02-06&rankRange=0-5000,2026-03-22T00:50:25Z
atp,2023-02-06,TC87,J. Trinker,Jonas Trinker,1111,8,https://www.atptour.com/en/rankings/singles?dateWeek=2023-02-06&rankRange=0-5000,2026-03-22T00:50:25Z
atp,2023-02-06,C09D,L. Cloes,Loic Cloes,1112,8,https://www.atptour.com/en/rankings/singles?dateWeek=2023-02-06&rankRange=0-5000,2026-03-22T00:50:25Z
atp,2023-02-06,S0UU,M. Shin,Maxim Shin,1113,8,https://www.atptour.com/en/rankings/singles?dateWeek=2023-02-06&rankRange=0-5000,2026-03-22T00:50:25Z
atp,2023-02-06,M0HQ,O. Markovski,Obrad Markovski,1114,8,https://www.atptour.com/en/rankings/singles?dateWeek=2023-02-06&rankRange=0-5000,2026-03-22T00:50:25Z
atp,2023-02-06,N0BU,D. Nunez,Daniel Antonio Nunez,1115,8,https://www.atptour.com/en/rankings/singles?dateWeek=2023-02-06&rankRange=0-5000,2026-03-22T00:50:25Z
atp,2023-02-06,RH87,R. Reddy,Rishi Reddy,1116,8,https://www.atptour.com/en/rankings/singles?dateWeek=2023-02-06&rankRange=0-5000,2026-03-22T00:50:25Z
atp,2023-02-06,K0AB,A. Kalyanpur,Adil Kalyanpur,1117,8,https://www.atptour.com/en/rankings/singles?dateWeek=2023-02-06&rankRange=0-5000,2026-03-22T00:50:25Z
atp,2023-02-06,A0IA,E. Arutiunian,Erik Arutiunian,1118,8,https://www.atptour.com/en/rankings/singles?dateWeek=2023-02-06&rankRange=0-5000,2026-03-22T00:50:25Z
atp,2023-02-06,F902,J. Flores,Jesse Flores,1119,8,https://www.atptour.com/en/rankings/singles?dateWeek=2023-02-06&rankRange=0-5000,2026-03-22T00:50:25Z
atp,2023-02-06,J732,B. Jones,Ben Jones,1120,8,https://www.atptour.com/en/rankings/singles?dateWeek=2023-02-06&rankRange=0-5000,2026-03-22T00:50:25Z
atp,2023-02-06,S09K,G. Srbljak,Gorazd Srbljak,1121,8,https://www.atptour.com/en/rankings/singles?dateWeek=2023-02-06&rankRange=0-5000,2026-03-22T00:50:25Z
atp,2023-02-06,RA51,B. Rola,Blaz Rola,1122,7,https://www.atptour.com/en/rankings/singles?dateWeek=2023-02-06&rankRange=0-5000,2026-03-22T00:50:25Z
atp,2023-02-06,L0DK,J. Lapadat,Joshua Lapadat,1125,7,https://www.atptour.com/en/rankings/singles?dateWeek=2023-02-06&rankRange=0-5000,2026-03-22T00:50:25Z
atp,2023-02-06,BU78,F. Bass,Finn Bass,1128,7,https://www.atptour.com/en/rankings/singles?dateWeek=2023-02-06&rankRange=0-5000,2026-03-22T00:50:25Z
atp,2023-02-06,SN77,V. Safranek,Vaclav Safranek,1129,7,https://www.atptour.com/en/rankings/singles?dateWeek=2023-02-06&rankRange=0-5000,2026-03-22T00:50:25Z
atp,2023-02-06,KC89,J. Kim,Jae Hwan Kim,1130,7,https://www.atptour.com/en/rankings/singles?dateWeek=2023-02-06&rankRange=0-5000,2026-03-22T00:50:25Z
atp,2023-02-06,L0G4,L. Lorusso,Lorenzo Lorusso,1131,7,https://www.atptour.com/en/rankings/singles?dateWeek=2023-02-06&rankRange=0-5000,2026-03-22T00:50:25Z
atp,2023-02-06,BU89,A. Bolardt,Antonin Bolardt,1132,7,https://www.atptour.com/en/rankings/singles?dateWeek=2023-02-06&rankRange=0-5000,2026-03-22T00:50:25Z
atp,2023-02-06,L0IP,J. Loutit,Jack Loutit,1133,7,https://www.atptour.com/en/rankings/singles?dateWeek=2023-02-06&rankRange=0-5000,2026-03-22T00:50:25Z
atp,2023-02-06,A0C5,D. Azoidis,Dimitris Azoidis,1134,7,https://www.atptour.com/en/rankings/singles?dateWeek=2023-02-06&rankRange=0-5000,2026-03-22T00:50:25Z
atp,2023-02-06,H0EB,H. Heck,Hunter Heck,1135,7,https://www.atptour.com/en/rankings/singles?dateWeek=2023-02-06&rankRange=0-5000,2026-03-22T00:50:25Z
atp,2023-02-06,V505,V. Vardhan,Vishnu Vardhan,1136,7,https://www.atptour.com/en/rankings/singles?dateWeek=2023-02-06&rankRange=0-5000,2026-03-22T00:50:25Z
atp,2023-02-06,CN07,S. Chikami,Shohei Chikami,1137,7,https://www.atptour.com/en/rankings/singles?dateWeek=2023-02-06&rankRange=0-5000,2026-03-22T00:50:25Z
atp,2023-02-06,L0I5,M. Leong,Mitsuki Wei Kang Leong,1140,7,https://www.atptour.com/en/rankings/singles?dateWeek=2023-02-06&rankRange=0-5000,2026-03-22T00:50:25Z
atp,2023-02-06,G0BH,R. Ginat,Roi Ginat,1141,7,https://www.atptour.com/en/rankings/singles?dateWeek=2023-02-06&rankRange=0-5000,2026-03-22T00:50:25Z
atp,2023-02-06,MP95,G. Moghini,Gabriele Moghini,1142,7,https://www.atptour.com/en/rankings/singles?dateWeek=2023-02-06&rankRange=0-5000,2026-03-22T00:50:25Z
atp,2023-02-06,W0DD,C. Williams,Cooper Williams,1143,7,https://www.atptour.com/en/rankings/singles?dateWeek=2023-02-06&rankRange=0-5000,2026-03-22T00:50:25Z
atp,2023-02-06,G0DK,J. Gimenez,Julián Gimenez,1144,7,https://www.atptour.com/en/rankings/singles?dateWeek=2023-02-06&rankRange=0-5000,2026-03-22T00:50:25Z
atp,2023-02-06,M0E2,M. Minin,Matvey Minin,1145,7,https://www.atptour.com/en/rankings/singles?dateWeek=2023-02-06&rankRange=0-5000,2026-03-22T00:50:25Z
atp,2023-02-06,B0I2,K. Boyd,Kalman L. Boyd,1150,7,https://www.atptour.com/en/rankings/singles?dateWeek=2023-02-06&rankRange=0-5000,2026-03-22T00:50:25Z
atp,2023-02-06,B0LQ,P. Bar Biryukov,Petr Bar Biryukov,1151,7,https://www.atptour.com/en/rankings/singles?dateWeek=2023-02-06&rankRange=0-5000,2026-03-22T00:50:25Z
atp,2023-02-06,R0AC,A. Ragazzi,Alessandro Ragazzi,1152,7,https://www.atptour.com/en/rankings/singles?dateWeek=2023-02-06&rankRange=0-5000,2026-03-22T00:50:25Z
atp,2023-02-06,Y0A9,F. Yunis,Facundo Yunis,1153,7,https://www.atptour.com/en/rankings/singles?dateWeek=2023-02-06&rankRange=0-5000,2026-03-22T00:50:25Z
atp,2023-02-06,SX77,I. Strode,Isaiah Strode,1154,7,https://www.atptour.com/en/rankings/singles?dateWeek=2023-02-06&rankRange=0-5000,2026-03-22T00:50:25Z
atp,2023-02-06,M0EE,M. Mansilla Diez,Mario Mansilla Diez,1155,7,https://www.atptour.com/en/rankings/singles?dateWeek=2023-02-06&rankRange=0-5000,2026-03-22T00:50:25Z
atp,2023-02-06,B0G6,P. Brown,Preston Brown,1156,7,https://www.atptour.com/en/rankings/singles?dateWeek=2023-02-06&rankRange=0-5000,2026-03-22T00:50:25Z
atp,2023-02-06,TC95,J. Tatlot,Johan Tatlot,1160,6,https://www.atptour.com/en/rankings/singles?dateWeek=2023-02-06&rankRange=0-5000,2026-03-22T00:50:25Z
atp,2023-02-06,I236,U. Ignatik,Uladzimir Ignatik,1166,6,https://www.atptour.com/en/rankings/singles?dateWeek=2023-02-06&rankRange=0-5000,2026-03-22T00:50:25Z
atp,2023-02-06,H0I9,A. Harazaki,Asahi Harazaki,1167,6,https://www.atptour.com/en/rankings/singles?dateWeek=2023-02-06&rankRange=0-5000,2026-03-22T00:50:25Z
atp,2023-02-06,F786,S. Fayziev,Sanjar Fayziev,1168,6,https://www.atptour.com/en/rankings/singles?dateWeek=2023-02-06&rankRange=0-5000,2026-03-22T00:50:25Z
atp,2023-02-06,S0UV,R. Sakamoto,Rei Sakamoto,1171,6,https://www.atptour.com/en/rankings/singles?dateWeek=2023-02-06&rankRange=0-5000,2026-03-22T00:50:25Z
atp,2023-02-06,S0TU,B. Swenson,Bjorn Swenson,1172,6,https://www.atptour.com/en/rankings/singles?dateWeek=2023-02-06&rankRange=0-5000,2026-03-22T00:50:25Z
atp,2023-02-06,SY55,D. Singh,Dalwinder Singh,1173,6,https://www.atptour.com/en/rankings/singles?dateWeek=2023-02-06&rankRange=0-5000,2026-03-22T00:50:25Z
atp,2023-02-06,WB23,W. Wood,Warren Wood,1174,6,https://www.atptour.com/en/rankings/singles?dateWeek=2023-02-06&rankRange=0-5000,2026-03-22T00:50:25Z
atp,2023-02-06,Q025,F. Qamar,Faisal Qamar,1175,6,https://www.atptour.com/en/rankings/singles?dateWeek=2023-02-06&rankRange=0-5000,2026-03-22T00:50:25Z
atp,2023-02-06,T0AB,L. Trinh,Linh Giang Trinh,1178,6,https://www.atptour.com/en/rankings/singles?dateWeek=2023-02-06&rankRange=0-5000,2026-03-22T00:50:25Z
atp,2023-02-06,I0B6,P. Inchauspe,Paul Inchauspe,1179,6,https://www.atptour.com/en/rankings/singles?dateWeek=2023-02-06&rankRange=0-5000,2026-03-22T00:50:25Z
atp,2023-02-06,N0AS,F. Nincevic,Frane Nincevic,1180,6,https://www.atptour.com/en/rankings/singles?dateWeek=2023-02-06&rankRange=0-5000,2026-03-22T00:50:25Z
atp,2023-02-06,S0O4,J. Smith,Jordan Smith,1183,6,https://www.atptour.com/en/rankings/singles?dateWeek=2023-02-06&rankRange=0-5000,2026-03-22T00:50:25Z
atp,2023-02-06,BV20,N. Bybel,Nicholas Bybel,1184,6,https://www.atptour.com/en/rankings/singles?dateWeek=2023-02-06&rankRange=0-5000,2026-03-22T00:50:25Z
atp,2023-02-06,P09S,B. Pietri,Benjamin Pietri,1187,6,https://www.atptour.com/en/rankings/singles?dateWeek=2023-02-06&rankRange=0-5000,2026-03-22T00:50:25Z
atp,2023-02-06,M0F4,B. Murphy,Brandon Murphy,1188,6,https://www.atptour.com/en/rankings/singles?dateWeek=2023-02-06&rankRange=0-5000,2026-03-22T00:50:25Z
atp,2023-02-06,SJ67,K. Suzuki,Ko Suzuki,1189,6,https://www.atptour.com/en/rankings/singles?dateWeek=2023-02-06&rankRange=0-5000,2026-03-22T00:50:25Z
atp,2023-02-06,MW83,J. Maginley,Jody Maginley,1190,6,https://www.atptour.com/en/rankings/singles?dateWeek=2023-02-06&rankRange=0-5000,2026-03-22T00:50:25Z
atp,2023-02-06,S0ED,F. Scott,Fletcher Scott,1191,6,https://www.atptour.com/en/rankings/singles?dateWeek=2023-02-06&rankRange=0-5000,2026-03-22T00:50:25Z
atp,2023-02-06,S0JB,N. Schachter,Noah Schachter,1192,6,https://www.atptour.com/en/rankings/singles?dateWeek=2023-02-06&rankRange=0-5000,2026-03-22T00:50:25Z
atp,2023-02-06,M0HO,M. Marinescu,Mihai Razvan Marinescu,1193,6,https://www.atptour.com/en/rankings/singles?dateWeek=2023-02-06&rankRange=0-5000,2026-03-22T00:50:25Z
atp,2023-02-06,M0GX,J. Molino,Javier Molino,1196,6,https://www.atptour.com/en/rankings/singles?dateWeek=2023-02-06&rankRange=0-5000,2026-03-22T00:50:25Z
atp,2023-02-06,CN05,G. Calvano,Giovanni Calvano,1200,6,https://www.atptour.com/en/rankings/singles?dateWeek=2023-02-06&rankRange=0-5000,2026-03-22T00:50:25Z
atp,2023-02-06,M0MU,M. Novansky,Michal Novansky,1201,6,https://www.atptour.com/en/rankings/singles?dateWeek=2023-02-06&rankRange=0-5000,2026-03-22T00:50:25Z
atp,2023-02-06,M0IC,G. Misasi,Giannicola Misasi,1202,6,https://www.atptour.com/en/rankings/singles?dateWeek=2023-02-06&rankRange=0-5000,2026-03-22T00:50:25Z
atp,2023-02-06,B0MI,O. Brigida,Omar Brigida,1203,6,https://www.atptour.com/en/rankings/singles?dateWeek=2023-02-06&rankRange=0-5000,2026-03-22T00:50:25Z
atp,2023-02-06,G0D2,A. Gola,Andrea Gola,1204,6,https://www.atptour.com/en/rankings/singles?dateWeek=2023-02-06&rankRange=0-5000,2026-03-22T00:50:25Z
atp,2023-02-06,N0B3,J. Nusdeo,Joao Marcos Nusdeo,1205,6,https://www.atptour.com/en/rankings/singles?dateWeek=2023-02-06&rankRange=0-5000,2026-03-22T00:50:25Z
atp,2023-02-06,TE14,G. Tumasonis,Gabriel Tumasonis,1206,6,https://www.atptour.com/en/rankings/singles?dateWeek=2023-02-06&rankRange=0-5000,2026-03-22T00:50:25Z
atp,2023-02-06,T09L,D. Tashbulatov,Dostanbek Tashbulatov,1207,6,https://www.atptour.com/en/rankings/singles?dateWeek=2023-02-06&rankRange=0-5000,2026-03-22T00:50:25Z
atp,2023-02-06,B0G4,G. Bosio,Gabriele Bosio,1208,6,https://www.atptour.com/en/rankings/singles?dateWeek=2023-02-06&rankRange=0-5000,2026-03-22T00:50:25Z
atp,2023-02-06,SL51,M. Sabanov,Matej Sabanov,1209,5,https://www.atptour.com/en/rankings/singles?dateWeek=2023-02-06&rankRange=0-5000,2026-03-22T00:50:25Z
atp,2023-02-06,S0H9,J. Story,James Story,1212,5,https://www.atptour.com/en/rankings/singles?dateWeek=2023-02-06&rankRange=0-5000,2026-03-22T00:50:25Z
atp,2023-02-06,P0B7,S. Pogosian,Sergei Pogosian,1215,5,https://www.atptour.com/en/rankings/singles?dateWeek=2023-02-06&rankRange=0-5000,2026-03-22T00:50:25Z
atp,2023-02-06,G0KB,F. Geschwind,Francisco Tomas Geschwind,1216,5,https://www.atptour.com/en/rankings/singles?dateWeek=2023-02-06&rankRange=0-5000,2026-03-22T00:50:25Z
atp,2023-02-06,H0E9,E. Hadigian,Eric Hadigian,1230,5,https://www.atptour.com/en/rankings/singles?dateWeek=2023-02-06&rankRange=0-5000,2026-03-22T00:50:25Z
atp,2023-02-06,L09D,A. Liaonenka,Aliaksandr Liaonenka,1231,5,https://www.atptour.com/en/rankings/singles?dateWeek=2023-02-06&rankRange=0-5000,2026-03-22T00:50:25Z
atp,2023-02-06,O0C8,A. Orlikowski,Aleksander Orlikowski,1232,5,https://www.atptour.com/en/rankings/singles?dateWeek=2023-02-06&rankRange=0-5000,2026-03-22T00:50:25Z
atp,2023-02-06,S0V9,E. Shyovitz,Eyal Shyovitz,1236,5,https://www.atptour.com/en/rankings/singles?dateWeek=2023-02-06&rankRange=0-5000,2026-03-22T00:50:25Z
atp,2023-02-06,A0IX,M. Andrejic,Marko Andrejic,1246,5,https://www.atptour.com/en/rankings/singles?dateWeek=2023-02-06&rankRange=0-5000,2026-03-22T00:50:25Z
atp,2023-02-06,S0EX,H. Stewart,Hamish Stewart,1247,5,https://www.atptour.com/en/rankings/singles?dateWeek=2023-02-06&rankRange=0-5000,2026-03-22T00:50:25Z
atp,2023-02-06,D0IO,T. Duran,Tuncay Duran,1253,5,https://www.atptour.com/en/rankings/singles?dateWeek=2023-02-06&rankRange=0-5000,2026-03-22T00:50:25Z
atp,2023-02-06,L0CI,F. Llanes,Francisco Llanes,1256,5,https://www.atptour.com/en/rankings/singles?dateWeek=2023-02-06&rankRange=0-5000,2026-03-22T00:50:25Z
atp,2023-02-06,D0II,J. De Jager,Jesse De Jager,1257,5,https://www.atptour.com/en/rankings/singles?dateWeek=2023-02-06&rankRange=0-5000,2026-03-22T00:50:25Z
atp,2023-02-06,K0GE,L. Koenig,Luc Koenig,1265,5,https://www.atptour.com/en/rankings/singles?dateWeek=2023-02-06&rankRange=0-5000,2026-03-22T00:50:25Z
atp,2023-02-06,S0IV,P. Saraiva Dos Santos,Paulo Andre Saraiva Dos Santos,1266,5,https://www.atptour.com/en/rankings/singles?dateWeek=2023-02-06&rankRange=0-5000,2026-03-22T00:50:25Z
atp,2023-02-06,H0AA,S. Hodkin,Sean Hodkin,1267,5,https://www.atptour.com/en/rankings/singles?dateWeek=2023-02-06&rankRange=0-5000,2026-03-22T00:50:25Z
atp,2023-02-06,SY73,A. Shanmugam,Abhinav Sanjeev Shanmugam,1268,5,https://www.atptour.com/en/rankings/singles?dateWeek=2023-02-06&rankRange=0-5000,2026-03-22T00:50:25Z
atp,2023-02-06,T0B4,N. Tajima,Naoki Tajima,1269,5,https://www.atptour.com/en/rankings/singles?dateWeek=2023-02-06&rankRange=0-5000,2026-03-22T00:50:25Z
atp,2023-02-06,H0BF,P. Henning,Philip Henning,1273,4,https://www.atptour.com/en/rankings/singles?dateWeek=2023-02-06&rankRange=0-5000,2026-03-22T00:50:25Z
atp,2023-02-06,S0TL,Y. Sueoka,Yamato Sueoka,1285,4,https://www.atptour.com/en/rankings/singles?dateWeek=2023-02-06&rankRange=0-5000,2026-03-22T00:50:25Z
atp,2023-02-06,FA42,C. Fossati,Carlo Alberto Fossati,1294,4,https://www.atptour.com/en/rankings/singles?dateWeek=2023-02-06&rankRange=0-5000,2026-03-22T00:50:25Z
atp,2023-02-06,V0D0,N. Visker,Niels Visker,1297,4,https://www.atptour.com/en/rankings/singles?dateWeek=2023-02-06&rankRange=0-5000,2026-03-22T00:50:25Z
atp,2023-02-06,PL60,T. Papac,Tomislav Edward Papac,1301,4,https://www.atptour.com/en/rankings/singles?dateWeek=2023-02-06&rankRange=0-5000,2026-03-22T00:50:25Z
atp,2023-02-06,P0IZ,E. Pena,Enrique Pena,1310,4,https://www.atptour.com/en/rankings/singles?dateWeek=2023-02-06&rankRange=0-5000,2026-03-22T00:50:25Z
atp,2023-02-06,G0IX,A. Gea,Arthur Gea,1311,4,https://www.atptour.com/en/rankings/singles?dateWeek=2023-02-06&rankRange=0-5000,2026-03-22T00:50:25Z
atp,2023-02-06,P0J1,R. Pacheco Mendez,Rodrigo Pacheco Mendez,1317,4,https://www.atptour.com/en/rankings/singles?dateWeek=2023-02-06&rankRange=0-5000,2026-03-22T00:50:25Z
atp,2023-02-06,L797,L. Lacko,Lukas Lacko,1330,4,https://www.atptour.com/en/rankings/singles?dateWeek=2023-02-06&rankRange=0-5000,2026-03-22T00:50:25Z
atp,2023-02-06,B0N3,S. Bar Menahem,Shay Bar Menahem,1338,4,https://www.atptour.com/en/rankings/singles?dateWeek=2023-02-06&rankRange=0-5000,2026-03-22T00:50:25Z
atp,2023-02-06,G0F4,M. Gomes,Miguel Gomes,1341,4,https://www.atptour.com/en/rankings/singles?dateWeek=2023-02-06&rankRange=0-5000,2026-03-22T00:50:25Z
atp,2023-02-06,PM29,H. Pontico,Hugo Pontico,1342,4,https://www.atptour.com/en/rankings/singles?dateWeek=2023-02-06&rankRange=0-5000,2026-03-22T00:50:25Z
atp,2023-02-06,F0F6,E. Frances Tessari,Enzo Frances Tessari,1347,4,https://www.atptour.com/en/rankings/singles?dateWeek=2023-02-06&rankRange=0-5000,2026-03-22T00:50:25Z
atp,2023-02-06,P0HL,P. Pampanin,Pietro Pampanin,1353,4,https://www.atptour.com/en/rankings/singles?dateWeek=2023-02-06&rankRange=0-5000,2026-03-22T00:50:25Z
atp,2023-02-06,F0F0,R. Faucon,Romain Faucon,1354,4,https://www.atptour.com/en/rankings/singles?dateWeek=2023-02-06&rankRange=0-5000,2026-03-22T00:50:25Z
atp,2023-02-06,SW13,C. Sookton-eng,Chanchai Sookton Eng,1355,4,https://www.atptour.com/en/rankings/singles?dateWeek=2023-02-06&rankRange=0-5000,2026-03-22T00:50:25Z
atp,2023-02-06,Z0BL,F. Zakaria,Fares Zakaria,1356,4,https://www.atptour.com/en/rankings/singles?dateWeek=2023-02-06&rankRange=0-5000,2026-03-22T00:50:25Z
atp,2023-02-06,K0HG,M. Karol,Milos Karol,1357,4,https://www.atptour.com/en/rankings/singles?dateWeek=2023-02-06&rankRange=0-5000,2026-03-22T00:50:25Z
atp,2023-02-06,B0ME,C. Bouchelaghem,Cesar Bouchelaghem,1360,3,https://www.atptour.com/en/rankings/singles?dateWeek=2023-02-06&rankRange=0-5000,2026-03-22T00:50:25Z
atp,2023-02-06,CM79,B. Crepatte,Baptiste Crepatte,1361,3,https://www.atptour.com/en/rankings/singles?dateWeek=2023-02-06&rankRange=0-5000,2026-03-22T00:50:25Z
atp,2023-02-06,B0LO,M. Bueres,Matheus Bueres,1392,3,https://www.atptour.com/en/rankings/singles?dateWeek=2023-02-06&rankRange=0-5000,2026-03-22T00:50:25Z
atp,2023-02-06,ML48,A. Massara,Antonio Massara,1434,3,https://www.atptour.com/en/rankings/singles?dateWeek=2023-02-06&rankRange=0-5000,2026-03-22T00:50:25Z
atp,2023-02-06,L0AO,C. Lakoseljac,Christian Lakoseljac,1442,3,https://www.atptour.com/en/rankings/singles?dateWeek=2023-02-06&rankRange=0-5000,2026-03-22T00:50:25Z
atp,2023-02-06,J0AX,T. Jirousek,Tomas Jirousek,1447,3,https://www.atptour.com/en/rankings/singles?dateWeek=2023-02-06&rankRange=0-5000,2026-03-22T00:50:25Z
atp,2023-02-06,J0A9,J. Jenicek,Jiri Jenicek,1450,3,https://www.atptour.com/en/rankings/singles?dateWeek=2023-02-06&rankRange=0-5000,2026-03-22T00:50:25Z
atp,2023-02-06,J0CN,A. Jurajda,Adam Jurajda,1451,3,https://www.atptour.com/en/rankings/singles?dateWeek=2023-02-06&rankRange=0-5000,2026-03-22T00:50:25Z
atp,2023-02-06,M0D8,T. Maulenov,Timur Maulenov,1598,2,https://www.atptour.com/en/rankings/singles?dateWeek=2023-02-06&rankRange=0-5000,2026-03-22T00:50:25Z
atp,2023-02-06,V0A6,P. Valsecchi,Paul Valsecchi,1643,2,https://www.atptour.com/en/rankings/singles?dateWeek=2023-02-06&rankRange=0-5000,2026-03-22T00:50:26Z
atp,2023-02-06,V0ET,M. Vasiliauskas,Matas Vasiliauskas,1644,2,https://www.atptour.com/en/rankings/singles?dateWeek=2023-02-06&rankRange=0-5000,2026-03-22T00:50:26Z
atp,2023-02-06,EA34,A. El Sallaly,Akram El Sallaly,1993,1,https://www.atptour.com/en/rankings/singles?dateWeek=2023-02-06&rankRange=0-5000,2026-03-22T00:50:26Z
atp,2023-02-06,P0IV,M. Ponchet,Matt Ponchet,1994,1,https://www.atptour.com/en/rankings/singles?dateWeek=2023-02-06&rankRange=0-5000,2026-03-22T00:50:26Z
atp,2023-02-06,D643,Novak Djokovic,Novak Djokovic,1,7070,https://www.atptour.com/en/rankings/singles?dateWeek=2023-02-06&rankRange=0-5000,2026-03-22T00:50:26Z
atp,2023-02-06,A0E2,Carlos Alcaraz,Carlos Alcaraz,2,6730,https://www.atptour.com/en/rankings/singles?dateWeek=2023-02-06&rankRange=0-5000,2026-03-22T00:50:26Z
atp,2023-02-06,TE51,Stefanos Tsitsipas,Stefanos Tsitsipas,3,6195,https://www.atptour.com/en/rankings/singles?dateWeek=2023-02-06&rankRange=0-5000,2026-03-22T00:50:26Z
atp,2023-02-06,RH16,Casper Ruud,Casper Ruud,4,5765,https://www.atptour.com/en/rankings/singles?dateWeek=2023-02-06&rankRange=0-5000,2026-03-22T00:50:26Z
atp,2023-02-06,RE44,Andrey Rublev,Andrey Rublev,5,4200,https://www.atptour.com/en/rankings/singles?dateWeek=2023-02-06&rankRange=0-5000,2026-03-22T00:50:26Z
atp,2023-02-06,N409,Rafael Nadal,Rafael Nadal,6,3815,https://www.atptour.com/en/rankings/singles?dateWeek=2023-02-06&rankRange=0-5000,2026-03-22T00:50:26Z
atp,2023-02-06,AG37,Felix Auger-Aliassime,Felix Auger Aliassime,7,3715,https://www.atptour.com/en/rankings/singles?dateWeek=2023-02-06&rankRange=0-5000,2026-03-22T00:50:26Z
atp,2023-02-06,FB98,Taylor Fritz,Taylor Fritz,8,3410,https://www.atptour.com/en/rankings/singles?dateWeek=2023-02-06&rankRange=0-5000,2026-03-22T00:50:26Z
atp,2023-02-06,R0DG,Holger Rune,Holger Rune,9,3046,https://www.atptour.com/en/rankings/singles?dateWeek=2023-02-06&rankRange=0-5000,2026-03-22T00:50:26Z
atp,2023-02-06,HB71,Hubert Hurkacz,Hubert Hurkacz,10,2995,https://www.atptour.com/en/rankings/singles?dateWeek=2023-02-06&rankRange=0-5000,2026-03-22T00:50:26Z
atp,2023-02-06,N771,Cameron Norrie,Cameron Norrie,11,2760,https://www.atptour.com/en/rankings/singles?dateWeek=2023-02-06&rankRange=0-5000,2026-03-22T00:50:26Z
atp,2023-02-06,MM58,Daniil Medvedev,Daniil Medvedev,12,2750,https://www.atptour.com/en/rankings/singles?dateWeek=2023-02-06&rankRange=0-5000,2026-03-22T00:50:26Z
atp,2023-02-06,KE29,Karen Khachanov,Karen Khachanov,13,2515,https://www.atptour.com/en/rankings/singles?dateWeek=2023-02-06&rankRange=0-5000,2026-03-22T00:50:26Z
atp,2023-02-06,TD51,Frances Tiafoe,Frances Tiafoe,14,2305,https://www.atptour.com/en/rankings/singles?dateWeek=2023-02-06&rankRange=0-5000,2026-03-22T00:50:26Z
atp,2023-02-06,CD85,Pablo Carreno Busta,Pablo Carreno Busta,15,2285,https://www.atptour.com/en/rankings/singles?dateWeek=2023-02-06&rankRange=0-5000,2026-03-22T00:50:26Z
atp,2023-02-06,Z355,Alexander Zverev,Alexander Zverev,16,2275,https://www.atptour.com/en/rankings/singles?dateWeek=2023-02-06&rankRange=0-5000,2026-03-22T00:50:26Z
atp,2023-02-06,S0AG,Jannik Sinner,Jannik Sinner,17,2195,https://www.atptour.com/en/rankings/singles?dateWeek=2023-02-06&rankRange=0-5000,2026-03-22T00:50:26Z
atp,2023-02-06,M0EJ,Lorenzo Musetti,Lorenzo Musetti,18,1900,https://www.atptour.com/en/rankings/singles?dateWeek=2023-02-06&rankRange=0-5000,2026-03-22T00:50:26Z
atp,2023-02-06,PL56,Tommy Paul,Tommy Paul,19,1835,https://www.atptour.com/en/rankings/singles?dateWeek=2023-02-06&rankRange=0-5000,2026-03-22T00:50:26Z
atp,2023-02-06,KE17,Nick Kyrgios,Nick Kyrgios,20,1825,https://www.atptour.com/en/rankings/singles?dateWeek=2023-02-06&rankRange=0-5000,2026-03-22T00:50:26Z
atp,2023-02-06,C977,Marin Cilic,Marin Cilic,21,1790,https://www.atptour.com/en/rankings/singles?dateWeek=2023-02-06&rankRange=0-5000,2026-03-22T00:50:26Z
atp,2023-02-06,BK40,Matteo Berrettini,Matteo Berrettini,22,1780,https://www.atptour.com/en/rankings/singles?dateWeek=2023-02-06&rankRange=0-5000,2026-03-22T00:50:26Z
atp,2023-02-06,CG80,Borna Coric,Borna Coric,23,1770,https://www.atptour.com/en/rankings/singles?dateWeek=2023-02-06&rankRange=0-5000,2026-03-22T00:50:26Z
atp,2023-02-06,BD06,Roberto Bautista Agut,Roberto Bautista Agut,24,1740,https://www.atptour.com/en/rankings/singles?dateWeek=2023-02-06&rankRange=0-5000,2026-03-22T00:50:26Z
atp,2023-02-06,DH58,Alex de Minaur,Alex De Minaur,25,1710,https://www.atptour.com/en/rankings/singles?dateWeek=2023-02-06&rankRange=0-5000,2026-03-22T00:50:26Z
atp,2023-02-06,K0AH,Sebastian Korda,Sebastian Korda,26,1595,https://www.atptour.com/en/rankings/singles?dateWeek=2023-02-06&rankRange=0-5000,2026-03-22T00:50:26Z
atp,2023-02-06,SU55,Denis Shapovalov,Denis Shapovalov,27,1560,https://www.atptour.com/en/rankings/singles?dateWeek=2023-02-06&rankRange=0-5000,2026-03-22T00:50:26Z
atp,2023-02-06,SM37,Diego Schwartzman,Diego Schwartzman,28,1460,https://www.atptour.com/en/rankings/singles?dateWeek=2023-02-06&rankRange=0-5000,2026-03-22T00:50:26Z
atp,2023-02-06,D875,Grigor Dimitrov,Grigor Dimitrov,29,1440,https://www.atptour.com/en/rankings/singles?dateWeek=2023-02-06&rankRange=0-5000,2026-03-22T00:50:26Z
atp,2023-02-06,E687,Daniel Evans,Daniel Evans,30,1380,https://www.atptour.com/en/rankings/singles?dateWeek=2023-02-06&rankRange=0-5000,2026-03-22T00:50:26Z
atp,2023-02-06,C0AU,Francisco Cerundolo,Francisco Cerundolo,31,1377,https://www.atptour.com/en/rankings/singles?dateWeek=2023-02-06&rankRange=0-5000,2026-03-22T00:50:26Z
atp,2023-02-06,DH50,Alejandro Davidovich Fokina,Alejandro Davidovich Fokina,32,1325,https://www.atptour.com/en/rankings/singles?dateWeek=2023-02-06&rankRange=0-5000,2026-03-22T00:50:26Z
atp,2023-02-06,KI95,Miomir Kecmanovic,Miomir Kecmanovic,33,1275,https://www.atptour.com/en/rankings/singles?dateWeek=2023-02-06&rankRange=0-5000,2026-03-22T00:50:26Z
atp,2023-02-06,N732,Yoshihito Nishioka,Yoshihito Nishioka,34,1252,https://www.atptour.com/en/rankings/singles?dateWeek=2023-02-06&rankRange=0-5000,2026-03-22T00:50:26Z
atp,2023-02-06,V812,Botic van de Zandschulp,Botic Van De Zandschulp,35,1160,https://www.atptour.com/en/rankings/singles?dateWeek=2023-02-06&rankRange=0-5000,2026-03-22T00:50:26Z
atp,2023-02-06,B0CD,Jenson Brooksby,Jenson Brooksby,36,1070,https://www.atptour.com/en/rankings/singles?dateWeek=2023-02-06&rankRange=0-5000,2026-03-22T00:50:26Z
atp,2023-02-06,L0BV,Jiri Lehecka,Jiri Lehecka,37,1042,https://www.atptour.com/en/rankings/singles?dateWeek=2023-02-06&rankRange=0-5000,2026-03-22T00:50:26Z
atp,2023-02-06,D0CO,Jack Draper,Jack Draper,38,1024,https://www.atptour.com/en/rankings/singles?dateWeek=2023-02-06&rankRange=0-5000,2026-03-22T00:50:26Z
atp,2023-02-06,I186,John Isner,John Isner,39,980,https://www.atptour.com/en/rankings/singles?dateWeek=2023-02-06&rankRange=0-5000,2026-03-22T00:50:26Z
atp,2023-02-06,GB88,David Goffin,David Goffin,40,965,https://www.atptour.com/en/rankings/singles?dateWeek=2023-02-06&rankRange=0-5000,2026-03-22T00:50:26Z
atp,2023-02-06,S0S1,Ben Shelton,Ben Shelton,41,964,https://www.atptour.com/en/rankings/singles?dateWeek=2023-02-06&rankRange=0-5000,2026-03-22T00:50:26Z
atp,2023-02-06,BM95,Benjamin Bonzi,Benjamin Bonzi,42,956,https://www.atptour.com/en/rankings/singles?dateWeek=2023-02-06&rankRange=0-5000,2026-03-22T00:50:26Z
atp,2023-02-06,W09G,J.J. Wolf,J.j. Wolf,43,922,https://www.atptour.com/en/rankings/singles?dateWeek=2023-02-06&rankRange=0-5000,2026-03-22T00:50:26Z
atp,2023-02-06,O522,Reilly Opelka,Reilly Opelka,44,915,https://www.atptour.com/en/rankings/singles?dateWeek=2023-02-06&rankRange=0-5000,2026-03-22T00:50:26Z
atp,2023-02-06,G628,Richard Gasquet,Richard Gasquet,45,910,https://www.atptour.com/en/rankings/singles?dateWeek=2023-02-06&rankRange=0-5000,2026-03-22T00:50:26Z
atp,2023-02-06,N0AE,Brandon Nakashima,Brandon Nakashima,46,902,https://www.atptour.com/en/rankings/singles?dateWeek=2023-02-06&rankRange=0-5000,2026-03-22T00:50:26Z
atp,2023-02-06,B0BI,Sebastian Baez,Sebastian Baez,47,895,https://www.atptour.com/en/rankings/singles?dateWeek=2023-02-06&rankRange=0-5000,2026-03-22T00:50:26Z
atp,2023-02-06,LB66,Constant Lestienne,Constant Lestienne,48,879,https://www.atptour.com/en/rankings/singles?dateWeek=2023-02-06&rankRange=0-5000,2026-03-22T00:50:26Z
atp,2023-02-06,HH06,Marc-Andrea Huesler,Marc Andrea Huesler,49,876,https://www.atptour.com/en/rankings/singles?dateWeek=2023-02-06&rankRange=0-5000,2026-03-22T00:50:26Z
atp,2023-02-06,BK92,Alexander Bublik,Alexander Bublik,50,865,https://www.atptour.com/en/rankings/singles?dateWeek=2023-02-06&rankRange=0-5000,2026-03-22T00:50:26Z
atp,2023-02-06,C0BC,Maxime Cressy,Maxime Cressy,51,857,https://www.atptour.com/en/rankings/singles?dateWeek=2023-02-06&rankRange=0-5000,2026-03-22T00:50:26Z
atp,2023-02-06,MV14,Alex Molcan,Alex Molcan,52,850,https://www.atptour.com/en/rankings/singles?dateWeek=2023-02-06&rankRange=0-5000,2026-03-22T00:50:26Z
atp,2023-02-06,RH24,Emil Ruusuvuori,Emil Ruusuvuori,53,846,https://www.atptour.com/en/rankings/singles?dateWeek=2023-02-06&rankRange=0-5000,2026-03-22T00:50:26Z
atp,2023-02-06,R772,Albert Ramos-Vinolas,Albert Ramos Vinolas,54,845,https://www.atptour.com/en/rankings/singles?dateWeek=2023-02-06&rankRange=0-5000,2026-03-22T00:50:26Z
atp,2023-02-06,GC88,Marcos Giron,Marcos Giron,55,841,https://www.atptour.com/en/rankings/singles?dateWeek=2023-02-06&rankRange=0-5000,2026-03-22T00:50:26Z
atp,2023-02-06,SU87,Lorenzo Sonego,Lorenzo Sonego,56,835,https://www.atptour.com/en/rankings/singles?dateWeek=2023-02-06&rankRange=0-5000,2026-03-22T00:50:26Z
atp,2023-02-06,GJ37,Tallon Griekspoor,Tallon Griekspoor,57,834,https://www.atptour.com/en/rankings/singles?dateWeek=2023-02-06&rankRange=0-5000,2026-03-22T00:50:26Z
atp,2023-02-06,F510,Fabio Fognini,Fabio Fognini,58,823,https://www.atptour.com/en/rankings/singles?dateWeek=2023-02-06&rankRange=0-5000,2026-03-22T00:50:26Z
atp,2023-02-06,MK66,Mackenzie McDonald,Mackenzie Mcdonald,59,820,https://www.atptour.com/en/rankings/singles?dateWeek=2023-02-06&rankRange=0-5000,2026-03-22T00:50:26Z
atp,2023-02-06,KF17,Soonwoo Kwon,Soonwoo Kwon,60,819,https://www.atptour.com/en/rankings/singles?dateWeek=2023-02-06&rankRange=0-5000,2026-03-22T00:50:26Z
atp,2023-02-06,MC10,Andy Murray,Andy Murray,61,815,https://www.atptour.com/en/rankings/singles?dateWeek=2023-02-06&rankRange=0-5000,2026-03-22T00:50:26Z
atp,2023-02-06,DB63,Laslo Djere,Laslo Djere,62,793,https://www.atptour.com/en/rankings/singles?dateWeek=2023-02-06&rankRange=0-5000,2026-03-22T00:50:26Z
atp,2023-02-06,ME82,Adrian Mannarino,Adrian Mannarino,63,791,https://www.atptour.com/en/rankings/singles?dateWeek=2023-02-06&rankRange=0-5000,2026-03-22T00:50:26Z
atp,2023-02-06,MW02,Corentin Moutet,Corentin Moutet,64,790,https://www.atptour.com/en/rankings/singles?dateWeek=2023-02-06&rankRange=0-5000,2026-03-22T00:50:26Z
atp,2023-02-06,MU94,Jaume Munar,Jaume Munar,65,777,https://www.atptour.com/en/rankings/singles?dateWeek=2023-02-06&rankRange=0-5000,2026-03-22T00:50:26Z
atp,2023-02-06,CG04,Pedro Cachin,Pedro Cachin,66,777,https://www.atptour.com/en/rankings/singles?dateWeek=2023-02-06&rankRange=0-5000,2026-03-22T00:50:26Z
atp,2023-02-06,CE77,Federico Coria,Federico Coria,67,775,https://www.atptour.com/en/rankings/singles?dateWeek=2023-02-06&rankRange=0-5000,2026-03-22T00:50:26Z
atp,2023-02-06,RC91,Arthur Rinderknech,Arthur Rinderknech,68,772,https://www.atptour.com/en/rankings/singles?dateWeek=2023-02-06&rankRange=0-5000,2026-03-22T00:50:26Z
atp,2023-02-06,F724,Marton Fucsovics,Marton Fucsovics,69,767,https://www.atptour.com/en/rankings/singles?dateWeek=2023-02-06&rankRange=0-5000,2026-03-22T00:50:26Z
atp,2023-02-06,HB64,Quentin Halys,Quentin Halys,70,756,https://www.atptour.com/en/rankings/singles?dateWeek=2023-02-06&rankRange=0-5000,2026-03-22T00:50:26Z
atp,2023-02-06,KB05,Filip Krajinovic,Filip Krajinovic,71,755,https://www.atptour.com/en/rankings/singles?dateWeek=2023-02-06&rankRange=0-5000,2026-03-22T00:50:26Z
atp,2023-02-06,MO44,Pedro Martinez,Pedro Martinez,72,746,https://www.atptour.com/en/rankings/singles?dateWeek=2023-02-06&rankRange=0-5000,2026-03-22T00:50:26Z
atp,2023-02-06,Y268,Mikael Ymer,Mikael Ymer,73,741,https://www.atptour.com/en/rankings/singles?dateWeek=2023-02-06&rankRange=0-5000,2026-03-22T00:50:26Z
atp,2023-02-06,I305,Ilya Ivashka,Ilya Ivashka,74,715,https://www.atptour.com/en/rankings/singles?dateWeek=2023-02-06&rankRange=0-5000,2026-03-22T00:50:26Z
atp,2023-02-06,BK24,Gregoire Barrere,Gregoire Barrere,75,713,https://www.atptour.com/en/rankings/singles?dateWeek=2023-02-06&rankRange=0-5000,2026-03-22T00:50:26Z
atp,2023-02-06,Z419,Bernabe Zapata Miralles,Bernabe Zapata Miralles,76,702,https://www.atptour.com/en/rankings/singles?dateWeek=2023-02-06&rankRange=0-5000,2026-03-22T00:50:26Z
atp,2023-02-06,CF59,Roberto Carballes Baena,Roberto Carballes Baena,77,695,https://www.atptour.com/en/rankings/singles?dateWeek=2023-02-06&rankRange=0-5000,2026-03-22T00:50:26Z
atp,2023-02-06,MJ08,Thiago Monteiro,Thiago Monteiro,78,690,https://www.atptour.com/en/rankings/singles?dateWeek=2023-02-06&rankRange=0-5000,2026-03-22T00:50:26Z
atp,2023-02-06,KB95,Jason Kubler,Jason Kubler,79,670,https://www.atptour.com/en/rankings/singles?dateWeek=2023-02-06&rankRange=0-5000,2026-03-22T00:50:26Z
atp,2023-02-06,O449,Oscar Otte,Oscar Otte,80,666,https://www.atptour.com/en/rankings/singles?dateWeek=2023-02-06&rankRange=0-5000,2026-03-22T00:50:26Z
atp,2023-02-06,EA24,Tomas Martin Etcheverry,Tomas Martin Etcheverry,81,651,https://www.atptour.com/en/rankings/singles?dateWeek=2023-02-06&rankRange=0-5000,2026-03-22T00:50:26Z
atp,2023-02-06,SX50,Roman Safiullin,Roman Safiullin,82,641,https://www.atptour.com/en/rankings/singles?dateWeek=2023-02-06&rankRange=0-5000,2026-03-22T00:50:26Z
atp,2023-02-06,GE33,Daniel Elahi Galan,Daniel Elahi Galan,83,614,https://www.atptour.com/en/rankings/singles?dateWeek=2023-02-06&rankRange=0-5000,2026-03-22T00:50:26Z
atp,2023-02-06,TC61,Jordan Thompson,Jordan Thompson,84,604,https://www.atptour.com/en/rankings/singles?dateWeek=2023-02-06&rankRange=0-5000,2026-03-22T00:50:26Z
atp,2023-02-06,HH26,Ugo Humbert,Ugo Humbert,85,603,https://www.atptour.com/en/rankings/singles?dateWeek=2023-02-06&rankRange=0-5000,2026-03-22T00:50:26Z
atp,2023-02-06,MP01,Michael Mmoh,Michael Mmoh,86,599,https://www.atptour.com/en/rankings/singles?dateWeek=2023-02-06&rankRange=0-5000,2026-03-22T00:50:26Z
atp,2023-02-06,BG23,Nikoloz Basilashvili,Nikoloz Basilashvili,87,595,https://www.atptour.com/en/rankings/singles?dateWeek=2023-02-06&rankRange=0-5000,2026-03-22T00:50:26Z
atp,2023-02-06,BF23,Facundo Bagnis,Facundo Bagnis,88,595,https://www.atptour.com/en/rankings/singles?dateWeek=2023-02-06&rankRange=0-5000,2026-03-22T00:50:26Z
atp,2023-02-06,L987,Dusan Lajovic,Dusan Lajovic,89,591,https://www.atptour.com/en/rankings/singles?dateWeek=2023-02-06&rankRange=0-5000,2026-03-22T00:50:26Z
atp,2023-02-06,P09Z,Alexei Popyrin,Alexei Popyrin,90,586,https://www.atptour.com/en/rankings/singles?dateWeek=2023-02-06&rankRange=0-5000,2026-03-22T00:50:26Z
atp,2023-02-06,Z371,Zhizhen Zhang,Zhizhen Zhang,91,582,https://www.atptour.com/en/rankings/singles?dateWeek=2023-02-06&rankRange=0-5000,2026-03-22T00:50:26Z
atp,2023-02-06,KB09,Denis Kudla,Denis Kudla,92,573,https://www.atptour.com/en/rankings/singles?dateWeek=2023-02-06&rankRange=0-5000,2026-03-22T00:50:26Z
atp,2023-02-06,CF01,Marco Cecchinato,Marco Cecchinato,93,572,https://www.atptour.com/en/rankings/singles?dateWeek=2023-02-06&rankRange=0-5000,2026-03-22T00:50:26Z
atp,2023-02-06,O483,Christopher O'Connell,Christopher O'connell,94,568,https://www.atptour.com/en/rankings/singles?dateWeek=2023-02-06&rankRange=0-5000,2026-03-22T00:50:26Z
atp,2023-02-06,KC56,Aslan Karatsev,Aslan Karatsev,95,555,https://www.atptour.com/en/rankings/singles?dateWeek=2023-02-06&rankRange=0-5000,2026-03-22T00:50:26Z
atp,2023-02-06,TB69,Dominic Thiem,Dominic Thiem,96,550,https://www.atptour.com/en/rankings/singles?dateWeek=2023-02-06&rankRange=0-5000,2026-03-22T00:50:26Z
atp,2023-02-06,WB32,Yibing Wu,Yibing Wu,97,544,https://www.atptour.com/en/rankings/singles?dateWeek=2023-02-06&rankRange=0-5000,2026-03-22T00:50:26Z
atp,2023-02-06,V836,Juan Pablo Varillas,Juan Pablo Varillas,98,541,https://www.atptour.com/en/rankings/singles?dateWeek=2023-02-06&rankRange=0-5000,2026-03-22T00:50:26Z
atp,2023-02-06,AE14,Daniel Altmaier,Daniel Altmaier,99,539,https://www.atptour.com/en/rankings/singles?dateWeek=2023-02-06&rankRange=0-5000,2026-03-22T00:50:26Z
atp,2023-02-06,PD07,Vasek Pospisil,Vasek Pospisil,100,534,https://www.atptour.com/en/rankings/singles?dateWeek=2023-02-06&rankRange=0-5000,2026-03-22T00:50:26Z
atp,2023-02-06,G09O,Hugo Gaston,Hugo Gaston,101,533,https://www.atptour.com/en/rankings/singles?dateWeek=2023-02-06&rankRange=0-5000,2026-03-22T00:50:26Z
atp,2023-02-06,GA36,Emilio Gomez,Emilio Gomez,102,533,https://www.atptour.com/en/rankings/singles?dateWeek=2023-02-06&rankRange=0-5000,2026-03-22T00:50:26Z
atp,2023-02-06,GD64,Cristian Garin,Cristian Garin,103,526,https://www.atptour.com/en/rankings/singles?dateWeek=2023-02-06&rankRange=0-5000,2026-03-22T00:50:26Z
atp,2023-02-06,E865,Christopher Eubanks,Christopher Eubanks,104,524,https://www.atptour.com/en/rankings/singles?dateWeek=2023-02-06&rankRange=0-5000,2026-03-22T00:50:26Z
atp,2023-02-06,BT72,Nuno Borges,Nuno Borges,105,514,https://www.atptour.com/en/rankings/singles?dateWeek=2023-02-06&rankRange=0-5000,2026-03-22T00:50:26Z
atp,2023-02-06,V942,Tim van Rijthoven,Tim Van Rijthoven,106,504,https://www.atptour.com/en/rankings/singles?dateWeek=2023-02-06&rankRange=0-5000,2026-03-22T00:50:26Z
atp,2023-02-06,DA81,Taro Daniel,Taro Daniel,107,502,https://www.atptour.com/en/rankings/singles?dateWeek=2023-02-06&rankRange=0-5000,2026-03-22T00:50:26Z
atp,2023-02-06,T0AP,Chun-Hsin Tseng,Chun Hsin Tseng,108,500,https://www.atptour.com/en/rankings/singles?dateWeek=2023-02-06&rankRange=0-5000,2026-03-22T00:50:26Z
atp,2023-02-06,P0CT,Francesco Passaro,Francesco Passaro,109,497,https://www.atptour.com/en/rankings/singles?dateWeek=2023-02-06&rankRange=0-5000,2026-03-22T00:50:26Z
atp,2023-02-06,A0FC,Matteo Arnaldi,Matteo Arnaldi,110,497,https://www.atptour.com/en/rankings/singles?dateWeek=2023-02-06&rankRange=0-5000,2026-03-22T00:50:26Z
atp,2023-02-06,WB08,Yosuke Watanuki,Yosuke Watanuki,111,469,https://www.atptour.com/en/rankings/singles?dateWeek=2023-02-06&rankRange=0-5000,2026-03-22T00:50:26Z
atp,2023-02-06,BU13,Zizou Bergs,Zizou Bergs,112,463,https://www.atptour.com/en/rankings/singles?dateWeek=2023-02-06&rankRange=0-5000,2026-03-22T00:50:26Z
atp,2023-02-06,S0H2,Alexander Shevchenko,Alexander Shevchenko,113,463,https://www.atptour.com/en/rankings/singles?dateWeek=2023-02-06&rankRange=0-5000,2026-03-22T00:50:26Z
atp,2023-02-06,C0C8,Juan Manuel Cerundolo,Juan Manuel Cerundolo,114,460,https://www.atptour.com/en/rankings/singles?dateWeek=2023-02-06&rankRange=0-5000,2026-03-22T00:50:26Z
atp,2023-02-06,V708,Jiri Vesely,Jiri Vesely,115,457,https://www.atptour.com/en/rankings/singles?dateWeek=2023-02-06&rankRange=0-5000,2026-03-22T00:50:26Z
atp,2023-02-06,GH92,Borna Gojo,Borna Gojo,116,454,https://www.atptour.com/en/rankings/singles?dateWeek=2023-02-06&rankRange=0-5000,2026-03-22T00:50:26Z
atp,2023-02-06,M0FH,Tomas Machac,Tomas Machac,117,452,https://www.atptour.com/en/rankings/singles?dateWeek=2023-02-06&rankRange=0-5000,2026-03-22T00:50:26Z
atp,2023-02-06,V306,Fernando Verdasco,Fernando Verdasco,118,452,https://www.atptour.com/en/rankings/singles?dateWeek=2023-02-06&rankRange=0-5000,2026-03-22T00:50:26Z
atp,2023-02-06,H0BH,Rinky Hijikata,Rinky Hijikata,119,451,https://www.atptour.com/en/rankings/singles?dateWeek=2023-02-06&rankRange=0-5000,2026-03-22T00:50:26Z
atp,2023-02-06,J386,Steve Johnson,Steve Johnson,120,448,https://www.atptour.com/en/rankings/singles?dateWeek=2023-02-06&rankRange=0-5000,2026-03-22T00:50:26Z
atp,2023-02-06,GB93,Norbert Gombos,Norbert Gombos,121,446,https://www.atptour.com/en/rankings/singles?dateWeek=2023-02-06&rankRange=0-5000,2026-03-22T00:50:26Z
atp,2023-02-06,R09X,Jurij Rodionov,Jurij Rodionov,122,444,https://www.atptour.com/en/rankings/singles?dateWeek=2023-02-06&rankRange=0-5000,2026-03-22T00:50:26Z
atp,2023-02-06,A829,Radu Albot,Radu Albot,123,443,https://www.atptour.com/en/rankings/singles?dateWeek=2023-02-06&rankRange=0-5000,2026-03-22T00:50:26Z
atp,2023-02-06,BV24,Raul Brancaccio,Raul Brancaccio,124,438,https://www.atptour.com/en/rankings/singles?dateWeek=2023-02-06&rankRange=0-5000,2026-03-22T00:50:26Z
atp,2023-02-06,K0AZ,Aleksandar Kovacevic,Aleksandar Kovacevic,125,435,https://www.atptour.com/en/rankings/singles?dateWeek=2023-02-06&rankRange=0-5000,2026-03-22T00:50:26Z
atp,2023-02-06,MQ75,Kamil Majchrzak,Kamil Majchrzak,126,433,https://www.atptour.com/en/rankings/singles?dateWeek=2023-02-06&rankRange=0-5000,2026-03-22T00:50:26Z
atp,2023-02-06,S0GR,Timofey Skatov,Timofey Skatov,127,431,https://www.atptour.com/en/rankings/singles?dateWeek=2023-02-06&rankRange=0-5000,2026-03-22T00:50:26Z
atp,2023-02-06,K09F,Pavel Kotov,Pavel Kotov,128,429,https://www.atptour.com/en/rankings/singles?dateWeek=2023-02-06&rankRange=0-5000,2026-03-22T00:50:26Z
atp,2023-02-06,J551,Nicolas Jarry,Nicolas Jarry,129,428,https://www.atptour.com/en/rankings/singles?dateWeek=2023-02-06&rankRange=0-5000,2026-03-22T00:50:26Z
atp,2023-02-06,R0FS,Leandro Riedi,Leandro Riedi,130,428,https://www.atptour.com/en/rankings/singles?dateWeek=2023-02-06&rankRange=0-5000,2026-03-22T00:50:26Z
atp,2023-02-06,D874,Federico Delbonis,Federico Delbonis,131,426,https://www.atptour.com/en/rankings/singles?dateWeek=2023-02-06&rankRange=0-5000,2026-03-22T00:50:26Z
atp,2023-02-06,H997,Yannick Hanfmann,Yannick Hanfmann,132,425,https://www.atptour.com/en/rankings/singles?dateWeek=2023-02-06&rankRange=0-5000,2026-03-22T00:50:26Z
atp,2023-02-06,KC04,Jozef Kovalik,Jozef Kovalik,133,424,https://www.atptour.com/en/rankings/singles?dateWeek=2023-02-06&rankRange=0-5000,2026-03-22T00:50:26Z
atp,2023-02-06,W367,Stan Wawrinka,Stan Wawrinka,134,422,https://www.atptour.com/en/rankings/singles?dateWeek=2023-02-06&rankRange=0-5000,2026-03-22T00:50:26Z
atp,2023-02-06,U182,Camilo Ugo Carabelli,Camilo Ugo Carabelli,135,422,https://www.atptour.com/en/rankings/singles?dateWeek=2023-02-06&rankRange=0-5000,2026-03-22T00:50:26Z
atp,2023-02-06,SO20,Jelle Sels,Jelle Sels,136,419,https://www.atptour.com/en/rankings/singles?dateWeek=2023-02-06&rankRange=0-5000,2026-03-22T00:50:26Z
atp,2023-02-06,D994,James Duckworth,James Duckworth,137,413,https://www.atptour.com/en/rankings/singles?dateWeek=2023-02-06&rankRange=0-5000,2026-03-22T00:50:26Z
atp,2023-02-06,DA31,Hugo Dellien,Hugo Dellien,138,411,https://www.atptour.com/en/rankings/singles?dateWeek=2023-02-06&rankRange=0-5000,2026-03-22T00:50:26Z
atp,2023-02-06,MH30,John Millman,John Millman,139,410,https://www.atptour.com/en/rankings/singles?dateWeek=2023-02-06&rankRange=0-5000,2026-03-22T00:50:26Z
atp,2023-02-06,KD46,Thanasi Kokkinakis,Thanasi Kokkinakis,140,407,https://www.atptour.com/en/rankings/singles?dateWeek=2023-02-06&rankRange=0-5000,2026-03-22T00:50:26Z
atp,2023-02-06,SM25,Jack Sock,Jack Sock,141,405,https://www.atptour.com/en/rankings/singles?dateWeek=2023-02-06&rankRange=0-5000,2026-03-22T00:50:26Z
atp,2023-02-06,KI63,Lukas Klein,Lukas Klein,142,405,https://www.atptour.com/en/rankings/singles?dateWeek=2023-02-06&rankRange=0-5000,2026-03-22T00:50:26Z
atp,2023-02-06,DB59,Dennis Novak,Dennis Novak,143,402,https://www.atptour.com/en/rankings/singles?dateWeek=2023-02-06&rankRange=0-5000,2026-03-22T00:50:26Z
atp,2023-02-06,M0JZ,Filip Misolic,Filip Misolic,144,400,https://www.atptour.com/en/rankings/singles?dateWeek=2023-02-06&rankRange=0-5000,2026-03-22T00:50:26Z
atp,2023-02-06,V0DZ,Luca Van Assche,Luca Van Assche,145,397,https://www.atptour.com/en/rankings/singles?dateWeek=2023-02-06&rankRange=0-5000,2026-03-22T00:50:26Z
atp,2023-02-06,TE30,Alejandro Tabilo,Alejandro Tabilo,146,394,https://www.atptour.com/en/rankings/singles?dateWeek=2023-02-06&rankRange=0-5000,2026-03-22T00:50:26Z
atp,2023-02-06,B0GG,Mattia Bellucci,Mattia Bellucci,147,394,https://www.atptour.com/en/rankings/singles?dateWeek=2023-02-06&rankRange=0-5000,2026-03-22T00:50:26Z
atp,2023-02-06,GF95,Hugo Grenier,Hugo Grenier,148,390,https://www.atptour.com/en/rankings/singles?dateWeek=2023-02-06&rankRange=0-5000,2026-03-22T00:50:26Z
atp,2023-02-06,MN13,Maximilian Marterer,Maximilian Marterer,149,389,https://www.atptour.com/en/rankings/singles?dateWeek=2023-02-06&rankRange=0-5000,2026-03-22T00:50:26Z
atp,2023-02-06,S0LA,Dominic Stricker,Dominic Stricker,150,382,https://www.atptour.com/en/rankings/singles?dateWeek=2023-02-06&rankRange=0-5000,2026-03-22T00:50:26Z
atp,2023-02-06,BU54,Geoffrey Blancaneaux,Geoffrey Blancaneaux,151,379,https://www.atptour.com/en/rankings/singles?dateWeek=2023-02-06&rankRange=0-5000,2026-03-22T00:50:26Z
atp,2023-02-06,O513,Sebastian Ofner,Sebastian Ofner,152,377,https://www.atptour.com/en/rankings/singles?dateWeek=2023-02-06&rankRange=0-5000,2026-03-22T00:50:26Z
atp,2023-02-06,A596,Pablo Andujar,Pablo Andujar,153,377,https://www.atptour.com/en/rankings/singles?dateWeek=2023-02-06&rankRange=0-5000,2026-03-22T00:50:26Z
atp,2023-02-06,SL28,Jan-Lennard Struff,Jan Lennard Struff,154,376,https://www.atptour.com/en/rankings/singles?dateWeek=2023-02-06&rankRange=0-5000,2026-03-22T00:50:26Z
atp,2023-02-06,HG86,Lloyd Harris,Lloyd Harris,155,375,https://www.atptour.com/en/rankings/singles?dateWeek=2023-02-06&rankRange=0-5000,2026-03-22T00:50:26Z
atp,2023-02-06,MP20,Alexandre Muller,Alexandre Muller,156,371,https://www.atptour.com/en/rankings/singles?dateWeek=2023-02-06&rankRange=0-5000,2026-03-22T00:50:26Z
atp,2023-02-06,GH33,Manuel Guinard,Manuel Guinard,157,369,https://www.atptour.com/en/rankings/singles?dateWeek=2023-02-06&rankRange=0-5000,2026-03-22T00:50:26Z
atp,2023-02-06,BO10,Gijs Brouwer,Gijs Brouwer,158,367,https://www.atptour.com/en/rankings/singles?dateWeek=2023-02-06&rankRange=0-5000,2026-03-22T00:50:26Z
atp,2023-02-06,PH78,Ryan Peniston,Ryan Peniston,159,367,https://www.atptour.com/en/rankings/singles?dateWeek=2023-02-06&rankRange=0-5000,2026-03-22T00:50:26Z
atp,2023-02-06,M0CI,Fabian Marozsan,Fabian Marozsan,160,366,https://www.atptour.com/en/rankings/singles?dateWeek=2023-02-06&rankRange=0-5000,2026-03-22T00:50:26Z
atp,2023-02-06,MW75,Felipe Meligeni Alves,Felipe Meligeni Alves,161,365,https://www.atptour.com/en/rankings/singles?dateWeek=2023-02-06&rankRange=0-5000,2026-03-22T00:50:26Z
atp,2023-02-06,SH90,Joao Sousa,Joao Sousa,162,362,https://www.atptour.com/en/rankings/singles?dateWeek=2023-02-06&rankRange=0-5000,2026-03-22T00:50:26Z
atp,2023-02-06,F0F1,Arthur Fils,Arthur Fils,163,361,https://www.atptour.com/en/rankings/singles?dateWeek=2023-02-06&rankRange=0-5000,2026-03-22T00:50:26Z
atp,2023-02-06,N0BG,Luca Nardi,Luca Nardi,164,360,https://www.atptour.com/en/rankings/singles?dateWeek=2023-02-06&rankRange=0-5000,2026-03-22T00:50:26Z
atp,2023-02-06,S0RE,Juncheng Shang,Juncheng Shang,165,358,https://www.atptour.com/en/rankings/singles?dateWeek=2023-02-06&rankRange=0-5000,2026-03-22T00:50:26Z
atp,2023-02-06,Z0A1,Giulio Zeppieri,Giulio Zeppieri,166,358,https://www.atptour.com/en/rankings/singles?dateWeek=2023-02-06&rankRange=0-5000,2026-03-22T00:50:26Z
atp,2023-02-06,AA27,Franco Agamenone,Franco Agamenone,167,357,https://www.atptour.com/en/rankings/singles?dateWeek=2023-02-06&rankRange=0-5000,2026-03-22T00:50:26Z
atp,2023-02-06,Y218,Elias Ymer,Elias Ymer,168,357,https://www.atptour.com/en/rankings/singles?dateWeek=2023-02-06&rankRange=0-5000,2026-03-22T00:50:26Z
atp,2023-02-06,CG94,Enzo Couacaud,Enzo Couacaud,169,356,https://www.atptour.com/en/rankings/singles?dateWeek=2023-02-06&rankRange=0-5000,2026-03-22T00:50:26Z
atp,2023-02-06,K0DP,Oleksii Krutykh,Oleksii Krutykh,170,355,https://www.atptour.com/en/rankings/singles?dateWeek=2023-02-06&rankRange=0-5000,2026-03-22T00:50:26Z
atp,2023-02-06,V832,Aleksandar Vukic,Aleksandar Vukic,171,354,https://www.atptour.com/en/rankings/singles?dateWeek=2023-02-06&rankRange=0-5000,2026-03-22T00:50:26Z
atp,2023-02-06,C0E9,Flavio Cobolli,Flavio Cobolli,172,353,https://www.atptour.com/en/rankings/singles?dateWeek=2023-02-06&rankRange=0-5000,2026-03-22T00:50:26Z
atp,2023-02-06,W857,Tung-Lin Wu,Tung Lin Wu,173,346,https://www.atptour.com/en/rankings/singles?dateWeek=2023-02-06&rankRange=0-5000,2026-03-22T00:50:26Z
atp,2023-02-06,LC12,Laurent Lokoli,Laurent Lokoli,174,345,https://www.atptour.com/en/rankings/singles?dateWeek=2023-02-06&rankRange=0-5000,2026-03-22T00:50:26Z
atp,2023-02-06,BI23,Liam Broady,Liam Broady,175,340,https://www.atptour.com/en/rankings/singles?dateWeek=2023-02-06&rankRange=0-5000,2026-03-22T00:50:26Z
atp,2023-02-06,SD32,Gilles Simon,Gilles Simon,176,337,https://www.atptour.com/en/rankings/singles?dateWeek=2023-02-06&rankRange=0-5000,2026-03-22T00:50:26Z
atp,2023-02-06,TE16,Carlos Taberner,Carlos Taberner,177,337,https://www.atptour.com/en/rankings/singles?dateWeek=2023-02-06&rankRange=0-5000,2026-03-22T00:50:26Z
atp,2023-02-06,O376,Renzo Olivo,Renzo Olivo,178,337,https://www.atptour.com/en/rankings/singles?dateWeek=2023-02-06&rankRange=0-5000,2026-03-22T00:50:26Z
atp,2023-02-06,KI82,Vit Kopriva,Vit Kopriva,179,335,https://www.atptour.com/en/rankings/singles?dateWeek=2023-02-06&rankRange=0-5000,2026-03-22T00:50:26Z
atp,2023-02-06,V0AM,Otto Virtanen,Otto Virtanen,180,330,https://www.atptour.com/en/rankings/singles?dateWeek=2023-02-06&rankRange=0-5000,2026-03-22T00:50:26Z
atp,2023-02-06,P09O,Zsombor Piros,Zsombor Piros,181,327,https://www.atptour.com/en/rankings/singles?dateWeek=2023-02-06&rankRange=0-5000,2026-03-22T00:50:26Z
atp,2023-02-06,N0AM,Emilio Nava,Emilio Nava,182,326,https://www.atptour.com/en/rankings/singles?dateWeek=2023-02-06&rankRange=0-5000,2026-03-22T00:50:26Z
atp,2023-02-06,M0IF,Francesco Maestrelli,Francesco Maestrelli,183,320,https://www.atptour.com/en/rankings/singles?dateWeek=2023-02-06&rankRange=0-5000,2026-03-22T00:50:26Z
atp,2023-02-06,S0GD,Dalibor Svrcina,Dalibor Svrcina,184,319,https://www.atptour.com/en/rankings/singles?dateWeek=2023-02-06&rankRange=0-5000,2026-03-22T00:50:26Z
atp,2023-02-06,RC04,Alexander Ritschard,Alexander Ritschard,185,319,https://www.atptour.com/en/rankings/singles?dateWeek=2023-02-06&rankRange=0-5000,2026-03-22T00:50:26Z
atp,2023-02-06,PH64,Andrea Pellegrino,Andrea Pellegrino,186,319,https://www.atptour.com/en/rankings/singles?dateWeek=2023-02-06&rankRange=0-5000,2026-03-22T00:50:26Z
atp,2023-02-06,BI47,Riccardo Bonadio,Riccardo Bonadio,187,318,https://www.atptour.com/en/rankings/singles?dateWeek=2023-02-06&rankRange=0-5000,2026-03-22T00:50:26Z
atp,2023-02-06,D0CG,Facundo Diaz Acosta,Facundo Diaz Acosta,188,316,https://www.atptour.com/en/rankings/singles?dateWeek=2023-02-06&rankRange=0-5000,2026-03-22T00:50:26Z
atp,2023-02-06,L949,Henri Laaksonen,Henri Laaksonen,189,315,https://www.atptour.com/en/rankings/singles?dateWeek=2023-02-06&rankRange=0-5000,2026-03-22T00:50:26Z
atp,2023-02-06,BP41,Antoine Bellier,Antoine Bellier,190,313,https://www.atptour.com/en/rankings/singles?dateWeek=2023-02-06&rankRange=0-5000,2026-03-22T00:50:26Z
atp,2023-02-06,CC66,Andrea Collarini,Andrea Collarini,191,312,https://www.atptour.com/en/rankings/singles?dateWeek=2023-02-06&rankRange=0-5000,2026-03-22T00:50:26Z
atp,2023-02-06,KC33,Dimitar Kuzmanov,Dimitar Kuzmanov,192,309,https://www.atptour.com/en/rankings/singles?dateWeek=2023-02-06&rankRange=0-5000,2026-03-22T00:50:26Z
atp,2023-02-06,BE90,Ricardas Berankis,Ricardas Berankis,193,307,https://www.atptour.com/en/rankings/singles?dateWeek=2023-02-06&rankRange=0-5000,2026-03-22T00:50:26Z
atp,2023-02-06,U120,Kaichi Uchida,Kaichi Uchida,194,305,https://www.atptour.com/en/rankings/singles?dateWeek=2023-02-06&rankRange=0-5000,2026-03-22T00:50:26Z
atp,2023-02-06,H09P,Brandon Holt,Brandon Holt,195,302,https://www.atptour.com/en/rankings/singles?dateWeek=2023-02-06&rankRange=0-5000,2026-03-22T00:50:26Z
atp,2023-02-06,PH71,Max Purcell,Max Purcell,196,300,https://www.atptour.com/en/rankings/singles?dateWeek=2023-02-06&rankRange=0-5000,2026-03-22T00:50:26Z
atp,2023-02-06,H09F,Yu Hsiou Hsu,Yu Hsiou Hsu,197,298,https://www.atptour.com/en/rankings/singles?dateWeek=2023-02-06&rankRange=0-5000,2026-03-22T00:50:26Z
atp,2023-02-06,KC29,Nicolas Kicker,Nicolas Kicker,198,295,https://www.atptour.com/en/rankings/singles?dateWeek=2023-02-06&rankRange=0-5000,2026-03-22T00:50:26Z
atp,2023-02-06,MJ98,Facundo Mena,Facundo Mena,199,291,https://www.atptour.com/en/rankings/singles?dateWeek=2023-02-06&rankRange=0-5000,2026-03-22T00:50:26Z
atp,2023-02-06,D0FJ,Luciano Darderi,Luciano Darderi,200,291,https://www.atptour.com/en/rankings/singles?dateWeek=2023-02-06&rankRange=0-5000,2026-03-22T00:50:26Z
atp,2023-02-06,A0AB,Adrian Andreev,Adrian Andreev,201,285,https://www.atptour.com/en/rankings/singles?dateWeek=2023-02-06&rankRange=0-5000,2026-03-22T00:50:26Z
atp,2023-02-06,E768,Antoine Escoffier,Antoine Escoffier,202,280,https://www.atptour.com/en/rankings/singles?dateWeek=2023-02-06&rankRange=0-5000,2026-03-22T00:50:26Z
atp,2023-02-06,FA43,Juan Pablo Ficovich,Juan Pablo Ficovich,203,274,https://www.atptour.com/en/rankings/singles?dateWeek=2023-02-06&rankRange=0-5000,2026-03-22T00:50:26Z
atp,2023-02-06,TC01,Li Tu,Li Tu,204,272,https://www.atptour.com/en/rankings/singles?dateWeek=2023-02-06&rankRange=0-5000,2026-03-22T00:50:26Z
atp,2023-02-06,CH05,Altug Celikbilek,Altug Celikbilek,205,271,https://www.atptour.com/en/rankings/singles?dateWeek=2023-02-06&rankRange=0-5000,2026-03-22T00:50:26Z
atp,2023-02-06,N09U,Rio Noguchi,Rio Noguchi,206,271,https://www.atptour.com/en/rankings/singles?dateWeek=2023-02-06&rankRange=0-5000,2026-03-22T00:50:26Z
atp,2023-02-06,MC65,Gael Monfils,Gael Monfils,207,270,https://www.atptour.com/en/rankings/singles?dateWeek=2023-02-06&rankRange=0-5000,2026-03-22T00:50:26Z
atp,2023-02-06,H0A4,Nick Hardt,Nick Hardt,208,269,https://www.atptour.com/en/rankings/singles?dateWeek=2023-02-06&rankRange=0-5000,2026-03-22T00:50:26Z
atp,2023-02-06,DA86,Joris De Loore,Joris De Loore,209,264,https://www.atptour.com/en/rankings/singles?dateWeek=2023-02-06&rankRange=0-5000,2026-03-22T00:50:26Z
atp,2023-02-06,P0DF,Matheus Pucinelli De Almeida,Matheus Pucinelli De Almeida,210,263,https://www.atptour.com/en/rankings/singles?dateWeek=2023-02-06&rankRange=0-5000,2026-03-22T00:50:26Z
atp,2023-02-06,D0F6,Gabriel Diallo,Gabriel Diallo,211,260,https://www.atptour.com/en/rankings/singles?dateWeek=2023-02-06&rankRange=0-5000,2026-03-22T00:50:26Z
atp,2023-02-06,BS86,Tomas Barrios Vera,Tomas Barrios Vera,212,256,https://www.atptour.com/en/rankings/singles?dateWeek=2023-02-06&rankRange=0-5000,2026-03-22T00:50:26Z
atp,2023-02-06,PD31,Benoit Paire,Benoit Paire,213,255,https://www.atptour.com/en/rankings/singles?dateWeek=2023-02-06&rankRange=0-5000,2026-03-22T00:50:26Z
atp,2023-02-06,KH56,Zdenek Kolar,Zdenek Kolar,214,254,https://www.atptour.com/en/rankings/singles?dateWeek=2023-02-06&rankRange=0-5000,2026-03-22T00:50:26Z
atp,2023-02-06,GK06,Alexis Galarneau,Alexis Galarneau,215,252,https://www.atptour.com/en/rankings/singles?dateWeek=2023-02-06&rankRange=0-5000,2026-03-22T00:50:26Z
atp,2023-02-06,I0A7,Nicholas David Ionel,Nicholas David Ionel,216,252,https://www.atptour.com/en/rankings/singles?dateWeek=2023-02-06&rankRange=0-5000,2026-03-22T00:50:26Z
atp,2023-02-06,K926,Mikhail Kukushkin,Mikhail Kukushkin,217,251,https://www.atptour.com/en/rankings/singles?dateWeek=2023-02-06&rankRange=0-5000,2026-03-22T00:50:26Z
atp,2023-02-06,MW18,Nicolas Moreno De Alboran,Nicolas Moreno De Alboran,218,250,https://www.atptour.com/en/rankings/singles?dateWeek=2023-02-06&rankRange=0-5000,2026-03-22T00:50:26Z
atp,2023-02-06,CG33,Kimmer Coppejans,Kimmer Coppejans,219,250,https://www.atptour.com/en/rankings/singles?dateWeek=2023-02-06&rankRange=0-5000,2026-03-22T00:50:26Z
atp,2023-02-06,FC26,Evan Furness,Evan Furness,220,249,https://www.atptour.com/en/rankings/singles?dateWeek=2023-02-06&rankRange=0-5000,2026-03-22T00:50:26Z
atp,2023-02-06,VA08,Andrea Vavassori,Andrea Vavassori,221,248,https://www.atptour.com/en/rankings/singles?dateWeek=2023-02-06&rankRange=0-5000,2026-03-22T00:50:26Z
atp,2023-02-06,SN54,Frederico Ferreira Silva,Frederico Ferreira Silva,222,248,https://www.atptour.com/en/rankings/singles?dateWeek=2023-02-06&rankRange=0-5000,2026-03-22T00:50:26Z
atp,2023-02-06,SL08,Tennys Sandgren,Tennys Sandgren,223,246,https://www.atptour.com/en/rankings/singles?dateWeek=2023-02-06&rankRange=0-5000,2026-03-22T00:50:26Z
atp,2023-02-06,KE64,Stefan Kozlov,Stefan Kozlov,224,244,https://www.atptour.com/en/rankings/singles?dateWeek=2023-02-06&rankRange=0-5000,2026-03-22T00:50:26Z
atp,2023-02-06,G967,Peter Gojowczyk,Peter Gojowczyk,225,242,https://www.atptour.com/en/rankings/singles?dateWeek=2023-02-06&rankRange=0-5000,2026-03-22T00:50:26Z
atp,2023-02-06,D923,Damir Dzumhur,Damir Dzumhur,226,242,https://www.atptour.com/en/rankings/singles?dateWeek=2023-02-06&rankRange=0-5000,2026-03-22T00:50:26Z
atp,2023-02-06,J553,Omar Jasika,Omar Jasika,227,242,https://www.atptour.com/en/rankings/singles?dateWeek=2023-02-06&rankRange=0-5000,2026-03-22T00:50:26Z
atp,2023-02-06,KC12,Mitchell Krueger,Mitchell Krueger,228,240,https://www.atptour.com/en/rankings/singles?dateWeek=2023-02-06&rankRange=0-5000,2026-03-22T00:50:26Z
atp,2023-02-06,Z246,Miljan Zekic,Miljan Zekic,229,236,https://www.atptour.com/en/rankings/singles?dateWeek=2023-02-06&rankRange=0-5000,2026-03-22T00:50:26Z
atp,2023-02-06,R685,Lukas Rosol,Lukas Rosol,230,236,https://www.atptour.com/en/rankings/singles?dateWeek=2023-02-06&rankRange=0-5000,2026-03-22T00:50:26Z
atp,2023-02-06,KE73,Dominik Koepfer,Dominik Koepfer,231,234,https://www.atptour.com/en/rankings/singles?dateWeek=2023-02-06&rankRange=0-5000,2026-03-22T00:50:26Z
atp,2023-02-06,G0GD,Matteo Gigante,Matteo Gigante,232,234,https://www.atptour.com/en/rankings/singles?dateWeek=2023-02-06&rankRange=0-5000,2026-03-22T00:50:26Z
atp,2023-02-06,C0H0,Arthur Cazaux,Arthur Cazaux,233,233,https://www.atptour.com/en/rankings/singles?dateWeek=2023-02-06&rankRange=0-5000,2026-03-22T00:50:26Z
atp,2023-02-06,TA29,Marco Trungelliti,Marco Trungelliti,234,233,https://www.atptour.com/en/rankings/singles?dateWeek=2023-02-06&rankRange=0-5000,2026-03-22T00:50:26Z
atp,2023-02-06,C0JP,Raphael Collignon,Raphael Collignon,235,233,https://www.atptour.com/en/rankings/singles?dateWeek=2023-02-06&rankRange=0-5000,2026-03-22T00:50:26Z
atp,2023-02-06,CG07,Hernan Casanova,Hernan Casanova,236,233,https://www.atptour.com/en/rankings/singles?dateWeek=2023-02-06&rankRange=0-5000,2026-03-22T00:50:26Z
atp,2023-02-06,T0A1,Thiago Agustin Tirante,Thiago Agustin Tirante,237,231,https://www.atptour.com/en/rankings/singles?dateWeek=2023-02-06&rankRange=0-5000,2026-03-22T00:50:26Z
atp,2023-02-06,J0A4,Paul Jubb,Paul Jubb,238,230,https://www.atptour.com/en/rankings/singles?dateWeek=2023-02-06&rankRange=0-5000,2026-03-22T00:50:26Z
atp,2023-02-06,VA70,Mate Valkusz,Mate Valkusz,239,229,https://www.atptour.com/en/rankings/singles?dateWeek=2023-02-06&rankRange=0-5000,2026-03-22T00:50:26Z
atp,2023-02-06,HC21,Seongchan Hong,Seongchan Hong,240,229,https://www.atptour.com/en/rankings/singles?dateWeek=2023-02-06&rankRange=0-5000,2026-03-22T00:50:26Z
atp,2023-02-06,ML57,Gianluca Mager,Gianluca Mager,241,229,https://www.atptour.com/en/rankings/singles?dateWeek=2023-02-06&rankRange=0-5000,2026-03-22T00:50:26Z
atp,2023-02-06,N0BS,Mariano Navone,Mariano Navone,242,227,https://www.atptour.com/en/rankings/singles?dateWeek=2023-02-06&rankRange=0-5000,2026-03-22T00:50:26Z
atp,2023-02-06,GA79,Lorenzo Giustino,Lorenzo Giustino,243,227,https://www.atptour.com/en/rankings/singles?dateWeek=2023-02-06&rankRange=0-5000,2026-03-22T00:50:26Z
atp,2023-02-06,F840,Nerman Fatic,Nerman Fatic,244,226,https://www.atptour.com/en/rankings/singles?dateWeek=2023-02-06&rankRange=0-5000,2026-03-22T00:50:26Z
atp,2023-02-06,H756,Robin Haase,Robin Haase,245,225,https://www.atptour.com/en/rankings/singles?dateWeek=2023-02-06&rankRange=0-5000,2026-03-22T00:50:26Z
atp,2023-02-06,LD22,Nam Hoang Ly,Nam Hoang Ly,246,225,https://www.atptour.com/en/rankings/singles?dateWeek=2023-02-06&rankRange=0-5000,2026-03-22T00:50:26Z
atp,2023-02-06,O660,Genaro Alberto Olivieri,Genaro Alberto Olivieri,247,225,https://www.atptour.com/en/rankings/singles?dateWeek=2023-02-06&rankRange=0-5000,2026-03-22T00:50:26Z
atp,2023-02-06,E698,Gastao Elias,Gastao Elias,248,224,https://www.atptour.com/en/rankings/singles?dateWeek=2023-02-06&rankRange=0-5000,2026-03-22T00:50:26Z
atp,2023-02-06,GG65,Michael Geerts,Michael Geerts,249,224,https://www.atptour.com/en/rankings/singles?dateWeek=2023-02-06&rankRange=0-5000,2026-03-22T00:50:26Z
atp,2023-02-06,GE28,Ivan Gakhov,Ivan Gakhov,250,224,https://www.atptour.com/en/rankings/singles?dateWeek=2023-02-06&rankRange=0-5000,2026-03-22T00:50:26Z
atp,2023-02-06,SY67,Sho Shimabukuro,Sho Shimabukuro,251,222,https://www.atptour.com/en/rankings/singles?dateWeek=2023-02-06&rankRange=0-5000,2026-03-22T00:50:26Z
atp,2023-02-06,CH12,Jan Choinski,Jan Choinski,252,222,https://www.atptour.com/en/rankings/singles?dateWeek=2023-02-06&rankRange=0-5000,2026-03-22T00:50:26Z
atp,2023-02-06,SP80,Nino Serdarusic,Nino Serdarusic,253,222,https://www.atptour.com/en/rankings/singles?dateWeek=2023-02-06&rankRange=0-5000,2026-03-22T00:50:26Z
atp,2023-02-06,S0IA,Dane Sweeny,Dane Sweeny,254,222,https://www.atptour.com/en/rankings/singles?dateWeek=2023-02-06&rankRange=0-5000,2026-03-22T00:50:26Z
atp,2023-02-06,G983,Alessandro Giannessi,Alessandro Giannessi,255,219,https://www.atptour.com/en/rankings/singles?dateWeek=2023-02-06&rankRange=0-5000,2026-03-22T00:50:26Z
atp,2023-02-06,M0AW,Nicolas Mejia,Nicolas Mejia,256,219,https://www.atptour.com/en/rankings/singles?dateWeek=2023-02-06&rankRange=0-5000,2026-03-22T00:50:26Z
atp,2023-02-06,B0FV,Roman Andres Burruchaga,Roman Andres Burruchaga,257,217,https://www.atptour.com/en/rankings/singles?dateWeek=2023-02-06&rankRange=0-5000,2026-03-22T00:50:26Z
atp,2023-02-06,G09C,Marek Gengel,Marek Gengel,258,214,https://www.atptour.com/en/rankings/singles?dateWeek=2023-02-06&rankRange=0-5000,2026-03-22T00:50:26Z
atp,2023-02-06,N663,Maximilian Neuchrist,Maximilian Neuchrist,259,213,https://www.atptour.com/en/rankings/singles?dateWeek=2023-02-06&rankRange=0-5000,2026-03-22T00:50:26Z
atp,2023-02-06,T0DM,Juan Bautista Torres,Juan Bautista Torres,260,212,https://www.atptour.com/en/rankings/singles?dateWeek=2023-02-06&rankRange=0-5000,2026-03-22T00:50:26Z
atp,2023-02-06,M0JF,Hamad Medjedovic,Hamad Medjedovic,261,211,https://www.atptour.com/en/rankings/singles?dateWeek=2023-02-06&rankRange=0-5000,2026-03-22T00:50:26Z
atp,2023-02-06,A09U,Nicolas Alvarez Varona,Nicolas Alvarez Varona,262,211,https://www.atptour.com/en/rankings/singles?dateWeek=2023-02-06&rankRange=0-5000,2026-03-22T00:50:26Z
atp,2023-02-06,O0A2,Gauthier Onclin,Gauthier Onclin,263,211,https://www.atptour.com/en/rankings/singles?dateWeek=2023-02-06&rankRange=0-5000,2026-03-22T00:50:26Z
atp,2023-02-06,Z09D,Kacper Zuk,Kacper Zuk,264,205,https://www.atptour.com/en/rankings/singles?dateWeek=2023-02-06&rankRange=0-5000,2026-03-22T00:50:26Z
atp,2023-02-06,S0K7,Zachary Svajda,Zachary Svajda,265,203,https://www.atptour.com/en/rankings/singles?dateWeek=2023-02-06&rankRange=0-5000,2026-03-22T00:50:26Z
atp,2023-02-06,G0AO,Alastair Gray,Alastair Gray,266,203,https://www.atptour.com/en/rankings/singles?dateWeek=2023-02-06&rankRange=0-5000,2026-03-22T00:50:26Z
atp,2023-02-06,J09X,Filip Cristian Jianu,Filip Cristian Jianu,267,202,https://www.atptour.com/en/rankings/singles?dateWeek=2023-02-06&rankRange=0-5000,2026-03-22T00:50:26Z
atp,2023-02-06,SK94,Cedrik-Marcel Stebe,Cedrik Marcel Stebe,268,200,https://www.atptour.com/en/rankings/singles?dateWeek=2023-02-06&rankRange=0-5000,2026-03-22T00:50:26Z
atp,2023-02-06,RH59,Santiago Rodriguez Taverna,Santiago Rodriguez Taverna,269,198,https://www.atptour.com/en/rankings/singles?dateWeek=2023-02-06&rankRange=0-5000,2026-03-22T00:50:26Z
atp,2023-02-06,S0GZ,Nikolas Sanchez Izquierdo,Nikolas Sanchez Izquierdo,270,197,https://www.atptour.com/en/rankings/singles?dateWeek=2023-02-06&rankRange=0-5000,2026-03-22T00:50:26Z
atp,2023-02-06,F0BT,Jonas Forejtek,Jonas Forejtek,271,196,https://www.atptour.com/en/rankings/singles?dateWeek=2023-02-06&rankRange=0-5000,2026-03-22T00:50:26Z
atp,2023-02-06,MN20,Daniel Masur,Daniel Masur,272,196,https://www.atptour.com/en/rankings/singles?dateWeek=2023-02-06&rankRange=0-5000,2026-03-22T00:50:26Z
atp,2023-02-06,M0E1,Daniel Michalski,Daniel Michalski,273,194,https://www.atptour.com/en/rankings/singles?dateWeek=2023-02-06&rankRange=0-5000,2026-03-22T00:50:26Z
atp,2023-02-06,C882,Pablo Cuevas,Pablo Cuevas,274,193,https://www.atptour.com/en/rankings/singles?dateWeek=2023-02-06&rankRange=0-5000,2026-03-22T00:50:26Z
atp,2023-02-06,PG94,Marc Polmans,Marc Polmans,275,193,https://www.atptour.com/en/rankings/singles?dateWeek=2023-02-06&rankRange=0-5000,2026-03-22T00:50:26Z
atp,2023-02-06,C0DF,Francisco Comesana,Francisco Comesana,276,190,https://www.atptour.com/en/rankings/singles?dateWeek=2023-02-06&rankRange=0-5000,2026-03-22T00:50:26Z
atp,2023-02-06,D916,Steven Diez,Steven Diez,277,190,https://www.atptour.com/en/rankings/singles?dateWeek=2023-02-06&rankRange=0-5000,2026-03-22T00:50:26Z
atp,2023-02-06,A0GC,Terence Atmane,Terence Atmane,278,190,https://www.atptour.com/en/rankings/singles?dateWeek=2023-02-06&rankRange=0-5000,2026-03-22T00:50:26Z
atp,2023-02-06,ML73,Skander Mansouri,Skander Mansouri,279,190,https://www.atptour.com/en/rankings/singles?dateWeek=2023-02-06&rankRange=0-5000,2026-03-22T00:50:26Z
atp,2023-02-06,RB60,Oriol Roca Batalla,Oriol Roca Batalla,280,189,https://www.atptour.com/en/rankings/singles?dateWeek=2023-02-06&rankRange=0-5000,2026-03-22T00:50:26Z
atp,2023-02-06,GF23,Lucas Gerch,Lucas Gerch,281,189,https://www.atptour.com/en/rankings/singles?dateWeek=2023-02-06&rankRange=0-5000,2026-03-22T00:50:26Z
atp,2023-02-06,Y09V,Yunchaokete Bu,Yunchaokete Bu,282,189,https://www.atptour.com/en/rankings/singles?dateWeek=2023-02-06&rankRange=0-5000,2026-03-22T00:50:26Z
atp,2023-02-06,MJ71,Mats Moraing,Mats Moraing,283,184,https://www.atptour.com/en/rankings/singles?dateWeek=2023-02-06&rankRange=0-5000,2026-03-22T00:50:26Z
atp,2023-02-06,DF88,Aziz Dougaz,Aziz Dougaz,284,184,https://www.atptour.com/en/rankings/singles?dateWeek=2023-02-06&rankRange=0-5000,2026-03-22T00:50:26Z
atp,2023-02-06,M0EA,Pol Martin Tiffon,Pol Martin Tiffon,285,183,https://www.atptour.com/en/rankings/singles?dateWeek=2023-02-06&rankRange=0-5000,2026-03-22T00:50:26Z
atp,2023-02-06,D985,Joao Domingues,Joao Domingues,286,183,https://www.atptour.com/en/rankings/singles?dateWeek=2023-02-06&rankRange=0-5000,2026-03-22T00:50:26Z
atp,2023-02-06,V717,Alexey Vatutin,Alexey Vatutin,287,183,https://www.atptour.com/en/rankings/singles?dateWeek=2023-02-06&rankRange=0-5000,2026-03-22T00:50:26Z
atp,2023-02-06,Z09K,Evan Zhu,Evan Zhu,288,183,https://www.atptour.com/en/rankings/singles?dateWeek=2023-02-06&rankRange=0-5000,2026-03-22T00:50:26Z
atp,2023-02-06,M0G4,Harold Mayot,Harold Mayot,289,182,https://www.atptour.com/en/rankings/singles?dateWeek=2023-02-06&rankRange=0-5000,2026-03-22T00:50:26Z
atp,2023-02-06,WB25,Louis Wessels,Louis Wessels,290,182,https://www.atptour.com/en/rankings/singles?dateWeek=2023-02-06&rankRange=0-5000,2026-03-22T00:50:26Z
atp,2023-02-06,M0HT,Alejandro Moro Canas,Alejandro Moro Canas,291,181,https://www.atptour.com/en/rankings/singles?dateWeek=2023-02-06&rankRange=0-5000,2026-03-22T00:50:26Z
atp,2023-02-06,N0CS,Lukas Neumayer,Lukas Neumayer,292,179,https://www.atptour.com/en/rankings/singles?dateWeek=2023-02-06&rankRange=0-5000,2026-03-22T00:50:26Z
atp,2023-02-06,G858,Ernests Gulbis,Ernests Gulbis,293,175,https://www.atptour.com/en/rankings/singles?dateWeek=2023-02-06&rankRange=0-5000,2026-03-22T00:50:26Z
atp,2023-02-06,D0DW,Titouan Droguet,Titouan Droguet,294,174,https://www.atptour.com/en/rankings/singles?dateWeek=2023-02-06&rankRange=0-5000,2026-03-22T00:50:26Z
atp,2023-02-06,D0C1,Jesper de Jong,Jesper De Jong,295,174,https://www.atptour.com/en/rankings/singles?dateWeek=2023-02-06&rankRange=0-5000,2026-03-22T00:50:26Z
atp,2023-02-06,A09T,Dan Added,Dan Added,296,174,https://www.atptour.com/en/rankings/singles?dateWeek=2023-02-06&rankRange=0-5000,2026-03-22T00:50:26Z
atp,2023-02-06,SG56,Daniel Dutra da Silva,Daniel Dutra Da Silva,297,174,https://www.atptour.com/en/rankings/singles?dateWeek=2023-02-06&rankRange=0-5000,2026-03-22T00:50:26Z
atp,2023-02-06,BV25,Javier Barranco Cosano,Javier Barranco Cosano,298,173,https://www.atptour.com/en/rankings/singles?dateWeek=2023-02-06&rankRange=0-5000,2026-03-22T00:50:26Z
atp,2023-02-06,S0AR,Timo Stodder,Timo Stodder,299,173,https://www.atptour.com/en/rankings/singles?dateWeek=2023-02-06&rankRange=0-5000,2026-03-22T00:50:26Z
atp,2023-02-06,M0HU,Shintaro Mochizuki,Shintaro Mochizuki,300,171,https://www.atptour.com/en/rankings/singles?dateWeek=2023-02-06&rankRange=0-5000,2026-03-22T00:50:26Z
atp,2023-02-06,LI39,Alexandar Lazarov,Alexandar Lazarov,301,170,https://www.atptour.com/en/rankings/singles?dateWeek=2023-02-06&rankRange=0-5000,2026-03-22T00:50:26Z
atp,2023-02-06,R0A7,Joao Lucas Reis Da Silva,Joao Lucas Reis Da Silva,302,170,https://www.atptour.com/en/rankings/singles?dateWeek=2023-02-06&rankRange=0-5000,2026-03-22T00:50:26Z
atp,2023-02-06,I306,Cem Ilkel,Cem Ilkel,303,168,https://www.atptour.com/en/rankings/singles?dateWeek=2023-02-06&rankRange=0-5000,2026-03-22T00:50:26Z
atp,2023-02-06,Z09Z,Beibit Zhukayev,Beibit Zhukayev,304,168,https://www.atptour.com/en/rankings/singles?dateWeek=2023-02-06&rankRange=0-5000,2026-03-22T00:50:26Z
atp,2023-02-06,U134,Yasutaka Uchiyama,Yasutaka Uchiyama,305,165,https://www.atptour.com/en/rankings/singles?dateWeek=2023-02-06&rankRange=0-5000,2026-03-22T00:50:26Z
atp,2023-02-06,GA94,Prajnesh Gunneswaran,Prajnesh Gunneswaran,306,165,https://www.atptour.com/en/rankings/singles?dateWeek=2023-02-06&rankRange=0-5000,2026-03-22T00:50:26Z
atp,2023-02-06,H996,Pierre-Hugues Herbert,Pierre Hugues Herbert,307,164,https://www.atptour.com/en/rankings/singles?dateWeek=2023-02-06&rankRange=0-5000,2026-03-22T00:50:26Z
atp,2023-02-06,R0EB,Valentin Royer,Valentin Royer,308,164,https://www.atptour.com/en/rankings/singles?dateWeek=2023-02-06&rankRange=0-5000,2026-03-22T00:50:26Z
atp,2023-02-06,MI01,Hiroki Moriya,Hiroki Moriya,309,164,https://www.atptour.com/en/rankings/singles?dateWeek=2023-02-06&rankRange=0-5000,2026-03-22T00:50:26Z
atp,2023-02-06,HG94,Benjamin Hassan,Benjamin Hassan,310,163,https://www.atptour.com/en/rankings/singles?dateWeek=2023-02-06&rankRange=0-5000,2026-03-22T00:50:26Z
atp,2023-02-06,V821,Gonzalo Villanueva,Gonzalo Villanueva,311,163,https://www.atptour.com/en/rankings/singles?dateWeek=2023-02-06&rankRange=0-5000,2026-03-22T00:50:26Z
atp,2023-02-06,D864,Evgeny Donskoy,Evgeny Donskoy,312,162,https://www.atptour.com/en/rankings/singles?dateWeek=2023-02-06&rankRange=0-5000,2026-03-22T00:50:26Z
atp,2023-02-06,E811,Elmar Ejupovic,Elmar Ejupovic,313,162,https://www.atptour.com/en/rankings/singles?dateWeek=2023-02-06&rankRange=0-5000,2026-03-22T00:50:26Z
atp,2023-02-06,KD87,Evgeny Karlovskiy,Evgeny Karlovskiy,314,162,https://www.atptour.com/en/rankings/singles?dateWeek=2023-02-06&rankRange=0-5000,2026-03-22T00:50:26Z
atp,2023-02-06,CI14,Jay Clarke,Jay Clarke,315,161,https://www.atptour.com/en/rankings/singles?dateWeek=2023-02-06&rankRange=0-5000,2026-03-22T00:50:26Z
atp,2023-02-06,R0FP,Daniel Rincon,Daniel Rincon,316,161,https://www.atptour.com/en/rankings/singles?dateWeek=2023-02-06&rankRange=0-5000,2026-03-22T00:50:26Z
atp,2023-02-06,BV16,Ugo Blanchet,Ugo Blanchet,317,160,https://www.atptour.com/en/rankings/singles?dateWeek=2023-02-06&rankRange=0-5000,2026-03-22T00:50:26Z
atp,2023-02-06,VA25,Valentin Vacherot,Valentin Vacherot,318,159,https://www.atptour.com/en/rankings/singles?dateWeek=2023-02-06&rankRange=0-5000,2026-03-22T00:50:26Z
atp,2023-02-06,MM66,Nikola Milojevic,Nikola Milojevic,319,159,https://www.atptour.com/en/rankings/singles?dateWeek=2023-02-06&rankRange=0-5000,2026-03-22T00:50:26Z
atp,2023-02-06,Q941,Roberto Quiroz,Roberto Quiroz,320,158,https://www.atptour.com/en/rankings/singles?dateWeek=2023-02-06&rankRange=0-5000,2026-03-22T00:50:26Z
atp,2023-02-06,C0AK,Oliver Crawford,Oliver Crawford,321,158,https://www.atptour.com/en/rankings/singles?dateWeek=2023-02-06&rankRange=0-5000,2026-03-22T00:50:26Z
atp,2023-02-06,DC48,Murkel Dellien,Murkel Dellien,322,156,https://www.atptour.com/en/rankings/singles?dateWeek=2023-02-06&rankRange=0-5000,2026-03-22T00:50:26Z
atp,2023-02-06,BV27,Ulises Blanch,Ulises Blanch,323,155,https://www.atptour.com/en/rankings/singles?dateWeek=2023-02-06&rankRange=0-5000,2026-03-22T00:50:26Z
atp,2023-02-06,MW54,Dragos Nicolae Madaras,Dragos Nicolae Madaras,324,154,https://www.atptour.com/en/rankings/singles?dateWeek=2023-02-06&rankRange=0-5000,2026-03-22T00:50:26Z
atp,2023-02-06,DG53,Gabriel Decamps,Gabriel Decamps,325,154,https://www.atptour.com/en/rankings/singles?dateWeek=2023-02-06&rankRange=0-5000,2026-03-22T00:50:26Z
atp,2023-02-06,B0FI,Pedro Boscardin Dias,Pedro Boscardin Dias,326,152,https://www.atptour.com/en/rankings/singles?dateWeek=2023-02-06&rankRange=0-5000,2026-03-22T00:50:26Z
atp,2023-02-06,M0AC,Rudolf Molleker,Rudolf Molleker,327,152,https://www.atptour.com/en/rankings/singles?dateWeek=2023-02-06&rankRange=0-5000,2026-03-22T00:50:26Z
atp,2023-02-06,H0CX,Max Houkes,Max Houkes,328,150,https://www.atptour.com/en/rankings/singles?dateWeek=2023-02-06&rankRange=0-5000,2026-03-22T00:50:26Z
atp,2023-02-06,Y171,Denis Yevseyev,Denis Yevseyev,329,150,https://www.atptour.com/en/rankings/singles?dateWeek=2023-02-06&rankRange=0-5000,2026-03-22T00:50:26Z
atp,2023-02-06,S0N0,Tristan Schoolkate,Tristan Schoolkate,330,150,https://www.atptour.com/en/rankings/singles?dateWeek=2023-02-06&rankRange=0-5000,2026-03-22T00:50:26Z
atp,2023-02-06,J380,Jason Jung,Jason Jung,331,148,https://www.atptour.com/en/rankings/singles?dateWeek=2023-02-06&rankRange=0-5000,2026-03-22T00:50:26Z
atp,2023-02-06,L0C1,Carlos Lopez Montagud,Carlos Lopez Montagud,332,148,https://www.atptour.com/en/rankings/singles?dateWeek=2023-02-06&rankRange=0-5000,2026-03-22T00:50:26Z
atp,2023-02-06,LB07,Gonzalo Lama,Gonzalo Lama,333,148,https://www.atptour.com/en/rankings/singles?dateWeek=2023-02-06&rankRange=0-5000,2026-03-22T00:50:26Z
atp,2023-02-06,A622,Andrea Arnaboldi,Andrea Arnaboldi,334,147,https://www.atptour.com/en/rankings/singles?dateWeek=2023-02-06&rankRange=0-5000,2026-03-22T00:50:26Z
atp,2023-02-06,PF39,Lucas Pouille,Lucas Pouille,335,146,https://www.atptour.com/en/rankings/singles?dateWeek=2023-02-06&rankRange=0-5000,2026-03-22T00:50:26Z
atp,2023-02-06,S0AK,Henri Squire,Henri Squire,336,145,https://www.atptour.com/en/rankings/singles?dateWeek=2023-02-06&rankRange=0-5000,2026-03-22T00:50:26Z
atp,2023-02-06,S0AQ,Yuta Shimizu,Yuta Shimizu,337,144,https://www.atptour.com/en/rankings/singles?dateWeek=2023-02-06&rankRange=0-5000,2026-03-22T00:50:26Z
atp,2023-02-06,SS25,Vitaliy Sachko,Vitaliy Sachko,338,144,https://www.atptour.com/en/rankings/singles?dateWeek=2023-02-06&rankRange=0-5000,2026-03-22T00:50:26Z
atp,2023-02-06,J620,Maxime Janvier,Maxime Janvier,339,143,https://www.atptour.com/en/rankings/singles?dateWeek=2023-02-06&rankRange=0-5000,2026-03-22T00:50:26Z
atp,2023-02-06,D750,Kenny De Schepper,Kenny De Schepper,340,143,https://www.atptour.com/en/rankings/singles?dateWeek=2023-02-06&rankRange=0-5000,2026-03-22T00:50:26Z
atp,2023-02-06,Q927,Sam Querrey,Sam Querrey,341,142,https://www.atptour.com/en/rankings/singles?dateWeek=2023-02-06&rankRange=0-5000,2026-03-22T00:50:26Z
atp,2023-02-06,BH09,Aljaz Bedene,Aljaz Bedene,342,140,https://www.atptour.com/en/rankings/singles?dateWeek=2023-02-06&rankRange=0-5000,2026-03-22T00:50:26Z
atp,2023-02-06,E873,Ernesto Escobedo,Ernesto Escobedo,343,140,https://www.atptour.com/en/rankings/singles?dateWeek=2023-02-06&rankRange=0-5000,2026-03-22T00:50:26Z
atp,2023-02-06,LF29,Alvaro Lopez San Martin,Alvaro Lopez San Martin,344,140,https://www.atptour.com/en/rankings/singles?dateWeek=2023-02-06&rankRange=0-5000,2026-03-22T00:50:26Z
atp,2023-02-06,K0E6,Alibek Kachmazov,Alibek Kachmazov,345,140,https://www.atptour.com/en/rankings/singles?dateWeek=2023-02-06&rankRange=0-5000,2026-03-22T00:50:26Z
atp,2023-02-06,T09X,Clement Tabur,Clement Tabur,346,139,https://www.atptour.com/en/rankings/singles?dateWeek=2023-02-06&rankRange=0-5000,2026-03-22T00:50:26Z
atp,2023-02-06,WB19,Alexander Weis,Alexander Weis,347,139,https://www.atptour.com/en/rankings/singles?dateWeek=2023-02-06&rankRange=0-5000,2026-03-22T00:50:26Z
atp,2023-02-06,SX91,Thiago Seyboth Wild,Thiago Seyboth Wild,348,138,https://www.atptour.com/en/rankings/singles?dateWeek=2023-02-06&rankRange=0-5000,2026-03-22T00:50:26Z
atp,2023-02-06,BU70,Remy Bertola,Remy Bertola,349,138,https://www.atptour.com/en/rankings/singles?dateWeek=2023-02-06&rankRange=0-5000,2026-03-22T00:50:26Z
atp,2023-02-06,LD26,Edan Leshem,Edan Leshem,350,137,https://www.atptour.com/en/rankings/singles?dateWeek=2023-02-06&rankRange=0-5000,2026-03-22T00:50:26Z
atp,2023-02-06,HB05,Christian Harrison,Christian Harrison,351,136,https://www.atptour.com/en/rankings/singles?dateWeek=2023-02-06&rankRange=0-5000,2026-03-22T00:50:26Z
atp,2023-02-06,L0CX,Pablo Llamas Ruiz,Pablo Llamas Ruiz,352,136,https://www.atptour.com/en/rankings/singles?dateWeek=2023-02-06&rankRange=0-5000,2026-03-22T00:50:26Z
atp,2023-02-06,HA71,Antoine Hoang,Antoine Hoang,353,136,https://www.atptour.com/en/rankings/singles?dateWeek=2023-02-06&rankRange=0-5000,2026-03-22T00:50:26Z
atp,2023-02-06,M0OQ,James McCabe,James Mccabe,354,136,https://www.atptour.com/en/rankings/singles?dateWeek=2023-02-06&rankRange=0-5000,2026-03-22T00:50:26Z
atp,2023-02-06,M0GZ,Giovanni Mpetshi Perricard,Giovanni Mpetshi Perricard,355,134,https://www.atptour.com/en/rankings/singles?dateWeek=2023-02-06&rankRange=0-5000,2026-03-22T00:50:26Z
atp,2023-02-06,AC58,Nicolas Alvarez,Nicolas Alvarez,356,134,https://www.atptour.com/en/rankings/singles?dateWeek=2023-02-06&rankRange=0-5000,2026-03-22T00:50:26Z
atp,2023-02-06,CH90,Yun seong Chung,Yun Seong Chung,357,134,https://www.atptour.com/en/rankings/singles?dateWeek=2023-02-06&rankRange=0-5000,2026-03-22T00:50:26Z
atp,2023-02-06,LI03,Edoardo Lavagno,Edoardo Lavagno,358,134,https://www.atptour.com/en/rankings/singles?dateWeek=2023-02-06&rankRange=0-5000,2026-03-22T00:50:26Z
atp,2023-02-06,DC76,Viktor Durasovic,Viktor Durasovic,359,133,https://www.atptour.com/en/rankings/singles?dateWeek=2023-02-06&rankRange=0-5000,2026-03-22T00:50:26Z
atp,2023-02-06,ME89,Illya Marchenko,Illya Marchenko,360,133,https://www.atptour.com/en/rankings/singles?dateWeek=2023-02-06&rankRange=0-5000,2026-03-22T00:50:26Z
atp,2023-02-06,CL82,Daniel Cukierman,Daniel Cukierman,361,132,https://www.atptour.com/en/rankings/singles?dateWeek=2023-02-06&rankRange=0-5000,2026-03-22T00:50:26Z
atp,2023-02-06,HD68,Billy Harris,Billy Harris,362,132,https://www.atptour.com/en/rankings/singles?dateWeek=2023-02-06&rankRange=0-5000,2026-03-22T00:50:26Z
atp,2023-02-06,E0AC,Mathys Erhard,Mathys Erhard,363,131,https://www.atptour.com/en/rankings/singles?dateWeek=2023-02-06&rankRange=0-5000,2026-03-22T00:50:26Z
atp,2023-02-06,FC49,Giovanni Fonio,Giovanni Fonio,364,131,https://www.atptour.com/en/rankings/singles?dateWeek=2023-02-06&rankRange=0-5000,2026-03-22T00:50:26Z
atp,2023-02-06,F0A3,Sergey Fomin,Sergey Fomin,365,130,https://www.atptour.com/en/rankings/singles?dateWeek=2023-02-06&rankRange=0-5000,2026-03-22T00:50:26Z
atp,2023-02-06,MP83,Gian Marco Moroni,Gian Marco Moroni,366,130,https://www.atptour.com/en/rankings/singles?dateWeek=2023-02-06&rankRange=0-5000,2026-03-22T00:50:26Z
atp,2023-02-06,P0BK,Stuart Parker,Stuart Parker,367,130,https://www.atptour.com/en/rankings/singles?dateWeek=2023-02-06&rankRange=0-5000,2026-03-22T00:50:26Z
atp,2023-02-06,PF65,Filip Peliwo,Filip Peliwo,368,130,https://www.atptour.com/en/rankings/singles?dateWeek=2023-02-06&rankRange=0-5000,2026-03-22T00:50:26Z
atp,2023-02-06,S0CG,Carlos Sanchez Jover,Carlos Sanchez Jover,369,129,https://www.atptour.com/en/rankings/singles?dateWeek=2023-02-06&rankRange=0-5000,2026-03-22T00:50:26Z
atp,2023-02-06,P0EV,Andrew Paulson,Andrew Paulson,370,129,https://www.atptour.com/en/rankings/singles?dateWeek=2023-02-06&rankRange=0-5000,2026-03-22T00:50:26Z
atp,2023-02-06,A887,Guido Andreozzi,Guido Andreozzi,371,128,https://www.atptour.com/en/rankings/singles?dateWeek=2023-02-06&rankRange=0-5000,2026-03-22T00:50:26Z
atp,2023-02-06,MW76,Matteo Martineau,Matteo Martineau,372,127,https://www.atptour.com/en/rankings/singles?dateWeek=2023-02-06&rankRange=0-5000,2026-03-22T00:50:26Z
atp,2023-02-06,F664,Sebastian Fanselow,Sebastian Fanselow,373,127,https://www.atptour.com/en/rankings/singles?dateWeek=2023-02-06&rankRange=0-5000,2026-03-22T00:50:26Z
atp,2023-02-06,MI43,Gerald Melzer,Gerald Melzer,374,126,https://www.atptour.com/en/rankings/singles?dateWeek=2023-02-06&rankRange=0-5000,2026-03-22T00:50:26Z
atp,2023-02-06,V0B2,Michael Vrbensky,Michael Vrbensky,375,126,https://www.atptour.com/en/rankings/singles?dateWeek=2023-02-06&rankRange=0-5000,2026-03-22T00:50:26Z
atp,2023-02-06,BV21,Charles Broom,Charles Broom,376,126,https://www.atptour.com/en/rankings/singles?dateWeek=2023-02-06&rankRange=0-5000,2026-03-22T00:50:26Z
atp,2023-02-06,W09E,Adam Walton,Adam Walton,377,123,https://www.atptour.com/en/rankings/singles?dateWeek=2023-02-06&rankRange=0-5000,2026-03-22T00:50:26Z
atp,2023-02-06,RG42,Alex Rybakov,Alex Rybakov,378,123,https://www.atptour.com/en/rankings/singles?dateWeek=2023-02-06&rankRange=0-5000,2026-03-22T00:50:26Z
atp,2023-02-06,O0BE,Oleksandr Ovcharenko,Oleksandr Ovcharenko,379,123,https://www.atptour.com/en/rankings/singles?dateWeek=2023-02-06&rankRange=0-5000,2026-03-22T00:50:26Z
atp,2023-02-06,O639,Giovanni Oradini,Giovanni Oradini,380,122,https://www.atptour.com/en/rankings/singles?dateWeek=2023-02-06&rankRange=0-5000,2026-03-22T00:50:26Z
atp,2023-02-06,HB48,Calvin Hemery,Calvin Hemery,381,121,https://www.atptour.com/en/rankings/singles?dateWeek=2023-02-06&rankRange=0-5000,2026-03-22T00:50:26Z
atp,2023-02-06,EA13,Moez Echargui,Moez Echargui,382,121,https://www.atptour.com/en/rankings/singles?dateWeek=2023-02-06&rankRange=0-5000,2026-03-22T00:50:26Z
atp,2023-02-06,KI48,Ergi Kirkin,Ergi Kirkin,383,121,https://www.atptour.com/en/rankings/singles?dateWeek=2023-02-06&rankRange=0-5000,2026-03-22T00:50:26Z
atp,2023-02-06,K0HC,Maks Kasnikowski,Maks Kasnikowski,384,120,https://www.atptour.com/en/rankings/singles?dateWeek=2023-02-06&rankRange=0-5000,2026-03-22T00:50:26Z
atp,2023-02-06,PG20,Dmitry Popko,Dmitry Popko,385,120,https://www.atptour.com/en/rankings/singles?dateWeek=2023-02-06&rankRange=0-5000,2026-03-22T00:50:26Z
atp,2023-02-06,O659,Vladyslav Orlov,Vladyslav Orlov,386,120,https://www.atptour.com/en/rankings/singles?dateWeek=2023-02-06&rankRange=0-5000,2026-03-22T00:50:26Z
atp,2023-02-06,SZ28,Kyle Seelig,Kyle Seelig,387,120,https://www.atptour.com/en/rankings/singles?dateWeek=2023-02-06&rankRange=0-5000,2026-03-22T00:50:26Z
atp,2023-02-06,CE25,Salvatore Caruso,Salvatore Caruso,388,119,https://www.atptour.com/en/rankings/singles?dateWeek=2023-02-06&rankRange=0-5000,2026-03-22T00:50:26Z
atp,2023-02-06,M0NI,Jakub Mensik,Jakub Mensik,389,119,https://www.atptour.com/en/rankings/singles?dateWeek=2023-02-06&rankRange=0-5000,2026-03-22T00:50:26Z
atp,2023-02-06,L0GH,Mark Lajal,Mark Lajal,390,119,https://www.atptour.com/en/rankings/singles?dateWeek=2023-02-06&rankRange=0-5000,2026-03-22T00:50:26Z
atp,2023-02-06,N0AL,Govind Nanda,Govind Nanda,391,119,https://www.atptour.com/en/rankings/singles?dateWeek=2023-02-06&rankRange=0-5000,2026-03-22T00:50:26Z
atp,2023-02-06,LC54,Benjamin Lock,Benjamin Lock,392,119,https://www.atptour.com/en/rankings/singles?dateWeek=2023-02-06&rankRange=0-5000,2026-03-22T00:50:26Z
atp,2023-02-06,HA28,Filip Horansky,Filip Horansky,393,118,https://www.atptour.com/en/rankings/singles?dateWeek=2023-02-06&rankRange=0-5000,2026-03-22T00:50:26Z
atp,2023-02-06,CA99,Marius Copil,Marius Copil,394,117,https://www.atptour.com/en/rankings/singles?dateWeek=2023-02-06&rankRange=0-5000,2026-03-22T00:50:26Z
atp,2023-02-06,BE67,Mirza Basic,Mirza Basic,395,117,https://www.atptour.com/en/rankings/singles?dateWeek=2023-02-06&rankRange=0-5000,2026-03-22T00:50:26Z
atp,2023-02-06,M0EY,Alex Marti Pujolras,Alex Marti Pujolras,396,117,https://www.atptour.com/en/rankings/singles?dateWeek=2023-02-06&rankRange=0-5000,2026-03-22T00:50:26Z
atp,2023-02-06,A0CJ,Duje Ajdukovic,Duje Ajdukovic,397,115,https://www.atptour.com/en/rankings/singles?dateWeek=2023-02-06&rankRange=0-5000,2026-03-22T00:50:26Z
atp,2023-02-06,MP13,Mukund Sasikumar,Mukund Sasikumar,398,115,https://www.atptour.com/en/rankings/singles?dateWeek=2023-02-06&rankRange=0-5000,2026-03-22T00:50:26Z
atp,2023-02-06,N830,Johan Nikles,Johan Nikles,399,114,https://www.atptour.com/en/rankings/singles?dateWeek=2023-02-06&rankRange=0-5000,2026-03-22T00:50:26Z
atp,2023-02-06,F0CJ,Gianmarco Ferrari,Gianmarco Ferrari,400,114,https://www.atptour.com/en/rankings/singles?dateWeek=2023-02-06&rankRange=0-5000,2026-03-22T00:50:26Z
atp,2023-02-06,O09S,Juan Bautista Otegui,Juan Bautista Otegui,401,114,https://www.atptour.com/en/rankings/singles?dateWeek=2023-02-06&rankRange=0-5000,2026-03-22T00:50:26Z
atp,2023-02-06,SQ80,Akira Santillan,Akira Santillan,402,114,https://www.atptour.com/en/rankings/singles?dateWeek=2023-02-06&rankRange=0-5000,2026-03-22T00:50:26Z
atp,2023-02-06,SA93,Andreas Seppi,Andreas Seppi,403,113,https://www.atptour.com/en/rankings/singles?dateWeek=2023-02-06&rankRange=0-5000,2026-03-22T00:50:26Z
atp,2023-02-06,A09P,Alafia Ayeni,Alafia Ayeni,404,113,https://www.atptour.com/en/rankings/singles?dateWeek=2023-02-06&rankRange=0-5000,2026-03-22T00:50:26Z
atp,2023-02-06,P0E9,Dominik Palan,Dominik Palan,405,113,https://www.atptour.com/en/rankings/singles?dateWeek=2023-02-06&rankRange=0-5000,2026-03-22T00:50:26Z
atp,2023-02-06,V0DI,Samuel Vincent Ruggeri,Samuel Vincent Ruggeri,406,113,https://www.atptour.com/en/rankings/singles?dateWeek=2023-02-06&rankRange=0-5000,2026-03-22T00:50:26Z
atp,2023-02-06,CO01,Andrey Chepelev,Andrey Chepelev,407,113,https://www.atptour.com/en/rankings/singles?dateWeek=2023-02-06&rankRange=0-5000,2026-03-22T00:50:26Z
atp,2023-02-06,S0DQ,Keegan Smith,Keegan Smith,408,112,https://www.atptour.com/en/rankings/singles?dateWeek=2023-02-06&rankRange=0-5000,2026-03-22T00:50:26Z
atp,2023-02-06,TA12,Stefano Travaglia,Stefano Travaglia,409,112,https://www.atptour.com/en/rankings/singles?dateWeek=2023-02-06&rankRange=0-5000,2026-03-22T00:50:26Z
atp,2023-02-06,P0HW,Dino Prizmic,Dino Prizmic,410,111,https://www.atptour.com/en/rankings/singles?dateWeek=2023-02-06&rankRange=0-5000,2026-03-22T00:50:26Z
atp,2023-02-06,B0AY,Jurgen Briand,Jurgen Briand,411,111,https://www.atptour.com/en/rankings/singles?dateWeek=2023-02-06&rankRange=0-5000,2026-03-22T00:50:26Z
atp,2023-02-06,RB56,Ramkumar Ramanathan,Ramkumar Ramanathan,412,110,https://www.atptour.com/en/rankings/singles?dateWeek=2023-02-06&rankRange=0-5000,2026-03-22T00:50:26Z
atp,2023-02-06,M0CW,Aidan McHugh,Aidan Mchugh,413,110,https://www.atptour.com/en/rankings/singles?dateWeek=2023-02-06&rankRange=0-5000,2026-03-22T00:50:26Z
atp,2023-02-06,GC89,Egor Gerasimov,Egor Gerasimov,414,108,https://www.atptour.com/en/rankings/singles?dateWeek=2023-02-06&rankRange=0-5000,2026-03-22T00:50:26Z
atp,2023-02-06,H0DU,Gustavo Heide,Gustavo Heide,415,107,https://www.atptour.com/en/rankings/singles?dateWeek=2023-02-06&rankRange=0-5000,2026-03-22T00:50:26Z
atp,2023-02-06,W09B,Damien Wenger,Damien Wenger,416,107,https://www.atptour.com/en/rankings/singles?dateWeek=2023-02-06&rankRange=0-5000,2026-03-22T00:50:26Z
atp,2023-02-06,GB53,Federico Gaio,Federico Gaio,417,107,https://www.atptour.com/en/rankings/singles?dateWeek=2023-02-06&rankRange=0-5000,2026-03-22T00:50:26Z
atp,2023-02-06,RH62,Mats Rosenkranz,Mats Rosenkranz,418,107,https://www.atptour.com/en/rankings/singles?dateWeek=2023-02-06&rankRange=0-5000,2026-03-22T00:50:26Z
atp,2023-02-06,C0B2,Cezar Cretu,Cezar Cretu,419,107,https://www.atptour.com/en/rankings/singles?dateWeek=2023-02-06&rankRange=0-5000,2026-03-22T00:50:26Z
atp,2023-02-06,F586,Thomas Fabbiano,Thomas Fabbiano,420,106,https://www.atptour.com/en/rankings/singles?dateWeek=2023-02-06&rankRange=0-5000,2026-03-22T00:50:26Z
atp,2023-02-06,BU36,Alberto Barroso Campos,Alberto Barroso Campos,421,106,https://www.atptour.com/en/rankings/singles?dateWeek=2023-02-06&rankRange=0-5000,2026-03-22T00:50:26Z
atp,2023-02-06,FB18,Ben Patael,Ben Patael,422,106,https://www.atptour.com/en/rankings/singles?dateWeek=2023-02-06&rankRange=0-5000,2026-03-22T00:50:26Z
atp,2023-02-06,LB84,Juan Ignacio Londero,Juan Ignacio Londero,423,105,https://www.atptour.com/en/rankings/singles?dateWeek=2023-02-06&rankRange=0-5000,2026-03-22T00:50:26Z
atp,2023-02-06,F0DM,Arthur Fery,Arthur Fery,424,105,https://www.atptour.com/en/rankings/singles?dateWeek=2023-02-06&rankRange=0-5000,2026-03-22T00:50:26Z
atp,2023-02-06,KA22,Dayne Kelly,Dayne Kelly,425,105,https://www.atptour.com/en/rankings/singles?dateWeek=2023-02-06&rankRange=0-5000,2026-03-22T00:50:26Z
atp,2023-02-06,S0NV,Abdullah Shelbayh,Abdullah Shelbayh,426,104,https://www.atptour.com/en/rankings/singles?dateWeek=2023-02-06&rankRange=0-5000,2026-03-22T00:50:26Z
atp,2023-02-06,BM05,Bogdan Bobrov,Bogdan Bobrov,427,104,https://www.atptour.com/en/rankings/singles?dateWeek=2023-02-06&rankRange=0-5000,2026-03-22T00:50:26Z
atp,2023-02-06,F811,Bjorn Fratangelo,Bjorn Fratangelo,428,103,https://www.atptour.com/en/rankings/singles?dateWeek=2023-02-06&rankRange=0-5000,2026-03-22T00:50:26Z
atp,2023-02-06,CB14,Daniel Cox,Daniel Cox,429,103,https://www.atptour.com/en/rankings/singles?dateWeek=2023-02-06&rankRange=0-5000,2026-03-22T00:50:26Z
atp,2023-02-06,BK19,Mathias Bourgue,Mathias Bourgue,430,102,https://www.atptour.com/en/rankings/singles?dateWeek=2023-02-06&rankRange=0-5000,2026-03-22T00:50:26Z
atp,2023-02-06,K0EP,Jerome Kym,Jerome Kym,431,102,https://www.atptour.com/en/rankings/singles?dateWeek=2023-02-06&rankRange=0-5000,2026-03-22T00:50:26Z
atp,2023-02-06,R0ED,Max Hans Rehberg,Max Hans Rehberg,432,102,https://www.atptour.com/en/rankings/singles?dateWeek=2023-02-06&rankRange=0-5000,2026-03-22T00:50:26Z
atp,2023-02-06,G0GW,Sascha Gueymard Wayenburg,Sascha Gueymard Wayenburg,433,102,https://www.atptour.com/en/rankings/singles?dateWeek=2023-02-06&rankRange=0-5000,2026-03-22T00:50:26Z
atp,2023-02-06,C0BH,Clement Chidekh,Clement Chidekh,434,101,https://www.atptour.com/en/rankings/singles?dateWeek=2023-02-06&rankRange=0-5000,2026-03-22T00:50:26Z
atp,2023-02-06,TA46,Bernard Tomic,Bernard Tomic,435,101,https://www.atptour.com/en/rankings/singles?dateWeek=2023-02-06&rankRange=0-5000,2026-03-22T00:50:26Z
atp,2023-02-06,R09V,Eduardo Ribeiro,Eduardo Ribeiro,436,101,https://www.atptour.com/en/rankings/singles?dateWeek=2023-02-06&rankRange=0-5000,2026-03-22T00:50:26Z
atp,2023-02-06,MB53,Adrian Menendez-Maceiras,Adrian Menendez Maceiras,437,100,https://www.atptour.com/en/rankings/singles?dateWeek=2023-02-06&rankRange=0-5000,2026-03-22T00:50:26Z
atp,2023-02-06,DB93,Matias Franco Descotte,Matias Franco Descotte,438,100,https://www.atptour.com/en/rankings/singles?dateWeek=2023-02-06&rankRange=0-5000,2026-03-22T00:50:26Z
atp,2023-02-06,KG27,Strong Kirchheimer,Strong Kirchheimer,439,100,https://www.atptour.com/en/rankings/singles?dateWeek=2023-02-06&rankRange=0-5000,2026-03-22T00:50:26Z
atp,2023-02-06,A0G7,Valerio Aboian,Valerio Aboian,440,100,https://www.atptour.com/en/rankings/singles?dateWeek=2023-02-06&rankRange=0-5000,2026-03-22T00:50:26Z
atp,2023-02-06,K0EE,Omni Kumar,Omni Kumar,441,100,https://www.atptour.com/en/rankings/singles?dateWeek=2023-02-06&rankRange=0-5000,2026-03-22T00:50:26Z
atp,2023-02-06,B0JJ,Robin Bertrand,Robin Bertrand,442,100,https://www.atptour.com/en/rankings/singles?dateWeek=2023-02-06&rankRange=0-5000,2026-03-22T00:50:26Z
atp,2023-02-06,J267,Malek Jaziri,Malek Jaziri,443,99,https://www.atptour.com/en/rankings/singles?dateWeek=2023-02-06&rankRange=0-5000,2026-03-22T00:50:26Z
atp,2023-02-06,PL64,Oleg Prihodko,Oleg Prihodko,444,99,https://www.atptour.com/en/rankings/singles?dateWeek=2023-02-06&rankRange=0-5000,2026-03-22T00:50:26Z
atp,2023-02-06,GC17,Oscar Jose Gutierrez,Oscar Jose Gutierrez,445,97,https://www.atptour.com/en/rankings/singles?dateWeek=2023-02-06&rankRange=0-5000,2026-03-22T00:50:26Z
atp,2023-02-06,F09J,Karl Friberg,Karl Friberg,446,97,https://www.atptour.com/en/rankings/singles?dateWeek=2023-02-06&rankRange=0-5000,2026-03-22T00:50:26Z
atp,2023-02-06,D0DT,Martin Damm,Martin Damm,447,95,https://www.atptour.com/en/rankings/singles?dateWeek=2023-02-06&rankRange=0-5000,2026-03-22T00:50:26Z
atp,2023-02-06,G0AV,Carlos Gimeno Valero,Carlos Gimeno Valero,448,94,https://www.atptour.com/en/rankings/singles?dateWeek=2023-02-06&rankRange=0-5000,2026-03-22T00:50:26Z
atp,2023-02-06,PC09,Jose Pereira,Jose Pereira,449,94,https://www.atptour.com/en/rankings/singles?dateWeek=2023-02-06&rankRange=0-5000,2026-03-22T00:50:26Z
atp,2023-02-06,BT68,Elliot Benchetrit,Elliot Benchetrit,450,94,https://www.atptour.com/en/rankings/singles?dateWeek=2023-02-06&rankRange=0-5000,2026-03-22T00:50:26Z
atp,2023-02-06,J737,Facundo Juarez,Facundo Juarez,451,94,https://www.atptour.com/en/rankings/singles?dateWeek=2023-02-06&rankRange=0-5000,2026-03-22T00:50:26Z
atp,2023-02-06,SR81,Khumoyun Sultanov,Khumoyun Sultanov,452,94,https://www.atptour.com/en/rankings/singles?dateWeek=2023-02-06&rankRange=0-5000,2026-03-22T00:50:26Z
atp,2023-02-06,LA54,Wilson Leite,Wilson Leite,453,94,https://www.atptour.com/en/rankings/singles?dateWeek=2023-02-06&rankRange=0-5000,2026-03-22T00:50:26Z
atp,2023-02-06,CF10,Nick Chappell,Nick Chappell,454,93,https://www.atptour.com/en/rankings/singles?dateWeek=2023-02-06&rankRange=0-5000,2026-03-22T00:50:26Z
atp,2023-02-06,MF35,Andrej Martin,Andrej Martin,455,92,https://www.atptour.com/en/rankings/singles?dateWeek=2023-02-06&rankRange=0-5000,2026-03-22T00:50:26Z
atp,2023-02-06,J0AZ,Kyrian Jacquet,Kyrian Jacquet,456,92,https://www.atptour.com/en/rankings/singles?dateWeek=2023-02-06&rankRange=0-5000,2026-03-22T00:50:26Z
atp,2023-02-06,HF80,Hady Habib,Hady Habib,457,92,https://www.atptour.com/en/rankings/singles?dateWeek=2023-02-06&rankRange=0-5000,2026-03-22T00:50:26Z
atp,2023-02-06,FA50,Thomas Fancutt,Thomas Fancutt,458,92,https://www.atptour.com/en/rankings/singles?dateWeek=2023-02-06&rankRange=0-5000,2026-03-22T00:50:26Z
atp,2023-02-06,SQ79,Colin Sinclair,Colin Sinclair,459,91,https://www.atptour.com/en/rankings/singles?dateWeek=2023-02-06&rankRange=0-5000,2026-03-22T00:50:26Z
atp,2023-02-06,MO55,Lucas Miedler,Lucas Miedler,460,90,https://www.atptour.com/en/rankings/singles?dateWeek=2023-02-06&rankRange=0-5000,2026-03-22T00:50:26Z
atp,2023-02-06,F0A4,Francesco Forti,Francesco Forti,461,90,https://www.atptour.com/en/rankings/singles?dateWeek=2023-02-06&rankRange=0-5000,2026-03-22T00:50:26Z
atp,2023-02-06,G0EU,Felix Gill,Felix Gill,462,90,https://www.atptour.com/en/rankings/singles?dateWeek=2023-02-06&rankRange=0-5000,2026-03-22T00:50:26Z
atp,2023-02-06,R0DC,Ajeet Rai,Ajeet Rai,463,89,https://www.atptour.com/en/rankings/singles?dateWeek=2023-02-06&rankRange=0-5000,2026-03-22T00:50:26Z
atp,2023-02-06,S483,Pedro Sousa,Pedro Sousa,464,88,https://www.atptour.com/en/rankings/singles?dateWeek=2023-02-06&rankRange=0-5000,2026-03-22T00:50:26Z
atp,2023-02-06,P0GQ,Mili Poljicak,Mili Poljicak,465,88,https://www.atptour.com/en/rankings/singles?dateWeek=2023-02-06&rankRange=0-5000,2026-03-22T00:50:26Z
atp,2023-02-06,PG69,Juan Pablo Paz,Juan Pablo Paz,466,88,https://www.atptour.com/en/rankings/singles?dateWeek=2023-02-06&rankRange=0-5000,2026-03-22T00:50:26Z
atp,2023-02-06,M0QI,Alex Michelsen,Alex Michelsen,467,87,https://www.atptour.com/en/rankings/singles?dateWeek=2023-02-06&rankRange=0-5000,2026-03-22T00:50:26Z
atp,2023-02-06,Q02L,Ethan Quinn,Ethan Quinn,468,87,https://www.atptour.com/en/rankings/singles?dateWeek=2023-02-06&rankRange=0-5000,2026-03-22T00:50:26Z
atp,2023-02-06,CC98,Martin Cuevas,Martin Cuevas,469,87,https://www.atptour.com/en/rankings/singles?dateWeek=2023-02-06&rankRange=0-5000,2026-03-22T00:50:26Z
atp,2023-02-06,O674,Yshai Oliel,Yshai Oliel,470,87,https://www.atptour.com/en/rankings/singles?dateWeek=2023-02-06&rankRange=0-5000,2026-03-22T00:50:26Z
atp,2023-02-06,K0CJ,Sandro Kopp,Sandro Kopp,471,87,https://www.atptour.com/en/rankings/singles?dateWeek=2023-02-06&rankRange=0-5000,2026-03-22T00:50:26Z
atp,2023-02-06,K0FY,Martin Krumich,Martin Krumich,472,86,https://www.atptour.com/en/rankings/singles?dateWeek=2023-02-06&rankRange=0-5000,2026-03-22T00:50:26Z
atp,2023-02-06,PG56,Jorge Panta,Jorge Panta,473,86,https://www.atptour.com/en/rankings/singles?dateWeek=2023-02-06&rankRange=0-5000,2026-03-22T00:50:26Z
atp,2023-02-06,MK26,Jules Marie,Jules Marie,474,86,https://www.atptour.com/en/rankings/singles?dateWeek=2023-02-06&rankRange=0-5000,2026-03-22T00:50:26Z
atp,2023-02-06,D0AR,Mateus Alves,Mateus Alves,475,85,https://www.atptour.com/en/rankings/singles?dateWeek=2023-02-06&rankRange=0-5000,2026-03-22T00:50:26Z
atp,2023-02-06,LI10,Christian Langmo,Christian Langmo,476,85,https://www.atptour.com/en/rankings/singles?dateWeek=2023-02-06&rankRange=0-5000,2026-03-22T00:50:26Z
atp,2023-02-06,T0FI,Marko Topo,Marko Topo,477,85,https://www.atptour.com/en/rankings/singles?dateWeek=2023-02-06&rankRange=0-5000,2026-03-22T00:50:26Z
atp,2023-02-06,O482,Gonzalo Oliveira,Gonzalo Oliveira,478,85,https://www.atptour.com/en/rankings/singles?dateWeek=2023-02-06&rankRange=0-5000,2026-03-22T00:50:26Z
atp,2023-02-06,N707,Naoki Nakagawa,Naoki Nakagawa,479,84,https://www.atptour.com/en/rankings/singles?dateWeek=2023-02-06&rankRange=0-5000,2026-03-22T00:50:26Z
atp,2023-02-06,SF89,Rubin Statham,Rubin Statham,480,84,https://www.atptour.com/en/rankings/singles?dateWeek=2023-02-06&rankRange=0-5000,2026-03-22T00:50:26Z
atp,2023-02-06,K0BH,Rimpei Kawakami,Rimpei Kawakami,481,83,https://www.atptour.com/en/rankings/singles?dateWeek=2023-02-06&rankRange=0-5000,2026-03-22T00:50:26Z
atp,2023-02-06,E0AA,Yanki Erel,Yanki Erel,482,83,https://www.atptour.com/en/rankings/singles?dateWeek=2023-02-06&rankRange=0-5000,2026-03-22T00:50:26Z
atp,2023-02-06,PH67,Nathan Ponwith,Nathan Ponwith,483,83,https://www.atptour.com/en/rankings/singles?dateWeek=2023-02-06&rankRange=0-5000,2026-03-22T00:50:26Z
atp,2023-02-06,PL39,Alfredo Perez,Alfredo Perez,484,83,https://www.atptour.com/en/rankings/singles?dateWeek=2023-02-06&rankRange=0-5000,2026-03-22T00:50:26Z
atp,2023-02-06,I330,Shintaro Imai,Shintaro Imai,485,82,https://www.atptour.com/en/rankings/singles?dateWeek=2023-02-06&rankRange=0-5000,2026-03-22T00:50:26Z
atp,2023-02-06,PH77,David Poljak,David Poljak,486,82,https://www.atptour.com/en/rankings/singles?dateWeek=2023-02-06&rankRange=0-5000,2026-03-22T00:50:26Z
atp,2023-02-06,AG57,Leonardo Aboian,Leonardo Aboian,487,80,https://www.atptour.com/en/rankings/singles?dateWeek=2023-02-06&rankRange=0-5000,2026-03-22T00:50:26Z
atp,2023-02-06,N652,JiSung Nam,Jisung Nam,488,79,https://www.atptour.com/en/rankings/singles?dateWeek=2023-02-06&rankRange=0-5000,2026-03-22T00:50:26Z
atp,2023-02-06,A0BA,Federico Arnaboldi,Federico Arnaboldi,489,79,https://www.atptour.com/en/rankings/singles?dateWeek=2023-02-06&rankRange=0-5000,2026-03-22T00:50:26Z
atp,2023-02-06,S0R5,Ilya Snitari,Ilya Snitari,490,79,https://www.atptour.com/en/rankings/singles?dateWeek=2023-02-06&rankRange=0-5000,2026-03-22T00:50:26Z
atp,2023-02-06,H09N,August Holmgren,August Holmgren,491,78,https://www.atptour.com/en/rankings/singles?dateWeek=2023-02-06&rankRange=0-5000,2026-03-22T00:50:26Z
atp,2023-02-06,GJ05,Alexis Gautier,Alexis Gautier,492,78,https://www.atptour.com/en/rankings/singles?dateWeek=2023-02-06&rankRange=0-5000,2026-03-22T00:50:26Z
atp,2023-02-06,S0GV,Robert Strombachs,Robert Strombachs,493,78,https://www.atptour.com/en/rankings/singles?dateWeek=2023-02-06&rankRange=0-5000,2026-03-22T00:50:26Z
atp,2023-02-06,Z366,Matias Zukas,Matias Zukas,494,77,https://www.atptour.com/en/rankings/singles?dateWeek=2023-02-06&rankRange=0-5000,2026-03-22T00:50:26Z
atp,2023-02-06,H0C9,Arklon Huertas Del Pino Cordova,Arklon Huertas Del Pino Cordova,495,76,https://www.atptour.com/en/rankings/singles?dateWeek=2023-02-06&rankRange=0-5000,2026-03-22T00:50:26Z
atp,2023-02-06,I165,Denis Istomin,Denis Istomin,496,75,https://www.atptour.com/en/rankings/singles?dateWeek=2023-02-06&rankRange=0-5000,2026-03-22T00:50:26Z
atp,2023-02-06,KB54,Andrey Kuznetsov,Andrey Kuznetsov,497,74,https://www.atptour.com/en/rankings/singles?dateWeek=2023-02-06&rankRange=0-5000,2026-03-22T00:50:26Z
atp,2023-02-06,C0HB,Eliakim Coulibaly,Eliakim Coulibaly,498,74,https://www.atptour.com/en/rankings/singles?dateWeek=2023-02-06&rankRange=0-5000,2026-03-22T00:50:26Z
atp,2023-02-06,W0A4,Arthur Weber,Arthur Weber,499,73,https://www.atptour.com/en/rankings/singles?dateWeek=2023-02-06&rankRange=0-5000,2026-03-22T00:50:26Z
atp,2023-02-06,R0A5,Sam Riffice,Sam Riffice,500,72,https://www.atptour.com/en/rankings/singles?dateWeek=2023-02-06&rankRange=0-5000,2026-03-22T00:50:26Z
atp,2023-02-06,K776,Konstantin Kravchuk,Konstantin Kravchuk,501,72,https://www.atptour.com/en/rankings/singles?dateWeek=2023-02-06&rankRange=0-5000,2026-03-22T00:50:26Z
atp,2023-02-06,W0AH,Harry Wendelken,Harry Wendelken,502,72,https://www.atptour.com/en/rankings/singles?dateWeek=2023-02-06&rankRange=0-5000,2026-03-22T00:50:26Z
atp,2023-02-06,PI95,David Pichler,David Pichler,503,72,https://www.atptour.com/en/rankings/singles?dateWeek=2023-02-06&rankRange=0-5000,2026-03-22T00:50:26Z
atp,2023-02-06,I0AP,Kalin Ivanovski,Kalin Ivanovski,504,72,https://www.atptour.com/en/rankings/singles?dateWeek=2023-02-06&rankRange=0-5000,2026-03-22T00:50:26Z
atp,2023-02-06,C0JX,Sean Cuenin,Sean Cuenin,505,71,https://www.atptour.com/en/rankings/singles?dateWeek=2023-02-06&rankRange=0-5000,2026-03-22T00:50:26Z
atp,2023-02-06,H0DC,Giles Hussey,Giles Hussey,506,71,https://www.atptour.com/en/rankings/singles?dateWeek=2023-02-06&rankRange=0-5000,2026-03-22T00:50:26Z
atp,2023-02-06,CO07,Ezekiel Clark,Ezekiel Clark,507,71,https://www.atptour.com/en/rankings/singles?dateWeek=2023-02-06&rankRange=0-5000,2026-03-22T00:50:26Z
atp,2023-02-06,BP44,Gage Brymer,Gage Brymer,508,71,https://www.atptour.com/en/rankings/singles?dateWeek=2023-02-06&rankRange=0-5000,2026-03-22T00:50:26Z
atp,2023-02-06,N897,Sumit Nagal,Sumit Nagal,509,70,https://www.atptour.com/en/rankings/singles?dateWeek=2023-02-06&rankRange=0-5000,2026-03-22T00:50:26Z
atp,2023-02-06,L0ER,Timo Legout,Timo Legout,510,70,https://www.atptour.com/en/rankings/singles?dateWeek=2023-02-06&rankRange=0-5000,2026-03-22T00:50:26Z
atp,2023-02-06,H0BA,Shinji Hazawa,Shinji Hazawa,511,70,https://www.atptour.com/en/rankings/singles?dateWeek=2023-02-06&rankRange=0-5000,2026-03-22T00:50:26Z
atp,2023-02-06,S0TI,Philip Sekulic,Philip Sekulic,512,69,https://www.atptour.com/en/rankings/singles?dateWeek=2023-02-06&rankRange=0-5000,2026-03-22T00:50:26Z
atp,2023-02-06,CN78,Lucas Catarina,Lucas Catarina,513,69,https://www.atptour.com/en/rankings/singles?dateWeek=2023-02-06&rankRange=0-5000,2026-03-22T00:50:26Z
atp,2023-02-06,V0D4,Eric Vanshelboim,Eric Vanshelboim,514,69,https://www.atptour.com/en/rankings/singles?dateWeek=2023-02-06&rankRange=0-5000,2026-03-22T00:50:26Z
atp,2023-02-06,B0JG,Leo Borg,Leo Borg,515,69,https://www.atptour.com/en/rankings/singles?dateWeek=2023-02-06&rankRange=0-5000,2026-03-22T00:50:26Z
atp,2023-02-06,BC76,Nicolas Barrientos,Nicolas Barrientos,516,68,https://www.atptour.com/en/rankings/singles?dateWeek=2023-02-06&rankRange=0-5000,2026-03-22T00:50:26Z
atp,2023-02-06,L0DM,Alejo Lorenzo Lingua Lavallen,Alejo Lorenzo Lingua Lavallen,517,68,https://www.atptour.com/en/rankings/singles?dateWeek=2023-02-06&rankRange=0-5000,2026-03-22T00:50:26Z
atp,2023-02-06,M0NB,Aidan Mayo,Aidan Mayo,518,68,https://www.atptour.com/en/rankings/singles?dateWeek=2023-02-06&rankRange=0-5000,2026-03-22T00:50:26Z
atp,2023-02-06,DF92,Corentin Denolly,Corentin Denolly,519,68,https://www.atptour.com/en/rankings/singles?dateWeek=2023-02-06&rankRange=0-5000,2026-03-22T00:50:26Z
atp,2023-02-06,S0RF,Marcello Serafini,Marcello Serafini,520,68,https://www.atptour.com/en/rankings/singles?dateWeek=2023-02-06&rankRange=0-5000,2026-03-22T00:50:26Z
atp,2023-02-06,SF41,Aldin Setkic,Aldin Setkic,521,68,https://www.atptour.com/en/rankings/singles?dateWeek=2023-02-06&rankRange=0-5000,2026-03-22T00:50:26Z
atp,2023-02-06,M0NL,Inaki Montes-De La Torre,Inaki Montes De La Torre,522,67,https://www.atptour.com/en/rankings/singles?dateWeek=2023-02-06&rankRange=0-5000,2026-03-22T00:50:26Z
atp,2023-02-06,MO76,Gergely Madarasz,Gergely Madarasz,523,67,https://www.atptour.com/en/rankings/singles?dateWeek=2023-02-06&rankRange=0-5000,2026-03-22T00:50:26Z
atp,2023-02-06,RB86,Sidharth Rawat,Sidharth Rawat,524,67,https://www.atptour.com/en/rankings/singles?dateWeek=2023-02-06&rankRange=0-5000,2026-03-22T00:50:26Z
atp,2023-02-06,LB51,Julian Lenz,Julian Lenz,525,67,https://www.atptour.com/en/rankings/singles?dateWeek=2023-02-06&rankRange=0-5000,2026-03-22T00:50:26Z
atp,2023-02-06,K0A3,Patrick Kypson,Patrick Kypson,526,67,https://www.atptour.com/en/rankings/singles?dateWeek=2023-02-06&rankRange=0-5000,2026-03-22T00:50:26Z
atp,2023-02-06,VA23,Kris Van Wyk,Kris Van Wyk,527,67,https://www.atptour.com/en/rankings/singles?dateWeek=2023-02-06&rankRange=0-5000,2026-03-22T00:50:26Z
atp,2023-02-06,CJ60,Alexandr Cozbinov,Alexandr Cozbinov,528,67,https://www.atptour.com/en/rankings/singles?dateWeek=2023-02-06&rankRange=0-5000,2026-03-22T00:50:26Z
atp,2023-02-06,B0C3,Simon Beaupain,Simon Beaupain,529,67,https://www.atptour.com/en/rankings/singles?dateWeek=2023-02-06&rankRange=0-5000,2026-03-22T00:50:26Z
atp,2023-02-06,MV75,Ignacio Monzon,Ignacio Monzon,530,67,https://www.atptour.com/en/rankings/singles?dateWeek=2023-02-06&rankRange=0-5000,2026-03-22T00:50:26Z
atp,2023-02-06,P0B2,Luca Potenza,Luca Potenza,531,66,https://www.atptour.com/en/rankings/singles?dateWeek=2023-02-06&rankRange=0-5000,2026-03-22T00:50:26Z
atp,2023-02-06,M0N7,Daniel Merida,Daniel Merida,532,66,https://www.atptour.com/en/rankings/singles?dateWeek=2023-02-06&rankRange=0-5000,2026-03-22T00:50:26Z
atp,2023-02-06,G0EQ,Sebastian Gima,Sebastian Gima,533,66,https://www.atptour.com/en/rankings/singles?dateWeek=2023-02-06&rankRange=0-5000,2026-03-22T00:50:26Z
atp,2023-02-06,CD00,Maxime Chazal,Maxime Chazal,534,66,https://www.atptour.com/en/rankings/singles?dateWeek=2023-02-06&rankRange=0-5000,2026-03-22T00:50:26Z
atp,2023-02-06,C0HT,Murphy Cassone,Murphy Cassone,535,65,https://www.atptour.com/en/rankings/singles?dateWeek=2023-02-06&rankRange=0-5000,2026-03-22T00:50:26Z
atp,2023-02-06,LF26,Orlando Luz,Orlando Luz,536,65,https://www.atptour.com/en/rankings/singles?dateWeek=2023-02-06&rankRange=0-5000,2026-03-22T00:50:26Z
atp,2023-02-06,SL92,Shuichi Sekiguchi,Shuichi Sekiguchi,537,65,https://www.atptour.com/en/rankings/singles?dateWeek=2023-02-06&rankRange=0-5000,2026-03-22T00:50:26Z
atp,2023-02-06,N679,Stefano Napolitano,Stefano Napolitano,538,65,https://www.atptour.com/en/rankings/singles?dateWeek=2023-02-06&rankRange=0-5000,2026-03-22T00:50:26Z
atp,2023-02-06,O664,Makoto Ochi,Makoto Ochi,539,65,https://www.atptour.com/en/rankings/singles?dateWeek=2023-02-06&rankRange=0-5000,2026-03-22T00:50:26Z
atp,2023-02-06,BU53,Constantin Bittoun Kouzmine,Constantin Bittoun Kouzmine,540,65,https://www.atptour.com/en/rankings/singles?dateWeek=2023-02-06&rankRange=0-5000,2026-03-22T00:50:26Z
atp,2023-02-06,BH02,Sekou Bangoura,Sekou Bangoura,541,64,https://www.atptour.com/en/rankings/singles?dateWeek=2023-02-06&rankRange=0-5000,2026-03-22T00:50:26Z
atp,2023-02-06,A0B6,Jaimee Floyd Angele,Jaimee Floyd Angele,542,64,https://www.atptour.com/en/rankings/singles?dateWeek=2023-02-06&rankRange=0-5000,2026-03-22T00:50:26Z
atp,2023-02-06,P0CY,Stefan Palosi,Stefan Palosi,543,64,https://www.atptour.com/en/rankings/singles?dateWeek=2023-02-06&rankRange=0-5000,2026-03-22T00:50:26Z
atp,2023-02-06,S0TM,Toby Samuel,Toby Samuel,544,63,https://www.atptour.com/en/rankings/singles?dateWeek=2023-02-06&rankRange=0-5000,2026-03-22T00:50:26Z
atp,2023-02-06,S0BT,Adria Soriano Barrera,Adria Soriano Barrera,545,63,https://www.atptour.com/en/rankings/singles?dateWeek=2023-02-06&rankRange=0-5000,2026-03-22T00:50:26Z
atp,2023-02-06,L0AT,Imanol Lopez Morillo,Imanol Lopez Morillo,546,63,https://www.atptour.com/en/rankings/singles?dateWeek=2023-02-06&rankRange=0-5000,2026-03-22T00:50:26Z
atp,2023-02-06,E831,Kyle Edmund,Kyle Edmund,547,62,https://www.atptour.com/en/rankings/singles?dateWeek=2023-02-06&rankRange=0-5000,2026-03-22T00:50:26Z
atp,2023-02-06,S0EK,Matias Soto,Matias Soto,548,62,https://www.atptour.com/en/rankings/singles?dateWeek=2023-02-06&rankRange=0-5000,2026-03-22T00:50:26Z
atp,2023-02-06,M0B2,Yuki Mochizuki,Yuki Mochizuki,549,62,https://www.atptour.com/en/rankings/singles?dateWeek=2023-02-06&rankRange=0-5000,2026-03-22T00:50:26Z
atp,2023-02-06,LC11,Tristan Lamasine,Tristan Lamasine,550,62,https://www.atptour.com/en/rankings/singles?dateWeek=2023-02-06&rankRange=0-5000,2026-03-22T00:50:26Z
atp,2023-02-06,W716,Mark Whitehouse,Mark Whitehouse,551,62,https://www.atptour.com/en/rankings/singles?dateWeek=2023-02-06&rankRange=0-5000,2026-03-22T00:50:26Z
atp,2023-02-06,K435,Philipp Kohlschreiber,Philipp Kohlschreiber,552,61,https://www.atptour.com/en/rankings/singles?dateWeek=2023-02-06&rankRange=0-5000,2026-03-22T00:50:26Z
atp,2023-02-06,B0GR,Gonzalo Bueno,Gonzalo Bueno,553,61,https://www.atptour.com/en/rankings/singles?dateWeek=2023-02-06&rankRange=0-5000,2026-03-22T00:50:26Z
atp,2023-02-06,B0GY,Alex Barrena,Alex Barrena,554,61,https://www.atptour.com/en/rankings/singles?dateWeek=2023-02-06&rankRange=0-5000,2026-03-22T00:50:26Z
atp,2023-02-06,K0DB,Cannon Kingsley,Cannon Kingsley,555,60,https://www.atptour.com/en/rankings/singles?dateWeek=2023-02-06&rankRange=0-5000,2026-03-22T00:50:26Z
atp,2023-02-06,P0I6,Gabriele Piraino,Gabriele Piraino,556,60,https://www.atptour.com/en/rankings/singles?dateWeek=2023-02-06&rankRange=0-5000,2026-03-22T00:50:26Z
atp,2023-02-06,V846,Jose Fco. Vidal Azorin,Jose Fco. Vidal Azorin,557,60,https://www.atptour.com/en/rankings/singles?dateWeek=2023-02-06&rankRange=0-5000,2026-03-22T00:50:26Z
atp,2023-02-06,P0EA,Saba Purtseladze,Saba Purtseladze,558,60,https://www.atptour.com/en/rankings/singles?dateWeek=2023-02-06&rankRange=0-5000,2026-03-22T00:50:26Z
atp,2023-02-06,P0HT,Jack Pinnington Jones,Jack Pinnington Jones,559,59,https://www.atptour.com/en/rankings/singles?dateWeek=2023-02-06&rankRange=0-5000,2026-03-22T00:50:26Z
atp,2023-02-06,CH19,Daniele Capecchi,Daniele Capecchi,560,59,https://www.atptour.com/en/rankings/singles?dateWeek=2023-02-06&rankRange=0-5000,2026-03-22T00:50:26Z
atp,2023-02-06,AB71,JC Aragone,Jc Aragone,561,58,https://www.atptour.com/en/rankings/singles?dateWeek=2023-02-06&rankRange=0-5000,2026-03-22T00:50:26Z
atp,2023-02-06,K0BJ,Georgii Kravchenko,Georgii Kravchenko,562,58,https://www.atptour.com/en/rankings/singles?dateWeek=2023-02-06&rankRange=0-5000,2026-03-22T00:50:26Z
atp,2023-02-06,P0D0,Jakub Paul,Jakub Paul,563,58,https://www.atptour.com/en/rankings/singles?dateWeek=2023-02-06&rankRange=0-5000,2026-03-22T00:50:26Z
atp,2023-02-06,M0ON,Johannus Monday,Johannus Monday,564,57,https://www.atptour.com/en/rankings/singles?dateWeek=2023-02-06&rankRange=0-5000,2026-03-22T00:50:26Z
atp,2023-02-06,B0F8,Justin Boulais,Justin Boulais,565,57,https://www.atptour.com/en/rankings/singles?dateWeek=2023-02-06&rankRange=0-5000,2026-03-22T00:50:26Z
atp,2023-02-06,H940,Ryan Harrison,Ryan Harrison,566,57,https://www.atptour.com/en/rankings/singles?dateWeek=2023-02-06&rankRange=0-5000,2026-03-22T00:50:26Z
atp,2023-02-06,VA15,Duarte Vale,Duarte Vale,567,57,https://www.atptour.com/en/rankings/singles?dateWeek=2023-02-06&rankRange=0-5000,2026-03-22T00:50:26Z
atp,2023-02-06,H0B5,Tsung-Hao Huang,Tsung Hao Huang,568,57,https://www.atptour.com/en/rankings/singles?dateWeek=2023-02-06&rankRange=0-5000,2026-03-22T00:50:26Z
atp,2023-02-06,SY71,Digvijaypratap Singh,Digvijaypratap Singh,569,57,https://www.atptour.com/en/rankings/singles?dateWeek=2023-02-06&rankRange=0-5000,2026-03-22T00:50:26Z
atp,2023-02-06,D0D2,Alec Deckers,Alec Deckers,570,56,https://www.atptour.com/en/rankings/singles?dateWeek=2023-02-06&rankRange=0-5000,2026-03-22T00:50:26Z
atp,2023-02-06,AG08,Andres Andrade,Andres Andrade,571,56,https://www.atptour.com/en/rankings/singles?dateWeek=2023-02-06&rankRange=0-5000,2026-03-22T00:50:26Z
atp,2023-02-06,TG30,Rigele Te,Rigele Te,572,56,https://www.atptour.com/en/rankings/singles?dateWeek=2023-02-06&rankRange=0-5000,2026-03-22T00:50:26Z
atp,2023-02-06,A0G8,Amr Elsayed,Amr Elsayed,573,56,https://www.atptour.com/en/rankings/singles?dateWeek=2023-02-06&rankRange=0-5000,2026-03-22T00:50:26Z
atp,2023-02-06,A0EA,Max Alcala Gurri,Max Alcala Gurri,574,56,https://www.atptour.com/en/rankings/singles?dateWeek=2023-02-06&rankRange=0-5000,2026-03-22T00:50:26Z
atp,2023-02-06,M09E,Tao Mu,Tao Mu,575,56,https://www.atptour.com/en/rankings/singles?dateWeek=2023-02-06&rankRange=0-5000,2026-03-22T00:50:26Z
atp,2023-02-06,D0HD,Gabriel Debru,Gabriel Debru,576,55,https://www.atptour.com/en/rankings/singles?dateWeek=2023-02-06&rankRange=0-5000,2026-03-22T00:50:26Z
atp,2023-02-06,MW39,Mirko Martinez,Mirko Martinez,577,55,https://www.atptour.com/en/rankings/singles?dateWeek=2023-02-06&rankRange=0-5000,2026-03-22T00:50:26Z
atp,2023-02-06,J476,David Jorda Sanchis,David Jorda Sanchis,578,54,https://www.atptour.com/en/rankings/singles?dateWeek=2023-02-06&rankRange=0-5000,2026-03-22T00:50:26Z
atp,2023-02-06,D0A2,Matthew Dellavedova,Matthew Dellavedova,579,54,https://www.atptour.com/en/rankings/singles?dateWeek=2023-02-06&rankRange=0-5000,2026-03-22T00:50:26Z
atp,2023-02-06,M0NP,Andres Martin,Andres Martin,580,53,https://www.atptour.com/en/rankings/singles?dateWeek=2023-02-06&rankRange=0-5000,2026-03-22T00:50:26Z
atp,2023-02-06,P0ED,Kiranpal Pannu,Kiranpal Pannu,581,53,https://www.atptour.com/en/rankings/singles?dateWeek=2023-02-06&rankRange=0-5000,2026-03-22T00:50:26Z
atp,2023-02-06,HA33,Peter Heller,Peter Heller,582,53,https://www.atptour.com/en/rankings/singles?dateWeek=2023-02-06&rankRange=0-5000,2026-03-22T00:50:26Z
atp,2023-02-06,PM13,Michail Pervolarakis,Michail Pervolarakis,583,53,https://www.atptour.com/en/rankings/singles?dateWeek=2023-02-06&rankRange=0-5000,2026-03-22T00:50:26Z
atp,2023-02-06,P0G6,Henry Patten,Henry Patten,584,52,https://www.atptour.com/en/rankings/singles?dateWeek=2023-02-06&rankRange=0-5000,2026-03-22T00:50:26Z
atp,2023-02-06,D0DP,Liam Draxl,Liam Draxl,585,52,https://www.atptour.com/en/rankings/singles?dateWeek=2023-02-06&rankRange=0-5000,2026-03-22T00:50:26Z
atp,2023-02-06,HG90,Conner Huertas del Pino,Conner Huertas Del Pino,586,52,https://www.atptour.com/en/rankings/singles?dateWeek=2023-02-06&rankRange=0-5000,2026-03-22T00:50:26Z
atp,2023-02-06,PL38,Sebastian Prechtel,Sebastian Prechtel,587,52,https://www.atptour.com/en/rankings/singles?dateWeek=2023-02-06&rankRange=0-5000,2026-03-22T00:50:26Z
atp,2023-02-06,MJ01,Roberto Marcora,Roberto Marcora,588,51,https://www.atptour.com/en/rankings/singles?dateWeek=2023-02-06&rankRange=0-5000,2026-03-22T00:50:26Z
atp,2023-02-06,BI81,Alex Bolt,Alex Bolt,589,51,https://www.atptour.com/en/rankings/singles?dateWeek=2023-02-06&rankRange=0-5000,2026-03-22T00:50:26Z
atp,2023-02-06,CF88,Roberto Cid Subervi,Roberto Cid Subervi,590,51,https://www.atptour.com/en/rankings/singles?dateWeek=2023-02-06&rankRange=0-5000,2026-03-22T00:50:26Z
atp,2023-02-06,M0EG,Tristan McCormick,Tristan Mccormick,591,51,https://www.atptour.com/en/rankings/singles?dateWeek=2023-02-06&rankRange=0-5000,2026-03-22T00:50:26Z
atp,2023-02-06,Y124,Donald Young,Donald Young,592,51,https://www.atptour.com/en/rankings/singles?dateWeek=2023-02-06&rankRange=0-5000,2026-03-22T00:50:26Z
atp,2023-02-06,F0F2,Jaime Faria,Jaime Faria,593,51,https://www.atptour.com/en/rankings/singles?dateWeek=2023-02-06&rankRange=0-5000,2026-03-22T00:50:26Z
atp,2023-02-06,SX90,Fajing Sun,Fajing Sun,594,51,https://www.atptour.com/en/rankings/singles?dateWeek=2023-02-06&rankRange=0-5000,2026-03-22T00:50:26Z
atp,2023-02-06,KJ00,Alex Knaff,Alex Knaff,595,51,https://www.atptour.com/en/rankings/singles?dateWeek=2023-02-06&rankRange=0-5000,2026-03-22T00:50:26Z
atp,2023-02-06,SM09,Luke Saville,Luke Saville,596,50,https://www.atptour.com/en/rankings/singles?dateWeek=2023-02-06&rankRange=0-5000,2026-03-22T00:50:26Z
atp,2023-02-06,M0BN,Marvin Moeller,Marvin Moeller,597,50,https://www.atptour.com/en/rankings/singles?dateWeek=2023-02-06&rankRange=0-5000,2026-03-22T00:50:26Z
atp,2023-02-06,T0BW,James Trotter,James Trotter,598,50,https://www.atptour.com/en/rankings/singles?dateWeek=2023-02-06&rankRange=0-5000,2026-03-22T00:50:26Z
atp,2023-02-06,F0BV,Tomas Farjat,Tomas Farjat,599,50,https://www.atptour.com/en/rankings/singles?dateWeek=2023-02-06&rankRange=0-5000,2026-03-22T00:50:26Z
atp,2023-02-06,RH50,Arthur Reymond,Arthur Reymond,600,50,https://www.atptour.com/en/rankings/singles?dateWeek=2023-02-06&rankRange=0-5000,2026-03-22T00:50:26Z
atp,2023-02-06,KD43,Arjun Kadhe,Arjun Kadhe,601,49,https://www.atptour.com/en/rankings/singles?dateWeek=2023-02-06&rankRange=0-5000,2026-03-22T00:50:26Z
atp,2023-02-06,KI74,Nicola Kuhn,Nicola Kuhn,602,49,https://www.atptour.com/en/rankings/singles?dateWeek=2023-02-06&rankRange=0-5000,2026-03-22T00:50:26Z
atp,2023-02-06,P0AV,Uisung Park,Uisung Park,603,49,https://www.atptour.com/en/rankings/singles?dateWeek=2023-02-06&rankRange=0-5000,2026-03-22T00:50:26Z
atp,2023-02-06,M0FA,Anton Matusevich,Anton Matusevich,604,49,https://www.atptour.com/en/rankings/singles?dateWeek=2023-02-06&rankRange=0-5000,2026-03-22T00:50:26Z
atp,2023-02-06,T0CU,Fausto Tabacco,Fausto Tabacco,605,49,https://www.atptour.com/en/rankings/singles?dateWeek=2023-02-06&rankRange=0-5000,2026-03-22T00:50:26Z
atp,2023-02-06,TG46,Ryota Tanuma,Ryota Tanuma,606,48,https://www.atptour.com/en/rankings/singles?dateWeek=2023-02-06&rankRange=0-5000,2026-03-22T00:50:26Z
atp,2023-02-06,S0HR,Kasidit Samrej,Kasidit Samrej,607,48,https://www.atptour.com/en/rankings/singles?dateWeek=2023-02-06&rankRange=0-5000,2026-03-22T00:50:26Z
atp,2023-02-06,D0CN,Miguel Damas,Miguel Damas,608,48,https://www.atptour.com/en/rankings/singles?dateWeek=2023-02-06&rankRange=0-5000,2026-03-22T00:50:26Z
atp,2023-02-06,B0I0,Alexander Bernard,Alexander Bernard,609,48,https://www.atptour.com/en/rankings/singles?dateWeek=2023-02-06&rankRange=0-5000,2026-03-22T00:50:26Z
atp,2023-02-06,MN23,Aleksandre Metreveli,Aleksandre Metreveli,610,48,https://www.atptour.com/en/rankings/singles?dateWeek=2023-02-06&rankRange=0-5000,2026-03-22T00:50:26Z
atp,2023-02-06,W712,Kai Wehnelt,Kai Wehnelt,611,48,https://www.atptour.com/en/rankings/singles?dateWeek=2023-02-06&rankRange=0-5000,2026-03-22T00:50:26Z
atp,2023-02-06,S0KT,Stefanos Sakellaridis,Stefanos Sakellaridis,612,48,https://www.atptour.com/en/rankings/singles?dateWeek=2023-02-06&rankRange=0-5000,2026-03-22T00:50:26Z
atp,2023-02-06,K0CZ,Gilbert Klier Junior,Gilbert Klier Junior,613,47,https://www.atptour.com/en/rankings/singles?dateWeek=2023-02-06&rankRange=0-5000,2026-03-22T00:50:26Z
atp,2023-02-06,E830,Eduard Esteve Lobato,Eduard Esteve Lobato,614,47,https://www.atptour.com/en/rankings/singles?dateWeek=2023-02-06&rankRange=0-5000,2026-03-22T00:50:26Z
atp,2023-02-06,MM78,Jonathan Mridha,Jonathan Mridha,615,47,https://www.atptour.com/en/rankings/singles?dateWeek=2023-02-06&rankRange=0-5000,2026-03-22T00:50:26Z
atp,2023-02-06,BP79,Peter Bertran,Peter Bertran,616,47,https://www.atptour.com/en/rankings/singles?dateWeek=2023-02-06&rankRange=0-5000,2026-03-22T00:50:26Z
atp,2023-02-06,DH46,Alexander Donski,Alexander Donski,617,47,https://www.atptour.com/en/rankings/singles?dateWeek=2023-02-06&rankRange=0-5000,2026-03-22T00:50:26Z
atp,2023-02-06,MO54,Jorge Martinez Martinez,Jorge Martinez Martinez,618,47,https://www.atptour.com/en/rankings/singles?dateWeek=2023-02-06&rankRange=0-5000,2026-03-22T00:50:26Z
atp,2023-02-06,KD70,Pedja Krstin,Pedja Krstin,619,47,https://www.atptour.com/en/rankings/singles?dateWeek=2023-02-06&rankRange=0-5000,2026-03-22T00:50:26Z
atp,2023-02-06,M0BO,Colin Markes,Colin Markes,620,47,https://www.atptour.com/en/rankings/singles?dateWeek=2023-02-06&rankRange=0-5000,2026-03-22T00:50:26Z
atp,2023-02-06,P0B6,Savva Polukhin,Savva Polukhin,621,46,https://www.atptour.com/en/rankings/singles?dateWeek=2023-02-06&rankRange=0-5000,2026-03-22T00:50:26Z
atp,2023-02-06,F09U,Matyas Fuele,Matyas Fuele,622,46,https://www.atptour.com/en/rankings/singles?dateWeek=2023-02-06&rankRange=0-5000,2026-03-22T00:50:26Z
atp,2023-02-06,C09T,Rrezart Cungu,Rrezart Cungu,623,46,https://www.atptour.com/en/rankings/singles?dateWeek=2023-02-06&rankRange=0-5000,2026-03-22T00:50:26Z
atp,2023-02-06,B0LL,Viacheslav Bielinskyi,Viacheslav Bielinskyi,624,46,https://www.atptour.com/en/rankings/singles?dateWeek=2023-02-06&rankRange=0-5000,2026-03-22T00:50:26Z
atp,2023-02-06,T0FK,Giorgio Tabacco,Giorgio Tabacco,625,46,https://www.atptour.com/en/rankings/singles?dateWeek=2023-02-06&rankRange=0-5000,2026-03-22T00:50:26Z
atp,2023-02-06,F0DP,Peter Fajta,Peter Fajta,626,46,https://www.atptour.com/en/rankings/singles?dateWeek=2023-02-06&rankRange=0-5000,2026-03-22T00:50:26Z
atp,2023-02-06,I09N,Federico Iannaccone,Federico Iannaccone,627,46,https://www.atptour.com/en/rankings/singles?dateWeek=2023-02-06&rankRange=0-5000,2026-03-22T00:50:26Z
atp,2023-02-06,T0AF,Fermin Tenti,Fermin Tenti,628,46,https://www.atptour.com/en/rankings/singles?dateWeek=2023-02-06&rankRange=0-5000,2026-03-22T00:50:26Z
atp,2023-02-06,CA12,Jeremy Chardy,Jeremy Chardy,629,45,https://www.atptour.com/en/rankings/singles?dateWeek=2023-02-06&rankRange=0-5000,2026-03-22T00:50:26Z
atp,2023-02-06,N974,Petr Nouza,Petr Nouza,630,45,https://www.atptour.com/en/rankings/singles?dateWeek=2023-02-06&rankRange=0-5000,2026-03-22T00:50:26Z
atp,2023-02-06,EA27,Blake Ellis,Blake Ellis,631,45,https://www.atptour.com/en/rankings/singles?dateWeek=2023-02-06&rankRange=0-5000,2026-03-22T00:50:26Z
atp,2023-02-06,HB67,Christopher Heyman,Christopher Heyman,632,45,https://www.atptour.com/en/rankings/singles?dateWeek=2023-02-06&rankRange=0-5000,2026-03-22T00:50:26Z
atp,2023-02-06,C0I4,Tibo Colson,Tibo Colson,633,45,https://www.atptour.com/en/rankings/singles?dateWeek=2023-02-06&rankRange=0-5000,2026-03-22T00:50:26Z
atp,2023-02-06,J397,Jerzy Janowicz,Jerzy Janowicz,634,44,https://www.atptour.com/en/rankings/singles?dateWeek=2023-02-06&rankRange=0-5000,2026-03-22T00:50:26Z
atp,2023-02-06,TG52,Luca Tomasetto,Luca Tomasetto,635,44,https://www.atptour.com/en/rankings/singles?dateWeek=2023-02-06&rankRange=0-5000,2026-03-22T00:50:26Z
atp,2023-02-06,B0IF,Blu Baker,Blu Baker,636,44,https://www.atptour.com/en/rankings/singles?dateWeek=2023-02-06&rankRange=0-5000,2026-03-22T00:50:26Z
atp,2023-02-06,K0HN,Bruno Kuzuhara,Bruno Kuzuhara,637,44,https://www.atptour.com/en/rankings/singles?dateWeek=2023-02-06&rankRange=0-5000,2026-03-22T00:50:26Z
atp,2023-02-06,D0H9,Guy Den Ouden,Guy Den Ouden,638,43,https://www.atptour.com/en/rankings/singles?dateWeek=2023-02-06&rankRange=0-5000,2026-03-22T00:50:26Z
atp,2023-02-06,J400,Jeremy Jahn,Jeremy Jahn,639,43,https://www.atptour.com/en/rankings/singles?dateWeek=2023-02-06&rankRange=0-5000,2026-03-22T00:50:26Z
atp,2023-02-06,A0E6,Bekkhan Atlangeriev,Bekkhan Atlangeriev,640,43,https://www.atptour.com/en/rankings/singles?dateWeek=2023-02-06&rankRange=0-5000,2026-03-22T00:50:26Z
atp,2023-02-06,BV17,Riccardo Balzerani,Riccardo Balzerani,641,43,https://www.atptour.com/en/rankings/singles?dateWeek=2023-02-06&rankRange=0-5000,2026-03-22T00:50:26Z
atp,2023-02-06,LE01,Duckhee Lee,Duckhee Lee,642,43,https://www.atptour.com/en/rankings/singles?dateWeek=2023-02-06&rankRange=0-5000,2026-03-22T00:50:26Z
atp,2023-02-06,BT42,Dominik Boehler,Dominik Boehler,643,43,https://www.atptour.com/en/rankings/singles?dateWeek=2023-02-06&rankRange=0-5000,2026-03-22T00:50:26Z
atp,2023-02-06,Z0BY,Nicolas Zanellato,Nicolas Zanellato,644,43,https://www.atptour.com/en/rankings/singles?dateWeek=2023-02-06&rankRange=0-5000,2026-03-22T00:50:26Z
atp,2023-02-06,P0G5,Stefan Popovic,Stefan Popovic,645,43,https://www.atptour.com/en/rankings/singles?dateWeek=2023-02-06&rankRange=0-5000,2026-03-22T00:50:26Z
atp,2023-02-06,H0EH,Tim Handel,Tim Handel,646,43,https://www.atptour.com/en/rankings/singles?dateWeek=2023-02-06&rankRange=0-5000,2026-03-22T00:50:26Z
atp,2023-02-06,K863,Cheong-Eui Kim,Cheong Eui Kim,647,42,https://www.atptour.com/en/rankings/singles?dateWeek=2023-02-06&rankRange=0-5000,2026-03-22T00:50:26Z
atp,2023-02-06,CN15,Felix Corwin,Felix Corwin,648,42,https://www.atptour.com/en/rankings/singles?dateWeek=2023-02-06&rankRange=0-5000,2026-03-22T00:50:26Z
atp,2023-02-06,H0CD,Alex Hernandez,Alex Hernandez,649,42,https://www.atptour.com/en/rankings/singles?dateWeek=2023-02-06&rankRange=0-5000,2026-03-22T00:50:26Z
atp,2023-02-06,A0ES,Pedro Araujo,Pedro Araujo,650,42,https://www.atptour.com/en/rankings/singles?dateWeek=2023-02-06&rankRange=0-5000,2026-03-22T00:50:26Z
atp,2023-02-06,KI91,Koray Kirci,Koray Kirci,651,42,https://www.atptour.com/en/rankings/singles?dateWeek=2023-02-06&rankRange=0-5000,2026-03-22T00:50:26Z
atp,2023-02-06,L0EE,Daniel Little,Daniel Little,652,42,https://www.atptour.com/en/rankings/singles?dateWeek=2023-02-06&rankRange=0-5000,2026-03-22T00:50:26Z
atp,2023-02-06,KI71,Kirill Kivattsev,Kirill Kivattsev,653,42,https://www.atptour.com/en/rankings/singles?dateWeek=2023-02-06&rankRange=0-5000,2026-03-22T00:50:26Z
atp,2023-02-06,D0D4,Stefan Dostanic,Stefan Dostanic,654,41,https://www.atptour.com/en/rankings/singles?dateWeek=2023-02-06&rankRange=0-5000,2026-03-22T00:50:26Z
atp,2023-02-06,F952,Nicolae Frunza,Nicolae Frunza,655,41,https://www.atptour.com/en/rankings/singles?dateWeek=2023-02-06&rankRange=0-5000,2026-03-22T00:50:26Z
atp,2023-02-06,V0CI,Emilien Voisin,Emilien Voisin,656,41,https://www.atptour.com/en/rankings/singles?dateWeek=2023-02-06&rankRange=0-5000,2026-03-22T00:50:26Z
atp,2023-02-06,SY74,Manish Sureshkumar,Manish Sureshkumar,657,41,https://www.atptour.com/en/rankings/singles?dateWeek=2023-02-06&rankRange=0-5000,2026-03-22T00:50:26Z
atp,2023-02-06,SK47,Mohamed Safwat,Mohamed Safwat,658,41,https://www.atptour.com/en/rankings/singles?dateWeek=2023-02-06&rankRange=0-5000,2026-03-22T00:50:26Z
atp,2023-02-06,S0KI,Sahar Simon,Sahar Simon,659,41,https://www.atptour.com/en/rankings/singles?dateWeek=2023-02-06&rankRange=0-5000,2026-03-22T00:50:26Z
atp,2023-02-06,TG67,Kristjan Tamm,Kristjan Tamm,660,41,https://www.atptour.com/en/rankings/singles?dateWeek=2023-02-06&rankRange=0-5000,2026-03-22T00:50:26Z
atp,2023-02-06,J0B5,Garrett Johns,Garrett Johns,661,40,https://www.atptour.com/en/rankings/singles?dateWeek=2023-02-06&rankRange=0-5000,2026-03-22T00:50:26Z
atp,2023-02-06,K0HB,Szymon Kielan,Szymon Kielan,662,40,https://www.atptour.com/en/rankings/singles?dateWeek=2023-02-06&rankRange=0-5000,2026-03-22T00:50:26Z
atp,2023-02-06,W0AX,Oscar Weightman,Oscar Weightman,663,40,https://www.atptour.com/en/rankings/singles?dateWeek=2023-02-06&rankRange=0-5000,2026-03-22T00:50:26Z
atp,2023-02-06,P0HP,Lukas Pokorny,Lukas Pokorny,664,40,https://www.atptour.com/en/rankings/singles?dateWeek=2023-02-06&rankRange=0-5000,2026-03-22T00:50:26Z
atp,2023-02-06,W09X,Benjamin Winter Lopez,Benjamin Winter Lopez,665,40,https://www.atptour.com/en/rankings/singles?dateWeek=2023-02-06&rankRange=0-5000,2026-03-22T00:50:26Z
atp,2023-02-06,L0FW,Hanwen Li,Hanwen Li,666,40,https://www.atptour.com/en/rankings/singles?dateWeek=2023-02-06&rankRange=0-5000,2026-03-22T00:50:26Z
atp,2023-02-06,N731,Christoph Negritu,Christoph Negritu,667,39,https://www.atptour.com/en/rankings/singles?dateWeek=2023-02-06&rankRange=0-5000,2026-03-22T00:50:26Z
atp,2023-02-06,RE27,Simone Roncalli,Simone Roncalli,668,38,https://www.atptour.com/en/rankings/singles?dateWeek=2023-02-06&rankRange=0-5000,2026-03-22T00:50:26Z
atp,2023-02-06,HB31,Johannes Haerteis,Johannes Haerteis,669,38,https://www.atptour.com/en/rankings/singles?dateWeek=2023-02-06&rankRange=0-5000,2026-03-22T00:50:26Z
atp,2023-02-06,B0ER,Arthur Bouquier,Arthur Bouquier,670,38,https://www.atptour.com/en/rankings/singles?dateWeek=2023-02-06&rankRange=0-5000,2026-03-22T00:50:26Z
atp,2023-02-06,FC39,Quentin Folliot,Quentin Folliot,671,38,https://www.atptour.com/en/rankings/singles?dateWeek=2023-02-06&rankRange=0-5000,2026-03-22T00:50:26Z
atp,2023-02-06,A0I1,Bor Artnak,Bor Artnak,672,37,https://www.atptour.com/en/rankings/singles?dateWeek=2023-02-06&rankRange=0-5000,2026-03-22T00:50:26Z
atp,2023-02-06,L733,Zhe Li,Zhe Li,673,37,https://www.atptour.com/en/rankings/singles?dateWeek=2023-02-06&rankRange=0-5000,2026-03-22T00:50:26Z
atp,2023-02-06,E858,Franco Emanuel Egea,Franco Emanuel Egea,674,37,https://www.atptour.com/en/rankings/singles?dateWeek=2023-02-06&rankRange=0-5000,2026-03-22T00:50:26Z
atp,2023-02-06,SC47,Go Soeda,Go Soeda,675,36,https://www.atptour.com/en/rankings/singles?dateWeek=2023-02-06&rankRange=0-5000,2026-03-22T00:50:26Z
atp,2023-02-06,M0NA,Shunsuke Mitsui,Shunsuke Mitsui,676,36,https://www.atptour.com/en/rankings/singles?dateWeek=2023-02-06&rankRange=0-5000,2026-03-22T00:50:26Z
atp,2023-02-06,HB29,Andrew Harris,Andrew Harris,677,36,https://www.atptour.com/en/rankings/singles?dateWeek=2023-02-06&rankRange=0-5000,2026-03-22T00:50:26Z
atp,2023-02-06,MP94,Adam Moundir,Adam Moundir,678,36,https://www.atptour.com/en/rankings/singles?dateWeek=2023-02-06&rankRange=0-5000,2026-03-22T00:50:26Z
atp,2023-02-06,TF58,Yusuke Takahashi,Yusuke Takahashi,679,36,https://www.atptour.com/en/rankings/singles?dateWeek=2023-02-06&rankRange=0-5000,2026-03-22T00:50:26Z
atp,2023-02-06,C0BB,Tommaso Compagnucci,Tommaso Compagnucci,680,36,https://www.atptour.com/en/rankings/singles?dateWeek=2023-02-06&rankRange=0-5000,2026-03-22T00:50:26Z
atp,2023-02-06,T0AG,Zura Tkemaladze,Zura Tkemaladze,681,36,https://www.atptour.com/en/rankings/singles?dateWeek=2023-02-06&rankRange=0-5000,2026-03-22T00:50:26Z
atp,2023-02-06,P0DR,Andrea Picchione,Andrea Picchione,682,36,https://www.atptour.com/en/rankings/singles?dateWeek=2023-02-06&rankRange=0-5000,2026-03-22T00:50:26Z
atp,2023-02-06,BF55,Yuki Bhambri,Yuki Bhambri,683,35,https://www.atptour.com/en/rankings/singles?dateWeek=2023-02-06&rankRange=0-5000,2026-03-22T00:50:26Z
atp,2023-02-06,I230,Tatsuma Ito,Tatsuma Ito,684,35,https://www.atptour.com/en/rankings/singles?dateWeek=2023-02-06&rankRange=0-5000,2026-03-22T00:50:26Z
atp,2023-02-06,W0BU,Olle Wallin,Olle Wallin,685,35,https://www.atptour.com/en/rankings/singles?dateWeek=2023-02-06&rankRange=0-5000,2026-03-22T00:50:26Z
atp,2023-02-06,BE54,Ruben Bemelmans,Ruben Bemelmans,686,35,https://www.atptour.com/en/rankings/singles?dateWeek=2023-02-06&rankRange=0-5000,2026-03-22T00:50:26Z
atp,2023-02-06,S0LD,Keisuke Saitoh,Keisuke Saitoh,687,35,https://www.atptour.com/en/rankings/singles?dateWeek=2023-02-06&rankRange=0-5000,2026-03-22T00:50:26Z
atp,2023-02-06,B0IY,Alec Beckley,Alec Beckley,688,35,https://www.atptour.com/en/rankings/singles?dateWeek=2023-02-06&rankRange=0-5000,2026-03-22T00:50:26Z
atp,2023-02-06,L0G8,Victor Lilov,Victor Lilov,689,35,https://www.atptour.com/en/rankings/singles?dateWeek=2023-02-06&rankRange=0-5000,2026-03-22T00:50:26Z
atp,2023-02-06,O0AD,Neil Oberleitner,Neil Oberleitner,690,35,https://www.atptour.com/en/rankings/singles?dateWeek=2023-02-06&rankRange=0-5000,2026-03-22T00:50:26Z
atp,2023-02-06,DA67,Matteo Donati,Matteo Donati,691,34,https://www.atptour.com/en/rankings/singles?dateWeek=2023-02-06&rankRange=0-5000,2026-03-22T00:50:26Z
atp,2023-02-06,CF60,Pawel Juszczak,Pawel Juszczak,692,34,https://www.atptour.com/en/rankings/singles?dateWeek=2023-02-06&rankRange=0-5000,2026-03-22T00:50:26Z
atp,2023-02-06,TD47,Evgenii Tiurnev,Evgenii Tiurnev,693,34,https://www.atptour.com/en/rankings/singles?dateWeek=2023-02-06&rankRange=0-5000,2026-03-22T00:50:26Z
atp,2023-02-06,KD14,Duje Kekez,Duje Kekez,694,34,https://www.atptour.com/en/rankings/singles?dateWeek=2023-02-06&rankRange=0-5000,2026-03-22T00:50:26Z
atp,2023-02-06,BP74,Aleksandre Bakshi,Aleksandre Bakshi,695,34,https://www.atptour.com/en/rankings/singles?dateWeek=2023-02-06&rankRange=0-5000,2026-03-22T00:50:26Z
atp,2023-02-06,M0GY,Lilian Marmousez,Lilian Marmousez,696,34,https://www.atptour.com/en/rankings/singles?dateWeek=2023-02-06&rankRange=0-5000,2026-03-22T00:50:26Z
atp,2023-02-06,V0DP,Adolfo Daniel Vallejo,Adolfo Daniel Vallejo,697,34,https://www.atptour.com/en/rankings/singles?dateWeek=2023-02-06&rankRange=0-5000,2026-03-22T00:50:26Z
atp,2023-02-06,B0F0,Jiri Barnat,Jiri Barnat,698,34,https://www.atptour.com/en/rankings/singles?dateWeek=2023-02-06&rankRange=0-5000,2026-03-22T00:50:26Z
atp,2023-02-06,B0ID,Ignacio Buse,Ignacio Buse,699,33,https://www.atptour.com/en/rankings/singles?dateWeek=2023-02-06&rankRange=0-5000,2026-03-22T00:50:26Z
atp,2023-02-06,MT97,Maxime Mora,Maxime Mora,700,33,https://www.atptour.com/en/rankings/singles?dateWeek=2023-02-06&rankRange=0-5000,2026-03-22T00:50:26Z
atp,2023-02-06,GD91,Juan Ignacio Galarza,Juan Ignacio Galarza,701,33,https://www.atptour.com/en/rankings/singles?dateWeek=2023-02-06&rankRange=0-5000,2026-03-22T00:50:26Z
atp,2023-02-06,M0EN,Manuel Mazza,Manuel Mazza,702,33,https://www.atptour.com/en/rankings/singles?dateWeek=2023-02-06&rankRange=0-5000,2026-03-22T00:50:26Z
atp,2023-02-06,I427,Simon Anthony Ivanov,Simon Anthony Ivanov,703,33,https://www.atptour.com/en/rankings/singles?dateWeek=2023-02-06&rankRange=0-5000,2026-03-22T00:50:26Z
atp,2023-02-06,Y223,Fernando Yamacita,Fernando Yamacita,704,33,https://www.atptour.com/en/rankings/singles?dateWeek=2023-02-06&rankRange=0-5000,2026-03-22T00:50:26Z
atp,2023-02-06,E0AU,John Echeverria,John Echeverria,705,33,https://www.atptour.com/en/rankings/singles?dateWeek=2023-02-06&rankRange=0-5000,2026-03-22T00:50:26Z
atp,2023-02-06,B0AM,Lorenzo Bocchi,Lorenzo Bocchi,706,33,https://www.atptour.com/en/rankings/singles?dateWeek=2023-02-06&rankRange=0-5000,2026-03-22T00:50:26Z
atp,2023-02-06,VA27,Mick Veldheer,Mick Veldheer,707,33,https://www.atptour.com/en/rankings/singles?dateWeek=2023-02-06&rankRange=0-5000,2026-03-22T00:50:26Z
atp,2023-02-06,RC96,Noah Rubin,Noah Rubin,708,32,https://www.atptour.com/en/rankings/singles?dateWeek=2023-02-06&rankRange=0-5000,2026-03-22T00:50:26Z
atp,2023-02-06,Z363,Marcelo Zormann,Marcelo Zormann,709,32,https://www.atptour.com/en/rankings/singles?dateWeek=2023-02-06&rankRange=0-5000,2026-03-22T00:50:26Z
atp,2023-02-06,V0BC,Cyril Vandermeersch,Cyril Vandermeersch,710,32,https://www.atptour.com/en/rankings/singles?dateWeek=2023-02-06&rankRange=0-5000,2026-03-22T00:50:26Z
atp,2023-02-06,S0BG,Daisuke Sumizawa,Daisuke Sumizawa,711,32,https://www.atptour.com/en/rankings/singles?dateWeek=2023-02-06&rankRange=0-5000,2026-03-22T00:50:26Z
atp,2023-02-06,M0G0,Ryuki Matsuda,Ryuki Matsuda,712,32,https://www.atptour.com/en/rankings/singles?dateWeek=2023-02-06&rankRange=0-5000,2026-03-22T00:50:26Z
atp,2023-02-06,S0BA,Luigi Sorrentino,Luigi Sorrentino,713,32,https://www.atptour.com/en/rankings/singles?dateWeek=2023-02-06&rankRange=0-5000,2026-03-22T00:50:26Z
atp,2023-02-06,M0CD,Marco Miceli,Marco Miceli,714,32,https://www.atptour.com/en/rankings/singles?dateWeek=2023-02-06&rankRange=0-5000,2026-03-22T00:50:26Z
atp,2023-02-06,KH77,Niki Kaliyanda Poonacha,Niki Kaliyanda Poonacha,715,32,https://www.atptour.com/en/rankings/singles?dateWeek=2023-02-06&rankRange=0-5000,2026-03-22T00:50:26Z
atp,2023-02-06,GF20,Davide Galoppini,Davide Galoppini,716,32,https://www.atptour.com/en/rankings/singles?dateWeek=2023-02-06&rankRange=0-5000,2026-03-22T00:50:26Z
atp,2023-02-06,W0C4,Edward Winter,Edward Winter,717,31,https://www.atptour.com/en/rankings/singles?dateWeek=2023-02-06&rankRange=0-5000,2026-03-22T00:50:26Z
atp,2023-02-06,BC65,Matthias Bachinger,Matthias Bachinger,718,31,https://www.atptour.com/en/rankings/singles?dateWeek=2023-02-06&rankRange=0-5000,2026-03-22T00:50:26Z
atp,2023-02-06,N561,Ivan Nedelko,Ivan Nedelko,719,31,https://www.atptour.com/en/rankings/singles?dateWeek=2023-02-06&rankRange=0-5000,2026-03-22T00:50:26Z
atp,2023-02-06,W749,Enzo Wallart,Enzo Wallart,720,31,https://www.atptour.com/en/rankings/singles?dateWeek=2023-02-06&rankRange=0-5000,2026-03-22T00:50:26Z
atp,2023-02-06,M0K4,Elmer Moller,Elmer Moller,721,31,https://www.atptour.com/en/rankings/singles?dateWeek=2023-02-06&rankRange=0-5000,2026-03-22T00:50:26Z
atp,2023-02-06,R0AR,Daniel Rodrigues,Daniel Rodrigues,722,31,https://www.atptour.com/en/rankings/singles?dateWeek=2023-02-06&rankRange=0-5000,2026-03-22T00:50:26Z
atp,2023-02-06,GJ16,Federico Agustin Gomez,Federico Agustin Gomez,723,31,https://www.atptour.com/en/rankings/singles?dateWeek=2023-02-06&rankRange=0-5000,2026-03-22T00:50:26Z
atp,2023-02-06,P0BE,Sidane Pontjodikromo,Sidane Pontjodikromo,724,31,https://www.atptour.com/en/rankings/singles?dateWeek=2023-02-06&rankRange=0-5000,2026-03-22T00:50:26Z
atp,2023-02-06,K0HO,Orel Kimhi,Orel Kimhi,725,31,https://www.atptour.com/en/rankings/singles?dateWeek=2023-02-06&rankRange=0-5000,2026-03-22T00:50:26Z
atp,2023-02-06,B0BU,Florent Bax,Florent Bax,726,31,https://www.atptour.com/en/rankings/singles?dateWeek=2023-02-06&rankRange=0-5000,2026-03-22T00:50:26Z
atp,2023-02-06,BD80,Attila Balazs,Attila Balazs,727,30,https://www.atptour.com/en/rankings/singles?dateWeek=2023-02-06&rankRange=0-5000,2026-03-22T00:50:26Z
atp,2023-02-06,R0E0,Chris Rodesch,Chris Rodesch,728,30,https://www.atptour.com/en/rankings/singles?dateWeek=2023-02-06&rankRange=0-5000,2026-03-22T00:50:26Z
atp,2023-02-06,B0OU,Hynek Barton,Hynek Barton,729,30,https://www.atptour.com/en/rankings/singles?dateWeek=2023-02-06&rankRange=0-5000,2026-03-22T00:50:26Z
atp,2023-02-06,E928,Alexander Erler,Alexander Erler,730,30,https://www.atptour.com/en/rankings/singles?dateWeek=2023-02-06&rankRange=0-5000,2026-03-22T00:50:26Z
atp,2023-02-06,W0B3,Xiaofei Wang,Xiaofei Wang,731,30,https://www.atptour.com/en/rankings/singles?dateWeek=2023-02-06&rankRange=0-5000,2026-03-22T00:50:26Z
atp,2023-02-06,K0BU,Palaphoom Kovapitukted,Palaphoom Kovapitukted,732,30,https://www.atptour.com/en/rankings/singles?dateWeek=2023-02-06&rankRange=0-5000,2026-03-22T00:50:26Z
atp,2023-02-06,W0BH,Coleman Wong,Coleman Wong,733,30,https://www.atptour.com/en/rankings/singles?dateWeek=2023-02-06&rankRange=0-5000,2026-03-22T00:50:26Z
atp,2023-02-06,DH23,S D Prajwal Dev,S D Prajwal Dev,734,30,https://www.atptour.com/en/rankings/singles?dateWeek=2023-02-06&rankRange=0-5000,2026-03-22T00:50:26Z
atp,2023-02-06,G0DH,Alvaro Guillen Meza,Alvaro Guillen Meza,735,30,https://www.atptour.com/en/rankings/singles?dateWeek=2023-02-06&rankRange=0-5000,2026-03-22T00:50:26Z
atp,2023-02-06,PL53,Matthieu Perchicot,Matthieu Perchicot,736,30,https://www.atptour.com/en/rankings/singles?dateWeek=2023-02-06&rankRange=0-5000,2026-03-22T00:50:26Z
atp,2023-02-06,P0BM,Tadeas Paroulek,Tadeas Paroulek,737,29,https://www.atptour.com/en/rankings/singles?dateWeek=2023-02-06&rankRange=0-5000,2026-03-22T00:50:26Z
atp,2023-02-06,P0FJ,Radu Mihai Papoe,Radu Mihai Papoe,738,29,https://www.atptour.com/en/rankings/singles?dateWeek=2023-02-06&rankRange=0-5000,2026-03-22T00:50:26Z
atp,2023-02-06,CO11,Simon Carr,Simon Carr,739,29,https://www.atptour.com/en/rankings/singles?dateWeek=2023-02-06&rankRange=0-5000,2026-03-22T00:50:26Z
atp,2023-02-06,D0CF,Savriyan Danilov,Savriyan Danilov,740,29,https://www.atptour.com/en/rankings/singles?dateWeek=2023-02-06&rankRange=0-5000,2026-03-22T00:50:26Z
atp,2023-02-06,PI96,Sergi Perez Contri,Sergi Perez Contri,741,29,https://www.atptour.com/en/rankings/singles?dateWeek=2023-02-06&rankRange=0-5000,2026-03-22T00:50:26Z
atp,2023-02-06,D0FY,Thomas Deschamps,Thomas Deschamps,742,29,https://www.atptour.com/en/rankings/singles?dateWeek=2023-02-06&rankRange=0-5000,2026-03-22T00:50:26Z
atp,2023-02-06,K0BD,Lukas Krainer,Lukas Krainer,743,29,https://www.atptour.com/en/rankings/singles?dateWeek=2023-02-06&rankRange=0-5000,2026-03-22T00:50:26Z
atp,2023-02-06,K0EZ,Yuta Kikuchi,Yuta Kikuchi,744,28,https://www.atptour.com/en/rankings/singles?dateWeek=2023-02-06&rankRange=0-5000,2026-03-22T00:50:26Z
atp,2023-02-06,LB78,Jea Moon Lee,Jea Moon Lee,745,28,https://www.atptour.com/en/rankings/singles?dateWeek=2023-02-06&rankRange=0-5000,2026-03-22T00:50:26Z
atp,2023-02-06,B0C0,Adrian Boitan,Adrian Boitan,746,28,https://www.atptour.com/en/rankings/singles?dateWeek=2023-02-06&rankRange=0-5000,2026-03-22T00:50:26Z
atp,2023-02-06,M0FN,Khololwam Montsi,Khololwam Montsi,747,28,https://www.atptour.com/en/rankings/singles?dateWeek=2023-02-06&rankRange=0-5000,2026-03-22T00:50:26Z
atp,2023-02-06,BV19,Yan Bondarevskiy,Yan Bondarevskiy,748,28,https://www.atptour.com/en/rankings/singles?dateWeek=2023-02-06&rankRange=0-5000,2026-03-22T00:50:26Z
atp,2023-02-06,PG03,Calum Puttergill,Calum Puttergill,749,28,https://www.atptour.com/en/rankings/singles?dateWeek=2023-02-06&rankRange=0-5000,2026-03-22T00:50:26Z
atp,2023-02-06,B0A0,Maxence Beauge,Maxence Beauge,750,28,https://www.atptour.com/en/rankings/singles?dateWeek=2023-02-06&rankRange=0-5000,2026-03-22T00:50:26Z
atp,2023-02-06,RH13,Patrik Rikl,Patrik Rikl,751,27,https://www.atptour.com/en/rankings/singles?dateWeek=2023-02-06&rankRange=0-5000,2026-03-22T00:50:26Z
atp,2023-02-06,H0BK,Roko Horvat,Roko Horvat,752,27,https://www.atptour.com/en/rankings/singles?dateWeek=2023-02-06&rankRange=0-5000,2026-03-22T00:50:26Z
atp,2023-02-06,DH55,Michiel De Krom,Michiel De Krom,753,27,https://www.atptour.com/en/rankings/singles?dateWeek=2023-02-06&rankRange=0-5000,2026-03-22T00:50:26Z
atp,2023-02-06,L0CF,George Loffhagen,George Loffhagen,754,27,https://www.atptour.com/en/rankings/singles?dateWeek=2023-02-06&rankRange=0-5000,2026-03-22T00:50:26Z
atp,2023-02-06,S0DH,Roy Smith,Roy Smith,755,27,https://www.atptour.com/en/rankings/singles?dateWeek=2023-02-06&rankRange=0-5000,2026-03-22T00:50:26Z
atp,2023-02-06,DH53,Vlad Andrei Dancu,Vlad Andrei Dancu,756,27,https://www.atptour.com/en/rankings/singles?dateWeek=2023-02-06&rankRange=0-5000,2026-03-22T00:50:26Z
atp,2023-02-06,BH80,Andrea Basso,Andrea Basso,757,27,https://www.atptour.com/en/rankings/singles?dateWeek=2023-02-06&rankRange=0-5000,2026-03-22T00:50:26Z
atp,2023-02-06,W0BD,Deney Wassermann,Deney Wassermann,758,27,https://www.atptour.com/en/rankings/singles?dateWeek=2023-02-06&rankRange=0-5000,2026-03-22T00:50:26Z
atp,2023-02-06,LC58,Tomas Lipovsek Puches,Tomas Lipovsek Puches,759,27,https://www.atptour.com/en/rankings/singles?dateWeek=2023-02-06&rankRange=0-5000,2026-03-22T00:50:26Z
atp,2023-02-06,G0FW,Vilius Gaubas,Vilius Gaubas,760,27,https://www.atptour.com/en/rankings/singles?dateWeek=2023-02-06&rankRange=0-5000,2026-03-22T00:50:26Z
atp,2023-02-06,C09G,Ignacio Carou,Ignacio Carou,761,27,https://www.atptour.com/en/rankings/singles?dateWeek=2023-02-06&rankRange=0-5000,2026-03-22T00:50:26Z
atp,2023-02-06,N0B4,Ryan Nijboer,Ryan Nijboer,762,27,https://www.atptour.com/en/rankings/singles?dateWeek=2023-02-06&rankRange=0-5000,2026-03-22T00:50:26Z
atp,2023-02-06,S09B,Mathieu Scaglia,Mathieu Scaglia,763,27,https://www.atptour.com/en/rankings/singles?dateWeek=2023-02-06&rankRange=0-5000,2026-03-22T00:50:26Z
atp,2023-02-06,MO35,Calin Manda,Calin Manda,764,27,https://www.atptour.com/en/rankings/singles?dateWeek=2023-02-06&rankRange=0-5000,2026-03-22T00:50:26Z
atp,2023-02-06,G0A0,Andrea Guerrieri,Andrea Guerrieri,765,27,https://www.atptour.com/en/rankings/singles?dateWeek=2023-02-06&rankRange=0-5000,2026-03-22T00:50:26Z
atp,2023-02-06,O684,Osgar O'Hoisin,Osgar O'hoisin,766,27,https://www.atptour.com/en/rankings/singles?dateWeek=2023-02-06&rankRange=0-5000,2026-03-22T00:50:26Z
atp,2023-02-06,KA98,Bradley Klahn,Bradley Klahn,767,26,https://www.atptour.com/en/rankings/singles?dateWeek=2023-02-06&rankRange=0-5000,2026-03-22T00:50:26Z
atp,2023-02-06,KC86,Darian King,Darian King,768,26,https://www.atptour.com/en/rankings/singles?dateWeek=2023-02-06&rankRange=0-5000,2026-03-22T00:50:26Z
atp,2023-02-06,D0DK,Santiago De La Fuente,Santiago De La Fuente,769,26,https://www.atptour.com/en/rankings/singles?dateWeek=2023-02-06&rankRange=0-5000,2026-03-22T00:50:26Z
atp,2023-02-06,DG80,Enrico Dalla Valle,Enrico Dalla Valle,770,26,https://www.atptour.com/en/rankings/singles?dateWeek=2023-02-06&rankRange=0-5000,2026-03-22T00:50:26Z
atp,2023-02-06,N0BK,Hazem Naw,Hazem Naw,771,26,https://www.atptour.com/en/rankings/singles?dateWeek=2023-02-06&rankRange=0-5000,2026-03-22T00:50:26Z
atp,2023-02-06,N0CJ,Petr Nesterov,Petr Nesterov,772,26,https://www.atptour.com/en/rankings/singles?dateWeek=2023-02-06&rankRange=0-5000,2026-03-22T00:50:26Z
atp,2023-02-06,S0O6,Ilia Simakin,Ilia Simakin,773,26,https://www.atptour.com/en/rankings/singles?dateWeek=2023-02-06&rankRange=0-5000,2026-03-22T00:50:26Z
atp,2023-02-06,B0I5,Blaise Bicknell,Blaise Bicknell,774,26,https://www.atptour.com/en/rankings/singles?dateWeek=2023-02-06&rankRange=0-5000,2026-03-22T00:50:26Z
atp,2023-02-06,SZ36,Niklas Schell,Niklas Schell,775,26,https://www.atptour.com/en/rankings/singles?dateWeek=2023-02-06&rankRange=0-5000,2026-03-22T00:50:26Z
atp,2023-02-06,N824,Pavel Nejedly,Pavel Nejedly,776,26,https://www.atptour.com/en/rankings/singles?dateWeek=2023-02-06&rankRange=0-5000,2026-03-22T00:50:26Z
atp,2023-02-06,G0BY,Daniil Glinka,Daniil Glinka,777,26,https://www.atptour.com/en/rankings/singles?dateWeek=2023-02-06&rankRange=0-5000,2026-03-22T00:50:26Z
atp,2023-02-06,M0L2,Alejandro Manzanera Pertusa,Alejandro Manzanera Pertusa,778,26,https://www.atptour.com/en/rankings/singles?dateWeek=2023-02-06&rankRange=0-5000,2026-03-22T00:50:26Z
atp,2023-02-06,B0J8,Micah Braswell,Micah Braswell,779,25,https://www.atptour.com/en/rankings/singles?dateWeek=2023-02-06&rankRange=0-5000,2026-03-22T00:50:26Z
atp,2023-02-06,T0HA,Learner Tien,Learner Tien,780,25,https://www.atptour.com/en/rankings/singles?dateWeek=2023-02-06&rankRange=0-5000,2026-03-22T00:50:26Z
atp,2023-02-06,KE69,Mariano Kestelboim,Mariano Kestelboim,781,25,https://www.atptour.com/en/rankings/singles?dateWeek=2023-02-06&rankRange=0-5000,2026-03-22T00:50:26Z
atp,2023-02-06,P0IG,Martyn Pawelski,Martyn Pawelski,782,25,https://www.atptour.com/en/rankings/singles?dateWeek=2023-02-06&rankRange=0-5000,2026-03-22T00:50:26Z
atp,2023-02-06,AG60,Kareem Al Allaf,Kareem Al Allaf,783,25,https://www.atptour.com/en/rankings/singles?dateWeek=2023-02-06&rankRange=0-5000,2026-03-22T00:50:26Z
atp,2023-02-06,PH42,Matija Pecotic,Matija Pecotic,784,24,https://www.atptour.com/en/rankings/singles?dateWeek=2023-02-06&rankRange=0-5000,2026-03-22T00:50:26Z
atp,2023-02-06,M0OH,Lautaro Midon,Lautaro Midon,785,24,https://www.atptour.com/en/rankings/singles?dateWeek=2023-02-06&rankRange=0-5000,2026-03-22T00:50:26Z
atp,2023-02-06,B0MM,Edas Butvilas,Edas Butvilas,786,24,https://www.atptour.com/en/rankings/singles?dateWeek=2023-02-06&rankRange=0-5000,2026-03-22T00:50:26Z
atp,2023-02-06,RH79,Emil Reinberg,Emil Reinberg,787,24,https://www.atptour.com/en/rankings/singles?dateWeek=2023-02-06&rankRange=0-5000,2026-03-22T00:50:26Z
atp,2023-02-06,K0EU,Toby Kodat,Toby Kodat,788,24,https://www.atptour.com/en/rankings/singles?dateWeek=2023-02-06&rankRange=0-5000,2026-03-22T00:50:26Z
atp,2023-02-06,B0MG,Nicolas Buitrago,Nicolas Buitrago,789,24,https://www.atptour.com/en/rankings/singles?dateWeek=2023-02-06&rankRange=0-5000,2026-03-22T00:50:26Z
atp,2023-02-06,S0MN,Marat Sharipov,Marat Sharipov,790,24,https://www.atptour.com/en/rankings/singles?dateWeek=2023-02-06&rankRange=0-5000,2026-03-22T00:50:26Z
atp,2023-02-06,R0B6,Lorenzo Rottoli,Lorenzo Rottoli,791,24,https://www.atptour.com/en/rankings/singles?dateWeek=2023-02-06&rankRange=0-5000,2026-03-22T00:50:26Z
atp,2023-02-06,B0E8,Stefano Battaglino,Stefano Battaglino,792,24,https://www.atptour.com/en/rankings/singles?dateWeek=2023-02-06&rankRange=0-5000,2026-03-22T00:50:26Z
atp,2023-02-06,P0CU,Bruno Pujol Navarro,Bruno Pujol Navarro,793,24,https://www.atptour.com/en/rankings/singles?dateWeek=2023-02-06&rankRange=0-5000,2026-03-22T00:50:26Z
atp,2023-02-06,R0H2,Pedro Rodenas,Pedro Rodenas,794,23,https://www.atptour.com/en/rankings/singles?dateWeek=2023-02-06&rankRange=0-5000,2026-03-22T00:50:26Z
atp,2023-02-06,R913,Cristian Rodriguez,Cristian Rodriguez,795,23,https://www.atptour.com/en/rankings/singles?dateWeek=2023-02-06&rankRange=0-5000,2026-03-22T00:50:26Z
atp,2023-02-06,M0GB,Alex Martinez,Alex Martinez,796,23,https://www.atptour.com/en/rankings/singles?dateWeek=2023-02-06&rankRange=0-5000,2026-03-22T00:50:26Z
atp,2023-02-06,MW84,John McNally,John Mcnally,797,23,https://www.atptour.com/en/rankings/singles?dateWeek=2023-02-06&rankRange=0-5000,2026-03-22T00:50:26Z
atp,2023-02-06,M0KA,Yanaki Milev,Yanaki Milev,798,23,https://www.atptour.com/en/rankings/singles?dateWeek=2023-02-06&rankRange=0-5000,2026-03-22T00:50:26Z
atp,2023-02-06,P0IT,Olaf Pieczkowski,Olaf Pieczkowski,799,23,https://www.atptour.com/en/rankings/singles?dateWeek=2023-02-06&rankRange=0-5000,2026-03-22T00:50:26Z
atp,2023-02-06,A0IK,Luciano Emanuel Ambrogi,Luciano Emanuel Ambrogi,800,23,https://www.atptour.com/en/rankings/singles?dateWeek=2023-02-06&rankRange=0-5000,2026-03-22T00:50:26Z
atp,2023-02-06,G0IB,Tom Gentzsch,Tom Gentzsch,801,23,https://www.atptour.com/en/rankings/singles?dateWeek=2023-02-06&rankRange=0-5000,2026-03-22T00:50:26Z
atp,2023-02-06,R0BT,Franco Roncadelli,Franco Roncadelli,802,23,https://www.atptour.com/en/rankings/singles?dateWeek=2023-02-06&rankRange=0-5000,2026-03-22T00:50:26Z
atp,2023-02-06,I411,Johannes Ingildsen,Johannes Ingildsen,803,23,https://www.atptour.com/en/rankings/singles?dateWeek=2023-02-06&rankRange=0-5000,2026-03-22T00:50:26Z
atp,2023-02-06,AD06,Aaron Addison,Aaron Addison,804,23,https://www.atptour.com/en/rankings/singles?dateWeek=2023-02-06&rankRange=0-5000,2026-03-22T00:50:26Z
atp,2023-02-06,HH15,Mikalai Haliak,Mikalai Haliak,805,23,https://www.atptour.com/en/rankings/singles?dateWeek=2023-02-06&rankRange=0-5000,2026-03-22T00:50:26Z
atp,2023-02-06,I426,Masamichi Imamura,Masamichi Imamura,806,23,https://www.atptour.com/en/rankings/singles?dateWeek=2023-02-06&rankRange=0-5000,2026-03-22T00:50:26Z
atp,2023-02-06,T0BD,Nicolas Tepmahc,Nicolas Tepmahc,807,23,https://www.atptour.com/en/rankings/singles?dateWeek=2023-02-06&rankRange=0-5000,2026-03-22T00:50:26Z
atp,2023-02-06,TC12,Mikael Torpegaard,Mikael Torpegaard,808,22,https://www.atptour.com/en/rankings/singles?dateWeek=2023-02-06&rankRange=0-5000,2026-03-22T00:50:26Z
atp,2023-02-06,SE73,Yuichi Sugita,Yuichi Sugita,809,22,https://www.atptour.com/en/rankings/singles?dateWeek=2023-02-06&rankRange=0-5000,2026-03-22T00:50:26Z
atp,2023-02-06,RA43,Maciej Rajski,Maciej Rajski,810,22,https://www.atptour.com/en/rankings/singles?dateWeek=2023-02-06&rankRange=0-5000,2026-03-22T00:50:26Z
atp,2023-02-06,G0G2,Mario Gonzalez Fernandez,Mario Gonzalez Fernandez,811,22,https://www.atptour.com/en/rankings/singles?dateWeek=2023-02-06&rankRange=0-5000,2026-03-22T00:50:26Z
atp,2023-02-06,R0BC,Lorenzo Joaquin Rodriguez,Lorenzo Joaquin Rodriguez,812,22,https://www.atptour.com/en/rankings/singles?dateWeek=2023-02-06&rankRange=0-5000,2026-03-22T00:50:26Z
atp,2023-02-06,HB83,Mitchell Harper,Mitchell Harper,813,22,https://www.atptour.com/en/rankings/singles?dateWeek=2023-02-06&rankRange=0-5000,2026-03-22T00:50:26Z
atp,2023-02-06,HH32,Alejandro Hoyos,Alejandro Hoyos,814,22,https://www.atptour.com/en/rankings/singles?dateWeek=2023-02-06&rankRange=0-5000,2026-03-22T00:50:26Z
atp,2023-02-06,B0DJ,Illya Beloborodko,Illya Beloborodko,815,22,https://www.atptour.com/en/rankings/singles?dateWeek=2023-02-06&rankRange=0-5000,2026-03-22T00:50:26Z
atp,2023-02-06,L0G5,Joao Victor Couto Loureiro,Joao Victor Couto Loureiro,816,22,https://www.atptour.com/en/rankings/singles?dateWeek=2023-02-06&rankRange=0-5000,2026-03-22T00:50:26Z
atp,2023-02-06,G892,Alejandro Gonzalez,Alejandro Gonzalez,817,21,https://www.atptour.com/en/rankings/singles?dateWeek=2023-02-06&rankRange=0-5000,2026-03-22T00:50:26Z
atp,2023-02-06,DC38,Jake Delaney,Jake Delaney,818,21,https://www.atptour.com/en/rankings/singles?dateWeek=2023-02-06&rankRange=0-5000,2026-03-22T00:50:26Z
atp,2023-02-06,PH02,Davide Pontoglio,Davide Pontoglio,819,21,https://www.atptour.com/en/rankings/singles?dateWeek=2023-02-06&rankRange=0-5000,2026-03-22T00:50:26Z
atp,2023-02-06,Z239,Federico Zeballos,Federico Zeballos,820,21,https://www.atptour.com/en/rankings/singles?dateWeek=2023-02-06&rankRange=0-5000,2026-03-22T00:50:26Z
atp,2023-02-06,BL61,Filip Bergevi,Filip Bergevi,823,21,https://www.atptour.com/en/rankings/singles?dateWeek=2023-02-06&rankRange=0-5000,2026-03-22T00:50:26Z
atp,2023-02-06,G0CV,Buvaysar Gadamauri,Buvaysar Gadamauri,824,21,https://www.atptour.com/en/rankings/singles?dateWeek=2023-02-06&rankRange=0-5000,2026-03-22T00:50:26Z
atp,2023-02-06,G0J9,Svyatoslav Gulin,Svyatoslav Gulin,825,21,https://www.atptour.com/en/rankings/singles?dateWeek=2023-02-06&rankRange=0-5000,2026-03-22T00:50:26Z
atp,2023-02-06,B0GB,Arnaud Bovy,Arnaud Bovy,826,21,https://www.atptour.com/en/rankings/singles?dateWeek=2023-02-06&rankRange=0-5000,2026-03-22T00:50:26Z
atp,2023-02-06,T0AA,Dan Alexandru Tomescu,Dan Alexandru Tomescu,827,21,https://www.atptour.com/en/rankings/singles?dateWeek=2023-02-06&rankRange=0-5000,2026-03-22T00:50:26Z
atp,2023-02-06,LF40,Ivan Liutarevich,Ivan Liutarevich,828,21,https://www.atptour.com/en/rankings/singles?dateWeek=2023-02-06&rankRange=0-5000,2026-03-22T00:50:26Z
atp,2023-02-06,B0JP,Dali Blanch,Dali Blanch,829,21,https://www.atptour.com/en/rankings/singles?dateWeek=2023-02-06&rankRange=0-5000,2026-03-22T00:50:26Z
atp,2023-02-06,RB00,Ricardo Rodriguez - Pace,Ricardo Rodriguez Pace,830,21,https://www.atptour.com/en/rankings/singles?dateWeek=2023-02-06&rankRange=0-5000,2026-03-22T00:50:26Z
atp,2023-02-06,F0FV,Joao Fonseca,Joao Fonseca,831,20,https://www.atptour.com/en/rankings/singles?dateWeek=2023-02-06&rankRange=0-5000,2026-03-22T00:50:26Z
atp,2023-02-06,P0IY,Juan Carlos Prado Angelo,Juan Carlos Prado Angelo,832,20,https://www.atptour.com/en/rankings/singles?dateWeek=2023-02-06&rankRange=0-5000,2026-03-22T00:50:26Z
atp,2023-02-06,B0JE,Max Basing,Max Basing,833,20,https://www.atptour.com/en/rankings/singles?dateWeek=2023-02-06&rankRange=0-5000,2026-03-22T00:50:26Z
atp,2023-02-06,A0F3,Fabrizio Andaloro,Fabrizio Andaloro,834,20,https://www.atptour.com/en/rankings/singles?dateWeek=2023-02-06&rankRange=0-5000,2026-03-22T00:50:26Z
atp,2023-02-06,SY00,Christian Sigsgaard,Christian Sigsgaard,835,20,https://www.atptour.com/en/rankings/singles?dateWeek=2023-02-06&rankRange=0-5000,2026-03-22T00:50:26Z
atp,2023-02-06,Z0AK,Tyler Zink,Tyler Zink,836,20,https://www.atptour.com/en/rankings/singles?dateWeek=2023-02-06&rankRange=0-5000,2026-03-22T00:50:26Z
atp,2023-02-06,B0D6,Taha Baadi,Taha Baadi,837,20,https://www.atptour.com/en/rankings/singles?dateWeek=2023-02-06&rankRange=0-5000,2026-03-22T00:50:26Z
atp,2023-02-06,P0G0,Evgeny Philippov,Evgeny Philippov,838,20,https://www.atptour.com/en/rankings/singles?dateWeek=2023-02-06&rankRange=0-5000,2026-03-22T00:50:26Z
atp,2023-02-06,B09K,Oleksandr Bielinskyi,Oleksandr Bielinskyi,841,20,https://www.atptour.com/en/rankings/singles?dateWeek=2023-02-06&rankRange=0-5000,2026-03-22T00:50:26Z
atp,2023-02-06,BT45,William Blumberg,William Blumberg,842,19,https://www.atptour.com/en/rankings/singles?dateWeek=2023-02-06&rankRange=0-5000,2026-03-22T00:50:26Z
atp,2023-02-06,K839,Tobias Kamke,Tobias Kamke,843,19,https://www.atptour.com/en/rankings/singles?dateWeek=2023-02-06&rankRange=0-5000,2026-03-22T00:50:26Z
atp,2023-02-06,RB49,Lucas Renard,Lucas Renard,844,19,https://www.atptour.com/en/rankings/singles?dateWeek=2023-02-06&rankRange=0-5000,2026-03-22T00:50:26Z
atp,2023-02-06,PF36,David Perez Sanz,David Perez Sanz,845,19,https://www.atptour.com/en/rankings/singles?dateWeek=2023-02-06&rankRange=0-5000,2026-03-22T00:50:26Z
atp,2023-02-06,KE85,Kazuma Kawachi,Kazuma Kawachi,846,19,https://www.atptour.com/en/rankings/singles?dateWeek=2023-02-06&rankRange=0-5000,2026-03-22T00:50:26Z
atp,2023-02-06,BO07,Marco Brugnerotto,Marco Brugnerotto,847,19,https://www.atptour.com/en/rankings/singles?dateWeek=2023-02-06&rankRange=0-5000,2026-03-22T00:50:26Z
atp,2023-02-06,O09T,Kosuke Ogura,Kosuke Ogura,848,19,https://www.atptour.com/en/rankings/singles?dateWeek=2023-02-06&rankRange=0-5000,2026-03-22T00:50:26Z
atp,2023-02-06,SY50,Nitin Kumar Sinha,Nitin Kumar Sinha,849,19,https://www.atptour.com/en/rankings/singles?dateWeek=2023-02-06&rankRange=0-5000,2026-03-22T00:50:26Z
atp,2023-02-06,R0GN,Amaury Raynel,Amaury Raynel,850,19,https://www.atptour.com/en/rankings/singles?dateWeek=2023-02-06&rankRange=0-5000,2026-03-22T00:50:26Z
atp,2023-02-06,E0BO,Nino Ehrenschneider,Nino Ehrenschneider,851,18,https://www.atptour.com/en/rankings/singles?dateWeek=2023-02-06&rankRange=0-5000,2026-03-22T00:50:26Z
atp,2023-02-06,J0AW,Guido Ivan Justo,Guido Ivan Justo,852,18,https://www.atptour.com/en/rankings/singles?dateWeek=2023-02-06&rankRange=0-5000,2026-03-22T00:50:26Z
atp,2023-02-06,PJ74,Lucas Poullain,Lucas Poullain,853,18,https://www.atptour.com/en/rankings/singles?dateWeek=2023-02-06&rankRange=0-5000,2026-03-22T00:50:26Z
atp,2023-02-06,BU10,Jacopo Berrettini,Jacopo Berrettini,854,18,https://www.atptour.com/en/rankings/singles?dateWeek=2023-02-06&rankRange=0-5000,2026-03-22T00:50:26Z
atp,2023-02-06,F0F4,Kilian Feldbausch,Kilian Feldbausch,855,18,https://www.atptour.com/en/rankings/singles?dateWeek=2023-02-06&rankRange=0-5000,2026-03-22T00:50:26Z
atp,2023-02-06,B0C5,Florian Broska,Florian Broska,856,18,https://www.atptour.com/en/rankings/singles?dateWeek=2023-02-06&rankRange=0-5000,2026-03-22T00:50:26Z
atp,2023-02-06,R0GO,Henrique Rocha,Henrique Rocha,857,18,https://www.atptour.com/en/rankings/singles?dateWeek=2023-02-06&rankRange=0-5000,2026-03-22T00:50:26Z
atp,2023-02-06,A0EU,Alexandre Aubriot,Alexandre Aubriot,858,18,https://www.atptour.com/en/rankings/singles?dateWeek=2023-02-06&rankRange=0-5000,2026-03-22T00:50:26Z
atp,2023-02-06,L0DE,Raphael Lambling,Raphael Lambling,859,18,https://www.atptour.com/en/rankings/singles?dateWeek=2023-02-06&rankRange=0-5000,2026-03-22T00:50:26Z
atp,2023-02-06,B0EK,Moerani Bouzige,Moerani Bouzige,860,18,https://www.atptour.com/en/rankings/singles?dateWeek=2023-02-06&rankRange=0-5000,2026-03-22T00:50:26Z
atp,2023-02-06,M0AA,Cayetano March,Cayetano March,861,18,https://www.atptour.com/en/rankings/singles?dateWeek=2023-02-06&rankRange=0-5000,2026-03-22T00:50:26Z
atp,2023-02-06,F0FF,Philip Florig,Philip Florig,862,18,https://www.atptour.com/en/rankings/singles?dateWeek=2023-02-06&rankRange=0-5000,2026-03-22T00:50:26Z
atp,2023-02-06,H0AG,Ray Ho,Ray Ho,863,18,https://www.atptour.com/en/rankings/singles?dateWeek=2023-02-06&rankRange=0-5000,2026-03-22T00:50:26Z
atp,2023-02-06,E678,Jonathan Eysseric,Jonathan Eysseric,864,17,https://www.atptour.com/en/rankings/singles?dateWeek=2023-02-06&rankRange=0-5000,2026-03-22T00:50:26Z
atp,2023-02-06,K0JB,Nicolas Kobelt,Nicolas Kobelt,865,17,https://www.atptour.com/en/rankings/singles?dateWeek=2023-02-06&rankRange=0-5000,2026-03-22T00:50:26Z
atp,2023-02-06,M0RE,Patrick Maloney,Patrick Maloney,866,17,https://www.atptour.com/en/rankings/singles?dateWeek=2023-02-06&rankRange=0-5000,2026-03-22T00:50:26Z
atp,2023-02-06,RH88,Alan Fernando Rubio Fierros,Alan Fernando Rubio Fierros,867,17,https://www.atptour.com/en/rankings/singles?dateWeek=2023-02-06&rankRange=0-5000,2026-03-22T00:50:26Z
atp,2023-02-06,K0DE,Takuya Kumasaka,Takuya Kumasaka,868,17,https://www.atptour.com/en/rankings/singles?dateWeek=2023-02-06&rankRange=0-5000,2026-03-22T00:50:26Z
atp,2023-02-06,MJ70,Karim-Mohamed Maamoun,Karim Mohamed Maamoun,869,17,https://www.atptour.com/en/rankings/singles?dateWeek=2023-02-06&rankRange=0-5000,2026-03-22T00:50:26Z
atp,2023-02-06,G0FF,Axel Garcian,Axel Garcian,870,17,https://www.atptour.com/en/rankings/singles?dateWeek=2023-02-06&rankRange=0-5000,2026-03-22T00:50:26Z
atp,2023-02-06,R0AI,Stefano Reitano,Stefano Reitano,871,17,https://www.atptour.com/en/rankings/singles?dateWeek=2023-02-06&rankRange=0-5000,2026-03-22T00:50:26Z
atp,2023-02-06,N598,Takuto Niki,Takuto Niki,872,17,https://www.atptour.com/en/rankings/singles?dateWeek=2023-02-06&rankRange=0-5000,2026-03-22T00:50:26Z
atp,2023-02-06,W738,Brandon Walkin,Brandon Walkin,873,17,https://www.atptour.com/en/rankings/singles?dateWeek=2023-02-06&rankRange=0-5000,2026-03-22T00:50:26Z
atp,2023-02-06,DC83,Gabriel Donev,Gabriel Donev,874,17,https://www.atptour.com/en/rankings/singles?dateWeek=2023-02-06&rankRange=0-5000,2026-03-22T00:50:26Z
atp,2023-02-06,Z09W,Leopold Zima,Leopold Zima,875,17,https://www.atptour.com/en/rankings/singles?dateWeek=2023-02-06&rankRange=0-5000,2026-03-22T00:50:26Z
atp,2023-02-06,I0A6,Taisei Ichikawa,Taisei Ichikawa,876,17,https://www.atptour.com/en/rankings/singles?dateWeek=2023-02-06&rankRange=0-5000,2026-03-22T00:50:26Z
atp,2023-02-06,F824,Connor Farren,Connor Farren,877,17,https://www.atptour.com/en/rankings/singles?dateWeek=2023-02-06&rankRange=0-5000,2026-03-22T00:50:26Z
atp,2023-02-06,P0JG,Gabriele Pennaforti,Gabriele Pennaforti,878,17,https://www.atptour.com/en/rankings/singles?dateWeek=2023-02-06&rankRange=0-5000,2026-03-22T00:50:26Z
atp,2023-02-06,BM45,Domagoj Biljesko,Domagoj Biljesko,879,17,https://www.atptour.com/en/rankings/singles?dateWeek=2023-02-06&rankRange=0-5000,2026-03-22T00:50:26Z
atp,2023-02-06,N724,Gabriele Maria Noce,Gabriele Maria Noce,880,17,https://www.atptour.com/en/rankings/singles?dateWeek=2023-02-06&rankRange=0-5000,2026-03-22T00:50:26Z
atp,2023-02-06,BV08,Boris Butulija,Boris Butulija,881,17,https://www.atptour.com/en/rankings/singles?dateWeek=2023-02-06&rankRange=0-5000,2026-03-22T00:50:26Z
atp,2023-02-06,VA22,Matej Vocel,Matej Vocel,882,16,https://www.atptour.com/en/rankings/singles?dateWeek=2023-02-06&rankRange=0-5000,2026-03-22T00:50:26Z
atp,2023-02-06,M0SB,Koki Matsuda,Koki Matsuda,883,16,https://www.atptour.com/en/rankings/singles?dateWeek=2023-02-06&rankRange=0-5000,2026-03-22T00:50:26Z
atp,2023-02-06,MM79,Blake Mott,Blake Mott,884,16,https://www.atptour.com/en/rankings/singles?dateWeek=2023-02-06&rankRange=0-5000,2026-03-22T00:50:26Z
atp,2023-02-06,CA33,Inigo Cervantes,Inigo Cervantes,885,16,https://www.atptour.com/en/rankings/singles?dateWeek=2023-02-06&rankRange=0-5000,2026-03-22T00:50:26Z
atp,2023-02-06,J0D4,Jeremy Jin,Jeremy Jin,886,16,https://www.atptour.com/en/rankings/singles?dateWeek=2023-02-06&rankRange=0-5000,2026-03-22T00:50:26Z
atp,2023-02-06,S0NN,Joshua Sheehy,Joshua Sheehy,887,16,https://www.atptour.com/en/rankings/singles?dateWeek=2023-02-06&rankRange=0-5000,2026-03-22T00:50:26Z
atp,2023-02-06,PM12,Nicolas Parizzia,Nicolas Parizzia,888,16,https://www.atptour.com/en/rankings/singles?dateWeek=2023-02-06&rankRange=0-5000,2026-03-22T00:50:26Z
atp,2023-02-06,D0DB,Pierre Delage,Pierre Delage,889,16,https://www.atptour.com/en/rankings/singles?dateWeek=2023-02-06&rankRange=0-5000,2026-03-22T00:50:26Z
atp,2023-02-06,S0JH,Filippo Speziali,Filippo Speziali,890,16,https://www.atptour.com/en/rankings/singles?dateWeek=2023-02-06&rankRange=0-5000,2026-03-22T00:50:26Z
atp,2023-02-06,I0AX,Kokoro Isomura,Kokoro Isomura,891,16,https://www.atptour.com/en/rankings/singles?dateWeek=2023-02-06&rankRange=0-5000,2026-03-22T00:50:26Z
atp,2023-02-06,O0AI,Dusan Obradovic,Dusan Obradovic,892,16,https://www.atptour.com/en/rankings/singles?dateWeek=2023-02-06&rankRange=0-5000,2026-03-22T00:50:26Z
atp,2023-02-06,B0HF,Diego Augusto Barreto Sanchez,Diego Augusto Barreto Sanchez,893,16,https://www.atptour.com/en/rankings/singles?dateWeek=2023-02-06&rankRange=0-5000,2026-03-22T00:50:26Z
atp,2023-02-06,P0FF,Lukas Palovic,Lukas Palovic,894,16,https://www.atptour.com/en/rankings/singles?dateWeek=2023-02-06&rankRange=0-5000,2026-03-22T00:50:26Z
atp,2023-02-06,G0B2,Joshua Goodger,Joshua Goodger,895,15,https://www.atptour.com/en/rankings/singles?dateWeek=2023-02-06&rankRange=0-5000,2026-03-22T00:50:26Z
atp,2023-02-06,EA31,Melios Efstathiou,Melios Efstathiou,896,15,https://www.atptour.com/en/rankings/singles?dateWeek=2023-02-06&rankRange=0-5000,2026-03-22T00:50:26Z
atp,2023-02-06,PE42,Luis Patino,Luis Patino,897,15,https://www.atptour.com/en/rankings/singles?dateWeek=2023-02-06&rankRange=0-5000,2026-03-22T00:50:26Z
atp,2023-02-06,B0LW,Mika Brunold,Mika Brunold,898,15,https://www.atptour.com/en/rankings/singles?dateWeek=2023-02-06&rankRange=0-5000,2026-03-22T00:50:26Z
atp,2023-02-06,H999,Gabriel Alejandro Hidalgo,Gabriel Alejandro Hidalgo,899,15,https://www.atptour.com/en/rankings/singles?dateWeek=2023-02-06&rankRange=0-5000,2026-03-22T00:50:26Z
atp,2023-02-06,J468,Alexandru Jecan,Alexandru Jecan,900,15,https://www.atptour.com/en/rankings/singles?dateWeek=2023-02-06&rankRange=0-5000,2026-03-22T00:50:26Z
atp,2023-02-06,A0IE,Seydina Andre,Seydina Andre,901,15,https://www.atptour.com/en/rankings/singles?dateWeek=2023-02-06&rankRange=0-5000,2026-03-22T00:50:26Z
atp,2023-02-06,S09Y,Nathan Seateun,Nathan Seateun,902,15,https://www.atptour.com/en/rankings/singles?dateWeek=2023-02-06&rankRange=0-5000,2026-03-22T00:50:26Z
atp,2023-02-06,C0GK,Thiago Cigarran,Thiago Cigarran,903,15,https://www.atptour.com/en/rankings/singles?dateWeek=2023-02-06&rankRange=0-5000,2026-03-22T00:50:26Z
atp,2023-02-06,Y0A8,Taiyo Yamanaka,Taiyo Yamanaka,904,15,https://www.atptour.com/en/rankings/singles?dateWeek=2023-02-06&rankRange=0-5000,2026-03-22T00:50:26Z
atp,2023-02-06,K0HL,Kyle Kang,Kyle Kang,905,15,https://www.atptour.com/en/rankings/singles?dateWeek=2023-02-06&rankRange=0-5000,2026-03-22T00:50:26Z
atp,2023-02-06,S0RI,Karan Singh,Karan Singh,906,15,https://www.atptour.com/en/rankings/singles?dateWeek=2023-02-06&rankRange=0-5000,2026-03-22T00:50:26Z
atp,2023-02-06,BU32,Lucas Bouquet,Lucas Bouquet,907,15,https://www.atptour.com/en/rankings/singles?dateWeek=2023-02-06&rankRange=0-5000,2026-03-22T00:50:26Z
atp,2023-02-06,S0GF,Maik Steiner,Maik Steiner,908,15,https://www.atptour.com/en/rankings/singles?dateWeek=2023-02-06&rankRange=0-5000,2026-03-22T00:50:26Z
atp,2023-02-06,SM18,Kelsey Stevenson,Kelsey Stevenson,909,15,https://www.atptour.com/en/rankings/singles?dateWeek=2023-02-06&rankRange=0-5000,2026-03-22T00:50:26Z
atp,2023-02-06,G985,Carlos Gomez-Herrera,Carlos Gomez Herrera,910,14,https://www.atptour.com/en/rankings/singles?dateWeek=2023-02-06&rankRange=0-5000,2026-03-22T00:50:26Z
atp,2023-02-06,J09J,Yeong-Seok Jeong,Yeong Seok Jeong,913,14,https://www.atptour.com/en/rankings/singles?dateWeek=2023-02-06&rankRange=0-5000,2026-03-22T00:50:26Z
atp,2023-02-06,SP24,Brayden Schnur,Brayden Schnur,914,14,https://www.atptour.com/en/rankings/singles?dateWeek=2023-02-06&rankRange=0-5000,2026-03-22T00:50:26Z
atp,2023-02-06,BD20,Thomaz Bellucci,Thomaz Bellucci,915,14,https://www.atptour.com/en/rankings/singles?dateWeek=2023-02-06&rankRange=0-5000,2026-03-22T00:50:26Z
atp,2023-02-06,Y235,Jumpei Yamasaki,Jumpei Yamasaki,916,14,https://www.atptour.com/en/rankings/singles?dateWeek=2023-02-06&rankRange=0-5000,2026-03-22T00:50:26Z
atp,2023-02-06,BH21,Aliaksandr Bulitski,Aliaksandr Bulitski,917,14,https://www.atptour.com/en/rankings/singles?dateWeek=2023-02-06&rankRange=0-5000,2026-03-22T00:50:26Z
atp,2023-02-06,T0HM,Vito Tonejc,Vito Tonejc,918,14,https://www.atptour.com/en/rankings/singles?dateWeek=2023-02-06&rankRange=0-5000,2026-03-22T00:50:26Z
atp,2023-02-06,G0IW,Antoine Ghibaudo,Antoine Ghibaudo,919,14,https://www.atptour.com/en/rankings/singles?dateWeek=2023-02-06&rankRange=0-5000,2026-03-22T00:50:26Z
atp,2023-02-06,KF06,Aziz Kijametovic,Aziz Kijametovic,920,14,https://www.atptour.com/en/rankings/singles?dateWeek=2023-02-06&rankRange=0-5000,2026-03-22T00:50:26Z
atp,2023-02-06,C0AJ,Jie Cui,Jie Cui,921,14,https://www.atptour.com/en/rankings/singles?dateWeek=2023-02-06&rankRange=0-5000,2026-03-22T00:50:26Z
atp,2023-02-06,BU34,Jeremy Beale,Jeremy Beale,922,14,https://www.atptour.com/en/rankings/singles?dateWeek=2023-02-06&rankRange=0-5000,2026-03-22T00:50:26Z
atp,2023-02-06,GK24,Luca Giacomini,Luca Giacomini,923,14,https://www.atptour.com/en/rankings/singles?dateWeek=2023-02-06&rankRange=0-5000,2026-03-22T00:50:26Z
atp,2023-02-06,GB94,Omar Giacalone,Omar Giacalone,924,14,https://www.atptour.com/en/rankings/singles?dateWeek=2023-02-06&rankRange=0-5000,2026-03-22T00:50:26Z
atp,2023-02-06,I416,Yuichiro Inui,Yuichiro Inui,925,14,https://www.atptour.com/en/rankings/singles?dateWeek=2023-02-06&rankRange=0-5000,2026-03-22T00:50:26Z
atp,2023-02-06,N0AF,Arvid Nordquist,Arvid Nordquist,926,14,https://www.atptour.com/en/rankings/singles?dateWeek=2023-02-06&rankRange=0-5000,2026-03-22T00:50:26Z
atp,2023-02-06,J0BQ,Kristijan Juhas,Kristijan Juhas,927,14,https://www.atptour.com/en/rankings/singles?dateWeek=2023-02-06&rankRange=0-5000,2026-03-22T00:50:26Z
atp,2023-02-06,L0DG,Aleksi Lofman,Aleksi Lofman,928,14,https://www.atptour.com/en/rankings/singles?dateWeek=2023-02-06&rankRange=0-5000,2026-03-22T00:50:26Z
atp,2023-02-06,C0C9,Ken Cavrak,Ken Cavrak,929,14,https://www.atptour.com/en/rankings/singles?dateWeek=2023-02-06&rankRange=0-5000,2026-03-22T00:50:26Z
atp,2023-02-06,P0GP,Peter Benjamin Privara,Peter Benjamin Privara,930,14,https://www.atptour.com/en/rankings/singles?dateWeek=2023-02-06&rankRange=0-5000,2026-03-22T00:50:26Z
atp,2023-02-06,TB70,Wishaya Trongcharoenchaikul,Wishaya Trongcharoenchaikul,931,14,https://www.atptour.com/en/rankings/singles?dateWeek=2023-02-06&rankRange=0-5000,2026-03-22T00:50:26Z
atp,2023-02-06,W725,Paul Woerner,Paul Woerner,932,14,https://www.atptour.com/en/rankings/singles?dateWeek=2023-02-06&rankRange=0-5000,2026-03-22T00:50:26Z
atp,2023-02-06,F0C4,Diego Fernandez Flores,Diego Fernandez Flores,933,14,https://www.atptour.com/en/rankings/singles?dateWeek=2023-02-06&rankRange=0-5000,2026-03-22T00:50:26Z
atp,2023-02-06,M0ES,Oscar Moraing,Oscar Moraing,934,14,https://www.atptour.com/en/rankings/singles?dateWeek=2023-02-06&rankRange=0-5000,2026-03-22T00:50:26Z
atp,2023-02-06,KG49,Denis Klok,Denis Klok,935,14,https://www.atptour.com/en/rankings/singles?dateWeek=2023-02-06&rankRange=0-5000,2026-03-22T00:50:26Z
atp,2023-02-06,J0CU,Sander Jong,Sander Jong,936,13,https://www.atptour.com/en/rankings/singles?dateWeek=2023-02-06&rankRange=0-5000,2026-03-22T00:50:26Z
atp,2023-02-06,TD55,Renta Tokuda,Renta Tokuda,937,13,https://www.atptour.com/en/rankings/singles?dateWeek=2023-02-06&rankRange=0-5000,2026-03-22T00:50:26Z
atp,2023-02-06,H0EC,Cash Hanzlik,Cash Hanzlik,938,13,https://www.atptour.com/en/rankings/singles?dateWeek=2023-02-06&rankRange=0-5000,2026-03-22T00:50:26Z
atp,2023-02-06,D0I0,Sebastian Dominko,Sebastian Dominko,939,13,https://www.atptour.com/en/rankings/singles?dateWeek=2023-02-06&rankRange=0-5000,2026-03-22T00:50:26Z
atp,2023-02-06,H09W,Jordan Hasson,Jordan Hasson,940,13,https://www.atptour.com/en/rankings/singles?dateWeek=2023-02-06&rankRange=0-5000,2026-03-22T00:50:26Z
atp,2023-02-06,L0CK,Younes Lalami,Younes Lalami,941,13,https://www.atptour.com/en/rankings/singles?dateWeek=2023-02-06&rankRange=0-5000,2026-03-22T00:50:26Z
atp,2023-02-06,CI19,A.J. Catanzariti,A.j. Catanzariti,942,13,https://www.atptour.com/en/rankings/singles?dateWeek=2023-02-06&rankRange=0-5000,2026-03-22T00:50:26Z
atp,2023-02-06,C0JQ,Inaki Cabrera Bello,Inaki Cabrera Bello,943,13,https://www.atptour.com/en/rankings/singles?dateWeek=2023-02-06&rankRange=0-5000,2026-03-22T00:50:26Z
atp,2023-02-06,N934,Kazuki Nishiwaki,Kazuki Nishiwaki,944,13,https://www.atptour.com/en/rankings/singles?dateWeek=2023-02-06&rankRange=0-5000,2026-03-22T00:50:26Z
atp,2023-02-06,Z09B,Alexander Zgirovsky,Alexander Zgirovsky,945,13,https://www.atptour.com/en/rankings/singles?dateWeek=2023-02-06&rankRange=0-5000,2026-03-22T00:50:26Z
atp,2023-02-06,W0AN,Milan Welte,Milan Welte,946,13,https://www.atptour.com/en/rankings/singles?dateWeek=2023-02-06&rankRange=0-5000,2026-03-22T00:50:26Z
atp,2023-02-06,RH69,Matthew Romios,Matthew Romios,947,13,https://www.atptour.com/en/rankings/singles?dateWeek=2023-02-06&rankRange=0-5000,2026-03-22T00:50:26Z
atp,2023-02-06,G0D4,Lorenzo Gagliardo,Lorenzo Gagliardo,948,13,https://www.atptour.com/en/rankings/singles?dateWeek=2023-02-06&rankRange=0-5000,2026-03-22T00:50:26Z
atp,2023-02-06,C0C1,Niccolo Catini,Niccolo Catini,949,13,https://www.atptour.com/en/rankings/singles?dateWeek=2023-02-06&rankRange=0-5000,2026-03-22T00:50:26Z
atp,2023-02-06,S0QZ,Sebastian Sorger,Sebastian Sorger,952,13,https://www.atptour.com/en/rankings/singles?dateWeek=2023-02-06&rankRange=0-5000,2026-03-22T00:50:26Z
atp,2023-02-06,AB90,Bogdan Ionut Apostol,Bogdan Ionut Apostol,953,13,https://www.atptour.com/en/rankings/singles?dateWeek=2023-02-06&rankRange=0-5000,2026-03-22T00:50:26Z
atp,2023-02-06,L0G1,Noah Lopez,Noah Lopez,954,13,https://www.atptour.com/en/rankings/singles?dateWeek=2023-02-06&rankRange=0-5000,2026-03-22T00:50:26Z
atp,2023-02-06,C0A0,Alexander Crnokrak,Alexander Crnokrak,955,13,https://www.atptour.com/en/rankings/singles?dateWeek=2023-02-06&rankRange=0-5000,2026-03-22T00:50:26Z
atp,2023-02-06,S0F7,Alexandros Skorilas,Alexandros Skorilas,956,13,https://www.atptour.com/en/rankings/singles?dateWeek=2023-02-06&rankRange=0-5000,2026-03-22T00:50:26Z
atp,2023-02-06,J0CM,Viktor Jovic,Viktor Jovic,957,13,https://www.atptour.com/en/rankings/singles?dateWeek=2023-02-06&rankRange=0-5000,2026-03-22T00:50:26Z
atp,2023-02-06,K771,Marsel Ilhan,Marsel Ilhan,958,13,https://www.atptour.com/en/rankings/singles?dateWeek=2023-02-06&rankRange=0-5000,2026-03-22T00:50:26Z
atp,2023-02-06,J0D2,Maximus Jones,Maximus Jones,959,13,https://www.atptour.com/en/rankings/singles?dateWeek=2023-02-06&rankRange=0-5000,2026-03-22T00:50:26Z
atp,2023-02-06,E690,Matthew Ebden,Matthew Ebden,960,12,https://www.atptour.com/en/rankings/singles?dateWeek=2023-02-06&rankRange=0-5000,2026-03-22T00:50:26Z
atp,2023-02-06,FC25,Boris Fassbender,Boris Fassbender,961,12,https://www.atptour.com/en/rankings/singles?dateWeek=2023-02-06&rankRange=0-5000,2026-03-22T00:50:26Z
atp,2023-02-06,G0DD,William Grant,William Grant,962,12,https://www.atptour.com/en/rankings/singles?dateWeek=2023-02-06&rankRange=0-5000,2026-03-22T00:50:26Z
atp,2023-02-06,MN70,Joao Menezes,Joao Menezes,963,12,https://www.atptour.com/en/rankings/singles?dateWeek=2023-02-06&rankRange=0-5000,2026-03-22T00:50:26Z
atp,2023-02-06,Z0BZ,Michael Zheng,Michael Zheng,964,12,https://www.atptour.com/en/rankings/singles?dateWeek=2023-02-06&rankRange=0-5000,2026-03-22T00:50:26Z
atp,2023-02-06,O507,Julian Ocleppo,Julian Ocleppo,965,12,https://www.atptour.com/en/rankings/singles?dateWeek=2023-02-06&rankRange=0-5000,2026-03-22T00:50:26Z
atp,2023-02-06,BK12,Adrian Bodmer,Adrian Bodmer,966,12,https://www.atptour.com/en/rankings/singles?dateWeek=2023-02-06&rankRange=0-5000,2026-03-22T00:50:26Z
atp,2023-02-06,O663,Jannik Opitz,Jannik Opitz,967,12,https://www.atptour.com/en/rankings/singles?dateWeek=2023-02-06&rankRange=0-5000,2026-03-22T00:50:26Z
atp,2023-02-06,K0EL,Alexander Kotzen,Alexander Kotzen,968,12,https://www.atptour.com/en/rankings/singles?dateWeek=2023-02-06&rankRange=0-5000,2026-03-22T00:50:26Z
atp,2023-02-06,B0HY,Isaac Becroft,Isaac Becroft,969,12,https://www.atptour.com/en/rankings/singles?dateWeek=2023-02-06&rankRange=0-5000,2026-03-22T00:50:26Z
atp,2023-02-06,W09T,Luca Wiedenmann,Luca Wiedenmann,970,12,https://www.atptour.com/en/rankings/singles?dateWeek=2023-02-06&rankRange=0-5000,2026-03-22T00:50:26Z
atp,2023-02-06,D0FA,Yassine Dlimi,Yassine Dlimi,971,12,https://www.atptour.com/en/rankings/singles?dateWeek=2023-02-06&rankRange=0-5000,2026-03-22T00:50:26Z
atp,2023-02-06,C0KH,Julio Cesar Porras,Julio Cesar Porras,972,12,https://www.atptour.com/en/rankings/singles?dateWeek=2023-02-06&rankRange=0-5000,2026-03-22T00:50:26Z
atp,2023-02-06,B0NV,Patrick Brady,Patrick Brady,973,12,https://www.atptour.com/en/rankings/singles?dateWeek=2023-02-06&rankRange=0-5000,2026-03-22T00:50:26Z
atp,2023-02-06,P0KJ,Derek Pham,Derek Pham,974,12,https://www.atptour.com/en/rankings/singles?dateWeek=2023-02-06&rankRange=0-5000,2026-03-22T00:50:26Z
atp,2023-02-06,PL69,Kody Pearson,Kody Pearson,975,12,https://www.atptour.com/en/rankings/singles?dateWeek=2023-02-06&rankRange=0-5000,2026-03-22T00:50:26Z
atp,2023-02-06,D0C2,Dax Donders,Dax Donders,976,12,https://www.atptour.com/en/rankings/singles?dateWeek=2023-02-06&rankRange=0-5000,2026-03-22T00:50:26Z
atp,2023-02-06,C0JV,Lorenzo Claverie,Lorenzo Claverie,977,12,https://www.atptour.com/en/rankings/singles?dateWeek=2023-02-06&rankRange=0-5000,2026-03-22T00:50:26Z
atp,2023-02-06,LG37,Grigoriy Lomakin,Grigoriy Lomakin,978,12,https://www.atptour.com/en/rankings/singles?dateWeek=2023-02-06&rankRange=0-5000,2026-03-22T00:50:26Z
atp,2023-02-06,V0BD,Nikolay Vylegzhanin,Nikolay Vylegzhanin,979,12,https://www.atptour.com/en/rankings/singles?dateWeek=2023-02-06&rankRange=0-5000,2026-03-22T00:50:26Z
atp,2023-02-06,V0BP,Marlon Vankan,Marlon Vankan,982,12,https://www.atptour.com/en/rankings/singles?dateWeek=2023-02-06&rankRange=0-5000,2026-03-22T00:50:26Z
atp,2023-02-06,BU35,Maxence Broville,Maxence Broville,983,12,https://www.atptour.com/en/rankings/singles?dateWeek=2023-02-06&rankRange=0-5000,2026-03-22T00:50:26Z
atp,2023-02-06,M0MW,Xavi Matas Ortega,Xavi Matas Ortega,984,12,https://www.atptour.com/en/rankings/singles?dateWeek=2023-02-06&rankRange=0-5000,2026-03-22T00:50:26Z
atp,2023-02-06,Z0C3,Maxim Zhukov,Maxim Zhukov,985,12,https://www.atptour.com/en/rankings/singles?dateWeek=2023-02-06&rankRange=0-5000,2026-03-22T00:50:26Z
atp,2023-02-06,G0D9,Igor Gimenez,Igor Gimenez,986,12,https://www.atptour.com/en/rankings/singles?dateWeek=2023-02-06&rankRange=0-5000,2026-03-22T00:50:26Z
atp,2023-02-06,W0AJ,Seita Watanabe,Seita Watanabe,987,12,https://www.atptour.com/en/rankings/singles?dateWeek=2023-02-06&rankRange=0-5000,2026-03-22T00:50:26Z
atp,2023-02-06,S0LT,Daniel Siniakov,Daniel Siniakov,988,12,https://www.atptour.com/en/rankings/singles?dateWeek=2023-02-06&rankRange=0-5000,2026-03-22T00:50:26Z
atp,2023-02-06,O656,Adrian Oetzbach,Adrian Oetzbach,989,12,https://www.atptour.com/en/rankings/singles?dateWeek=2023-02-06&rankRange=0-5000,2026-03-22T00:50:26Z
atp,2023-02-06,I09E,Vladislav Ivanov,Vladislav Ivanov,992,12,https://www.atptour.com/en/rankings/singles?dateWeek=2023-02-06&rankRange=0-5000,2026-03-22T00:50:26Z
atp,2023-02-06,KD48,Markos Kalovelonis,Markos Kalovelonis,993,11,https://www.atptour.com/en/rankings/singles?dateWeek=2023-02-06&rankRange=0-5000,2026-03-22T00:50:26Z
atp,2023-02-06,O411,Albano Olivetti,Albano Olivetti,994,11,https://www.atptour.com/en/rankings/singles?dateWeek=2023-02-06&rankRange=0-5000,2026-03-22T00:50:26Z
atp,2023-02-06,Z09F,Patrick Zahraj,Patrick Zahraj,995,11,https://www.atptour.com/en/rankings/singles?dateWeek=2023-02-06&rankRange=0-5000,2026-03-22T00:50:26Z
atp,2023-02-06,BJ70,Juan Manuel Benitez Chavarriaga,Juan Manuel Benitez Chavarriaga,996,11,https://www.atptour.com/en/rankings/singles?dateWeek=2023-02-06&rankRange=0-5000,2026-03-22T00:50:26Z
atp,2023-02-06,T0GF,JJ Tracy,Jj Tracy,997,11,https://www.atptour.com/en/rankings/singles?dateWeek=2023-02-06&rankRange=0-5000,2026-03-22T00:50:26Z
atp,2023-02-06,B0I6,Samir Banerjee,Samir Banerjee,1000,11,https://www.atptour.com/en/rankings/singles?dateWeek=2023-02-06&rankRange=0-5000,2026-03-22T00:50:26Z
atp,2023-02-06,VA48,Siddharth Vishwakarma,Siddharth Vishwakarma,1001,11,https://www.atptour.com/en/rankings/singles?dateWeek=2023-02-06&rankRange=0-5000,2026-03-22T00:50:26Z
atp,2023-02-06,Z0C9,Marcel Zielinski,Marcel Zielinski,1002,11,https://www.atptour.com/en/rankings/singles?dateWeek=2023-02-06&rankRange=0-5000,2026-03-22T00:50:26Z
atp,2023-02-06,J0CW,Yunseok Jang,Yunseok Jang,1003,11,https://www.atptour.com/en/rankings/singles?dateWeek=2023-02-06&rankRange=0-5000,2026-03-22T00:50:26Z
atp,2023-02-06,B0GT,Lorenzo Bresciani,Lorenzo Bresciani,1004,11,https://www.atptour.com/en/rankings/singles?dateWeek=2023-02-06&rankRange=0-5000,2026-03-22T00:50:26Z
atp,2023-02-06,S0SD,Jasza Szajrych,Jasza Szajrych,1005,11,https://www.atptour.com/en/rankings/singles?dateWeek=2023-02-06&rankRange=0-5000,2026-03-22T00:50:26Z
atp,2023-02-06,F0DZ,Tobias Franco,Tobias Franco,1006,11,https://www.atptour.com/en/rankings/singles?dateWeek=2023-02-06&rankRange=0-5000,2026-03-22T00:50:26Z
atp,2023-02-06,MG08,Yannick Mertens,Yannick Mertens,1007,11,https://www.atptour.com/en/rankings/singles?dateWeek=2023-02-06&rankRange=0-5000,2026-03-22T00:50:26Z
atp,2023-02-06,SO41,Ji Hoon Son,Ji Hoon Son,1008,11,https://www.atptour.com/en/rankings/singles?dateWeek=2023-02-06&rankRange=0-5000,2026-03-22T00:50:26Z
atp,2023-02-06,I327,Guy Orly Iradukunda,Guy Orly Iradukunda,1009,11,https://www.atptour.com/en/rankings/singles?dateWeek=2023-02-06&rankRange=0-5000,2026-03-22T00:50:26Z
atp,2023-02-06,C09S,Fabio Coelho,Fabio Coelho,1010,11,https://www.atptour.com/en/rankings/singles?dateWeek=2023-02-06&rankRange=0-5000,2026-03-22T00:50:26Z
atp,2023-02-06,B0DA,Martin Breysach,Martin Breysach,1011,11,https://www.atptour.com/en/rankings/singles?dateWeek=2023-02-06&rankRange=0-5000,2026-03-22T00:50:26Z
atp,2023-02-06,SU13,Tim Sandkaulen,Tim Sandkaulen,1012,11,https://www.atptour.com/en/rankings/singles?dateWeek=2023-02-06&rankRange=0-5000,2026-03-22T00:50:26Z
atp,2023-02-06,DC99,Ignasi De Rueda De Genover,Ignasi De Rueda De Genover,1013,11,https://www.atptour.com/en/rankings/singles?dateWeek=2023-02-06&rankRange=0-5000,2026-03-22T00:50:26Z
atp,2023-02-06,B0OT,Jacob Bradshaw,Jacob Bradshaw,1014,11,https://www.atptour.com/en/rankings/singles?dateWeek=2023-02-06&rankRange=0-5000,2026-03-22T00:50:26Z
atp,2023-02-06,B0D8,Jacob Brumm,Jacob Brumm,1015,11,https://www.atptour.com/en/rankings/singles?dateWeek=2023-02-06&rankRange=0-5000,2026-03-22T00:50:26Z
atp,2023-02-06,C0HV,Luca Castagnola,Luca Castagnola,1016,11,https://www.atptour.com/en/rankings/singles?dateWeek=2023-02-06&rankRange=0-5000,2026-03-22T00:50:26Z
atp,2023-02-06,O09A,Aziz Ouakaa,Aziz Ouakaa,1017,11,https://www.atptour.com/en/rankings/singles?dateWeek=2023-02-06&rankRange=0-5000,2026-03-22T00:50:26Z
atp,2023-02-06,PC11,Guido Pella,Guido Pella,1018,10,https://www.atptour.com/en/rankings/singles?dateWeek=2023-02-06&rankRange=0-5000,2026-03-22T00:50:26Z
atp,2023-02-06,N503,Aleksandr Nedovyesov,Aleksandr Nedovyesov,1019,10,https://www.atptour.com/en/rankings/singles?dateWeek=2023-02-06&rankRange=0-5000,2026-03-22T00:50:26Z
atp,2023-02-06,BE69,Yan Bai,Yan Bai,1020,10,https://www.atptour.com/en/rankings/singles?dateWeek=2023-02-06&rankRange=0-5000,2026-03-22T00:50:26Z
atp,2023-02-06,CF07,Hong Chung,Hong Chung,1021,10,https://www.atptour.com/en/rankings/singles?dateWeek=2023-02-06&rankRange=0-5000,2026-03-22T00:50:26Z
atp,2023-02-06,R0CG,Finn Reynolds,Finn Reynolds,1024,10,https://www.atptour.com/en/rankings/singles?dateWeek=2023-02-06&rankRange=0-5000,2026-03-22T00:50:26Z
atp,2023-02-06,S0C2,Hikaru Shiraishi,Hikaru Shiraishi,1025,10,https://www.atptour.com/en/rankings/singles?dateWeek=2023-02-06&rankRange=0-5000,2026-03-22T00:50:26Z
atp,2023-02-06,P0KP,Francisco Pini,Francisco Pini,1026,10,https://www.atptour.com/en/rankings/singles?dateWeek=2023-02-06&rankRange=0-5000,2026-03-22T00:50:26Z
atp,2023-02-06,Z272,Ze Zhang,Ze Zhang,1027,10,https://www.atptour.com/en/rankings/singles?dateWeek=2023-02-06&rankRange=0-5000,2026-03-22T00:50:26Z
atp,2023-02-06,R0F6,Francisco Rocha,Francisco Rocha,1028,10,https://www.atptour.com/en/rankings/singles?dateWeek=2023-02-06&rankRange=0-5000,2026-03-22T00:50:26Z
atp,2023-02-06,B0Q9,Andrea Bacaloni,Andrea Bacaloni,1029,10,https://www.atptour.com/en/rankings/singles?dateWeek=2023-02-06&rankRange=0-5000,2026-03-22T00:50:26Z
atp,2023-02-06,B0QC,Gilles Arnaud Bailly,Gilles Arnaud Bailly,1030,10,https://www.atptour.com/en/rankings/singles?dateWeek=2023-02-06&rankRange=0-5000,2026-03-22T00:50:26Z
atp,2023-02-06,C0N2,John Chin,John Chin,1031,10,https://www.atptour.com/en/rankings/singles?dateWeek=2023-02-06&rankRange=0-5000,2026-03-22T00:50:26Z
atp,2023-02-06,K0C9,Mac Kiger,Mac Kiger,1032,10,https://www.atptour.com/en/rankings/singles?dateWeek=2023-02-06&rankRange=0-5000,2026-03-22T00:50:26Z
atp,2023-02-06,A09W,Juan Carlos Aguilar,Juan Carlos Aguilar,1033,10,https://www.atptour.com/en/rankings/singles?dateWeek=2023-02-06&rankRange=0-5000,2026-03-22T00:50:26Z
atp,2023-02-06,K0C5,Admir Kalender,Admir Kalender,1034,10,https://www.atptour.com/en/rankings/singles?dateWeek=2023-02-06&rankRange=0-5000,2026-03-22T00:50:26Z
atp,2023-02-06,A0IH,Jack Anthrop,Jack Anthrop,1037,10,https://www.atptour.com/en/rankings/singles?dateWeek=2023-02-06&rankRange=0-5000,2026-03-22T00:50:26Z
atp,2023-02-06,S09P,Sanhui Shin,Sanhui Shin,1038,10,https://www.atptour.com/en/rankings/singles?dateWeek=2023-02-06&rankRange=0-5000,2026-03-22T00:50:26Z
atp,2023-02-06,RH21,Gianni Ross,Gianni Ross,1039,10,https://www.atptour.com/en/rankings/singles?dateWeek=2023-02-06&rankRange=0-5000,2026-03-22T00:50:26Z
atp,2023-02-06,G0I2,Adrien Gobat,Adrien Gobat,1040,10,https://www.atptour.com/en/rankings/singles?dateWeek=2023-02-06&rankRange=0-5000,2026-03-22T00:50:26Z
atp,2023-02-06,SY05,Jakob Schnaitter,Jakob Schnaitter,1041,10,https://www.atptour.com/en/rankings/singles?dateWeek=2023-02-06&rankRange=0-5000,2026-03-22T00:50:26Z
atp,2023-02-06,L397,Feliciano Lopez,Feliciano Lopez,1042,10,https://www.atptour.com/en/rankings/singles?dateWeek=2023-02-06&rankRange=0-5000,2026-03-22T00:50:26Z
atp,2023-02-06,KI10,Chad Kissell,Chad Kissell,1043,10,https://www.atptour.com/en/rankings/singles?dateWeek=2023-02-06&rankRange=0-5000,2026-03-22T00:50:26Z
atp,2023-02-06,N0DY,Fnu Nidunjianzan,Fnu Nidunjianzan,1044,10,https://www.atptour.com/en/rankings/singles?dateWeek=2023-02-06&rankRange=0-5000,2026-03-22T00:50:26Z
atp,2023-02-06,E0AB,Ishaque Eqbal,Ishaque Eqbal,1045,10,https://www.atptour.com/en/rankings/singles?dateWeek=2023-02-06&rankRange=0-5000,2026-03-22T00:50:26Z
atp,2023-02-06,O0AX,Gian Marco Ortenzi,Gian Marco Ortenzi,1046,10,https://www.atptour.com/en/rankings/singles?dateWeek=2023-02-06&rankRange=0-5000,2026-03-22T00:50:26Z
atp,2023-02-06,LF59,Chien-hsun Lo,Chien Hsun Lo,1047,10,https://www.atptour.com/en/rankings/singles?dateWeek=2023-02-06&rankRange=0-5000,2026-03-22T00:50:26Z
atp,2023-02-06,V993,Eero Vasa,Eero Vasa,1048,10,https://www.atptour.com/en/rankings/singles?dateWeek=2023-02-06&rankRange=0-5000,2026-03-22T00:50:26Z
atp,2023-02-06,P0J3,Alexander Petrov,Alexander Petrov,1049,10,https://www.atptour.com/en/rankings/singles?dateWeek=2023-02-06&rankRange=0-5000,2026-03-22T00:50:26Z
atp,2023-02-06,F0AF,Lautaro Agustin Falabella,Lautaro Agustin Falabella,1050,10,https://www.atptour.com/en/rankings/singles?dateWeek=2023-02-06&rankRange=0-5000,2026-03-22T00:50:26Z
atp,2023-02-06,CH80,Luca Castelnuovo,Luca Castelnuovo,1051,10,https://www.atptour.com/en/rankings/singles?dateWeek=2023-02-06&rankRange=0-5000,2026-03-22T00:50:26Z
atp,2023-02-06,G0BZ,Mateo Gomez,Mateo Gomez,1052,10,https://www.atptour.com/en/rankings/singles?dateWeek=2023-02-06&rankRange=0-5000,2026-03-22T00:50:26Z
atp,2023-02-06,E0CK,Gabriel Evans,Gabriel Evans,1053,10,https://www.atptour.com/en/rankings/singles?dateWeek=2023-02-06&rankRange=0-5000,2026-03-22T00:50:26Z
atp,2023-02-06,Z350,Michael Zhu,Michael Zhu,1054,10,https://www.atptour.com/en/rankings/singles?dateWeek=2023-02-06&rankRange=0-5000,2026-03-22T00:50:26Z
atp,2023-02-06,S0MC,Mehdi Sadaoui,Mehdi Sadaoui,1055,10,https://www.atptour.com/en/rankings/singles?dateWeek=2023-02-06&rankRange=0-5000,2026-03-22T00:50:26Z
atp,2023-02-06,A0GQ,Wissam Abderrahman,Wissam Abderrahman,1056,10,https://www.atptour.com/en/rankings/singles?dateWeek=2023-02-06&rankRange=0-5000,2026-03-22T00:50:26Z
atp,2023-02-06,E0AQ,Tom Evans,Tom Evans,1057,10,https://www.atptour.com/en/rankings/singles?dateWeek=2023-02-06&rankRange=0-5000,2026-03-22T00:50:26Z
atp,2023-02-06,R419,Tommy Robredo,Tommy Robredo,1058,9,https://www.atptour.com/en/rankings/singles?dateWeek=2023-02-06&rankRange=0-5000,2026-03-22T00:50:26Z
atp,2023-02-06,R0HP,Lucio Ratti,Lucio Ratti,1059,9,https://www.atptour.com/en/rankings/singles?dateWeek=2023-02-06&rankRange=0-5000,2026-03-22T00:50:26Z
atp,2023-02-06,F965,Sora Fukuda,Sora Fukuda,1060,9,https://www.atptour.com/en/rankings/singles?dateWeek=2023-02-06&rankRange=0-5000,2026-03-22T00:50:26Z
atp,2023-02-06,I0B0,Andre Ilagan,Andre Ilagan,1061,9,https://www.atptour.com/en/rankings/singles?dateWeek=2023-02-06&rankRange=0-5000,2026-03-22T00:50:26Z
atp,2023-02-06,S0IN,Woobin Shin,Woobin Shin,1062,9,https://www.atptour.com/en/rankings/singles?dateWeek=2023-02-06&rankRange=0-5000,2026-03-22T00:50:26Z
atp,2023-02-06,A0E5,Theo Arribage,Theo Arribage,1065,9,https://www.atptour.com/en/rankings/singles?dateWeek=2023-02-06&rankRange=0-5000,2026-03-22T00:50:26Z
atp,2023-02-06,C0LM,Charlie Camus,Charlie Camus,1068,9,https://www.atptour.com/en/rankings/singles?dateWeek=2023-02-06&rankRange=0-5000,2026-03-22T00:50:26Z
atp,2023-02-06,VA67,Valentin Vanta,Valentin Vanta,1069,9,https://www.atptour.com/en/rankings/singles?dateWeek=2023-02-06&rankRange=0-5000,2026-03-22T00:50:26Z
atp,2023-02-06,K0HZ,Aidan Kim,Aidan Kim,1070,9,https://www.atptour.com/en/rankings/singles?dateWeek=2023-02-06&rankRange=0-5000,2026-03-22T00:50:26Z
atp,2023-02-06,RC53,Gabriel Roveri Sidney,Gabriel Roveri Sidney,1071,9,https://www.atptour.com/en/rankings/singles?dateWeek=2023-02-06&rankRange=0-5000,2026-03-22T00:50:26Z
atp,2023-02-06,S0NO,Ezequiel Simonit,Ezequiel Simonit,1072,9,https://www.atptour.com/en/rankings/singles?dateWeek=2023-02-06&rankRange=0-5000,2026-03-22T00:50:26Z
atp,2023-02-06,L0B7,Kai Lemstra,Kai Lemstra,1075,9,https://www.atptour.com/en/rankings/singles?dateWeek=2023-02-06&rankRange=0-5000,2026-03-22T00:50:26Z
atp,2023-02-06,CI96,Julian Cash,Julian Cash,1076,9,https://www.atptour.com/en/rankings/singles?dateWeek=2023-02-06&rankRange=0-5000,2026-03-22T00:50:26Z
atp,2023-02-06,RD21,Giorgio Ricca,Giorgio Ricca,1079,9,https://www.atptour.com/en/rankings/singles?dateWeek=2023-02-06&rankRange=0-5000,2026-03-22T00:50:26Z
atp,2023-02-06,MI69,Alexis Musialek,Alexis Musialek,1080,9,https://www.atptour.com/en/rankings/singles?dateWeek=2023-02-06&rankRange=0-5000,2026-03-22T00:50:26Z
atp,2023-02-06,C0FR,Federico Campana,Federico Campana,1083,9,https://www.atptour.com/en/rankings/singles?dateWeek=2023-02-06&rankRange=0-5000,2026-03-22T00:50:26Z
atp,2023-02-06,M09J,Louroi Martinez,Louroi Martinez,1084,9,https://www.atptour.com/en/rankings/singles?dateWeek=2023-02-06&rankRange=0-5000,2026-03-22T00:50:26Z
atp,2023-02-06,WB24,Yann Wojcik,Yann Wojcik,1085,9,https://www.atptour.com/en/rankings/singles?dateWeek=2023-02-06&rankRange=0-5000,2026-03-22T00:50:26Z
atp,2023-02-06,M0DW,Michal Mikula,Michal Mikula,1086,9,https://www.atptour.com/en/rankings/singles?dateWeek=2023-02-06&rankRange=0-5000,2026-03-22T00:50:26Z
atp,2023-02-06,BU64,Nicolas Bruna,Nicolas Bruna,1087,9,https://www.atptour.com/en/rankings/singles?dateWeek=2023-02-06&rankRange=0-5000,2026-03-22T00:50:26Z
atp,2023-02-06,ME70,Alejandro Mendoza,Alejandro Mendoza,1088,9,https://www.atptour.com/en/rankings/singles?dateWeek=2023-02-06&rankRange=0-5000,2026-03-22T00:50:26Z
atp,2023-02-06,H0EZ,Samir Hamza Reguig,Samir Hamza Reguig,1089,9,https://www.atptour.com/en/rankings/singles?dateWeek=2023-02-06&rankRange=0-5000,2026-03-22T00:50:26Z
atp,2023-02-06,T885,Kento Takeuchi,Kento Takeuchi,1090,9,https://www.atptour.com/en/rankings/singles?dateWeek=2023-02-06&rankRange=0-5000,2026-03-22T00:50:26Z
atp,2023-02-06,W0ED,James Watt,James Watt,1091,8,https://www.atptour.com/en/rankings/singles?dateWeek=2023-02-06&rankRange=0-5000,2026-03-22T00:50:26Z
atp,2023-02-06,B0PC,Jacob Bickersteth,Jacob Bickersteth,1092,8,https://www.atptour.com/en/rankings/singles?dateWeek=2023-02-06&rankRange=0-5000,2026-03-22T00:50:26Z
atp,2023-02-06,L0IL,Martin Landaluce,Martin Landaluce,1093,8,https://www.atptour.com/en/rankings/singles?dateWeek=2023-02-06&rankRange=0-5000,2026-03-22T00:50:26Z
atp,2023-02-06,U174,Kaito Uesugi,Kaito Uesugi,1094,8,https://www.atptour.com/en/rankings/singles?dateWeek=2023-02-06&rankRange=0-5000,2026-03-22T00:50:26Z
atp,2023-02-06,H0D9,Cleeve Harper,Cleeve Harper,1095,8,https://www.atptour.com/en/rankings/singles?dateWeek=2023-02-06&rankRange=0-5000,2026-03-22T00:50:26Z
atp,2023-02-06,SQ48,Ryan Shane,Ryan Shane,1096,8,https://www.atptour.com/en/rankings/singles?dateWeek=2023-02-06&rankRange=0-5000,2026-03-22T00:50:26Z
atp,2023-02-06,S0E6,Stijn Slump,Stijn Slump,1097,8,https://www.atptour.com/en/rankings/singles?dateWeek=2023-02-06&rankRange=0-5000,2026-03-22T00:50:26Z
atp,2023-02-06,ML59,Mateo Nicolas Martinez,Mateo Nicolas Martinez,1098,8,https://www.atptour.com/en/rankings/singles?dateWeek=2023-02-06&rankRange=0-5000,2026-03-22T00:50:26Z
atp,2023-02-06,A0AN,Cengiz Aksu,Cengiz Aksu,1099,8,https://www.atptour.com/en/rankings/singles?dateWeek=2023-02-06&rankRange=0-5000,2026-03-22T00:50:26Z
atp,2023-02-06,A943,Vasile Antonescu,Vasile Antonescu,1100,8,https://www.atptour.com/en/rankings/singles?dateWeek=2023-02-06&rankRange=0-5000,2026-03-22T00:50:26Z
atp,2023-02-06,N762,Eduardo Nava,Eduardo Nava,1101,8,https://www.atptour.com/en/rankings/singles?dateWeek=2023-02-06&rankRange=0-5000,2026-03-22T00:50:26Z
atp,2023-02-06,TC09,Pol Toledo Bague,Pol Toledo Bague,1102,8,https://www.atptour.com/en/rankings/singles?dateWeek=2023-02-06&rankRange=0-5000,2026-03-22T00:50:26Z
atp,2023-02-06,PJ18,Joshua Paris,Joshua Paris,1103,8,https://www.atptour.com/en/rankings/singles?dateWeek=2023-02-06&rankRange=0-5000,2026-03-22T00:50:26Z
atp,2023-02-06,FA69,Simon Freund,Simon Freund,1104,8,https://www.atptour.com/en/rankings/singles?dateWeek=2023-02-06&rankRange=0-5000,2026-03-22T00:50:26Z
atp,2023-02-06,C0B9,Kuzey Cekirge,Kuzey Cekirge,1105,8,https://www.atptour.com/en/rankings/singles?dateWeek=2023-02-06&rankRange=0-5000,2026-03-22T00:50:26Z
atp,2023-02-06,B0BK,Aleksandr Braynin,Aleksandr Braynin,1106,8,https://www.atptour.com/en/rankings/singles?dateWeek=2023-02-06&rankRange=0-5000,2026-03-22T00:50:26Z
atp,2023-02-06,N0CA,Nikolay Nedelchev,Nikolay Nedelchev,1107,8,https://www.atptour.com/en/rankings/singles?dateWeek=2023-02-06&rankRange=0-5000,2026-03-22T00:50:26Z
atp,2023-02-06,R0H6,Leonardo Rossi,Leonardo Rossi,1108,8,https://www.atptour.com/en/rankings/singles?dateWeek=2023-02-06&rankRange=0-5000,2026-03-22T00:50:26Z
atp,2023-02-06,TF57,Giuseppe Tresca,Giuseppe Tresca,1109,8,https://www.atptour.com/en/rankings/singles?dateWeek=2023-02-06&rankRange=0-5000,2026-03-22T00:50:26Z
atp,2023-02-06,P0AY,Luka Pavlovic,Luka Pavlovic,1110,8,https://www.atptour.com/en/rankings/singles?dateWeek=2023-02-06&rankRange=0-5000,2026-03-22T00:50:26Z
atp,2023-02-06,TC87,Jonas Trinker,Jonas Trinker,1111,8,https://www.atptour.com/en/rankings/singles?dateWeek=2023-02-06&rankRange=0-5000,2026-03-22T00:50:26Z
atp,2023-02-06,C09D,Loic Cloes,Loic Cloes,1112,8,https://www.atptour.com/en/rankings/singles?dateWeek=2023-02-06&rankRange=0-5000,2026-03-22T00:50:26Z
atp,2023-02-06,S0UU,Maxim Shin,Maxim Shin,1113,8,https://www.atptour.com/en/rankings/singles?dateWeek=2023-02-06&rankRange=0-5000,2026-03-22T00:50:26Z
atp,2023-02-06,M0HQ,Obrad Markovski,Obrad Markovski,1114,8,https://www.atptour.com/en/rankings/singles?dateWeek=2023-02-06&rankRange=0-5000,2026-03-22T00:50:26Z
atp,2023-02-06,N0BU,Daniel Antonio Nunez,Daniel Antonio Nunez,1115,8,https://www.atptour.com/en/rankings/singles?dateWeek=2023-02-06&rankRange=0-5000,2026-03-22T00:50:26Z
atp,2023-02-06,RH87,Rishi Reddy,Rishi Reddy,1116,8,https://www.atptour.com/en/rankings/singles?dateWeek=2023-02-06&rankRange=0-5000,2026-03-22T00:50:26Z
atp,2023-02-06,K0AB,Adil Kalyanpur,Adil Kalyanpur,1117,8,https://www.atptour.com/en/rankings/singles?dateWeek=2023-02-06&rankRange=0-5000,2026-03-22T00:50:26Z
atp,2023-02-06,A0IA,Erik Arutiunian,Erik Arutiunian,1118,8,https://www.atptour.com/en/rankings/singles?dateWeek=2023-02-06&rankRange=0-5000,2026-03-22T00:50:26Z
atp,2023-02-06,F902,Jesse Flores,Jesse Flores,1119,8,https://www.atptour.com/en/rankings/singles?dateWeek=2023-02-06&rankRange=0-5000,2026-03-22T00:50:26Z
atp,2023-02-06,J732,Ben Jones,Ben Jones,1120,8,https://www.atptour.com/en/rankings/singles?dateWeek=2023-02-06&rankRange=0-5000,2026-03-22T00:50:26Z
atp,2023-02-06,S09K,Gorazd Srbljak,Gorazd Srbljak,1121,8,https://www.atptour.com/en/rankings/singles?dateWeek=2023-02-06&rankRange=0-5000,2026-03-22T00:50:26Z
atp,2023-02-06,RA51,Blaz Rola,Blaz Rola,1122,7,https://www.atptour.com/en/rankings/singles?dateWeek=2023-02-06&rankRange=0-5000,2026-03-22T00:50:26Z
atp,2023-02-06,L0DK,Joshua Lapadat,Joshua Lapadat,1125,7,https://www.atptour.com/en/rankings/singles?dateWeek=2023-02-06&rankRange=0-5000,2026-03-22T00:50:26Z
atp,2023-02-06,BU78,Finn Bass,Finn Bass,1128,7,https://www.atptour.com/en/rankings/singles?dateWeek=2023-02-06&rankRange=0-5000,2026-03-22T00:50:26Z
atp,2023-02-06,SN77,Vaclav Safranek,Vaclav Safranek,1129,7,https://www.atptour.com/en/rankings/singles?dateWeek=2023-02-06&rankRange=0-5000,2026-03-22T00:50:26Z
atp,2023-02-06,KC89,Jae Hwan Kim,Jae Hwan Kim,1130,7,https://www.atptour.com/en/rankings/singles?dateWeek=2023-02-06&rankRange=0-5000,2026-03-22T00:50:26Z
atp,2023-02-06,L0G4,Lorenzo Lorusso,Lorenzo Lorusso,1131,7,https://www.atptour.com/en/rankings/singles?dateWeek=2023-02-06&rankRange=0-5000,2026-03-22T00:50:26Z
atp,2023-02-06,BU89,Antonin Bolardt,Antonin Bolardt,1132,7,https://www.atptour.com/en/rankings/singles?dateWeek=2023-02-06&rankRange=0-5000,2026-03-22T00:50:26Z
atp,2023-02-06,L0IP,Jack Loutit,Jack Loutit,1133,7,https://www.atptour.com/en/rankings/singles?dateWeek=2023-02-06&rankRange=0-5000,2026-03-22T00:50:26Z
atp,2023-02-06,A0C5,Dimitris Azoidis,Dimitris Azoidis,1134,7,https://www.atptour.com/en/rankings/singles?dateWeek=2023-02-06&rankRange=0-5000,2026-03-22T00:50:26Z
atp,2023-02-06,H0EB,Hunter Heck,Hunter Heck,1135,7,https://www.atptour.com/en/rankings/singles?dateWeek=2023-02-06&rankRange=0-5000,2026-03-22T00:50:26Z
atp,2023-02-06,V505,Vishnu Vardhan,Vishnu Vardhan,1136,7,https://www.atptour.com/en/rankings/singles?dateWeek=2023-02-06&rankRange=0-5000,2026-03-22T00:50:26Z
atp,2023-02-06,CN07,Shohei Chikami,Shohei Chikami,1137,7,https://www.atptour.com/en/rankings/singles?dateWeek=2023-02-06&rankRange=0-5000,2026-03-22T00:50:26Z
atp,2023-02-06,L0I5,Mitsuki Wei Kang Leong,Mitsuki Wei Kang Leong,1140,7,https://www.atptour.com/en/rankings/singles?dateWeek=2023-02-06&rankRange=0-5000,2026-03-22T00:50:26Z
atp,2023-02-06,G0BH,Roi Ginat,Roi Ginat,1141,7,https://www.atptour.com/en/rankings/singles?dateWeek=2023-02-06&rankRange=0-5000,2026-03-22T00:50:26Z
atp,2023-02-06,MP95,Gabriele Moghini,Gabriele Moghini,1142,7,https://www.atptour.com/en/rankings/singles?dateWeek=2023-02-06&rankRange=0-5000,2026-03-22T00:50:26Z
atp,2023-02-06,W0DD,Cooper Williams,Cooper Williams,1143,7,https://www.atptour.com/en/rankings/singles?dateWeek=2023-02-06&rankRange=0-5000,2026-03-22T00:50:26Z
atp,2023-02-06,G0DK,Julián Gimenez,Julián Gimenez,1144,7,https://www.atptour.com/en/rankings/singles?dateWeek=2023-02-06&rankRange=0-5000,2026-03-22T00:50:26Z
atp,2023-02-06,M0E2,Matvey Minin,Matvey Minin,1145,7,https://www.atptour.com/en/rankings/singles?dateWeek=2023-02-06&rankRange=0-5000,2026-03-22T00:50:26Z
atp,2023-02-06,B0I2,Kalman L. Boyd,Kalman L. Boyd,1150,7,https://www.atptour.com/en/rankings/singles?dateWeek=2023-02-06&rankRange=0-5000,2026-03-22T00:50:26Z
atp,2023-02-06,B0LQ,Petr Bar Biryukov,Petr Bar Biryukov,1151,7,https://www.atptour.com/en/rankings/singles?dateWeek=2023-02-06&rankRange=0-5000,2026-03-22T00:50:26Z
atp,2023-02-06,R0AC,Alessandro Ragazzi,Alessandro Ragazzi,1152,7,https://www.atptour.com/en/rankings/singles?dateWeek=2023-02-06&rankRange=0-5000,2026-03-22T00:50:26Z
atp,2023-02-06,Y0A9,Facundo Yunis,Facundo Yunis,1153,7,https://www.atptour.com/en/rankings/singles?dateWeek=2023-02-06&rankRange=0-5000,2026-03-22T00:50:26Z
atp,2023-02-06,SX77,Isaiah Strode,Isaiah Strode,1154,7,https://www.atptour.com/en/rankings/singles?dateWeek=2023-02-06&rankRange=0-5000,2026-03-22T00:50:26Z
atp,2023-02-06,M0EE,Mario Mansilla Diez,Mario Mansilla Diez,1155,7,https://www.atptour.com/en/rankings/singles?dateWeek=2023-02-06&rankRange=0-5000,2026-03-22T00:50:26Z
atp,2023-02-06,B0G6,Preston Brown,Preston Brown,1156,7,https://www.atptour.com/en/rankings/singles?dateWeek=2023-02-06&rankRange=0-5000,2026-03-22T00:50:26Z
atp,2023-02-06,TC95,Johan Tatlot,Johan Tatlot,1160,6,https://www.atptour.com/en/rankings/singles?dateWeek=2023-02-06&rankRange=0-5000,2026-03-22T00:50:26Z
atp,2023-02-06,I236,Uladzimir Ignatik,Uladzimir Ignatik,1166,6,https://www.atptour.com/en/rankings/singles?dateWeek=2023-02-06&rankRange=0-5000,2026-03-22T00:50:26Z
atp,2023-02-06,H0I9,Asahi Harazaki,Asahi Harazaki,1167,6,https://www.atptour.com/en/rankings/singles?dateWeek=2023-02-06&rankRange=0-5000,2026-03-22T00:50:26Z
atp,2023-02-06,F786,Sanjar Fayziev,Sanjar Fayziev,1168,6,https://www.atptour.com/en/rankings/singles?dateWeek=2023-02-06&rankRange=0-5000,2026-03-22T00:50:26Z
atp,2023-02-06,S0UV,Rei Sakamoto,Rei Sakamoto,1171,6,https://www.atptour.com/en/rankings/singles?dateWeek=2023-02-06&rankRange=0-5000,2026-03-22T00:50:26Z
atp,2023-02-06,S0TU,Bjorn Swenson,Bjorn Swenson,1172,6,https://www.atptour.com/en/rankings/singles?dateWeek=2023-02-06&rankRange=0-5000,2026-03-22T00:50:26Z
atp,2023-02-06,SY55,Dalwinder Singh,Dalwinder Singh,1173,6,https://www.atptour.com/en/rankings/singles?dateWeek=2023-02-06&rankRange=0-5000,2026-03-22T00:50:26Z
atp,2023-02-06,WB23,Warren Wood,Warren Wood,1174,6,https://www.atptour.com/en/rankings/singles?dateWeek=2023-02-06&rankRange=0-5000,2026-03-22T00:50:26Z
atp,2023-02-06,Q025,Faisal Qamar,Faisal Qamar,1175,6,https://www.atptour.com/en/rankings/singles?dateWeek=2023-02-06&rankRange=0-5000,2026-03-22T00:50:26Z
atp,2023-02-06,T0AB,Linh Giang Trinh,Linh Giang Trinh,1178,6,https://www.atptour.com/en/rankings/singles?dateWeek=2023-02-06&rankRange=0-5000,2026-03-22T00:50:26Z
atp,2023-02-06,I0B6,Paul Inchauspe,Paul Inchauspe,1179,6,https://www.atptour.com/en/rankings/singles?dateWeek=2023-02-06&rankRange=0-5000,2026-03-22T00:50:26Z
atp,2023-02-06,N0AS,Frane Nincevic,Frane Nincevic,1180,6,https://www.atptour.com/en/rankings/singles?dateWeek=2023-02-06&rankRange=0-5000,2026-03-22T00:50:26Z
atp,2023-02-06,S0O4,Jordan Smith,Jordan Smith,1183,6,https://www.atptour.com/en/rankings/singles?dateWeek=2023-02-06&rankRange=0-5000,2026-03-22T00:50:26Z
atp,2023-02-06,BV20,Nicholas Bybel,Nicholas Bybel,1184,6,https://www.atptour.com/en/rankings/singles?dateWeek=2023-02-06&rankRange=0-5000,2026-03-22T00:50:26Z
atp,2023-02-06,P09S,Benjamin Pietri,Benjamin Pietri,1187,6,https://www.atptour.com/en/rankings/singles?dateWeek=2023-02-06&rankRange=0-5000,2026-03-22T00:50:26Z
atp,2023-02-06,M0F4,Brandon Murphy,Brandon Murphy,1188,6,https://www.atptour.com/en/rankings/singles?dateWeek=2023-02-06&rankRange=0-5000,2026-03-22T00:50:26Z
atp,2023-02-06,SJ67,Ko Suzuki,Ko Suzuki,1189,6,https://www.atptour.com/en/rankings/singles?dateWeek=2023-02-06&rankRange=0-5000,2026-03-22T00:50:26Z
atp,2023-02-06,MW83,Jody Maginley,Jody Maginley,1190,6,https://www.atptour.com/en/rankings/singles?dateWeek=2023-02-06&rankRange=0-5000,2026-03-22T00:50:26Z
atp,2023-02-06,S0ED,Fletcher Scott,Fletcher Scott,1191,6,https://www.atptour.com/en/rankings/singles?dateWeek=2023-02-06&rankRange=0-5000,2026-03-22T00:50:26Z
atp,2023-02-06,S0JB,Noah Schachter,Noah Schachter,1192,6,https://www.atptour.com/en/rankings/singles?dateWeek=2023-02-06&rankRange=0-5000,2026-03-22T00:50:26Z
atp,2023-02-06,M0HO,Mihai Razvan Marinescu,Mihai Razvan Marinescu,1193,6,https://www.atptour.com/en/rankings/singles?dateWeek=2023-02-06&rankRange=0-5000,2026-03-22T00:50:26Z
atp,2023-02-06,M0GX,Javier Molino,Javier Molino,1196,6,https://www.atptour.com/en/rankings/singles?dateWeek=2023-02-06&rankRange=0-5000,2026-03-22T00:50:26Z
atp,2023-02-06,CN05,Giovanni Calvano,Giovanni Calvano,1200,6,https://www.atptour.com/en/rankings/singles?dateWeek=2023-02-06&rankRange=0-5000,2026-03-22T00:50:26Z
atp,2023-02-06,M0MU,Michal Novansky,Michal Novansky,1201,6,https://www.atptour.com/en/rankings/singles?dateWeek=2023-02-06&rankRange=0-5000,2026-03-22T00:50:26Z
atp,2023-02-06,M0IC,Giannicola Misasi,Giannicola Misasi,1202,6,https://www.atptour.com/en/rankings/singles?dateWeek=2023-02-06&rankRange=0-5000,2026-03-22T00:50:26Z
atp,2023-02-06,B0MI,Omar Brigida,Omar Brigida,1203,6,https://www.atptour.com/en/rankings/singles?dateWeek=2023-02-06&rankRange=0-5000,2026-03-22T00:50:26Z
atp,2023-02-06,G0D2,Andrea Gola,Andrea Gola,1204,6,https://www.atptour.com/en/rankings/singles?dateWeek=2023-02-06&rankRange=0-5000,2026-03-22T00:50:26Z
atp,2023-02-06,N0B3,Joao Marcos Nusdeo,Joao Marcos Nusdeo,1205,6,https://www.atptour.com/en/rankings/singles?dateWeek=2023-02-06&rankRange=0-5000,2026-03-22T00:50:26Z
atp,2023-02-06,TE14,Gabriel Tumasonis,Gabriel Tumasonis,1206,6,https://www.atptour.com/en/rankings/singles?dateWeek=2023-02-06&rankRange=0-5000,2026-03-22T00:50:26Z
atp,2023-02-06,T09L,Dostanbek Tashbulatov,Dostanbek Tashbulatov,1207,6,https://www.atptour.com/en/rankings/singles?dateWeek=2023-02-06&rankRange=0-5000,2026-03-22T00:50:26Z
atp,2023-02-06,B0G4,Gabriele Bosio,Gabriele Bosio,1208,6,https://www.atptour.com/en/rankings/singles?dateWeek=2023-02-06&rankRange=0-5000,2026-03-22T00:50:26Z
atp,2023-02-06,SL51,Matej Sabanov,Matej Sabanov,1209,5,https://www.atptour.com/en/rankings/singles?dateWeek=2023-02-06&rankRange=0-5000,2026-03-22T00:50:26Z
atp,2023-02-06,S0H9,James Story,James Story,1212,5,https://www.atptour.com/en/rankings/singles?dateWeek=2023-02-06&rankRange=0-5000,2026-03-22T00:50:26Z
atp,2023-02-06,P0B7,Sergei Pogosian,Sergei Pogosian,1215,5,https://www.atptour.com/en/rankings/singles?dateWeek=2023-02-06&rankRange=0-5000,2026-03-22T00:50:26Z
atp,2023-02-06,G0KB,Francisco Tomas Geschwind,Francisco Tomas Geschwind,1216,5,https://www.atptour.com/en/rankings/singles?dateWeek=2023-02-06&rankRange=0-5000,2026-03-22T00:50:26Z
atp,2023-02-06,H0E9,Eric Hadigian,Eric Hadigian,1230,5,https://www.atptour.com/en/rankings/singles?dateWeek=2023-02-06&rankRange=0-5000,2026-03-22T00:50:26Z
atp,2023-02-06,L09D,Aliaksandr Liaonenka,Aliaksandr Liaonenka,1231,5,https://www.atptour.com/en/rankings/singles?dateWeek=2023-02-06&rankRange=0-5000,2026-03-22T00:50:26Z
atp,2023-02-06,O0C8,Aleksander Orlikowski,Aleksander Orlikowski,1232,5,https://www.atptour.com/en/rankings/singles?dateWeek=2023-02-06&rankRange=0-5000,2026-03-22T00:50:26Z
atp,2023-02-06,S0V9,Eyal Shyovitz,Eyal Shyovitz,1236,5,https://www.atptour.com/en/rankings/singles?dateWeek=2023-02-06&rankRange=0-5000,2026-03-22T00:50:26Z
atp,2023-02-06,A0IX,Marko Andrejic,Marko Andrejic,1246,5,https://www.atptour.com/en/rankings/singles?dateWeek=2023-02-06&rankRange=0-5000,2026-03-22T00:50:26Z
atp,2023-02-06,S0EX,Hamish Stewart,Hamish Stewart,1247,5,https://www.atptour.com/en/rankings/singles?dateWeek=2023-02-06&rankRange=0-5000,2026-03-22T00:50:26Z
atp,2023-02-06,D0IO,Tuncay Duran,Tuncay Duran,1253,5,https://www.atptour.com/en/rankings/singles?dateWeek=2023-02-06&rankRange=0-5000,2026-03-22T00:50:26Z
atp,2023-02-06,L0CI,Francisco Llanes,Francisco Llanes,1256,5,https://www.atptour.com/en/rankings/singles?dateWeek=2023-02-06&rankRange=0-5000,2026-03-22T00:50:26Z
atp,2023-02-06,D0II,Jesse De Jager,Jesse De Jager,1257,5,https://www.atptour.com/en/rankings/singles?dateWeek=2023-02-06&rankRange=0-5000,2026-03-22T00:50:26Z
atp,2023-02-06,K0GE,Luc Koenig,Luc Koenig,1265,5,https://www.atptour.com/en/rankings/singles?dateWeek=2023-02-06&rankRange=0-5000,2026-03-22T00:50:26Z
atp,2023-02-06,S0IV,Paulo Andre Saraiva Dos Santos,Paulo Andre Saraiva Dos Santos,1266,5,https://www.atptour.com/en/rankings/singles?dateWeek=2023-02-06&rankRange=0-5000,2026-03-22T00:50:26Z
atp,2023-02-06,H0AA,Sean Hodkin,Sean Hodkin,1267,5,https://www.atptour.com/en/rankings/singles?dateWeek=2023-02-06&rankRange=0-5000,2026-03-22T00:50:26Z
atp,2023-02-06,SY73,Abhinav Sanjeev Shanmugam,Abhinav Sanjeev Shanmugam,1268,5,https://www.atptour.com/en/rankings/singles?dateWeek=2023-02-06&rankRange=0-5000,2026-03-22T00:50:26Z
atp,2023-02-06,T0B4,Naoki Tajima,Naoki Tajima,1269,5,https://www.atptour.com/en/rankings/singles?dateWeek=2023-02-06&rankRange=0-5000,2026-03-22T00:50:26Z
atp,2023-02-06,H0BF,Philip Henning,Philip Henning,1273,4,https://www.atptour.com/en/rankings/singles?dateWeek=2023-02-06&rankRange=0-5000,2026-03-22T00:50:26Z
atp,2023-02-06,S0TL,Yamato Sueoka,Yamato Sueoka,1285,4,https://www.atptour.com/en/rankings/singles?dateWeek=2023-02-06&rankRange=0-5000,2026-03-22T00:50:26Z
atp,2023-02-06,FA42,Carlo Alberto Fossati,Carlo Alberto Fossati,1294,4,https://www.atptour.com/en/rankings/singles?dateWeek=2023-02-06&rankRange=0-5000,2026-03-22T00:50:26Z
atp,2023-02-06,V0D0,Niels Visker,Niels Visker,1297,4,https://www.atptour.com/en/rankings/singles?dateWeek=2023-02-06&rankRange=0-5000,2026-03-22T00:50:26Z
atp,2023-02-06,PL60,Tomislav Edward Papac,Tomislav Edward Papac,1301,4,https://www.atptour.com/en/rankings/singles?dateWeek=2023-02-06&rankRange=0-5000,2026-03-22T00:50:26Z
atp,2023-02-06,P0IZ,Enrique Pena,Enrique Pena,1310,4,https://www.atptour.com/en/rankings/singles?dateWeek=2023-02-06&rankRange=0-5000,2026-03-22T00:50:26Z
atp,2023-02-06,G0IX,Arthur Gea,Arthur Gea,1311,4,https://www.atptour.com/en/rankings/singles?dateWeek=2023-02-06&rankRange=0-5000,2026-03-22T00:50:26Z
atp,2023-02-06,P0J1,Rodrigo Pacheco Mendez,Rodrigo Pacheco Mendez,1317,4,https://www.atptour.com/en/rankings/singles?dateWeek=2023-02-06&rankRange=0-5000,2026-03-22T00:50:26Z
atp,2023-02-06,L797,Lukas Lacko,Lukas Lacko,1330,4,https://www.atptour.com/en/rankings/singles?dateWeek=2023-02-06&rankRange=0-5000,2026-03-22T00:50:26Z
atp,2023-02-06,B0N3,Shay Bar Menahem,Shay Bar Menahem,1338,4,https://www.atptour.com/en/rankings/singles?dateWeek=2023-02-06&rankRange=0-5000,2026-03-22T00:50:26Z
atp,2023-02-06,G0F4,Miguel Gomes,Miguel Gomes,1341,4,https://www.atptour.com/en/rankings/singles?dateWeek=2023-02-06&rankRange=0-5000,2026-03-22T00:50:26Z
atp,2023-02-06,PM29,Hugo Pontico,Hugo Pontico,1342,4,https://www.atptour.com/en/rankings/singles?dateWeek=2023-02-06&rankRange=0-5000,2026-03-22T00:50:26Z
atp,2023-02-06,F0F6,Enzo Frances Tessari,Enzo Frances Tessari,1347,4,https://www.atptour.com/en/rankings/singles?dateWeek=2023-02-06&rankRange=0-5000,2026-03-22T00:50:26Z
atp,2023-02-06,P0HL,Pietro Pampanin,Pietro Pampanin,1353,4,https://www.atptour.com/en/rankings/singles?dateWeek=2023-02-06&rankRange=0-5000,2026-03-22T00:50:26Z
atp,2023-02-06,F0F0,Romain Faucon,Romain Faucon,1354,4,https://www.atptour.com/en/rankings/singles?dateWeek=2023-02-06&rankRange=0-5000,2026-03-22T00:50:26Z
atp,2023-02-06,SW13,Chanchai Sookton-eng,Chanchai Sookton Eng,1355,4,https://www.atptour.com/en/rankings/singles?dateWeek=2023-02-06&rankRange=0-5000,2026-03-22T00:50:26Z
atp,2023-02-06,Z0BL,Fares Zakaria,Fares Zakaria,1356,4,https://www.atptour.com/en/rankings/singles?dateWeek=2023-02-06&rankRange=0-5000,2026-03-22T00:50:26Z
atp,2023-02-06,K0HG,Milos Karol,Milos Karol,1357,4,https://www.atptour.com/en/rankings/singles?dateWeek=2023-02-06&rankRange=0-5000,2026-03-22T00:50:26Z
atp,2023-02-06,B0ME,Cesar Bouchelaghem,Cesar Bouchelaghem,1360,3,https://www.atptour.com/en/rankings/singles?dateWeek=2023-02-06&rankRange=0-5000,2026-03-22T00:50:26Z
atp,2023-02-06,CM79,Baptiste Crepatte,Baptiste Crepatte,1361,3,https://www.atptour.com/en/rankings/singles?dateWeek=2023-02-06&rankRange=0-5000,2026-03-22T00:50:26Z
atp,2023-02-06,B0LO,Matheus Bueres,Matheus Bueres,1392,3,https://www.atptour.com/en/rankings/singles?dateWeek=2023-02-06&rankRange=0-5000,2026-03-22T00:50:26Z
atp,2023-02-06,ML48,Antonio Massara,Antonio Massara,1434,3,https://www.atptour.com/en/rankings/singles?dateWeek=2023-02-06&rankRange=0-5000,2026-03-22T00:50:26Z
atp,2023-02-06,L0AO,Christian Lakoseljac,Christian Lakoseljac,1442,3,https://www.atptour.com/en/rankings/singles?dateWeek=2023-02-06&rankRange=0-5000,2026-03-22T00:50:26Z
atp,2023-02-06,J0AX,Tomas Jirousek,Tomas Jirousek,1447,3,https://www.atptour.com/en/rankings/singles?dateWeek=2023-02-06&rankRange=0-5000,2026-03-22T00:50:26Z
atp,2023-02-06,J0A9,Jiri Jenicek,Jiri Jenicek,1450,3,https://www.atptour.com/en/rankings/singles?dateWeek=2023-02-06&rankRange=0-5000,2026-03-22T00:50:26Z
atp,2023-02-06,J0CN,Adam Jurajda,Adam Jurajda,1451,3,https://www.atptour.com/en/rankings/singles?dateWeek=2023-02-06&rankRange=0-5000,2026-03-22T00:50:26Z
atp,2023-02-06,M0D8,Timur Maulenov,Timur Maulenov,1598,2,https://www.atptour.com/en/rankings/singles?dateWeek=2023-02-06&rankRange=0-5000,2026-03-22T00:50:26Z
atp,2023-02-06,V0A6,Paul Valsecchi,Paul Valsecchi,1643,2,https://www.atptour.com/en/rankings/singles?dateWeek=2023-02-06&rankRange=0-5000,2026-03-22T00:50:26Z
atp,2023-02-06,V0ET,Matas Vasiliauskas,Matas Vasiliauskas,1644,2,https://www.atptour.com/en/rankings/singles?dateWeek=2023-02-06&rankRange=0-5000,2026-03-22T00:50:26Z
atp,2023-02-06,EA34,Akram El Sallaly,Akram El Sallaly,1993,1,https://www.atptour.com/en/rankings/singles?dateWeek=2023-02-06&rankRange=0-5000,2026-03-22T00:50:26Z
atp,2023-02-06,P0IV,Matt Ponchet,Matt Ponchet,1994,1,https://www.atptour.com/en/rankings/singles?dateWeek=2023-02-06&rankRange=0-5000,2026-03-22T00:50:26Z
