tour,snapshot_date,player_id,display_name,full_name,rank,rank_points,source_url,fetched_at_utc
atp,2025-09-22,A0E2,C. Alcaraz,Carlos Alcaraz,1,11540,https://www.atptour.com/en/rankings/singles?dateWeek=2025-09-22&rankRange=0-5000,2026-03-22T00:42:20Z
atp,2025-09-22,S0AG,J. Sinner,Jannik Sinner,2,10780,https://www.atptour.com/en/rankings/singles?dateWeek=2025-09-22&rankRange=0-5000,2026-03-22T00:42:20Z
atp,2025-09-22,Z355,A. Zverev,Alexander Zverev,3,5930,https://www.atptour.com/en/rankings/singles?dateWeek=2025-09-22&rankRange=0-5000,2026-03-22T00:42:20Z
atp,2025-09-22,D643,N. Djokovic,Novak Djokovic,4,4830,https://www.atptour.com/en/rankings/singles?dateWeek=2025-09-22&rankRange=0-5000,2026-03-22T00:42:20Z
atp,2025-09-22,FB98,T. Fritz,Taylor Fritz,5,4675,https://www.atptour.com/en/rankings/singles?dateWeek=2025-09-22&rankRange=0-5000,2026-03-22T00:42:20Z
atp,2025-09-22,S0S1,B. Shelton,Ben Shelton,6,4280,https://www.atptour.com/en/rankings/singles?dateWeek=2025-09-22&rankRange=0-5000,2026-03-22T00:42:20Z
atp,2025-09-22,D0CO,J. Draper,Jack Draper,7,3690,https://www.atptour.com/en/rankings/singles?dateWeek=2025-09-22&rankRange=0-5000,2026-03-22T00:42:20Z
atp,2025-09-22,DH58,A. de Minaur,Alex De Minaur,8,3545,https://www.atptour.com/en/rankings/singles?dateWeek=2025-09-22&rankRange=0-5000,2026-03-22T00:42:20Z
atp,2025-09-22,M0EJ,L. Musetti,Lorenzo Musetti,9,3505,https://www.atptour.com/en/rankings/singles?dateWeek=2025-09-22&rankRange=0-5000,2026-03-22T00:42:20Z
atp,2025-09-22,KE29,K. Khachanov,Karen Khachanov,10,3280,https://www.atptour.com/en/rankings/singles?dateWeek=2025-09-22&rankRange=0-5000,2026-03-22T00:42:20Z
atp,2025-09-22,R0DG,H. Rune,Holger Rune,11,3090,https://www.atptour.com/en/rankings/singles?dateWeek=2025-09-22&rankRange=0-5000,2026-03-22T00:42:20Z
atp,2025-09-22,RH16,C. Ruud,Casper Ruud,12,2755,https://www.atptour.com/en/rankings/singles?dateWeek=2025-09-22&rankRange=0-5000,2026-03-22T00:42:20Z
atp,2025-09-22,AG37,F. Auger-Aliassime,Felix Auger Aliassime,13,2755,https://www.atptour.com/en/rankings/singles?dateWeek=2025-09-22&rankRange=0-5000,2026-03-22T00:42:20Z
atp,2025-09-22,RE44,A. Rublev,Andrey Rublev,14,2610,https://www.atptour.com/en/rankings/singles?dateWeek=2025-09-22&rankRange=0-5000,2026-03-22T00:42:20Z
atp,2025-09-22,PL56,T. Paul,Tommy Paul,15,2510,https://www.atptour.com/en/rankings/singles?dateWeek=2025-09-22&rankRange=0-5000,2026-03-22T00:42:20Z
atp,2025-09-22,BK92,A. Bublik,Alexander Bublik,16,2445,https://www.atptour.com/en/rankings/singles?dateWeek=2025-09-22&rankRange=0-5000,2026-03-22T00:42:20Z
atp,2025-09-22,L0BV,J. Lehecka,Jiri Lehecka,17,2415,https://www.atptour.com/en/rankings/singles?dateWeek=2025-09-22&rankRange=0-5000,2026-03-22T00:42:20Z
atp,2025-09-22,MM58,D. Medvedev,Daniil Medvedev,18,2410,https://www.atptour.com/en/rankings/singles?dateWeek=2025-09-22&rankRange=0-5000,2026-03-22T00:42:20Z
atp,2025-09-22,M0NI,J. Mensik,Jakub Mensik,19,2380,https://www.atptour.com/en/rankings/singles?dateWeek=2025-09-22&rankRange=0-5000,2026-03-22T00:42:20Z
atp,2025-09-22,DH50,A. Davidovich Fokina,Alejandro Davidovich Fokina,20,2225,https://www.atptour.com/en/rankings/singles?dateWeek=2025-09-22&rankRange=0-5000,2026-03-22T00:42:20Z
atp,2025-09-22,C0AU,F. Cerundolo,Francisco Cerundolo,21,2135,https://www.atptour.com/en/rankings/singles?dateWeek=2025-09-22&rankRange=0-5000,2026-03-22T00:42:20Z
atp,2025-09-22,M0FH,T. Machac,Tomas Machac,22,2110,https://www.atptour.com/en/rankings/singles?dateWeek=2025-09-22&rankRange=0-5000,2026-03-22T00:42:20Z
atp,2025-09-22,F0F1,A. Fils,Arthur Fils,23,2070,https://www.atptour.com/en/rankings/singles?dateWeek=2025-09-22&rankRange=0-5000,2026-03-22T00:42:20Z
atp,2025-09-22,HH26,U. Humbert,Ugo Humbert,24,2045,https://www.atptour.com/en/rankings/singles?dateWeek=2025-09-22&rankRange=0-5000,2026-03-22T00:42:20Z
atp,2025-09-22,C0E9,F. Cobolli,Flavio Cobolli,25,2040,https://www.atptour.com/en/rankings/singles?dateWeek=2025-09-22&rankRange=0-5000,2026-03-22T00:42:20Z
atp,2025-09-22,SU55,D. Shapovalov,Denis Shapovalov,26,1838,https://www.atptour.com/en/rankings/singles?dateWeek=2025-09-22&rankRange=0-5000,2026-03-22T00:42:20Z
atp,2025-09-22,TE51,S. Tsitsipas,Stefanos Tsitsipas,27,1830,https://www.atptour.com/en/rankings/singles?dateWeek=2025-09-22&rankRange=0-5000,2026-03-22T00:42:20Z
atp,2025-09-22,D875,G. Dimitrov,Grigor Dimitrov,28,1645,https://www.atptour.com/en/rankings/singles?dateWeek=2025-09-22&rankRange=0-5000,2026-03-22T00:42:20Z
atp,2025-09-22,TD51,F. Tiafoe,Frances Tiafoe,29,1640,https://www.atptour.com/en/rankings/singles?dateWeek=2025-09-22&rankRange=0-5000,2026-03-22T00:42:20Z
atp,2025-09-22,D0FJ,L. Darderi,Luciano Darderi,30,1584,https://www.atptour.com/en/rankings/singles?dateWeek=2025-09-22&rankRange=0-5000,2026-03-22T00:42:20Z
atp,2025-09-22,GJ37,T. Griekspoor,Tallon Griekspoor,31,1565,https://www.atptour.com/en/rankings/singles?dateWeek=2025-09-22&rankRange=0-5000,2026-03-22T00:42:20Z
atp,2025-09-22,M0QI,A. Michelsen,Alex Michelsen,32,1485,https://www.atptour.com/en/rankings/singles?dateWeek=2025-09-22&rankRange=0-5000,2026-03-22T00:42:20Z
atp,2025-09-22,N0AE,B. Nakashima,Brandon Nakashima,33,1420,https://www.atptour.com/en/rankings/singles?dateWeek=2025-09-22&rankRange=0-5000,2026-03-22T00:42:20Z
atp,2025-09-22,N771,C. Norrie,Cameron Norrie,34,1397,https://www.atptour.com/en/rankings/singles?dateWeek=2025-09-22&rankRange=0-5000,2026-03-22T00:42:20Z
atp,2025-09-22,D0F6,G. Diallo,Gabriel Diallo,35,1308,https://www.atptour.com/en/rankings/singles?dateWeek=2025-09-22&rankRange=0-5000,2026-03-22T00:42:20Z
atp,2025-09-22,M0GZ,G. Mpetshi Perricard,Giovanni Mpetshi Perricard,36,1275,https://www.atptour.com/en/rankings/singles?dateWeek=2025-09-22&rankRange=0-5000,2026-03-22T00:42:20Z
atp,2025-09-22,MW02,C. Moutet,Corentin Moutet,37,1233,https://www.atptour.com/en/rankings/singles?dateWeek=2025-09-22&rankRange=0-5000,2026-03-22T00:42:20Z
atp,2025-09-22,MP20,A. Muller,Alexandre Muller,38,1168,https://www.atptour.com/en/rankings/singles?dateWeek=2025-09-22&rankRange=0-5000,2026-03-22T00:42:20Z
atp,2025-09-22,P09Z,A. Popyrin,Alexei Popyrin,39,1140,https://www.atptour.com/en/rankings/singles?dateWeek=2025-09-22&rankRange=0-5000,2026-03-22T00:42:20Z
atp,2025-09-22,MU94,J. Munar,Jaume Munar,40,1138,https://www.atptour.com/en/rankings/singles?dateWeek=2025-09-22&rankRange=0-5000,2026-03-22T00:42:20Z
atp,2025-09-22,B0BI,S. Baez,Sebastian Baez,41,1135,https://www.atptour.com/en/rankings/singles?dateWeek=2025-09-22&rankRange=0-5000,2026-03-22T00:42:20Z
atp,2025-09-22,F0FV,J. Fonseca,Joao Fonseca,42,1129,https://www.atptour.com/en/rankings/singles?dateWeek=2025-09-22&rankRange=0-5000,2026-03-22T00:42:20Z
atp,2025-09-22,U182,C. Ugo Carabelli,Camilo Ugo Carabelli,43,1123,https://www.atptour.com/en/rankings/singles?dateWeek=2025-09-22&rankRange=0-5000,2026-03-22T00:42:20Z
atp,2025-09-22,SU87,L. Sonego,Lorenzo Sonego,44,1105,https://www.atptour.com/en/rankings/singles?dateWeek=2025-09-22&rankRange=0-5000,2026-03-22T00:42:20Z
atp,2025-09-22,BU13,Z. Bergs,Zizou Bergs,45,1089,https://www.atptour.com/en/rankings/singles?dateWeek=2025-09-22&rankRange=0-5000,2026-03-22T00:42:20Z
atp,2025-09-22,KI95,M. Kecmanovic,Miomir Kecmanovic,46,1086,https://www.atptour.com/en/rankings/singles?dateWeek=2025-09-22&rankRange=0-5000,2026-03-22T00:42:20Z
atp,2025-09-22,BM95,B. Bonzi,Benjamin Bonzi,47,1083,https://www.atptour.com/en/rankings/singles?dateWeek=2025-09-22&rankRange=0-5000,2026-03-22T00:42:20Z
atp,2025-09-22,GC88,M. Giron,Marcos Giron,48,1040,https://www.atptour.com/en/rankings/singles?dateWeek=2025-09-22&rankRange=0-5000,2026-03-22T00:42:20Z
atp,2025-09-22,BD06,R. Bautista Agut,Roberto Bautista Agut,49,1035,https://www.atptour.com/en/rankings/singles?dateWeek=2025-09-22&rankRange=0-5000,2026-03-22T00:42:20Z
atp,2025-09-22,AE14,D. Altmaier,Daniel Altmaier,50,1003,https://www.atptour.com/en/rankings/singles?dateWeek=2025-09-22&rankRange=0-5000,2026-03-22T00:42:20Z
atp,2025-09-22,BT72,N. Borges,Nuno Borges,51,995,https://www.atptour.com/en/rankings/singles?dateWeek=2025-09-22&rankRange=0-5000,2026-03-22T00:42:20Z
atp,2025-09-22,T0HA,L. Tien,Learner Tien,52,985,https://www.atptour.com/en/rankings/singles?dateWeek=2025-09-22&rankRange=0-5000,2026-03-22T00:42:20Z
atp,2025-09-22,MC65,G. Monfils,Gael Monfils,53,975,https://www.atptour.com/en/rankings/singles?dateWeek=2025-09-22&rankRange=0-5000,2026-03-22T00:42:20Z
atp,2025-09-22,RC91,A. Rinderknech,Arthur Rinderknech,54,932,https://www.atptour.com/en/rankings/singles?dateWeek=2025-09-22&rankRange=0-5000,2026-03-22T00:42:20Z
atp,2025-09-22,EA24,T. Etcheverry,Tomas Martin Etcheverry,55,930,https://www.atptour.com/en/rankings/singles?dateWeek=2025-09-22&rankRange=0-5000,2026-03-22T00:42:20Z
atp,2025-09-22,BK40,M. Berrettini,Matteo Berrettini,56,925,https://www.atptour.com/en/rankings/singles?dateWeek=2025-09-22&rankRange=0-5000,2026-03-22T00:42:20Z
atp,2025-09-22,M0CI,F. Marozsan,Fabian Marozsan,57,920,https://www.atptour.com/en/rankings/singles?dateWeek=2025-09-22&rankRange=0-5000,2026-03-22T00:42:20Z
atp,2025-09-22,F724,M. Fucsovics,Marton Fucsovics,58,916,https://www.atptour.com/en/rankings/singles?dateWeek=2025-09-22&rankRange=0-5000,2026-03-22T00:42:20Z
atp,2025-09-22,C0DF,F. Comesana,Francisco Comesana,59,912,https://www.atptour.com/en/rankings/singles?dateWeek=2025-09-22&rankRange=0-5000,2026-03-22T00:42:20Z
atp,2025-09-22,ME82,A. Mannarino,Adrian Mannarino,60,897,https://www.atptour.com/en/rankings/singles?dateWeek=2025-09-22&rankRange=0-5000,2026-03-22T00:42:20Z
atp,2025-09-22,O522,R. Opelka,Reilly Opelka,61,895,https://www.atptour.com/en/rankings/singles?dateWeek=2025-09-22&rankRange=0-5000,2026-03-22T00:42:20Z
atp,2025-09-22,F0BY,J. Fearnley,Jacob Fearnley,62,889,https://www.atptour.com/en/rankings/singles?dateWeek=2025-09-22&rankRange=0-5000,2026-03-22T00:42:20Z
atp,2025-09-22,M0JF,H. Medjedovic,Hamad Medjedovic,63,883,https://www.atptour.com/en/rankings/singles?dateWeek=2025-09-22&rankRange=0-5000,2026-03-22T00:42:20Z
atp,2025-09-22,B0GG,M. Bellucci,Mattia Bellucci,64,869,https://www.atptour.com/en/rankings/singles?dateWeek=2025-09-22&rankRange=0-5000,2026-03-22T00:42:20Z
atp,2025-09-22,MQ75,K. Majchrzak,Kamil Majchrzak,65,868,https://www.atptour.com/en/rankings/singles?dateWeek=2025-09-22&rankRange=0-5000,2026-03-22T00:42:20Z
atp,2025-09-22,D923,D. Dzumhur,Damir Dzumhur,66,868,https://www.atptour.com/en/rankings/singles?dateWeek=2025-09-22&rankRange=0-5000,2026-03-22T00:42:20Z
atp,2025-09-22,K0AZ,A. Kovacevic,Aleksandar Kovacevic,67,862,https://www.atptour.com/en/rankings/singles?dateWeek=2025-09-22&rankRange=0-5000,2026-03-22T00:42:20Z
atp,2025-09-22,A0GC,T. Atmane,Terence Atmane,68,839,https://www.atptour.com/en/rankings/singles?dateWeek=2025-09-22&rankRange=0-5000,2026-03-22T00:42:20Z
atp,2025-09-22,HB71,H. Hurkacz,Hubert Hurkacz,69,835,https://www.atptour.com/en/rankings/singles?dateWeek=2025-09-22&rankRange=0-5000,2026-03-22T00:42:20Z
atp,2025-09-22,MO44,P. Martinez,Pedro Martinez,70,833,https://www.atptour.com/en/rankings/singles?dateWeek=2025-09-22&rankRange=0-5000,2026-03-22T00:42:20Z
atp,2025-09-22,C0C8,J. Cerundolo,Juan Manuel Cerundolo,71,829,https://www.atptour.com/en/rankings/singles?dateWeek=2025-09-22&rankRange=0-5000,2026-03-22T00:42:20Z
atp,2025-09-22,TE30,A. Tabilo,Alejandro Tabilo,72,826,https://www.atptour.com/en/rankings/singles?dateWeek=2025-09-22&rankRange=0-5000,2026-03-22T00:42:20Z
atp,2025-09-22,A0FC,M. Arnaldi,Matteo Arnaldi,73,825,https://www.atptour.com/en/rankings/singles?dateWeek=2025-09-22&rankRange=0-5000,2026-03-22T00:42:20Z
atp,2025-09-22,K0AH,S. Korda,Sebastian Korda,74,820,https://www.atptour.com/en/rankings/singles?dateWeek=2025-09-22&rankRange=0-5000,2026-03-22T00:42:20Z
atp,2025-09-22,HB64,Q. Halys,Quentin Halys,75,806,https://www.atptour.com/en/rankings/singles?dateWeek=2025-09-22&rankRange=0-5000,2026-03-22T00:42:20Z
atp,2025-09-22,R0EB,V. Royer,Valentin Royer,76,805,https://www.atptour.com/en/rankings/singles?dateWeek=2025-09-22&rankRange=0-5000,2026-03-22T00:42:20Z
atp,2025-09-22,W09E,A. Walton,Adam Walton,77,803,https://www.atptour.com/en/rankings/singles?dateWeek=2025-09-22&rankRange=0-5000,2026-03-22T00:42:20Z
atp,2025-09-22,TC61,J. Thompson,Jordan Thompson,78,795,https://www.atptour.com/en/rankings/singles?dateWeek=2025-09-22&rankRange=0-5000,2026-03-22T00:42:20Z
atp,2025-09-22,D0C1,J. de Jong,Jesper De Jong,79,784,https://www.atptour.com/en/rankings/singles?dateWeek=2025-09-22&rankRange=0-5000,2026-03-22T00:42:20Z
atp,2025-09-22,C0H0,A. Cazaux,Arthur Cazaux,80,782,https://www.atptour.com/en/rankings/singles?dateWeek=2025-09-22&rankRange=0-5000,2026-03-22T00:42:20Z
atp,2025-09-22,Q02L,E. Quinn,Ethan Quinn,81,773,https://www.atptour.com/en/rankings/singles?dateWeek=2025-09-22&rankRange=0-5000,2026-03-22T00:42:20Z
atp,2025-09-22,N0BS,M. Navone,Mariano Navone,82,770,https://www.atptour.com/en/rankings/singles?dateWeek=2025-09-22&rankRange=0-5000,2026-03-22T00:42:20Z
atp,2025-09-22,DB63,L. Djere,Laslo Djere,83,766,https://www.atptour.com/en/rankings/singles?dateWeek=2025-09-22&rankRange=0-5000,2026-03-22T00:42:20Z
atp,2025-09-22,V812,B. van de Zandschulp,Botic Van De Zandschulp,84,759,https://www.atptour.com/en/rankings/singles?dateWeek=2025-09-22&rankRange=0-5000,2026-03-22T00:42:20Z
atp,2025-09-22,N0BG,L. Nardi,Luca Nardi,85,740,https://www.atptour.com/en/rankings/singles?dateWeek=2025-09-22&rankRange=0-5000,2026-03-22T00:42:20Z
atp,2025-09-22,B0CD,J. Brooksby,Jenson Brooksby,86,737,https://www.atptour.com/en/rankings/singles?dateWeek=2025-09-22&rankRange=0-5000,2026-03-22T00:42:20Z
atp,2025-09-22,GB88,D. Goffin,David Goffin,87,734,https://www.atptour.com/en/rankings/singles?dateWeek=2025-09-22&rankRange=0-5000,2026-03-22T00:42:20Z
atp,2025-09-22,S0H2,A. Shevchenko,Alexander Shevchenko,88,727,https://www.atptour.com/en/rankings/singles?dateWeek=2025-09-22&rankRange=0-5000,2026-03-22T00:42:20Z
atp,2025-09-22,Y09V,Y. Bu,Yunchaokete Bu,89,721,https://www.atptour.com/en/rankings/singles?dateWeek=2025-09-22&rankRange=0-5000,2026-03-22T00:42:20Z
atp,2025-09-22,N0AM,E. Nava,Emilio Nava,90,700,https://www.atptour.com/en/rankings/singles?dateWeek=2025-09-22&rankRange=0-5000,2026-03-22T00:42:20Z
atp,2025-09-22,S0GD,D. Svrcina,Dalibor Svrcina,91,691,https://www.atptour.com/en/rankings/singles?dateWeek=2025-09-22&rankRange=0-5000,2026-03-22T00:42:20Z
atp,2025-09-22,KI82,V. Kopriva,Vit Kopriva,92,679,https://www.atptour.com/en/rankings/singles?dateWeek=2025-09-22&rankRange=0-5000,2026-03-22T00:42:20Z
atp,2025-09-22,C0JP,R. Collignon,Raphael Collignon,93,677,https://www.atptour.com/en/rankings/singles?dateWeek=2025-09-22&rankRange=0-5000,2026-03-22T00:42:20Z
atp,2025-09-22,N552,K. Nishikori,Kei Nishikori,94,675,https://www.atptour.com/en/rankings/singles?dateWeek=2025-09-22&rankRange=0-5000,2026-03-22T00:42:20Z
atp,2025-09-22,V832,A. Vukic,Aleksandar Vukic,95,668,https://www.atptour.com/en/rankings/singles?dateWeek=2025-09-22&rankRange=0-5000,2026-03-22T00:42:20Z
atp,2025-09-22,MK66,M. McDonald,Mackenzie Mcdonald,96,667,https://www.atptour.com/en/rankings/singles?dateWeek=2025-09-22&rankRange=0-5000,2026-03-22T00:42:20Z
atp,2025-09-22,C977,M. Cilic,Marin Cilic,97,664,https://www.atptour.com/en/rankings/singles?dateWeek=2025-09-22&rankRange=0-5000,2026-03-22T00:42:20Z
atp,2025-09-22,M0JZ,F. Misolic,Filip Misolic,98,663,https://www.atptour.com/en/rankings/singles?dateWeek=2025-09-22&rankRange=0-5000,2026-03-22T00:42:20Z
atp,2025-09-22,T0A1,T. Tirante,Thiago Agustin Tirante,99,660,https://www.atptour.com/en/rankings/singles?dateWeek=2025-09-22&rankRange=0-5000,2026-03-22T00:42:20Z
atp,2025-09-22,S0N0,T. Schoolkate,Tristan Schoolkate,100,654,https://www.atptour.com/en/rankings/singles?dateWeek=2025-09-22&rankRange=0-5000,2026-03-22T00:42:20Z
atp,2025-09-22,SX50,R. Safiullin,Roman Safiullin,101,651,https://www.atptour.com/en/rankings/singles?dateWeek=2025-09-22&rankRange=0-5000,2026-03-22T00:42:20Z
atp,2025-09-22,SL28,J. Struff,Jan Lennard Struff,102,648,https://www.atptour.com/en/rankings/singles?dateWeek=2025-09-22&rankRange=0-5000,2026-03-22T00:42:20Z
atp,2025-09-22,O483,C. O'Connell,Christopher O'connell,103,644,https://www.atptour.com/en/rankings/singles?dateWeek=2025-09-22&rankRange=0-5000,2026-03-22T00:42:20Z
atp,2025-09-22,BG23,N. Basilashvili,Nikoloz Basilashvili,104,617,https://www.atptour.com/en/rankings/singles?dateWeek=2025-09-22&rankRange=0-5000,2026-03-22T00:42:20Z
atp,2025-09-22,G09O,H. Gaston,Hugo Gaston,105,613,https://www.atptour.com/en/rankings/singles?dateWeek=2025-09-22&rankRange=0-5000,2026-03-22T00:42:20Z
atp,2025-09-22,M0HU,S. Mochizuki,Shintaro Mochizuki,106,607,https://www.atptour.com/en/rankings/singles?dateWeek=2025-09-22&rankRange=0-5000,2026-03-22T00:42:20Z
atp,2025-09-22,B0NN,N. Basavareddy,Nishesh Basavareddy,107,606,https://www.atptour.com/en/rankings/singles?dateWeek=2025-09-22&rankRange=0-5000,2026-03-22T00:42:20Z
atp,2025-09-22,TE16,C. Taberner,Carlos Taberner,108,601,https://www.atptour.com/en/rankings/singles?dateWeek=2025-09-22&rankRange=0-5000,2026-03-22T00:42:20Z
atp,2025-09-22,D994,J. Duckworth,James Duckworth,109,600,https://www.atptour.com/en/rankings/singles?dateWeek=2025-09-22&rankRange=0-5000,2026-03-22T00:42:20Z
atp,2025-09-22,CG80,B. Coric,Borna Coric,110,595,https://www.atptour.com/en/rankings/singles?dateWeek=2025-09-22&rankRange=0-5000,2026-03-22T00:42:20Z
atp,2025-09-22,J551,N. Jarry,Nicolas Jarry,111,586,https://www.atptour.com/en/rankings/singles?dateWeek=2025-09-22&rankRange=0-5000,2026-03-22T00:42:20Z
atp,2025-09-22,H0BH,R. Hijikata,Rinky Hijikata,112,571,https://www.atptour.com/en/rankings/singles?dateWeek=2025-09-22&rankRange=0-5000,2026-03-22T00:42:20Z
atp,2025-09-22,CF59,R. Carballes Baena,Roberto Carballes Baena,113,570,https://www.atptour.com/en/rankings/singles?dateWeek=2025-09-22&rankRange=0-5000,2026-03-22T00:42:20Z
atp,2025-09-22,H09P,B. Holt,Brandon Holt,114,565,https://www.atptour.com/en/rankings/singles?dateWeek=2025-09-22&rankRange=0-5000,2026-03-22T00:42:20Z
atp,2025-09-22,P0HW,D. Prizmic,Dino Prizmic,115,561,https://www.atptour.com/en/rankings/singles?dateWeek=2025-09-22&rankRange=0-5000,2026-03-22T00:42:20Z
atp,2025-09-22,B0ID,I. Buse,Ignacio Buse,116,559,https://www.atptour.com/en/rankings/singles?dateWeek=2025-09-22&rankRange=0-5000,2026-03-22T00:42:20Z
atp,2025-09-22,M0K4,E. Moller,Elmer Moller,117,558,https://www.atptour.com/en/rankings/singles?dateWeek=2025-09-22&rankRange=0-5000,2026-03-22T00:42:20Z
atp,2025-09-22,F0F2,J. Faria,Jaime Faria,118,552,https://www.atptour.com/en/rankings/singles?dateWeek=2025-09-22&rankRange=0-5000,2026-03-22T00:42:20Z
atp,2025-09-22,D0DP,L. Draxl,Liam Draxl,119,543,https://www.atptour.com/en/rankings/singles?dateWeek=2025-09-22&rankRange=0-5000,2026-03-22T00:42:20Z
atp,2025-09-22,B0EJ,T. Boyer,Tristan Boyer,120,540,https://www.atptour.com/en/rankings/singles?dateWeek=2025-09-22&rankRange=0-5000,2026-03-22T00:42:20Z
atp,2025-09-22,B0PG,A. Blockx,Alexander Blockx,121,540,https://www.atptour.com/en/rankings/singles?dateWeek=2025-09-22&rankRange=0-5000,2026-03-22T00:42:20Z
atp,2025-09-22,T0AP,C. Tseng,Chun Hsin Tseng,122,531,https://www.atptour.com/en/rankings/singles?dateWeek=2025-09-22&rankRange=0-5000,2026-03-22T00:42:20Z
atp,2025-09-22,CD85,P. Carreno Busta,Pablo Carreno Busta,123,527,https://www.atptour.com/en/rankings/singles?dateWeek=2025-09-22&rankRange=0-5000,2026-03-22T00:42:20Z
atp,2025-09-22,GD64,C. Garin,Cristian Garin,124,518,https://www.atptour.com/en/rankings/singles?dateWeek=2025-09-22&rankRange=0-5000,2026-03-22T00:42:20Z
atp,2025-09-22,L987,D. Lajovic,Dusan Lajovic,125,514,https://www.atptour.com/en/rankings/singles?dateWeek=2025-09-22&rankRange=0-5000,2026-03-22T00:42:20Z
atp,2025-09-22,DA31,H. Dellien,Hugo Dellien,126,512,https://www.atptour.com/en/rankings/singles?dateWeek=2025-09-22&rankRange=0-5000,2026-03-22T00:42:20Z
atp,2025-09-22,KI63,L. Klein,Lukas Klein,127,506,https://www.atptour.com/en/rankings/singles?dateWeek=2025-09-22&rankRange=0-5000,2026-03-22T00:42:20Z
atp,2025-09-22,S0JA,E. Spizzirri,Eliot Spizzirri,128,504,https://www.atptour.com/en/rankings/singles?dateWeek=2025-09-22&rankRange=0-5000,2026-03-22T00:42:20Z
atp,2025-09-22,W367,S. Wawrinka,Stan Wawrinka,129,502,https://www.atptour.com/en/rankings/singles?dateWeek=2025-09-22&rankRange=0-5000,2026-03-22T00:42:20Z
atp,2025-09-22,S0K7,Z. Svajda,Zachary Svajda,130,501,https://www.atptour.com/en/rankings/singles?dateWeek=2025-09-22&rankRange=0-5000,2026-03-22T00:42:20Z
atp,2025-09-22,HD68,B. Harris,Billy Harris,131,492,https://www.atptour.com/en/rankings/singles?dateWeek=2025-09-22&rankRange=0-5000,2026-03-22T00:42:20Z
atp,2025-09-22,GE33,D. Galan,Daniel Elahi Galan,132,490,https://www.atptour.com/en/rankings/singles?dateWeek=2025-09-22&rankRange=0-5000,2026-03-22T00:42:20Z
atp,2025-09-22,BS86,T. Barrios Vera,Tomas Barrios Vera,133,473,https://www.atptour.com/en/rankings/singles?dateWeek=2025-09-22&rankRange=0-5000,2026-03-22T00:42:20Z
atp,2025-09-22,PH64,A. Pellegrino,Andrea Pellegrino,134,468,https://www.atptour.com/en/rankings/singles?dateWeek=2025-09-22&rankRange=0-5000,2026-03-22T00:42:20Z
atp,2025-09-22,S0ZE,C. Smith,Colton Smith,135,467,https://www.atptour.com/en/rankings/singles?dateWeek=2025-09-22&rankRange=0-5000,2026-03-22T00:42:20Z
atp,2025-09-22,L0IL,M. Landaluce,Martin Landaluce,136,462,https://www.atptour.com/en/rankings/singles?dateWeek=2025-09-22&rankRange=0-5000,2026-03-22T00:42:20Z
atp,2025-09-22,O513,S. Ofner,Sebastian Ofner,137,453,https://www.atptour.com/en/rankings/singles?dateWeek=2025-09-22&rankRange=0-5000,2026-03-22T00:42:20Z
atp,2025-09-22,G0GD,M. Gigante,Matteo Gigante,138,450,https://www.atptour.com/en/rankings/singles?dateWeek=2025-09-22&rankRange=0-5000,2026-03-22T00:42:20Z
atp,2025-09-22,P0CT,F. Passaro,Francesco Passaro,139,449,https://www.atptour.com/en/rankings/singles?dateWeek=2025-09-22&rankRange=0-5000,2026-03-22T00:42:20Z
atp,2025-09-22,V0AM,O. Virtanen,Otto Virtanen,140,449,https://www.atptour.com/en/rankings/singles?dateWeek=2025-09-22&rankRange=0-5000,2026-03-22T00:42:20Z
atp,2025-09-22,H996,P. Herbert,Pierre Hugues Herbert,141,447,https://www.atptour.com/en/rankings/singles?dateWeek=2025-09-22&rankRange=0-5000,2026-03-22T00:42:20Z
atp,2025-09-22,EA13,M. Echargui,Moez Echargui,142,440,https://www.atptour.com/en/rankings/singles?dateWeek=2025-09-22&rankRange=0-5000,2026-03-22T00:42:20Z
atp,2025-09-22,TA29,M. Trungelliti,Marco Trungelliti,143,440,https://www.atptour.com/en/rankings/singles?dateWeek=2025-09-22&rankRange=0-5000,2026-03-22T00:42:20Z
atp,2025-09-22,B0FV,R. Burruchaga,Roman Andres Burruchaga,144,439,https://www.atptour.com/en/rankings/singles?dateWeek=2025-09-22&rankRange=0-5000,2026-03-22T00:42:20Z
atp,2025-09-22,L0GH,M. Lajal,Mark Lajal,145,410,https://www.atptour.com/en/rankings/singles?dateWeek=2025-09-22&rankRange=0-5000,2026-03-22T00:42:20Z
atp,2025-09-22,FA43,J. Ficovich,Juan Pablo Ficovich,146,404,https://www.atptour.com/en/rankings/singles?dateWeek=2025-09-22&rankRange=0-5000,2026-03-22T00:42:20Z
atp,2025-09-22,WB08,Y. Watanuki,Yosuke Watanuki,147,401,https://www.atptour.com/en/rankings/singles?dateWeek=2025-09-22&rankRange=0-5000,2026-03-22T00:42:20Z
atp,2025-09-22,E687,D. Evans,Daniel Evans,148,392,https://www.atptour.com/en/rankings/singles?dateWeek=2025-09-22&rankRange=0-5000,2026-03-22T00:42:20Z
atp,2025-09-22,BV16,U. Blanchet,Ugo Blanchet,149,390,https://www.atptour.com/en/rankings/singles?dateWeek=2025-09-22&rankRange=0-5000,2026-03-22T00:42:20Z
atp,2025-09-22,M0G4,H. Mayot,Harold Mayot,150,390,https://www.atptour.com/en/rankings/singles?dateWeek=2025-09-22&rankRange=0-5000,2026-03-22T00:42:20Z
atp,2025-09-22,P09O,Z. Piros,Zsombor Piros,151,390,https://www.atptour.com/en/rankings/singles?dateWeek=2025-09-22&rankRange=0-5000,2026-03-22T00:42:20Z
atp,2025-09-22,K0EP,J. Kym,Jerome Kym,152,387,https://www.atptour.com/en/rankings/singles?dateWeek=2025-09-22&rankRange=0-5000,2026-03-22T00:42:20Z
atp,2025-09-22,W0BH,C. Wong,Coleman Wong,153,386,https://www.atptour.com/en/rankings/singles?dateWeek=2025-09-22&rankRange=0-5000,2026-03-22T00:42:20Z
atp,2025-09-22,M0IF,F. Maestrelli,Francesco Maestrelli,154,386,https://www.atptour.com/en/rankings/singles?dateWeek=2025-09-22&rankRange=0-5000,2026-03-22T00:42:20Z
atp,2025-09-22,B0U4,N. Budkov Kjaer,Nicolai Budkov Kjaer,155,382,https://www.atptour.com/en/rankings/singles?dateWeek=2025-09-22&rankRange=0-5000,2026-03-22T00:42:20Z
atp,2025-09-22,R09X,J. Rodionov,Jurij Rodionov,156,378,https://www.atptour.com/en/rankings/singles?dateWeek=2025-09-22&rankRange=0-5000,2026-03-22T00:42:20Z
atp,2025-09-22,N732,Y. Nishioka,Yoshihito Nishioka,157,374,https://www.atptour.com/en/rankings/singles?dateWeek=2025-09-22&rankRange=0-5000,2026-03-22T00:42:20Z
atp,2025-09-22,WB32,Y. Wu,Yibing Wu,158,372,https://www.atptour.com/en/rankings/singles?dateWeek=2025-09-22&rankRange=0-5000,2026-03-22T00:42:20Z
atp,2025-09-22,H997,Y. Hanfmann,Yannick Hanfmann,159,369,https://www.atptour.com/en/rankings/singles?dateWeek=2025-09-22&rankRange=0-5000,2026-03-22T00:42:20Z
atp,2025-09-22,D0H9,G. Den Ouden,Guy Den Ouden,160,369,https://www.atptour.com/en/rankings/singles?dateWeek=2025-09-22&rankRange=0-5000,2026-03-22T00:42:20Z
atp,2025-09-22,CH12,J. Choinski,Jan Choinski,161,366,https://www.atptour.com/en/rankings/singles?dateWeek=2025-09-22&rankRange=0-5000,2026-03-22T00:42:20Z
atp,2025-09-22,DA81,T. Daniel,Taro Daniel,162,364,https://www.atptour.com/en/rankings/singles?dateWeek=2025-09-22&rankRange=0-5000,2026-03-22T00:42:20Z
atp,2025-09-22,Z0A1,G. Zeppieri,Giulio Zeppieri,163,362,https://www.atptour.com/en/rankings/singles?dateWeek=2025-09-22&rankRange=0-5000,2026-03-22T00:42:20Z
atp,2025-09-22,SX91,T. Seyboth Wild,Thiago Seyboth Wild,164,356,https://www.atptour.com/en/rankings/singles?dateWeek=2025-09-22&rankRange=0-5000,2026-03-22T00:42:20Z
atp,2025-09-22,G0FW,V. Gaubas,Vilius Gaubas,165,345,https://www.atptour.com/en/rankings/singles?dateWeek=2025-09-22&rankRange=0-5000,2026-03-22T00:42:20Z
atp,2025-09-22,CE77,F. Coria,Federico Coria,166,342,https://www.atptour.com/en/rankings/singles?dateWeek=2025-09-22&rankRange=0-5000,2026-03-22T00:42:20Z
atp,2025-09-22,D0DW,T. Droguet,Titouan Droguet,167,342,https://www.atptour.com/en/rankings/singles?dateWeek=2025-09-22&rankRange=0-5000,2026-03-22T00:42:20Z
atp,2025-09-22,MW75,F. Meligeni Alves,Felipe Meligeni Alves,168,340,https://www.atptour.com/en/rankings/singles?dateWeek=2025-09-22&rankRange=0-5000,2026-03-22T00:42:20Z
atp,2025-09-22,TA46,B. Tomic,Bernard Tomic,169,338,https://www.atptour.com/en/rankings/singles?dateWeek=2025-09-22&rankRange=0-5000,2026-03-22T00:42:20Z
atp,2025-09-22,R0FS,L. Riedi,Leandro Riedi,170,326,https://www.atptour.com/en/rankings/singles?dateWeek=2025-09-22&rankRange=0-5000,2026-03-22T00:42:20Z
atp,2025-09-22,R0GO,H. Rocha,Henrique Rocha,171,319,https://www.atptour.com/en/rankings/singles?dateWeek=2025-09-22&rankRange=0-5000,2026-03-22T00:42:20Z
atp,2025-09-22,HF80,H. Habib,Hady Habib,172,317,https://www.atptour.com/en/rankings/singles?dateWeek=2025-09-22&rankRange=0-5000,2026-03-22T00:42:20Z
atp,2025-09-22,M0N7,D. Merida,Daniel Merida,173,317,https://www.atptour.com/en/rankings/singles?dateWeek=2025-09-22&rankRange=0-5000,2026-03-22T00:42:20Z
atp,2025-09-22,C0HT,M. Cassone,Murphy Cassone,174,317,https://www.atptour.com/en/rankings/singles?dateWeek=2025-09-22&rankRange=0-5000,2026-03-22T00:42:20Z
atp,2025-09-22,N0CS,L. Neumayer,Lukas Neumayer,175,317,https://www.atptour.com/en/rankings/singles?dateWeek=2025-09-22&rankRange=0-5000,2026-03-22T00:42:20Z
atp,2025-09-22,H09N,A. Holmgren,August Holmgren,176,315,https://www.atptour.com/en/rankings/singles?dateWeek=2025-09-22&rankRange=0-5000,2026-03-22T00:42:20Z
atp,2025-09-22,MJ08,T. Monteiro,Thiago Monteiro,177,314,https://www.atptour.com/en/rankings/singles?dateWeek=2025-09-22&rankRange=0-5000,2026-03-22T00:42:20Z
atp,2025-09-22,P0HT,J. Pinnington Jones,Jack Pinnington Jones,178,309,https://www.atptour.com/en/rankings/singles?dateWeek=2025-09-22&rankRange=0-5000,2026-03-22T00:42:20Z
atp,2025-09-22,M0OQ,J. McCabe,James Mccabe,179,306,https://www.atptour.com/en/rankings/singles?dateWeek=2025-09-22&rankRange=0-5000,2026-03-22T00:42:20Z
atp,2025-09-22,GK06,A. Galarneau,Alexis Galarneau,180,306,https://www.atptour.com/en/rankings/singles?dateWeek=2025-09-22&rankRange=0-5000,2026-03-22T00:42:20Z
atp,2025-09-22,R0E0,C. Rodesch,Chris Rodesch,181,301,https://www.atptour.com/en/rankings/singles?dateWeek=2025-09-22&rankRange=0-5000,2026-03-22T00:42:20Z
atp,2025-09-22,E865,C. Eubanks,Christopher Eubanks,182,300,https://www.atptour.com/en/rankings/singles?dateWeek=2025-09-22&rankRange=0-5000,2026-03-22T00:42:20Z
atp,2025-09-22,J0AZ,K. Jacquet,Kyrian Jacquet,183,298,https://www.atptour.com/en/rankings/singles?dateWeek=2025-09-22&rankRange=0-5000,2026-03-22T00:42:20Z
atp,2025-09-22,C0AK,O. Crawford,Oliver Crawford,184,295,https://www.atptour.com/en/rankings/singles?dateWeek=2025-09-22&rankRange=0-5000,2026-03-22T00:42:20Z
atp,2025-09-22,CI14,J. Clarke,Jay Clarke,185,295,https://www.atptour.com/en/rankings/singles?dateWeek=2025-09-22&rankRange=0-5000,2026-03-22T00:42:20Z
atp,2025-09-22,CG33,K. Coppejans,Kimmer Coppejans,186,294,https://www.atptour.com/en/rankings/singles?dateWeek=2025-09-22&rankRange=0-5000,2026-03-22T00:42:20Z
atp,2025-09-22,KB95,J. Kubler,Jason Kubler,187,291,https://www.atptour.com/en/rankings/singles?dateWeek=2025-09-22&rankRange=0-5000,2026-03-22T00:42:20Z
atp,2025-09-22,B0GY,A. Barrena,Alex Barrena,188,288,https://www.atptour.com/en/rankings/singles?dateWeek=2025-09-22&rankRange=0-5000,2026-03-22T00:42:20Z
atp,2025-09-22,K0A3,P. Kypson,Patrick Kypson,189,280,https://www.atptour.com/en/rankings/singles?dateWeek=2025-09-22&rankRange=0-5000,2026-03-22T00:42:20Z
atp,2025-09-22,S0UV,R. Sakamoto,Rei Sakamoto,190,279,https://www.atptour.com/en/rankings/singles?dateWeek=2025-09-22&rankRange=0-5000,2026-03-22T00:42:20Z
atp,2025-09-22,GF95,H. Grenier,Hugo Grenier,191,279,https://www.atptour.com/en/rankings/singles?dateWeek=2025-09-22&rankRange=0-5000,2026-03-22T00:42:20Z
atp,2025-09-22,O0A2,G. Onclin,Gauthier Onclin,192,276,https://www.atptour.com/en/rankings/singles?dateWeek=2025-09-22&rankRange=0-5000,2026-03-22T00:42:20Z
atp,2025-09-22,MV14,A. Molcan,Alex Molcan,193,274,https://www.atptour.com/en/rankings/singles?dateWeek=2025-09-22&rankRange=0-5000,2026-03-22T00:42:20Z
atp,2025-09-22,TC01,L. Tu,Li Tu,194,271,https://www.atptour.com/en/rankings/singles?dateWeek=2025-09-22&rankRange=0-5000,2026-03-22T00:42:20Z
atp,2025-09-22,HG94,B. Hassan,Benjamin Hassan,195,270,https://www.atptour.com/en/rankings/singles?dateWeek=2025-09-22&rankRange=0-5000,2026-03-22T00:42:20Z
atp,2025-09-22,P0J1,R. Pacheco Mendez,Rodrigo Pacheco Mendez,196,270,https://www.atptour.com/en/rankings/singles?dateWeek=2025-09-22&rankRange=0-5000,2026-03-22T00:42:20Z
atp,2025-09-22,R0FP,D. Rincon,Daniel Rincon,197,268,https://www.atptour.com/en/rankings/singles?dateWeek=2025-09-22&rankRange=0-5000,2026-03-22T00:42:20Z
atp,2025-09-22,V0DZ,L. Van Assche,Luca Van Assche,198,267,https://www.atptour.com/en/rankings/singles?dateWeek=2025-09-22&rankRange=0-5000,2026-03-22T00:42:20Z
atp,2025-09-22,M0AW,N. Mejia,Nicolas Mejia,199,267,https://www.atptour.com/en/rankings/singles?dateWeek=2025-09-22&rankRange=0-5000,2026-03-22T00:42:20Z
atp,2025-09-22,S0AQ,Y. Shimizu,Yuta Shimizu,200,266,https://www.atptour.com/en/rankings/singles?dateWeek=2025-09-22&rankRange=0-5000,2026-03-22T00:42:20Z
atp,2025-09-22,HB48,C. Hemery,Calvin Hemery,201,266,https://www.atptour.com/en/rankings/singles?dateWeek=2025-09-22&rankRange=0-5000,2026-03-22T00:42:20Z
atp,2025-09-22,VA25,V. Vacherot,Valentin Vacherot,202,263,https://www.atptour.com/en/rankings/singles?dateWeek=2025-09-22&rankRange=0-5000,2026-03-22T00:42:20Z
atp,2025-09-22,G0GW,S. Gueymard Wayenburg,Sascha Gueymard Wayenburg,203,262,https://www.atptour.com/en/rankings/singles?dateWeek=2025-09-22&rankRange=0-5000,2026-03-22T00:42:20Z
atp,2025-09-22,GJ16,F. Gomez,Federico Agustin Gomez,204,261,https://www.atptour.com/en/rankings/singles?dateWeek=2025-09-22&rankRange=0-5000,2026-03-22T00:42:20Z
atp,2025-09-22,SS25,V. Sachko,Vitaliy Sachko,205,261,https://www.atptour.com/en/rankings/singles?dateWeek=2025-09-22&rankRange=0-5000,2026-03-22T00:42:20Z
atp,2025-09-22,A09T,D. Added,Dan Added,206,260,https://www.atptour.com/en/rankings/singles?dateWeek=2025-09-22&rankRange=0-5000,2026-03-22T00:42:20Z
atp,2025-09-22,P0AY,L. Pavlovic,Luka Pavlovic,207,257,https://www.atptour.com/en/rankings/singles?dateWeek=2025-09-22&rankRange=0-5000,2026-03-22T00:42:20Z
atp,2025-09-22,DF88,A. Dougaz,Aziz Dougaz,208,256,https://www.atptour.com/en/rankings/singles?dateWeek=2025-09-22&rankRange=0-5000,2026-03-22T00:42:20Z
atp,2025-09-22,N09U,R. Noguchi,Rio Noguchi,209,256,https://www.atptour.com/en/rankings/singles?dateWeek=2025-09-22&rankRange=0-5000,2026-03-22T00:42:20Z
atp,2025-09-22,Z09Z,B. Zhukayev,Beibit Zhukayev,210,255,https://www.atptour.com/en/rankings/singles?dateWeek=2025-09-22&rankRange=0-5000,2026-03-22T00:42:20Z
atp,2025-09-22,C0NB,F. Cina,Federico Cina,211,255,https://www.atptour.com/en/rankings/singles?dateWeek=2025-09-22&rankRange=0-5000,2026-03-22T00:42:20Z
atp,2025-09-22,T0BW,J. Trotter,James Trotter,212,255,https://www.atptour.com/en/rankings/singles?dateWeek=2025-09-22&rankRange=0-5000,2026-03-22T00:42:20Z
atp,2025-09-22,E0DD,J. Engel,Justin Engel,213,253,https://www.atptour.com/en/rankings/singles?dateWeek=2025-09-22&rankRange=0-5000,2026-03-22T00:42:20Z
atp,2025-09-22,PG20,D. Popko,Dmitry Popko,214,251,https://www.atptour.com/en/rankings/singles?dateWeek=2025-09-22&rankRange=0-5000,2026-03-22T00:42:20Z
atp,2025-09-22,GH92,B. Gojo,Borna Gojo,215,250,https://www.atptour.com/en/rankings/singles?dateWeek=2025-09-22&rankRange=0-5000,2026-03-22T00:42:20Z
atp,2025-09-22,B0ER,A. Bouquier,Arthur Bouquier,216,250,https://www.atptour.com/en/rankings/singles?dateWeek=2025-09-22&rankRange=0-5000,2026-03-22T00:42:20Z
atp,2025-09-22,B0MM,E. Butvilas,Edas Butvilas,217,250,https://www.atptour.com/en/rankings/singles?dateWeek=2025-09-22&rankRange=0-5000,2026-03-22T00:42:20Z
atp,2025-09-22,L0CX,P. Llamas Ruiz,Pablo Llamas Ruiz,218,248,https://www.atptour.com/en/rankings/singles?dateWeek=2025-09-22&rankRange=0-5000,2026-03-22T00:42:20Z
atp,2025-09-22,HH06,M. Huesler,Marc Andrea Huesler,219,248,https://www.atptour.com/en/rankings/singles?dateWeek=2025-09-22&rankRange=0-5000,2026-03-22T00:42:20Z
atp,2025-09-22,H09F,Y. Hsu,Yu Hsiou Hsu,220,245,https://www.atptour.com/en/rankings/singles?dateWeek=2025-09-22&rankRange=0-5000,2026-03-22T00:42:20Z
atp,2025-09-22,BI81,A. Bolt,Alex Bolt,221,244,https://www.atptour.com/en/rankings/singles?dateWeek=2025-09-22&rankRange=0-5000,2026-03-22T00:42:20Z
atp,2025-09-22,R0A7,J. Reis Da Silva,Joao Lucas Reis Da Silva,222,244,https://www.atptour.com/en/rankings/singles?dateWeek=2025-09-22&rankRange=0-5000,2026-03-22T00:42:20Z
atp,2025-09-22,O660,G. Olivieri,Genaro Alberto Olivieri,223,243,https://www.atptour.com/en/rankings/singles?dateWeek=2025-09-22&rankRange=0-5000,2026-03-22T00:42:20Z
atp,2025-09-22,RH59,S. Rodriguez Taverna,Santiago Rodriguez Taverna,224,242,https://www.atptour.com/en/rankings/singles?dateWeek=2025-09-22&rankRange=0-5000,2026-03-22T00:42:20Z
atp,2025-09-22,SX90,F. Sun,Fajing Sun,225,241,https://www.atptour.com/en/rankings/singles?dateWeek=2025-09-22&rankRange=0-5000,2026-03-22T00:42:20Z
atp,2025-09-22,G0DH,A. Guillen Meza,Alvaro Guillen Meza,226,241,https://www.atptour.com/en/rankings/singles?dateWeek=2025-09-22&rankRange=0-5000,2026-03-22T00:42:20Z
atp,2025-09-22,Z0BZ,M. Zheng,Michael Zheng,227,240,https://www.atptour.com/en/rankings/singles?dateWeek=2025-09-22&rankRange=0-5000,2026-03-22T00:42:20Z
atp,2025-09-22,M0ON,J. Monday,Johannus Monday,228,240,https://www.atptour.com/en/rankings/singles?dateWeek=2025-09-22&rankRange=0-5000,2026-03-22T00:42:20Z
atp,2025-09-22,F0DM,A. Fery,Arthur Fery,229,239,https://www.atptour.com/en/rankings/singles?dateWeek=2025-09-22&rankRange=0-5000,2026-03-22T00:42:20Z
atp,2025-09-22,F840,N. Fatic,Nerman Fatic,230,239,https://www.atptour.com/en/rankings/singles?dateWeek=2025-09-22&rankRange=0-5000,2026-03-22T00:42:20Z
atp,2025-09-22,C0BH,C. Chidekh,Clement Chidekh,231,239,https://www.atptour.com/en/rankings/singles?dateWeek=2025-09-22&rankRange=0-5000,2026-03-22T00:42:20Z
atp,2025-09-22,S0GR,T. Skatov,Timofey Skatov,232,238,https://www.atptour.com/en/rankings/singles?dateWeek=2025-09-22&rankRange=0-5000,2026-03-22T00:42:20Z
atp,2025-09-22,PH78,R. Peniston,Ryan Peniston,233,237,https://www.atptour.com/en/rankings/singles?dateWeek=2025-09-22&rankRange=0-5000,2026-03-22T00:42:20Z
atp,2025-09-22,SN54,F. Ferreira Silva,Frederico Ferreira Silva,234,237,https://www.atptour.com/en/rankings/singles?dateWeek=2025-09-22&rankRange=0-5000,2026-03-22T00:42:20Z
atp,2025-09-22,Y218,E. Ymer,Elias Ymer,235,236,https://www.atptour.com/en/rankings/singles?dateWeek=2025-09-22&rankRange=0-5000,2026-03-22T00:42:20Z
atp,2025-09-22,S0WT,J. Schwaerzler,Joel Schwaerzler,236,236,https://www.atptour.com/en/rankings/singles?dateWeek=2025-09-22&rankRange=0-5000,2026-03-22T00:42:20Z
atp,2025-09-22,KH56,Z. Kolar,Zdenek Kolar,237,236,https://www.atptour.com/en/rankings/singles?dateWeek=2025-09-22&rankRange=0-5000,2026-03-22T00:42:20Z
atp,2025-09-22,S0RE,J. Shang,Juncheng Shang,238,235,https://www.atptour.com/en/rankings/singles?dateWeek=2025-09-22&rankRange=0-5000,2026-03-22T00:42:20Z
atp,2025-09-22,TA12,S. Travaglia,Stefano Travaglia,239,235,https://www.atptour.com/en/rankings/singles?dateWeek=2025-09-22&rankRange=0-5000,2026-03-22T00:42:20Z
atp,2025-09-22,KC12,M. Krueger,Mitchell Krueger,240,233,https://www.atptour.com/en/rankings/singles?dateWeek=2025-09-22&rankRange=0-5000,2026-03-22T00:42:20Z
atp,2025-09-22,DC76,V. Durasovic,Viktor Durasovic,241,233,https://www.atptour.com/en/rankings/singles?dateWeek=2025-09-22&rankRange=0-5000,2026-03-22T00:42:20Z
atp,2025-09-22,M0N1,L. Mikrut,Luka Mikrut,242,232,https://www.atptour.com/en/rankings/singles?dateWeek=2025-09-22&rankRange=0-5000,2026-03-22T00:42:20Z
atp,2025-09-22,S0LA,D. Stricker,Dominic Stricker,243,229,https://www.atptour.com/en/rankings/singles?dateWeek=2025-09-22&rankRange=0-5000,2026-03-22T00:42:20Z
atp,2025-09-22,D0DT,M. Damm,Martin Damm,244,228,https://www.atptour.com/en/rankings/singles?dateWeek=2025-09-22&rankRange=0-5000,2026-03-22T00:42:20Z
atp,2025-09-22,T09X,C. Tabur,Clement Tabur,245,228,https://www.atptour.com/en/rankings/singles?dateWeek=2025-09-22&rankRange=0-5000,2026-03-22T00:42:20Z
atp,2025-09-22,HG86,L. Harris,Lloyd Harris,246,226,https://www.atptour.com/en/rankings/singles?dateWeek=2025-09-22&rankRange=0-5000,2026-03-22T00:42:20Z
atp,2025-09-22,Z09F,P. Zahraj,Patrick Zahraj,247,226,https://www.atptour.com/en/rankings/singles?dateWeek=2025-09-22&rankRange=0-5000,2026-03-22T00:42:20Z
atp,2025-09-22,G09C,M. Gengel,Marek Gengel,248,226,https://www.atptour.com/en/rankings/singles?dateWeek=2025-09-22&rankRange=0-5000,2026-03-22T00:42:20Z
atp,2025-09-22,LB66,C. Lestienne,Constant Lestienne,249,223,https://www.atptour.com/en/rankings/singles?dateWeek=2025-09-22&rankRange=0-5000,2026-03-22T00:42:20Z
atp,2025-09-22,S0O6,I. Simakin,Ilia Simakin,250,223,https://www.atptour.com/en/rankings/singles?dateWeek=2025-09-22&rankRange=0-5000,2026-03-22T00:42:20Z
atp,2025-09-22,G0IX,A. Gea,Arthur Gea,251,223,https://www.atptour.com/en/rankings/singles?dateWeek=2025-09-22&rankRange=0-5000,2026-03-22T00:42:20Z
atp,2025-09-22,L0CF,G. Loffhagen,George Loffhagen,252,221,https://www.atptour.com/en/rankings/singles?dateWeek=2025-09-22&rankRange=0-5000,2026-03-22T00:42:20Z
atp,2025-09-22,MW18,N. Moreno De Alboran,Nicolas Moreno De Alboran,253,220,https://www.atptour.com/en/rankings/singles?dateWeek=2025-09-22&rankRange=0-5000,2026-03-22T00:42:20Z
atp,2025-09-22,V0DP,A. Vallejo,Adolfo Daniel Vallejo,254,220,https://www.atptour.com/en/rankings/singles?dateWeek=2025-09-22&rankRange=0-5000,2026-03-22T00:42:20Z
atp,2025-09-22,J553,O. Jasika,Omar Jasika,255,218,https://www.atptour.com/en/rankings/singles?dateWeek=2025-09-22&rankRange=0-5000,2026-03-22T00:42:20Z
atp,2025-09-22,M0OH,L. Midon,Lautaro Midon,256,218,https://www.atptour.com/en/rankings/singles?dateWeek=2025-09-22&rankRange=0-5000,2026-03-22T00:42:20Z
atp,2025-09-22,B0GR,G. Bueno,Gonzalo Bueno,257,217,https://www.atptour.com/en/rankings/singles?dateWeek=2025-09-22&rankRange=0-5000,2026-03-22T00:42:20Z
atp,2025-09-22,PF39,L. Pouille,Lucas Pouille,258,215,https://www.atptour.com/en/rankings/singles?dateWeek=2025-09-22&rankRange=0-5000,2026-03-22T00:42:20Z
atp,2025-09-22,J09X,F. Jianu,Filip Cristian Jianu,259,215,https://www.atptour.com/en/rankings/singles?dateWeek=2025-09-22&rankRange=0-5000,2026-03-22T00:42:20Z
atp,2025-09-22,DC48,M. Dellien,Murkel Dellien,260,214,https://www.atptour.com/en/rankings/singles?dateWeek=2025-09-22&rankRange=0-5000,2026-03-22T00:42:20Z
atp,2025-09-22,B0QC,G. Bailly,Gilles Arnaud Bailly,261,213,https://www.atptour.com/en/rankings/singles?dateWeek=2025-09-22&rankRange=0-5000,2026-03-22T00:42:20Z
atp,2025-09-22,BU54,G. Blancaneaux,Geoffrey Blancaneaux,262,213,https://www.atptour.com/en/rankings/singles?dateWeek=2025-09-22&rankRange=0-5000,2026-03-22T00:42:20Z
atp,2025-09-22,G628,R. Gasquet,Richard Gasquet,263,210,https://www.atptour.com/en/rankings/singles?dateWeek=2025-09-22&rankRange=0-5000,2026-03-22T00:42:20Z
atp,2025-09-22,CC66,A. Collarini,Andrea Collarini,264,210,https://www.atptour.com/en/rankings/singles?dateWeek=2025-09-22&rankRange=0-5000,2026-03-22T00:42:20Z
atp,2025-09-22,KC33,D. Kuzmanov,Dimitar Kuzmanov,265,209,https://www.atptour.com/en/rankings/singles?dateWeek=2025-09-22&rankRange=0-5000,2026-03-22T00:42:20Z
atp,2025-09-22,P0IY,J. Prado Angelo,Juan Carlos Prado Angelo,266,208,https://www.atptour.com/en/rankings/singles?dateWeek=2025-09-22&rankRange=0-5000,2026-03-22T00:42:20Z
atp,2025-09-22,E0AC,M. Erhard,Mathys Erhard,267,208,https://www.atptour.com/en/rankings/singles?dateWeek=2025-09-22&rankRange=0-5000,2026-03-22T00:42:20Z
atp,2025-09-22,D0CG,F. Diaz Acosta,Facundo Diaz Acosta,268,207,https://www.atptour.com/en/rankings/singles?dateWeek=2025-09-22&rankRange=0-5000,2026-03-22T00:42:20Z
atp,2025-09-22,M0HT,A. Moro Canas,Alejandro Moro Canas,269,204,https://www.atptour.com/en/rankings/singles?dateWeek=2025-09-22&rankRange=0-5000,2026-03-22T00:42:20Z
atp,2025-09-22,KC56,A. Karatsev,Aslan Karatsev,270,202,https://www.atptour.com/en/rankings/singles?dateWeek=2025-09-22&rankRange=0-5000,2026-03-22T00:42:20Z
atp,2025-09-22,D0L3,M. Dodig,Matej Dodig,271,200,https://www.atptour.com/en/rankings/singles?dateWeek=2025-09-22&rankRange=0-5000,2026-03-22T00:42:20Z
atp,2025-09-22,T0FI,M. Topo,Marko Topo,272,199,https://www.atptour.com/en/rankings/singles?dateWeek=2025-09-22&rankRange=0-5000,2026-03-22T00:42:20Z
atp,2025-09-22,SY67,S. Shimabukuro,Sho Shimabukuro,273,198,https://www.atptour.com/en/rankings/singles?dateWeek=2025-09-22&rankRange=0-5000,2026-03-22T00:42:20Z
atp,2025-09-22,BU70,R. Bertola,Remy Bertola,274,197,https://www.atptour.com/en/rankings/singles?dateWeek=2025-09-22&rankRange=0-5000,2026-03-22T00:42:20Z
atp,2025-09-22,CF01,M. Cecchinato,Marco Cecchinato,275,194,https://www.atptour.com/en/rankings/singles?dateWeek=2025-09-22&rankRange=0-5000,2026-03-22T00:42:20Z
atp,2025-09-22,P0EA,S. Purtseladze,Saba Purtseladze,276,193,https://www.atptour.com/en/rankings/singles?dateWeek=2025-09-22&rankRange=0-5000,2026-03-22T00:42:20Z
atp,2025-09-22,M0EA,P. Martin Tiffon,Pol Martin Tiffon,277,191,https://www.atptour.com/en/rankings/singles?dateWeek=2025-09-22&rankRange=0-5000,2026-03-22T00:42:20Z
atp,2025-09-22,P0GN,T. Paris,Tom Paris,278,191,https://www.atptour.com/en/rankings/singles?dateWeek=2025-09-22&rankRange=0-5000,2026-03-22T00:42:20Z
atp,2025-09-22,M0NP,A. Martin,Andres Martin,279,189,https://www.atptour.com/en/rankings/singles?dateWeek=2025-09-22&rankRange=0-5000,2026-03-22T00:42:20Z
atp,2025-09-22,S0EK,M. Soto,Matias Soto,280,189,https://www.atptour.com/en/rankings/singles?dateWeek=2025-09-22&rankRange=0-5000,2026-03-22T00:42:20Z
atp,2025-09-22,GA79,L. Giustino,Lorenzo Giustino,281,187,https://www.atptour.com/en/rankings/singles?dateWeek=2025-09-22&rankRange=0-5000,2026-03-22T00:42:20Z
atp,2025-09-22,P0K4,T. Pereira,Tiago Pereira,282,187,https://www.atptour.com/en/rankings/singles?dateWeek=2025-09-22&rankRange=0-5000,2026-03-22T00:42:20Z
atp,2025-09-22,S0MN,M. Sharipov,Marat Sharipov,283,186,https://www.atptour.com/en/rankings/singles?dateWeek=2025-09-22&rankRange=0-5000,2026-03-22T00:42:20Z
atp,2025-09-22,C0HB,E. Coulibaly,Eliakim Coulibaly,284,185,https://www.atptour.com/en/rankings/singles?dateWeek=2025-09-22&rankRange=0-5000,2026-03-22T00:42:20Z
atp,2025-09-22,P0DF,M. Pucinelli De Almeida,Matheus Pucinelli De Almeida,285,185,https://www.atptour.com/en/rankings/singles?dateWeek=2025-09-22&rankRange=0-5000,2026-03-22T00:42:20Z
atp,2025-09-22,G0IB,T. Gentzsch,Tom Gentzsch,286,183,https://www.atptour.com/en/rankings/singles?dateWeek=2025-09-22&rankRange=0-5000,2026-03-22T00:42:20Z
atp,2025-09-22,GE28,I. Gakhov,Ivan Gakhov,287,182,https://www.atptour.com/en/rankings/singles?dateWeek=2025-09-22&rankRange=0-5000,2026-03-22T00:42:20Z
atp,2025-09-22,U134,Y. Uchiyama,Yasutaka Uchiyama,288,181,https://www.atptour.com/en/rankings/singles?dateWeek=2025-09-22&rankRange=0-5000,2026-03-22T00:42:20Z
atp,2025-09-22,N897,S. Nagal,Sumit Nagal,289,179,https://www.atptour.com/en/rankings/singles?dateWeek=2025-09-22&rankRange=0-5000,2026-03-22T00:42:20Z
atp,2025-09-22,W857,T. Wu,Tung Lin Wu,290,179,https://www.atptour.com/en/rankings/singles?dateWeek=2025-09-22&rankRange=0-5000,2026-03-22T00:42:20Z
atp,2025-09-22,P0D0,J. Paul,Jakub Paul,291,178,https://www.atptour.com/en/rankings/singles?dateWeek=2025-09-22&rankRange=0-5000,2026-03-22T00:42:20Z
atp,2025-09-22,H0CX,M. Houkes,Max Houkes,292,178,https://www.atptour.com/en/rankings/singles?dateWeek=2025-09-22&rankRange=0-5000,2026-03-22T00:42:20Z
atp,2025-09-22,J0B5,G. Johns,Garrett Johns,293,178,https://www.atptour.com/en/rankings/singles?dateWeek=2025-09-22&rankRange=0-5000,2026-03-22T00:42:20Z
atp,2025-09-22,K926,M. Kukushkin,Mikhail Kukushkin,294,177,https://www.atptour.com/en/rankings/singles?dateWeek=2025-09-22&rankRange=0-5000,2026-03-22T00:42:20Z
atp,2025-09-22,M0E1,D. Michalski,Daniel Michalski,295,176,https://www.atptour.com/en/rankings/singles?dateWeek=2025-09-22&rankRange=0-5000,2026-03-22T00:42:20Z
atp,2025-09-22,MW76,M. Martineau,Matteo Martineau,296,176,https://www.atptour.com/en/rankings/singles?dateWeek=2025-09-22&rankRange=0-5000,2026-03-22T00:42:20Z
atp,2025-09-22,KD46,T. Kokkinakis,Thanasi Kokkinakis,297,175,https://www.atptour.com/en/rankings/singles?dateWeek=2025-09-22&rankRange=0-5000,2026-03-22T00:42:20Z
atp,2025-09-22,K0E6,A. Kachmazov,Alibek Kachmazov,298,175,https://www.atptour.com/en/rankings/singles?dateWeek=2025-09-22&rankRange=0-5000,2026-03-22T00:42:20Z
atp,2025-09-22,KC29,N. Kicker,Nicolas Kicker,299,175,https://www.atptour.com/en/rankings/singles?dateWeek=2025-09-22&rankRange=0-5000,2026-03-22T00:42:20Z
atp,2025-09-22,B0OU,H. Barton,Hynek Barton,300,175,https://www.atptour.com/en/rankings/singles?dateWeek=2025-09-22&rankRange=0-5000,2026-03-22T00:42:20Z
atp,2025-09-22,S0GZ,N. Sanchez Izquierdo,Nikolas Sanchez Izquierdo,301,174,https://www.atptour.com/en/rankings/singles?dateWeek=2025-09-22&rankRange=0-5000,2026-03-22T00:42:20Z
atp,2025-09-22,A09U,N. Alvarez Varona,Nicolas Alvarez Varona,302,173,https://www.atptour.com/en/rankings/singles?dateWeek=2025-09-22&rankRange=0-5000,2026-03-22T00:42:20Z
atp,2025-09-22,S0KT,S. Sakellaridis,Stefanos Sakellaridis,303,171,https://www.atptour.com/en/rankings/singles?dateWeek=2025-09-22&rankRange=0-5000,2026-03-22T00:42:20Z
atp,2025-09-22,B0JJ,R. Bertrand,Robin Bertrand,304,171,https://www.atptour.com/en/rankings/singles?dateWeek=2025-09-22&rankRange=0-5000,2026-03-22T00:42:20Z
atp,2025-09-22,Z0CQ,Y. Zhou,Yi Zhou,305,170,https://www.atptour.com/en/rankings/singles?dateWeek=2025-09-22&rankRange=0-5000,2026-03-22T00:42:20Z
atp,2025-09-22,J0DZ,R. Jodar,Rafael Jodar,306,170,https://www.atptour.com/en/rankings/singles?dateWeek=2025-09-22&rankRange=0-5000,2026-03-22T00:42:20Z
atp,2025-09-22,AA27,F. Agamenone,Franco Agamenone,307,170,https://www.atptour.com/en/rankings/singles?dateWeek=2025-09-22&rankRange=0-5000,2026-03-22T00:42:20Z
atp,2025-09-22,C0AJ,J. Cui,Jie Cui,308,170,https://www.atptour.com/en/rankings/singles?dateWeek=2025-09-22&rankRange=0-5000,2026-03-22T00:42:20Z
atp,2025-09-22,DF92,C. Denolly,Corentin Denolly,309,170,https://www.atptour.com/en/rankings/singles?dateWeek=2025-09-22&rankRange=0-5000,2026-03-22T00:42:20Z
atp,2025-09-22,S0IA,D. Sweeny,Dane Sweeny,310,170,https://www.atptour.com/en/rankings/singles?dateWeek=2025-09-22&rankRange=0-5000,2026-03-22T00:42:20Z
atp,2025-09-22,B0BU,F. Bax,Florent Bax,311,169,https://www.atptour.com/en/rankings/singles?dateWeek=2025-09-22&rankRange=0-5000,2026-03-22T00:42:20Z
atp,2025-09-22,M0NB,A. Mayo,Aidan Mayo,312,168,https://www.atptour.com/en/rankings/singles?dateWeek=2025-09-22&rankRange=0-5000,2026-03-22T00:42:20Z
atp,2025-09-22,RG42,A. Rybakov,Alex Rybakov,313,168,https://www.atptour.com/en/rankings/singles?dateWeek=2025-09-22&rankRange=0-5000,2026-03-22T00:42:20Z
atp,2025-09-22,RH62,M. Rosenkranz,Mats Rosenkranz,314,168,https://www.atptour.com/en/rankings/singles?dateWeek=2025-09-22&rankRange=0-5000,2026-03-22T00:42:20Z
atp,2025-09-22,S0CG,C. Sanchez Jover,Carlos Sanchez Jover,315,167,https://www.atptour.com/en/rankings/singles?dateWeek=2025-09-22&rankRange=0-5000,2026-03-22T00:42:20Z
atp,2025-09-22,V836,J. Varillas,Juan Pablo Varillas,316,165,https://www.atptour.com/en/rankings/singles?dateWeek=2025-09-22&rankRange=0-5000,2026-03-22T00:42:20Z
atp,2025-09-22,VA08,A. Vavassori,Andrea Vavassori,317,163,https://www.atptour.com/en/rankings/singles?dateWeek=2025-09-22&rankRange=0-5000,2026-03-22T00:42:20Z
atp,2025-09-22,K09F,P. Kotov,Pavel Kotov,318,162,https://www.atptour.com/en/rankings/singles?dateWeek=2025-09-22&rankRange=0-5000,2026-03-22T00:42:20Z
atp,2025-09-22,MP01,M. Mmoh,Michael Mmoh,319,162,https://www.atptour.com/en/rankings/singles?dateWeek=2025-09-22&rankRange=0-5000,2026-03-22T00:42:20Z
atp,2025-09-22,N731,C. Negritu,Christoph Negritu,320,161,https://www.atptour.com/en/rankings/singles?dateWeek=2025-09-22&rankRange=0-5000,2026-03-22T00:42:20Z
atp,2025-09-22,GG65,M. Geerts,Michael Geerts,321,161,https://www.atptour.com/en/rankings/singles?dateWeek=2025-09-22&rankRange=0-5000,2026-03-22T00:42:20Z
atp,2025-09-22,GB93,N. Gombos,Norbert Gombos,322,160,https://www.atptour.com/en/rankings/singles?dateWeek=2025-09-22&rankRange=0-5000,2026-03-22T00:42:20Z
atp,2025-09-22,LI10,C. Langmo,Christian Langmo,323,159,https://www.atptour.com/en/rankings/singles?dateWeek=2025-09-22&rankRange=0-5000,2026-03-22T00:42:20Z
atp,2025-09-22,H0DU,G. Heide,Gustavo Heide,324,158,https://www.atptour.com/en/rankings/singles?dateWeek=2025-09-22&rankRange=0-5000,2026-03-22T00:42:20Z
atp,2025-09-22,M0RE,P. Maloney,Patrick Maloney,325,158,https://www.atptour.com/en/rankings/singles?dateWeek=2025-09-22&rankRange=0-5000,2026-03-22T00:42:20Z
atp,2025-09-22,G0BY,D. Glinka,Daniil Glinka,326,157,https://www.atptour.com/en/rankings/singles?dateWeek=2025-09-22&rankRange=0-5000,2026-03-22T00:42:20Z
atp,2025-09-22,B0LQ,P. Bar Biryukov,Petr Bar Biryukov,327,157,https://www.atptour.com/en/rankings/singles?dateWeek=2025-09-22&rankRange=0-5000,2026-03-22T00:42:20Z
atp,2025-09-22,PL64,O. Prihodko,Oleg Prihodko,328,157,https://www.atptour.com/en/rankings/singles?dateWeek=2025-09-22&rankRange=0-5000,2026-03-22T00:42:20Z
atp,2025-09-22,E698,G. Elias,Gastao Elias,329,156,https://www.atptour.com/en/rankings/singles?dateWeek=2025-09-22&rankRange=0-5000,2026-03-22T00:42:20Z
atp,2025-09-22,B0LW,M. Brunold,Mika Brunold,330,156,https://www.atptour.com/en/rankings/singles?dateWeek=2025-09-22&rankRange=0-5000,2026-03-22T00:42:20Z
atp,2025-09-22,S0AK,H. Squire,Henri Squire,331,156,https://www.atptour.com/en/rankings/singles?dateWeek=2025-09-22&rankRange=0-5000,2026-03-22T00:42:20Z
atp,2025-09-22,RC04,A. Ritschard,Alexander Ritschard,332,155,https://www.atptour.com/en/rankings/singles?dateWeek=2025-09-22&rankRange=0-5000,2026-03-22T00:42:20Z
atp,2025-09-22,PL39,A. Perez,Alfredo Perez,333,155,https://www.atptour.com/en/rankings/singles?dateWeek=2025-09-22&rankRange=0-5000,2026-03-22T00:42:20Z
atp,2025-09-22,B0EK,M. Bouzige,Moerani Bouzige,334,154,https://www.atptour.com/en/rankings/singles?dateWeek=2025-09-22&rankRange=0-5000,2026-03-22T00:42:20Z
atp,2025-09-22,BV25,J. Barranco Cosano,Javier Barranco Cosano,335,152,https://www.atptour.com/en/rankings/singles?dateWeek=2025-09-22&rankRange=0-5000,2026-03-22T00:42:20Z
atp,2025-09-22,S0BT,A. Soriano Barrera,Adria Soriano Barrera,336,152,https://www.atptour.com/en/rankings/singles?dateWeek=2025-09-22&rankRange=0-5000,2026-03-22T00:42:20Z
atp,2025-09-22,K0CJ,S. Kopp,Sandro Kopp,337,152,https://www.atptour.com/en/rankings/singles?dateWeek=2025-09-22&rankRange=0-5000,2026-03-22T00:42:20Z
atp,2025-09-22,F0F4,K. Feldbausch,Kilian Feldbausch,338,152,https://www.atptour.com/en/rankings/singles?dateWeek=2025-09-22&rankRange=0-5000,2026-03-22T00:42:20Z
atp,2025-09-22,D0LJ,D. Dedura,Diego Dedura,339,152,https://www.atptour.com/en/rankings/singles?dateWeek=2025-09-22&rankRange=0-5000,2026-03-22T00:42:20Z
atp,2025-09-22,BE69,Y. Bai,Yan Bai,340,151,https://www.atptour.com/en/rankings/singles?dateWeek=2025-09-22&rankRange=0-5000,2026-03-22T00:42:20Z
atp,2025-09-22,TD55,R. Tokuda,Renta Tokuda,341,151,https://www.atptour.com/en/rankings/singles?dateWeek=2025-09-22&rankRange=0-5000,2026-03-22T00:42:20Z
atp,2025-09-22,A0CJ,D. Ajdukovic,Duje Ajdukovic,342,150,https://www.atptour.com/en/rankings/singles?dateWeek=2025-09-22&rankRange=0-5000,2026-03-22T00:42:20Z
atp,2025-09-22,Z0AK,T. Zink,Tyler Zink,343,150,https://www.atptour.com/en/rankings/singles?dateWeek=2025-09-22&rankRange=0-5000,2026-03-22T00:42:20Z
atp,2025-09-22,V717,A. Vatutin,Alexey Vatutin,344,150,https://www.atptour.com/en/rankings/singles?dateWeek=2025-09-22&rankRange=0-5000,2026-03-22T00:42:20Z
atp,2025-09-22,B0C0,A. Boitan,Adrian Boitan,345,150,https://www.atptour.com/en/rankings/singles?dateWeek=2025-09-22&rankRange=0-5000,2026-03-22T00:42:20Z
atp,2025-09-22,B0FI,P. Boscardin Dias,Pedro Boscardin Dias,346,150,https://www.atptour.com/en/rankings/singles?dateWeek=2025-09-22&rankRange=0-5000,2026-03-22T00:42:20Z
atp,2025-09-22,D0CN,M. Damas,Miguel Damas,347,149,https://www.atptour.com/en/rankings/singles?dateWeek=2025-09-22&rankRange=0-5000,2026-03-22T00:42:20Z
atp,2025-09-22,B0NO,D. Blanch,Darwin Blanch,348,148,https://www.atptour.com/en/rankings/singles?dateWeek=2025-09-22&rankRange=0-5000,2026-03-22T00:42:20Z
atp,2025-09-22,S0GV,R. Strombachs,Robert Strombachs,349,148,https://www.atptour.com/en/rankings/singles?dateWeek=2025-09-22&rankRange=0-5000,2026-03-22T00:42:20Z
atp,2025-09-22,P0GQ,M. Poljicak,Mili Poljicak,350,146,https://www.atptour.com/en/rankings/singles?dateWeek=2025-09-22&rankRange=0-5000,2026-03-22T00:42:20Z
atp,2025-09-22,V821,G. Villanueva,Gonzalo Villanueva,351,146,https://www.atptour.com/en/rankings/singles?dateWeek=2025-09-22&rankRange=0-5000,2026-03-22T00:42:20Z
atp,2025-09-22,N0AL,G. Nanda,Govind Nanda,352,145,https://www.atptour.com/en/rankings/singles?dateWeek=2025-09-22&rankRange=0-5000,2026-03-22T00:42:20Z
atp,2025-09-22,SG56,D. Dutra da Silva,Daniel Dutra Da Silva,353,145,https://www.atptour.com/en/rankings/singles?dateWeek=2025-09-22&rankRange=0-5000,2026-03-22T00:42:20Z
atp,2025-09-22,R772,A. Ramos-Vinolas,Albert Ramos Vinolas,354,144,https://www.atptour.com/en/rankings/singles?dateWeek=2025-09-22&rankRange=0-5000,2026-03-22T00:42:20Z
atp,2025-09-22,J0A4,P. Jubb,Paul Jubb,355,144,https://www.atptour.com/en/rankings/singles?dateWeek=2025-09-22&rankRange=0-5000,2026-03-22T00:42:20Z
atp,2025-09-22,H0DC,G. Hussey,Giles Hussey,356,142,https://www.atptour.com/en/rankings/singles?dateWeek=2025-09-22&rankRange=0-5000,2026-03-22T00:42:20Z
atp,2025-09-22,AG08,A. Andrade,Andres Andrade,357,142,https://www.atptour.com/en/rankings/singles?dateWeek=2025-09-22&rankRange=0-5000,2026-03-22T00:42:20Z
atp,2025-09-22,K0HG,M. Karol,Milos Karol,358,142,https://www.atptour.com/en/rankings/singles?dateWeek=2025-09-22&rankRange=0-5000,2026-03-22T00:42:20Z
atp,2025-09-22,M0GY,L. Marmousez,Lilian Marmousez,359,141,https://www.atptour.com/en/rankings/singles?dateWeek=2025-09-22&rankRange=0-5000,2026-03-22T00:42:20Z
atp,2025-09-22,P0I6,G. Piraino,Gabriele Piraino,360,141,https://www.atptour.com/en/rankings/singles?dateWeek=2025-09-22&rankRange=0-5000,2026-03-22T00:42:20Z
atp,2025-09-22,E768,A. Escoffier,Antoine Escoffier,361,141,https://www.atptour.com/en/rankings/singles?dateWeek=2025-09-22&rankRange=0-5000,2026-03-22T00:42:20Z
atp,2025-09-22,N0DB,A. Nedic,Andrej Nedic,362,140,https://www.atptour.com/en/rankings/singles?dateWeek=2025-09-22&rankRange=0-5000,2026-03-22T00:42:20Z
atp,2025-09-22,BK24,G. Barrere,Gregoire Barrere,363,139,https://www.atptour.com/en/rankings/singles?dateWeek=2025-09-22&rankRange=0-5000,2026-03-22T00:42:20Z
atp,2025-09-22,Y171,D. Yevseyev,Denis Yevseyev,364,139,https://www.atptour.com/en/rankings/singles?dateWeek=2025-09-22&rankRange=0-5000,2026-03-22T00:42:20Z
atp,2025-09-22,MI01,H. Moriya,Hiroki Moriya,365,138,https://www.atptour.com/en/rankings/singles?dateWeek=2025-09-22&rankRange=0-5000,2026-03-22T00:42:20Z
atp,2025-09-22,R0ED,M. Rehberg,Max Hans Rehberg,366,137,https://www.atptour.com/en/rankings/singles?dateWeek=2025-09-22&rankRange=0-5000,2026-03-22T00:42:20Z
atp,2025-09-22,J0D2,M. Jones,Maximus Jones,367,137,https://www.atptour.com/en/rankings/singles?dateWeek=2025-09-22&rankRange=0-5000,2026-03-22T00:42:20Z
atp,2025-09-22,H0BF,P. Henning,Philip Henning,368,136,https://www.atptour.com/en/rankings/singles?dateWeek=2025-09-22&rankRange=0-5000,2026-03-22T00:42:20Z
atp,2025-09-22,G0AO,A. Gray,Alastair Gray,369,136,https://www.atptour.com/en/rankings/singles?dateWeek=2025-09-22&rankRange=0-5000,2026-03-22T00:42:20Z
atp,2025-09-22,Z371,Z. Zhang,Zhizhen Zhang,370,135,https://www.atptour.com/en/rankings/singles?dateWeek=2025-09-22&rankRange=0-5000,2026-03-22T00:42:20Z
atp,2025-09-22,BV21,C. Broom,Charles Broom,371,135,https://www.atptour.com/en/rankings/singles?dateWeek=2025-09-22&rankRange=0-5000,2026-03-22T00:42:20Z
atp,2025-09-22,SO20,J. Sels,Jelle Sels,372,134,https://www.atptour.com/en/rankings/singles?dateWeek=2025-09-22&rankRange=0-5000,2026-03-22T00:42:20Z
atp,2025-09-22,B0GI,A. Binda,Alexander Binda,373,134,https://www.atptour.com/en/rankings/singles?dateWeek=2025-09-22&rankRange=0-5000,2026-03-22T00:42:20Z
atp,2025-09-22,A0F3,F. Andaloro,Fabrizio Andaloro,374,133,https://www.atptour.com/en/rankings/singles?dateWeek=2025-09-22&rankRange=0-5000,2026-03-22T00:42:20Z
atp,2025-09-22,P0DR,A. Picchione,Andrea Picchione,375,133,https://www.atptour.com/en/rankings/singles?dateWeek=2025-09-22&rankRange=0-5000,2026-03-22T00:42:20Z
atp,2025-09-22,CF88,R. Cid Subervi,Roberto Cid Subervi,376,132,https://www.atptour.com/en/rankings/singles?dateWeek=2025-09-22&rankRange=0-5000,2026-03-22T00:42:20Z
atp,2025-09-22,EA27,B. Ellis,Blake Ellis,377,132,https://www.atptour.com/en/rankings/singles?dateWeek=2025-09-22&rankRange=0-5000,2026-03-22T00:42:20Z
atp,2025-09-22,B0LL,V. Bielinskyi,Viacheslav Bielinskyi,378,132,https://www.atptour.com/en/rankings/singles?dateWeek=2025-09-22&rankRange=0-5000,2026-03-22T00:42:20Z
atp,2025-09-22,CH27,H. Chung,Hyeon Chung,379,132,https://www.atptour.com/en/rankings/singles?dateWeek=2025-09-22&rankRange=0-5000,2026-03-22T00:42:20Z
atp,2025-09-22,BV24,R. Brancaccio,Raul Brancaccio,380,132,https://www.atptour.com/en/rankings/singles?dateWeek=2025-09-22&rankRange=0-5000,2026-03-22T00:42:20Z
atp,2025-09-22,M0NL,I. Montes-De La Torre,Inaki Montes De La Torre,381,132,https://www.atptour.com/en/rankings/singles?dateWeek=2025-09-22&rankRange=0-5000,2026-03-22T00:42:20Z
atp,2025-09-22,PJ74,L. Poullain,Lucas Poullain,382,132,https://www.atptour.com/en/rankings/singles?dateWeek=2025-09-22&rankRange=0-5000,2026-03-22T00:42:20Z
atp,2025-09-22,A0BA,F. Arnaboldi,Federico Arnaboldi,383,131,https://www.atptour.com/en/rankings/singles?dateWeek=2025-09-22&rankRange=0-5000,2026-03-22T00:42:20Z
atp,2025-09-22,MF35,A. Martin,Andrej Martin,384,130,https://www.atptour.com/en/rankings/singles?dateWeek=2025-09-22&rankRange=0-5000,2026-03-22T00:42:20Z
atp,2025-09-22,S0EX,H. Stewart,Hamish Stewart,385,130,https://www.atptour.com/en/rankings/singles?dateWeek=2025-09-22&rankRange=0-5000,2026-03-22T00:42:20Z
atp,2025-09-22,S0TX,H. Searle,Henry Searle,386,129,https://www.atptour.com/en/rankings/singles?dateWeek=2025-09-22&rankRange=0-5000,2026-03-22T00:42:20Z
atp,2025-09-22,N663,M. Neuchrist,Maximilian Neuchrist,387,129,https://www.atptour.com/en/rankings/singles?dateWeek=2025-09-22&rankRange=0-5000,2026-03-22T00:42:20Z
atp,2025-09-22,T0GR,O. Tarvet,Oliver Tarvet,388,128,https://www.atptour.com/en/rankings/singles?dateWeek=2025-09-22&rankRange=0-5000,2026-03-22T00:42:20Z
atp,2025-09-22,B0PE,F. Bondioli,Federico Bondioli,389,128,https://www.atptour.com/en/rankings/singles?dateWeek=2025-09-22&rankRange=0-5000,2026-03-22T00:42:20Z
atp,2025-09-22,D0D4,S. Dostanic,Stefan Dostanic,390,127,https://www.atptour.com/en/rankings/singles?dateWeek=2025-09-22&rankRange=0-5000,2026-03-22T00:42:20Z
atp,2025-09-22,R0BT,F. Roncadelli,Franco Roncadelli,391,127,https://www.atptour.com/en/rankings/singles?dateWeek=2025-09-22&rankRange=0-5000,2026-03-22T00:42:20Z
atp,2025-09-22,SM88,K. Sell,Karue Sell,392,126,https://www.atptour.com/en/rankings/singles?dateWeek=2025-09-22&rankRange=0-5000,2026-03-22T00:42:20Z
atp,2025-09-22,G0J9,S. Gulin,Svyatoslav Gulin,393,126,https://www.atptour.com/en/rankings/singles?dateWeek=2025-09-22&rankRange=0-5000,2026-03-22T00:42:20Z
atp,2025-09-22,S0VM,T. Svajda,Trevor Svajda,394,125,https://www.atptour.com/en/rankings/singles?dateWeek=2025-09-22&rankRange=0-5000,2026-03-22T00:42:20Z
atp,2025-09-22,S09P,S. Shin,Sanhui Shin,395,125,https://www.atptour.com/en/rankings/singles?dateWeek=2025-09-22&rankRange=0-5000,2026-03-22T00:42:20Z
atp,2025-09-22,S0W8,A. Shah,Aryan Shah,396,125,https://www.atptour.com/en/rankings/singles?dateWeek=2025-09-22&rankRange=0-5000,2026-03-22T00:42:20Z
atp,2025-09-22,BU10,J. Berrettini,Jacopo Berrettini,397,124,https://www.atptour.com/en/rankings/singles?dateWeek=2025-09-22&rankRange=0-5000,2026-03-22T00:42:20Z
atp,2025-09-22,O0BE,O. Ovcharenko,Oleksandr Ovcharenko,398,124,https://www.atptour.com/en/rankings/singles?dateWeek=2025-09-22&rankRange=0-5000,2026-03-22T00:42:20Z
atp,2025-09-22,P0B2,L. Potenza,Luca Potenza,399,123,https://www.atptour.com/en/rankings/singles?dateWeek=2025-09-22&rankRange=0-5000,2026-03-22T00:42:20Z
atp,2025-09-22,SR81,K. Sultanov,Khumoyun Sultanov,400,122,https://www.atptour.com/en/rankings/singles?dateWeek=2025-09-22&rankRange=0-5000,2026-03-22T00:42:20Z
atp,2025-09-22,E0AA,Y. Erel,Yanki Erel,401,122,https://www.atptour.com/en/rankings/singles?dateWeek=2025-09-22&rankRange=0-5000,2026-03-22T00:42:20Z
atp,2025-09-22,S0HR,K. Samrej,Kasidit Samrej,402,122,https://www.atptour.com/en/rankings/singles?dateWeek=2025-09-22&rankRange=0-5000,2026-03-22T00:42:20Z
atp,2025-09-22,MJ98,F. Mena,Facundo Mena,403,121,https://www.atptour.com/en/rankings/singles?dateWeek=2025-09-22&rankRange=0-5000,2026-03-22T00:42:20Z
atp,2025-09-22,J0AW,G. Justo,Guido Ivan Justo,404,120,https://www.atptour.com/en/rankings/singles?dateWeek=2025-09-22&rankRange=0-5000,2026-03-22T00:42:20Z
atp,2025-09-22,DB59,D. Novak,Dennis Novak,405,118,https://www.atptour.com/en/rankings/singles?dateWeek=2025-09-22&rankRange=0-5000,2026-03-22T00:42:20Z
atp,2025-09-22,W0BU,O. Wallin,Olle Wallin,406,118,https://www.atptour.com/en/rankings/singles?dateWeek=2025-09-22&rankRange=0-5000,2026-03-22T00:42:20Z
atp,2025-09-22,J476,D. Jorda Sanchis,David Jorda Sanchis,407,117,https://www.atptour.com/en/rankings/singles?dateWeek=2025-09-22&rankRange=0-5000,2026-03-22T00:42:20Z
atp,2025-09-22,KE69,M. Kestelboim,Mariano Kestelboim,408,117,https://www.atptour.com/en/rankings/singles?dateWeek=2025-09-22&rankRange=0-5000,2026-03-22T00:42:20Z
atp,2025-09-22,Z419,B. Zapata Miralles,Bernabe Zapata Miralles,409,117,https://www.atptour.com/en/rankings/singles?dateWeek=2025-09-22&rankRange=0-5000,2026-03-22T00:42:20Z
atp,2025-09-22,I0B0,A. Ilagan,Andre Ilagan,410,117,https://www.atptour.com/en/rankings/singles?dateWeek=2025-09-22&rankRange=0-5000,2026-03-22T00:42:20Z
atp,2025-09-22,CG07,H. Casanova,Hernan Casanova,411,116,https://www.atptour.com/en/rankings/singles?dateWeek=2025-09-22&rankRange=0-5000,2026-03-22T00:42:20Z
atp,2025-09-22,P0BK,S. Parker,Stuart Parker,412,116,https://www.atptour.com/en/rankings/singles?dateWeek=2025-09-22&rankRange=0-5000,2026-03-22T00:42:20Z
atp,2025-09-22,FC49,G. Fonio,Giovanni Fonio,413,115,https://www.atptour.com/en/rankings/singles?dateWeek=2025-09-22&rankRange=0-5000,2026-03-22T00:42:20Z
atp,2025-09-22,BE90,R. Berankis,Ricardas Berankis,414,114,https://www.atptour.com/en/rankings/singles?dateWeek=2025-09-22&rankRange=0-5000,2026-03-22T00:42:20Z
atp,2025-09-22,T0DM,J. Torres,Juan Bautista Torres,415,114,https://www.atptour.com/en/rankings/singles?dateWeek=2025-09-22&rankRange=0-5000,2026-03-22T00:42:20Z
atp,2025-09-22,B0I6,S. Banerjee,Samir Banerjee,416,113,https://www.atptour.com/en/rankings/singles?dateWeek=2025-09-22&rankRange=0-5000,2026-03-22T00:42:20Z
atp,2025-09-22,G0IW,A. Ghibaudo,Antoine Ghibaudo,417,113,https://www.atptour.com/en/rankings/singles?dateWeek=2025-09-22&rankRange=0-5000,2026-03-22T00:42:20Z
atp,2025-09-22,O376,R. Olivo,Renzo Olivo,418,113,https://www.atptour.com/en/rankings/singles?dateWeek=2025-09-22&rankRange=0-5000,2026-03-22T00:42:20Z
atp,2025-09-22,A0EA,M. Alcala Gurri,Max Alcala Gurri,419,113,https://www.atptour.com/en/rankings/singles?dateWeek=2025-09-22&rankRange=0-5000,2026-03-22T00:42:20Z
atp,2025-09-22,S0RI,K. Singh,Karan Singh,420,112,https://www.atptour.com/en/rankings/singles?dateWeek=2025-09-22&rankRange=0-5000,2026-03-22T00:42:20Z
atp,2025-09-22,A0IK,L. Ambrogi,Luciano Emanuel Ambrogi,421,112,https://www.atptour.com/en/rankings/singles?dateWeek=2025-09-22&rankRange=0-5000,2026-03-22T00:42:20Z
atp,2025-09-22,I0A7,N. Ionel,Nicholas David Ionel,422,112,https://www.atptour.com/en/rankings/singles?dateWeek=2025-09-22&rankRange=0-5000,2026-03-22T00:42:20Z
atp,2025-09-22,M0SE,M. Mrva,Maxim Mrva,423,111,https://www.atptour.com/en/rankings/singles?dateWeek=2025-09-22&rankRange=0-5000,2026-03-22T00:42:20Z
atp,2025-09-22,U120,K. Uchida,Kaichi Uchida,424,111,https://www.atptour.com/en/rankings/singles?dateWeek=2025-09-22&rankRange=0-5000,2026-03-22T00:42:20Z
atp,2025-09-22,P0HP,L. Pokorny,Lukas Pokorny,425,111,https://www.atptour.com/en/rankings/singles?dateWeek=2025-09-22&rankRange=0-5000,2026-03-22T00:42:20Z
atp,2025-09-22,M0BN,M. Moeller,Marvin Moeller,426,110,https://www.atptour.com/en/rankings/singles?dateWeek=2025-09-22&rankRange=0-5000,2026-03-22T00:42:20Z
atp,2025-09-22,M0EY,A. Marti Pujolras,Alex Marti Pujolras,427,110,https://www.atptour.com/en/rankings/singles?dateWeek=2025-09-22&rankRange=0-5000,2026-03-22T00:42:20Z
atp,2025-09-22,O482,G. Oliveira,Gonzalo Oliveira,428,109,https://www.atptour.com/en/rankings/singles?dateWeek=2025-09-22&rankRange=0-5000,2026-03-22T00:42:20Z
atp,2025-09-22,RB60,O. Roca Batalla,Oriol Roca Batalla,429,109,https://www.atptour.com/en/rankings/singles?dateWeek=2025-09-22&rankRange=0-5000,2026-03-22T00:42:20Z
atp,2025-09-22,I426,M. Imamura,Masamichi Imamura,430,109,https://www.atptour.com/en/rankings/singles?dateWeek=2025-09-22&rankRange=0-5000,2026-03-22T00:42:20Z
atp,2025-09-22,BF23,F. Bagnis,Facundo Bagnis,431,108,https://www.atptour.com/en/rankings/singles?dateWeek=2025-09-22&rankRange=0-5000,2026-03-22T00:42:20Z
atp,2025-09-22,C0B2,C. Cretu,Cezar Cretu,432,108,https://www.atptour.com/en/rankings/singles?dateWeek=2025-09-22&rankRange=0-5000,2026-03-22T00:42:20Z
atp,2025-09-22,D0A2,M. Dellavedova,Matthew Dellavedova,433,107,https://www.atptour.com/en/rankings/singles?dateWeek=2025-09-22&rankRange=0-5000,2026-03-22T00:42:20Z
atp,2025-09-22,LC12,L. Lokoli,Laurent Lokoli,434,106,https://www.atptour.com/en/rankings/singles?dateWeek=2025-09-22&rankRange=0-5000,2026-03-22T00:42:20Z
atp,2025-09-22,SL94,P. Sakamoto,Pedro Sakamoto,435,106,https://www.atptour.com/en/rankings/singles?dateWeek=2025-09-22&rankRange=0-5000,2026-03-22T00:42:20Z
atp,2025-09-22,M0AC,R. Molleker,Rudolf Molleker,436,106,https://www.atptour.com/en/rankings/singles?dateWeek=2025-09-22&rankRange=0-5000,2026-03-22T00:42:20Z
atp,2025-09-22,S0NV,A. Shelbayh,Abdullah Shelbayh,437,105,https://www.atptour.com/en/rankings/singles?dateWeek=2025-09-22&rankRange=0-5000,2026-03-22T00:42:20Z
atp,2025-09-22,TF58,Y. Takahashi,Yusuke Takahashi,438,104,https://www.atptour.com/en/rankings/singles?dateWeek=2025-09-22&rankRange=0-5000,2026-03-22T00:42:20Z
atp,2025-09-22,N0B4,R. Nijboer,Ryan Nijboer,439,104,https://www.atptour.com/en/rankings/singles?dateWeek=2025-09-22&rankRange=0-5000,2026-03-22T00:42:20Z
atp,2025-09-22,M0RG,D. Milavsky,Daniel Milavsky,440,103,https://www.atptour.com/en/rankings/singles?dateWeek=2025-09-22&rankRange=0-5000,2026-03-22T00:42:20Z
atp,2025-09-22,B0OV,P. Brunclik,Petr Brunclik,441,103,https://www.atptour.com/en/rankings/singles?dateWeek=2025-09-22&rankRange=0-5000,2026-03-22T00:42:20Z
atp,2025-09-22,SK94,C. Stebe,Cedrik Marcel Stebe,442,102,https://www.atptour.com/en/rankings/singles?dateWeek=2025-09-22&rankRange=0-5000,2026-03-22T00:42:20Z
atp,2025-09-22,A09W,J. Aguilar,Juan Carlos Aguilar,443,102,https://www.atptour.com/en/rankings/singles?dateWeek=2025-09-22&rankRange=0-5000,2026-03-22T00:42:20Z
atp,2025-09-22,MN20,D. Masur,Daniel Masur,444,100,https://www.atptour.com/en/rankings/singles?dateWeek=2025-09-22&rankRange=0-5000,2026-03-22T00:42:20Z
atp,2025-09-22,C0OW,L. Carboni,Lorenzo Carboni,445,100,https://www.atptour.com/en/rankings/singles?dateWeek=2025-09-22&rankRange=0-5000,2026-03-22T00:42:20Z
atp,2025-09-22,P0BM,T. Paroulek,Tadeas Paroulek,446,98,https://www.atptour.com/en/rankings/singles?dateWeek=2025-09-22&rankRange=0-5000,2026-03-22T00:42:20Z
atp,2025-09-22,KE64,S. Kozlov,Stefan Kozlov,447,97,https://www.atptour.com/en/rankings/singles?dateWeek=2025-09-22&rankRange=0-5000,2026-03-22T00:42:20Z
atp,2025-09-22,D0DC,E. Donnet,Etienne Donnet,448,97,https://www.atptour.com/en/rankings/singles?dateWeek=2025-09-22&rankRange=0-5000,2026-03-22T00:42:20Z
atp,2025-09-22,DG80,E. Dalla Valle,Enrico Dalla Valle,449,97,https://www.atptour.com/en/rankings/singles?dateWeek=2025-09-22&rankRange=0-5000,2026-03-22T00:42:20Z
atp,2025-09-22,O0AD,N. Oberleitner,Neil Oberleitner,450,97,https://www.atptour.com/en/rankings/singles?dateWeek=2025-09-22&rankRange=0-5000,2026-03-22T00:42:20Z
atp,2025-09-22,B0JE,M. Basing,Max Basing,451,96,https://www.atptour.com/en/rankings/singles?dateWeek=2025-09-22&rankRange=0-5000,2026-03-22T00:42:20Z
atp,2025-09-22,S0TI,P. Sekulic,Philip Sekulic,452,96,https://www.atptour.com/en/rankings/singles?dateWeek=2025-09-22&rankRange=0-5000,2026-03-22T00:42:20Z
atp,2025-09-22,W0BB,M. Wiskandt,Max Wiskandt,453,96,https://www.atptour.com/en/rankings/singles?dateWeek=2025-09-22&rankRange=0-5000,2026-03-22T00:42:20Z
atp,2025-09-22,B0JP,D. Blanch,Dali Blanch,454,96,https://www.atptour.com/en/rankings/singles?dateWeek=2025-09-22&rankRange=0-5000,2026-03-22T00:42:20Z
atp,2025-09-22,M0C2,D. Martin,Dan Martin,455,95,https://www.atptour.com/en/rankings/singles?dateWeek=2025-09-22&rankRange=0-5000,2026-03-22T00:42:20Z
atp,2025-09-22,K0DP,O. Krutykh,Oleksii Krutykh,456,95,https://www.atptour.com/en/rankings/singles?dateWeek=2025-09-22&rankRange=0-5000,2026-03-22T00:42:20Z
atp,2025-09-22,H0CD,A. Hernandez,Alex Hernandez,457,95,https://www.atptour.com/en/rankings/singles?dateWeek=2025-09-22&rankRange=0-5000,2026-03-22T00:42:20Z
atp,2025-09-22,W0AH,H. Wendelken,Harry Wendelken,458,95,https://www.atptour.com/en/rankings/singles?dateWeek=2025-09-22&rankRange=0-5000,2026-03-22T00:42:20Z
atp,2025-09-22,W0A4,A. Weber,Arthur Weber,459,94,https://www.atptour.com/en/rankings/singles?dateWeek=2025-09-22&rankRange=0-5000,2026-03-22T00:42:20Z
atp,2025-09-22,C0NN,G. Cadenasso,Gianluca Cadenasso,460,94,https://www.atptour.com/en/rankings/singles?dateWeek=2025-09-22&rankRange=0-5000,2026-03-22T00:42:20Z
atp,2025-09-22,R0BC,L. Rodriguez,Lorenzo Joaquin Rodriguez,461,94,https://www.atptour.com/en/rankings/singles?dateWeek=2025-09-22&rankRange=0-5000,2026-03-22T00:42:20Z
atp,2025-09-22,D0AR,M. Alves,Mateus Alves,462,94,https://www.atptour.com/en/rankings/singles?dateWeek=2025-09-22&rankRange=0-5000,2026-03-22T00:42:20Z
atp,2025-09-22,F0BT,J. Forejtek,Jonas Forejtek,463,93,https://www.atptour.com/en/rankings/singles?dateWeek=2025-09-22&rankRange=0-5000,2026-03-22T00:42:20Z
atp,2025-09-22,CH80,L. Castelnuovo,Luca Castelnuovo,464,93,https://www.atptour.com/en/rankings/singles?dateWeek=2025-09-22&rankRange=0-5000,2026-03-22T00:42:20Z
atp,2025-09-22,MP13,M. Sasikumar,Mukund Sasikumar,465,93,https://www.atptour.com/en/rankings/singles?dateWeek=2025-09-22&rankRange=0-5000,2026-03-22T00:42:20Z
atp,2025-09-22,D0HJ,B. Djuric,Branko Djuric,466,93,https://www.atptour.com/en/rankings/singles?dateWeek=2025-09-22&rankRange=0-5000,2026-03-22T00:42:20Z
atp,2025-09-22,P0JG,G. Pennaforti,Gabriele Pennaforti,467,93,https://www.atptour.com/en/rankings/singles?dateWeek=2025-09-22&rankRange=0-5000,2026-03-22T00:42:20Z
atp,2025-09-22,M0I0,M. Mckennon,Maxwell Mckennon,468,92,https://www.atptour.com/en/rankings/singles?dateWeek=2025-09-22&rankRange=0-5000,2026-03-22T00:42:20Z
atp,2025-09-22,M0FA,A. Matusevich,Anton Matusevich,469,91,https://www.atptour.com/en/rankings/singles?dateWeek=2025-09-22&rankRange=0-5000,2026-03-22T00:42:20Z
atp,2025-09-22,BE67,M. Basic,Mirza Basic,470,91,https://www.atptour.com/en/rankings/singles?dateWeek=2025-09-22&rankRange=0-5000,2026-03-22T00:42:20Z
atp,2025-09-22,C0LK,C. Caniato,Carlo Alberto Caniato,471,91,https://www.atptour.com/en/rankings/singles?dateWeek=2025-09-22&rankRange=0-5000,2026-03-22T00:42:20Z
atp,2025-09-22,M0G0,R. Matsuda,Ryuki Matsuda,472,91,https://www.atptour.com/en/rankings/singles?dateWeek=2025-09-22&rankRange=0-5000,2026-03-22T00:42:20Z
atp,2025-09-22,O659,V. Orlov,Vladyslav Orlov,473,91,https://www.atptour.com/en/rankings/singles?dateWeek=2025-09-22&rankRange=0-5000,2026-03-22T00:42:20Z
atp,2025-09-22,PF65,F. Peliwo,Filip Peliwo,474,91,https://www.atptour.com/en/rankings/singles?dateWeek=2025-09-22&rankRange=0-5000,2026-03-22T00:42:20Z
atp,2025-09-22,T0EI,A. Thanos,Aristotelis Thanos,475,90,https://www.atptour.com/en/rankings/singles?dateWeek=2025-09-22&rankRange=0-5000,2026-03-22T00:42:20Z
atp,2025-09-22,PG94,M. Polmans,Marc Polmans,476,90,https://www.atptour.com/en/rankings/singles?dateWeek=2025-09-22&rankRange=0-5000,2026-03-22T00:42:20Z
atp,2025-09-22,R0IL,I. Radulov,Iliyan Radulov,477,90,https://www.atptour.com/en/rankings/singles?dateWeek=2025-09-22&rankRange=0-5000,2026-03-22T00:42:20Z
atp,2025-09-22,M0TO,M. Malige,Mae Malige,478,90,https://www.atptour.com/en/rankings/singles?dateWeek=2025-09-22&rankRange=0-5000,2026-03-22T00:42:20Z
atp,2025-09-22,A0ES,P. Araujo,Pedro Araujo,479,90,https://www.atptour.com/en/rankings/singles?dateWeek=2025-09-22&rankRange=0-5000,2026-03-22T00:42:20Z
atp,2025-09-22,H0B5,T. Huang,Tsung Hao Huang,480,90,https://www.atptour.com/en/rankings/singles?dateWeek=2025-09-22&rankRange=0-5000,2026-03-22T00:42:20Z
atp,2025-09-22,V0BD,N. Vylegzhanin,Nikolay Vylegzhanin,481,90,https://www.atptour.com/en/rankings/singles?dateWeek=2025-09-22&rankRange=0-5000,2026-03-22T00:42:20Z
atp,2025-09-22,KF17,S. Kwon,Soonwoo Kwon,482,89,https://www.atptour.com/en/rankings/singles?dateWeek=2025-09-22&rankRange=0-5000,2026-03-22T00:42:20Z
atp,2025-09-22,KI48,E. Kirkin,Ergi Kirkin,483,89,https://www.atptour.com/en/rankings/singles?dateWeek=2025-09-22&rankRange=0-5000,2026-03-22T00:42:20Z
atp,2025-09-22,T0IZ,A. Tudorica,Alvin Nicholas Tudorica,484,89,https://www.atptour.com/en/rankings/singles?dateWeek=2025-09-22&rankRange=0-5000,2026-03-22T00:42:20Z
atp,2025-09-22,SQ80,A. Santillan,Akira Santillan,485,87,https://www.atptour.com/en/rankings/singles?dateWeek=2025-09-22&rankRange=0-5000,2026-03-22T00:42:20Z
atp,2025-09-22,M0B2,Y. Mochizuki,Yuki Mochizuki,486,87,https://www.atptour.com/en/rankings/singles?dateWeek=2025-09-22&rankRange=0-5000,2026-03-22T00:42:20Z
atp,2025-09-22,A0FM,E. Agafonov,Egor Agafonov,487,87,https://www.atptour.com/en/rankings/singles?dateWeek=2025-09-22&rankRange=0-5000,2026-03-22T00:42:20Z
atp,2025-09-22,P0E9,D. Palan,Dominik Palan,488,87,https://www.atptour.com/en/rankings/singles?dateWeek=2025-09-22&rankRange=0-5000,2026-03-22T00:42:20Z
atp,2025-09-22,A0I1,B. Artnak,Bor Artnak,489,86,https://www.atptour.com/en/rankings/singles?dateWeek=2025-09-22&rankRange=0-5000,2026-03-22T00:42:20Z
atp,2025-09-22,P0IT,O. Pieczkowski,Olaf Pieczkowski,490,86,https://www.atptour.com/en/rankings/singles?dateWeek=2025-09-22&rankRange=0-5000,2026-03-22T00:42:20Z
atp,2025-09-22,WB19,A. Weis,Alexander Weis,491,86,https://www.atptour.com/en/rankings/singles?dateWeek=2025-09-22&rankRange=0-5000,2026-03-22T00:42:20Z
atp,2025-09-22,I0AX,K. Isomura,Kokoro Isomura,492,86,https://www.atptour.com/en/rankings/singles?dateWeek=2025-09-22&rankRange=0-5000,2026-03-22T00:42:20Z
atp,2025-09-22,F0A3,S. Fomin,Sergey Fomin,493,86,https://www.atptour.com/en/rankings/singles?dateWeek=2025-09-22&rankRange=0-5000,2026-03-22T00:42:20Z
atp,2025-09-22,M0EG,T. McCormick,Tristan Mccormick,494,86,https://www.atptour.com/en/rankings/singles?dateWeek=2025-09-22&rankRange=0-5000,2026-03-22T00:42:20Z
atp,2025-09-22,B0C5,F. Broska,Florian Broska,495,85,https://www.atptour.com/en/rankings/singles?dateWeek=2025-09-22&rankRange=0-5000,2026-03-22T00:42:20Z
atp,2025-09-22,KC04,J. Kovalik,Jozef Kovalik,496,85,https://www.atptour.com/en/rankings/singles?dateWeek=2025-09-22&rankRange=0-5000,2026-03-22T00:42:20Z
atp,2025-09-22,C0JX,S. Cuenin,Sean Cuenin,497,85,https://www.atptour.com/en/rankings/singles?dateWeek=2025-09-22&rankRange=0-5000,2026-03-22T00:42:20Z
atp,2025-09-22,LC11,T. Lamasine,Tristan Lamasine,498,85,https://www.atptour.com/en/rankings/singles?dateWeek=2025-09-22&rankRange=0-5000,2026-03-22T00:42:20Z
atp,2025-09-22,C0BB,T. Compagnucci,Tommaso Compagnucci,499,85,https://www.atptour.com/en/rankings/singles?dateWeek=2025-09-22&rankRange=0-5000,2026-03-22T00:42:20Z
atp,2025-09-22,S0IN,W. Shin,Woobin Shin,500,84,https://www.atptour.com/en/rankings/singles?dateWeek=2025-09-22&rankRange=0-5000,2026-03-22T00:42:20Z
atp,2025-09-22,V0D4,E. Vanshelboim,Eric Vanshelboim,501,84,https://www.atptour.com/en/rankings/singles?dateWeek=2025-09-22&rankRange=0-5000,2026-03-22T00:42:20Z
atp,2025-09-22,S0C2,H. Shiraishi,Hikaru Shiraishi,502,84,https://www.atptour.com/en/rankings/singles?dateWeek=2025-09-22&rankRange=0-5000,2026-03-22T00:42:20Z
atp,2025-09-22,KE73,D. Koepfer,Dominik Koepfer,503,83,https://www.atptour.com/en/rankings/singles?dateWeek=2025-09-22&rankRange=0-5000,2026-03-22T00:42:20Z
atp,2025-09-22,C0I4,T. Colson,Tibo Colson,504,83,https://www.atptour.com/en/rankings/singles?dateWeek=2025-09-22&rankRange=0-5000,2026-03-22T00:42:20Z
atp,2025-09-22,B0TP,H. Bernet,Henry Bernet,505,82,https://www.atptour.com/en/rankings/singles?dateWeek=2025-09-22&rankRange=0-5000,2026-03-22T00:42:20Z
atp,2025-09-22,K0FY,M. Krumich,Martin Krumich,506,82,https://www.atptour.com/en/rankings/singles?dateWeek=2025-09-22&rankRange=0-5000,2026-03-22T00:42:20Z
atp,2025-09-22,Z0C3,M. Zhukov,Maxim Zhukov,507,82,https://www.atptour.com/en/rankings/singles?dateWeek=2025-09-22&rankRange=0-5000,2026-03-22T00:42:20Z
atp,2025-09-22,U176,V. Ursu,Vadym Ursu,508,82,https://www.atptour.com/en/rankings/singles?dateWeek=2025-09-22&rankRange=0-5000,2026-03-22T00:42:20Z
atp,2025-09-22,A0K3,N. Arseneault,Nicolas Arseneault,509,81,https://www.atptour.com/en/rankings/singles?dateWeek=2025-09-22&rankRange=0-5000,2026-03-22T00:42:20Z
atp,2025-09-22,VA23,K. Van Wyk,Kris Van Wyk,510,81,https://www.atptour.com/en/rankings/singles?dateWeek=2025-09-22&rankRange=0-5000,2026-03-22T00:42:20Z
atp,2025-09-22,V993,E. Vasa,Eero Vasa,511,81,https://www.atptour.com/en/rankings/singles?dateWeek=2025-09-22&rankRange=0-5000,2026-03-22T00:42:20Z
atp,2025-09-22,L0GR,J. La Serna,Juan Manuel La Serna,512,80,https://www.atptour.com/en/rankings/singles?dateWeek=2025-09-22&rankRange=0-5000,2026-03-22T00:42:20Z
atp,2025-09-22,F0BP,P. Fellin,Pietro Fellin,513,80,https://www.atptour.com/en/rankings/singles?dateWeek=2025-09-22&rankRange=0-5000,2026-03-22T00:42:20Z
atp,2025-09-22,L0ID,J. Loge,Jack Loge,514,80,https://www.atptour.com/en/rankings/singles?dateWeek=2025-09-22&rankRange=0-5000,2026-03-22T00:42:20Z
atp,2025-09-22,J620,M. Janvier,Maxime Janvier,515,80,https://www.atptour.com/en/rankings/singles?dateWeek=2025-09-22&rankRange=0-5000,2026-03-22T00:42:20Z
atp,2025-09-22,SY00,C. Sigsgaard,Christian Sigsgaard,516,79,https://www.atptour.com/en/rankings/singles?dateWeek=2025-09-22&rankRange=0-5000,2026-03-22T00:42:20Z
atp,2025-09-22,BI23,L. Broady,Liam Broady,517,79,https://www.atptour.com/en/rankings/singles?dateWeek=2025-09-22&rankRange=0-5000,2026-03-22T00:42:20Z
atp,2025-09-22,N0CJ,P. Nesterov,Petr Nesterov,518,79,https://www.atptour.com/en/rankings/singles?dateWeek=2025-09-22&rankRange=0-5000,2026-03-22T00:42:20Z
atp,2025-09-22,T0AA,D. Tomescu,Dan Alexandru Tomescu,519,78,https://www.atptour.com/en/rankings/singles?dateWeek=2025-09-22&rankRange=0-5000,2026-03-22T00:42:20Z
atp,2025-09-22,N679,S. Napolitano,Stefano Napolitano,520,77,https://www.atptour.com/en/rankings/singles?dateWeek=2025-09-22&rankRange=0-5000,2026-03-22T00:42:20Z
atp,2025-09-22,M0GP,F. Moroni,Filippo Moroni,521,77,https://www.atptour.com/en/rankings/singles?dateWeek=2025-09-22&rankRange=0-5000,2026-03-22T00:42:20Z
atp,2025-09-22,K0DB,C. Kingsley,Cannon Kingsley,522,77,https://www.atptour.com/en/rankings/singles?dateWeek=2025-09-22&rankRange=0-5000,2026-03-22T00:42:20Z
atp,2025-09-22,KD87,E. Karlovskiy,Evgeny Karlovskiy,523,77,https://www.atptour.com/en/rankings/singles?dateWeek=2025-09-22&rankRange=0-5000,2026-03-22T00:42:20Z
atp,2025-09-22,S0H9,J. Story,James Story,524,77,https://www.atptour.com/en/rankings/singles?dateWeek=2025-09-22&rankRange=0-5000,2026-03-22T00:42:20Z
atp,2025-09-22,CO01,A. Chepelev,Andrey Chepelev,525,77,https://www.atptour.com/en/rankings/singles?dateWeek=2025-09-22&rankRange=0-5000,2026-03-22T00:42:20Z
atp,2025-09-22,M0EN,M. Mazza,Manuel Mazza,526,76,https://www.atptour.com/en/rankings/singles?dateWeek=2025-09-22&rankRange=0-5000,2026-03-22T00:42:20Z
atp,2025-09-22,A0JA,M. Agwi,Michael Agwi,527,76,https://www.atptour.com/en/rankings/singles?dateWeek=2025-09-22&rankRange=0-5000,2026-03-22T00:42:20Z
atp,2025-09-22,M0CW,A. McHugh,Aidan Mchugh,528,76,https://www.atptour.com/en/rankings/singles?dateWeek=2025-09-22&rankRange=0-5000,2026-03-22T00:42:20Z
atp,2025-09-22,K0EU,T. Kodat,Toby Kodat,529,76,https://www.atptour.com/en/rankings/singles?dateWeek=2025-09-22&rankRange=0-5000,2026-03-22T00:42:20Z
atp,2025-09-22,DC38,J. Delaney,Jake Delaney,530,75,https://www.atptour.com/en/rankings/singles?dateWeek=2025-09-22&rankRange=0-5000,2026-03-22T00:42:20Z
atp,2025-09-22,F0DP,P. Fajta,Peter Fajta,531,74,https://www.atptour.com/en/rankings/singles?dateWeek=2025-09-22&rankRange=0-5000,2026-03-22T00:42:20Z
atp,2025-09-22,MN13,M. Marterer,Maximilian Marterer,532,73,https://www.atptour.com/en/rankings/singles?dateWeek=2025-09-22&rankRange=0-5000,2026-03-22T00:42:20Z
atp,2025-09-22,W0C4,E. Winter,Edward Winter,533,73,https://www.atptour.com/en/rankings/singles?dateWeek=2025-09-22&rankRange=0-5000,2026-03-22T00:42:20Z
atp,2025-09-22,K0DE,T. Kumasaka,Takuya Kumasaka,534,73,https://www.atptour.com/en/rankings/singles?dateWeek=2025-09-22&rankRange=0-5000,2026-03-22T00:42:20Z
atp,2025-09-22,TD47,E. Tiurnev,Evgenii Tiurnev,535,72,https://www.atptour.com/en/rankings/singles?dateWeek=2025-09-22&rankRange=0-5000,2026-03-22T00:42:20Z
atp,2025-09-22,M0QK,L. Massard,Loann Massard,536,72,https://www.atptour.com/en/rankings/singles?dateWeek=2025-09-22&rankRange=0-5000,2026-03-22T00:42:20Z
atp,2025-09-22,Z0BL,F. Zakaria,Fares Zakaria,537,72,https://www.atptour.com/en/rankings/singles?dateWeek=2025-09-22&rankRange=0-5000,2026-03-22T00:42:20Z
atp,2025-09-22,DB32,Y. Dzhavakian,Yurii Dzhavakian,538,72,https://www.atptour.com/en/rankings/singles?dateWeek=2025-09-22&rankRange=0-5000,2026-03-22T00:42:20Z
atp,2025-09-22,E831,K. Edmund,Kyle Edmund,539,71,https://www.atptour.com/en/rankings/singles?dateWeek=2025-09-22&rankRange=0-5000,2026-03-22T00:42:20Z
atp,2025-09-22,I330,S. Imai,Shintaro Imai,540,71,https://www.atptour.com/en/rankings/singles?dateWeek=2025-09-22&rankRange=0-5000,2026-03-22T00:42:20Z
atp,2025-09-22,P0G5,S. Popovic,Stefan Popovic,541,71,https://www.atptour.com/en/rankings/singles?dateWeek=2025-09-22&rankRange=0-5000,2026-03-22T00:42:20Z
atp,2025-09-22,GC89,E. Gerasimov,Egor Gerasimov,542,70,https://www.atptour.com/en/rankings/singles?dateWeek=2025-09-22&rankRange=0-5000,2026-03-22T00:42:20Z
atp,2025-09-22,GH33,M. Guinard,Manuel Guinard,543,70,https://www.atptour.com/en/rankings/singles?dateWeek=2025-09-22&rankRange=0-5000,2026-03-22T00:42:20Z
atp,2025-09-22,G0MI,A. Ganesan,Adhithya Ganesan,544,70,https://www.atptour.com/en/rankings/singles?dateWeek=2025-09-22&rankRange=0-5000,2026-03-22T00:42:20Z
atp,2025-09-22,B0P4,T. Berkieta,Tomasz Berkieta,545,70,https://www.atptour.com/en/rankings/singles?dateWeek=2025-09-22&rankRange=0-5000,2026-03-22T00:42:20Z
atp,2025-09-22,K0HZ,A. Kim,Aidan Kim,546,69,https://www.atptour.com/en/rankings/singles?dateWeek=2025-09-22&rankRange=0-5000,2026-03-22T00:42:20Z
atp,2025-09-22,K0HC,M. Kasnikowski,Maks Kasnikowski,547,69,https://www.atptour.com/en/rankings/singles?dateWeek=2025-09-22&rankRange=0-5000,2026-03-22T00:42:20Z
atp,2025-09-22,CG94,E. Couacaud,Enzo Couacaud,548,69,https://www.atptour.com/en/rankings/singles?dateWeek=2025-09-22&rankRange=0-5000,2026-03-22T00:42:20Z
atp,2025-09-22,Z0D1,T. Zhang,Tianhui Zhang,549,69,https://www.atptour.com/en/rankings/singles?dateWeek=2025-09-22&rankRange=0-5000,2026-03-22T00:42:20Z
atp,2025-09-22,M0GB,A. Martinez,Alex Martinez,550,69,https://www.atptour.com/en/rankings/singles?dateWeek=2025-09-22&rankRange=0-5000,2026-03-22T00:42:20Z
atp,2025-09-22,KG49,D. Klok,Denis Klok,551,69,https://www.atptour.com/en/rankings/singles?dateWeek=2025-09-22&rankRange=0-5000,2026-03-22T00:42:20Z
atp,2025-09-22,K0HN,B. Kuzuhara,Bruno Kuzuhara,552,69,https://www.atptour.com/en/rankings/singles?dateWeek=2025-09-22&rankRange=0-5000,2026-03-22T00:42:20Z
atp,2025-09-22,A0IA,E. Arutiunian,Erik Arutiunian,553,69,https://www.atptour.com/en/rankings/singles?dateWeek=2025-09-22&rankRange=0-5000,2026-03-22T00:42:20Z
atp,2025-09-22,A0J5,S. Andreescu,Stefan Adrian Andreescu,554,69,https://www.atptour.com/en/rankings/singles?dateWeek=2025-09-22&rankRange=0-5000,2026-03-22T00:42:20Z
atp,2025-09-22,G0A0,A. Guerrieri,Andrea Guerrieri,555,68,https://www.atptour.com/en/rankings/singles?dateWeek=2025-09-22&rankRange=0-5000,2026-03-22T00:42:20Z
atp,2025-09-22,A829,R. Albot,Radu Albot,556,68,https://www.atptour.com/en/rankings/singles?dateWeek=2025-09-22&rankRange=0-5000,2026-03-22T00:42:20Z
atp,2025-09-22,D0LY,E. Demanet,Emilien Demanet,557,68,https://www.atptour.com/en/rankings/singles?dateWeek=2025-09-22&rankRange=0-5000,2026-03-22T00:42:20Z
atp,2025-09-22,A0DV,A. Azkara,Arda Azkara,558,67,https://www.atptour.com/en/rankings/singles?dateWeek=2025-09-22&rankRange=0-5000,2026-03-22T00:42:20Z
atp,2025-09-22,R0F1,J. Rodriguez,Johan Alexander Rodriguez,559,67,https://www.atptour.com/en/rankings/singles?dateWeek=2025-09-22&rankRange=0-5000,2026-03-22T00:42:20Z
atp,2025-09-22,A0G7,V. Aboian,Valerio Aboian,560,67,https://www.atptour.com/en/rankings/singles?dateWeek=2025-09-22&rankRange=0-5000,2026-03-22T00:42:20Z
atp,2025-09-22,R0DC,A. Rai,Ajeet Rai,561,67,https://www.atptour.com/en/rankings/singles?dateWeek=2025-09-22&rankRange=0-5000,2026-03-22T00:42:20Z
atp,2025-09-22,CN15,F. Corwin,Felix Corwin,562,67,https://www.atptour.com/en/rankings/singles?dateWeek=2025-09-22&rankRange=0-5000,2026-03-22T00:42:20Z
atp,2025-09-22,F0CK,A. Fenty,Andrew Fenty,563,67,https://www.atptour.com/en/rankings/singles?dateWeek=2025-09-22&rankRange=0-5000,2026-03-22T00:42:20Z
atp,2025-09-22,HG90,C. Huertas del Pino,Conner Huertas Del Pino,564,66,https://www.atptour.com/en/rankings/singles?dateWeek=2025-09-22&rankRange=0-5000,2026-03-22T00:42:20Z
atp,2025-09-22,I306,C. Ilkel,Cem Ilkel,565,66,https://www.atptour.com/en/rankings/singles?dateWeek=2025-09-22&rankRange=0-5000,2026-03-22T00:42:20Z
atp,2025-09-22,J737,F. Juarez,Facundo Juarez,566,66,https://www.atptour.com/en/rankings/singles?dateWeek=2025-09-22&rankRange=0-5000,2026-03-22T00:42:20Z
atp,2025-09-22,L0C1,C. Lopez Montagud,Carlos Lopez Montagud,567,66,https://www.atptour.com/en/rankings/singles?dateWeek=2025-09-22&rankRange=0-5000,2026-03-22T00:42:20Z
atp,2025-09-22,GF23,L. Gerch,Lucas Gerch,568,65,https://www.atptour.com/en/rankings/singles?dateWeek=2025-09-22&rankRange=0-5000,2026-03-22T00:42:20Z
atp,2025-09-22,N0D9,J. Nicod,Jakub Nicod,569,65,https://www.atptour.com/en/rankings/singles?dateWeek=2025-09-22&rankRange=0-5000,2026-03-22T00:42:20Z
atp,2025-09-22,S0IV,P. Saraiva Dos Santos,Paulo Andre Saraiva Dos Santos,570,65,https://www.atptour.com/en/rankings/singles?dateWeek=2025-09-22&rankRange=0-5000,2026-03-22T00:42:20Z
atp,2025-09-22,S0E6,S. Slump,Stijn Slump,571,65,https://www.atptour.com/en/rankings/singles?dateWeek=2025-09-22&rankRange=0-5000,2026-03-22T00:42:20Z
atp,2025-09-22,G0EQ,S. Gima,Sebastian Gima,572,65,https://www.atptour.com/en/rankings/singles?dateWeek=2025-09-22&rankRange=0-5000,2026-03-22T00:42:20Z
atp,2025-09-22,B0I5,B. Bicknell,Blaise Bicknell,573,64,https://www.atptour.com/en/rankings/singles?dateWeek=2025-09-22&rankRange=0-5000,2026-03-22T00:42:20Z
atp,2025-09-22,B0F8,J. Boulais,Justin Boulais,574,64,https://www.atptour.com/en/rankings/singles?dateWeek=2025-09-22&rankRange=0-5000,2026-03-22T00:42:20Z
atp,2025-09-22,Z09K,E. Zhu,Evan Zhu,575,64,https://www.atptour.com/en/rankings/singles?dateWeek=2025-09-22&rankRange=0-5000,2026-03-22T00:42:20Z
atp,2025-09-22,F0HO,T. Faurel,Thomas Faurel,576,64,https://www.atptour.com/en/rankings/singles?dateWeek=2025-09-22&rankRange=0-5000,2026-03-22T00:42:20Z
atp,2025-09-22,CD00,M. Chazal,Maxime Chazal,577,63,https://www.atptour.com/en/rankings/singles?dateWeek=2025-09-22&rankRange=0-5000,2026-03-22T00:42:20Z
atp,2025-09-22,N707,N. Nakagawa,Naoki Nakagawa,578,63,https://www.atptour.com/en/rankings/singles?dateWeek=2025-09-22&rankRange=0-5000,2026-03-22T00:42:20Z
atp,2025-09-22,DH55,M. De Krom,Michiel De Krom,579,63,https://www.atptour.com/en/rankings/singles?dateWeek=2025-09-22&rankRange=0-5000,2026-03-22T00:42:20Z
atp,2025-09-22,C0MH,G. Campana Lee,Gerard Campana Lee,580,63,https://www.atptour.com/en/rankings/singles?dateWeek=2025-09-22&rankRange=0-5000,2026-03-22T00:42:20Z
atp,2025-09-22,O639,G. Oradini,Giovanni Oradini,581,63,https://www.atptour.com/en/rankings/singles?dateWeek=2025-09-22&rankRange=0-5000,2026-03-22T00:42:20Z
atp,2025-09-22,B0J8,M. Braswell,Micah Braswell,582,62,https://www.atptour.com/en/rankings/singles?dateWeek=2025-09-22&rankRange=0-5000,2026-03-22T00:42:20Z
atp,2025-09-22,TG30,R. Te,Rigele Te,583,62,https://www.atptour.com/en/rankings/singles?dateWeek=2025-09-22&rankRange=0-5000,2026-03-22T00:42:20Z
atp,2025-09-22,W0ED,J. Watt,James Watt,584,62,https://www.atptour.com/en/rankings/singles?dateWeek=2025-09-22&rankRange=0-5000,2026-03-22T00:42:20Z
atp,2025-09-22,B0A0,M. Beauge,Maxence Beauge,585,62,https://www.atptour.com/en/rankings/singles?dateWeek=2025-09-22&rankRange=0-5000,2026-03-22T00:42:20Z
atp,2025-09-22,KE36,D. Kellovsky,Dominik Kellovsky,586,62,https://www.atptour.com/en/rankings/singles?dateWeek=2025-09-22&rankRange=0-5000,2026-03-22T00:42:20Z
atp,2025-09-22,G0D9,I. Gimenez,Igor Gimenez,587,62,https://www.atptour.com/en/rankings/singles?dateWeek=2025-09-22&rankRange=0-5000,2026-03-22T00:42:20Z
atp,2025-09-22,M0RX,K. Miyoshi,Kenta Miyoshi,588,61,https://www.atptour.com/en/rankings/singles?dateWeek=2025-09-22&rankRange=0-5000,2026-03-22T00:42:20Z
atp,2025-09-22,P0FJ,R. Papoe,Radu Mihai Papoe,589,61,https://www.atptour.com/en/rankings/singles?dateWeek=2025-09-22&rankRange=0-5000,2026-03-22T00:42:20Z
atp,2025-09-22,S0DQ,K. Smith,Keegan Smith,590,61,https://www.atptour.com/en/rankings/singles?dateWeek=2025-09-22&rankRange=0-5000,2026-03-22T00:42:20Z
atp,2025-09-22,G0CV,B. Gadamauri,Buvaysar Gadamauri,591,61,https://www.atptour.com/en/rankings/singles?dateWeek=2025-09-22&rankRange=0-5000,2026-03-22T00:42:20Z
atp,2025-09-22,K0EZ,Y. Kikuchi,Yuta Kikuchi,592,61,https://www.atptour.com/en/rankings/singles?dateWeek=2025-09-22&rankRange=0-5000,2026-03-22T00:42:20Z
atp,2025-09-22,O656,A. Oetzbach,Adrian Oetzbach,593,61,https://www.atptour.com/en/rankings/singles?dateWeek=2025-09-22&rankRange=0-5000,2026-03-22T00:42:20Z
atp,2025-09-22,A0IY,L. Alvarez,Luis Carlos Alvarez,594,60,https://www.atptour.com/en/rankings/singles?dateWeek=2025-09-22&rankRange=0-5000,2026-03-22T00:42:20Z
atp,2025-09-22,T0I3,M. Tobon,Miguel Tobon,595,60,https://www.atptour.com/en/rankings/singles?dateWeek=2025-09-22&rankRange=0-5000,2026-03-22T00:42:20Z
atp,2025-09-22,P0K5,T. Papamalamis,Theo Papamalamis,596,60,https://www.atptour.com/en/rankings/singles?dateWeek=2025-09-22&rankRange=0-5000,2026-03-22T00:42:20Z
atp,2025-09-22,E811,E. Ejupovic,Elmar Ejupovic,597,60,https://www.atptour.com/en/rankings/singles?dateWeek=2025-09-22&rankRange=0-5000,2026-03-22T00:42:20Z
atp,2025-09-22,RH50,A. Reymond,Arthur Reymond,598,60,https://www.atptour.com/en/rankings/singles?dateWeek=2025-09-22&rankRange=0-5000,2026-03-22T00:42:20Z
atp,2025-09-22,S0XE,A. Sanchez Quilez,Alejo Sanchez Quilez,599,60,https://www.atptour.com/en/rankings/singles?dateWeek=2025-09-22&rankRange=0-5000,2026-03-22T00:42:20Z
atp,2025-09-22,D0JI,M. Dhamne,Manas Dhamne,600,60,https://www.atptour.com/en/rankings/singles?dateWeek=2025-09-22&rankRange=0-5000,2026-03-22T00:42:20Z
atp,2025-09-22,S0TM,T. Samuel,Toby Samuel,601,59,https://www.atptour.com/en/rankings/singles?dateWeek=2025-09-22&rankRange=0-5000,2026-03-22T00:42:20Z
atp,2025-09-22,R0HK,F. Romano,Filippo Romano,602,59,https://www.atptour.com/en/rankings/singles?dateWeek=2025-09-22&rankRange=0-5000,2026-03-22T00:42:20Z
atp,2025-09-22,S0QZ,S. Sorger,Sebastian Sorger,603,59,https://www.atptour.com/en/rankings/singles?dateWeek=2025-09-22&rankRange=0-5000,2026-03-22T00:42:20Z
atp,2025-09-22,L0AT,I. Lopez Morillo,Imanol Lopez Morillo,604,59,https://www.atptour.com/en/rankings/singles?dateWeek=2025-09-22&rankRange=0-5000,2026-03-22T00:42:20Z
atp,2025-09-22,LH70,K. Lee,Kuan Yi Lee,605,58,https://www.atptour.com/en/rankings/singles?dateWeek=2025-09-22&rankRange=0-5000,2026-03-22T00:42:20Z
atp,2025-09-22,S0T1,J. Schiessl,Joao Eduardo Schiessl,606,58,https://www.atptour.com/en/rankings/singles?dateWeek=2025-09-22&rankRange=0-5000,2026-03-22T00:42:20Z
atp,2025-09-22,P0CY,S. Palosi,Stefan Palosi,607,58,https://www.atptour.com/en/rankings/singles?dateWeek=2025-09-22&rankRange=0-5000,2026-03-22T00:42:20Z
atp,2025-09-22,R0JW,M. Ribecai,Michele Ribecai,608,58,https://www.atptour.com/en/rankings/singles?dateWeek=2025-09-22&rankRange=0-5000,2026-03-22T00:42:20Z
atp,2025-09-22,W09G,J. Wolf,J.j. Wolf,609,57,https://www.atptour.com/en/rankings/singles?dateWeek=2025-09-22&rankRange=0-5000,2026-03-22T00:42:20Z
atp,2025-09-22,Y268,M. Ymer,Mikael Ymer,610,57,https://www.atptour.com/en/rankings/singles?dateWeek=2025-09-22&rankRange=0-5000,2026-03-22T00:42:20Z
atp,2025-09-22,BU36,A. Barroso Campos,Alberto Barroso Campos,611,57,https://www.atptour.com/en/rankings/singles?dateWeek=2025-09-22&rankRange=0-5000,2026-03-22T00:42:20Z
atp,2025-09-22,E0DI,J. Estevez,Juan Estevez,612,57,https://www.atptour.com/en/rankings/singles?dateWeek=2025-09-22&rankRange=0-5000,2026-03-22T00:42:20Z
atp,2025-09-22,PI96,S. Perez Contri,Sergi Perez Contri,613,57,https://www.atptour.com/en/rankings/singles?dateWeek=2025-09-22&rankRange=0-5000,2026-03-22T00:42:20Z
atp,2025-09-22,KI71,K. Kivattsev,Kirill Kivattsev,614,57,https://www.atptour.com/en/rankings/singles?dateWeek=2025-09-22&rankRange=0-5000,2026-03-22T00:42:20Z
atp,2025-09-22,K0HL,K. Kang,Kyle Kang,615,56,https://www.atptour.com/en/rankings/singles?dateWeek=2025-09-22&rankRange=0-5000,2026-03-22T00:42:20Z
atp,2025-09-22,RD48,I. Marcondes,Igor Marcondes,616,56,https://www.atptour.com/en/rankings/singles?dateWeek=2025-09-22&rankRange=0-5000,2026-03-22T00:42:20Z
atp,2025-09-22,GJ05,A. Gautier,Alexis Gautier,617,56,https://www.atptour.com/en/rankings/singles?dateWeek=2025-09-22&rankRange=0-5000,2026-03-22T00:42:20Z
atp,2025-09-22,P0FV,F. Planinsek,Filip Jeff Planinsek,618,56,https://www.atptour.com/en/rankings/singles?dateWeek=2025-09-22&rankRange=0-5000,2026-03-22T00:42:20Z
atp,2025-09-22,R09V,E. Ribeiro,Eduardo Ribeiro,619,56,https://www.atptour.com/en/rankings/singles?dateWeek=2025-09-22&rankRange=0-5000,2026-03-22T00:42:20Z
atp,2025-09-22,F0CJ,G. Ferrari,Gianmarco Ferrari,620,56,https://www.atptour.com/en/rankings/singles?dateWeek=2025-09-22&rankRange=0-5000,2026-03-22T00:42:20Z
atp,2025-09-22,D0HM,M. Donald,Matthew William Donald,621,56,https://www.atptour.com/en/rankings/singles?dateWeek=2025-09-22&rankRange=0-5000,2026-03-22T00:42:20Z
atp,2025-09-22,O09A,A. Ouakaa,Aziz Ouakaa,622,56,https://www.atptour.com/en/rankings/singles?dateWeek=2025-09-22&rankRange=0-5000,2026-03-22T00:42:20Z
atp,2025-09-22,RB56,R. Ramanathan,Ramkumar Ramanathan,623,55,https://www.atptour.com/en/rankings/singles?dateWeek=2025-09-22&rankRange=0-5000,2026-03-22T00:42:20Z
atp,2025-09-22,P0MG,R. Perot,Raphael Perot,624,55,https://www.atptour.com/en/rankings/singles?dateWeek=2025-09-22&rankRange=0-5000,2026-03-22T00:42:20Z
atp,2025-09-22,W09B,D. Wenger,Damien Wenger,625,55,https://www.atptour.com/en/rankings/singles?dateWeek=2025-09-22&rankRange=0-5000,2026-03-22T00:42:20Z
atp,2025-09-22,S0NN,J. Sheehy,Joshua Sheehy,626,55,https://www.atptour.com/en/rankings/singles?dateWeek=2025-09-22&rankRange=0-5000,2026-03-22T00:42:20Z
atp,2025-09-22,C0JT,R. Catry,Robin Catry,627,55,https://www.atptour.com/en/rankings/singles?dateWeek=2025-09-22&rankRange=0-5000,2026-03-22T00:42:20Z
atp,2025-09-22,P0C1,K. Poling,Karl Poling,628,55,https://www.atptour.com/en/rankings/singles?dateWeek=2025-09-22&rankRange=0-5000,2026-03-22T00:42:20Z
atp,2025-09-22,KG27,S. Kirchheimer,Strong Kirchheimer,629,55,https://www.atptour.com/en/rankings/singles?dateWeek=2025-09-22&rankRange=0-5000,2026-03-22T00:42:20Z
atp,2025-09-22,P0EV,A. Paulson,Andrew Paulson,630,54,https://www.atptour.com/en/rankings/singles?dateWeek=2025-09-22&rankRange=0-5000,2026-03-22T00:42:20Z
atp,2025-09-22,S0DE,D. Suresh,Dhakshineswar Suresh,631,54,https://www.atptour.com/en/rankings/singles?dateWeek=2025-09-22&rankRange=0-5000,2026-03-22T00:42:20Z
atp,2025-09-22,I09N,F. Iannaccone,Federico Iannaccone,632,54,https://www.atptour.com/en/rankings/singles?dateWeek=2025-09-22&rankRange=0-5000,2026-03-22T00:42:20Z
atp,2025-09-22,C0HV,L. Castagnola,Luca Castagnola,633,54,https://www.atptour.com/en/rankings/singles?dateWeek=2025-09-22&rankRange=0-5000,2026-03-22T00:42:20Z
atp,2025-09-22,V0D0,N. Visker,Niels Visker,634,54,https://www.atptour.com/en/rankings/singles?dateWeek=2025-09-22&rankRange=0-5000,2026-03-22T00:42:20Z
atp,2025-09-22,V0J1,J. Vasami,Jacopo Vasami,635,53,https://www.atptour.com/en/rankings/singles?dateWeek=2025-09-22&rankRange=0-5000,2026-03-22T00:42:20Z
atp,2025-09-22,V0BC,C. Vandermeersch,Cyril Vandermeersch,636,53,https://www.atptour.com/en/rankings/singles?dateWeek=2025-09-22&rankRange=0-5000,2026-03-22T00:42:20Z
atp,2025-09-22,N830,J. Nikles,Johan Nikles,637,53,https://www.atptour.com/en/rankings/singles?dateWeek=2025-09-22&rankRange=0-5000,2026-03-22T00:42:20Z
atp,2025-09-22,X01A,L. Xiao,Linang Xiao,638,53,https://www.atptour.com/en/rankings/singles?dateWeek=2025-09-22&rankRange=0-5000,2026-03-22T00:42:20Z
atp,2025-09-22,BP74,A. Bakshi,Aleksandre Bakshi,639,53,https://www.atptour.com/en/rankings/singles?dateWeek=2025-09-22&rankRange=0-5000,2026-03-22T00:42:20Z
atp,2025-09-22,M0L2,A. Manzanera Pertusa,Alejandro Manzanera Pertusa,640,53,https://www.atptour.com/en/rankings/singles?dateWeek=2025-09-22&rankRange=0-5000,2026-03-22T00:42:20Z
atp,2025-09-22,M0UR,O. Milic,Ognjen Milic,641,52,https://www.atptour.com/en/rankings/singles?dateWeek=2025-09-22&rankRange=0-5000,2026-03-22T00:42:20Z
atp,2025-09-22,B0JG,L. Borg,Leo Borg,642,52,https://www.atptour.com/en/rankings/singles?dateWeek=2025-09-22&rankRange=0-5000,2026-03-22T00:42:20Z
atp,2025-09-22,G0FF,A. Garcian,Axel Garcian,643,52,https://www.atptour.com/en/rankings/singles?dateWeek=2025-09-22&rankRange=0-5000,2026-03-22T00:42:20Z
atp,2025-09-22,D750,K. De Schepper,Kenny De Schepper,644,52,https://www.atptour.com/en/rankings/singles?dateWeek=2025-09-22&rankRange=0-5000,2026-03-22T00:42:20Z
atp,2025-09-22,H0EI,M. Hurrion,Millen Hurrion,645,51,https://www.atptour.com/en/rankings/singles?dateWeek=2025-09-22&rankRange=0-5000,2026-03-22T00:42:20Z
atp,2025-09-22,E0AU,J. Echeverria,John Echeverria,646,51,https://www.atptour.com/en/rankings/singles?dateWeek=2025-09-22&rankRange=0-5000,2026-03-22T00:42:20Z
atp,2025-09-22,A09P,A. Ayeni,Alafia Ayeni,647,51,https://www.atptour.com/en/rankings/singles?dateWeek=2025-09-22&rankRange=0-5000,2026-03-22T00:42:20Z
atp,2025-09-22,E0BO,N. Ehrenschneider,Nino Ehrenschneider,648,51,https://www.atptour.com/en/rankings/singles?dateWeek=2025-09-22&rankRange=0-5000,2026-03-22T00:42:20Z
atp,2025-09-22,K0L1,M. Krajci,Michal Krajci,649,51,https://www.atptour.com/en/rankings/singles?dateWeek=2025-09-22&rankRange=0-5000,2026-03-22T00:42:20Z
atp,2025-09-22,B0BK,A. Braynin,Aleksandr Braynin,650,51,https://www.atptour.com/en/rankings/singles?dateWeek=2025-09-22&rankRange=0-5000,2026-03-22T00:42:20Z
atp,2025-09-22,KE17,N. Kyrgios,Nick Kyrgios,651,50,https://www.atptour.com/en/rankings/singles?dateWeek=2025-09-22&rankRange=0-5000,2026-03-22T00:42:20Z
atp,2025-09-22,B0VX,P. Basile,Pierluigi Basile,652,50,https://www.atptour.com/en/rankings/singles?dateWeek=2025-09-22&rankRange=0-5000,2026-03-22T00:42:20Z
atp,2025-09-22,M0SB,K. Matsuda,Koki Matsuda,653,50,https://www.atptour.com/en/rankings/singles?dateWeek=2025-09-22&rankRange=0-5000,2026-03-22T00:42:20Z
atp,2025-09-22,D0DK,S. De La Fuente,Santiago De La Fuente,654,50,https://www.atptour.com/en/rankings/singles?dateWeek=2025-09-22&rankRange=0-5000,2026-03-22T00:42:20Z
atp,2025-09-22,S0VO,P. Sornlaksup,Pawit Sornlaksup,655,50,https://www.atptour.com/en/rankings/singles?dateWeek=2025-09-22&rankRange=0-5000,2026-03-22T00:42:20Z
atp,2025-09-22,M0SC,H. Matsuoka,Hayato Matsuoka,656,50,https://www.atptour.com/en/rankings/singles?dateWeek=2025-09-22&rankRange=0-5000,2026-03-22T00:42:20Z
atp,2025-09-22,RB86,S. Rawat,Sidharth Rawat,657,50,https://www.atptour.com/en/rankings/singles?dateWeek=2025-09-22&rankRange=0-5000,2026-03-22T00:42:20Z
atp,2025-09-22,J0CL,D. Javia,Dev Javia,658,50,https://www.atptour.com/en/rankings/singles?dateWeek=2025-09-22&rankRange=0-5000,2026-03-22T00:42:20Z
atp,2025-09-22,M0TE,P. Marinkov,Pavle Marinkov,659,50,https://www.atptour.com/en/rankings/singles?dateWeek=2025-09-22&rankRange=0-5000,2026-03-22T00:42:20Z
atp,2025-09-22,L0DB,G. La Vela,Giuseppe La Vela,660,50,https://www.atptour.com/en/rankings/singles?dateWeek=2025-09-22&rankRange=0-5000,2026-03-22T00:42:20Z
atp,2025-09-22,G0EU,F. Gill,Felix Gill,661,49,https://www.atptour.com/en/rankings/singles?dateWeek=2025-09-22&rankRange=0-5000,2026-03-22T00:42:20Z
atp,2025-09-22,T0JZ,R. Turcanu,Radu David Turcanu,662,49,https://www.atptour.com/en/rankings/singles?dateWeek=2025-09-22&rankRange=0-5000,2026-03-22T00:42:20Z
atp,2025-09-22,C0KH,J. Cesar Porras,Julio Cesar Porras,663,49,https://www.atptour.com/en/rankings/singles?dateWeek=2025-09-22&rankRange=0-5000,2026-03-22T00:42:20Z
atp,2025-09-22,B0IY,A. Beckley,Alec Beckley,664,49,https://www.atptour.com/en/rankings/singles?dateWeek=2025-09-22&rankRange=0-5000,2026-03-22T00:42:20Z
atp,2025-09-22,C0P0,S. Callejon Hernando,Sergio Callejon Hernando,665,49,https://www.atptour.com/en/rankings/singles?dateWeek=2025-09-22&rankRange=0-5000,2026-03-22T00:42:20Z
atp,2025-09-22,C0C1,N. Catini,Niccolo Catini,666,49,https://www.atptour.com/en/rankings/singles?dateWeek=2025-09-22&rankRange=0-5000,2026-03-22T00:42:20Z
atp,2025-09-22,V09T,P. Vives Marcos,Pedro Vives Marcos,667,48,https://www.atptour.com/en/rankings/singles?dateWeek=2025-09-22&rankRange=0-5000,2026-03-22T00:42:20Z
atp,2025-09-22,D0HD,G. Debru,Gabriel Debru,668,48,https://www.atptour.com/en/rankings/singles?dateWeek=2025-09-22&rankRange=0-5000,2026-03-22T00:42:20Z
atp,2025-09-22,CG04,P. Cachin,Pedro Cachin,669,48,https://www.atptour.com/en/rankings/singles?dateWeek=2025-09-22&rankRange=0-5000,2026-03-22T00:42:20Z
atp,2025-09-22,D0IO,T. Duran,Tuncay Duran,670,48,https://www.atptour.com/en/rankings/singles?dateWeek=2025-09-22&rankRange=0-5000,2026-03-22T00:42:20Z
atp,2025-09-22,WB25,L. Wessels,Louis Wessels,671,48,https://www.atptour.com/en/rankings/singles?dateWeek=2025-09-22&rankRange=0-5000,2026-03-22T00:42:20Z
atp,2025-09-22,CH05,A. Celikbilek,Altug Celikbilek,672,47,https://www.atptour.com/en/rankings/singles?dateWeek=2025-09-22&rankRange=0-5000,2026-03-22T00:42:20Z
atp,2025-09-22,S0Y0,A. Santamarta Roig,Andres Santamarta Roig,673,47,https://www.atptour.com/en/rankings/singles?dateWeek=2025-09-22&rankRange=0-5000,2026-03-22T00:42:20Z
atp,2025-09-22,D0IP,G. De Almeida,Gustavo Ribeiro De Almeida,674,47,https://www.atptour.com/en/rankings/singles?dateWeek=2025-09-22&rankRange=0-5000,2026-03-22T00:42:20Z
atp,2025-09-22,RH24,E. Ruusuvuori,Emil Ruusuvuori,675,46,https://www.atptour.com/en/rankings/singles?dateWeek=2025-09-22&rankRange=0-5000,2026-03-22T00:42:20Z
atp,2025-09-22,VA70,M. Valkusz,Mate Valkusz,676,46,https://www.atptour.com/en/rankings/singles?dateWeek=2025-09-22&rankRange=0-5000,2026-03-22T00:42:20Z
atp,2025-09-22,F0A4,F. Forti,Francesco Forti,677,46,https://www.atptour.com/en/rankings/singles?dateWeek=2025-09-22&rankRange=0-5000,2026-03-22T00:42:20Z
atp,2025-09-22,X01C,I. Xilas,Ioannis Xilas,678,46,https://www.atptour.com/en/rankings/singles?dateWeek=2025-09-22&rankRange=0-5000,2026-03-22T00:42:20Z
atp,2025-09-22,H0B7,T. Hilderbrand,Trey Hilderbrand,679,46,https://www.atptour.com/en/rankings/singles?dateWeek=2025-09-22&rankRange=0-5000,2026-03-22T00:42:20Z
atp,2025-09-22,PD31,B. Paire,Benoit Paire,680,46,https://www.atptour.com/en/rankings/singles?dateWeek=2025-09-22&rankRange=0-5000,2026-03-22T00:42:20Z
atp,2025-09-22,BP79,P. Bertran,Peter Bertran,681,46,https://www.atptour.com/en/rankings/singles?dateWeek=2025-09-22&rankRange=0-5000,2026-03-22T00:42:20Z
atp,2025-09-22,KJ00,A. Knaff,Alex Knaff,682,46,https://www.atptour.com/en/rankings/singles?dateWeek=2025-09-22&rankRange=0-5000,2026-03-22T00:42:20Z
atp,2025-09-22,P0HY,S. Pieri,Samuele Pieri,683,46,https://www.atptour.com/en/rankings/singles?dateWeek=2025-09-22&rankRange=0-5000,2026-03-22T00:42:20Z
atp,2025-09-22,L0I5,M. Leong,Mitsuki Wei Kang Leong,684,46,https://www.atptour.com/en/rankings/singles?dateWeek=2025-09-22&rankRange=0-5000,2026-03-22T00:42:20Z
atp,2025-09-22,ML57,G. Mager,Gianluca Mager,685,45,https://www.atptour.com/en/rankings/singles?dateWeek=2025-09-22&rankRange=0-5000,2026-03-22T00:42:20Z
atp,2025-09-22,O0AI,D. Obradovic,Dusan Obradovic,686,45,https://www.atptour.com/en/rankings/singles?dateWeek=2025-09-22&rankRange=0-5000,2026-03-22T00:42:20Z
atp,2025-09-22,A09Q,M. Alkaya,Mert Alkaya,687,45,https://www.atptour.com/en/rankings/singles?dateWeek=2025-09-22&rankRange=0-5000,2026-03-22T00:42:20Z
atp,2025-09-22,D0K3,G. Dalmasso,Guillaume Dalmasso,688,45,https://www.atptour.com/en/rankings/singles?dateWeek=2025-09-22&rankRange=0-5000,2026-03-22T00:42:20Z
atp,2025-09-22,B0D8,J. Brumm,Jacob Brumm,689,45,https://www.atptour.com/en/rankings/singles?dateWeek=2025-09-22&rankRange=0-5000,2026-03-22T00:42:20Z
atp,2025-09-22,B0IF,B. Baker,Blu Baker,690,44,https://www.atptour.com/en/rankings/singles?dateWeek=2025-09-22&rankRange=0-5000,2026-03-22T00:42:20Z
atp,2025-09-22,LF26,O. Luz,Orlando Luz,691,44,https://www.atptour.com/en/rankings/singles?dateWeek=2025-09-22&rankRange=0-5000,2026-03-22T00:42:20Z
atp,2025-09-22,Y0BB,A. Yazdani,Ali Yazdani,692,44,https://www.atptour.com/en/rankings/singles?dateWeek=2025-09-22&rankRange=0-5000,2026-03-22T00:42:20Z
atp,2025-09-22,BM05,B. Bobrov,Bogdan Bobrov,693,44,https://www.atptour.com/en/rankings/singles?dateWeek=2025-09-22&rankRange=0-5000,2026-03-22T00:42:20Z
atp,2025-09-22,BU32,L. Bouquet,Lucas Bouquet,694,44,https://www.atptour.com/en/rankings/singles?dateWeek=2025-09-22&rankRange=0-5000,2026-03-22T00:42:20Z
atp,2025-09-22,R0KD,M. Rottgering,Mees Rottgering,695,44,https://www.atptour.com/en/rankings/singles?dateWeek=2025-09-22&rankRange=0-5000,2026-03-22T00:42:20Z
atp,2025-09-22,R0GN,A. Raynel,Amaury Raynel,696,44,https://www.atptour.com/en/rankings/singles?dateWeek=2025-09-22&rankRange=0-5000,2026-03-22T00:42:20Z
atp,2025-09-22,W0DD,C. Williams,Cooper Williams,697,43,https://www.atptour.com/en/rankings/singles?dateWeek=2025-09-22&rankRange=0-5000,2026-03-22T00:42:20Z
atp,2025-09-22,DA86,J. De Loore,Joris De Loore,698,43,https://www.atptour.com/en/rankings/singles?dateWeek=2025-09-22&rankRange=0-5000,2026-03-22T00:42:20Z
atp,2025-09-22,P0MN,A. Pedrico Kravtsov,Albert Pedrico Kravtsov,699,43,https://www.atptour.com/en/rankings/singles?dateWeek=2025-09-22&rankRange=0-5000,2026-03-22T00:42:20Z
atp,2025-09-22,BK19,M. Bourgue,Mathias Bourgue,700,43,https://www.atptour.com/en/rankings/singles?dateWeek=2025-09-22&rankRange=0-5000,2026-03-22T00:42:20Z
atp,2025-09-22,M0R4,J. Martin Manzano,Juan Cruz Martin Manzano,701,43,https://www.atptour.com/en/rankings/singles?dateWeek=2025-09-22&rankRange=0-5000,2026-03-22T00:42:20Z
atp,2025-09-22,B0BZ,M. Bertimon,Maxence Bertimon,702,43,https://www.atptour.com/en/rankings/singles?dateWeek=2025-09-22&rankRange=0-5000,2026-03-22T00:42:20Z
atp,2025-09-22,B0HF,D. Barreto Sanchez,Diego Augusto Barreto Sanchez,703,43,https://www.atptour.com/en/rankings/singles?dateWeek=2025-09-22&rankRange=0-5000,2026-03-22T00:42:20Z
atp,2025-09-22,K966,M. Klizan,Martin Klizan,704,42,https://www.atptour.com/en/rankings/singles?dateWeek=2025-09-22&rankRange=0-5000,2026-03-22T00:42:20Z
atp,2025-09-22,D09L,L. Dussin,Louis Dussin,705,42,https://www.atptour.com/en/rankings/singles?dateWeek=2025-09-22&rankRange=0-5000,2026-03-22T00:42:20Z
atp,2025-09-22,P0FY,A. Pecci,Alessandro Pecci,706,42,https://www.atptour.com/en/rankings/singles?dateWeek=2025-09-22&rankRange=0-5000,2026-03-22T00:42:20Z
atp,2025-09-22,V0DG,Q. Vandecasteele,Quinn Vandecasteele,707,42,https://www.atptour.com/en/rankings/singles?dateWeek=2025-09-22&rankRange=0-5000,2026-03-22T00:42:20Z
atp,2025-09-22,B0LV,M. Bassem Sobhy,Michael Bassem Sobhy,708,42,https://www.atptour.com/en/rankings/singles?dateWeek=2025-09-22&rankRange=0-5000,2026-03-22T00:42:20Z
atp,2025-09-22,B0D6,T. Baadi,Taha Baadi,709,42,https://www.atptour.com/en/rankings/singles?dateWeek=2025-09-22&rankRange=0-5000,2026-03-22T00:42:20Z
atp,2025-09-22,V708,J. Vesely,Jiri Vesely,710,41,https://www.atptour.com/en/rankings/singles?dateWeek=2025-09-22&rankRange=0-5000,2026-03-22T00:42:20Z
atp,2025-09-22,V0DI,S. Vincent Ruggeri,Samuel Vincent Ruggeri,711,41,https://www.atptour.com/en/rankings/singles?dateWeek=2025-09-22&rankRange=0-5000,2026-03-22T00:42:20Z
atp,2025-09-22,MM79,B. Mott,Blake Mott,712,41,https://www.atptour.com/en/rankings/singles?dateWeek=2025-09-22&rankRange=0-5000,2026-03-22T00:42:20Z
atp,2025-09-22,V0B2,M. Vrbensky,Michael Vrbensky,713,41,https://www.atptour.com/en/rankings/singles?dateWeek=2025-09-22&rankRange=0-5000,2026-03-22T00:42:20Z
atp,2025-09-22,S0LD,K. Saitoh,Keisuke Saitoh,714,41,https://www.atptour.com/en/rankings/singles?dateWeek=2025-09-22&rankRange=0-5000,2026-03-22T00:42:20Z
atp,2025-09-22,F0HI,R. Fishback,Ryan Fishback,715,41,https://www.atptour.com/en/rankings/singles?dateWeek=2025-09-22&rankRange=0-5000,2026-03-22T00:42:20Z
atp,2025-09-22,LE01,D. Lee,Duckhee Lee,716,41,https://www.atptour.com/en/rankings/singles?dateWeek=2025-09-22&rankRange=0-5000,2026-03-22T00:42:20Z
atp,2025-09-22,M0KA,Y. Milev,Yanaki Milev,717,41,https://www.atptour.com/en/rankings/singles?dateWeek=2025-09-22&rankRange=0-5000,2026-03-22T00:42:20Z
atp,2025-09-22,G0DD,W. Grant,William Grant,718,41,https://www.atptour.com/en/rankings/singles?dateWeek=2025-09-22&rankRange=0-5000,2026-03-22T00:42:20Z
atp,2025-09-22,G0G2,M. Gonzalez Fernandez,Mario Gonzalez Fernandez,719,41,https://www.atptour.com/en/rankings/singles?dateWeek=2025-09-22&rankRange=0-5000,2026-03-22T00:42:20Z
atp,2025-09-22,M0O6,P. Martinez Gomez,Pablo Martinez Gomez,720,40,https://www.atptour.com/en/rankings/singles?dateWeek=2025-09-22&rankRange=0-5000,2026-03-22T00:42:20Z
atp,2025-09-22,DH46,A. Donski,Alexander Donski,721,40,https://www.atptour.com/en/rankings/singles?dateWeek=2025-09-22&rankRange=0-5000,2026-03-22T00:42:20Z
atp,2025-09-22,R0JH,P. Rodrigues,Pedro Rodrigues,722,40,https://www.atptour.com/en/rankings/singles?dateWeek=2025-09-22&rankRange=0-5000,2026-03-22T00:42:20Z
atp,2025-09-22,SK47,M. Safwat,Mohamed Safwat,723,40,https://www.atptour.com/en/rankings/singles?dateWeek=2025-09-22&rankRange=0-5000,2026-03-22T00:42:20Z
atp,2025-09-22,B0OT,J. Bradshaw,Jacob Bradshaw,724,40,https://www.atptour.com/en/rankings/singles?dateWeek=2025-09-22&rankRange=0-5000,2026-03-22T00:42:20Z
atp,2025-09-22,SX77,I. Strode,Isaiah Strode,725,40,https://www.atptour.com/en/rankings/singles?dateWeek=2025-09-22&rankRange=0-5000,2026-03-22T00:42:20Z
atp,2025-09-22,P0AV,U. Park,Uisung Park,726,40,https://www.atptour.com/en/rankings/singles?dateWeek=2025-09-22&rankRange=0-5000,2026-03-22T00:42:20Z
atp,2025-09-22,S0LR,J. Sperle,John Sperle,727,40,https://www.atptour.com/en/rankings/singles?dateWeek=2025-09-22&rankRange=0-5000,2026-03-22T00:42:20Z
atp,2025-09-22,H0A4,N. Hardt,Nick Hardt,728,39,https://www.atptour.com/en/rankings/singles?dateWeek=2025-09-22&rankRange=0-5000,2026-03-22T00:42:20Z
atp,2025-09-22,S0LT,D. Siniakov,Daniel Siniakov,729,39,https://www.atptour.com/en/rankings/singles?dateWeek=2025-09-22&rankRange=0-5000,2026-03-22T00:42:20Z
atp,2025-09-22,Z0C9,M. Zielinski,Marcel Zielinski,730,39,https://www.atptour.com/en/rankings/singles?dateWeek=2025-09-22&rankRange=0-5000,2026-03-22T00:42:20Z
atp,2025-09-22,V0DX,B. Vilicich,Bautista Vilicich,731,39,https://www.atptour.com/en/rankings/singles?dateWeek=2025-09-22&rankRange=0-5000,2026-03-22T00:42:20Z
atp,2025-09-22,P0KA,S. Pankin,Semen Pankin,732,39,https://www.atptour.com/en/rankings/singles?dateWeek=2025-09-22&rankRange=0-5000,2026-03-22T00:42:20Z
atp,2025-09-22,L0AF,E. Lumsden,Ewen Lumsden,733,39,https://www.atptour.com/en/rankings/singles?dateWeek=2025-09-22&rankRange=0-5000,2026-03-22T00:42:20Z
atp,2025-09-22,Z0AB,A. Zakharov,Alexey Zakharov,734,38,https://www.atptour.com/en/rankings/singles?dateWeek=2025-09-22&rankRange=0-5000,2026-03-22T00:42:20Z
atp,2025-09-22,B0PU,R. Bennani,Reda Bennani,735,38,https://www.atptour.com/en/rankings/singles?dateWeek=2025-09-22&rankRange=0-5000,2026-03-22T00:42:20Z
atp,2025-09-22,N652,J. Nam,Jisung Nam,736,38,https://www.atptour.com/en/rankings/singles?dateWeek=2025-09-22&rankRange=0-5000,2026-03-22T00:42:20Z
atp,2025-09-22,PC09,J. Pereira,Jose Pereira,737,38,https://www.atptour.com/en/rankings/singles?dateWeek=2025-09-22&rankRange=0-5000,2026-03-22T00:42:20Z
atp,2025-09-22,G0I2,A. Gobat,Adrien Gobat,738,38,https://www.atptour.com/en/rankings/singles?dateWeek=2025-09-22&rankRange=0-5000,2026-03-22T00:42:20Z
atp,2025-09-22,S0UM,J. Simundza,Josip Simundza,739,38,https://www.atptour.com/en/rankings/singles?dateWeek=2025-09-22&rankRange=0-5000,2026-03-22T00:42:20Z
atp,2025-09-22,HH15,M. Haliak,Mikalai Haliak,740,38,https://www.atptour.com/en/rankings/singles?dateWeek=2025-09-22&rankRange=0-5000,2026-03-22T00:42:20Z
atp,2025-09-22,M0RO,I. Miletich,Iannis Miletich,741,38,https://www.atptour.com/en/rankings/singles?dateWeek=2025-09-22&rankRange=0-5000,2026-03-22T00:42:20Z
atp,2025-09-22,H0EK,E. Hudd,Emile Hudd,742,37,https://www.atptour.com/en/rankings/singles?dateWeek=2025-09-22&rankRange=0-5000,2026-03-22T00:42:20Z
atp,2025-09-22,MV75,I. Monzon,Ignacio Monzon,743,37,https://www.atptour.com/en/rankings/singles?dateWeek=2025-09-22&rankRange=0-5000,2026-03-22T00:42:20Z
atp,2025-09-22,T0CU,F. Tabacco,Fausto Tabacco,744,37,https://www.atptour.com/en/rankings/singles?dateWeek=2025-09-22&rankRange=0-5000,2026-03-22T00:42:20Z
atp,2025-09-22,C0AZ,A. Cornut-Chauvinc,Antoine Cornut Chauvinc,745,36,https://www.atptour.com/en/rankings/singles?dateWeek=2025-09-22&rankRange=0-5000,2026-03-22T00:42:20Z
atp,2025-09-22,H0JL,J. Friend,Jay Friend,746,36,https://www.atptour.com/en/rankings/singles?dateWeek=2025-09-22&rankRange=0-5000,2026-03-22T00:42:20Z
atp,2025-09-22,BT68,E. Benchetrit,Elliot Benchetrit,747,36,https://www.atptour.com/en/rankings/singles?dateWeek=2025-09-22&rankRange=0-5000,2026-03-22T00:42:20Z
atp,2025-09-22,D0DB,P. Delage,Pierre Delage,748,36,https://www.atptour.com/en/rankings/singles?dateWeek=2025-09-22&rankRange=0-5000,2026-03-22T00:42:20Z
atp,2025-09-22,B0MP,A. Boros,Attila Boros,749,36,https://www.atptour.com/en/rankings/singles?dateWeek=2025-09-22&rankRange=0-5000,2026-03-22T00:42:20Z
atp,2025-09-22,MW69,M. Mbithi,Mwendwa Mbithi,750,36,https://www.atptour.com/en/rankings/singles?dateWeek=2025-09-22&rankRange=0-5000,2026-03-22T00:42:20Z
atp,2025-09-22,O09T,K. Ogura,Kosuke Ogura,751,36,https://www.atptour.com/en/rankings/singles?dateWeek=2025-09-22&rankRange=0-5000,2026-03-22T00:42:20Z
atp,2025-09-22,S0JB,N. Schachter,Noah Schachter,752,36,https://www.atptour.com/en/rankings/singles?dateWeek=2025-09-22&rankRange=0-5000,2026-03-22T00:42:20Z
atp,2025-09-22,W0AX,O. Weightman,Oscar Weightman,753,35,https://www.atptour.com/en/rankings/singles?dateWeek=2025-09-22&rankRange=0-5000,2026-03-22T00:42:20Z
atp,2025-09-22,F965,S. Fukuda,Sora Fukuda,754,35,https://www.atptour.com/en/rankings/singles?dateWeek=2025-09-22&rankRange=0-5000,2026-03-22T00:42:20Z
atp,2025-09-22,G0ME,G. Ghetu,Gabriel Ghetu,755,35,https://www.atptour.com/en/rankings/singles?dateWeek=2025-09-22&rankRange=0-5000,2026-03-22T00:42:20Z
atp,2025-09-22,K0AK,Y. Kawahashi,Yuta Kawahashi,756,35,https://www.atptour.com/en/rankings/singles?dateWeek=2025-09-22&rankRange=0-5000,2026-03-22T00:42:20Z
atp,2025-09-22,R0B6,L. Rottoli,Lorenzo Rottoli,757,35,https://www.atptour.com/en/rankings/singles?dateWeek=2025-09-22&rankRange=0-5000,2026-03-22T00:42:20Z
atp,2025-09-22,I0A6,T. Ichikawa,Taisei Ichikawa,758,35,https://www.atptour.com/en/rankings/singles?dateWeek=2025-09-22&rankRange=0-5000,2026-03-22T00:42:20Z
atp,2025-09-22,W712,K. Wehnelt,Kai Wehnelt,759,35,https://www.atptour.com/en/rankings/singles?dateWeek=2025-09-22&rankRange=0-5000,2026-03-22T00:42:20Z
atp,2025-09-22,A0L6,L. Andrade Da Silva,Lucas Andrade Da Silva,760,34,https://www.atptour.com/en/rankings/singles?dateWeek=2025-09-22&rankRange=0-5000,2026-03-22T00:42:20Z
atp,2025-09-22,B0M3,P. Bailly,Pierre Yves Bailly,761,34,https://www.atptour.com/en/rankings/singles?dateWeek=2025-09-22&rankRange=0-5000,2026-03-22T00:42:20Z
atp,2025-09-22,I305,I. Ivashka,Ilya Ivashka,762,34,https://www.atptour.com/en/rankings/singles?dateWeek=2025-09-22&rankRange=0-5000,2026-03-22T00:42:20Z
atp,2025-09-22,B0PW,K. Bigun,Kaylan Bigun,763,34,https://www.atptour.com/en/rankings/singles?dateWeek=2025-09-22&rankRange=0-5000,2026-03-22T00:42:20Z
atp,2025-09-22,A0AB,A. Andreev,Adrian Andreev,764,34,https://www.atptour.com/en/rankings/singles?dateWeek=2025-09-22&rankRange=0-5000,2026-03-22T00:42:20Z
atp,2025-09-22,L0LD,S. Linde Palacios,Samuel Alejandro Linde Palacios,765,34,https://www.atptour.com/en/rankings/singles?dateWeek=2025-09-22&rankRange=0-5000,2026-03-22T00:42:20Z
atp,2025-09-22,R0F6,F. Rocha,Francisco Rocha,766,34,https://www.atptour.com/en/rankings/singles?dateWeek=2025-09-22&rankRange=0-5000,2026-03-22T00:42:20Z
atp,2025-09-22,SQ79,C. Sinclair,Colin Sinclair,767,34,https://www.atptour.com/en/rankings/singles?dateWeek=2025-09-22&rankRange=0-5000,2026-03-22T00:42:20Z
atp,2025-09-22,F0GS,A. Forger,Abel Forger,768,34,https://www.atptour.com/en/rankings/singles?dateWeek=2025-09-22&rankRange=0-5000,2026-03-22T00:42:20Z
atp,2025-09-22,Y0A8,T. Yamanaka,Taiyo Yamanaka,769,34,https://www.atptour.com/en/rankings/singles?dateWeek=2025-09-22&rankRange=0-5000,2026-03-22T00:42:20Z
atp,2025-09-22,G0I3,M. Giunta,Massimo Giunta,770,34,https://www.atptour.com/en/rankings/singles?dateWeek=2025-09-22&rankRange=0-5000,2026-03-22T00:42:20Z
atp,2025-09-22,R0H6,L. Rossi,Leonardo Rossi,771,34,https://www.atptour.com/en/rankings/singles?dateWeek=2025-09-22&rankRange=0-5000,2026-03-22T00:42:20Z
atp,2025-09-22,H0EH,T. Handel,Tim Handel,772,34,https://www.atptour.com/en/rankings/singles?dateWeek=2025-09-22&rankRange=0-5000,2026-03-22T00:42:20Z
atp,2025-09-22,K0EE,O. Kumar,Omni Kumar,773,33,https://www.atptour.com/en/rankings/singles?dateWeek=2025-09-22&rankRange=0-5000,2026-03-22T00:42:20Z
atp,2025-09-22,D0FA,Y. Dlimi,Yassine Dlimi,774,33,https://www.atptour.com/en/rankings/singles?dateWeek=2025-09-22&rankRange=0-5000,2026-03-22T00:42:20Z
atp,2025-09-22,M0HD,A. Magadan,Alan Magadan,775,33,https://www.atptour.com/en/rankings/singles?dateWeek=2025-09-22&rankRange=0-5000,2026-03-22T00:42:20Z
atp,2025-09-22,PG69,J. Paz,Juan Pablo Paz,776,33,https://www.atptour.com/en/rankings/singles?dateWeek=2025-09-22&rankRange=0-5000,2026-03-22T00:42:20Z
atp,2025-09-22,T0BD,N. Tepmahc,Nicolas Tepmahc,777,33,https://www.atptour.com/en/rankings/singles?dateWeek=2025-09-22&rankRange=0-5000,2026-03-22T00:42:20Z
atp,2025-09-22,B0WL,F. Balshaw,Felix Balshaw,778,33,https://www.atptour.com/en/rankings/singles?dateWeek=2025-09-22&rankRange=0-5000,2026-03-22T00:42:20Z
atp,2025-09-22,L0G3,A. Lobanov,Aleksandr Lobanov,779,33,https://www.atptour.com/en/rankings/singles?dateWeek=2025-09-22&rankRange=0-5000,2026-03-22T00:42:20Z
atp,2025-09-22,M0BW,Y. Mo,Ye Cong Mo,780,33,https://www.atptour.com/en/rankings/singles?dateWeek=2025-09-22&rankRange=0-5000,2026-03-22T00:42:20Z
atp,2025-09-22,DH23,S. Dev,S D Prajwal Dev,781,33,https://www.atptour.com/en/rankings/singles?dateWeek=2025-09-22&rankRange=0-5000,2026-03-22T00:42:20Z
atp,2025-09-22,A0KH,R. Alujas,Rodrigo Alujas,782,33,https://www.atptour.com/en/rankings/singles?dateWeek=2025-09-22&rankRange=0-5000,2026-03-22T00:42:20Z
atp,2025-09-22,K0HU,A. Kukasian,Artur Kukasian,783,33,https://www.atptour.com/en/rankings/singles?dateWeek=2025-09-22&rankRange=0-5000,2026-03-22T00:42:20Z
atp,2025-09-22,S0GF,M. Steiner,Maik Steiner,784,33,https://www.atptour.com/en/rankings/singles?dateWeek=2025-09-22&rankRange=0-5000,2026-03-22T00:42:20Z
atp,2025-09-22,V0G6,L. Vithoontien,Leo Vithoontien,785,33,https://www.atptour.com/en/rankings/singles?dateWeek=2025-09-22&rankRange=0-5000,2026-03-22T00:42:20Z
atp,2025-09-22,S0R5,I. Snitari,Ilya Snitari,786,32,https://www.atptour.com/en/rankings/singles?dateWeek=2025-09-22&rankRange=0-5000,2026-03-22T00:42:20Z
atp,2025-09-22,K0ES,Y. Kusuhara,Yusuke Kusuhara,787,32,https://www.atptour.com/en/rankings/singles?dateWeek=2025-09-22&rankRange=0-5000,2026-03-22T00:42:20Z
atp,2025-09-22,MO76,G. Madarasz,Gergely Madarasz,788,32,https://www.atptour.com/en/rankings/singles?dateWeek=2025-09-22&rankRange=0-5000,2026-03-22T00:42:20Z
atp,2025-09-22,C09Y,J. Charlton,Joshua Charlton,789,32,https://www.atptour.com/en/rankings/singles?dateWeek=2025-09-22&rankRange=0-5000,2026-03-22T00:42:20Z
atp,2025-09-22,KG53,A. Klintcharov,Alexander Klintcharov,790,32,https://www.atptour.com/en/rankings/singles?dateWeek=2025-09-22&rankRange=0-5000,2026-03-22T00:42:20Z
atp,2025-09-22,CO07,E. Clark,Ezekiel Clark,791,32,https://www.atptour.com/en/rankings/singles?dateWeek=2025-09-22&rankRange=0-5000,2026-03-22T00:42:20Z
atp,2025-09-22,Q02O,R. Quan,Rudy Quan,792,31,https://www.atptour.com/en/rankings/singles?dateWeek=2025-09-22&rankRange=0-5000,2026-03-22T00:42:20Z
atp,2025-09-22,P0K3,R. Pascual Ferra,Roger Pascual Ferra,793,31,https://www.atptour.com/en/rankings/singles?dateWeek=2025-09-22&rankRange=0-5000,2026-03-22T00:42:20Z
atp,2025-09-22,S0DL,R. Seggerman,Ryan Seggerman,794,31,https://www.atptour.com/en/rankings/singles?dateWeek=2025-09-22&rankRange=0-5000,2026-03-22T00:42:20Z
atp,2025-09-22,K0HO,O. Kimhi,Orel Kimhi,795,31,https://www.atptour.com/en/rankings/singles?dateWeek=2025-09-22&rankRange=0-5000,2026-03-22T00:42:20Z
atp,2025-09-22,K0JH,J. Kumstat,Jan Kumstat,796,31,https://www.atptour.com/en/rankings/singles?dateWeek=2025-09-22&rankRange=0-5000,2026-03-22T00:42:20Z
atp,2025-09-22,I0AP,K. Ivanovski,Kalin Ivanovski,797,31,https://www.atptour.com/en/rankings/singles?dateWeek=2025-09-22&rankRange=0-5000,2026-03-22T00:42:20Z
atp,2025-09-22,T0IA,R. Taguchi,Ryotaro Taguchi,798,31,https://www.atptour.com/en/rankings/singles?dateWeek=2025-09-22&rankRange=0-5000,2026-03-22T00:42:20Z
atp,2025-09-22,L0G8,V. Lilov,Victor Lilov,799,31,https://www.atptour.com/en/rankings/singles?dateWeek=2025-09-22&rankRange=0-5000,2026-03-22T00:42:20Z
atp,2025-09-22,S0U5,T. Sach,Tai Sach,800,31,https://www.atptour.com/en/rankings/singles?dateWeek=2025-09-22&rankRange=0-5000,2026-03-22T00:42:20Z
atp,2025-09-22,P0ME,L. Preda,Luca Preda,801,31,https://www.atptour.com/en/rankings/singles?dateWeek=2025-09-22&rankRange=0-5000,2026-03-22T00:42:20Z
atp,2025-09-22,N0BU,D. Nunez,Daniel Antonio Nunez,802,31,https://www.atptour.com/en/rankings/singles?dateWeek=2025-09-22&rankRange=0-5000,2026-03-22T00:42:20Z
atp,2025-09-22,F0BV,T. Farjat,Tomas Farjat,803,31,https://www.atptour.com/en/rankings/singles?dateWeek=2025-09-22&rankRange=0-5000,2026-03-22T00:42:20Z
atp,2025-09-22,S0Y7,M. Summers,Matthew Summers,804,31,https://www.atptour.com/en/rankings/singles?dateWeek=2025-09-22&rankRange=0-5000,2026-03-22T00:42:20Z
atp,2025-09-22,M09M,I. Marrero Curbelo,Ivan Marrero Curbelo,805,31,https://www.atptour.com/en/rankings/singles?dateWeek=2025-09-22&rankRange=0-5000,2026-03-22T00:42:20Z
atp,2025-09-22,F0AF,L. Falabella,Lautaro Agustin Falabella,806,31,https://www.atptour.com/en/rankings/singles?dateWeek=2025-09-22&rankRange=0-5000,2026-03-22T00:42:20Z
atp,2025-09-22,A0JW,J. Aguilar Cardozo,Joaquin Aguilar Cardozo,807,31,https://www.atptour.com/en/rankings/singles?dateWeek=2025-09-22&rankRange=0-5000,2026-03-22T00:42:20Z
atp,2025-09-22,H0J1,N. Honda,Naoya Honda,808,31,https://www.atptour.com/en/rankings/singles?dateWeek=2025-09-22&rankRange=0-5000,2026-03-22T00:42:20Z
atp,2025-09-22,BU53,C. Bittoun Kouzmine,Constantin Bittoun Kouzmine,809,31,https://www.atptour.com/en/rankings/singles?dateWeek=2025-09-22&rankRange=0-5000,2026-03-22T00:42:20Z
atp,2025-09-22,S0S9,D. Sakellaridis,Dimitris Sakellaridis,810,31,https://www.atptour.com/en/rankings/singles?dateWeek=2025-09-22&rankRange=0-5000,2026-03-22T00:42:20Z
atp,2025-09-22,M0NJ,L. Maxted,Lui Maxted,811,30,https://www.atptour.com/en/rankings/singles?dateWeek=2025-09-22&rankRange=0-5000,2026-03-22T00:42:20Z
atp,2025-09-22,LC54,B. Lock,Benjamin Lock,812,30,https://www.atptour.com/en/rankings/singles?dateWeek=2025-09-22&rankRange=0-5000,2026-03-22T00:42:20Z
atp,2025-09-22,J0BQ,K. Juhas,Kristijan Juhas,813,30,https://www.atptour.com/en/rankings/singles?dateWeek=2025-09-22&rankRange=0-5000,2026-03-22T00:42:20Z
atp,2025-09-22,SY94,T. Sahtali,Toufik Sahtali,814,30,https://www.atptour.com/en/rankings/singles?dateWeek=2025-09-22&rankRange=0-5000,2026-03-22T00:42:20Z
atp,2025-09-22,R0HQ,L. Raquillet,Leo Raquillet,815,30,https://www.atptour.com/en/rankings/singles?dateWeek=2025-09-22&rankRange=0-5000,2026-03-22T00:42:20Z
atp,2025-09-22,TD49,M. Turker,Mert Naci Turker,816,30,https://www.atptour.com/en/rankings/singles?dateWeek=2025-09-22&rankRange=0-5000,2026-03-22T00:42:20Z
atp,2025-09-22,MW62,N. Mashtakov,Nikita Mashtakov,817,30,https://www.atptour.com/en/rankings/singles?dateWeek=2025-09-22&rankRange=0-5000,2026-03-22T00:42:20Z
atp,2025-09-22,SZ36,N. Schell,Niklas Schell,818,30,https://www.atptour.com/en/rankings/singles?dateWeek=2025-09-22&rankRange=0-5000,2026-03-22T00:42:20Z
atp,2025-09-22,A0G8,A. Elsayed,Amr Elsayed,819,30,https://www.atptour.com/en/rankings/singles?dateWeek=2025-09-22&rankRange=0-5000,2026-03-22T00:42:20Z
atp,2025-09-22,B0NV,P. Brady,Patrick Brady,820,29,https://www.atptour.com/en/rankings/singles?dateWeek=2025-09-22&rankRange=0-5000,2026-03-22T00:42:20Z
atp,2025-09-22,CF10,N. Chappell,Nick Chappell,821,29,https://www.atptour.com/en/rankings/singles?dateWeek=2025-09-22&rankRange=0-5000,2026-03-22T00:42:20Z
atp,2025-09-22,O0BR,D. Ostapenkov,Daniil Ostapenkov,822,29,https://www.atptour.com/en/rankings/singles?dateWeek=2025-09-22&rankRange=0-5000,2026-03-22T00:42:20Z
atp,2025-09-22,F0HN,K. Filar,Karol Filar,823,29,https://www.atptour.com/en/rankings/singles?dateWeek=2025-09-22&rankRange=0-5000,2026-03-22T00:42:20Z
atp,2025-09-22,CN44,T. Curras Abasolo,Tomas Curras Abasolo,824,29,https://www.atptour.com/en/rankings/singles?dateWeek=2025-09-22&rankRange=0-5000,2026-03-22T00:42:20Z
atp,2025-09-22,V0BP,M. Vankan,Marlon Vankan,825,29,https://www.atptour.com/en/rankings/singles?dateWeek=2025-09-22&rankRange=0-5000,2026-03-22T00:42:20Z
atp,2025-09-22,C0MX,D. Cazacu,Dragos Nicolae Cazacu,826,29,https://www.atptour.com/en/rankings/singles?dateWeek=2025-09-22&rankRange=0-5000,2026-03-22T00:42:20Z
atp,2025-09-22,R0J1,H. Roh,Hoyoung Roh,827,28,https://www.atptour.com/en/rankings/singles?dateWeek=2025-09-22&rankRange=0-5000,2026-03-22T00:42:20Z
atp,2025-09-22,D916,S. Diez,Steven Diez,828,28,https://www.atptour.com/en/rankings/singles?dateWeek=2025-09-22&rankRange=0-5000,2026-03-22T00:42:20Z
atp,2025-09-22,B0VF,O. Bonding,Oliver Bonding,829,28,https://www.atptour.com/en/rankings/singles?dateWeek=2025-09-22&rankRange=0-5000,2026-03-22T00:42:20Z
atp,2025-09-22,H0DQ,C. Hernandez,Carles Hernandez,830,28,https://www.atptour.com/en/rankings/singles?dateWeek=2025-09-22&rankRange=0-5000,2026-03-22T00:42:20Z
atp,2025-09-22,D0HS,D. Dinev,Dinko Dinev,831,28,https://www.atptour.com/en/rankings/singles?dateWeek=2025-09-22&rankRange=0-5000,2026-03-22T00:42:20Z
atp,2025-09-22,V0BS,M. Van Der Meerschen,Martin Van Der Meerschen,832,28,https://www.atptour.com/en/rankings/singles?dateWeek=2025-09-22&rankRange=0-5000,2026-03-22T00:42:20Z
atp,2025-09-22,K0BJ,G. Kravchenko,Georgii Kravchenko,833,28,https://www.atptour.com/en/rankings/singles?dateWeek=2025-09-22&rankRange=0-5000,2026-03-22T00:42:20Z
atp,2025-09-22,P0O9,M. Petkovic,Mika Petkovic,834,28,https://www.atptour.com/en/rankings/singles?dateWeek=2025-09-22&rankRange=0-5000,2026-03-22T00:42:20Z
atp,2025-09-22,D0BE,J. Delaney,Jesse Delaney,835,28,https://www.atptour.com/en/rankings/singles?dateWeek=2025-09-22&rankRange=0-5000,2026-03-22T00:42:20Z
atp,2025-09-22,H0EZ,S. Hamza Reguig,Samir Hamza Reguig,836,28,https://www.atptour.com/en/rankings/singles?dateWeek=2025-09-22&rankRange=0-5000,2026-03-22T00:42:20Z
atp,2025-09-22,TB70,W. Trongcharoenchaikul,Wishaya Trongcharoenchaikul,837,28,https://www.atptour.com/en/rankings/singles?dateWeek=2025-09-22&rankRange=0-5000,2026-03-22T00:42:20Z
atp,2025-09-22,L0K7,F. Lechno-Wasiutynski,Fryderyk Lechno Wasiutynski,838,27,https://www.atptour.com/en/rankings/singles?dateWeek=2025-09-22&rankRange=0-5000,2026-03-22T00:42:20Z
atp,2025-09-22,AD23,O. Anderson,Oliver Anderson,839,27,https://www.atptour.com/en/rankings/singles?dateWeek=2025-09-22&rankRange=0-5000,2026-03-22T00:42:20Z
atp,2025-09-22,K0CZ,G. Klier Junior,Gilbert Klier Junior,840,27,https://www.atptour.com/en/rankings/singles?dateWeek=2025-09-22&rankRange=0-5000,2026-03-22T00:42:20Z
atp,2025-09-22,T0FK,G. Tabacco,Giorgio Tabacco,841,27,https://www.atptour.com/en/rankings/singles?dateWeek=2025-09-22&rankRange=0-5000,2026-03-22T00:42:20Z
atp,2025-09-22,F0GD,J. Filip,Jakub Filip,842,27,https://www.atptour.com/en/rankings/singles?dateWeek=2025-09-22&rankRange=0-5000,2026-03-22T00:42:20Z
atp,2025-09-22,M0D4,M. Fitriadi,M Rifki Fitriadi,843,27,https://www.atptour.com/en/rankings/singles?dateWeek=2025-09-22&rankRange=0-5000,2026-03-22T00:42:20Z
atp,2025-09-22,Z0C7,Y. Zeng,Yaojie Zeng,844,27,https://www.atptour.com/en/rankings/singles?dateWeek=2025-09-22&rankRange=0-5000,2026-03-22T00:42:20Z
atp,2025-09-22,G0LG,Y. Ghazouani Durand,Yanis Ghazouani Durand,845,27,https://www.atptour.com/en/rankings/singles?dateWeek=2025-09-22&rankRange=0-5000,2026-03-22T00:42:20Z
atp,2025-09-22,J732,B. Jones,Ben Jones,846,27,https://www.atptour.com/en/rankings/singles?dateWeek=2025-09-22&rankRange=0-5000,2026-03-22T00:42:20Z
atp,2025-09-22,S0R2,B. Sanchez Martinez,Benito Sanchez Martinez,847,26,https://www.atptour.com/en/rankings/singles?dateWeek=2025-09-22&rankRange=0-5000,2026-03-22T00:42:20Z
atp,2025-09-22,V0HG,E. Van Loben Sels,Emon Van Loben Sels,848,26,https://www.atptour.com/en/rankings/singles?dateWeek=2025-09-22&rankRange=0-5000,2026-03-22T00:42:20Z
atp,2025-09-22,M0NA,S. Mitsui,Shunsuke Mitsui,849,26,https://www.atptour.com/en/rankings/singles?dateWeek=2025-09-22&rankRange=0-5000,2026-03-22T00:42:20Z
atp,2025-09-22,E873,E. Escobedo,Ernesto Escobedo,850,26,https://www.atptour.com/en/rankings/singles?dateWeek=2025-09-22&rankRange=0-5000,2026-03-22T00:42:20Z
atp,2025-09-22,K0O4,M. Kouame,Moise Kouame,851,26,https://www.atptour.com/en/rankings/singles?dateWeek=2025-09-22&rankRange=0-5000,2026-03-22T00:42:20Z
atp,2025-09-22,V0E3,J. Von Der Schulenburg,Jeffrey Von Der Schulenburg,852,26,https://www.atptour.com/en/rankings/singles?dateWeek=2025-09-22&rankRange=0-5000,2026-03-22T00:42:20Z
atp,2025-09-22,RH88,A. Rubio Fierros,Alan Fernando Rubio Fierros,853,26,https://www.atptour.com/en/rankings/singles?dateWeek=2025-09-22&rankRange=0-5000,2026-03-22T00:42:20Z
atp,2025-09-22,D0IN,R. Dickerson,Ryan Dickerson,854,26,https://www.atptour.com/en/rankings/singles?dateWeek=2025-09-22&rankRange=0-5000,2026-03-22T00:42:20Z
atp,2025-09-22,P0ED,K. Pannu,Kiranpal Pannu,855,26,https://www.atptour.com/en/rankings/singles?dateWeek=2025-09-22&rankRange=0-5000,2026-03-22T00:42:20Z
atp,2025-09-22,AG57,L. Aboian,Leonardo Aboian,856,26,https://www.atptour.com/en/rankings/singles?dateWeek=2025-09-22&rankRange=0-5000,2026-03-22T00:42:20Z
atp,2025-09-22,P0FU,F. Pieczonka,Filip Pieczonka,857,26,https://www.atptour.com/en/rankings/singles?dateWeek=2025-09-22&rankRange=0-5000,2026-03-22T00:42:20Z
atp,2025-09-22,J0AI,M. Jones,Miles Jones,858,26,https://www.atptour.com/en/rankings/singles?dateWeek=2025-09-22&rankRange=0-5000,2026-03-22T00:42:20Z
atp,2025-09-22,S0BG,D. Sumizawa,Daisuke Sumizawa,859,26,https://www.atptour.com/en/rankings/singles?dateWeek=2025-09-22&rankRange=0-5000,2026-03-22T00:42:20Z
atp,2025-09-22,C0GU,M. Cerny,Matyas Cerny,860,26,https://www.atptour.com/en/rankings/singles?dateWeek=2025-09-22&rankRange=0-5000,2026-03-22T00:42:20Z
atp,2025-09-22,EA31,M. Efstathiou,Melios Efstathiou,861,26,https://www.atptour.com/en/rankings/singles?dateWeek=2025-09-22&rankRange=0-5000,2026-03-22T00:42:20Z
atp,2025-09-22,J0DL,N. Jadoun,Nicolas Jadoun,862,26,https://www.atptour.com/en/rankings/singles?dateWeek=2025-09-22&rankRange=0-5000,2026-03-22T00:42:20Z
atp,2025-09-22,M0HO,M. Marinescu,Mihai Razvan Marinescu,863,26,https://www.atptour.com/en/rankings/singles?dateWeek=2025-09-22&rankRange=0-5000,2026-03-22T00:42:20Z
atp,2025-09-22,SM37,D. Schwartzman,Diego Schwartzman,864,25,https://www.atptour.com/en/rankings/singles?dateWeek=2025-09-22&rankRange=0-5000,2026-03-22T00:42:20Z
atp,2025-09-22,K0LX,N. Kotzen,Nicolas Ian Kotzen,865,25,https://www.atptour.com/en/rankings/singles?dateWeek=2025-09-22&rankRange=0-5000,2026-03-22T00:42:20Z
atp,2025-09-22,VA15,D. Vale,Duarte Vale,866,25,https://www.atptour.com/en/rankings/singles?dateWeek=2025-09-22&rankRange=0-5000,2026-03-22T00:42:20Z
atp,2025-09-22,H0HS,M. Hulme,Matt Hulme,867,25,https://www.atptour.com/en/rankings/singles?dateWeek=2025-09-22&rankRange=0-5000,2026-03-22T00:42:20Z
atp,2025-09-22,R0HP,L. Ratti,Lucio Ratti,868,25,https://www.atptour.com/en/rankings/singles?dateWeek=2025-09-22&rankRange=0-5000,2026-03-22T00:42:20Z
atp,2025-09-22,H0BA,S. Hazawa,Shinji Hazawa,869,25,https://www.atptour.com/en/rankings/singles?dateWeek=2025-09-22&rankRange=0-5000,2026-03-22T00:42:20Z
atp,2025-09-22,S0SD,J. Szajrych,Jasza Szajrych,870,25,https://www.atptour.com/en/rankings/singles?dateWeek=2025-09-22&rankRange=0-5000,2026-03-22T00:42:20Z
atp,2025-09-22,LA54,W. Leite,Wilson Leite,871,25,https://www.atptour.com/en/rankings/singles?dateWeek=2025-09-22&rankRange=0-5000,2026-03-22T00:42:20Z
atp,2025-09-22,D0CF,S. Danilov,Savriyan Danilov,872,24,https://www.atptour.com/en/rankings/singles?dateWeek=2025-09-22&rankRange=0-5000,2026-03-22T00:42:20Z
atp,2025-09-22,T0CN,T. Torres,Tiago Torres,873,24,https://www.atptour.com/en/rankings/singles?dateWeek=2025-09-22&rankRange=0-5000,2026-03-22T00:42:20Z
atp,2025-09-22,H0K0,C. Hewitt,Cruz Hewitt,874,24,https://www.atptour.com/en/rankings/singles?dateWeek=2025-09-22&rankRange=0-5000,2026-03-22T00:42:20Z
atp,2025-09-22,M0J2,P. Masjuan Ginel,Pablo Masjuan Ginel,875,24,https://www.atptour.com/en/rankings/singles?dateWeek=2025-09-22&rankRange=0-5000,2026-03-22T00:42:20Z
atp,2025-09-22,L0CU,T. Serrano Luis,Tomas Serrano Luis,876,24,https://www.atptour.com/en/rankings/singles?dateWeek=2025-09-22&rankRange=0-5000,2026-03-22T00:42:20Z
atp,2025-09-22,R0K4,K. Rahmani,Kasra Rahmani,877,24,https://www.atptour.com/en/rankings/singles?dateWeek=2025-09-22&rankRange=0-5000,2026-03-22T00:42:20Z
atp,2025-09-22,D0HI,C. Duhan,Chirag Duhan,878,24,https://www.atptour.com/en/rankings/singles?dateWeek=2025-09-22&rankRange=0-5000,2026-03-22T00:42:20Z
atp,2025-09-22,D0I6,Y. Demin,Yaroslav Demin,879,24,https://www.atptour.com/en/rankings/singles?dateWeek=2025-09-22&rankRange=0-5000,2026-03-22T00:42:20Z
atp,2025-09-22,C0GK,T. Cigarran,Thiago Cigarran,880,24,https://www.atptour.com/en/rankings/singles?dateWeek=2025-09-22&rankRange=0-5000,2026-03-22T00:42:20Z
atp,2025-09-22,V0G2,A. Vales,Amit Vales,881,24,https://www.atptour.com/en/rankings/singles?dateWeek=2025-09-22&rankRange=0-5000,2026-03-22T00:42:20Z
atp,2025-09-22,T0GE,P. Tsitsipas,Pavlos Tsitsipas,882,24,https://www.atptour.com/en/rankings/singles?dateWeek=2025-09-22&rankRange=0-5000,2026-03-22T00:42:20Z
atp,2025-09-22,P0JL,L. Pow,Luca Pow,883,23,https://www.atptour.com/en/rankings/singles?dateWeek=2025-09-22&rankRange=0-5000,2026-03-22T00:42:20Z
atp,2025-09-22,D0L8,T. Derepasko,Timofei Derepasko,884,23,https://www.atptour.com/en/rankings/singles?dateWeek=2025-09-22&rankRange=0-5000,2026-03-22T00:42:20Z
atp,2025-09-22,P0E2,J. Plans,Jorge Plans,885,23,https://www.atptour.com/en/rankings/singles?dateWeek=2025-09-22&rankRange=0-5000,2026-03-22T00:42:20Z
atp,2025-09-22,B0AM,L. Bocchi,Lorenzo Bocchi,886,23,https://www.atptour.com/en/rankings/singles?dateWeek=2025-09-22&rankRange=0-5000,2026-03-22T00:42:20Z
atp,2025-09-22,W749,E. Wallart,Enzo Wallart,887,23,https://www.atptour.com/en/rankings/singles?dateWeek=2025-09-22&rankRange=0-5000,2026-03-22T00:42:20Z
atp,2025-09-22,N0EG,A. Nagel,Arthur Nagel,888,23,https://www.atptour.com/en/rankings/singles?dateWeek=2025-09-22&rankRange=0-5000,2026-03-22T00:42:20Z
atp,2025-09-22,D0CU,D. De Jonge,Daniel De Jonge,889,23,https://www.atptour.com/en/rankings/singles?dateWeek=2025-09-22&rankRange=0-5000,2026-03-22T00:42:20Z
atp,2025-09-22,I0B6,P. Inchauspe,Paul Inchauspe,890,22,https://www.atptour.com/en/rankings/singles?dateWeek=2025-09-22&rankRange=0-5000,2026-03-22T00:42:20Z
atp,2025-09-22,O560,J. Osorio,Juan Sebastian Osorio,891,22,https://www.atptour.com/en/rankings/singles?dateWeek=2025-09-22&rankRange=0-5000,2026-03-22T00:42:20Z
atp,2025-09-22,F0C0,C. Ferguson,Chase Ferguson,892,22,https://www.atptour.com/en/rankings/singles?dateWeek=2025-09-22&rankRange=0-5000,2026-03-22T00:42:20Z
atp,2025-09-22,P0G0,E. Philippov,Evgeny Philippov,893,22,https://www.atptour.com/en/rankings/singles?dateWeek=2025-09-22&rankRange=0-5000,2026-03-22T00:42:20Z
atp,2025-09-22,B0JN,T. Braithwaite,Thomas Braithwaite,894,22,https://www.atptour.com/en/rankings/singles?dateWeek=2025-09-22&rankRange=0-5000,2026-03-22T00:42:20Z
atp,2025-09-22,R0AY,G. Ramskogler,Gregor Ramskogler,895,22,https://www.atptour.com/en/rankings/singles?dateWeek=2025-09-22&rankRange=0-5000,2026-03-22T00:42:20Z
atp,2025-09-22,S0RF,M. Serafini,Marcello Serafini,896,22,https://www.atptour.com/en/rankings/singles?dateWeek=2025-09-22&rankRange=0-5000,2026-03-22T00:42:20Z
atp,2025-09-22,K0EM,M. Kuhar,Matt Kuhar,897,22,https://www.atptour.com/en/rankings/singles?dateWeek=2025-09-22&rankRange=0-5000,2026-03-22T00:42:20Z
atp,2025-09-22,M0NO,M. Maksimovic,Marko Maksimovic,898,22,https://www.atptour.com/en/rankings/singles?dateWeek=2025-09-22&rankRange=0-5000,2026-03-22T00:42:20Z
atp,2025-09-22,A0EU,A. Aubriot,Alexandre Aubriot,899,22,https://www.atptour.com/en/rankings/singles?dateWeek=2025-09-22&rankRange=0-5000,2026-03-22T00:42:20Z
atp,2025-09-22,L0JO,Z. Ludoski,Zoran Ludoski,900,21,https://www.atptour.com/en/rankings/singles?dateWeek=2025-09-22&rankRange=0-5000,2026-03-22T00:42:20Z
atp,2025-09-22,C0HX,O. Baris,Ozan Baris,901,21,https://www.atptour.com/en/rankings/singles?dateWeek=2025-09-22&rankRange=0-5000,2026-03-22T00:42:20Z
atp,2025-09-22,B0V0,N. Bilozertsev,Nikita Bilozertsev,902,21,https://www.atptour.com/en/rankings/singles?dateWeek=2025-09-22&rankRange=0-5000,2026-03-22T00:42:20Z
atp,2025-09-22,A0IH,J. Anthrop,Jack Anthrop,903,21,https://www.atptour.com/en/rankings/singles?dateWeek=2025-09-22&rankRange=0-5000,2026-03-22T00:42:20Z
atp,2025-09-22,Z0DA,C. Zarate,Carlos Maria Zarate,904,21,https://www.atptour.com/en/rankings/singles?dateWeek=2025-09-22&rankRange=0-5000,2026-03-22T00:42:20Z
atp,2025-09-22,S0W4,L. Sciahbasi,Lorenzo Sciahbasi,905,21,https://www.atptour.com/en/rankings/singles?dateWeek=2025-09-22&rankRange=0-5000,2026-03-22T00:42:20Z
atp,2025-09-22,H0HU,S. Heredia,Samuel Heredia,906,21,https://www.atptour.com/en/rankings/singles?dateWeek=2025-09-22&rankRange=0-5000,2026-03-22T00:42:20Z
atp,2025-09-22,C0DS,T. Chanta,Thanapet Chanta,907,21,https://www.atptour.com/en/rankings/singles?dateWeek=2025-09-22&rankRange=0-5000,2026-03-22T00:42:20Z
atp,2025-09-22,G0B7,J. Gschwendtner,Jeremy Gschwendtner,908,21,https://www.atptour.com/en/rankings/singles?dateWeek=2025-09-22&rankRange=0-5000,2026-03-22T00:42:20Z
atp,2025-09-22,U174,K. Uesugi,Kaito Uesugi,911,20,https://www.atptour.com/en/rankings/singles?dateWeek=2025-09-22&rankRange=0-5000,2026-03-22T00:42:20Z
atp,2025-09-22,BO10,G. Brouwer,Gijs Brouwer,912,20,https://www.atptour.com/en/rankings/singles?dateWeek=2025-09-22&rankRange=0-5000,2026-03-22T00:42:20Z
atp,2025-09-22,L0N0,P. Lagutin,Pavel Lagutin,913,20,https://www.atptour.com/en/rankings/singles?dateWeek=2025-09-22&rankRange=0-5000,2026-03-22T00:42:20Z
atp,2025-09-22,G0OF,G. Georgiev,Georgi Georgiev,914,20,https://www.atptour.com/en/rankings/singles?dateWeek=2025-09-22&rankRange=0-5000,2026-03-22T00:42:20Z
atp,2025-09-22,D985,J. Domingues,Joao Domingues,915,20,https://www.atptour.com/en/rankings/singles?dateWeek=2025-09-22&rankRange=0-5000,2026-03-22T00:42:20Z
atp,2025-09-22,L0DM,A. Lingua Lavallen,Alejo Lorenzo Lingua Lavallen,916,20,https://www.atptour.com/en/rankings/singles?dateWeek=2025-09-22&rankRange=0-5000,2026-03-22T00:42:20Z
atp,2025-09-22,K0GA,I. Kudriashov,Igor Kudriashov,917,20,https://www.atptour.com/en/rankings/singles?dateWeek=2025-09-22&rankRange=0-5000,2026-03-22T00:42:20Z
atp,2025-09-22,B0PN,M. Bobichon,Matisse Bobichon,918,20,https://www.atptour.com/en/rankings/singles?dateWeek=2025-09-22&rankRange=0-5000,2026-03-22T00:42:20Z
atp,2025-09-22,W09X,B. Winter Lopez,Benjamin Winter Lopez,919,20,https://www.atptour.com/en/rankings/singles?dateWeek=2025-09-22&rankRange=0-5000,2026-03-22T00:42:20Z
atp,2025-09-22,S0KG,N. Slavic,Nikola Slavic,920,20,https://www.atptour.com/en/rankings/singles?dateWeek=2025-09-22&rankRange=0-5000,2026-03-22T00:42:20Z
atp,2025-09-22,O527,C. Oh,Chanyeong Oh,921,20,https://www.atptour.com/en/rankings/singles?dateWeek=2025-09-22&rankRange=0-5000,2026-03-22T00:42:20Z
atp,2025-09-22,S1AR,S. Stankovic,Simeon Stankovic,922,20,https://www.atptour.com/en/rankings/singles?dateWeek=2025-09-22&rankRange=0-5000,2026-03-22T00:42:20Z
atp,2025-09-22,G0MH,B. George,Benjamin Thomas George,926,20,https://www.atptour.com/en/rankings/singles?dateWeek=2025-09-22&rankRange=0-5000,2026-03-22T00:42:20Z
atp,2025-09-22,S0E4,J. Schlageter,Justin Schlageter,927,20,https://www.atptour.com/en/rankings/singles?dateWeek=2025-09-22&rankRange=0-5000,2026-03-22T00:42:20Z
atp,2025-09-22,TG67,K. Tamm,Kristjan Tamm,928,20,https://www.atptour.com/en/rankings/singles?dateWeek=2025-09-22&rankRange=0-5000,2026-03-22T00:42:20Z
atp,2025-09-22,C0PX,M. Covato,Matteo Covato,929,20,https://www.atptour.com/en/rankings/singles?dateWeek=2025-09-22&rankRange=0-5000,2026-03-22T00:42:20Z
atp,2025-09-22,BU78,F. Bass,Finn Bass,930,20,https://www.atptour.com/en/rankings/singles?dateWeek=2025-09-22&rankRange=0-5000,2026-03-22T00:42:20Z
atp,2025-09-22,P0I5,I. Parisca Romera,Ignacio Parisca Romera,931,20,https://www.atptour.com/en/rankings/singles?dateWeek=2025-09-22&rankRange=0-5000,2026-03-22T00:42:20Z
atp,2025-09-22,F0C2,A. Fiorentini,Andrea Fiorentini,932,20,https://www.atptour.com/en/rankings/singles?dateWeek=2025-09-22&rankRange=0-5000,2026-03-22T00:42:20Z
atp,2025-09-22,Z350,M. Zhu,Michael Zhu,933,20,https://www.atptour.com/en/rankings/singles?dateWeek=2025-09-22&rankRange=0-5000,2026-03-22T00:42:20Z
atp,2025-09-22,P0KJ,D. Pham,Derek Pham,934,19,https://www.atptour.com/en/rankings/singles?dateWeek=2025-09-22&rankRange=0-5000,2026-03-22T00:42:20Z
atp,2025-09-22,M0DY,P. Makk,Peter Makk,935,19,https://www.atptour.com/en/rankings/singles?dateWeek=2025-09-22&rankRange=0-5000,2026-03-22T00:42:20Z
atp,2025-09-22,B0ME,C. Bouchelaghem,Cesar Bouchelaghem,936,19,https://www.atptour.com/en/rankings/singles?dateWeek=2025-09-22&rankRange=0-5000,2026-03-22T00:42:20Z
atp,2025-09-22,LB78,J. Lee,Jea Moon Lee,937,19,https://www.atptour.com/en/rankings/singles?dateWeek=2025-09-22&rankRange=0-5000,2026-03-22T00:42:20Z
atp,2025-09-22,I0BF,I. Ivanov,Ivan Ivanov,938,19,https://www.atptour.com/en/rankings/singles?dateWeek=2025-09-22&rankRange=0-5000,2026-03-22T00:42:20Z
atp,2025-09-22,B0E4,M. Barreiros Reyes,Mateo Barreiros Reyes,939,19,https://www.atptour.com/en/rankings/singles?dateWeek=2025-09-22&rankRange=0-5000,2026-03-22T00:42:20Z
atp,2025-09-22,P0KS,L. Poertner,Lasse Poertner,940,19,https://www.atptour.com/en/rankings/singles?dateWeek=2025-09-22&rankRange=0-5000,2026-03-22T00:42:20Z
atp,2025-09-22,M0WZ,L. Marionneau,Lucas Marionneau,941,19,https://www.atptour.com/en/rankings/singles?dateWeek=2025-09-22&rankRange=0-5000,2026-03-22T00:42:20Z
atp,2025-09-22,P0MS,R. Pieleanu,Rares Teodor Pieleanu,942,19,https://www.atptour.com/en/rankings/singles?dateWeek=2025-09-22&rankRange=0-5000,2026-03-22T00:42:20Z
atp,2025-09-22,T0AG,Z. Tkemaladze,Zura Tkemaladze,943,19,https://www.atptour.com/en/rankings/singles?dateWeek=2025-09-22&rankRange=0-5000,2026-03-22T00:42:20Z
atp,2025-09-22,R0IB,M. Rivet,Maxence Rivet,944,19,https://www.atptour.com/en/rankings/singles?dateWeek=2025-09-22&rankRange=0-5000,2026-03-22T00:42:20Z
atp,2025-09-22,V0F6,N. Villalon,Nicolas Villalon,945,19,https://www.atptour.com/en/rankings/singles?dateWeek=2025-09-22&rankRange=0-5000,2026-03-22T00:42:20Z
atp,2025-09-22,D0D9,S. D'Agostino,Stefano D'agostino,946,19,https://www.atptour.com/en/rankings/singles?dateWeek=2025-09-22&rankRange=0-5000,2026-03-22T00:42:20Z
atp,2025-09-22,GC17,O. Gutierrez,Oscar Jose Gutierrez,947,19,https://www.atptour.com/en/rankings/singles?dateWeek=2025-09-22&rankRange=0-5000,2026-03-22T00:42:20Z
atp,2025-09-22,KB09,D. Kudla,Denis Kudla,948,18,https://www.atptour.com/en/rankings/singles?dateWeek=2025-09-22&rankRange=0-5000,2026-03-22T00:42:20Z
atp,2025-09-22,N0BK,H. Naw,Hazem Naw,949,18,https://www.atptour.com/en/rankings/singles?dateWeek=2025-09-22&rankRange=0-5000,2026-03-22T00:42:20Z
atp,2025-09-22,S0ZF,K. Szymkowiak,Kacper Szymkowiak,950,18,https://www.atptour.com/en/rankings/singles?dateWeek=2025-09-22&rankRange=0-5000,2026-03-22T00:42:20Z
atp,2025-09-22,B0HY,I. Becroft,Isaac Becroft,951,18,https://www.atptour.com/en/rankings/singles?dateWeek=2025-09-22&rankRange=0-5000,2026-03-22T00:42:20Z
atp,2025-09-22,M0HY,F. Murgett,Finn Murgett,952,18,https://www.atptour.com/en/rankings/singles?dateWeek=2025-09-22&rankRange=0-5000,2026-03-22T00:42:20Z
atp,2025-09-22,M0WL,A. Mazdrashki,Anas Mazdrashki,953,18,https://www.atptour.com/en/rankings/singles?dateWeek=2025-09-22&rankRange=0-5000,2026-03-22T00:42:20Z
atp,2025-09-22,Y235,J. Yamasaki,Jumpei Yamasaki,954,18,https://www.atptour.com/en/rankings/singles?dateWeek=2025-09-22&rankRange=0-5000,2026-03-22T00:42:20Z
atp,2025-09-22,Z0CO,M. Zeitune,Maximo Zeitune,955,18,https://www.atptour.com/en/rankings/singles?dateWeek=2025-09-22&rankRange=0-5000,2026-03-22T00:42:20Z
atp,2025-09-22,F0BJ,A. Freire Da Silva,Adan Freire Da Silva,956,18,https://www.atptour.com/en/rankings/singles?dateWeek=2025-09-22&rankRange=0-5000,2026-03-22T00:42:20Z
atp,2025-09-22,B0QL,B. Bozemoj,Brian Bozemoj,957,18,https://www.atptour.com/en/rankings/singles?dateWeek=2025-09-22&rankRange=0-5000,2026-03-22T00:42:20Z
atp,2025-09-22,J0D5,H. Jones,Hayden Jones,958,18,https://www.atptour.com/en/rankings/singles?dateWeek=2025-09-22&rankRange=0-5000,2026-03-22T00:42:20Z
atp,2025-09-22,M0K2,P. Marino,Pietro Marino,959,18,https://www.atptour.com/en/rankings/singles?dateWeek=2025-09-22&rankRange=0-5000,2026-03-22T00:42:20Z
atp,2025-09-22,S0JW,S. Sim,Sungbeen Sim,960,18,https://www.atptour.com/en/rankings/singles?dateWeek=2025-09-22&rankRange=0-5000,2026-03-22T00:42:20Z
atp,2025-09-22,I0BE,S. Ivanov,Saveliy Ivanov,961,18,https://www.atptour.com/en/rankings/singles?dateWeek=2025-09-22&rankRange=0-5000,2026-03-22T00:42:20Z
atp,2025-09-22,MV39,T. Masabayashi,Tomohiro Masabayashi,962,18,https://www.atptour.com/en/rankings/singles?dateWeek=2025-09-22&rankRange=0-5000,2026-03-22T00:42:20Z
atp,2025-09-22,LG37,G. Lomakin,Grigoriy Lomakin,963,18,https://www.atptour.com/en/rankings/singles?dateWeek=2025-09-22&rankRange=0-5000,2026-03-22T00:42:20Z
atp,2025-09-22,D0MB,A. Delgado,Andrew Delgado,964,17,https://www.atptour.com/en/rankings/singles?dateWeek=2025-09-22&rankRange=0-5000,2026-03-22T00:42:20Z
atp,2025-09-22,J0F2,S. Johnson,Spencer Johnson,965,17,https://www.atptour.com/en/rankings/singles?dateWeek=2025-09-22&rankRange=0-5000,2026-03-22T00:42:20Z
atp,2025-09-22,W0B3,X. Wang,Xiaofei Wang,966,17,https://www.atptour.com/en/rankings/singles?dateWeek=2025-09-22&rankRange=0-5000,2026-03-22T00:42:20Z
atp,2025-09-22,D0I0,S. Dominko,Sebastian Dominko,967,17,https://www.atptour.com/en/rankings/singles?dateWeek=2025-09-22&rankRange=0-5000,2026-03-22T00:42:20Z
atp,2025-09-22,B0TK,P. Bastiaansen,Pepijn Bastiaansen,968,17,https://www.atptour.com/en/rankings/singles?dateWeek=2025-09-22&rankRange=0-5000,2026-03-22T00:42:20Z
atp,2025-09-22,K0MX,E. Kohlmann De Freitas,Enzo Kohlmann De Freitas,969,17,https://www.atptour.com/en/rankings/singles?dateWeek=2025-09-22&rankRange=0-5000,2026-03-22T00:42:20Z
atp,2025-09-22,M0V7,V. Marysko,Vincent Marysko,970,17,https://www.atptour.com/en/rankings/singles?dateWeek=2025-09-22&rankRange=0-5000,2026-03-22T00:42:20Z
atp,2025-09-22,N0CT,S. Nakagawa,Shunsuke Nakagawa,971,17,https://www.atptour.com/en/rankings/singles?dateWeek=2025-09-22&rankRange=0-5000,2026-03-22T00:42:20Z
atp,2025-09-22,C0O4,F. Cavallo,Fernando Cavallo,972,17,https://www.atptour.com/en/rankings/singles?dateWeek=2025-09-22&rankRange=0-5000,2026-03-22T00:42:20Z
atp,2025-09-22,R0DP,S. Ryan Ziegann,Sam Ryan Ziegann,973,17,https://www.atptour.com/en/rankings/singles?dateWeek=2025-09-22&rankRange=0-5000,2026-03-22T00:42:20Z
atp,2025-09-22,A0IE,S. Andre,Seydina Andre,974,17,https://www.atptour.com/en/rankings/singles?dateWeek=2025-09-22&rankRange=0-5000,2026-03-22T00:42:20Z
atp,2025-09-22,T0K1,R. Tabata,Ryo Tabata,975,16,https://www.atptour.com/en/rankings/singles?dateWeek=2025-09-22&rankRange=0-5000,2026-03-22T00:42:20Z
atp,2025-09-22,B0A1,M. Borisiouk,Martin Borisiouk,976,16,https://www.atptour.com/en/rankings/singles?dateWeek=2025-09-22&rankRange=0-5000,2026-03-22T00:42:20Z
atp,2025-09-22,S0I7,P. Scomparin,Pietro Romeo Scomparin,977,16,https://www.atptour.com/en/rankings/singles?dateWeek=2025-09-22&rankRange=0-5000,2026-03-22T00:42:20Z
atp,2025-09-22,L0CK,Y. Lalami,Younes Lalami,978,16,https://www.atptour.com/en/rankings/singles?dateWeek=2025-09-22&rankRange=0-5000,2026-03-22T00:42:20Z
atp,2025-09-22,B0G9,A. Bronzetti,Alberto Bronzetti,979,16,https://www.atptour.com/en/rankings/singles?dateWeek=2025-09-22&rankRange=0-5000,2026-03-22T00:42:20Z
atp,2025-09-22,VA48,S. Vishwakarma,Siddharth Vishwakarma,980,16,https://www.atptour.com/en/rankings/singles?dateWeek=2025-09-22&rankRange=0-5000,2026-03-22T00:42:20Z
atp,2025-09-22,H0GW,M. Hopp,Michel Hopp,981,16,https://www.atptour.com/en/rankings/singles?dateWeek=2025-09-22&rankRange=0-5000,2026-03-22T00:42:20Z
atp,2025-09-22,S0JV,Q. Sun,Qian Sun,982,16,https://www.atptour.com/en/rankings/singles?dateWeek=2025-09-22&rankRange=0-5000,2026-03-22T00:42:20Z
atp,2025-09-22,R09T,A. Reco,Alexandre Reco,983,16,https://www.atptour.com/en/rankings/singles?dateWeek=2025-09-22&rankRange=0-5000,2026-03-22T00:42:20Z
atp,2025-09-22,K0HT,E. Khoeblal,Elgin Khoeblal,984,16,https://www.atptour.com/en/rankings/singles?dateWeek=2025-09-22&rankRange=0-5000,2026-03-22T00:42:20Z
atp,2025-09-22,S0YB,D. Sarksian,Daniil Sarksian,985,16,https://www.atptour.com/en/rankings/singles?dateWeek=2025-09-22&rankRange=0-5000,2026-03-22T00:42:20Z
atp,2025-09-22,R0KM,D. Rapagnetta,Daniele Rapagnetta,986,16,https://www.atptour.com/en/rankings/singles?dateWeek=2025-09-22&rankRange=0-5000,2026-03-22T00:42:20Z
atp,2025-09-22,L0CS,P. Lu,Pengyu Lu,987,16,https://www.atptour.com/en/rankings/singles?dateWeek=2025-09-22&rankRange=0-5000,2026-03-22T00:42:20Z
atp,2025-09-22,PH67,N. Ponwith,Nathan Ponwith,988,16,https://www.atptour.com/en/rankings/singles?dateWeek=2025-09-22&rankRange=0-5000,2026-03-22T00:42:20Z
atp,2025-09-22,X01D,K. Xu,Kuang Qing Xu,989,15,https://www.atptour.com/en/rankings/singles?dateWeek=2025-09-22&rankRange=0-5000,2026-03-22T00:42:20Z
atp,2025-09-22,V0GR,A. Vasilev,Alexander Vasilev,990,15,https://www.atptour.com/en/rankings/singles?dateWeek=2025-09-22&rankRange=0-5000,2026-03-22T00:42:20Z
atp,2025-09-22,G0D4,L. Gagliardo,Lorenzo Gagliardo,993,15,https://www.atptour.com/en/rankings/singles?dateWeek=2025-09-22&rankRange=0-5000,2026-03-22T00:42:20Z
atp,2025-09-22,W0DW,C. Woestendick,Cooper Woestendick,994,15,https://www.atptour.com/en/rankings/singles?dateWeek=2025-09-22&rankRange=0-5000,2026-03-22T00:42:20Z
atp,2025-09-22,S0JH,F. Speziali,Filippo Speziali,995,15,https://www.atptour.com/en/rankings/singles?dateWeek=2025-09-22&rankRange=0-5000,2026-03-22T00:42:20Z
atp,2025-09-22,P0N6,O. Paldanius,Oskari Paldanius,996,15,https://www.atptour.com/en/rankings/singles?dateWeek=2025-09-22&rankRange=0-5000,2026-03-22T00:42:20Z
atp,2025-09-22,MK26,J. Marie,Jules Marie,997,15,https://www.atptour.com/en/rankings/singles?dateWeek=2025-09-22&rankRange=0-5000,2026-03-22T00:42:20Z
atp,2025-09-22,S0TB,E. Strode,Elijah Strode,998,15,https://www.atptour.com/en/rankings/singles?dateWeek=2025-09-22&rankRange=0-5000,2026-03-22T00:42:20Z
atp,2025-09-22,TG77,P. Tsitsipas,Petros Tsitsipas,999,15,https://www.atptour.com/en/rankings/singles?dateWeek=2025-09-22&rankRange=0-5000,2026-03-22T00:42:20Z
atp,2025-09-22,S0MJ,T. Suksumrarn,Thantub Suksumrarn,1000,15,https://www.atptour.com/en/rankings/singles?dateWeek=2025-09-22&rankRange=0-5000,2026-03-22T00:42:20Z
atp,2025-09-22,P0LG,S. Price,Salvador Price,1001,15,https://www.atptour.com/en/rankings/singles?dateWeek=2025-09-22&rankRange=0-5000,2026-03-22T00:42:20Z
atp,2025-09-22,B0SW,T. Bieldiugin,Tymur Bieldiugin,1002,15,https://www.atptour.com/en/rankings/singles?dateWeek=2025-09-22&rankRange=0-5000,2026-03-22T00:42:20Z
atp,2025-09-22,W719,M. Walters,Marcus Walters,1003,15,https://www.atptour.com/en/rankings/singles?dateWeek=2025-09-22&rankRange=0-5000,2026-03-22T00:42:20Z
atp,2025-09-22,L0G5,J. Loureiro,Joao Victor Couto Loureiro,1004,15,https://www.atptour.com/en/rankings/singles?dateWeek=2025-09-22&rankRange=0-5000,2026-03-22T00:42:20Z
atp,2025-09-22,PM20,H. Pierre,Hugo Pierre,1005,15,https://www.atptour.com/en/rankings/singles?dateWeek=2025-09-22&rankRange=0-5000,2026-03-22T00:42:20Z
atp,2025-09-22,R0BF,F. Ribero,Franco Ribero,1006,15,https://www.atptour.com/en/rankings/singles?dateWeek=2025-09-22&rankRange=0-5000,2026-03-22T00:42:20Z
atp,2025-09-22,P0D4,B. Perez,Brandon Perez,1007,15,https://www.atptour.com/en/rankings/singles?dateWeek=2025-09-22&rankRange=0-5000,2026-03-22T00:42:20Z
atp,2025-09-22,B0G6,P. Brown,Preston Brown,1010,15,https://www.atptour.com/en/rankings/singles?dateWeek=2025-09-22&rankRange=0-5000,2026-03-22T00:42:20Z
atp,2025-09-22,LB84,J. Londero,Juan Ignacio Londero,1011,14,https://www.atptour.com/en/rankings/singles?dateWeek=2025-09-22&rankRange=0-5000,2026-03-22T00:42:20Z
atp,2025-09-22,FA50,T. Fancutt,Thomas Fancutt,1012,14,https://www.atptour.com/en/rankings/singles?dateWeek=2025-09-22&rankRange=0-5000,2026-03-22T00:42:20Z
atp,2025-09-22,T0IL,K. Tyagi,Kriish Tyagi,1013,14,https://www.atptour.com/en/rankings/singles?dateWeek=2025-09-22&rankRange=0-5000,2026-03-22T00:42:20Z
atp,2025-09-22,W0DP,J. Weekes,Jaden Weekes,1014,14,https://www.atptour.com/en/rankings/singles?dateWeek=2025-09-22&rankRange=0-5000,2026-03-22T00:42:20Z
atp,2025-09-22,F09U,M. Fuele,Matyas Fuele,1015,14,https://www.atptour.com/en/rankings/singles?dateWeek=2025-09-22&rankRange=0-5000,2026-03-22T00:42:20Z
atp,2025-09-22,D0FY,T. Deschamps,Thomas Deschamps,1016,14,https://www.atptour.com/en/rankings/singles?dateWeek=2025-09-22&rankRange=0-5000,2026-03-22T00:42:20Z
atp,2025-09-22,S0UU,M. Shin,Maxim Shin,1017,14,https://www.atptour.com/en/rankings/singles?dateWeek=2025-09-22&rankRange=0-5000,2026-03-22T00:42:20Z
atp,2025-09-22,N561,I. Nedelko,Ivan Nedelko,1018,14,https://www.atptour.com/en/rankings/singles?dateWeek=2025-09-22&rankRange=0-5000,2026-03-22T00:42:20Z
atp,2025-09-22,F902,J. Flores,Jesse Flores,1019,14,https://www.atptour.com/en/rankings/singles?dateWeek=2025-09-22&rankRange=0-5000,2026-03-22T00:42:20Z
atp,2025-09-22,F664,S. Fanselow,Sebastian Fanselow,1020,14,https://www.atptour.com/en/rankings/singles?dateWeek=2025-09-22&rankRange=0-5000,2026-03-22T00:42:20Z
atp,2025-09-22,M0I5,A. Mujakic,Alen Mujakic,1021,14,https://www.atptour.com/en/rankings/singles?dateWeek=2025-09-22&rankRange=0-5000,2026-03-22T00:42:20Z
atp,2025-09-22,H0HC,L. Helguera Casado,Lucca Helguera Casado,1022,14,https://www.atptour.com/en/rankings/singles?dateWeek=2025-09-22&rankRange=0-5000,2026-03-22T00:42:20Z
atp,2025-09-22,C0KN,A. Casanova,Andrin Casanova,1023,14,https://www.atptour.com/en/rankings/singles?dateWeek=2025-09-22&rankRange=0-5000,2026-03-22T00:42:20Z
atp,2025-09-22,T0FH,A. Turriziani Alvarez,Alejandro Turriziani Alvarez,1024,14,https://www.atptour.com/en/rankings/singles?dateWeek=2025-09-22&rankRange=0-5000,2026-03-22T00:42:20Z
atp,2025-09-22,J0DG,A. Juan Mano,Alejandro Juan Mano,1027,14,https://www.atptour.com/en/rankings/singles?dateWeek=2025-09-22&rankRange=0-5000,2026-03-22T00:42:20Z
atp,2025-09-22,B0HD,N. Basic,Nikola Basic,1028,14,https://www.atptour.com/en/rankings/singles?dateWeek=2025-09-22&rankRange=0-5000,2026-03-22T00:42:20Z
atp,2025-09-22,K0FW,J. Kupcic,Jan Kupcic,1029,14,https://www.atptour.com/en/rankings/singles?dateWeek=2025-09-22&rankRange=0-5000,2026-03-22T00:42:20Z
atp,2025-09-22,O09S,J. Otegui,Juan Bautista Otegui,1030,14,https://www.atptour.com/en/rankings/singles?dateWeek=2025-09-22&rankRange=0-5000,2026-03-22T00:42:20Z
atp,2025-09-22,M0B9,D. Marques,Diogo Marques,1031,14,https://www.atptour.com/en/rankings/singles?dateWeek=2025-09-22&rankRange=0-5000,2026-03-22T00:42:20Z
atp,2025-09-22,MM66,N. Milojevic,Nikola Milojevic,1032,13,https://www.atptour.com/en/rankings/singles?dateWeek=2025-09-22&rankRange=0-5000,2026-03-22T00:42:20Z
atp,2025-09-22,D0D2,A. Deckers,Alec Deckers,1033,13,https://www.atptour.com/en/rankings/singles?dateWeek=2025-09-22&rankRange=0-5000,2026-03-22T00:42:20Z
atp,2025-09-22,H0D9,C. Harper,Cleeve Harper,1034,13,https://www.atptour.com/en/rankings/singles?dateWeek=2025-09-22&rankRange=0-5000,2026-03-22T00:42:20Z
atp,2025-09-22,M0XA,M. Martinez Serrano,Mario Martinez Serrano,1035,13,https://www.atptour.com/en/rankings/singles?dateWeek=2025-09-22&rankRange=0-5000,2026-03-22T00:42:20Z
atp,2025-09-22,B0PY,P. Barbier Gazeu,Paul Barbier Gazeu,1036,13,https://www.atptour.com/en/rankings/singles?dateWeek=2025-09-22&rankRange=0-5000,2026-03-22T00:42:20Z
atp,2025-09-22,P0CD,D. Paty,Daniel Paty,1037,13,https://www.atptour.com/en/rankings/singles?dateWeek=2025-09-22&rankRange=0-5000,2026-03-22T00:42:20Z
atp,2025-09-22,K0AB,A. Kalyanpur,Adil Kalyanpur,1038,13,https://www.atptour.com/en/rankings/singles?dateWeek=2025-09-22&rankRange=0-5000,2026-03-22T00:42:20Z
atp,2025-09-22,T0AF,F. Tenti,Fermin Tenti,1039,13,https://www.atptour.com/en/rankings/singles?dateWeek=2025-09-22&rankRange=0-5000,2026-03-22T00:42:20Z
atp,2025-09-22,F0F0,R. Faucon,Romain Faucon,1040,13,https://www.atptour.com/en/rankings/singles?dateWeek=2025-09-22&rankRange=0-5000,2026-03-22T00:42:20Z
atp,2025-09-22,E0AB,I. Eqbal,Ishaque Eqbal,1041,13,https://www.atptour.com/en/rankings/singles?dateWeek=2025-09-22&rankRange=0-5000,2026-03-22T00:42:20Z
atp,2025-09-22,L0G4,L. Lorusso,Lorenzo Lorusso,1042,13,https://www.atptour.com/en/rankings/singles?dateWeek=2025-09-22&rankRange=0-5000,2026-03-22T00:42:20Z
atp,2025-09-22,S0VU,M. Schoenhaus,Max Schoenhaus,1043,13,https://www.atptour.com/en/rankings/singles?dateWeek=2025-09-22&rankRange=0-5000,2026-03-22T00:42:20Z
atp,2025-09-22,H0CU,R. Hohmann,Ronald Hohmann,1044,13,https://www.atptour.com/en/rankings/singles?dateWeek=2025-09-22&rankRange=0-5000,2026-03-22T00:42:20Z
atp,2025-09-22,T0GK,R. Tiukaev,Ruslan Tiukaev,1045,13,https://www.atptour.com/en/rankings/singles?dateWeek=2025-09-22&rankRange=0-5000,2026-03-22T00:42:20Z
atp,2025-09-22,M0ES,O. Moraing,Oscar Moraing,1046,13,https://www.atptour.com/en/rankings/singles?dateWeek=2025-09-22&rankRange=0-5000,2026-03-22T00:42:20Z
atp,2025-09-22,M0IG,E. Monferrer,Ezequiel Monferrer,1047,13,https://www.atptour.com/en/rankings/singles?dateWeek=2025-09-22&rankRange=0-5000,2026-03-22T00:42:20Z
atp,2025-09-22,A0KQ,I. Almazan Valiente,Izan Almazan Valiente,1048,13,https://www.atptour.com/en/rankings/singles?dateWeek=2025-09-22&rankRange=0-5000,2026-03-22T00:42:20Z
atp,2025-09-22,B0NF,V. Basel,Valentin Basel,1049,13,https://www.atptour.com/en/rankings/singles?dateWeek=2025-09-22&rankRange=0-5000,2026-03-22T00:42:20Z
atp,2025-09-22,BV08,B. Butulija,Boris Butulija,1050,13,https://www.atptour.com/en/rankings/singles?dateWeek=2025-09-22&rankRange=0-5000,2026-03-22T00:42:20Z
atp,2025-09-22,N724,G. Noce,Gabriele Maria Noce,1051,13,https://www.atptour.com/en/rankings/singles?dateWeek=2025-09-22&rankRange=0-5000,2026-03-22T00:42:20Z
atp,2025-09-22,M0XQ,N. McDonald,Niels Mcdonald,1052,12,https://www.atptour.com/en/rankings/singles?dateWeek=2025-09-22&rankRange=0-5000,2026-03-22T00:42:20Z
atp,2025-09-22,L733,Z. Li,Zhe Li,1053,12,https://www.atptour.com/en/rankings/singles?dateWeek=2025-09-22&rankRange=0-5000,2026-03-22T00:42:20Z
atp,2025-09-22,B0IZ,D. Badenhorst,Devin Badenhorst,1054,12,https://www.atptour.com/en/rankings/singles?dateWeek=2025-09-22&rankRange=0-5000,2026-03-22T00:42:20Z
atp,2025-09-22,GB41,J. Gomez,Juan Sebastian Gomez,1055,12,https://www.atptour.com/en/rankings/singles?dateWeek=2025-09-22&rankRange=0-5000,2026-03-22T00:42:20Z
atp,2025-09-22,J0F0,V. Jankanj,Vlado Jankanj,1056,12,https://www.atptour.com/en/rankings/singles?dateWeek=2025-09-22&rankRange=0-5000,2026-03-22T00:42:20Z
atp,2025-09-22,R0H2,P. Rodenas,Pedro Rodenas,1059,12,https://www.atptour.com/en/rankings/singles?dateWeek=2025-09-22&rankRange=0-5000,2026-03-22T00:42:20Z
atp,2025-09-22,P0MT,C. Papoe,Cezar Gabriel Papoe,1060,12,https://www.atptour.com/en/rankings/singles?dateWeek=2025-09-22&rankRange=0-5000,2026-03-22T00:42:20Z
atp,2025-09-22,M0VH,M. Malaszszak,Markus Malaszszak,1061,12,https://www.atptour.com/en/rankings/singles?dateWeek=2025-09-22&rankRange=0-5000,2026-03-22T00:42:20Z
atp,2025-09-22,L09D,A. Liaonenka,Aliaksandr Liaonenka,1062,12,https://www.atptour.com/en/rankings/singles?dateWeek=2025-09-22&rankRange=0-5000,2026-03-22T00:42:20Z
atp,2025-09-22,L0CH,N. Larwig,Noel Larwig,1063,12,https://www.atptour.com/en/rankings/singles?dateWeek=2025-09-22&rankRange=0-5000,2026-03-22T00:42:20Z
atp,2025-09-22,W0BD,D. Wassermann,Deney Wassermann,1064,12,https://www.atptour.com/en/rankings/singles?dateWeek=2025-09-22&rankRange=0-5000,2026-03-22T00:42:20Z
atp,2025-09-22,K0I7,M. Kamrowski,Marcel Kamrowski,1065,12,https://www.atptour.com/en/rankings/singles?dateWeek=2025-09-22&rankRange=0-5000,2026-03-22T00:42:20Z
atp,2025-09-22,PH77,D. Poljak,David Poljak,1068,12,https://www.atptour.com/en/rankings/singles?dateWeek=2025-09-22&rankRange=0-5000,2026-03-22T00:42:20Z
atp,2025-09-22,A0K4,M. Arseneault,Mikael Arseneault,1071,12,https://www.atptour.com/en/rankings/singles?dateWeek=2025-09-22&rankRange=0-5000,2026-03-22T00:42:20Z
atp,2025-09-22,T0I0,A. Timini,Andreas Timini,1072,12,https://www.atptour.com/en/rankings/singles?dateWeek=2025-09-22&rankRange=0-5000,2026-03-22T00:42:20Z
atp,2025-09-22,T0G2,M. Tammaro,Mariano Tammaro,1073,12,https://www.atptour.com/en/rankings/singles?dateWeek=2025-09-22&rankRange=0-5000,2026-03-22T00:42:20Z
atp,2025-09-22,BU64,N. Bruna,Nicolas Bruna,1074,12,https://www.atptour.com/en/rankings/singles?dateWeek=2025-09-22&rankRange=0-5000,2026-03-22T00:42:20Z
atp,2025-09-22,C0PK,X. Chen,Xing Dao Chen,1075,12,https://www.atptour.com/en/rankings/singles?dateWeek=2025-09-22&rankRange=0-5000,2026-03-22T00:42:20Z
atp,2025-09-22,TG42,L. Tessa,Louis Tessa,1076,12,https://www.atptour.com/en/rankings/singles?dateWeek=2025-09-22&rankRange=0-5000,2026-03-22T00:42:20Z
atp,2025-09-22,A0HZ,L. Angelini,Lorenzo Angelini,1077,12,https://www.atptour.com/en/rankings/singles?dateWeek=2025-09-22&rankRange=0-5000,2026-03-22T00:42:20Z
atp,2025-09-22,C0KO,N. Ciavarella,Niccolò Ciavarella,1078,12,https://www.atptour.com/en/rankings/singles?dateWeek=2025-09-22&rankRange=0-5000,2026-03-22T00:42:20Z
atp,2025-09-22,I0BR,N. Ifi,Nicolas Ifi,1079,12,https://www.atptour.com/en/rankings/singles?dateWeek=2025-09-22&rankRange=0-5000,2026-03-22T00:42:20Z
atp,2025-09-22,ML51,T. Martin,Toby Martin,1080,12,https://www.atptour.com/en/rankings/singles?dateWeek=2025-09-22&rankRange=0-5000,2026-03-22T00:42:20Z
atp,2025-09-22,C0GG,K. Chopra,Keshav Chopra,1081,12,https://www.atptour.com/en/rankings/singles?dateWeek=2025-09-22&rankRange=0-5000,2026-03-22T00:42:20Z
atp,2025-09-22,R0EW,L. Rivera,Leyton Rivera,1082,12,https://www.atptour.com/en/rankings/singles?dateWeek=2025-09-22&rankRange=0-5000,2026-03-22T00:42:20Z
atp,2025-09-22,CN88,T. Cacao,Tiago Cacao,1083,11,https://www.atptour.com/en/rankings/singles?dateWeek=2025-09-22&rankRange=0-5000,2026-03-22T00:42:20Z
atp,2025-09-22,R0BN,S. Reveniau,Simon Reveniau,1084,11,https://www.atptour.com/en/rankings/singles?dateWeek=2025-09-22&rankRange=0-5000,2026-03-22T00:42:20Z
atp,2025-09-22,B0C7,J. Barki,Justin Barki,1085,11,https://www.atptour.com/en/rankings/singles?dateWeek=2025-09-22&rankRange=0-5000,2026-03-22T00:42:20Z
atp,2025-09-22,PI95,D. Pichler,David Pichler,1086,11,https://www.atptour.com/en/rankings/singles?dateWeek=2025-09-22&rankRange=0-5000,2026-03-22T00:42:20Z
atp,2025-09-22,B0JL,N. Baroni,Niccolo Baroni,1089,11,https://www.atptour.com/en/rankings/singles?dateWeek=2025-09-22&rankRange=0-5000,2026-03-22T00:42:20Z
atp,2025-09-22,H0C9,A. Huertas Del Pino Cordova,Arklon Huertas Del Pino Cordova,1090,11,https://www.atptour.com/en/rankings/singles?dateWeek=2025-09-22&rankRange=0-5000,2026-03-22T00:42:20Z
atp,2025-09-22,S0H1,L. Staeheli,Luca Staeheli,1091,11,https://www.atptour.com/en/rankings/singles?dateWeek=2025-09-22&rankRange=0-5000,2026-03-22T00:42:20Z
atp,2025-09-22,MM67,R. Matsumura,Ryotero Matsumura,1092,11,https://www.atptour.com/en/rankings/singles?dateWeek=2025-09-22&rankRange=0-5000,2026-03-22T00:42:20Z
atp,2025-09-22,W741,A. Wang,Aoran Wang,1093,11,https://www.atptour.com/en/rankings/singles?dateWeek=2025-09-22&rankRange=0-5000,2026-03-22T00:42:20Z
atp,2025-09-22,O0BI,C. Overbeck,Carl Emil Overbeck,1094,11,https://www.atptour.com/en/rankings/singles?dateWeek=2025-09-22&rankRange=0-5000,2026-03-22T00:42:20Z
atp,2025-09-22,W716,M. Whitehouse,Mark Whitehouse,1097,11,https://www.atptour.com/en/rankings/singles?dateWeek=2025-09-22&rankRange=0-5000,2026-03-22T00:42:20Z
atp,2025-09-22,SY71,D. Singh,Digvijaypratap Singh,1098,11,https://www.atptour.com/en/rankings/singles?dateWeek=2025-09-22&rankRange=0-5000,2026-03-22T00:42:20Z
atp,2025-09-22,SY74,M. Sureshkumar,Manish Sureshkumar,1099,11,https://www.atptour.com/en/rankings/singles?dateWeek=2025-09-22&rankRange=0-5000,2026-03-22T00:42:20Z
atp,2025-09-22,D0FN,C. Dong,Chen Dong,1100,11,https://www.atptour.com/en/rankings/singles?dateWeek=2025-09-22&rankRange=0-5000,2026-03-22T00:42:20Z
atp,2025-09-22,M0QQ,T. Martinez,Tomas Martinez,1101,11,https://www.atptour.com/en/rankings/singles?dateWeek=2025-09-22&rankRange=0-5000,2026-03-22T00:42:20Z
atp,2025-09-22,B0JF,A. Bojarski,Alan Bojarski,1102,11,https://www.atptour.com/en/rankings/singles?dateWeek=2025-09-22&rankRange=0-5000,2026-03-22T00:42:20Z
atp,2025-09-22,C0B9,K. Cekirge,Kuzey Cekirge,1103,11,https://www.atptour.com/en/rankings/singles?dateWeek=2025-09-22&rankRange=0-5000,2026-03-22T00:42:20Z
atp,2025-09-22,P0IG,M. Pawelski,Martyn Pawelski,1104,11,https://www.atptour.com/en/rankings/singles?dateWeek=2025-09-22&rankRange=0-5000,2026-03-22T00:42:20Z
atp,2025-09-22,A0E6,B. Atlangeriev,Bekkhan Atlangeriev,1105,11,https://www.atptour.com/en/rankings/singles?dateWeek=2025-09-22&rankRange=0-5000,2026-03-22T00:42:20Z
atp,2025-09-22,F0HU,A. Funk,Aaron Funk,1108,11,https://www.atptour.com/en/rankings/singles?dateWeek=2025-09-22&rankRange=0-5000,2026-03-22T00:42:20Z
atp,2025-09-22,B0H9,A. Berger,Antoine Berger,1109,11,https://www.atptour.com/en/rankings/singles?dateWeek=2025-09-22&rankRange=0-5000,2026-03-22T00:42:20Z
atp,2025-09-22,H0E7,J. Hallquist Lithen,John Hallquist Lithen,1110,11,https://www.atptour.com/en/rankings/singles?dateWeek=2025-09-22&rankRange=0-5000,2026-03-22T00:42:20Z
atp,2025-09-22,P0M4,D. Petak,Denis Petak,1111,11,https://www.atptour.com/en/rankings/singles?dateWeek=2025-09-22&rankRange=0-5000,2026-03-22T00:42:20Z
atp,2025-09-22,SY50,N. Sinha,Nitin Kumar Sinha,1112,11,https://www.atptour.com/en/rankings/singles?dateWeek=2025-09-22&rankRange=0-5000,2026-03-22T00:42:20Z
atp,2025-09-22,MN49,M. Makhlouf,Mohamed Nazim Makhlouf,1113,11,https://www.atptour.com/en/rankings/singles?dateWeek=2025-09-22&rankRange=0-5000,2026-03-22T00:42:20Z
atp,2025-09-22,HC21,S. Hong,Seongchan Hong,1114,10,https://www.atptour.com/en/rankings/singles?dateWeek=2025-09-22&rankRange=0-5000,2026-03-22T00:42:20Z
atp,2025-09-22,K0LP,S. Klaassen,Stian Klaassen,1115,10,https://www.atptour.com/en/rankings/singles?dateWeek=2025-09-22&rankRange=0-5000,2026-03-22T00:42:20Z
atp,2025-09-22,M0OR,R. Murali,Rohan Murali,1116,10,https://www.atptour.com/en/rankings/singles?dateWeek=2025-09-22&rankRange=0-5000,2026-03-22T00:42:20Z
atp,2025-09-22,P0OX,L. Primucci,Leonardo Primucci,1117,10,https://www.atptour.com/en/rankings/singles?dateWeek=2025-09-22&rankRange=0-5000,2026-03-22T00:42:20Z
atp,2025-09-22,R0JI,K. Rice,Keegan Rice,1120,10,https://www.atptour.com/en/rankings/singles?dateWeek=2025-09-22&rankRange=0-5000,2026-03-22T00:42:20Z
atp,2025-09-22,B0QQ,K. Bennani,Karim Bennani,1121,10,https://www.atptour.com/en/rankings/singles?dateWeek=2025-09-22&rankRange=0-5000,2026-03-22T00:42:20Z
atp,2025-09-22,SP80,N. Serdarusic,Nino Serdarusic,1122,10,https://www.atptour.com/en/rankings/singles?dateWeek=2025-09-22&rankRange=0-5000,2026-03-22T00:42:20Z
atp,2025-09-22,M0NX,A. Meduri,Andrea Meduri,1123,10,https://www.atptour.com/en/rankings/singles?dateWeek=2025-09-22&rankRange=0-5000,2026-03-22T00:42:20Z
atp,2025-09-22,A0I9,E. Ambarzumjan,Edison Ambarzumjan,1124,10,https://www.atptour.com/en/rankings/singles?dateWeek=2025-09-22&rankRange=0-5000,2026-03-22T00:42:20Z
atp,2025-09-22,B0DJ,I. Beloborodko,Illya Beloborodko,1125,10,https://www.atptour.com/en/rankings/singles?dateWeek=2025-09-22&rankRange=0-5000,2026-03-22T00:42:20Z
atp,2025-09-22,PL80,B. Pavel,Bogdan Pavel,1126,10,https://www.atptour.com/en/rankings/singles?dateWeek=2025-09-22&rankRange=0-5000,2026-03-22T00:42:20Z
atp,2025-09-22,CF60,P. Juszczak,Pawel Juszczak,1127,10,https://www.atptour.com/en/rankings/singles?dateWeek=2025-09-22&rankRange=0-5000,2026-03-22T00:42:20Z
atp,2025-09-22,D0JM,R. De Alba,Rafael De Alba,1128,10,https://www.atptour.com/en/rankings/singles?dateWeek=2025-09-22&rankRange=0-5000,2026-03-22T00:42:20Z
atp,2025-09-22,V505,V. Vardhan,Vishnu Vardhan,1129,10,https://www.atptour.com/en/rankings/singles?dateWeek=2025-09-22&rankRange=0-5000,2026-03-22T00:42:20Z
atp,2025-09-22,C0LM,C. Camus,Charlie Camus,1130,10,https://www.atptour.com/en/rankings/singles?dateWeek=2025-09-22&rankRange=0-5000,2026-03-22T00:42:20Z
atp,2025-09-22,L0EV,V. Lapalu,Valentin Lapalu,1131,10,https://www.atptour.com/en/rankings/singles?dateWeek=2025-09-22&rankRange=0-5000,2026-03-22T00:42:20Z
atp,2025-09-22,M0N4,L. Malgaroli,Leonardo Malgaroli,1132,10,https://www.atptour.com/en/rankings/singles?dateWeek=2025-09-22&rankRange=0-5000,2026-03-22T00:42:20Z
atp,2025-09-22,D09V,I. Denisov,Ivan Denisov,1133,10,https://www.atptour.com/en/rankings/singles?dateWeek=2025-09-22&rankRange=0-5000,2026-03-22T00:42:20Z
atp,2025-09-22,F0FL,B. Fernandez,Bruno Fernandez,1134,10,https://www.atptour.com/en/rankings/singles?dateWeek=2025-09-22&rankRange=0-5000,2026-03-22T00:42:20Z
atp,2025-09-22,U0A3,M. Ujvary,Matthias Ujvary,1137,10,https://www.atptour.com/en/rankings/singles?dateWeek=2025-09-22&rankRange=0-5000,2026-03-22T00:42:20Z
atp,2025-09-22,S0IK,T. Stice,Tyler Stice,1138,10,https://www.atptour.com/en/rankings/singles?dateWeek=2025-09-22&rankRange=0-5000,2026-03-22T00:42:20Z
atp,2025-09-22,T0A0,S. Tang,Sheng Tang,1139,10,https://www.atptour.com/en/rankings/singles?dateWeek=2025-09-22&rankRange=0-5000,2026-03-22T00:42:20Z
atp,2025-09-22,C0Q4,C. Chen,Charles Chen,1140,10,https://www.atptour.com/en/rankings/singles?dateWeek=2025-09-22&rankRange=0-5000,2026-03-22T00:42:20Z
atp,2025-09-22,B0PH,J. Bilardo,Jacopo Bilardo,1141,10,https://www.atptour.com/en/rankings/singles?dateWeek=2025-09-22&rankRange=0-5000,2026-03-22T00:42:20Z
atp,2025-09-22,J0AK,Y. Jin,Yuquan Jin,1142,10,https://www.atptour.com/en/rankings/singles?dateWeek=2025-09-22&rankRange=0-5000,2026-03-22T00:42:20Z
atp,2025-09-22,P0JK,N. Perfetti,Noah Perfetti,1143,10,https://www.atptour.com/en/rankings/singles?dateWeek=2025-09-22&rankRange=0-5000,2026-03-22T00:42:20Z
atp,2025-09-22,MM24,B. Malla,Bastian Malla,1146,9,https://www.atptour.com/en/rankings/singles?dateWeek=2025-09-22&rankRange=0-5000,2026-03-22T00:42:20Z
atp,2025-09-22,W0AJ,S. Watanabe,Seita Watanabe,1150,9,https://www.atptour.com/en/rankings/singles?dateWeek=2025-09-22&rankRange=0-5000,2026-03-22T00:42:20Z
atp,2025-09-22,B0I0,A. Bernard,Alexander Bernard,1154,9,https://www.atptour.com/en/rankings/singles?dateWeek=2025-09-22&rankRange=0-5000,2026-03-22T00:42:20Z
atp,2025-09-22,KH41,P. Kaukovalta,Patrick Kaukovalta,1157,9,https://www.atptour.com/en/rankings/singles?dateWeek=2025-09-22&rankRange=0-5000,2026-03-22T00:42:20Z
atp,2025-09-22,M0RC,S. Matsuoka,Shu Matsuoka,1158,9,https://www.atptour.com/en/rankings/singles?dateWeek=2025-09-22&rankRange=0-5000,2026-03-22T00:42:20Z
atp,2025-09-22,B0M0,L. Branger,Liam Branger,1159,9,https://www.atptour.com/en/rankings/singles?dateWeek=2025-09-22&rankRange=0-5000,2026-03-22T00:42:20Z
atp,2025-09-22,A0KU,E. Aguiard,Enzo Aguiard,1160,9,https://www.atptour.com/en/rankings/singles?dateWeek=2025-09-22&rankRange=0-5000,2026-03-22T00:42:20Z
atp,2025-09-22,P0MI,S. Paardekooper,Stijn Paardekooper,1161,9,https://www.atptour.com/en/rankings/singles?dateWeek=2025-09-22&rankRange=0-5000,2026-03-22T00:42:20Z
atp,2025-09-22,B0C3,S. Beaupain,Simon Beaupain,1162,9,https://www.atptour.com/en/rankings/singles?dateWeek=2025-09-22&rankRange=0-5000,2026-03-22T00:42:20Z
atp,2025-09-22,P0LN,M. Plunger,Manuel Plunger,1163,9,https://www.atptour.com/en/rankings/singles?dateWeek=2025-09-22&rankRange=0-5000,2026-03-22T00:42:20Z
atp,2025-09-22,K0JS,P. Kumar,Pranav Kumar,1164,9,https://www.atptour.com/en/rankings/singles?dateWeek=2025-09-22&rankRange=0-5000,2026-03-22T00:42:20Z
atp,2025-09-22,R0K9,C. Robertson,Charlie Robertson,1165,9,https://www.atptour.com/en/rankings/singles?dateWeek=2025-09-22&rankRange=0-5000,2026-03-22T00:42:20Z
atp,2025-09-22,G0O5,I. Gretskiy,Ivan Gretskiy,1166,9,https://www.atptour.com/en/rankings/singles?dateWeek=2025-09-22&rankRange=0-5000,2026-03-22T00:42:20Z
atp,2025-09-22,M0W0,M. Molder,Markus Molder,1169,9,https://www.atptour.com/en/rankings/singles?dateWeek=2025-09-22&rankRange=0-5000,2026-03-22T00:42:20Z
atp,2025-09-22,B0C4,C. Bertimon,Charles Bertimon,1170,9,https://www.atptour.com/en/rankings/singles?dateWeek=2025-09-22&rankRange=0-5000,2026-03-22T00:42:20Z
atp,2025-09-22,K0J9,Y. Kelm,Yannik Kelm,1171,9,https://www.atptour.com/en/rankings/singles?dateWeek=2025-09-22&rankRange=0-5000,2026-03-22T00:42:20Z
atp,2025-09-22,B0LS,A. Bonnaud,Arthur Bonnaud,1172,9,https://www.atptour.com/en/rankings/singles?dateWeek=2025-09-22&rankRange=0-5000,2026-03-22T00:42:20Z
atp,2025-09-22,I416,Y. Inui,Yuichiro Inui,1173,9,https://www.atptour.com/en/rankings/singles?dateWeek=2025-09-22&rankRange=0-5000,2026-03-22T00:42:20Z
atp,2025-09-22,S0VZ,S. Seghetti,Samuele Seghetti,1174,9,https://www.atptour.com/en/rankings/singles?dateWeek=2025-09-22&rankRange=0-5000,2026-03-22T00:42:20Z
atp,2025-09-22,G0Q1,V. Gogineni,Vignesh Gogineni,1175,8,https://www.atptour.com/en/rankings/singles?dateWeek=2025-09-22&rankRange=0-5000,2026-03-22T00:42:20Z
atp,2025-09-22,E858,F. Egea,Franco Emanuel Egea,1178,8,https://www.atptour.com/en/rankings/singles?dateWeek=2025-09-22&rankRange=0-5000,2026-03-22T00:42:20Z
atp,2025-09-22,B0T6,T. Boogaard,Thijs Boogaard,1179,8,https://www.atptour.com/en/rankings/singles?dateWeek=2025-09-22&rankRange=0-5000,2026-03-22T00:42:20Z
atp,2025-09-22,D0HX,D. Dietrich,Dylan Dietrich,1180,8,https://www.atptour.com/en/rankings/singles?dateWeek=2025-09-22&rankRange=0-5000,2026-03-22T00:42:20Z
atp,2025-09-22,L0ER,T. Legout,Timo Legout,1181,8,https://www.atptour.com/en/rankings/singles?dateWeek=2025-09-22&rankRange=0-5000,2026-03-22T00:42:20Z
atp,2025-09-22,CL82,D. Cukierman,Daniel Cukierman,1182,8,https://www.atptour.com/en/rankings/singles?dateWeek=2025-09-22&rankRange=0-5000,2026-03-22T00:42:20Z
atp,2025-09-22,K0EL,A. Kotzen,Alexander Kotzen,1183,8,https://www.atptour.com/en/rankings/singles?dateWeek=2025-09-22&rankRange=0-5000,2026-03-22T00:42:20Z
atp,2025-09-22,K0NP,J. Kennedy,Jack Kennedy,1184,8,https://www.atptour.com/en/rankings/singles?dateWeek=2025-09-22&rankRange=0-5000,2026-03-22T00:42:20Z
atp,2025-09-22,C0GW,S. Choo,Suk Hyun Choo,1185,8,https://www.atptour.com/en/rankings/singles?dateWeek=2025-09-22&rankRange=0-5000,2026-03-22T00:42:20Z
atp,2025-09-22,S0Z6,A. Stater,Alexander Stater,1186,8,https://www.atptour.com/en/rankings/singles?dateWeek=2025-09-22&rankRange=0-5000,2026-03-22T00:42:20Z
atp,2025-09-22,T0HM,V. Tonejc,Vito Tonejc,1189,8,https://www.atptour.com/en/rankings/singles?dateWeek=2025-09-22&rankRange=0-5000,2026-03-22T00:42:20Z
atp,2025-09-22,C0NX,S. Cho,Seongwoo Cho,1192,8,https://www.atptour.com/en/rankings/singles?dateWeek=2025-09-22&rankRange=0-5000,2026-03-22T00:42:20Z
atp,2025-09-22,P0B6,S. Polukhin,Savva Polukhin,1193,8,https://www.atptour.com/en/rankings/singles?dateWeek=2025-09-22&rankRange=0-5000,2026-03-22T00:42:20Z
atp,2025-09-22,B0QK,L. Beraldo,Lorenzo Beraldo,1194,8,https://www.atptour.com/en/rankings/singles?dateWeek=2025-09-22&rankRange=0-5000,2026-03-22T00:42:20Z
atp,2025-09-22,PM12,N. Parizzia,Nicolas Parizzia,1195,8,https://www.atptour.com/en/rankings/singles?dateWeek=2025-09-22&rankRange=0-5000,2026-03-22T00:42:20Z
atp,2025-09-22,FC00,A. Fernandez Canovas,Andres Fernandez Canovas,1196,8,https://www.atptour.com/en/rankings/singles?dateWeek=2025-09-22&rankRange=0-5000,2026-03-22T00:42:20Z
atp,2025-09-22,G0KQ,R. Guna,Robert Guna,1197,8,https://www.atptour.com/en/rankings/singles?dateWeek=2025-09-22&rankRange=0-5000,2026-03-22T00:42:20Z
atp,2025-09-22,S09B,M. Scaglia,Mathieu Scaglia,1198,8,https://www.atptour.com/en/rankings/singles?dateWeek=2025-09-22&rankRange=0-5000,2026-03-22T00:42:20Z
atp,2025-09-22,H0D1,A. Heinonen,Adam Heinonen,1199,8,https://www.atptour.com/en/rankings/singles?dateWeek=2025-09-22&rankRange=0-5000,2026-03-22T00:42:20Z
atp,2025-09-22,B0W9,N. Barsukov,Nikolai Barsukov,1200,8,https://www.atptour.com/en/rankings/singles?dateWeek=2025-09-22&rankRange=0-5000,2026-03-22T00:42:20Z
atp,2025-09-22,PM28,J. Peck,Joshua Peck,1201,8,https://www.atptour.com/en/rankings/singles?dateWeek=2025-09-22&rankRange=0-5000,2026-03-22T00:42:20Z
atp,2025-09-22,F0I5,V. Frydrych,Viktor Frydrych,1202,8,https://www.atptour.com/en/rankings/singles?dateWeek=2025-09-22&rankRange=0-5000,2026-03-22T00:42:20Z
atp,2025-09-22,HH01,B. Hannestad,Benjamin Hannestad,1205,8,https://www.atptour.com/en/rankings/singles?dateWeek=2025-09-22&rankRange=0-5000,2026-03-22T00:42:20Z
atp,2025-09-22,S0GM,D. Salazar,Daniel Salazar,1206,8,https://www.atptour.com/en/rankings/singles?dateWeek=2025-09-22&rankRange=0-5000,2026-03-22T00:42:20Z
atp,2025-09-22,T0HS,P. Trochu,Pablo Trochu,1207,8,https://www.atptour.com/en/rankings/singles?dateWeek=2025-09-22&rankRange=0-5000,2026-03-22T00:42:20Z
atp,2025-09-22,K0HE,I. Kountourakis,Ioannis Kountourakis,1208,8,https://www.atptour.com/en/rankings/singles?dateWeek=2025-09-22&rankRange=0-5000,2026-03-22T00:42:20Z
atp,2025-09-22,S1BV,B. Suarez,Billy Suarez,1209,8,https://www.atptour.com/en/rankings/singles?dateWeek=2025-09-22&rankRange=0-5000,2026-03-22T00:42:20Z
atp,2025-09-22,I0B3,K. Ibrahim,Karim Ibrahim,1210,8,https://www.atptour.com/en/rankings/singles?dateWeek=2025-09-22&rankRange=0-5000,2026-03-22T00:42:20Z
atp,2025-09-22,H0CE,P. Hjorth,Philip Hjorth,1211,8,https://www.atptour.com/en/rankings/singles?dateWeek=2025-09-22&rankRange=0-5000,2026-03-22T00:42:20Z
atp,2025-09-22,T0DN,N. Thurner,Noah Thurner,1212,8,https://www.atptour.com/en/rankings/singles?dateWeek=2025-09-22&rankRange=0-5000,2026-03-22T00:42:20Z
atp,2025-09-22,S0NY,G. Saritas,Gokberk Saritas,1213,8,https://www.atptour.com/en/rankings/singles?dateWeek=2025-09-22&rankRange=0-5000,2026-03-22T00:42:20Z
atp,2025-09-22,R0KE,C. Rolland De Ravel,Cosme Rolland De Ravel,1214,7,https://www.atptour.com/en/rankings/singles?dateWeek=2025-09-22&rankRange=0-5000,2026-03-22T00:42:20Z
atp,2025-09-22,M19T,J. Mackenzie,Jamie Mackenzie,1215,7,https://www.atptour.com/en/rankings/singles?dateWeek=2025-09-22&rankRange=0-5000,2026-03-22T00:42:20Z
atp,2025-09-22,H0AG,R. Ho,Ray Ho,1216,7,https://www.atptour.com/en/rankings/singles?dateWeek=2025-09-22&rankRange=0-5000,2026-03-22T00:42:20Z
atp,2025-09-22,R0LR,N. Ratiu,Niels Ratiu,1217,7,https://www.atptour.com/en/rankings/singles?dateWeek=2025-09-22&rankRange=0-5000,2026-03-22T00:42:20Z
atp,2025-09-22,C0Q6,A. Chang,Alex Chang,1218,7,https://www.atptour.com/en/rankings/singles?dateWeek=2025-09-22&rankRange=0-5000,2026-03-22T00:42:20Z
atp,2025-09-22,N0DY,F. Nidunjianzan,Fnu Nidunjianzan,1221,7,https://www.atptour.com/en/rankings/singles?dateWeek=2025-09-22&rankRange=0-5000,2026-03-22T00:42:20Z
atp,2025-09-22,F0HB,R. Fernandes,Rodrigo Fernandes,1222,7,https://www.atptour.com/en/rankings/singles?dateWeek=2025-09-22&rankRange=0-5000,2026-03-22T00:42:20Z
atp,2025-09-22,K0DV,G. Kim,Geun Jun Kim,1223,7,https://www.atptour.com/en/rankings/singles?dateWeek=2025-09-22&rankRange=0-5000,2026-03-22T00:42:20Z
atp,2025-09-22,J0CT,W. Jansen,William Jansen,1224,7,https://www.atptour.com/en/rankings/singles?dateWeek=2025-09-22&rankRange=0-5000,2026-03-22T00:42:20Z
atp,2025-09-22,L0C6,S. Latinovic,Stefan Latinovic,1227,7,https://www.atptour.com/en/rankings/singles?dateWeek=2025-09-22&rankRange=0-5000,2026-03-22T00:42:20Z
atp,2025-09-22,BP44,G. Brymer,Gage Brymer,1230,7,https://www.atptour.com/en/rankings/singles?dateWeek=2025-09-22&rankRange=0-5000,2026-03-22T00:42:20Z
atp,2025-09-22,K0IR,L. Krall,Liam Krall,1231,7,https://www.atptour.com/en/rankings/singles?dateWeek=2025-09-22&rankRange=0-5000,2026-03-22T00:42:20Z
atp,2025-09-22,A0LW,F. Alberti,Filippo Alberti,1232,7,https://www.atptour.com/en/rankings/singles?dateWeek=2025-09-22&rankRange=0-5000,2026-03-22T00:42:20Z
atp,2025-09-22,LE38,N. Lootsma,Niels Lootsma,1233,7,https://www.atptour.com/en/rankings/singles?dateWeek=2025-09-22&rankRange=0-5000,2026-03-22T00:42:20Z
atp,2025-09-22,J0A6,S. Jones,Scott Jones,1234,7,https://www.atptour.com/en/rankings/singles?dateWeek=2025-09-22&rankRange=0-5000,2026-03-22T00:42:20Z
atp,2025-09-22,H0I8,G. Hornung,Gabor Hornung,1235,7,https://www.atptour.com/en/rankings/singles?dateWeek=2025-09-22&rankRange=0-5000,2026-03-22T00:42:20Z
atp,2025-09-22,C0H5,J. Cundom,Julian Cundom,1238,7,https://www.atptour.com/en/rankings/singles?dateWeek=2025-09-22&rankRange=0-5000,2026-03-22T00:42:20Z
atp,2025-09-22,SF41,A. Setkic,Aldin Setkic,1239,7,https://www.atptour.com/en/rankings/singles?dateWeek=2025-09-22&rankRange=0-5000,2026-03-22T00:42:20Z
atp,2025-09-22,C0JU,E. Camargo Lima,Enzo Camargo Lima,1240,7,https://www.atptour.com/en/rankings/singles?dateWeek=2025-09-22&rankRange=0-5000,2026-03-22T00:42:20Z
atp,2025-09-22,O0E7,A. Omarkhanov,Amir Omarkhanov,1241,7,https://www.atptour.com/en/rankings/singles?dateWeek=2025-09-22&rankRange=0-5000,2026-03-22T00:42:20Z
atp,2025-09-22,D0LK,P. De Lange,Pieter De Lange,1242,7,https://www.atptour.com/en/rankings/singles?dateWeek=2025-09-22&rankRange=0-5000,2026-03-22T00:42:20Z
atp,2025-09-22,P0NT,P. Pinter,Piet Luis Pinter,1247,7,https://www.atptour.com/en/rankings/singles?dateWeek=2025-09-22&rankRange=0-5000,2026-03-22T00:42:20Z
atp,2025-09-22,B0RN,K. Bonsach Ganley,Kane Bonsach Ganley,1248,7,https://www.atptour.com/en/rankings/singles?dateWeek=2025-09-22&rankRange=0-5000,2026-03-22T00:42:20Z
atp,2025-09-22,C0R1,L. Cattaneo,Leonardo Cattaneo,1251,7,https://www.atptour.com/en/rankings/singles?dateWeek=2025-09-22&rankRange=0-5000,2026-03-22T00:42:20Z
atp,2025-09-22,N0FH,Y. Nandal,Yuvan Nandal,1252,7,https://www.atptour.com/en/rankings/singles?dateWeek=2025-09-22&rankRange=0-5000,2026-03-22T00:42:20Z
atp,2025-09-22,S1AP,T. Stringer,Tristan Stringer,1253,7,https://www.atptour.com/en/rankings/singles?dateWeek=2025-09-22&rankRange=0-5000,2026-03-22T00:42:20Z
atp,2025-09-22,W0BR,N. Waldner,Niklas Waldner,1254,7,https://www.atptour.com/en/rankings/singles?dateWeek=2025-09-22&rankRange=0-5000,2026-03-22T00:42:20Z
atp,2025-09-22,KI91,K. Kirci,Koray Kirci,1255,7,https://www.atptour.com/en/rankings/singles?dateWeek=2025-09-22&rankRange=0-5000,2026-03-22T00:42:20Z
atp,2025-09-22,H0I7,N. Hipfl,Nico Hipfl,1256,7,https://www.atptour.com/en/rankings/singles?dateWeek=2025-09-22&rankRange=0-5000,2026-03-22T00:42:20Z
atp,2025-09-22,B0VT,J. Bianchi,Juan Jose Bianchi,1257,7,https://www.atptour.com/en/rankings/singles?dateWeek=2025-09-22&rankRange=0-5000,2026-03-22T00:42:20Z
atp,2025-09-22,O498,I. Okamura,Issei Okamura,1258,7,https://www.atptour.com/en/rankings/singles?dateWeek=2025-09-22&rankRange=0-5000,2026-03-22T00:42:20Z
atp,2025-09-22,J0ED,N. Jovic,Nikola Jovic,1259,7,https://www.atptour.com/en/rankings/singles?dateWeek=2025-09-22&rankRange=0-5000,2026-03-22T00:42:20Z
atp,2025-09-22,F0FB,M. Figl,Maximilian Figl,1260,7,https://www.atptour.com/en/rankings/singles?dateWeek=2025-09-22&rankRange=0-5000,2026-03-22T00:42:20Z
atp,2025-09-22,F0GO,S. Fita Juan,Sergi Fita Juan,1261,7,https://www.atptour.com/en/rankings/singles?dateWeek=2025-09-22&rankRange=0-5000,2026-03-22T00:42:20Z
atp,2025-09-22,BM09,L. Bataljin,Lawrence Bataljin,1262,7,https://www.atptour.com/en/rankings/singles?dateWeek=2025-09-22&rankRange=0-5000,2026-03-22T00:42:20Z
atp,2025-09-22,L0KR,M. Lazaro Juncadella,Manel Lazaro Juncadella,1263,7,https://www.atptour.com/en/rankings/singles?dateWeek=2025-09-22&rankRange=0-5000,2026-03-22T00:42:20Z
atp,2025-09-22,T0J8,Y. Tomida,Yuta Tomida,1264,7,https://www.atptour.com/en/rankings/singles?dateWeek=2025-09-22&rankRange=0-5000,2026-03-22T00:42:20Z
atp,2025-09-22,SY72,R. Stalder,Reese Stalder,1265,6,https://www.atptour.com/en/rankings/singles?dateWeek=2025-09-22&rankRange=0-5000,2026-03-22T00:42:20Z
atp,2025-09-22,PD07,V. Pospisil,Vasek Pospisil,1266,6,https://www.atptour.com/en/rankings/singles?dateWeek=2025-09-22&rankRange=0-5000,2026-03-22T00:42:20Z
atp,2025-09-22,R0M6,L. Raquin,Leo Raquin,1267,6,https://www.atptour.com/en/rankings/singles?dateWeek=2025-09-22&rankRange=0-5000,2026-03-22T00:42:20Z
atp,2025-09-22,N0DR,B. Nakashima,Bryce Nakashima,1268,6,https://www.atptour.com/en/rankings/singles?dateWeek=2025-09-22&rankRange=0-5000,2026-03-22T00:42:20Z
atp,2025-09-22,RA51,B. Rola,Blaz Rola,1269,6,https://www.atptour.com/en/rankings/singles?dateWeek=2025-09-22&rankRange=0-5000,2026-03-22T00:42:20Z
atp,2025-09-22,Z0CE,N. Zamora,Noah Zamora,1270,6,https://www.atptour.com/en/rankings/singles?dateWeek=2025-09-22&rankRange=0-5000,2026-03-22T00:42:20Z
atp,2025-09-22,G0M2,F. Gustafsson,Filip Gustafsson,1271,6,https://www.atptour.com/en/rankings/singles?dateWeek=2025-09-22&rankRange=0-5000,2026-03-22T00:42:20Z
atp,2025-09-22,L0MB,J. Leach,Jagger Leach,1272,6,https://www.atptour.com/en/rankings/singles?dateWeek=2025-09-22&rankRange=0-5000,2026-03-22T00:42:20Z
atp,2025-09-22,B0DQ,S. Brosset,Samuel Brosset,1273,6,https://www.atptour.com/en/rankings/singles?dateWeek=2025-09-22&rankRange=0-5000,2026-03-22T00:42:20Z
atp,2025-09-22,N0DH,N. Novakovic,Novak Novakovic,1274,6,https://www.atptour.com/en/rankings/singles?dateWeek=2025-09-22&rankRange=0-5000,2026-03-22T00:42:20Z
atp,2025-09-22,E0CI,S. Eriksson,Sebastian Eriksson,1277,6,https://www.atptour.com/en/rankings/singles?dateWeek=2025-09-22&rankRange=0-5000,2026-03-22T00:42:20Z
atp,2025-09-22,J0EI,A. Jilly,Adam Jilly,1280,6,https://www.atptour.com/en/rankings/singles?dateWeek=2025-09-22&rankRange=0-5000,2026-03-22T00:42:20Z
atp,2025-09-22,MW37,N. Muamba,Nicaise Muamba,1281,6,https://www.atptour.com/en/rankings/singles?dateWeek=2025-09-22&rankRange=0-5000,2026-03-22T00:42:20Z
atp,2025-09-22,C0JR,I. Chirita,Ioan Alexandru Chirita,1282,6,https://www.atptour.com/en/rankings/singles?dateWeek=2025-09-22&rankRange=0-5000,2026-03-22T00:42:20Z
atp,2025-09-22,K0BI,B. Kumaran,Bharath Nishok Kumaran,1285,6,https://www.atptour.com/en/rankings/singles?dateWeek=2025-09-22&rankRange=0-5000,2026-03-22T00:42:20Z
atp,2025-09-22,L0IO,L. Larue,Louis Larue,1293,6,https://www.atptour.com/en/rankings/singles?dateWeek=2025-09-22&rankRange=0-5000,2026-03-22T00:42:20Z
atp,2025-09-22,B0EZ,I. Becerra Otarola,Ignacio Antonio Becerra Otarola,1294,6,https://www.atptour.com/en/rankings/singles?dateWeek=2025-09-22&rankRange=0-5000,2026-03-22T00:42:20Z
atp,2025-09-22,G0MB,O. Grzegorzewski,Oskar Grzegorzewski,1295,6,https://www.atptour.com/en/rankings/singles?dateWeek=2025-09-22&rankRange=0-5000,2026-03-22T00:42:20Z
atp,2025-09-22,L0E5,J. Lee,Junhyeon Lee,1296,6,https://www.atptour.com/en/rankings/singles?dateWeek=2025-09-22&rankRange=0-5000,2026-03-22T00:42:20Z
atp,2025-09-22,Z0BY,N. Zanellato,Nicolas Zanellato,1299,6,https://www.atptour.com/en/rankings/singles?dateWeek=2025-09-22&rankRange=0-5000,2026-03-22T00:42:20Z
atp,2025-09-22,F0E0,R. Falck,Reece Falck,1303,6,https://www.atptour.com/en/rankings/singles?dateWeek=2025-09-22&rankRange=0-5000,2026-03-22T00:42:20Z
atp,2025-09-22,C0LG,M. Castañeda,Mateo Castañeda,1304,6,https://www.atptour.com/en/rankings/singles?dateWeek=2025-09-22&rankRange=0-5000,2026-03-22T00:42:20Z
atp,2025-09-22,V948,D. Van Orderlain,Drew Van Orderlain,1311,6,https://www.atptour.com/en/rankings/singles?dateWeek=2025-09-22&rankRange=0-5000,2026-03-22T00:42:20Z
atp,2025-09-22,N0F3,L. Namigandet Tenguere,Loic Namigandet Tenguere,1312,6,https://www.atptour.com/en/rankings/singles?dateWeek=2025-09-22&rankRange=0-5000,2026-03-22T00:42:20Z
atp,2025-09-22,B0G4,G. Bosio,Gabriele Bosio,1313,6,https://www.atptour.com/en/rankings/singles?dateWeek=2025-09-22&rankRange=0-5000,2026-03-22T00:42:20Z
atp,2025-09-22,V0ET,M. Vasiliauskas,Matas Vasiliauskas,1314,6,https://www.atptour.com/en/rankings/singles?dateWeek=2025-09-22&rankRange=0-5000,2026-03-22T00:42:20Z
atp,2025-09-22,FB59,F. Ferrari,Francesco Ferrari,1315,6,https://www.atptour.com/en/rankings/singles?dateWeek=2025-09-22&rankRange=0-5000,2026-03-22T00:42:20Z
atp,2025-09-22,C0I5,C. Crowther,Corban Crowther,1318,6,https://www.atptour.com/en/rankings/singles?dateWeek=2025-09-22&rankRange=0-5000,2026-03-22T00:42:20Z
atp,2025-09-22,E678,J. Eysseric,Jonathan Eysseric,1319,5,https://www.atptour.com/en/rankings/singles?dateWeek=2025-09-22&rankRange=0-5000,2026-03-22T00:42:20Z
atp,2025-09-22,M0CY,S. Montsi,Siphosothando Montsi,1320,5,https://www.atptour.com/en/rankings/singles?dateWeek=2025-09-22&rankRange=0-5000,2026-03-22T00:42:20Z
atp,2025-09-22,S0N4,D. Salton,Dylan Salton,1324,5,https://www.atptour.com/en/rankings/singles?dateWeek=2025-09-22&rankRange=0-5000,2026-03-22T00:42:20Z
atp,2025-09-22,K0GE,L. Koenig,Luc Koenig,1325,5,https://www.atptour.com/en/rankings/singles?dateWeek=2025-09-22&rankRange=0-5000,2026-03-22T00:42:20Z
atp,2025-09-22,G0C4,A. Gurmendi,Alexis Gurmendi,1334,5,https://www.atptour.com/en/rankings/singles?dateWeek=2025-09-22&rankRange=0-5000,2026-03-22T00:42:20Z
atp,2025-09-22,V0EV,A. Vasquez,Alessio Vasquez,1338,5,https://www.atptour.com/en/rankings/singles?dateWeek=2025-09-22&rankRange=0-5000,2026-03-22T00:42:20Z
atp,2025-09-22,RD58,D. Recek,Dominik Recek,1339,5,https://www.atptour.com/en/rankings/singles?dateWeek=2025-09-22&rankRange=0-5000,2026-03-22T00:42:20Z
atp,2025-09-22,B0QD,N. Barki,Nathan Anthony Barki,1348,5,https://www.atptour.com/en/rankings/singles?dateWeek=2025-09-22&rankRange=0-5000,2026-03-22T00:42:20Z
atp,2025-09-22,L0M6,L. Liu,Lucca Liu,1351,5,https://www.atptour.com/en/rankings/singles?dateWeek=2025-09-22&rankRange=0-5000,2026-03-22T00:42:20Z
atp,2025-09-22,PL69,K. Pearson,Kody Pearson,1354,5,https://www.atptour.com/en/rankings/singles?dateWeek=2025-09-22&rankRange=0-5000,2026-03-22T00:42:20Z
atp,2025-09-22,E0DX,D. Eichenseher,David Eichenseher,1355,5,https://www.atptour.com/en/rankings/singles?dateWeek=2025-09-22&rankRange=0-5000,2026-03-22T00:42:20Z
atp,2025-09-22,G0M3,A. Gil Garcia,Aaron Gil Garcia,1360,5,https://www.atptour.com/en/rankings/singles?dateWeek=2025-09-22&rankRange=0-5000,2026-03-22T00:42:20Z
atp,2025-09-22,M0V5,M. Majdandzic,Marc Majdandzic,1361,5,https://www.atptour.com/en/rankings/singles?dateWeek=2025-09-22&rankRange=0-5000,2026-03-22T00:42:20Z
atp,2025-09-22,P0HL,P. Pampanin,Pietro Pampanin,1365,5,https://www.atptour.com/en/rankings/singles?dateWeek=2025-09-22&rankRange=0-5000,2026-03-22T00:42:20Z
atp,2025-09-22,V0HM,G. Vulpitta,Gabriele Vulpitta,1366,5,https://www.atptour.com/en/rankings/singles?dateWeek=2025-09-22&rankRange=0-5000,2026-03-22T00:42:20Z
atp,2025-09-22,K0JM,V. Konovchuk,Vadym Konovchuk,1377,5,https://www.atptour.com/en/rankings/singles?dateWeek=2025-09-22&rankRange=0-5000,2026-03-22T00:42:20Z
atp,2025-09-22,C0H9,C. Chaiyarin,Credit Chaiyarin,1380,5,https://www.atptour.com/en/rankings/singles?dateWeek=2025-09-22&rankRange=0-5000,2026-03-22T00:42:20Z
atp,2025-09-22,D0C3,Z. Dong,Zhenxiong Dong,1381,5,https://www.atptour.com/en/rankings/singles?dateWeek=2025-09-22&rankRange=0-5000,2026-03-22T00:42:20Z
atp,2025-09-22,GK07,J. Graca,Joao Graca,1382,5,https://www.atptour.com/en/rankings/singles?dateWeek=2025-09-22&rankRange=0-5000,2026-03-22T00:42:20Z
atp,2025-09-22,S0KH,J. Schifris,Jeremy Schifris,1383,5,https://www.atptour.com/en/rankings/singles?dateWeek=2025-09-22&rankRange=0-5000,2026-03-22T00:42:20Z
atp,2025-09-22,K0IV,M. Kudernatsch,Moritz Kudernatsch,1401,4,https://www.atptour.com/en/rankings/singles?dateWeek=2025-09-22&rankRange=0-5000,2026-03-22T00:42:20Z
atp,2025-09-22,L0FZ,V. Leote Prata,Vasco Leote Prata,1425,4,https://www.atptour.com/en/rankings/singles?dateWeek=2025-09-22&rankRange=0-5000,2026-03-22T00:42:20Z
atp,2025-09-22,S0TT,P. Stearns,Preston Stearns,1426,4,https://www.atptour.com/en/rankings/singles?dateWeek=2025-09-22&rankRange=0-5000,2026-03-22T00:42:20Z
atp,2025-09-22,Z246,M. Zekic,Miljan Zekic,1437,4,https://www.atptour.com/en/rankings/singles?dateWeek=2025-09-22&rankRange=0-5000,2026-03-22T00:42:20Z
atp,2025-09-22,C0PW,Y. Chen,Yan Cheng Chen,1438,4,https://www.atptour.com/en/rankings/singles?dateWeek=2025-09-22&rankRange=0-5000,2026-03-22T00:42:20Z
atp,2025-09-22,S0NT,A. Shepp,Anton Shepp,1445,4,https://www.atptour.com/en/rankings/singles?dateWeek=2025-09-22&rankRange=0-5000,2026-03-22T00:42:20Z
atp,2025-09-22,B0VY,A. Bellegy,Arthur Bellegy,1446,4,https://www.atptour.com/en/rankings/singles?dateWeek=2025-09-22&rankRange=0-5000,2026-03-22T00:42:20Z
atp,2025-09-22,V0J6,M. Visser,Mac Visser,1447,4,https://www.atptour.com/en/rankings/singles?dateWeek=2025-09-22&rankRange=0-5000,2026-03-22T00:42:20Z
atp,2025-09-22,D0CQ,J. De Cuyper,Julien De Cuyper,1456,4,https://www.atptour.com/en/rankings/singles?dateWeek=2025-09-22&rankRange=0-5000,2026-03-22T00:42:20Z
atp,2025-09-22,D0C2,D. Donders,Dax Donders,1466,4,https://www.atptour.com/en/rankings/singles?dateWeek=2025-09-22&rankRange=0-5000,2026-03-22T00:42:20Z
atp,2025-09-22,B0RD,J. Beaven,James Beaven,1475,4,https://www.atptour.com/en/rankings/singles?dateWeek=2025-09-22&rankRange=0-5000,2026-03-22T00:42:20Z
atp,2025-09-22,C0MO,G. Crisostomo,Giacomo Crisostomo,1478,4,https://www.atptour.com/en/rankings/singles?dateWeek=2025-09-22&rankRange=0-5000,2026-03-22T00:42:20Z
atp,2025-09-22,D0J9,L. Deflandre,Leo Deflandre,1490,4,https://www.atptour.com/en/rankings/singles?dateWeek=2025-09-22&rankRange=0-5000,2026-03-22T00:42:20Z
atp,2025-09-22,F0GU,M. Fondriest,Matteo Fondriest,1491,4,https://www.atptour.com/en/rankings/singles?dateWeek=2025-09-22&rankRange=0-5000,2026-03-22T00:42:20Z
atp,2025-09-22,C0KE,M. Coman,Mihai Alexandru Coman,1495,4,https://www.atptour.com/en/rankings/singles?dateWeek=2025-09-22&rankRange=0-5000,2026-03-22T00:42:20Z
atp,2025-09-22,M0UQ,F. Mazzola,Filippo Mazzola,1496,4,https://www.atptour.com/en/rankings/singles?dateWeek=2025-09-22&rankRange=0-5000,2026-03-22T00:42:20Z
atp,2025-09-22,C0OI,C. Cordoba,Carles Cordoba,1497,4,https://www.atptour.com/en/rankings/singles?dateWeek=2025-09-22&rankRange=0-5000,2026-03-22T00:42:20Z
atp,2025-09-22,G0CI,N. Guttau,Niklas Guttau,1518,3,https://www.atptour.com/en/rankings/singles?dateWeek=2025-09-22&rankRange=0-5000,2026-03-22T00:42:20Z
atp,2025-09-22,F0I8,M. Forbes,Matthew Forbes,1551,3,https://www.atptour.com/en/rankings/singles?dateWeek=2025-09-22&rankRange=0-5000,2026-03-22T00:42:20Z
atp,2025-09-22,P0O3,Y. Park,Yong Joon Park,1585,3,https://www.atptour.com/en/rankings/singles?dateWeek=2025-09-22&rankRange=0-5000,2026-03-22T00:42:20Z
atp,2025-09-22,J0F8,S. Jorgensen,Sebastian Grundtvig Jorgensen,1593,3,https://www.atptour.com/en/rankings/singles?dateWeek=2025-09-22&rankRange=0-5000,2026-03-22T00:42:20Z
atp,2025-09-22,K0H9,R. Kis Balazs,Rafael Kis Balazs,1599,3,https://www.atptour.com/en/rankings/singles?dateWeek=2025-09-22&rankRange=0-5000,2026-03-22T00:42:20Z
atp,2025-09-22,K0M7,D. Khazime,Daniel Khazime,1624,3,https://www.atptour.com/en/rankings/singles?dateWeek=2025-09-22&rankRange=0-5000,2026-03-22T00:42:20Z
atp,2025-09-22,C0DP,J. Court,Jayden Court,1625,3,https://www.atptour.com/en/rankings/singles?dateWeek=2025-09-22&rankRange=0-5000,2026-03-22T00:42:20Z
atp,2025-09-22,S1AC,D. Kopilevich,Dmitry Kopilevich,1626,3,https://www.atptour.com/en/rankings/singles?dateWeek=2025-09-22&rankRange=0-5000,2026-03-22T00:42:20Z
atp,2025-09-22,G0O2,L. Garcia Paez,Luis Garcia Paez,1627,3,https://www.atptour.com/en/rankings/singles?dateWeek=2025-09-22&rankRange=0-5000,2026-03-22T00:42:20Z
atp,2025-09-22,F0DD,M. Furlanetto,Marco Furlanetto,1778,2,https://www.atptour.com/en/rankings/singles?dateWeek=2025-09-22&rankRange=0-5000,2026-03-22T00:42:20Z
atp,2025-09-22,P0ND,E. Pleshivtsev,Egor Pleshivtsev,1800,2,https://www.atptour.com/en/rankings/singles?dateWeek=2025-09-22&rankRange=0-5000,2026-03-22T00:42:20Z
atp,2025-09-22,B0M9,A. Bellifemine,Alessandro Bellifemine,1826,2,https://www.atptour.com/en/rankings/singles?dateWeek=2025-09-22&rankRange=0-5000,2026-03-22T00:42:20Z
atp,2025-09-22,KE85,K. Kawachi,Kazuma Kawachi,2188,1,https://www.atptour.com/en/rankings/singles?dateWeek=2025-09-22&rankRange=0-5000,2026-03-22T00:42:21Z
atp,2025-09-22,A0E2,Carlos Alcaraz,Carlos Alcaraz,1,11540,https://www.atptour.com/en/rankings/singles?dateWeek=2025-09-22&rankRange=0-5000,2026-03-22T00:42:21Z
atp,2025-09-22,S0AG,Jannik Sinner,Jannik Sinner,2,10780,https://www.atptour.com/en/rankings/singles?dateWeek=2025-09-22&rankRange=0-5000,2026-03-22T00:42:21Z
atp,2025-09-22,Z355,Alexander Zverev,Alexander Zverev,3,5930,https://www.atptour.com/en/rankings/singles?dateWeek=2025-09-22&rankRange=0-5000,2026-03-22T00:42:21Z
atp,2025-09-22,D643,Novak Djokovic,Novak Djokovic,4,4830,https://www.atptour.com/en/rankings/singles?dateWeek=2025-09-22&rankRange=0-5000,2026-03-22T00:42:21Z
atp,2025-09-22,FB98,Taylor Fritz,Taylor Fritz,5,4675,https://www.atptour.com/en/rankings/singles?dateWeek=2025-09-22&rankRange=0-5000,2026-03-22T00:42:21Z
atp,2025-09-22,S0S1,Ben Shelton,Ben Shelton,6,4280,https://www.atptour.com/en/rankings/singles?dateWeek=2025-09-22&rankRange=0-5000,2026-03-22T00:42:21Z
atp,2025-09-22,D0CO,Jack Draper,Jack Draper,7,3690,https://www.atptour.com/en/rankings/singles?dateWeek=2025-09-22&rankRange=0-5000,2026-03-22T00:42:21Z
atp,2025-09-22,DH58,Alex de Minaur,Alex De Minaur,8,3545,https://www.atptour.com/en/rankings/singles?dateWeek=2025-09-22&rankRange=0-5000,2026-03-22T00:42:21Z
atp,2025-09-22,M0EJ,Lorenzo Musetti,Lorenzo Musetti,9,3505,https://www.atptour.com/en/rankings/singles?dateWeek=2025-09-22&rankRange=0-5000,2026-03-22T00:42:21Z
atp,2025-09-22,KE29,Karen Khachanov,Karen Khachanov,10,3280,https://www.atptour.com/en/rankings/singles?dateWeek=2025-09-22&rankRange=0-5000,2026-03-22T00:42:21Z
atp,2025-09-22,R0DG,Holger Rune,Holger Rune,11,3090,https://www.atptour.com/en/rankings/singles?dateWeek=2025-09-22&rankRange=0-5000,2026-03-22T00:42:21Z
atp,2025-09-22,RH16,Casper Ruud,Casper Ruud,12,2755,https://www.atptour.com/en/rankings/singles?dateWeek=2025-09-22&rankRange=0-5000,2026-03-22T00:42:21Z
atp,2025-09-22,AG37,Felix Auger-Aliassime,Felix Auger Aliassime,13,2755,https://www.atptour.com/en/rankings/singles?dateWeek=2025-09-22&rankRange=0-5000,2026-03-22T00:42:21Z
atp,2025-09-22,RE44,Andrey Rublev,Andrey Rublev,14,2610,https://www.atptour.com/en/rankings/singles?dateWeek=2025-09-22&rankRange=0-5000,2026-03-22T00:42:21Z
atp,2025-09-22,PL56,Tommy Paul,Tommy Paul,15,2510,https://www.atptour.com/en/rankings/singles?dateWeek=2025-09-22&rankRange=0-5000,2026-03-22T00:42:21Z
atp,2025-09-22,BK92,Alexander Bublik,Alexander Bublik,16,2445,https://www.atptour.com/en/rankings/singles?dateWeek=2025-09-22&rankRange=0-5000,2026-03-22T00:42:21Z
atp,2025-09-22,L0BV,Jiri Lehecka,Jiri Lehecka,17,2415,https://www.atptour.com/en/rankings/singles?dateWeek=2025-09-22&rankRange=0-5000,2026-03-22T00:42:21Z
atp,2025-09-22,MM58,Daniil Medvedev,Daniil Medvedev,18,2410,https://www.atptour.com/en/rankings/singles?dateWeek=2025-09-22&rankRange=0-5000,2026-03-22T00:42:21Z
atp,2025-09-22,M0NI,Jakub Mensik,Jakub Mensik,19,2380,https://www.atptour.com/en/rankings/singles?dateWeek=2025-09-22&rankRange=0-5000,2026-03-22T00:42:21Z
atp,2025-09-22,DH50,Alejandro Davidovich Fokina,Alejandro Davidovich Fokina,20,2225,https://www.atptour.com/en/rankings/singles?dateWeek=2025-09-22&rankRange=0-5000,2026-03-22T00:42:21Z
atp,2025-09-22,C0AU,Francisco Cerundolo,Francisco Cerundolo,21,2135,https://www.atptour.com/en/rankings/singles?dateWeek=2025-09-22&rankRange=0-5000,2026-03-22T00:42:21Z
atp,2025-09-22,M0FH,Tomas Machac,Tomas Machac,22,2110,https://www.atptour.com/en/rankings/singles?dateWeek=2025-09-22&rankRange=0-5000,2026-03-22T00:42:21Z
atp,2025-09-22,F0F1,Arthur Fils,Arthur Fils,23,2070,https://www.atptour.com/en/rankings/singles?dateWeek=2025-09-22&rankRange=0-5000,2026-03-22T00:42:21Z
atp,2025-09-22,HH26,Ugo Humbert,Ugo Humbert,24,2045,https://www.atptour.com/en/rankings/singles?dateWeek=2025-09-22&rankRange=0-5000,2026-03-22T00:42:21Z
atp,2025-09-22,C0E9,Flavio Cobolli,Flavio Cobolli,25,2040,https://www.atptour.com/en/rankings/singles?dateWeek=2025-09-22&rankRange=0-5000,2026-03-22T00:42:21Z
atp,2025-09-22,SU55,Denis Shapovalov,Denis Shapovalov,26,1838,https://www.atptour.com/en/rankings/singles?dateWeek=2025-09-22&rankRange=0-5000,2026-03-22T00:42:21Z
atp,2025-09-22,TE51,Stefanos Tsitsipas,Stefanos Tsitsipas,27,1830,https://www.atptour.com/en/rankings/singles?dateWeek=2025-09-22&rankRange=0-5000,2026-03-22T00:42:21Z
atp,2025-09-22,D875,Grigor Dimitrov,Grigor Dimitrov,28,1645,https://www.atptour.com/en/rankings/singles?dateWeek=2025-09-22&rankRange=0-5000,2026-03-22T00:42:21Z
atp,2025-09-22,TD51,Frances Tiafoe,Frances Tiafoe,29,1640,https://www.atptour.com/en/rankings/singles?dateWeek=2025-09-22&rankRange=0-5000,2026-03-22T00:42:21Z
atp,2025-09-22,D0FJ,Luciano Darderi,Luciano Darderi,30,1584,https://www.atptour.com/en/rankings/singles?dateWeek=2025-09-22&rankRange=0-5000,2026-03-22T00:42:21Z
atp,2025-09-22,GJ37,Tallon Griekspoor,Tallon Griekspoor,31,1565,https://www.atptour.com/en/rankings/singles?dateWeek=2025-09-22&rankRange=0-5000,2026-03-22T00:42:21Z
atp,2025-09-22,M0QI,Alex Michelsen,Alex Michelsen,32,1485,https://www.atptour.com/en/rankings/singles?dateWeek=2025-09-22&rankRange=0-5000,2026-03-22T00:42:21Z
atp,2025-09-22,N0AE,Brandon Nakashima,Brandon Nakashima,33,1420,https://www.atptour.com/en/rankings/singles?dateWeek=2025-09-22&rankRange=0-5000,2026-03-22T00:42:21Z
atp,2025-09-22,N771,Cameron Norrie,Cameron Norrie,34,1397,https://www.atptour.com/en/rankings/singles?dateWeek=2025-09-22&rankRange=0-5000,2026-03-22T00:42:21Z
atp,2025-09-22,D0F6,Gabriel Diallo,Gabriel Diallo,35,1308,https://www.atptour.com/en/rankings/singles?dateWeek=2025-09-22&rankRange=0-5000,2026-03-22T00:42:21Z
atp,2025-09-22,M0GZ,Giovanni Mpetshi Perricard,Giovanni Mpetshi Perricard,36,1275,https://www.atptour.com/en/rankings/singles?dateWeek=2025-09-22&rankRange=0-5000,2026-03-22T00:42:21Z
atp,2025-09-22,MW02,Corentin Moutet,Corentin Moutet,37,1233,https://www.atptour.com/en/rankings/singles?dateWeek=2025-09-22&rankRange=0-5000,2026-03-22T00:42:21Z
atp,2025-09-22,MP20,Alexandre Muller,Alexandre Muller,38,1168,https://www.atptour.com/en/rankings/singles?dateWeek=2025-09-22&rankRange=0-5000,2026-03-22T00:42:21Z
atp,2025-09-22,P09Z,Alexei Popyrin,Alexei Popyrin,39,1140,https://www.atptour.com/en/rankings/singles?dateWeek=2025-09-22&rankRange=0-5000,2026-03-22T00:42:21Z
atp,2025-09-22,MU94,Jaume Munar,Jaume Munar,40,1138,https://www.atptour.com/en/rankings/singles?dateWeek=2025-09-22&rankRange=0-5000,2026-03-22T00:42:21Z
atp,2025-09-22,B0BI,Sebastian Baez,Sebastian Baez,41,1135,https://www.atptour.com/en/rankings/singles?dateWeek=2025-09-22&rankRange=0-5000,2026-03-22T00:42:21Z
atp,2025-09-22,F0FV,Joao Fonseca,Joao Fonseca,42,1129,https://www.atptour.com/en/rankings/singles?dateWeek=2025-09-22&rankRange=0-5000,2026-03-22T00:42:21Z
atp,2025-09-22,U182,Camilo Ugo Carabelli,Camilo Ugo Carabelli,43,1123,https://www.atptour.com/en/rankings/singles?dateWeek=2025-09-22&rankRange=0-5000,2026-03-22T00:42:21Z
atp,2025-09-22,SU87,Lorenzo Sonego,Lorenzo Sonego,44,1105,https://www.atptour.com/en/rankings/singles?dateWeek=2025-09-22&rankRange=0-5000,2026-03-22T00:42:21Z
atp,2025-09-22,BU13,Zizou Bergs,Zizou Bergs,45,1089,https://www.atptour.com/en/rankings/singles?dateWeek=2025-09-22&rankRange=0-5000,2026-03-22T00:42:21Z
atp,2025-09-22,KI95,Miomir Kecmanovic,Miomir Kecmanovic,46,1086,https://www.atptour.com/en/rankings/singles?dateWeek=2025-09-22&rankRange=0-5000,2026-03-22T00:42:21Z
atp,2025-09-22,BM95,Benjamin Bonzi,Benjamin Bonzi,47,1083,https://www.atptour.com/en/rankings/singles?dateWeek=2025-09-22&rankRange=0-5000,2026-03-22T00:42:21Z
atp,2025-09-22,GC88,Marcos Giron,Marcos Giron,48,1040,https://www.atptour.com/en/rankings/singles?dateWeek=2025-09-22&rankRange=0-5000,2026-03-22T00:42:21Z
atp,2025-09-22,BD06,Roberto Bautista Agut,Roberto Bautista Agut,49,1035,https://www.atptour.com/en/rankings/singles?dateWeek=2025-09-22&rankRange=0-5000,2026-03-22T00:42:21Z
atp,2025-09-22,AE14,Daniel Altmaier,Daniel Altmaier,50,1003,https://www.atptour.com/en/rankings/singles?dateWeek=2025-09-22&rankRange=0-5000,2026-03-22T00:42:21Z
atp,2025-09-22,BT72,Nuno Borges,Nuno Borges,51,995,https://www.atptour.com/en/rankings/singles?dateWeek=2025-09-22&rankRange=0-5000,2026-03-22T00:42:21Z
atp,2025-09-22,T0HA,Learner Tien,Learner Tien,52,985,https://www.atptour.com/en/rankings/singles?dateWeek=2025-09-22&rankRange=0-5000,2026-03-22T00:42:21Z
atp,2025-09-22,MC65,Gael Monfils,Gael Monfils,53,975,https://www.atptour.com/en/rankings/singles?dateWeek=2025-09-22&rankRange=0-5000,2026-03-22T00:42:21Z
atp,2025-09-22,RC91,Arthur Rinderknech,Arthur Rinderknech,54,932,https://www.atptour.com/en/rankings/singles?dateWeek=2025-09-22&rankRange=0-5000,2026-03-22T00:42:21Z
atp,2025-09-22,EA24,Tomas Martin Etcheverry,Tomas Martin Etcheverry,55,930,https://www.atptour.com/en/rankings/singles?dateWeek=2025-09-22&rankRange=0-5000,2026-03-22T00:42:21Z
atp,2025-09-22,BK40,Matteo Berrettini,Matteo Berrettini,56,925,https://www.atptour.com/en/rankings/singles?dateWeek=2025-09-22&rankRange=0-5000,2026-03-22T00:42:21Z
atp,2025-09-22,M0CI,Fabian Marozsan,Fabian Marozsan,57,920,https://www.atptour.com/en/rankings/singles?dateWeek=2025-09-22&rankRange=0-5000,2026-03-22T00:42:21Z
atp,2025-09-22,F724,Marton Fucsovics,Marton Fucsovics,58,916,https://www.atptour.com/en/rankings/singles?dateWeek=2025-09-22&rankRange=0-5000,2026-03-22T00:42:21Z
atp,2025-09-22,C0DF,Francisco Comesana,Francisco Comesana,59,912,https://www.atptour.com/en/rankings/singles?dateWeek=2025-09-22&rankRange=0-5000,2026-03-22T00:42:21Z
atp,2025-09-22,ME82,Adrian Mannarino,Adrian Mannarino,60,897,https://www.atptour.com/en/rankings/singles?dateWeek=2025-09-22&rankRange=0-5000,2026-03-22T00:42:21Z
atp,2025-09-22,O522,Reilly Opelka,Reilly Opelka,61,895,https://www.atptour.com/en/rankings/singles?dateWeek=2025-09-22&rankRange=0-5000,2026-03-22T00:42:21Z
atp,2025-09-22,F0BY,Jacob Fearnley,Jacob Fearnley,62,889,https://www.atptour.com/en/rankings/singles?dateWeek=2025-09-22&rankRange=0-5000,2026-03-22T00:42:21Z
atp,2025-09-22,M0JF,Hamad Medjedovic,Hamad Medjedovic,63,883,https://www.atptour.com/en/rankings/singles?dateWeek=2025-09-22&rankRange=0-5000,2026-03-22T00:42:21Z
atp,2025-09-22,B0GG,Mattia Bellucci,Mattia Bellucci,64,869,https://www.atptour.com/en/rankings/singles?dateWeek=2025-09-22&rankRange=0-5000,2026-03-22T00:42:21Z
atp,2025-09-22,MQ75,Kamil Majchrzak,Kamil Majchrzak,65,868,https://www.atptour.com/en/rankings/singles?dateWeek=2025-09-22&rankRange=0-5000,2026-03-22T00:42:21Z
atp,2025-09-22,D923,Damir Dzumhur,Damir Dzumhur,66,868,https://www.atptour.com/en/rankings/singles?dateWeek=2025-09-22&rankRange=0-5000,2026-03-22T00:42:21Z
atp,2025-09-22,K0AZ,Aleksandar Kovacevic,Aleksandar Kovacevic,67,862,https://www.atptour.com/en/rankings/singles?dateWeek=2025-09-22&rankRange=0-5000,2026-03-22T00:42:21Z
atp,2025-09-22,A0GC,Terence Atmane,Terence Atmane,68,839,https://www.atptour.com/en/rankings/singles?dateWeek=2025-09-22&rankRange=0-5000,2026-03-22T00:42:21Z
atp,2025-09-22,HB71,Hubert Hurkacz,Hubert Hurkacz,69,835,https://www.atptour.com/en/rankings/singles?dateWeek=2025-09-22&rankRange=0-5000,2026-03-22T00:42:21Z
atp,2025-09-22,MO44,Pedro Martinez,Pedro Martinez,70,833,https://www.atptour.com/en/rankings/singles?dateWeek=2025-09-22&rankRange=0-5000,2026-03-22T00:42:21Z
atp,2025-09-22,C0C8,Juan Manuel Cerundolo,Juan Manuel Cerundolo,71,829,https://www.atptour.com/en/rankings/singles?dateWeek=2025-09-22&rankRange=0-5000,2026-03-22T00:42:21Z
atp,2025-09-22,TE30,Alejandro Tabilo,Alejandro Tabilo,72,826,https://www.atptour.com/en/rankings/singles?dateWeek=2025-09-22&rankRange=0-5000,2026-03-22T00:42:21Z
atp,2025-09-22,A0FC,Matteo Arnaldi,Matteo Arnaldi,73,825,https://www.atptour.com/en/rankings/singles?dateWeek=2025-09-22&rankRange=0-5000,2026-03-22T00:42:21Z
atp,2025-09-22,K0AH,Sebastian Korda,Sebastian Korda,74,820,https://www.atptour.com/en/rankings/singles?dateWeek=2025-09-22&rankRange=0-5000,2026-03-22T00:42:21Z
atp,2025-09-22,HB64,Quentin Halys,Quentin Halys,75,806,https://www.atptour.com/en/rankings/singles?dateWeek=2025-09-22&rankRange=0-5000,2026-03-22T00:42:21Z
atp,2025-09-22,R0EB,Valentin Royer,Valentin Royer,76,805,https://www.atptour.com/en/rankings/singles?dateWeek=2025-09-22&rankRange=0-5000,2026-03-22T00:42:21Z
atp,2025-09-22,W09E,Adam Walton,Adam Walton,77,803,https://www.atptour.com/en/rankings/singles?dateWeek=2025-09-22&rankRange=0-5000,2026-03-22T00:42:21Z
atp,2025-09-22,TC61,Jordan Thompson,Jordan Thompson,78,795,https://www.atptour.com/en/rankings/singles?dateWeek=2025-09-22&rankRange=0-5000,2026-03-22T00:42:21Z
atp,2025-09-22,D0C1,Jesper de Jong,Jesper De Jong,79,784,https://www.atptour.com/en/rankings/singles?dateWeek=2025-09-22&rankRange=0-5000,2026-03-22T00:42:21Z
atp,2025-09-22,C0H0,Arthur Cazaux,Arthur Cazaux,80,782,https://www.atptour.com/en/rankings/singles?dateWeek=2025-09-22&rankRange=0-5000,2026-03-22T00:42:21Z
atp,2025-09-22,Q02L,Ethan Quinn,Ethan Quinn,81,773,https://www.atptour.com/en/rankings/singles?dateWeek=2025-09-22&rankRange=0-5000,2026-03-22T00:42:21Z
atp,2025-09-22,N0BS,Mariano Navone,Mariano Navone,82,770,https://www.atptour.com/en/rankings/singles?dateWeek=2025-09-22&rankRange=0-5000,2026-03-22T00:42:21Z
atp,2025-09-22,DB63,Laslo Djere,Laslo Djere,83,766,https://www.atptour.com/en/rankings/singles?dateWeek=2025-09-22&rankRange=0-5000,2026-03-22T00:42:21Z
atp,2025-09-22,V812,Botic van de Zandschulp,Botic Van De Zandschulp,84,759,https://www.atptour.com/en/rankings/singles?dateWeek=2025-09-22&rankRange=0-5000,2026-03-22T00:42:21Z
atp,2025-09-22,N0BG,Luca Nardi,Luca Nardi,85,740,https://www.atptour.com/en/rankings/singles?dateWeek=2025-09-22&rankRange=0-5000,2026-03-22T00:42:21Z
atp,2025-09-22,B0CD,Jenson Brooksby,Jenson Brooksby,86,737,https://www.atptour.com/en/rankings/singles?dateWeek=2025-09-22&rankRange=0-5000,2026-03-22T00:42:21Z
atp,2025-09-22,GB88,David Goffin,David Goffin,87,734,https://www.atptour.com/en/rankings/singles?dateWeek=2025-09-22&rankRange=0-5000,2026-03-22T00:42:21Z
atp,2025-09-22,S0H2,Alexander Shevchenko,Alexander Shevchenko,88,727,https://www.atptour.com/en/rankings/singles?dateWeek=2025-09-22&rankRange=0-5000,2026-03-22T00:42:21Z
atp,2025-09-22,Y09V,Yunchaokete Bu,Yunchaokete Bu,89,721,https://www.atptour.com/en/rankings/singles?dateWeek=2025-09-22&rankRange=0-5000,2026-03-22T00:42:21Z
atp,2025-09-22,N0AM,Emilio Nava,Emilio Nava,90,700,https://www.atptour.com/en/rankings/singles?dateWeek=2025-09-22&rankRange=0-5000,2026-03-22T00:42:21Z
atp,2025-09-22,S0GD,Dalibor Svrcina,Dalibor Svrcina,91,691,https://www.atptour.com/en/rankings/singles?dateWeek=2025-09-22&rankRange=0-5000,2026-03-22T00:42:21Z
atp,2025-09-22,KI82,Vit Kopriva,Vit Kopriva,92,679,https://www.atptour.com/en/rankings/singles?dateWeek=2025-09-22&rankRange=0-5000,2026-03-22T00:42:21Z
atp,2025-09-22,C0JP,Raphael Collignon,Raphael Collignon,93,677,https://www.atptour.com/en/rankings/singles?dateWeek=2025-09-22&rankRange=0-5000,2026-03-22T00:42:21Z
atp,2025-09-22,N552,Kei Nishikori,Kei Nishikori,94,675,https://www.atptour.com/en/rankings/singles?dateWeek=2025-09-22&rankRange=0-5000,2026-03-22T00:42:21Z
atp,2025-09-22,V832,Aleksandar Vukic,Aleksandar Vukic,95,668,https://www.atptour.com/en/rankings/singles?dateWeek=2025-09-22&rankRange=0-5000,2026-03-22T00:42:21Z
atp,2025-09-22,MK66,Mackenzie McDonald,Mackenzie Mcdonald,96,667,https://www.atptour.com/en/rankings/singles?dateWeek=2025-09-22&rankRange=0-5000,2026-03-22T00:42:21Z
atp,2025-09-22,C977,Marin Cilic,Marin Cilic,97,664,https://www.atptour.com/en/rankings/singles?dateWeek=2025-09-22&rankRange=0-5000,2026-03-22T00:42:21Z
atp,2025-09-22,M0JZ,Filip Misolic,Filip Misolic,98,663,https://www.atptour.com/en/rankings/singles?dateWeek=2025-09-22&rankRange=0-5000,2026-03-22T00:42:21Z
atp,2025-09-22,T0A1,Thiago Agustin Tirante,Thiago Agustin Tirante,99,660,https://www.atptour.com/en/rankings/singles?dateWeek=2025-09-22&rankRange=0-5000,2026-03-22T00:42:21Z
atp,2025-09-22,S0N0,Tristan Schoolkate,Tristan Schoolkate,100,654,https://www.atptour.com/en/rankings/singles?dateWeek=2025-09-22&rankRange=0-5000,2026-03-22T00:42:21Z
atp,2025-09-22,SX50,Roman Safiullin,Roman Safiullin,101,651,https://www.atptour.com/en/rankings/singles?dateWeek=2025-09-22&rankRange=0-5000,2026-03-22T00:42:21Z
atp,2025-09-22,SL28,Jan-Lennard Struff,Jan Lennard Struff,102,648,https://www.atptour.com/en/rankings/singles?dateWeek=2025-09-22&rankRange=0-5000,2026-03-22T00:42:21Z
atp,2025-09-22,O483,Christopher O'Connell,Christopher O'connell,103,644,https://www.atptour.com/en/rankings/singles?dateWeek=2025-09-22&rankRange=0-5000,2026-03-22T00:42:21Z
atp,2025-09-22,BG23,Nikoloz Basilashvili,Nikoloz Basilashvili,104,617,https://www.atptour.com/en/rankings/singles?dateWeek=2025-09-22&rankRange=0-5000,2026-03-22T00:42:21Z
atp,2025-09-22,G09O,Hugo Gaston,Hugo Gaston,105,613,https://www.atptour.com/en/rankings/singles?dateWeek=2025-09-22&rankRange=0-5000,2026-03-22T00:42:21Z
atp,2025-09-22,M0HU,Shintaro Mochizuki,Shintaro Mochizuki,106,607,https://www.atptour.com/en/rankings/singles?dateWeek=2025-09-22&rankRange=0-5000,2026-03-22T00:42:21Z
atp,2025-09-22,B0NN,Nishesh Basavareddy,Nishesh Basavareddy,107,606,https://www.atptour.com/en/rankings/singles?dateWeek=2025-09-22&rankRange=0-5000,2026-03-22T00:42:21Z
atp,2025-09-22,TE16,Carlos Taberner,Carlos Taberner,108,601,https://www.atptour.com/en/rankings/singles?dateWeek=2025-09-22&rankRange=0-5000,2026-03-22T00:42:21Z
atp,2025-09-22,D994,James Duckworth,James Duckworth,109,600,https://www.atptour.com/en/rankings/singles?dateWeek=2025-09-22&rankRange=0-5000,2026-03-22T00:42:21Z
atp,2025-09-22,CG80,Borna Coric,Borna Coric,110,595,https://www.atptour.com/en/rankings/singles?dateWeek=2025-09-22&rankRange=0-5000,2026-03-22T00:42:21Z
atp,2025-09-22,J551,Nicolas Jarry,Nicolas Jarry,111,586,https://www.atptour.com/en/rankings/singles?dateWeek=2025-09-22&rankRange=0-5000,2026-03-22T00:42:21Z
atp,2025-09-22,H0BH,Rinky Hijikata,Rinky Hijikata,112,571,https://www.atptour.com/en/rankings/singles?dateWeek=2025-09-22&rankRange=0-5000,2026-03-22T00:42:21Z
atp,2025-09-22,CF59,Roberto Carballes Baena,Roberto Carballes Baena,113,570,https://www.atptour.com/en/rankings/singles?dateWeek=2025-09-22&rankRange=0-5000,2026-03-22T00:42:21Z
atp,2025-09-22,H09P,Brandon Holt,Brandon Holt,114,565,https://www.atptour.com/en/rankings/singles?dateWeek=2025-09-22&rankRange=0-5000,2026-03-22T00:42:21Z
atp,2025-09-22,P0HW,Dino Prizmic,Dino Prizmic,115,561,https://www.atptour.com/en/rankings/singles?dateWeek=2025-09-22&rankRange=0-5000,2026-03-22T00:42:21Z
atp,2025-09-22,B0ID,Ignacio Buse,Ignacio Buse,116,559,https://www.atptour.com/en/rankings/singles?dateWeek=2025-09-22&rankRange=0-5000,2026-03-22T00:42:21Z
atp,2025-09-22,M0K4,Elmer Moller,Elmer Moller,117,558,https://www.atptour.com/en/rankings/singles?dateWeek=2025-09-22&rankRange=0-5000,2026-03-22T00:42:21Z
atp,2025-09-22,F0F2,Jaime Faria,Jaime Faria,118,552,https://www.atptour.com/en/rankings/singles?dateWeek=2025-09-22&rankRange=0-5000,2026-03-22T00:42:21Z
atp,2025-09-22,D0DP,Liam Draxl,Liam Draxl,119,543,https://www.atptour.com/en/rankings/singles?dateWeek=2025-09-22&rankRange=0-5000,2026-03-22T00:42:21Z
atp,2025-09-22,B0EJ,Tristan Boyer,Tristan Boyer,120,540,https://www.atptour.com/en/rankings/singles?dateWeek=2025-09-22&rankRange=0-5000,2026-03-22T00:42:21Z
atp,2025-09-22,B0PG,Alexander Blockx,Alexander Blockx,121,540,https://www.atptour.com/en/rankings/singles?dateWeek=2025-09-22&rankRange=0-5000,2026-03-22T00:42:21Z
atp,2025-09-22,T0AP,Chun-Hsin Tseng,Chun Hsin Tseng,122,531,https://www.atptour.com/en/rankings/singles?dateWeek=2025-09-22&rankRange=0-5000,2026-03-22T00:42:21Z
atp,2025-09-22,CD85,Pablo Carreno Busta,Pablo Carreno Busta,123,527,https://www.atptour.com/en/rankings/singles?dateWeek=2025-09-22&rankRange=0-5000,2026-03-22T00:42:21Z
atp,2025-09-22,GD64,Cristian Garin,Cristian Garin,124,518,https://www.atptour.com/en/rankings/singles?dateWeek=2025-09-22&rankRange=0-5000,2026-03-22T00:42:21Z
atp,2025-09-22,L987,Dusan Lajovic,Dusan Lajovic,125,514,https://www.atptour.com/en/rankings/singles?dateWeek=2025-09-22&rankRange=0-5000,2026-03-22T00:42:21Z
atp,2025-09-22,DA31,Hugo Dellien,Hugo Dellien,126,512,https://www.atptour.com/en/rankings/singles?dateWeek=2025-09-22&rankRange=0-5000,2026-03-22T00:42:21Z
atp,2025-09-22,KI63,Lukas Klein,Lukas Klein,127,506,https://www.atptour.com/en/rankings/singles?dateWeek=2025-09-22&rankRange=0-5000,2026-03-22T00:42:21Z
atp,2025-09-22,S0JA,Eliot Spizzirri,Eliot Spizzirri,128,504,https://www.atptour.com/en/rankings/singles?dateWeek=2025-09-22&rankRange=0-5000,2026-03-22T00:42:21Z
atp,2025-09-22,W367,Stan Wawrinka,Stan Wawrinka,129,502,https://www.atptour.com/en/rankings/singles?dateWeek=2025-09-22&rankRange=0-5000,2026-03-22T00:42:21Z
atp,2025-09-22,S0K7,Zachary Svajda,Zachary Svajda,130,501,https://www.atptour.com/en/rankings/singles?dateWeek=2025-09-22&rankRange=0-5000,2026-03-22T00:42:21Z
atp,2025-09-22,HD68,Billy Harris,Billy Harris,131,492,https://www.atptour.com/en/rankings/singles?dateWeek=2025-09-22&rankRange=0-5000,2026-03-22T00:42:21Z
atp,2025-09-22,GE33,Daniel Elahi Galan,Daniel Elahi Galan,132,490,https://www.atptour.com/en/rankings/singles?dateWeek=2025-09-22&rankRange=0-5000,2026-03-22T00:42:21Z
atp,2025-09-22,BS86,Tomas Barrios Vera,Tomas Barrios Vera,133,473,https://www.atptour.com/en/rankings/singles?dateWeek=2025-09-22&rankRange=0-5000,2026-03-22T00:42:21Z
atp,2025-09-22,PH64,Andrea Pellegrino,Andrea Pellegrino,134,468,https://www.atptour.com/en/rankings/singles?dateWeek=2025-09-22&rankRange=0-5000,2026-03-22T00:42:21Z
atp,2025-09-22,S0ZE,Colton Smith,Colton Smith,135,467,https://www.atptour.com/en/rankings/singles?dateWeek=2025-09-22&rankRange=0-5000,2026-03-22T00:42:21Z
atp,2025-09-22,L0IL,Martin Landaluce,Martin Landaluce,136,462,https://www.atptour.com/en/rankings/singles?dateWeek=2025-09-22&rankRange=0-5000,2026-03-22T00:42:21Z
atp,2025-09-22,O513,Sebastian Ofner,Sebastian Ofner,137,453,https://www.atptour.com/en/rankings/singles?dateWeek=2025-09-22&rankRange=0-5000,2026-03-22T00:42:21Z
atp,2025-09-22,G0GD,Matteo Gigante,Matteo Gigante,138,450,https://www.atptour.com/en/rankings/singles?dateWeek=2025-09-22&rankRange=0-5000,2026-03-22T00:42:21Z
atp,2025-09-22,P0CT,Francesco Passaro,Francesco Passaro,139,449,https://www.atptour.com/en/rankings/singles?dateWeek=2025-09-22&rankRange=0-5000,2026-03-22T00:42:21Z
atp,2025-09-22,V0AM,Otto Virtanen,Otto Virtanen,140,449,https://www.atptour.com/en/rankings/singles?dateWeek=2025-09-22&rankRange=0-5000,2026-03-22T00:42:21Z
atp,2025-09-22,H996,Pierre-Hugues Herbert,Pierre Hugues Herbert,141,447,https://www.atptour.com/en/rankings/singles?dateWeek=2025-09-22&rankRange=0-5000,2026-03-22T00:42:21Z
atp,2025-09-22,EA13,Moez Echargui,Moez Echargui,142,440,https://www.atptour.com/en/rankings/singles?dateWeek=2025-09-22&rankRange=0-5000,2026-03-22T00:42:21Z
atp,2025-09-22,TA29,Marco Trungelliti,Marco Trungelliti,143,440,https://www.atptour.com/en/rankings/singles?dateWeek=2025-09-22&rankRange=0-5000,2026-03-22T00:42:21Z
atp,2025-09-22,B0FV,Roman Andres Burruchaga,Roman Andres Burruchaga,144,439,https://www.atptour.com/en/rankings/singles?dateWeek=2025-09-22&rankRange=0-5000,2026-03-22T00:42:21Z
atp,2025-09-22,L0GH,Mark Lajal,Mark Lajal,145,410,https://www.atptour.com/en/rankings/singles?dateWeek=2025-09-22&rankRange=0-5000,2026-03-22T00:42:21Z
atp,2025-09-22,FA43,Juan Pablo Ficovich,Juan Pablo Ficovich,146,404,https://www.atptour.com/en/rankings/singles?dateWeek=2025-09-22&rankRange=0-5000,2026-03-22T00:42:21Z
atp,2025-09-22,WB08,Yosuke Watanuki,Yosuke Watanuki,147,401,https://www.atptour.com/en/rankings/singles?dateWeek=2025-09-22&rankRange=0-5000,2026-03-22T00:42:21Z
atp,2025-09-22,E687,Daniel Evans,Daniel Evans,148,392,https://www.atptour.com/en/rankings/singles?dateWeek=2025-09-22&rankRange=0-5000,2026-03-22T00:42:21Z
atp,2025-09-22,BV16,Ugo Blanchet,Ugo Blanchet,149,390,https://www.atptour.com/en/rankings/singles?dateWeek=2025-09-22&rankRange=0-5000,2026-03-22T00:42:21Z
atp,2025-09-22,M0G4,Harold Mayot,Harold Mayot,150,390,https://www.atptour.com/en/rankings/singles?dateWeek=2025-09-22&rankRange=0-5000,2026-03-22T00:42:21Z
atp,2025-09-22,P09O,Zsombor Piros,Zsombor Piros,151,390,https://www.atptour.com/en/rankings/singles?dateWeek=2025-09-22&rankRange=0-5000,2026-03-22T00:42:21Z
atp,2025-09-22,K0EP,Jerome Kym,Jerome Kym,152,387,https://www.atptour.com/en/rankings/singles?dateWeek=2025-09-22&rankRange=0-5000,2026-03-22T00:42:21Z
atp,2025-09-22,W0BH,Coleman Wong,Coleman Wong,153,386,https://www.atptour.com/en/rankings/singles?dateWeek=2025-09-22&rankRange=0-5000,2026-03-22T00:42:21Z
atp,2025-09-22,M0IF,Francesco Maestrelli,Francesco Maestrelli,154,386,https://www.atptour.com/en/rankings/singles?dateWeek=2025-09-22&rankRange=0-5000,2026-03-22T00:42:21Z
atp,2025-09-22,B0U4,Nicolai Budkov Kjaer,Nicolai Budkov Kjaer,155,382,https://www.atptour.com/en/rankings/singles?dateWeek=2025-09-22&rankRange=0-5000,2026-03-22T00:42:21Z
atp,2025-09-22,R09X,Jurij Rodionov,Jurij Rodionov,156,378,https://www.atptour.com/en/rankings/singles?dateWeek=2025-09-22&rankRange=0-5000,2026-03-22T00:42:21Z
atp,2025-09-22,N732,Yoshihito Nishioka,Yoshihito Nishioka,157,374,https://www.atptour.com/en/rankings/singles?dateWeek=2025-09-22&rankRange=0-5000,2026-03-22T00:42:21Z
atp,2025-09-22,WB32,Yibing Wu,Yibing Wu,158,372,https://www.atptour.com/en/rankings/singles?dateWeek=2025-09-22&rankRange=0-5000,2026-03-22T00:42:21Z
atp,2025-09-22,H997,Yannick Hanfmann,Yannick Hanfmann,159,369,https://www.atptour.com/en/rankings/singles?dateWeek=2025-09-22&rankRange=0-5000,2026-03-22T00:42:21Z
atp,2025-09-22,D0H9,Guy Den Ouden,Guy Den Ouden,160,369,https://www.atptour.com/en/rankings/singles?dateWeek=2025-09-22&rankRange=0-5000,2026-03-22T00:42:21Z
atp,2025-09-22,CH12,Jan Choinski,Jan Choinski,161,366,https://www.atptour.com/en/rankings/singles?dateWeek=2025-09-22&rankRange=0-5000,2026-03-22T00:42:21Z
atp,2025-09-22,DA81,Taro Daniel,Taro Daniel,162,364,https://www.atptour.com/en/rankings/singles?dateWeek=2025-09-22&rankRange=0-5000,2026-03-22T00:42:21Z
atp,2025-09-22,Z0A1,Giulio Zeppieri,Giulio Zeppieri,163,362,https://www.atptour.com/en/rankings/singles?dateWeek=2025-09-22&rankRange=0-5000,2026-03-22T00:42:21Z
atp,2025-09-22,SX91,Thiago Seyboth Wild,Thiago Seyboth Wild,164,356,https://www.atptour.com/en/rankings/singles?dateWeek=2025-09-22&rankRange=0-5000,2026-03-22T00:42:21Z
atp,2025-09-22,G0FW,Vilius Gaubas,Vilius Gaubas,165,345,https://www.atptour.com/en/rankings/singles?dateWeek=2025-09-22&rankRange=0-5000,2026-03-22T00:42:21Z
atp,2025-09-22,CE77,Federico Coria,Federico Coria,166,342,https://www.atptour.com/en/rankings/singles?dateWeek=2025-09-22&rankRange=0-5000,2026-03-22T00:42:21Z
atp,2025-09-22,D0DW,Titouan Droguet,Titouan Droguet,167,342,https://www.atptour.com/en/rankings/singles?dateWeek=2025-09-22&rankRange=0-5000,2026-03-22T00:42:21Z
atp,2025-09-22,MW75,Felipe Meligeni Alves,Felipe Meligeni Alves,168,340,https://www.atptour.com/en/rankings/singles?dateWeek=2025-09-22&rankRange=0-5000,2026-03-22T00:42:21Z
atp,2025-09-22,TA46,Bernard Tomic,Bernard Tomic,169,338,https://www.atptour.com/en/rankings/singles?dateWeek=2025-09-22&rankRange=0-5000,2026-03-22T00:42:21Z
atp,2025-09-22,R0FS,Leandro Riedi,Leandro Riedi,170,326,https://www.atptour.com/en/rankings/singles?dateWeek=2025-09-22&rankRange=0-5000,2026-03-22T00:42:21Z
atp,2025-09-22,R0GO,Henrique Rocha,Henrique Rocha,171,319,https://www.atptour.com/en/rankings/singles?dateWeek=2025-09-22&rankRange=0-5000,2026-03-22T00:42:21Z
atp,2025-09-22,HF80,Hady Habib,Hady Habib,172,317,https://www.atptour.com/en/rankings/singles?dateWeek=2025-09-22&rankRange=0-5000,2026-03-22T00:42:21Z
atp,2025-09-22,M0N7,Daniel Merida,Daniel Merida,173,317,https://www.atptour.com/en/rankings/singles?dateWeek=2025-09-22&rankRange=0-5000,2026-03-22T00:42:21Z
atp,2025-09-22,C0HT,Murphy Cassone,Murphy Cassone,174,317,https://www.atptour.com/en/rankings/singles?dateWeek=2025-09-22&rankRange=0-5000,2026-03-22T00:42:21Z
atp,2025-09-22,N0CS,Lukas Neumayer,Lukas Neumayer,175,317,https://www.atptour.com/en/rankings/singles?dateWeek=2025-09-22&rankRange=0-5000,2026-03-22T00:42:21Z
atp,2025-09-22,H09N,August Holmgren,August Holmgren,176,315,https://www.atptour.com/en/rankings/singles?dateWeek=2025-09-22&rankRange=0-5000,2026-03-22T00:42:21Z
atp,2025-09-22,MJ08,Thiago Monteiro,Thiago Monteiro,177,314,https://www.atptour.com/en/rankings/singles?dateWeek=2025-09-22&rankRange=0-5000,2026-03-22T00:42:21Z
atp,2025-09-22,P0HT,Jack Pinnington Jones,Jack Pinnington Jones,178,309,https://www.atptour.com/en/rankings/singles?dateWeek=2025-09-22&rankRange=0-5000,2026-03-22T00:42:21Z
atp,2025-09-22,M0OQ,James McCabe,James Mccabe,179,306,https://www.atptour.com/en/rankings/singles?dateWeek=2025-09-22&rankRange=0-5000,2026-03-22T00:42:21Z
atp,2025-09-22,GK06,Alexis Galarneau,Alexis Galarneau,180,306,https://www.atptour.com/en/rankings/singles?dateWeek=2025-09-22&rankRange=0-5000,2026-03-22T00:42:21Z
atp,2025-09-22,R0E0,Chris Rodesch,Chris Rodesch,181,301,https://www.atptour.com/en/rankings/singles?dateWeek=2025-09-22&rankRange=0-5000,2026-03-22T00:42:21Z
atp,2025-09-22,E865,Christopher Eubanks,Christopher Eubanks,182,300,https://www.atptour.com/en/rankings/singles?dateWeek=2025-09-22&rankRange=0-5000,2026-03-22T00:42:21Z
atp,2025-09-22,J0AZ,Kyrian Jacquet,Kyrian Jacquet,183,298,https://www.atptour.com/en/rankings/singles?dateWeek=2025-09-22&rankRange=0-5000,2026-03-22T00:42:21Z
atp,2025-09-22,C0AK,Oliver Crawford,Oliver Crawford,184,295,https://www.atptour.com/en/rankings/singles?dateWeek=2025-09-22&rankRange=0-5000,2026-03-22T00:42:21Z
atp,2025-09-22,CI14,Jay Clarke,Jay Clarke,185,295,https://www.atptour.com/en/rankings/singles?dateWeek=2025-09-22&rankRange=0-5000,2026-03-22T00:42:21Z
atp,2025-09-22,CG33,Kimmer Coppejans,Kimmer Coppejans,186,294,https://www.atptour.com/en/rankings/singles?dateWeek=2025-09-22&rankRange=0-5000,2026-03-22T00:42:21Z
atp,2025-09-22,KB95,Jason Kubler,Jason Kubler,187,291,https://www.atptour.com/en/rankings/singles?dateWeek=2025-09-22&rankRange=0-5000,2026-03-22T00:42:21Z
atp,2025-09-22,B0GY,Alex Barrena,Alex Barrena,188,288,https://www.atptour.com/en/rankings/singles?dateWeek=2025-09-22&rankRange=0-5000,2026-03-22T00:42:21Z
atp,2025-09-22,K0A3,Patrick Kypson,Patrick Kypson,189,280,https://www.atptour.com/en/rankings/singles?dateWeek=2025-09-22&rankRange=0-5000,2026-03-22T00:42:21Z
atp,2025-09-22,S0UV,Rei Sakamoto,Rei Sakamoto,190,279,https://www.atptour.com/en/rankings/singles?dateWeek=2025-09-22&rankRange=0-5000,2026-03-22T00:42:21Z
atp,2025-09-22,GF95,Hugo Grenier,Hugo Grenier,191,279,https://www.atptour.com/en/rankings/singles?dateWeek=2025-09-22&rankRange=0-5000,2026-03-22T00:42:21Z
atp,2025-09-22,O0A2,Gauthier Onclin,Gauthier Onclin,192,276,https://www.atptour.com/en/rankings/singles?dateWeek=2025-09-22&rankRange=0-5000,2026-03-22T00:42:21Z
atp,2025-09-22,MV14,Alex Molcan,Alex Molcan,193,274,https://www.atptour.com/en/rankings/singles?dateWeek=2025-09-22&rankRange=0-5000,2026-03-22T00:42:21Z
atp,2025-09-22,TC01,Li Tu,Li Tu,194,271,https://www.atptour.com/en/rankings/singles?dateWeek=2025-09-22&rankRange=0-5000,2026-03-22T00:42:21Z
atp,2025-09-22,HG94,Benjamin Hassan,Benjamin Hassan,195,270,https://www.atptour.com/en/rankings/singles?dateWeek=2025-09-22&rankRange=0-5000,2026-03-22T00:42:21Z
atp,2025-09-22,P0J1,Rodrigo Pacheco Mendez,Rodrigo Pacheco Mendez,196,270,https://www.atptour.com/en/rankings/singles?dateWeek=2025-09-22&rankRange=0-5000,2026-03-22T00:42:21Z
atp,2025-09-22,R0FP,Daniel Rincon,Daniel Rincon,197,268,https://www.atptour.com/en/rankings/singles?dateWeek=2025-09-22&rankRange=0-5000,2026-03-22T00:42:21Z
atp,2025-09-22,V0DZ,Luca Van Assche,Luca Van Assche,198,267,https://www.atptour.com/en/rankings/singles?dateWeek=2025-09-22&rankRange=0-5000,2026-03-22T00:42:21Z
atp,2025-09-22,M0AW,Nicolas Mejia,Nicolas Mejia,199,267,https://www.atptour.com/en/rankings/singles?dateWeek=2025-09-22&rankRange=0-5000,2026-03-22T00:42:21Z
atp,2025-09-22,S0AQ,Yuta Shimizu,Yuta Shimizu,200,266,https://www.atptour.com/en/rankings/singles?dateWeek=2025-09-22&rankRange=0-5000,2026-03-22T00:42:21Z
atp,2025-09-22,HB48,Calvin Hemery,Calvin Hemery,201,266,https://www.atptour.com/en/rankings/singles?dateWeek=2025-09-22&rankRange=0-5000,2026-03-22T00:42:21Z
atp,2025-09-22,VA25,Valentin Vacherot,Valentin Vacherot,202,263,https://www.atptour.com/en/rankings/singles?dateWeek=2025-09-22&rankRange=0-5000,2026-03-22T00:42:21Z
atp,2025-09-22,G0GW,Sascha Gueymard Wayenburg,Sascha Gueymard Wayenburg,203,262,https://www.atptour.com/en/rankings/singles?dateWeek=2025-09-22&rankRange=0-5000,2026-03-22T00:42:21Z
atp,2025-09-22,GJ16,Federico Agustin Gomez,Federico Agustin Gomez,204,261,https://www.atptour.com/en/rankings/singles?dateWeek=2025-09-22&rankRange=0-5000,2026-03-22T00:42:21Z
atp,2025-09-22,SS25,Vitaliy Sachko,Vitaliy Sachko,205,261,https://www.atptour.com/en/rankings/singles?dateWeek=2025-09-22&rankRange=0-5000,2026-03-22T00:42:21Z
atp,2025-09-22,A09T,Dan Added,Dan Added,206,260,https://www.atptour.com/en/rankings/singles?dateWeek=2025-09-22&rankRange=0-5000,2026-03-22T00:42:21Z
atp,2025-09-22,P0AY,Luka Pavlovic,Luka Pavlovic,207,257,https://www.atptour.com/en/rankings/singles?dateWeek=2025-09-22&rankRange=0-5000,2026-03-22T00:42:21Z
atp,2025-09-22,DF88,Aziz Dougaz,Aziz Dougaz,208,256,https://www.atptour.com/en/rankings/singles?dateWeek=2025-09-22&rankRange=0-5000,2026-03-22T00:42:21Z
atp,2025-09-22,N09U,Rio Noguchi,Rio Noguchi,209,256,https://www.atptour.com/en/rankings/singles?dateWeek=2025-09-22&rankRange=0-5000,2026-03-22T00:42:21Z
atp,2025-09-22,Z09Z,Beibit Zhukayev,Beibit Zhukayev,210,255,https://www.atptour.com/en/rankings/singles?dateWeek=2025-09-22&rankRange=0-5000,2026-03-22T00:42:21Z
atp,2025-09-22,C0NB,Federico Cina,Federico Cina,211,255,https://www.atptour.com/en/rankings/singles?dateWeek=2025-09-22&rankRange=0-5000,2026-03-22T00:42:21Z
atp,2025-09-22,T0BW,James Trotter,James Trotter,212,255,https://www.atptour.com/en/rankings/singles?dateWeek=2025-09-22&rankRange=0-5000,2026-03-22T00:42:21Z
atp,2025-09-22,E0DD,Justin Engel,Justin Engel,213,253,https://www.atptour.com/en/rankings/singles?dateWeek=2025-09-22&rankRange=0-5000,2026-03-22T00:42:21Z
atp,2025-09-22,PG20,Dmitry Popko,Dmitry Popko,214,251,https://www.atptour.com/en/rankings/singles?dateWeek=2025-09-22&rankRange=0-5000,2026-03-22T00:42:21Z
atp,2025-09-22,GH92,Borna Gojo,Borna Gojo,215,250,https://www.atptour.com/en/rankings/singles?dateWeek=2025-09-22&rankRange=0-5000,2026-03-22T00:42:21Z
atp,2025-09-22,B0ER,Arthur Bouquier,Arthur Bouquier,216,250,https://www.atptour.com/en/rankings/singles?dateWeek=2025-09-22&rankRange=0-5000,2026-03-22T00:42:21Z
atp,2025-09-22,B0MM,Edas Butvilas,Edas Butvilas,217,250,https://www.atptour.com/en/rankings/singles?dateWeek=2025-09-22&rankRange=0-5000,2026-03-22T00:42:21Z
atp,2025-09-22,L0CX,Pablo Llamas Ruiz,Pablo Llamas Ruiz,218,248,https://www.atptour.com/en/rankings/singles?dateWeek=2025-09-22&rankRange=0-5000,2026-03-22T00:42:21Z
atp,2025-09-22,HH06,Marc-Andrea Huesler,Marc Andrea Huesler,219,248,https://www.atptour.com/en/rankings/singles?dateWeek=2025-09-22&rankRange=0-5000,2026-03-22T00:42:21Z
atp,2025-09-22,H09F,Yu Hsiou Hsu,Yu Hsiou Hsu,220,245,https://www.atptour.com/en/rankings/singles?dateWeek=2025-09-22&rankRange=0-5000,2026-03-22T00:42:21Z
atp,2025-09-22,BI81,Alex Bolt,Alex Bolt,221,244,https://www.atptour.com/en/rankings/singles?dateWeek=2025-09-22&rankRange=0-5000,2026-03-22T00:42:21Z
atp,2025-09-22,R0A7,Joao Lucas Reis Da Silva,Joao Lucas Reis Da Silva,222,244,https://www.atptour.com/en/rankings/singles?dateWeek=2025-09-22&rankRange=0-5000,2026-03-22T00:42:21Z
atp,2025-09-22,O660,Genaro Alberto Olivieri,Genaro Alberto Olivieri,223,243,https://www.atptour.com/en/rankings/singles?dateWeek=2025-09-22&rankRange=0-5000,2026-03-22T00:42:21Z
atp,2025-09-22,RH59,Santiago Rodriguez Taverna,Santiago Rodriguez Taverna,224,242,https://www.atptour.com/en/rankings/singles?dateWeek=2025-09-22&rankRange=0-5000,2026-03-22T00:42:21Z
atp,2025-09-22,SX90,Fajing Sun,Fajing Sun,225,241,https://www.atptour.com/en/rankings/singles?dateWeek=2025-09-22&rankRange=0-5000,2026-03-22T00:42:21Z
atp,2025-09-22,G0DH,Alvaro Guillen Meza,Alvaro Guillen Meza,226,241,https://www.atptour.com/en/rankings/singles?dateWeek=2025-09-22&rankRange=0-5000,2026-03-22T00:42:21Z
atp,2025-09-22,Z0BZ,Michael Zheng,Michael Zheng,227,240,https://www.atptour.com/en/rankings/singles?dateWeek=2025-09-22&rankRange=0-5000,2026-03-22T00:42:21Z
atp,2025-09-22,M0ON,Johannus Monday,Johannus Monday,228,240,https://www.atptour.com/en/rankings/singles?dateWeek=2025-09-22&rankRange=0-5000,2026-03-22T00:42:21Z
atp,2025-09-22,F0DM,Arthur Fery,Arthur Fery,229,239,https://www.atptour.com/en/rankings/singles?dateWeek=2025-09-22&rankRange=0-5000,2026-03-22T00:42:21Z
atp,2025-09-22,F840,Nerman Fatic,Nerman Fatic,230,239,https://www.atptour.com/en/rankings/singles?dateWeek=2025-09-22&rankRange=0-5000,2026-03-22T00:42:21Z
atp,2025-09-22,C0BH,Clement Chidekh,Clement Chidekh,231,239,https://www.atptour.com/en/rankings/singles?dateWeek=2025-09-22&rankRange=0-5000,2026-03-22T00:42:21Z
atp,2025-09-22,S0GR,Timofey Skatov,Timofey Skatov,232,238,https://www.atptour.com/en/rankings/singles?dateWeek=2025-09-22&rankRange=0-5000,2026-03-22T00:42:21Z
atp,2025-09-22,PH78,Ryan Peniston,Ryan Peniston,233,237,https://www.atptour.com/en/rankings/singles?dateWeek=2025-09-22&rankRange=0-5000,2026-03-22T00:42:21Z
atp,2025-09-22,SN54,Frederico Ferreira Silva,Frederico Ferreira Silva,234,237,https://www.atptour.com/en/rankings/singles?dateWeek=2025-09-22&rankRange=0-5000,2026-03-22T00:42:21Z
atp,2025-09-22,Y218,Elias Ymer,Elias Ymer,235,236,https://www.atptour.com/en/rankings/singles?dateWeek=2025-09-22&rankRange=0-5000,2026-03-22T00:42:21Z
atp,2025-09-22,S0WT,Joel Schwaerzler,Joel Schwaerzler,236,236,https://www.atptour.com/en/rankings/singles?dateWeek=2025-09-22&rankRange=0-5000,2026-03-22T00:42:21Z
atp,2025-09-22,KH56,Zdenek Kolar,Zdenek Kolar,237,236,https://www.atptour.com/en/rankings/singles?dateWeek=2025-09-22&rankRange=0-5000,2026-03-22T00:42:21Z
atp,2025-09-22,S0RE,Juncheng Shang,Juncheng Shang,238,235,https://www.atptour.com/en/rankings/singles?dateWeek=2025-09-22&rankRange=0-5000,2026-03-22T00:42:21Z
atp,2025-09-22,TA12,Stefano Travaglia,Stefano Travaglia,239,235,https://www.atptour.com/en/rankings/singles?dateWeek=2025-09-22&rankRange=0-5000,2026-03-22T00:42:21Z
atp,2025-09-22,KC12,Mitchell Krueger,Mitchell Krueger,240,233,https://www.atptour.com/en/rankings/singles?dateWeek=2025-09-22&rankRange=0-5000,2026-03-22T00:42:21Z
atp,2025-09-22,DC76,Viktor Durasovic,Viktor Durasovic,241,233,https://www.atptour.com/en/rankings/singles?dateWeek=2025-09-22&rankRange=0-5000,2026-03-22T00:42:21Z
atp,2025-09-22,M0N1,Luka Mikrut,Luka Mikrut,242,232,https://www.atptour.com/en/rankings/singles?dateWeek=2025-09-22&rankRange=0-5000,2026-03-22T00:42:21Z
atp,2025-09-22,S0LA,Dominic Stricker,Dominic Stricker,243,229,https://www.atptour.com/en/rankings/singles?dateWeek=2025-09-22&rankRange=0-5000,2026-03-22T00:42:21Z
atp,2025-09-22,D0DT,Martin Damm,Martin Damm,244,228,https://www.atptour.com/en/rankings/singles?dateWeek=2025-09-22&rankRange=0-5000,2026-03-22T00:42:21Z
atp,2025-09-22,T09X,Clement Tabur,Clement Tabur,245,228,https://www.atptour.com/en/rankings/singles?dateWeek=2025-09-22&rankRange=0-5000,2026-03-22T00:42:21Z
atp,2025-09-22,HG86,Lloyd Harris,Lloyd Harris,246,226,https://www.atptour.com/en/rankings/singles?dateWeek=2025-09-22&rankRange=0-5000,2026-03-22T00:42:21Z
atp,2025-09-22,Z09F,Patrick Zahraj,Patrick Zahraj,247,226,https://www.atptour.com/en/rankings/singles?dateWeek=2025-09-22&rankRange=0-5000,2026-03-22T00:42:21Z
atp,2025-09-22,G09C,Marek Gengel,Marek Gengel,248,226,https://www.atptour.com/en/rankings/singles?dateWeek=2025-09-22&rankRange=0-5000,2026-03-22T00:42:21Z
atp,2025-09-22,LB66,Constant Lestienne,Constant Lestienne,249,223,https://www.atptour.com/en/rankings/singles?dateWeek=2025-09-22&rankRange=0-5000,2026-03-22T00:42:21Z
atp,2025-09-22,S0O6,Ilia Simakin,Ilia Simakin,250,223,https://www.atptour.com/en/rankings/singles?dateWeek=2025-09-22&rankRange=0-5000,2026-03-22T00:42:21Z
atp,2025-09-22,G0IX,Arthur Gea,Arthur Gea,251,223,https://www.atptour.com/en/rankings/singles?dateWeek=2025-09-22&rankRange=0-5000,2026-03-22T00:42:21Z
atp,2025-09-22,L0CF,George Loffhagen,George Loffhagen,252,221,https://www.atptour.com/en/rankings/singles?dateWeek=2025-09-22&rankRange=0-5000,2026-03-22T00:42:21Z
atp,2025-09-22,MW18,Nicolas Moreno De Alboran,Nicolas Moreno De Alboran,253,220,https://www.atptour.com/en/rankings/singles?dateWeek=2025-09-22&rankRange=0-5000,2026-03-22T00:42:21Z
atp,2025-09-22,V0DP,Adolfo Daniel Vallejo,Adolfo Daniel Vallejo,254,220,https://www.atptour.com/en/rankings/singles?dateWeek=2025-09-22&rankRange=0-5000,2026-03-22T00:42:21Z
atp,2025-09-22,J553,Omar Jasika,Omar Jasika,255,218,https://www.atptour.com/en/rankings/singles?dateWeek=2025-09-22&rankRange=0-5000,2026-03-22T00:42:21Z
atp,2025-09-22,M0OH,Lautaro Midon,Lautaro Midon,256,218,https://www.atptour.com/en/rankings/singles?dateWeek=2025-09-22&rankRange=0-5000,2026-03-22T00:42:21Z
atp,2025-09-22,B0GR,Gonzalo Bueno,Gonzalo Bueno,257,217,https://www.atptour.com/en/rankings/singles?dateWeek=2025-09-22&rankRange=0-5000,2026-03-22T00:42:21Z
atp,2025-09-22,PF39,Lucas Pouille,Lucas Pouille,258,215,https://www.atptour.com/en/rankings/singles?dateWeek=2025-09-22&rankRange=0-5000,2026-03-22T00:42:21Z
atp,2025-09-22,J09X,Filip Cristian Jianu,Filip Cristian Jianu,259,215,https://www.atptour.com/en/rankings/singles?dateWeek=2025-09-22&rankRange=0-5000,2026-03-22T00:42:21Z
atp,2025-09-22,DC48,Murkel Dellien,Murkel Dellien,260,214,https://www.atptour.com/en/rankings/singles?dateWeek=2025-09-22&rankRange=0-5000,2026-03-22T00:42:21Z
atp,2025-09-22,B0QC,Gilles Arnaud Bailly,Gilles Arnaud Bailly,261,213,https://www.atptour.com/en/rankings/singles?dateWeek=2025-09-22&rankRange=0-5000,2026-03-22T00:42:21Z
atp,2025-09-22,BU54,Geoffrey Blancaneaux,Geoffrey Blancaneaux,262,213,https://www.atptour.com/en/rankings/singles?dateWeek=2025-09-22&rankRange=0-5000,2026-03-22T00:42:21Z
atp,2025-09-22,G628,Richard Gasquet,Richard Gasquet,263,210,https://www.atptour.com/en/rankings/singles?dateWeek=2025-09-22&rankRange=0-5000,2026-03-22T00:42:21Z
atp,2025-09-22,CC66,Andrea Collarini,Andrea Collarini,264,210,https://www.atptour.com/en/rankings/singles?dateWeek=2025-09-22&rankRange=0-5000,2026-03-22T00:42:21Z
atp,2025-09-22,KC33,Dimitar Kuzmanov,Dimitar Kuzmanov,265,209,https://www.atptour.com/en/rankings/singles?dateWeek=2025-09-22&rankRange=0-5000,2026-03-22T00:42:21Z
atp,2025-09-22,P0IY,Juan Carlos Prado Angelo,Juan Carlos Prado Angelo,266,208,https://www.atptour.com/en/rankings/singles?dateWeek=2025-09-22&rankRange=0-5000,2026-03-22T00:42:21Z
atp,2025-09-22,E0AC,Mathys Erhard,Mathys Erhard,267,208,https://www.atptour.com/en/rankings/singles?dateWeek=2025-09-22&rankRange=0-5000,2026-03-22T00:42:21Z
atp,2025-09-22,D0CG,Facundo Diaz Acosta,Facundo Diaz Acosta,268,207,https://www.atptour.com/en/rankings/singles?dateWeek=2025-09-22&rankRange=0-5000,2026-03-22T00:42:21Z
atp,2025-09-22,M0HT,Alejandro Moro Canas,Alejandro Moro Canas,269,204,https://www.atptour.com/en/rankings/singles?dateWeek=2025-09-22&rankRange=0-5000,2026-03-22T00:42:21Z
atp,2025-09-22,KC56,Aslan Karatsev,Aslan Karatsev,270,202,https://www.atptour.com/en/rankings/singles?dateWeek=2025-09-22&rankRange=0-5000,2026-03-22T00:42:21Z
atp,2025-09-22,D0L3,Matej Dodig,Matej Dodig,271,200,https://www.atptour.com/en/rankings/singles?dateWeek=2025-09-22&rankRange=0-5000,2026-03-22T00:42:21Z
atp,2025-09-22,T0FI,Marko Topo,Marko Topo,272,199,https://www.atptour.com/en/rankings/singles?dateWeek=2025-09-22&rankRange=0-5000,2026-03-22T00:42:21Z
atp,2025-09-22,SY67,Sho Shimabukuro,Sho Shimabukuro,273,198,https://www.atptour.com/en/rankings/singles?dateWeek=2025-09-22&rankRange=0-5000,2026-03-22T00:42:21Z
atp,2025-09-22,BU70,Remy Bertola,Remy Bertola,274,197,https://www.atptour.com/en/rankings/singles?dateWeek=2025-09-22&rankRange=0-5000,2026-03-22T00:42:21Z
atp,2025-09-22,CF01,Marco Cecchinato,Marco Cecchinato,275,194,https://www.atptour.com/en/rankings/singles?dateWeek=2025-09-22&rankRange=0-5000,2026-03-22T00:42:21Z
atp,2025-09-22,P0EA,Saba Purtseladze,Saba Purtseladze,276,193,https://www.atptour.com/en/rankings/singles?dateWeek=2025-09-22&rankRange=0-5000,2026-03-22T00:42:21Z
atp,2025-09-22,M0EA,Pol Martin Tiffon,Pol Martin Tiffon,277,191,https://www.atptour.com/en/rankings/singles?dateWeek=2025-09-22&rankRange=0-5000,2026-03-22T00:42:21Z
atp,2025-09-22,P0GN,Tom Paris,Tom Paris,278,191,https://www.atptour.com/en/rankings/singles?dateWeek=2025-09-22&rankRange=0-5000,2026-03-22T00:42:21Z
atp,2025-09-22,M0NP,Andres Martin,Andres Martin,279,189,https://www.atptour.com/en/rankings/singles?dateWeek=2025-09-22&rankRange=0-5000,2026-03-22T00:42:21Z
atp,2025-09-22,S0EK,Matias Soto,Matias Soto,280,189,https://www.atptour.com/en/rankings/singles?dateWeek=2025-09-22&rankRange=0-5000,2026-03-22T00:42:21Z
atp,2025-09-22,GA79,Lorenzo Giustino,Lorenzo Giustino,281,187,https://www.atptour.com/en/rankings/singles?dateWeek=2025-09-22&rankRange=0-5000,2026-03-22T00:42:21Z
atp,2025-09-22,P0K4,Tiago Pereira,Tiago Pereira,282,187,https://www.atptour.com/en/rankings/singles?dateWeek=2025-09-22&rankRange=0-5000,2026-03-22T00:42:21Z
atp,2025-09-22,S0MN,Marat Sharipov,Marat Sharipov,283,186,https://www.atptour.com/en/rankings/singles?dateWeek=2025-09-22&rankRange=0-5000,2026-03-22T00:42:21Z
atp,2025-09-22,C0HB,Eliakim Coulibaly,Eliakim Coulibaly,284,185,https://www.atptour.com/en/rankings/singles?dateWeek=2025-09-22&rankRange=0-5000,2026-03-22T00:42:21Z
atp,2025-09-22,P0DF,Matheus Pucinelli De Almeida,Matheus Pucinelli De Almeida,285,185,https://www.atptour.com/en/rankings/singles?dateWeek=2025-09-22&rankRange=0-5000,2026-03-22T00:42:21Z
atp,2025-09-22,G0IB,Tom Gentzsch,Tom Gentzsch,286,183,https://www.atptour.com/en/rankings/singles?dateWeek=2025-09-22&rankRange=0-5000,2026-03-22T00:42:21Z
atp,2025-09-22,GE28,Ivan Gakhov,Ivan Gakhov,287,182,https://www.atptour.com/en/rankings/singles?dateWeek=2025-09-22&rankRange=0-5000,2026-03-22T00:42:21Z
atp,2025-09-22,U134,Yasutaka Uchiyama,Yasutaka Uchiyama,288,181,https://www.atptour.com/en/rankings/singles?dateWeek=2025-09-22&rankRange=0-5000,2026-03-22T00:42:21Z
atp,2025-09-22,N897,Sumit Nagal,Sumit Nagal,289,179,https://www.atptour.com/en/rankings/singles?dateWeek=2025-09-22&rankRange=0-5000,2026-03-22T00:42:21Z
atp,2025-09-22,W857,Tung-Lin Wu,Tung Lin Wu,290,179,https://www.atptour.com/en/rankings/singles?dateWeek=2025-09-22&rankRange=0-5000,2026-03-22T00:42:21Z
atp,2025-09-22,P0D0,Jakub Paul,Jakub Paul,291,178,https://www.atptour.com/en/rankings/singles?dateWeek=2025-09-22&rankRange=0-5000,2026-03-22T00:42:21Z
atp,2025-09-22,H0CX,Max Houkes,Max Houkes,292,178,https://www.atptour.com/en/rankings/singles?dateWeek=2025-09-22&rankRange=0-5000,2026-03-22T00:42:21Z
atp,2025-09-22,J0B5,Garrett Johns,Garrett Johns,293,178,https://www.atptour.com/en/rankings/singles?dateWeek=2025-09-22&rankRange=0-5000,2026-03-22T00:42:21Z
atp,2025-09-22,K926,Mikhail Kukushkin,Mikhail Kukushkin,294,177,https://www.atptour.com/en/rankings/singles?dateWeek=2025-09-22&rankRange=0-5000,2026-03-22T00:42:21Z
atp,2025-09-22,M0E1,Daniel Michalski,Daniel Michalski,295,176,https://www.atptour.com/en/rankings/singles?dateWeek=2025-09-22&rankRange=0-5000,2026-03-22T00:42:21Z
atp,2025-09-22,MW76,Matteo Martineau,Matteo Martineau,296,176,https://www.atptour.com/en/rankings/singles?dateWeek=2025-09-22&rankRange=0-5000,2026-03-22T00:42:21Z
atp,2025-09-22,KD46,Thanasi Kokkinakis,Thanasi Kokkinakis,297,175,https://www.atptour.com/en/rankings/singles?dateWeek=2025-09-22&rankRange=0-5000,2026-03-22T00:42:21Z
atp,2025-09-22,K0E6,Alibek Kachmazov,Alibek Kachmazov,298,175,https://www.atptour.com/en/rankings/singles?dateWeek=2025-09-22&rankRange=0-5000,2026-03-22T00:42:21Z
atp,2025-09-22,KC29,Nicolas Kicker,Nicolas Kicker,299,175,https://www.atptour.com/en/rankings/singles?dateWeek=2025-09-22&rankRange=0-5000,2026-03-22T00:42:21Z
atp,2025-09-22,B0OU,Hynek Barton,Hynek Barton,300,175,https://www.atptour.com/en/rankings/singles?dateWeek=2025-09-22&rankRange=0-5000,2026-03-22T00:42:21Z
atp,2025-09-22,S0GZ,Nikolas Sanchez Izquierdo,Nikolas Sanchez Izquierdo,301,174,https://www.atptour.com/en/rankings/singles?dateWeek=2025-09-22&rankRange=0-5000,2026-03-22T00:42:21Z
atp,2025-09-22,A09U,Nicolas Alvarez Varona,Nicolas Alvarez Varona,302,173,https://www.atptour.com/en/rankings/singles?dateWeek=2025-09-22&rankRange=0-5000,2026-03-22T00:42:21Z
atp,2025-09-22,S0KT,Stefanos Sakellaridis,Stefanos Sakellaridis,303,171,https://www.atptour.com/en/rankings/singles?dateWeek=2025-09-22&rankRange=0-5000,2026-03-22T00:42:21Z
atp,2025-09-22,B0JJ,Robin Bertrand,Robin Bertrand,304,171,https://www.atptour.com/en/rankings/singles?dateWeek=2025-09-22&rankRange=0-5000,2026-03-22T00:42:21Z
atp,2025-09-22,Z0CQ,Yi Zhou,Yi Zhou,305,170,https://www.atptour.com/en/rankings/singles?dateWeek=2025-09-22&rankRange=0-5000,2026-03-22T00:42:21Z
atp,2025-09-22,J0DZ,Rafael Jodar,Rafael Jodar,306,170,https://www.atptour.com/en/rankings/singles?dateWeek=2025-09-22&rankRange=0-5000,2026-03-22T00:42:21Z
atp,2025-09-22,AA27,Franco Agamenone,Franco Agamenone,307,170,https://www.atptour.com/en/rankings/singles?dateWeek=2025-09-22&rankRange=0-5000,2026-03-22T00:42:21Z
atp,2025-09-22,C0AJ,Jie Cui,Jie Cui,308,170,https://www.atptour.com/en/rankings/singles?dateWeek=2025-09-22&rankRange=0-5000,2026-03-22T00:42:21Z
atp,2025-09-22,DF92,Corentin Denolly,Corentin Denolly,309,170,https://www.atptour.com/en/rankings/singles?dateWeek=2025-09-22&rankRange=0-5000,2026-03-22T00:42:21Z
atp,2025-09-22,S0IA,Dane Sweeny,Dane Sweeny,310,170,https://www.atptour.com/en/rankings/singles?dateWeek=2025-09-22&rankRange=0-5000,2026-03-22T00:42:21Z
atp,2025-09-22,B0BU,Florent Bax,Florent Bax,311,169,https://www.atptour.com/en/rankings/singles?dateWeek=2025-09-22&rankRange=0-5000,2026-03-22T00:42:21Z
atp,2025-09-22,M0NB,Aidan Mayo,Aidan Mayo,312,168,https://www.atptour.com/en/rankings/singles?dateWeek=2025-09-22&rankRange=0-5000,2026-03-22T00:42:21Z
atp,2025-09-22,RG42,Alex Rybakov,Alex Rybakov,313,168,https://www.atptour.com/en/rankings/singles?dateWeek=2025-09-22&rankRange=0-5000,2026-03-22T00:42:21Z
atp,2025-09-22,RH62,Mats Rosenkranz,Mats Rosenkranz,314,168,https://www.atptour.com/en/rankings/singles?dateWeek=2025-09-22&rankRange=0-5000,2026-03-22T00:42:21Z
atp,2025-09-22,S0CG,Carlos Sanchez Jover,Carlos Sanchez Jover,315,167,https://www.atptour.com/en/rankings/singles?dateWeek=2025-09-22&rankRange=0-5000,2026-03-22T00:42:21Z
atp,2025-09-22,V836,Juan Pablo Varillas,Juan Pablo Varillas,316,165,https://www.atptour.com/en/rankings/singles?dateWeek=2025-09-22&rankRange=0-5000,2026-03-22T00:42:21Z
atp,2025-09-22,VA08,Andrea Vavassori,Andrea Vavassori,317,163,https://www.atptour.com/en/rankings/singles?dateWeek=2025-09-22&rankRange=0-5000,2026-03-22T00:42:21Z
atp,2025-09-22,K09F,Pavel Kotov,Pavel Kotov,318,162,https://www.atptour.com/en/rankings/singles?dateWeek=2025-09-22&rankRange=0-5000,2026-03-22T00:42:21Z
atp,2025-09-22,MP01,Michael Mmoh,Michael Mmoh,319,162,https://www.atptour.com/en/rankings/singles?dateWeek=2025-09-22&rankRange=0-5000,2026-03-22T00:42:21Z
atp,2025-09-22,N731,Christoph Negritu,Christoph Negritu,320,161,https://www.atptour.com/en/rankings/singles?dateWeek=2025-09-22&rankRange=0-5000,2026-03-22T00:42:21Z
atp,2025-09-22,GG65,Michael Geerts,Michael Geerts,321,161,https://www.atptour.com/en/rankings/singles?dateWeek=2025-09-22&rankRange=0-5000,2026-03-22T00:42:21Z
atp,2025-09-22,GB93,Norbert Gombos,Norbert Gombos,322,160,https://www.atptour.com/en/rankings/singles?dateWeek=2025-09-22&rankRange=0-5000,2026-03-22T00:42:21Z
atp,2025-09-22,LI10,Christian Langmo,Christian Langmo,323,159,https://www.atptour.com/en/rankings/singles?dateWeek=2025-09-22&rankRange=0-5000,2026-03-22T00:42:21Z
atp,2025-09-22,H0DU,Gustavo Heide,Gustavo Heide,324,158,https://www.atptour.com/en/rankings/singles?dateWeek=2025-09-22&rankRange=0-5000,2026-03-22T00:42:21Z
atp,2025-09-22,M0RE,Patrick Maloney,Patrick Maloney,325,158,https://www.atptour.com/en/rankings/singles?dateWeek=2025-09-22&rankRange=0-5000,2026-03-22T00:42:21Z
atp,2025-09-22,G0BY,Daniil Glinka,Daniil Glinka,326,157,https://www.atptour.com/en/rankings/singles?dateWeek=2025-09-22&rankRange=0-5000,2026-03-22T00:42:21Z
atp,2025-09-22,B0LQ,Petr Bar Biryukov,Petr Bar Biryukov,327,157,https://www.atptour.com/en/rankings/singles?dateWeek=2025-09-22&rankRange=0-5000,2026-03-22T00:42:21Z
atp,2025-09-22,PL64,Oleg Prihodko,Oleg Prihodko,328,157,https://www.atptour.com/en/rankings/singles?dateWeek=2025-09-22&rankRange=0-5000,2026-03-22T00:42:21Z
atp,2025-09-22,E698,Gastao Elias,Gastao Elias,329,156,https://www.atptour.com/en/rankings/singles?dateWeek=2025-09-22&rankRange=0-5000,2026-03-22T00:42:21Z
atp,2025-09-22,B0LW,Mika Brunold,Mika Brunold,330,156,https://www.atptour.com/en/rankings/singles?dateWeek=2025-09-22&rankRange=0-5000,2026-03-22T00:42:21Z
atp,2025-09-22,S0AK,Henri Squire,Henri Squire,331,156,https://www.atptour.com/en/rankings/singles?dateWeek=2025-09-22&rankRange=0-5000,2026-03-22T00:42:21Z
atp,2025-09-22,RC04,Alexander Ritschard,Alexander Ritschard,332,155,https://www.atptour.com/en/rankings/singles?dateWeek=2025-09-22&rankRange=0-5000,2026-03-22T00:42:21Z
atp,2025-09-22,PL39,Alfredo Perez,Alfredo Perez,333,155,https://www.atptour.com/en/rankings/singles?dateWeek=2025-09-22&rankRange=0-5000,2026-03-22T00:42:21Z
atp,2025-09-22,B0EK,Moerani Bouzige,Moerani Bouzige,334,154,https://www.atptour.com/en/rankings/singles?dateWeek=2025-09-22&rankRange=0-5000,2026-03-22T00:42:21Z
atp,2025-09-22,BV25,Javier Barranco Cosano,Javier Barranco Cosano,335,152,https://www.atptour.com/en/rankings/singles?dateWeek=2025-09-22&rankRange=0-5000,2026-03-22T00:42:21Z
atp,2025-09-22,S0BT,Adria Soriano Barrera,Adria Soriano Barrera,336,152,https://www.atptour.com/en/rankings/singles?dateWeek=2025-09-22&rankRange=0-5000,2026-03-22T00:42:21Z
atp,2025-09-22,K0CJ,Sandro Kopp,Sandro Kopp,337,152,https://www.atptour.com/en/rankings/singles?dateWeek=2025-09-22&rankRange=0-5000,2026-03-22T00:42:21Z
atp,2025-09-22,F0F4,Kilian Feldbausch,Kilian Feldbausch,338,152,https://www.atptour.com/en/rankings/singles?dateWeek=2025-09-22&rankRange=0-5000,2026-03-22T00:42:21Z
atp,2025-09-22,D0LJ,Diego Dedura,Diego Dedura,339,152,https://www.atptour.com/en/rankings/singles?dateWeek=2025-09-22&rankRange=0-5000,2026-03-22T00:42:21Z
atp,2025-09-22,BE69,Yan Bai,Yan Bai,340,151,https://www.atptour.com/en/rankings/singles?dateWeek=2025-09-22&rankRange=0-5000,2026-03-22T00:42:21Z
atp,2025-09-22,TD55,Renta Tokuda,Renta Tokuda,341,151,https://www.atptour.com/en/rankings/singles?dateWeek=2025-09-22&rankRange=0-5000,2026-03-22T00:42:21Z
atp,2025-09-22,A0CJ,Duje Ajdukovic,Duje Ajdukovic,342,150,https://www.atptour.com/en/rankings/singles?dateWeek=2025-09-22&rankRange=0-5000,2026-03-22T00:42:21Z
atp,2025-09-22,Z0AK,Tyler Zink,Tyler Zink,343,150,https://www.atptour.com/en/rankings/singles?dateWeek=2025-09-22&rankRange=0-5000,2026-03-22T00:42:21Z
atp,2025-09-22,V717,Alexey Vatutin,Alexey Vatutin,344,150,https://www.atptour.com/en/rankings/singles?dateWeek=2025-09-22&rankRange=0-5000,2026-03-22T00:42:21Z
atp,2025-09-22,B0C0,Adrian Boitan,Adrian Boitan,345,150,https://www.atptour.com/en/rankings/singles?dateWeek=2025-09-22&rankRange=0-5000,2026-03-22T00:42:21Z
atp,2025-09-22,B0FI,Pedro Boscardin Dias,Pedro Boscardin Dias,346,150,https://www.atptour.com/en/rankings/singles?dateWeek=2025-09-22&rankRange=0-5000,2026-03-22T00:42:21Z
atp,2025-09-22,D0CN,Miguel Damas,Miguel Damas,347,149,https://www.atptour.com/en/rankings/singles?dateWeek=2025-09-22&rankRange=0-5000,2026-03-22T00:42:21Z
atp,2025-09-22,B0NO,Darwin Blanch,Darwin Blanch,348,148,https://www.atptour.com/en/rankings/singles?dateWeek=2025-09-22&rankRange=0-5000,2026-03-22T00:42:21Z
atp,2025-09-22,S0GV,Robert Strombachs,Robert Strombachs,349,148,https://www.atptour.com/en/rankings/singles?dateWeek=2025-09-22&rankRange=0-5000,2026-03-22T00:42:21Z
atp,2025-09-22,P0GQ,Mili Poljicak,Mili Poljicak,350,146,https://www.atptour.com/en/rankings/singles?dateWeek=2025-09-22&rankRange=0-5000,2026-03-22T00:42:21Z
atp,2025-09-22,V821,Gonzalo Villanueva,Gonzalo Villanueva,351,146,https://www.atptour.com/en/rankings/singles?dateWeek=2025-09-22&rankRange=0-5000,2026-03-22T00:42:21Z
atp,2025-09-22,N0AL,Govind Nanda,Govind Nanda,352,145,https://www.atptour.com/en/rankings/singles?dateWeek=2025-09-22&rankRange=0-5000,2026-03-22T00:42:21Z
atp,2025-09-22,SG56,Daniel Dutra da Silva,Daniel Dutra Da Silva,353,145,https://www.atptour.com/en/rankings/singles?dateWeek=2025-09-22&rankRange=0-5000,2026-03-22T00:42:21Z
atp,2025-09-22,R772,Albert Ramos-Vinolas,Albert Ramos Vinolas,354,144,https://www.atptour.com/en/rankings/singles?dateWeek=2025-09-22&rankRange=0-5000,2026-03-22T00:42:21Z
atp,2025-09-22,J0A4,Paul Jubb,Paul Jubb,355,144,https://www.atptour.com/en/rankings/singles?dateWeek=2025-09-22&rankRange=0-5000,2026-03-22T00:42:21Z
atp,2025-09-22,H0DC,Giles Hussey,Giles Hussey,356,142,https://www.atptour.com/en/rankings/singles?dateWeek=2025-09-22&rankRange=0-5000,2026-03-22T00:42:21Z
atp,2025-09-22,AG08,Andres Andrade,Andres Andrade,357,142,https://www.atptour.com/en/rankings/singles?dateWeek=2025-09-22&rankRange=0-5000,2026-03-22T00:42:21Z
atp,2025-09-22,K0HG,Milos Karol,Milos Karol,358,142,https://www.atptour.com/en/rankings/singles?dateWeek=2025-09-22&rankRange=0-5000,2026-03-22T00:42:21Z
atp,2025-09-22,M0GY,Lilian Marmousez,Lilian Marmousez,359,141,https://www.atptour.com/en/rankings/singles?dateWeek=2025-09-22&rankRange=0-5000,2026-03-22T00:42:21Z
atp,2025-09-22,P0I6,Gabriele Piraino,Gabriele Piraino,360,141,https://www.atptour.com/en/rankings/singles?dateWeek=2025-09-22&rankRange=0-5000,2026-03-22T00:42:21Z
atp,2025-09-22,E768,Antoine Escoffier,Antoine Escoffier,361,141,https://www.atptour.com/en/rankings/singles?dateWeek=2025-09-22&rankRange=0-5000,2026-03-22T00:42:21Z
atp,2025-09-22,N0DB,Andrej Nedic,Andrej Nedic,362,140,https://www.atptour.com/en/rankings/singles?dateWeek=2025-09-22&rankRange=0-5000,2026-03-22T00:42:21Z
atp,2025-09-22,BK24,Gregoire Barrere,Gregoire Barrere,363,139,https://www.atptour.com/en/rankings/singles?dateWeek=2025-09-22&rankRange=0-5000,2026-03-22T00:42:21Z
atp,2025-09-22,Y171,Denis Yevseyev,Denis Yevseyev,364,139,https://www.atptour.com/en/rankings/singles?dateWeek=2025-09-22&rankRange=0-5000,2026-03-22T00:42:21Z
atp,2025-09-22,MI01,Hiroki Moriya,Hiroki Moriya,365,138,https://www.atptour.com/en/rankings/singles?dateWeek=2025-09-22&rankRange=0-5000,2026-03-22T00:42:21Z
atp,2025-09-22,R0ED,Max Hans Rehberg,Max Hans Rehberg,366,137,https://www.atptour.com/en/rankings/singles?dateWeek=2025-09-22&rankRange=0-5000,2026-03-22T00:42:21Z
atp,2025-09-22,J0D2,Maximus Jones,Maximus Jones,367,137,https://www.atptour.com/en/rankings/singles?dateWeek=2025-09-22&rankRange=0-5000,2026-03-22T00:42:21Z
atp,2025-09-22,H0BF,Philip Henning,Philip Henning,368,136,https://www.atptour.com/en/rankings/singles?dateWeek=2025-09-22&rankRange=0-5000,2026-03-22T00:42:21Z
atp,2025-09-22,G0AO,Alastair Gray,Alastair Gray,369,136,https://www.atptour.com/en/rankings/singles?dateWeek=2025-09-22&rankRange=0-5000,2026-03-22T00:42:21Z
atp,2025-09-22,Z371,Zhizhen Zhang,Zhizhen Zhang,370,135,https://www.atptour.com/en/rankings/singles?dateWeek=2025-09-22&rankRange=0-5000,2026-03-22T00:42:21Z
atp,2025-09-22,BV21,Charles Broom,Charles Broom,371,135,https://www.atptour.com/en/rankings/singles?dateWeek=2025-09-22&rankRange=0-5000,2026-03-22T00:42:21Z
atp,2025-09-22,SO20,Jelle Sels,Jelle Sels,372,134,https://www.atptour.com/en/rankings/singles?dateWeek=2025-09-22&rankRange=0-5000,2026-03-22T00:42:21Z
atp,2025-09-22,B0GI,Alexander Binda,Alexander Binda,373,134,https://www.atptour.com/en/rankings/singles?dateWeek=2025-09-22&rankRange=0-5000,2026-03-22T00:42:21Z
atp,2025-09-22,A0F3,Fabrizio Andaloro,Fabrizio Andaloro,374,133,https://www.atptour.com/en/rankings/singles?dateWeek=2025-09-22&rankRange=0-5000,2026-03-22T00:42:21Z
atp,2025-09-22,P0DR,Andrea Picchione,Andrea Picchione,375,133,https://www.atptour.com/en/rankings/singles?dateWeek=2025-09-22&rankRange=0-5000,2026-03-22T00:42:21Z
atp,2025-09-22,CF88,Roberto Cid Subervi,Roberto Cid Subervi,376,132,https://www.atptour.com/en/rankings/singles?dateWeek=2025-09-22&rankRange=0-5000,2026-03-22T00:42:21Z
atp,2025-09-22,EA27,Blake Ellis,Blake Ellis,377,132,https://www.atptour.com/en/rankings/singles?dateWeek=2025-09-22&rankRange=0-5000,2026-03-22T00:42:21Z
atp,2025-09-22,B0LL,Viacheslav Bielinskyi,Viacheslav Bielinskyi,378,132,https://www.atptour.com/en/rankings/singles?dateWeek=2025-09-22&rankRange=0-5000,2026-03-22T00:42:21Z
atp,2025-09-22,CH27,Hyeon Chung,Hyeon Chung,379,132,https://www.atptour.com/en/rankings/singles?dateWeek=2025-09-22&rankRange=0-5000,2026-03-22T00:42:21Z
atp,2025-09-22,BV24,Raul Brancaccio,Raul Brancaccio,380,132,https://www.atptour.com/en/rankings/singles?dateWeek=2025-09-22&rankRange=0-5000,2026-03-22T00:42:21Z
atp,2025-09-22,M0NL,Inaki Montes-De La Torre,Inaki Montes De La Torre,381,132,https://www.atptour.com/en/rankings/singles?dateWeek=2025-09-22&rankRange=0-5000,2026-03-22T00:42:21Z
atp,2025-09-22,PJ74,Lucas Poullain,Lucas Poullain,382,132,https://www.atptour.com/en/rankings/singles?dateWeek=2025-09-22&rankRange=0-5000,2026-03-22T00:42:21Z
atp,2025-09-22,A0BA,Federico Arnaboldi,Federico Arnaboldi,383,131,https://www.atptour.com/en/rankings/singles?dateWeek=2025-09-22&rankRange=0-5000,2026-03-22T00:42:21Z
atp,2025-09-22,MF35,Andrej Martin,Andrej Martin,384,130,https://www.atptour.com/en/rankings/singles?dateWeek=2025-09-22&rankRange=0-5000,2026-03-22T00:42:21Z
atp,2025-09-22,S0EX,Hamish Stewart,Hamish Stewart,385,130,https://www.atptour.com/en/rankings/singles?dateWeek=2025-09-22&rankRange=0-5000,2026-03-22T00:42:21Z
atp,2025-09-22,S0TX,Henry Searle,Henry Searle,386,129,https://www.atptour.com/en/rankings/singles?dateWeek=2025-09-22&rankRange=0-5000,2026-03-22T00:42:21Z
atp,2025-09-22,N663,Maximilian Neuchrist,Maximilian Neuchrist,387,129,https://www.atptour.com/en/rankings/singles?dateWeek=2025-09-22&rankRange=0-5000,2026-03-22T00:42:21Z
atp,2025-09-22,T0GR,Oliver Tarvet,Oliver Tarvet,388,128,https://www.atptour.com/en/rankings/singles?dateWeek=2025-09-22&rankRange=0-5000,2026-03-22T00:42:21Z
atp,2025-09-22,B0PE,Federico Bondioli,Federico Bondioli,389,128,https://www.atptour.com/en/rankings/singles?dateWeek=2025-09-22&rankRange=0-5000,2026-03-22T00:42:21Z
atp,2025-09-22,D0D4,Stefan Dostanic,Stefan Dostanic,390,127,https://www.atptour.com/en/rankings/singles?dateWeek=2025-09-22&rankRange=0-5000,2026-03-22T00:42:21Z
atp,2025-09-22,R0BT,Franco Roncadelli,Franco Roncadelli,391,127,https://www.atptour.com/en/rankings/singles?dateWeek=2025-09-22&rankRange=0-5000,2026-03-22T00:42:21Z
atp,2025-09-22,SM88,Karue Sell,Karue Sell,392,126,https://www.atptour.com/en/rankings/singles?dateWeek=2025-09-22&rankRange=0-5000,2026-03-22T00:42:21Z
atp,2025-09-22,G0J9,Svyatoslav Gulin,Svyatoslav Gulin,393,126,https://www.atptour.com/en/rankings/singles?dateWeek=2025-09-22&rankRange=0-5000,2026-03-22T00:42:21Z
atp,2025-09-22,S0VM,Trevor Svajda,Trevor Svajda,394,125,https://www.atptour.com/en/rankings/singles?dateWeek=2025-09-22&rankRange=0-5000,2026-03-22T00:42:21Z
atp,2025-09-22,S09P,Sanhui Shin,Sanhui Shin,395,125,https://www.atptour.com/en/rankings/singles?dateWeek=2025-09-22&rankRange=0-5000,2026-03-22T00:42:21Z
atp,2025-09-22,S0W8,Aryan Shah,Aryan Shah,396,125,https://www.atptour.com/en/rankings/singles?dateWeek=2025-09-22&rankRange=0-5000,2026-03-22T00:42:21Z
atp,2025-09-22,BU10,Jacopo Berrettini,Jacopo Berrettini,397,124,https://www.atptour.com/en/rankings/singles?dateWeek=2025-09-22&rankRange=0-5000,2026-03-22T00:42:21Z
atp,2025-09-22,O0BE,Oleksandr Ovcharenko,Oleksandr Ovcharenko,398,124,https://www.atptour.com/en/rankings/singles?dateWeek=2025-09-22&rankRange=0-5000,2026-03-22T00:42:21Z
atp,2025-09-22,P0B2,Luca Potenza,Luca Potenza,399,123,https://www.atptour.com/en/rankings/singles?dateWeek=2025-09-22&rankRange=0-5000,2026-03-22T00:42:21Z
atp,2025-09-22,SR81,Khumoyun Sultanov,Khumoyun Sultanov,400,122,https://www.atptour.com/en/rankings/singles?dateWeek=2025-09-22&rankRange=0-5000,2026-03-22T00:42:21Z
atp,2025-09-22,E0AA,Yanki Erel,Yanki Erel,401,122,https://www.atptour.com/en/rankings/singles?dateWeek=2025-09-22&rankRange=0-5000,2026-03-22T00:42:21Z
atp,2025-09-22,S0HR,Kasidit Samrej,Kasidit Samrej,402,122,https://www.atptour.com/en/rankings/singles?dateWeek=2025-09-22&rankRange=0-5000,2026-03-22T00:42:21Z
atp,2025-09-22,MJ98,Facundo Mena,Facundo Mena,403,121,https://www.atptour.com/en/rankings/singles?dateWeek=2025-09-22&rankRange=0-5000,2026-03-22T00:42:21Z
atp,2025-09-22,J0AW,Guido Ivan Justo,Guido Ivan Justo,404,120,https://www.atptour.com/en/rankings/singles?dateWeek=2025-09-22&rankRange=0-5000,2026-03-22T00:42:21Z
atp,2025-09-22,DB59,Dennis Novak,Dennis Novak,405,118,https://www.atptour.com/en/rankings/singles?dateWeek=2025-09-22&rankRange=0-5000,2026-03-22T00:42:21Z
atp,2025-09-22,W0BU,Olle Wallin,Olle Wallin,406,118,https://www.atptour.com/en/rankings/singles?dateWeek=2025-09-22&rankRange=0-5000,2026-03-22T00:42:21Z
atp,2025-09-22,J476,David Jorda Sanchis,David Jorda Sanchis,407,117,https://www.atptour.com/en/rankings/singles?dateWeek=2025-09-22&rankRange=0-5000,2026-03-22T00:42:21Z
atp,2025-09-22,KE69,Mariano Kestelboim,Mariano Kestelboim,408,117,https://www.atptour.com/en/rankings/singles?dateWeek=2025-09-22&rankRange=0-5000,2026-03-22T00:42:21Z
atp,2025-09-22,Z419,Bernabe Zapata Miralles,Bernabe Zapata Miralles,409,117,https://www.atptour.com/en/rankings/singles?dateWeek=2025-09-22&rankRange=0-5000,2026-03-22T00:42:21Z
atp,2025-09-22,I0B0,Andre Ilagan,Andre Ilagan,410,117,https://www.atptour.com/en/rankings/singles?dateWeek=2025-09-22&rankRange=0-5000,2026-03-22T00:42:21Z
atp,2025-09-22,CG07,Hernan Casanova,Hernan Casanova,411,116,https://www.atptour.com/en/rankings/singles?dateWeek=2025-09-22&rankRange=0-5000,2026-03-22T00:42:21Z
atp,2025-09-22,P0BK,Stuart Parker,Stuart Parker,412,116,https://www.atptour.com/en/rankings/singles?dateWeek=2025-09-22&rankRange=0-5000,2026-03-22T00:42:21Z
atp,2025-09-22,FC49,Giovanni Fonio,Giovanni Fonio,413,115,https://www.atptour.com/en/rankings/singles?dateWeek=2025-09-22&rankRange=0-5000,2026-03-22T00:42:21Z
atp,2025-09-22,BE90,Ricardas Berankis,Ricardas Berankis,414,114,https://www.atptour.com/en/rankings/singles?dateWeek=2025-09-22&rankRange=0-5000,2026-03-22T00:42:21Z
atp,2025-09-22,T0DM,Juan Bautista Torres,Juan Bautista Torres,415,114,https://www.atptour.com/en/rankings/singles?dateWeek=2025-09-22&rankRange=0-5000,2026-03-22T00:42:21Z
atp,2025-09-22,B0I6,Samir Banerjee,Samir Banerjee,416,113,https://www.atptour.com/en/rankings/singles?dateWeek=2025-09-22&rankRange=0-5000,2026-03-22T00:42:21Z
atp,2025-09-22,G0IW,Antoine Ghibaudo,Antoine Ghibaudo,417,113,https://www.atptour.com/en/rankings/singles?dateWeek=2025-09-22&rankRange=0-5000,2026-03-22T00:42:21Z
atp,2025-09-22,O376,Renzo Olivo,Renzo Olivo,418,113,https://www.atptour.com/en/rankings/singles?dateWeek=2025-09-22&rankRange=0-5000,2026-03-22T00:42:21Z
atp,2025-09-22,A0EA,Max Alcala Gurri,Max Alcala Gurri,419,113,https://www.atptour.com/en/rankings/singles?dateWeek=2025-09-22&rankRange=0-5000,2026-03-22T00:42:21Z
atp,2025-09-22,S0RI,Karan Singh,Karan Singh,420,112,https://www.atptour.com/en/rankings/singles?dateWeek=2025-09-22&rankRange=0-5000,2026-03-22T00:42:21Z
atp,2025-09-22,A0IK,Luciano Emanuel Ambrogi,Luciano Emanuel Ambrogi,421,112,https://www.atptour.com/en/rankings/singles?dateWeek=2025-09-22&rankRange=0-5000,2026-03-22T00:42:21Z
atp,2025-09-22,I0A7,Nicholas David Ionel,Nicholas David Ionel,422,112,https://www.atptour.com/en/rankings/singles?dateWeek=2025-09-22&rankRange=0-5000,2026-03-22T00:42:21Z
atp,2025-09-22,M0SE,Maxim Mrva,Maxim Mrva,423,111,https://www.atptour.com/en/rankings/singles?dateWeek=2025-09-22&rankRange=0-5000,2026-03-22T00:42:21Z
atp,2025-09-22,U120,Kaichi Uchida,Kaichi Uchida,424,111,https://www.atptour.com/en/rankings/singles?dateWeek=2025-09-22&rankRange=0-5000,2026-03-22T00:42:21Z
atp,2025-09-22,P0HP,Lukas Pokorny,Lukas Pokorny,425,111,https://www.atptour.com/en/rankings/singles?dateWeek=2025-09-22&rankRange=0-5000,2026-03-22T00:42:21Z
atp,2025-09-22,M0BN,Marvin Moeller,Marvin Moeller,426,110,https://www.atptour.com/en/rankings/singles?dateWeek=2025-09-22&rankRange=0-5000,2026-03-22T00:42:21Z
atp,2025-09-22,M0EY,Alex Marti Pujolras,Alex Marti Pujolras,427,110,https://www.atptour.com/en/rankings/singles?dateWeek=2025-09-22&rankRange=0-5000,2026-03-22T00:42:21Z
atp,2025-09-22,O482,Gonzalo Oliveira,Gonzalo Oliveira,428,109,https://www.atptour.com/en/rankings/singles?dateWeek=2025-09-22&rankRange=0-5000,2026-03-22T00:42:21Z
atp,2025-09-22,RB60,Oriol Roca Batalla,Oriol Roca Batalla,429,109,https://www.atptour.com/en/rankings/singles?dateWeek=2025-09-22&rankRange=0-5000,2026-03-22T00:42:21Z
atp,2025-09-22,I426,Masamichi Imamura,Masamichi Imamura,430,109,https://www.atptour.com/en/rankings/singles?dateWeek=2025-09-22&rankRange=0-5000,2026-03-22T00:42:21Z
atp,2025-09-22,BF23,Facundo Bagnis,Facundo Bagnis,431,108,https://www.atptour.com/en/rankings/singles?dateWeek=2025-09-22&rankRange=0-5000,2026-03-22T00:42:21Z
atp,2025-09-22,C0B2,Cezar Cretu,Cezar Cretu,432,108,https://www.atptour.com/en/rankings/singles?dateWeek=2025-09-22&rankRange=0-5000,2026-03-22T00:42:21Z
atp,2025-09-22,D0A2,Matthew Dellavedova,Matthew Dellavedova,433,107,https://www.atptour.com/en/rankings/singles?dateWeek=2025-09-22&rankRange=0-5000,2026-03-22T00:42:21Z
atp,2025-09-22,LC12,Laurent Lokoli,Laurent Lokoli,434,106,https://www.atptour.com/en/rankings/singles?dateWeek=2025-09-22&rankRange=0-5000,2026-03-22T00:42:21Z
atp,2025-09-22,SL94,Pedro Sakamoto,Pedro Sakamoto,435,106,https://www.atptour.com/en/rankings/singles?dateWeek=2025-09-22&rankRange=0-5000,2026-03-22T00:42:21Z
atp,2025-09-22,M0AC,Rudolf Molleker,Rudolf Molleker,436,106,https://www.atptour.com/en/rankings/singles?dateWeek=2025-09-22&rankRange=0-5000,2026-03-22T00:42:21Z
atp,2025-09-22,S0NV,Abdullah Shelbayh,Abdullah Shelbayh,437,105,https://www.atptour.com/en/rankings/singles?dateWeek=2025-09-22&rankRange=0-5000,2026-03-22T00:42:21Z
atp,2025-09-22,TF58,Yusuke Takahashi,Yusuke Takahashi,438,104,https://www.atptour.com/en/rankings/singles?dateWeek=2025-09-22&rankRange=0-5000,2026-03-22T00:42:21Z
atp,2025-09-22,N0B4,Ryan Nijboer,Ryan Nijboer,439,104,https://www.atptour.com/en/rankings/singles?dateWeek=2025-09-22&rankRange=0-5000,2026-03-22T00:42:21Z
atp,2025-09-22,M0RG,Daniel Milavsky,Daniel Milavsky,440,103,https://www.atptour.com/en/rankings/singles?dateWeek=2025-09-22&rankRange=0-5000,2026-03-22T00:42:21Z
atp,2025-09-22,B0OV,Petr Brunclik,Petr Brunclik,441,103,https://www.atptour.com/en/rankings/singles?dateWeek=2025-09-22&rankRange=0-5000,2026-03-22T00:42:21Z
atp,2025-09-22,SK94,Cedrik-Marcel Stebe,Cedrik Marcel Stebe,442,102,https://www.atptour.com/en/rankings/singles?dateWeek=2025-09-22&rankRange=0-5000,2026-03-22T00:42:21Z
atp,2025-09-22,A09W,Juan Carlos Aguilar,Juan Carlos Aguilar,443,102,https://www.atptour.com/en/rankings/singles?dateWeek=2025-09-22&rankRange=0-5000,2026-03-22T00:42:21Z
atp,2025-09-22,MN20,Daniel Masur,Daniel Masur,444,100,https://www.atptour.com/en/rankings/singles?dateWeek=2025-09-22&rankRange=0-5000,2026-03-22T00:42:21Z
atp,2025-09-22,C0OW,Lorenzo Carboni,Lorenzo Carboni,445,100,https://www.atptour.com/en/rankings/singles?dateWeek=2025-09-22&rankRange=0-5000,2026-03-22T00:42:21Z
atp,2025-09-22,P0BM,Tadeas Paroulek,Tadeas Paroulek,446,98,https://www.atptour.com/en/rankings/singles?dateWeek=2025-09-22&rankRange=0-5000,2026-03-22T00:42:21Z
atp,2025-09-22,KE64,Stefan Kozlov,Stefan Kozlov,447,97,https://www.atptour.com/en/rankings/singles?dateWeek=2025-09-22&rankRange=0-5000,2026-03-22T00:42:21Z
atp,2025-09-22,D0DC,Etienne Donnet,Etienne Donnet,448,97,https://www.atptour.com/en/rankings/singles?dateWeek=2025-09-22&rankRange=0-5000,2026-03-22T00:42:21Z
atp,2025-09-22,DG80,Enrico Dalla Valle,Enrico Dalla Valle,449,97,https://www.atptour.com/en/rankings/singles?dateWeek=2025-09-22&rankRange=0-5000,2026-03-22T00:42:21Z
atp,2025-09-22,O0AD,Neil Oberleitner,Neil Oberleitner,450,97,https://www.atptour.com/en/rankings/singles?dateWeek=2025-09-22&rankRange=0-5000,2026-03-22T00:42:21Z
atp,2025-09-22,B0JE,Max Basing,Max Basing,451,96,https://www.atptour.com/en/rankings/singles?dateWeek=2025-09-22&rankRange=0-5000,2026-03-22T00:42:21Z
atp,2025-09-22,S0TI,Philip Sekulic,Philip Sekulic,452,96,https://www.atptour.com/en/rankings/singles?dateWeek=2025-09-22&rankRange=0-5000,2026-03-22T00:42:21Z
atp,2025-09-22,W0BB,Max Wiskandt,Max Wiskandt,453,96,https://www.atptour.com/en/rankings/singles?dateWeek=2025-09-22&rankRange=0-5000,2026-03-22T00:42:21Z
atp,2025-09-22,B0JP,Dali Blanch,Dali Blanch,454,96,https://www.atptour.com/en/rankings/singles?dateWeek=2025-09-22&rankRange=0-5000,2026-03-22T00:42:21Z
atp,2025-09-22,M0C2,Dan Martin,Dan Martin,455,95,https://www.atptour.com/en/rankings/singles?dateWeek=2025-09-22&rankRange=0-5000,2026-03-22T00:42:21Z
atp,2025-09-22,K0DP,Oleksii Krutykh,Oleksii Krutykh,456,95,https://www.atptour.com/en/rankings/singles?dateWeek=2025-09-22&rankRange=0-5000,2026-03-22T00:42:21Z
atp,2025-09-22,H0CD,Alex Hernandez,Alex Hernandez,457,95,https://www.atptour.com/en/rankings/singles?dateWeek=2025-09-22&rankRange=0-5000,2026-03-22T00:42:21Z
atp,2025-09-22,W0AH,Harry Wendelken,Harry Wendelken,458,95,https://www.atptour.com/en/rankings/singles?dateWeek=2025-09-22&rankRange=0-5000,2026-03-22T00:42:21Z
atp,2025-09-22,W0A4,Arthur Weber,Arthur Weber,459,94,https://www.atptour.com/en/rankings/singles?dateWeek=2025-09-22&rankRange=0-5000,2026-03-22T00:42:21Z
atp,2025-09-22,C0NN,Gianluca Cadenasso,Gianluca Cadenasso,460,94,https://www.atptour.com/en/rankings/singles?dateWeek=2025-09-22&rankRange=0-5000,2026-03-22T00:42:21Z
atp,2025-09-22,R0BC,Lorenzo Joaquin Rodriguez,Lorenzo Joaquin Rodriguez,461,94,https://www.atptour.com/en/rankings/singles?dateWeek=2025-09-22&rankRange=0-5000,2026-03-22T00:42:21Z
atp,2025-09-22,D0AR,Mateus Alves,Mateus Alves,462,94,https://www.atptour.com/en/rankings/singles?dateWeek=2025-09-22&rankRange=0-5000,2026-03-22T00:42:21Z
atp,2025-09-22,F0BT,Jonas Forejtek,Jonas Forejtek,463,93,https://www.atptour.com/en/rankings/singles?dateWeek=2025-09-22&rankRange=0-5000,2026-03-22T00:42:21Z
atp,2025-09-22,CH80,Luca Castelnuovo,Luca Castelnuovo,464,93,https://www.atptour.com/en/rankings/singles?dateWeek=2025-09-22&rankRange=0-5000,2026-03-22T00:42:21Z
atp,2025-09-22,MP13,Mukund Sasikumar,Mukund Sasikumar,465,93,https://www.atptour.com/en/rankings/singles?dateWeek=2025-09-22&rankRange=0-5000,2026-03-22T00:42:21Z
atp,2025-09-22,D0HJ,Branko Djuric,Branko Djuric,466,93,https://www.atptour.com/en/rankings/singles?dateWeek=2025-09-22&rankRange=0-5000,2026-03-22T00:42:21Z
atp,2025-09-22,P0JG,Gabriele Pennaforti,Gabriele Pennaforti,467,93,https://www.atptour.com/en/rankings/singles?dateWeek=2025-09-22&rankRange=0-5000,2026-03-22T00:42:21Z
atp,2025-09-22,M0I0,Maxwell Mckennon,Maxwell Mckennon,468,92,https://www.atptour.com/en/rankings/singles?dateWeek=2025-09-22&rankRange=0-5000,2026-03-22T00:42:21Z
atp,2025-09-22,M0FA,Anton Matusevich,Anton Matusevich,469,91,https://www.atptour.com/en/rankings/singles?dateWeek=2025-09-22&rankRange=0-5000,2026-03-22T00:42:21Z
atp,2025-09-22,BE67,Mirza Basic,Mirza Basic,470,91,https://www.atptour.com/en/rankings/singles?dateWeek=2025-09-22&rankRange=0-5000,2026-03-22T00:42:21Z
atp,2025-09-22,C0LK,Carlo Alberto Caniato,Carlo Alberto Caniato,471,91,https://www.atptour.com/en/rankings/singles?dateWeek=2025-09-22&rankRange=0-5000,2026-03-22T00:42:21Z
atp,2025-09-22,M0G0,Ryuki Matsuda,Ryuki Matsuda,472,91,https://www.atptour.com/en/rankings/singles?dateWeek=2025-09-22&rankRange=0-5000,2026-03-22T00:42:21Z
atp,2025-09-22,O659,Vladyslav Orlov,Vladyslav Orlov,473,91,https://www.atptour.com/en/rankings/singles?dateWeek=2025-09-22&rankRange=0-5000,2026-03-22T00:42:21Z
atp,2025-09-22,PF65,Filip Peliwo,Filip Peliwo,474,91,https://www.atptour.com/en/rankings/singles?dateWeek=2025-09-22&rankRange=0-5000,2026-03-22T00:42:21Z
atp,2025-09-22,T0EI,Aristotelis Thanos,Aristotelis Thanos,475,90,https://www.atptour.com/en/rankings/singles?dateWeek=2025-09-22&rankRange=0-5000,2026-03-22T00:42:21Z
atp,2025-09-22,PG94,Marc Polmans,Marc Polmans,476,90,https://www.atptour.com/en/rankings/singles?dateWeek=2025-09-22&rankRange=0-5000,2026-03-22T00:42:21Z
atp,2025-09-22,R0IL,Iliyan Radulov,Iliyan Radulov,477,90,https://www.atptour.com/en/rankings/singles?dateWeek=2025-09-22&rankRange=0-5000,2026-03-22T00:42:21Z
atp,2025-09-22,M0TO,Mae Malige,Mae Malige,478,90,https://www.atptour.com/en/rankings/singles?dateWeek=2025-09-22&rankRange=0-5000,2026-03-22T00:42:21Z
atp,2025-09-22,A0ES,Pedro Araujo,Pedro Araujo,479,90,https://www.atptour.com/en/rankings/singles?dateWeek=2025-09-22&rankRange=0-5000,2026-03-22T00:42:21Z
atp,2025-09-22,H0B5,Tsung-Hao Huang,Tsung Hao Huang,480,90,https://www.atptour.com/en/rankings/singles?dateWeek=2025-09-22&rankRange=0-5000,2026-03-22T00:42:21Z
atp,2025-09-22,V0BD,Nikolay Vylegzhanin,Nikolay Vylegzhanin,481,90,https://www.atptour.com/en/rankings/singles?dateWeek=2025-09-22&rankRange=0-5000,2026-03-22T00:42:21Z
atp,2025-09-22,KF17,Soonwoo Kwon,Soonwoo Kwon,482,89,https://www.atptour.com/en/rankings/singles?dateWeek=2025-09-22&rankRange=0-5000,2026-03-22T00:42:21Z
atp,2025-09-22,KI48,Ergi Kirkin,Ergi Kirkin,483,89,https://www.atptour.com/en/rankings/singles?dateWeek=2025-09-22&rankRange=0-5000,2026-03-22T00:42:21Z
atp,2025-09-22,T0IZ,Alvin Nicholas Tudorica,Alvin Nicholas Tudorica,484,89,https://www.atptour.com/en/rankings/singles?dateWeek=2025-09-22&rankRange=0-5000,2026-03-22T00:42:21Z
atp,2025-09-22,SQ80,Akira Santillan,Akira Santillan,485,87,https://www.atptour.com/en/rankings/singles?dateWeek=2025-09-22&rankRange=0-5000,2026-03-22T00:42:21Z
atp,2025-09-22,M0B2,Yuki Mochizuki,Yuki Mochizuki,486,87,https://www.atptour.com/en/rankings/singles?dateWeek=2025-09-22&rankRange=0-5000,2026-03-22T00:42:21Z
atp,2025-09-22,A0FM,Egor Agafonov,Egor Agafonov,487,87,https://www.atptour.com/en/rankings/singles?dateWeek=2025-09-22&rankRange=0-5000,2026-03-22T00:42:21Z
atp,2025-09-22,P0E9,Dominik Palan,Dominik Palan,488,87,https://www.atptour.com/en/rankings/singles?dateWeek=2025-09-22&rankRange=0-5000,2026-03-22T00:42:21Z
atp,2025-09-22,A0I1,Bor Artnak,Bor Artnak,489,86,https://www.atptour.com/en/rankings/singles?dateWeek=2025-09-22&rankRange=0-5000,2026-03-22T00:42:21Z
atp,2025-09-22,P0IT,Olaf Pieczkowski,Olaf Pieczkowski,490,86,https://www.atptour.com/en/rankings/singles?dateWeek=2025-09-22&rankRange=0-5000,2026-03-22T00:42:21Z
atp,2025-09-22,WB19,Alexander Weis,Alexander Weis,491,86,https://www.atptour.com/en/rankings/singles?dateWeek=2025-09-22&rankRange=0-5000,2026-03-22T00:42:21Z
atp,2025-09-22,I0AX,Kokoro Isomura,Kokoro Isomura,492,86,https://www.atptour.com/en/rankings/singles?dateWeek=2025-09-22&rankRange=0-5000,2026-03-22T00:42:21Z
atp,2025-09-22,F0A3,Sergey Fomin,Sergey Fomin,493,86,https://www.atptour.com/en/rankings/singles?dateWeek=2025-09-22&rankRange=0-5000,2026-03-22T00:42:21Z
atp,2025-09-22,M0EG,Tristan McCormick,Tristan Mccormick,494,86,https://www.atptour.com/en/rankings/singles?dateWeek=2025-09-22&rankRange=0-5000,2026-03-22T00:42:21Z
atp,2025-09-22,B0C5,Florian Broska,Florian Broska,495,85,https://www.atptour.com/en/rankings/singles?dateWeek=2025-09-22&rankRange=0-5000,2026-03-22T00:42:21Z
atp,2025-09-22,KC04,Jozef Kovalik,Jozef Kovalik,496,85,https://www.atptour.com/en/rankings/singles?dateWeek=2025-09-22&rankRange=0-5000,2026-03-22T00:42:21Z
atp,2025-09-22,C0JX,Sean Cuenin,Sean Cuenin,497,85,https://www.atptour.com/en/rankings/singles?dateWeek=2025-09-22&rankRange=0-5000,2026-03-22T00:42:21Z
atp,2025-09-22,LC11,Tristan Lamasine,Tristan Lamasine,498,85,https://www.atptour.com/en/rankings/singles?dateWeek=2025-09-22&rankRange=0-5000,2026-03-22T00:42:21Z
atp,2025-09-22,C0BB,Tommaso Compagnucci,Tommaso Compagnucci,499,85,https://www.atptour.com/en/rankings/singles?dateWeek=2025-09-22&rankRange=0-5000,2026-03-22T00:42:21Z
atp,2025-09-22,S0IN,Woobin Shin,Woobin Shin,500,84,https://www.atptour.com/en/rankings/singles?dateWeek=2025-09-22&rankRange=0-5000,2026-03-22T00:42:21Z
atp,2025-09-22,V0D4,Eric Vanshelboim,Eric Vanshelboim,501,84,https://www.atptour.com/en/rankings/singles?dateWeek=2025-09-22&rankRange=0-5000,2026-03-22T00:42:21Z
atp,2025-09-22,S0C2,Hikaru Shiraishi,Hikaru Shiraishi,502,84,https://www.atptour.com/en/rankings/singles?dateWeek=2025-09-22&rankRange=0-5000,2026-03-22T00:42:21Z
atp,2025-09-22,KE73,Dominik Koepfer,Dominik Koepfer,503,83,https://www.atptour.com/en/rankings/singles?dateWeek=2025-09-22&rankRange=0-5000,2026-03-22T00:42:21Z
atp,2025-09-22,C0I4,Tibo Colson,Tibo Colson,504,83,https://www.atptour.com/en/rankings/singles?dateWeek=2025-09-22&rankRange=0-5000,2026-03-22T00:42:21Z
atp,2025-09-22,B0TP,Henry Bernet,Henry Bernet,505,82,https://www.atptour.com/en/rankings/singles?dateWeek=2025-09-22&rankRange=0-5000,2026-03-22T00:42:21Z
atp,2025-09-22,K0FY,Martin Krumich,Martin Krumich,506,82,https://www.atptour.com/en/rankings/singles?dateWeek=2025-09-22&rankRange=0-5000,2026-03-22T00:42:21Z
atp,2025-09-22,Z0C3,Maxim Zhukov,Maxim Zhukov,507,82,https://www.atptour.com/en/rankings/singles?dateWeek=2025-09-22&rankRange=0-5000,2026-03-22T00:42:21Z
atp,2025-09-22,U176,Vadym Ursu,Vadym Ursu,508,82,https://www.atptour.com/en/rankings/singles?dateWeek=2025-09-22&rankRange=0-5000,2026-03-22T00:42:21Z
atp,2025-09-22,A0K3,Nicolas Arseneault,Nicolas Arseneault,509,81,https://www.atptour.com/en/rankings/singles?dateWeek=2025-09-22&rankRange=0-5000,2026-03-22T00:42:21Z
atp,2025-09-22,VA23,Kris Van Wyk,Kris Van Wyk,510,81,https://www.atptour.com/en/rankings/singles?dateWeek=2025-09-22&rankRange=0-5000,2026-03-22T00:42:21Z
atp,2025-09-22,V993,Eero Vasa,Eero Vasa,511,81,https://www.atptour.com/en/rankings/singles?dateWeek=2025-09-22&rankRange=0-5000,2026-03-22T00:42:21Z
atp,2025-09-22,L0GR,Juan Manuel La Serna,Juan Manuel La Serna,512,80,https://www.atptour.com/en/rankings/singles?dateWeek=2025-09-22&rankRange=0-5000,2026-03-22T00:42:21Z
atp,2025-09-22,F0BP,Pietro Fellin,Pietro Fellin,513,80,https://www.atptour.com/en/rankings/singles?dateWeek=2025-09-22&rankRange=0-5000,2026-03-22T00:42:21Z
atp,2025-09-22,L0ID,Jack Loge,Jack Loge,514,80,https://www.atptour.com/en/rankings/singles?dateWeek=2025-09-22&rankRange=0-5000,2026-03-22T00:42:21Z
atp,2025-09-22,J620,Maxime Janvier,Maxime Janvier,515,80,https://www.atptour.com/en/rankings/singles?dateWeek=2025-09-22&rankRange=0-5000,2026-03-22T00:42:21Z
atp,2025-09-22,SY00,Christian Sigsgaard,Christian Sigsgaard,516,79,https://www.atptour.com/en/rankings/singles?dateWeek=2025-09-22&rankRange=0-5000,2026-03-22T00:42:21Z
atp,2025-09-22,BI23,Liam Broady,Liam Broady,517,79,https://www.atptour.com/en/rankings/singles?dateWeek=2025-09-22&rankRange=0-5000,2026-03-22T00:42:21Z
atp,2025-09-22,N0CJ,Petr Nesterov,Petr Nesterov,518,79,https://www.atptour.com/en/rankings/singles?dateWeek=2025-09-22&rankRange=0-5000,2026-03-22T00:42:21Z
atp,2025-09-22,T0AA,Dan Alexandru Tomescu,Dan Alexandru Tomescu,519,78,https://www.atptour.com/en/rankings/singles?dateWeek=2025-09-22&rankRange=0-5000,2026-03-22T00:42:21Z
atp,2025-09-22,N679,Stefano Napolitano,Stefano Napolitano,520,77,https://www.atptour.com/en/rankings/singles?dateWeek=2025-09-22&rankRange=0-5000,2026-03-22T00:42:21Z
atp,2025-09-22,M0GP,Filippo Moroni,Filippo Moroni,521,77,https://www.atptour.com/en/rankings/singles?dateWeek=2025-09-22&rankRange=0-5000,2026-03-22T00:42:21Z
atp,2025-09-22,K0DB,Cannon Kingsley,Cannon Kingsley,522,77,https://www.atptour.com/en/rankings/singles?dateWeek=2025-09-22&rankRange=0-5000,2026-03-22T00:42:21Z
atp,2025-09-22,KD87,Evgeny Karlovskiy,Evgeny Karlovskiy,523,77,https://www.atptour.com/en/rankings/singles?dateWeek=2025-09-22&rankRange=0-5000,2026-03-22T00:42:21Z
atp,2025-09-22,S0H9,James Story,James Story,524,77,https://www.atptour.com/en/rankings/singles?dateWeek=2025-09-22&rankRange=0-5000,2026-03-22T00:42:21Z
atp,2025-09-22,CO01,Andrey Chepelev,Andrey Chepelev,525,77,https://www.atptour.com/en/rankings/singles?dateWeek=2025-09-22&rankRange=0-5000,2026-03-22T00:42:21Z
atp,2025-09-22,M0EN,Manuel Mazza,Manuel Mazza,526,76,https://www.atptour.com/en/rankings/singles?dateWeek=2025-09-22&rankRange=0-5000,2026-03-22T00:42:21Z
atp,2025-09-22,A0JA,Michael Agwi,Michael Agwi,527,76,https://www.atptour.com/en/rankings/singles?dateWeek=2025-09-22&rankRange=0-5000,2026-03-22T00:42:21Z
atp,2025-09-22,M0CW,Aidan McHugh,Aidan Mchugh,528,76,https://www.atptour.com/en/rankings/singles?dateWeek=2025-09-22&rankRange=0-5000,2026-03-22T00:42:21Z
atp,2025-09-22,K0EU,Toby Kodat,Toby Kodat,529,76,https://www.atptour.com/en/rankings/singles?dateWeek=2025-09-22&rankRange=0-5000,2026-03-22T00:42:21Z
atp,2025-09-22,DC38,Jake Delaney,Jake Delaney,530,75,https://www.atptour.com/en/rankings/singles?dateWeek=2025-09-22&rankRange=0-5000,2026-03-22T00:42:21Z
atp,2025-09-22,F0DP,Peter Fajta,Peter Fajta,531,74,https://www.atptour.com/en/rankings/singles?dateWeek=2025-09-22&rankRange=0-5000,2026-03-22T00:42:21Z
atp,2025-09-22,MN13,Maximilian Marterer,Maximilian Marterer,532,73,https://www.atptour.com/en/rankings/singles?dateWeek=2025-09-22&rankRange=0-5000,2026-03-22T00:42:21Z
atp,2025-09-22,W0C4,Edward Winter,Edward Winter,533,73,https://www.atptour.com/en/rankings/singles?dateWeek=2025-09-22&rankRange=0-5000,2026-03-22T00:42:21Z
atp,2025-09-22,K0DE,Takuya Kumasaka,Takuya Kumasaka,534,73,https://www.atptour.com/en/rankings/singles?dateWeek=2025-09-22&rankRange=0-5000,2026-03-22T00:42:21Z
atp,2025-09-22,TD47,Evgenii Tiurnev,Evgenii Tiurnev,535,72,https://www.atptour.com/en/rankings/singles?dateWeek=2025-09-22&rankRange=0-5000,2026-03-22T00:42:21Z
atp,2025-09-22,M0QK,Loann Massard,Loann Massard,536,72,https://www.atptour.com/en/rankings/singles?dateWeek=2025-09-22&rankRange=0-5000,2026-03-22T00:42:21Z
atp,2025-09-22,Z0BL,Fares Zakaria,Fares Zakaria,537,72,https://www.atptour.com/en/rankings/singles?dateWeek=2025-09-22&rankRange=0-5000,2026-03-22T00:42:21Z
atp,2025-09-22,DB32,Yurii Dzhavakian,Yurii Dzhavakian,538,72,https://www.atptour.com/en/rankings/singles?dateWeek=2025-09-22&rankRange=0-5000,2026-03-22T00:42:21Z
atp,2025-09-22,E831,Kyle Edmund,Kyle Edmund,539,71,https://www.atptour.com/en/rankings/singles?dateWeek=2025-09-22&rankRange=0-5000,2026-03-22T00:42:21Z
atp,2025-09-22,I330,Shintaro Imai,Shintaro Imai,540,71,https://www.atptour.com/en/rankings/singles?dateWeek=2025-09-22&rankRange=0-5000,2026-03-22T00:42:21Z
atp,2025-09-22,P0G5,Stefan Popovic,Stefan Popovic,541,71,https://www.atptour.com/en/rankings/singles?dateWeek=2025-09-22&rankRange=0-5000,2026-03-22T00:42:21Z
atp,2025-09-22,GC89,Egor Gerasimov,Egor Gerasimov,542,70,https://www.atptour.com/en/rankings/singles?dateWeek=2025-09-22&rankRange=0-5000,2026-03-22T00:42:21Z
atp,2025-09-22,GH33,Manuel Guinard,Manuel Guinard,543,70,https://www.atptour.com/en/rankings/singles?dateWeek=2025-09-22&rankRange=0-5000,2026-03-22T00:42:21Z
atp,2025-09-22,G0MI,Adhithya Ganesan,Adhithya Ganesan,544,70,https://www.atptour.com/en/rankings/singles?dateWeek=2025-09-22&rankRange=0-5000,2026-03-22T00:42:21Z
atp,2025-09-22,B0P4,Tomasz Berkieta,Tomasz Berkieta,545,70,https://www.atptour.com/en/rankings/singles?dateWeek=2025-09-22&rankRange=0-5000,2026-03-22T00:42:21Z
atp,2025-09-22,K0HZ,Aidan Kim,Aidan Kim,546,69,https://www.atptour.com/en/rankings/singles?dateWeek=2025-09-22&rankRange=0-5000,2026-03-22T00:42:21Z
atp,2025-09-22,K0HC,Maks Kasnikowski,Maks Kasnikowski,547,69,https://www.atptour.com/en/rankings/singles?dateWeek=2025-09-22&rankRange=0-5000,2026-03-22T00:42:21Z
atp,2025-09-22,CG94,Enzo Couacaud,Enzo Couacaud,548,69,https://www.atptour.com/en/rankings/singles?dateWeek=2025-09-22&rankRange=0-5000,2026-03-22T00:42:21Z
atp,2025-09-22,Z0D1,Tianhui Zhang,Tianhui Zhang,549,69,https://www.atptour.com/en/rankings/singles?dateWeek=2025-09-22&rankRange=0-5000,2026-03-22T00:42:21Z
atp,2025-09-22,M0GB,Alex Martinez,Alex Martinez,550,69,https://www.atptour.com/en/rankings/singles?dateWeek=2025-09-22&rankRange=0-5000,2026-03-22T00:42:21Z
atp,2025-09-22,KG49,Denis Klok,Denis Klok,551,69,https://www.atptour.com/en/rankings/singles?dateWeek=2025-09-22&rankRange=0-5000,2026-03-22T00:42:21Z
atp,2025-09-22,K0HN,Bruno Kuzuhara,Bruno Kuzuhara,552,69,https://www.atptour.com/en/rankings/singles?dateWeek=2025-09-22&rankRange=0-5000,2026-03-22T00:42:21Z
atp,2025-09-22,A0IA,Erik Arutiunian,Erik Arutiunian,553,69,https://www.atptour.com/en/rankings/singles?dateWeek=2025-09-22&rankRange=0-5000,2026-03-22T00:42:21Z
atp,2025-09-22,A0J5,Stefan Adrian Andreescu,Stefan Adrian Andreescu,554,69,https://www.atptour.com/en/rankings/singles?dateWeek=2025-09-22&rankRange=0-5000,2026-03-22T00:42:21Z
atp,2025-09-22,G0A0,Andrea Guerrieri,Andrea Guerrieri,555,68,https://www.atptour.com/en/rankings/singles?dateWeek=2025-09-22&rankRange=0-5000,2026-03-22T00:42:21Z
atp,2025-09-22,A829,Radu Albot,Radu Albot,556,68,https://www.atptour.com/en/rankings/singles?dateWeek=2025-09-22&rankRange=0-5000,2026-03-22T00:42:21Z
atp,2025-09-22,D0LY,Emilien Demanet,Emilien Demanet,557,68,https://www.atptour.com/en/rankings/singles?dateWeek=2025-09-22&rankRange=0-5000,2026-03-22T00:42:21Z
atp,2025-09-22,A0DV,Arda Azkara,Arda Azkara,558,67,https://www.atptour.com/en/rankings/singles?dateWeek=2025-09-22&rankRange=0-5000,2026-03-22T00:42:21Z
atp,2025-09-22,R0F1,Johan Alexander Rodriguez,Johan Alexander Rodriguez,559,67,https://www.atptour.com/en/rankings/singles?dateWeek=2025-09-22&rankRange=0-5000,2026-03-22T00:42:21Z
atp,2025-09-22,A0G7,Valerio Aboian,Valerio Aboian,560,67,https://www.atptour.com/en/rankings/singles?dateWeek=2025-09-22&rankRange=0-5000,2026-03-22T00:42:21Z
atp,2025-09-22,R0DC,Ajeet Rai,Ajeet Rai,561,67,https://www.atptour.com/en/rankings/singles?dateWeek=2025-09-22&rankRange=0-5000,2026-03-22T00:42:21Z
atp,2025-09-22,CN15,Felix Corwin,Felix Corwin,562,67,https://www.atptour.com/en/rankings/singles?dateWeek=2025-09-22&rankRange=0-5000,2026-03-22T00:42:21Z
atp,2025-09-22,F0CK,Andrew Fenty,Andrew Fenty,563,67,https://www.atptour.com/en/rankings/singles?dateWeek=2025-09-22&rankRange=0-5000,2026-03-22T00:42:21Z
atp,2025-09-22,HG90,Conner Huertas del Pino,Conner Huertas Del Pino,564,66,https://www.atptour.com/en/rankings/singles?dateWeek=2025-09-22&rankRange=0-5000,2026-03-22T00:42:21Z
atp,2025-09-22,I306,Cem Ilkel,Cem Ilkel,565,66,https://www.atptour.com/en/rankings/singles?dateWeek=2025-09-22&rankRange=0-5000,2026-03-22T00:42:21Z
atp,2025-09-22,J737,Facundo Juarez,Facundo Juarez,566,66,https://www.atptour.com/en/rankings/singles?dateWeek=2025-09-22&rankRange=0-5000,2026-03-22T00:42:21Z
atp,2025-09-22,L0C1,Carlos Lopez Montagud,Carlos Lopez Montagud,567,66,https://www.atptour.com/en/rankings/singles?dateWeek=2025-09-22&rankRange=0-5000,2026-03-22T00:42:21Z
atp,2025-09-22,GF23,Lucas Gerch,Lucas Gerch,568,65,https://www.atptour.com/en/rankings/singles?dateWeek=2025-09-22&rankRange=0-5000,2026-03-22T00:42:21Z
atp,2025-09-22,N0D9,Jakub Nicod,Jakub Nicod,569,65,https://www.atptour.com/en/rankings/singles?dateWeek=2025-09-22&rankRange=0-5000,2026-03-22T00:42:21Z
atp,2025-09-22,S0IV,Paulo Andre Saraiva Dos Santos,Paulo Andre Saraiva Dos Santos,570,65,https://www.atptour.com/en/rankings/singles?dateWeek=2025-09-22&rankRange=0-5000,2026-03-22T00:42:21Z
atp,2025-09-22,S0E6,Stijn Slump,Stijn Slump,571,65,https://www.atptour.com/en/rankings/singles?dateWeek=2025-09-22&rankRange=0-5000,2026-03-22T00:42:21Z
atp,2025-09-22,G0EQ,Sebastian Gima,Sebastian Gima,572,65,https://www.atptour.com/en/rankings/singles?dateWeek=2025-09-22&rankRange=0-5000,2026-03-22T00:42:21Z
atp,2025-09-22,B0I5,Blaise Bicknell,Blaise Bicknell,573,64,https://www.atptour.com/en/rankings/singles?dateWeek=2025-09-22&rankRange=0-5000,2026-03-22T00:42:21Z
atp,2025-09-22,B0F8,Justin Boulais,Justin Boulais,574,64,https://www.atptour.com/en/rankings/singles?dateWeek=2025-09-22&rankRange=0-5000,2026-03-22T00:42:21Z
atp,2025-09-22,Z09K,Evan Zhu,Evan Zhu,575,64,https://www.atptour.com/en/rankings/singles?dateWeek=2025-09-22&rankRange=0-5000,2026-03-22T00:42:21Z
atp,2025-09-22,F0HO,Thomas Faurel,Thomas Faurel,576,64,https://www.atptour.com/en/rankings/singles?dateWeek=2025-09-22&rankRange=0-5000,2026-03-22T00:42:21Z
atp,2025-09-22,CD00,Maxime Chazal,Maxime Chazal,577,63,https://www.atptour.com/en/rankings/singles?dateWeek=2025-09-22&rankRange=0-5000,2026-03-22T00:42:21Z
atp,2025-09-22,N707,Naoki Nakagawa,Naoki Nakagawa,578,63,https://www.atptour.com/en/rankings/singles?dateWeek=2025-09-22&rankRange=0-5000,2026-03-22T00:42:21Z
atp,2025-09-22,DH55,Michiel De Krom,Michiel De Krom,579,63,https://www.atptour.com/en/rankings/singles?dateWeek=2025-09-22&rankRange=0-5000,2026-03-22T00:42:21Z
atp,2025-09-22,C0MH,Gerard Campana Lee,Gerard Campana Lee,580,63,https://www.atptour.com/en/rankings/singles?dateWeek=2025-09-22&rankRange=0-5000,2026-03-22T00:42:21Z
atp,2025-09-22,O639,Giovanni Oradini,Giovanni Oradini,581,63,https://www.atptour.com/en/rankings/singles?dateWeek=2025-09-22&rankRange=0-5000,2026-03-22T00:42:21Z
atp,2025-09-22,B0J8,Micah Braswell,Micah Braswell,582,62,https://www.atptour.com/en/rankings/singles?dateWeek=2025-09-22&rankRange=0-5000,2026-03-22T00:42:21Z
atp,2025-09-22,TG30,Rigele Te,Rigele Te,583,62,https://www.atptour.com/en/rankings/singles?dateWeek=2025-09-22&rankRange=0-5000,2026-03-22T00:42:21Z
atp,2025-09-22,W0ED,James Watt,James Watt,584,62,https://www.atptour.com/en/rankings/singles?dateWeek=2025-09-22&rankRange=0-5000,2026-03-22T00:42:21Z
atp,2025-09-22,B0A0,Maxence Beauge,Maxence Beauge,585,62,https://www.atptour.com/en/rankings/singles?dateWeek=2025-09-22&rankRange=0-5000,2026-03-22T00:42:21Z
atp,2025-09-22,KE36,Dominik Kellovsky,Dominik Kellovsky,586,62,https://www.atptour.com/en/rankings/singles?dateWeek=2025-09-22&rankRange=0-5000,2026-03-22T00:42:21Z
atp,2025-09-22,G0D9,Igor Gimenez,Igor Gimenez,587,62,https://www.atptour.com/en/rankings/singles?dateWeek=2025-09-22&rankRange=0-5000,2026-03-22T00:42:21Z
atp,2025-09-22,M0RX,Kenta Miyoshi,Kenta Miyoshi,588,61,https://www.atptour.com/en/rankings/singles?dateWeek=2025-09-22&rankRange=0-5000,2026-03-22T00:42:21Z
atp,2025-09-22,P0FJ,Radu Mihai Papoe,Radu Mihai Papoe,589,61,https://www.atptour.com/en/rankings/singles?dateWeek=2025-09-22&rankRange=0-5000,2026-03-22T00:42:21Z
atp,2025-09-22,S0DQ,Keegan Smith,Keegan Smith,590,61,https://www.atptour.com/en/rankings/singles?dateWeek=2025-09-22&rankRange=0-5000,2026-03-22T00:42:21Z
atp,2025-09-22,G0CV,Buvaysar Gadamauri,Buvaysar Gadamauri,591,61,https://www.atptour.com/en/rankings/singles?dateWeek=2025-09-22&rankRange=0-5000,2026-03-22T00:42:21Z
atp,2025-09-22,K0EZ,Yuta Kikuchi,Yuta Kikuchi,592,61,https://www.atptour.com/en/rankings/singles?dateWeek=2025-09-22&rankRange=0-5000,2026-03-22T00:42:21Z
atp,2025-09-22,O656,Adrian Oetzbach,Adrian Oetzbach,593,61,https://www.atptour.com/en/rankings/singles?dateWeek=2025-09-22&rankRange=0-5000,2026-03-22T00:42:21Z
atp,2025-09-22,A0IY,Luis Carlos Alvarez,Luis Carlos Alvarez,594,60,https://www.atptour.com/en/rankings/singles?dateWeek=2025-09-22&rankRange=0-5000,2026-03-22T00:42:21Z
atp,2025-09-22,T0I3,Miguel Tobon,Miguel Tobon,595,60,https://www.atptour.com/en/rankings/singles?dateWeek=2025-09-22&rankRange=0-5000,2026-03-22T00:42:21Z
atp,2025-09-22,P0K5,Theo Papamalamis,Theo Papamalamis,596,60,https://www.atptour.com/en/rankings/singles?dateWeek=2025-09-22&rankRange=0-5000,2026-03-22T00:42:21Z
atp,2025-09-22,E811,Elmar Ejupovic,Elmar Ejupovic,597,60,https://www.atptour.com/en/rankings/singles?dateWeek=2025-09-22&rankRange=0-5000,2026-03-22T00:42:21Z
atp,2025-09-22,RH50,Arthur Reymond,Arthur Reymond,598,60,https://www.atptour.com/en/rankings/singles?dateWeek=2025-09-22&rankRange=0-5000,2026-03-22T00:42:21Z
atp,2025-09-22,S0XE,Alejo Sanchez Quilez,Alejo Sanchez Quilez,599,60,https://www.atptour.com/en/rankings/singles?dateWeek=2025-09-22&rankRange=0-5000,2026-03-22T00:42:21Z
atp,2025-09-22,D0JI,Manas Dhamne,Manas Dhamne,600,60,https://www.atptour.com/en/rankings/singles?dateWeek=2025-09-22&rankRange=0-5000,2026-03-22T00:42:21Z
atp,2025-09-22,S0TM,Toby Samuel,Toby Samuel,601,59,https://www.atptour.com/en/rankings/singles?dateWeek=2025-09-22&rankRange=0-5000,2026-03-22T00:42:21Z
atp,2025-09-22,R0HK,Filippo Romano,Filippo Romano,602,59,https://www.atptour.com/en/rankings/singles?dateWeek=2025-09-22&rankRange=0-5000,2026-03-22T00:42:21Z
atp,2025-09-22,S0QZ,Sebastian Sorger,Sebastian Sorger,603,59,https://www.atptour.com/en/rankings/singles?dateWeek=2025-09-22&rankRange=0-5000,2026-03-22T00:42:21Z
atp,2025-09-22,L0AT,Imanol Lopez Morillo,Imanol Lopez Morillo,604,59,https://www.atptour.com/en/rankings/singles?dateWeek=2025-09-22&rankRange=0-5000,2026-03-22T00:42:21Z
atp,2025-09-22,LH70,Kuan-Yi Lee,Kuan Yi Lee,605,58,https://www.atptour.com/en/rankings/singles?dateWeek=2025-09-22&rankRange=0-5000,2026-03-22T00:42:21Z
atp,2025-09-22,S0T1,Joao Eduardo Schiessl,Joao Eduardo Schiessl,606,58,https://www.atptour.com/en/rankings/singles?dateWeek=2025-09-22&rankRange=0-5000,2026-03-22T00:42:21Z
atp,2025-09-22,P0CY,Stefan Palosi,Stefan Palosi,607,58,https://www.atptour.com/en/rankings/singles?dateWeek=2025-09-22&rankRange=0-5000,2026-03-22T00:42:21Z
atp,2025-09-22,R0JW,Michele Ribecai,Michele Ribecai,608,58,https://www.atptour.com/en/rankings/singles?dateWeek=2025-09-22&rankRange=0-5000,2026-03-22T00:42:21Z
atp,2025-09-22,W09G,J.J. Wolf,J.j. Wolf,609,57,https://www.atptour.com/en/rankings/singles?dateWeek=2025-09-22&rankRange=0-5000,2026-03-22T00:42:21Z
atp,2025-09-22,Y268,Mikael Ymer,Mikael Ymer,610,57,https://www.atptour.com/en/rankings/singles?dateWeek=2025-09-22&rankRange=0-5000,2026-03-22T00:42:21Z
atp,2025-09-22,BU36,Alberto Barroso Campos,Alberto Barroso Campos,611,57,https://www.atptour.com/en/rankings/singles?dateWeek=2025-09-22&rankRange=0-5000,2026-03-22T00:42:21Z
atp,2025-09-22,E0DI,Juan Estevez,Juan Estevez,612,57,https://www.atptour.com/en/rankings/singles?dateWeek=2025-09-22&rankRange=0-5000,2026-03-22T00:42:21Z
atp,2025-09-22,PI96,Sergi Perez Contri,Sergi Perez Contri,613,57,https://www.atptour.com/en/rankings/singles?dateWeek=2025-09-22&rankRange=0-5000,2026-03-22T00:42:21Z
atp,2025-09-22,KI71,Kirill Kivattsev,Kirill Kivattsev,614,57,https://www.atptour.com/en/rankings/singles?dateWeek=2025-09-22&rankRange=0-5000,2026-03-22T00:42:21Z
atp,2025-09-22,K0HL,Kyle Kang,Kyle Kang,615,56,https://www.atptour.com/en/rankings/singles?dateWeek=2025-09-22&rankRange=0-5000,2026-03-22T00:42:21Z
atp,2025-09-22,RD48,Igor Marcondes,Igor Marcondes,616,56,https://www.atptour.com/en/rankings/singles?dateWeek=2025-09-22&rankRange=0-5000,2026-03-22T00:42:21Z
atp,2025-09-22,GJ05,Alexis Gautier,Alexis Gautier,617,56,https://www.atptour.com/en/rankings/singles?dateWeek=2025-09-22&rankRange=0-5000,2026-03-22T00:42:21Z
atp,2025-09-22,P0FV,Filip Jeff Planinsek,Filip Jeff Planinsek,618,56,https://www.atptour.com/en/rankings/singles?dateWeek=2025-09-22&rankRange=0-5000,2026-03-22T00:42:21Z
atp,2025-09-22,R09V,Eduardo Ribeiro,Eduardo Ribeiro,619,56,https://www.atptour.com/en/rankings/singles?dateWeek=2025-09-22&rankRange=0-5000,2026-03-22T00:42:21Z
atp,2025-09-22,F0CJ,Gianmarco Ferrari,Gianmarco Ferrari,620,56,https://www.atptour.com/en/rankings/singles?dateWeek=2025-09-22&rankRange=0-5000,2026-03-22T00:42:21Z
atp,2025-09-22,D0HM,Matthew William Donald,Matthew William Donald,621,56,https://www.atptour.com/en/rankings/singles?dateWeek=2025-09-22&rankRange=0-5000,2026-03-22T00:42:21Z
atp,2025-09-22,O09A,Aziz Ouakaa,Aziz Ouakaa,622,56,https://www.atptour.com/en/rankings/singles?dateWeek=2025-09-22&rankRange=0-5000,2026-03-22T00:42:21Z
atp,2025-09-22,RB56,Ramkumar Ramanathan,Ramkumar Ramanathan,623,55,https://www.atptour.com/en/rankings/singles?dateWeek=2025-09-22&rankRange=0-5000,2026-03-22T00:42:21Z
atp,2025-09-22,P0MG,Raphael Perot,Raphael Perot,624,55,https://www.atptour.com/en/rankings/singles?dateWeek=2025-09-22&rankRange=0-5000,2026-03-22T00:42:21Z
atp,2025-09-22,W09B,Damien Wenger,Damien Wenger,625,55,https://www.atptour.com/en/rankings/singles?dateWeek=2025-09-22&rankRange=0-5000,2026-03-22T00:42:21Z
atp,2025-09-22,S0NN,Joshua Sheehy,Joshua Sheehy,626,55,https://www.atptour.com/en/rankings/singles?dateWeek=2025-09-22&rankRange=0-5000,2026-03-22T00:42:21Z
atp,2025-09-22,C0JT,Robin Catry,Robin Catry,627,55,https://www.atptour.com/en/rankings/singles?dateWeek=2025-09-22&rankRange=0-5000,2026-03-22T00:42:21Z
atp,2025-09-22,P0C1,Karl Poling,Karl Poling,628,55,https://www.atptour.com/en/rankings/singles?dateWeek=2025-09-22&rankRange=0-5000,2026-03-22T00:42:21Z
atp,2025-09-22,KG27,Strong Kirchheimer,Strong Kirchheimer,629,55,https://www.atptour.com/en/rankings/singles?dateWeek=2025-09-22&rankRange=0-5000,2026-03-22T00:42:21Z
atp,2025-09-22,P0EV,Andrew Paulson,Andrew Paulson,630,54,https://www.atptour.com/en/rankings/singles?dateWeek=2025-09-22&rankRange=0-5000,2026-03-22T00:42:21Z
atp,2025-09-22,S0DE,Dhakshineswar Suresh,Dhakshineswar Suresh,631,54,https://www.atptour.com/en/rankings/singles?dateWeek=2025-09-22&rankRange=0-5000,2026-03-22T00:42:21Z
atp,2025-09-22,I09N,Federico Iannaccone,Federico Iannaccone,632,54,https://www.atptour.com/en/rankings/singles?dateWeek=2025-09-22&rankRange=0-5000,2026-03-22T00:42:21Z
atp,2025-09-22,C0HV,Luca Castagnola,Luca Castagnola,633,54,https://www.atptour.com/en/rankings/singles?dateWeek=2025-09-22&rankRange=0-5000,2026-03-22T00:42:21Z
atp,2025-09-22,V0D0,Niels Visker,Niels Visker,634,54,https://www.atptour.com/en/rankings/singles?dateWeek=2025-09-22&rankRange=0-5000,2026-03-22T00:42:21Z
atp,2025-09-22,V0J1,Jacopo Vasami,Jacopo Vasami,635,53,https://www.atptour.com/en/rankings/singles?dateWeek=2025-09-22&rankRange=0-5000,2026-03-22T00:42:21Z
atp,2025-09-22,V0BC,Cyril Vandermeersch,Cyril Vandermeersch,636,53,https://www.atptour.com/en/rankings/singles?dateWeek=2025-09-22&rankRange=0-5000,2026-03-22T00:42:21Z
atp,2025-09-22,N830,Johan Nikles,Johan Nikles,637,53,https://www.atptour.com/en/rankings/singles?dateWeek=2025-09-22&rankRange=0-5000,2026-03-22T00:42:21Z
atp,2025-09-22,X01A,Linang Xiao,Linang Xiao,638,53,https://www.atptour.com/en/rankings/singles?dateWeek=2025-09-22&rankRange=0-5000,2026-03-22T00:42:21Z
atp,2025-09-22,BP74,Aleksandre Bakshi,Aleksandre Bakshi,639,53,https://www.atptour.com/en/rankings/singles?dateWeek=2025-09-22&rankRange=0-5000,2026-03-22T00:42:21Z
atp,2025-09-22,M0L2,Alejandro Manzanera Pertusa,Alejandro Manzanera Pertusa,640,53,https://www.atptour.com/en/rankings/singles?dateWeek=2025-09-22&rankRange=0-5000,2026-03-22T00:42:21Z
atp,2025-09-22,M0UR,Ognjen Milic,Ognjen Milic,641,52,https://www.atptour.com/en/rankings/singles?dateWeek=2025-09-22&rankRange=0-5000,2026-03-22T00:42:21Z
atp,2025-09-22,B0JG,Leo Borg,Leo Borg,642,52,https://www.atptour.com/en/rankings/singles?dateWeek=2025-09-22&rankRange=0-5000,2026-03-22T00:42:21Z
atp,2025-09-22,G0FF,Axel Garcian,Axel Garcian,643,52,https://www.atptour.com/en/rankings/singles?dateWeek=2025-09-22&rankRange=0-5000,2026-03-22T00:42:21Z
atp,2025-09-22,D750,Kenny De Schepper,Kenny De Schepper,644,52,https://www.atptour.com/en/rankings/singles?dateWeek=2025-09-22&rankRange=0-5000,2026-03-22T00:42:21Z
atp,2025-09-22,H0EI,Millen Hurrion,Millen Hurrion,645,51,https://www.atptour.com/en/rankings/singles?dateWeek=2025-09-22&rankRange=0-5000,2026-03-22T00:42:21Z
atp,2025-09-22,E0AU,John Echeverria,John Echeverria,646,51,https://www.atptour.com/en/rankings/singles?dateWeek=2025-09-22&rankRange=0-5000,2026-03-22T00:42:21Z
atp,2025-09-22,A09P,Alafia Ayeni,Alafia Ayeni,647,51,https://www.atptour.com/en/rankings/singles?dateWeek=2025-09-22&rankRange=0-5000,2026-03-22T00:42:21Z
atp,2025-09-22,E0BO,Nino Ehrenschneider,Nino Ehrenschneider,648,51,https://www.atptour.com/en/rankings/singles?dateWeek=2025-09-22&rankRange=0-5000,2026-03-22T00:42:21Z
atp,2025-09-22,K0L1,Michal Krajci,Michal Krajci,649,51,https://www.atptour.com/en/rankings/singles?dateWeek=2025-09-22&rankRange=0-5000,2026-03-22T00:42:21Z
atp,2025-09-22,B0BK,Aleksandr Braynin,Aleksandr Braynin,650,51,https://www.atptour.com/en/rankings/singles?dateWeek=2025-09-22&rankRange=0-5000,2026-03-22T00:42:21Z
atp,2025-09-22,KE17,Nick Kyrgios,Nick Kyrgios,651,50,https://www.atptour.com/en/rankings/singles?dateWeek=2025-09-22&rankRange=0-5000,2026-03-22T00:42:21Z
atp,2025-09-22,B0VX,Pierluigi Basile,Pierluigi Basile,652,50,https://www.atptour.com/en/rankings/singles?dateWeek=2025-09-22&rankRange=0-5000,2026-03-22T00:42:21Z
atp,2025-09-22,M0SB,Koki Matsuda,Koki Matsuda,653,50,https://www.atptour.com/en/rankings/singles?dateWeek=2025-09-22&rankRange=0-5000,2026-03-22T00:42:21Z
atp,2025-09-22,D0DK,Santiago De La Fuente,Santiago De La Fuente,654,50,https://www.atptour.com/en/rankings/singles?dateWeek=2025-09-22&rankRange=0-5000,2026-03-22T00:42:21Z
atp,2025-09-22,S0VO,Pawit Sornlaksup,Pawit Sornlaksup,655,50,https://www.atptour.com/en/rankings/singles?dateWeek=2025-09-22&rankRange=0-5000,2026-03-22T00:42:21Z
atp,2025-09-22,M0SC,Hayato Matsuoka,Hayato Matsuoka,656,50,https://www.atptour.com/en/rankings/singles?dateWeek=2025-09-22&rankRange=0-5000,2026-03-22T00:42:21Z
atp,2025-09-22,RB86,Sidharth Rawat,Sidharth Rawat,657,50,https://www.atptour.com/en/rankings/singles?dateWeek=2025-09-22&rankRange=0-5000,2026-03-22T00:42:21Z
atp,2025-09-22,J0CL,Dev Javia,Dev Javia,658,50,https://www.atptour.com/en/rankings/singles?dateWeek=2025-09-22&rankRange=0-5000,2026-03-22T00:42:21Z
atp,2025-09-22,M0TE,Pavle Marinkov,Pavle Marinkov,659,50,https://www.atptour.com/en/rankings/singles?dateWeek=2025-09-22&rankRange=0-5000,2026-03-22T00:42:21Z
atp,2025-09-22,L0DB,Giuseppe La Vela,Giuseppe La Vela,660,50,https://www.atptour.com/en/rankings/singles?dateWeek=2025-09-22&rankRange=0-5000,2026-03-22T00:42:21Z
atp,2025-09-22,G0EU,Felix Gill,Felix Gill,661,49,https://www.atptour.com/en/rankings/singles?dateWeek=2025-09-22&rankRange=0-5000,2026-03-22T00:42:21Z
atp,2025-09-22,T0JZ,Radu David Turcanu,Radu David Turcanu,662,49,https://www.atptour.com/en/rankings/singles?dateWeek=2025-09-22&rankRange=0-5000,2026-03-22T00:42:21Z
atp,2025-09-22,C0KH,Julio Cesar Porras,Julio Cesar Porras,663,49,https://www.atptour.com/en/rankings/singles?dateWeek=2025-09-22&rankRange=0-5000,2026-03-22T00:42:21Z
atp,2025-09-22,B0IY,Alec Beckley,Alec Beckley,664,49,https://www.atptour.com/en/rankings/singles?dateWeek=2025-09-22&rankRange=0-5000,2026-03-22T00:42:21Z
atp,2025-09-22,C0P0,Sergio Callejon Hernando,Sergio Callejon Hernando,665,49,https://www.atptour.com/en/rankings/singles?dateWeek=2025-09-22&rankRange=0-5000,2026-03-22T00:42:21Z
atp,2025-09-22,C0C1,Niccolo Catini,Niccolo Catini,666,49,https://www.atptour.com/en/rankings/singles?dateWeek=2025-09-22&rankRange=0-5000,2026-03-22T00:42:21Z
atp,2025-09-22,V09T,Pedro Vives Marcos,Pedro Vives Marcos,667,48,https://www.atptour.com/en/rankings/singles?dateWeek=2025-09-22&rankRange=0-5000,2026-03-22T00:42:21Z
atp,2025-09-22,D0HD,Gabriel Debru,Gabriel Debru,668,48,https://www.atptour.com/en/rankings/singles?dateWeek=2025-09-22&rankRange=0-5000,2026-03-22T00:42:21Z
atp,2025-09-22,CG04,Pedro Cachin,Pedro Cachin,669,48,https://www.atptour.com/en/rankings/singles?dateWeek=2025-09-22&rankRange=0-5000,2026-03-22T00:42:21Z
atp,2025-09-22,D0IO,Tuncay Duran,Tuncay Duran,670,48,https://www.atptour.com/en/rankings/singles?dateWeek=2025-09-22&rankRange=0-5000,2026-03-22T00:42:21Z
atp,2025-09-22,WB25,Louis Wessels,Louis Wessels,671,48,https://www.atptour.com/en/rankings/singles?dateWeek=2025-09-22&rankRange=0-5000,2026-03-22T00:42:21Z
atp,2025-09-22,CH05,Altug Celikbilek,Altug Celikbilek,672,47,https://www.atptour.com/en/rankings/singles?dateWeek=2025-09-22&rankRange=0-5000,2026-03-22T00:42:21Z
atp,2025-09-22,S0Y0,Andres Santamarta Roig,Andres Santamarta Roig,673,47,https://www.atptour.com/en/rankings/singles?dateWeek=2025-09-22&rankRange=0-5000,2026-03-22T00:42:21Z
atp,2025-09-22,D0IP,Gustavo Ribeiro De Almeida,Gustavo Ribeiro De Almeida,674,47,https://www.atptour.com/en/rankings/singles?dateWeek=2025-09-22&rankRange=0-5000,2026-03-22T00:42:21Z
atp,2025-09-22,RH24,Emil Ruusuvuori,Emil Ruusuvuori,675,46,https://www.atptour.com/en/rankings/singles?dateWeek=2025-09-22&rankRange=0-5000,2026-03-22T00:42:21Z
atp,2025-09-22,VA70,Mate Valkusz,Mate Valkusz,676,46,https://www.atptour.com/en/rankings/singles?dateWeek=2025-09-22&rankRange=0-5000,2026-03-22T00:42:21Z
atp,2025-09-22,F0A4,Francesco Forti,Francesco Forti,677,46,https://www.atptour.com/en/rankings/singles?dateWeek=2025-09-22&rankRange=0-5000,2026-03-22T00:42:21Z
atp,2025-09-22,X01C,Ioannis Xilas,Ioannis Xilas,678,46,https://www.atptour.com/en/rankings/singles?dateWeek=2025-09-22&rankRange=0-5000,2026-03-22T00:42:21Z
atp,2025-09-22,H0B7,Trey Hilderbrand,Trey Hilderbrand,679,46,https://www.atptour.com/en/rankings/singles?dateWeek=2025-09-22&rankRange=0-5000,2026-03-22T00:42:21Z
atp,2025-09-22,PD31,Benoit Paire,Benoit Paire,680,46,https://www.atptour.com/en/rankings/singles?dateWeek=2025-09-22&rankRange=0-5000,2026-03-22T00:42:21Z
atp,2025-09-22,BP79,Peter Bertran,Peter Bertran,681,46,https://www.atptour.com/en/rankings/singles?dateWeek=2025-09-22&rankRange=0-5000,2026-03-22T00:42:21Z
atp,2025-09-22,KJ00,Alex Knaff,Alex Knaff,682,46,https://www.atptour.com/en/rankings/singles?dateWeek=2025-09-22&rankRange=0-5000,2026-03-22T00:42:21Z
atp,2025-09-22,P0HY,Samuele Pieri,Samuele Pieri,683,46,https://www.atptour.com/en/rankings/singles?dateWeek=2025-09-22&rankRange=0-5000,2026-03-22T00:42:21Z
atp,2025-09-22,L0I5,Mitsuki Wei Kang Leong,Mitsuki Wei Kang Leong,684,46,https://www.atptour.com/en/rankings/singles?dateWeek=2025-09-22&rankRange=0-5000,2026-03-22T00:42:21Z
atp,2025-09-22,ML57,Gianluca Mager,Gianluca Mager,685,45,https://www.atptour.com/en/rankings/singles?dateWeek=2025-09-22&rankRange=0-5000,2026-03-22T00:42:21Z
atp,2025-09-22,O0AI,Dusan Obradovic,Dusan Obradovic,686,45,https://www.atptour.com/en/rankings/singles?dateWeek=2025-09-22&rankRange=0-5000,2026-03-22T00:42:21Z
atp,2025-09-22,A09Q,Mert Alkaya,Mert Alkaya,687,45,https://www.atptour.com/en/rankings/singles?dateWeek=2025-09-22&rankRange=0-5000,2026-03-22T00:42:21Z
atp,2025-09-22,D0K3,Guillaume Dalmasso,Guillaume Dalmasso,688,45,https://www.atptour.com/en/rankings/singles?dateWeek=2025-09-22&rankRange=0-5000,2026-03-22T00:42:21Z
atp,2025-09-22,B0D8,Jacob Brumm,Jacob Brumm,689,45,https://www.atptour.com/en/rankings/singles?dateWeek=2025-09-22&rankRange=0-5000,2026-03-22T00:42:21Z
atp,2025-09-22,B0IF,Blu Baker,Blu Baker,690,44,https://www.atptour.com/en/rankings/singles?dateWeek=2025-09-22&rankRange=0-5000,2026-03-22T00:42:21Z
atp,2025-09-22,LF26,Orlando Luz,Orlando Luz,691,44,https://www.atptour.com/en/rankings/singles?dateWeek=2025-09-22&rankRange=0-5000,2026-03-22T00:42:21Z
atp,2025-09-22,Y0BB,Ali Yazdani,Ali Yazdani,692,44,https://www.atptour.com/en/rankings/singles?dateWeek=2025-09-22&rankRange=0-5000,2026-03-22T00:42:21Z
atp,2025-09-22,BM05,Bogdan Bobrov,Bogdan Bobrov,693,44,https://www.atptour.com/en/rankings/singles?dateWeek=2025-09-22&rankRange=0-5000,2026-03-22T00:42:21Z
atp,2025-09-22,BU32,Lucas Bouquet,Lucas Bouquet,694,44,https://www.atptour.com/en/rankings/singles?dateWeek=2025-09-22&rankRange=0-5000,2026-03-22T00:42:21Z
atp,2025-09-22,R0KD,Mees Rottgering,Mees Rottgering,695,44,https://www.atptour.com/en/rankings/singles?dateWeek=2025-09-22&rankRange=0-5000,2026-03-22T00:42:21Z
atp,2025-09-22,R0GN,Amaury Raynel,Amaury Raynel,696,44,https://www.atptour.com/en/rankings/singles?dateWeek=2025-09-22&rankRange=0-5000,2026-03-22T00:42:21Z
atp,2025-09-22,W0DD,Cooper Williams,Cooper Williams,697,43,https://www.atptour.com/en/rankings/singles?dateWeek=2025-09-22&rankRange=0-5000,2026-03-22T00:42:21Z
atp,2025-09-22,DA86,Joris De Loore,Joris De Loore,698,43,https://www.atptour.com/en/rankings/singles?dateWeek=2025-09-22&rankRange=0-5000,2026-03-22T00:42:21Z
atp,2025-09-22,P0MN,Albert Pedrico Kravtsov,Albert Pedrico Kravtsov,699,43,https://www.atptour.com/en/rankings/singles?dateWeek=2025-09-22&rankRange=0-5000,2026-03-22T00:42:21Z
atp,2025-09-22,BK19,Mathias Bourgue,Mathias Bourgue,700,43,https://www.atptour.com/en/rankings/singles?dateWeek=2025-09-22&rankRange=0-5000,2026-03-22T00:42:21Z
atp,2025-09-22,M0R4,Juan Cruz Martin Manzano,Juan Cruz Martin Manzano,701,43,https://www.atptour.com/en/rankings/singles?dateWeek=2025-09-22&rankRange=0-5000,2026-03-22T00:42:21Z
atp,2025-09-22,B0BZ,Maxence Bertimon,Maxence Bertimon,702,43,https://www.atptour.com/en/rankings/singles?dateWeek=2025-09-22&rankRange=0-5000,2026-03-22T00:42:21Z
atp,2025-09-22,B0HF,Diego Augusto Barreto Sanchez,Diego Augusto Barreto Sanchez,703,43,https://www.atptour.com/en/rankings/singles?dateWeek=2025-09-22&rankRange=0-5000,2026-03-22T00:42:21Z
atp,2025-09-22,K966,Martin Klizan,Martin Klizan,704,42,https://www.atptour.com/en/rankings/singles?dateWeek=2025-09-22&rankRange=0-5000,2026-03-22T00:42:21Z
atp,2025-09-22,D09L,Louis Dussin,Louis Dussin,705,42,https://www.atptour.com/en/rankings/singles?dateWeek=2025-09-22&rankRange=0-5000,2026-03-22T00:42:21Z
atp,2025-09-22,P0FY,Alessandro Pecci,Alessandro Pecci,706,42,https://www.atptour.com/en/rankings/singles?dateWeek=2025-09-22&rankRange=0-5000,2026-03-22T00:42:21Z
atp,2025-09-22,V0DG,Quinn Vandecasteele,Quinn Vandecasteele,707,42,https://www.atptour.com/en/rankings/singles?dateWeek=2025-09-22&rankRange=0-5000,2026-03-22T00:42:21Z
atp,2025-09-22,B0LV,Michael Bassem Sobhy,Michael Bassem Sobhy,708,42,https://www.atptour.com/en/rankings/singles?dateWeek=2025-09-22&rankRange=0-5000,2026-03-22T00:42:21Z
atp,2025-09-22,B0D6,Taha Baadi,Taha Baadi,709,42,https://www.atptour.com/en/rankings/singles?dateWeek=2025-09-22&rankRange=0-5000,2026-03-22T00:42:21Z
atp,2025-09-22,V708,Jiri Vesely,Jiri Vesely,710,41,https://www.atptour.com/en/rankings/singles?dateWeek=2025-09-22&rankRange=0-5000,2026-03-22T00:42:21Z
atp,2025-09-22,V0DI,Samuel Vincent Ruggeri,Samuel Vincent Ruggeri,711,41,https://www.atptour.com/en/rankings/singles?dateWeek=2025-09-22&rankRange=0-5000,2026-03-22T00:42:21Z
atp,2025-09-22,MM79,Blake Mott,Blake Mott,712,41,https://www.atptour.com/en/rankings/singles?dateWeek=2025-09-22&rankRange=0-5000,2026-03-22T00:42:21Z
atp,2025-09-22,V0B2,Michael Vrbensky,Michael Vrbensky,713,41,https://www.atptour.com/en/rankings/singles?dateWeek=2025-09-22&rankRange=0-5000,2026-03-22T00:42:21Z
atp,2025-09-22,S0LD,Keisuke Saitoh,Keisuke Saitoh,714,41,https://www.atptour.com/en/rankings/singles?dateWeek=2025-09-22&rankRange=0-5000,2026-03-22T00:42:21Z
atp,2025-09-22,F0HI,Ryan Fishback,Ryan Fishback,715,41,https://www.atptour.com/en/rankings/singles?dateWeek=2025-09-22&rankRange=0-5000,2026-03-22T00:42:21Z
atp,2025-09-22,LE01,Duckhee Lee,Duckhee Lee,716,41,https://www.atptour.com/en/rankings/singles?dateWeek=2025-09-22&rankRange=0-5000,2026-03-22T00:42:21Z
atp,2025-09-22,M0KA,Yanaki Milev,Yanaki Milev,717,41,https://www.atptour.com/en/rankings/singles?dateWeek=2025-09-22&rankRange=0-5000,2026-03-22T00:42:21Z
atp,2025-09-22,G0DD,William Grant,William Grant,718,41,https://www.atptour.com/en/rankings/singles?dateWeek=2025-09-22&rankRange=0-5000,2026-03-22T00:42:21Z
atp,2025-09-22,G0G2,Mario Gonzalez Fernandez,Mario Gonzalez Fernandez,719,41,https://www.atptour.com/en/rankings/singles?dateWeek=2025-09-22&rankRange=0-5000,2026-03-22T00:42:21Z
atp,2025-09-22,M0O6,Pablo Martinez Gomez,Pablo Martinez Gomez,720,40,https://www.atptour.com/en/rankings/singles?dateWeek=2025-09-22&rankRange=0-5000,2026-03-22T00:42:21Z
atp,2025-09-22,DH46,Alexander Donski,Alexander Donski,721,40,https://www.atptour.com/en/rankings/singles?dateWeek=2025-09-22&rankRange=0-5000,2026-03-22T00:42:21Z
atp,2025-09-22,R0JH,Pedro Rodrigues,Pedro Rodrigues,722,40,https://www.atptour.com/en/rankings/singles?dateWeek=2025-09-22&rankRange=0-5000,2026-03-22T00:42:21Z
atp,2025-09-22,SK47,Mohamed Safwat,Mohamed Safwat,723,40,https://www.atptour.com/en/rankings/singles?dateWeek=2025-09-22&rankRange=0-5000,2026-03-22T00:42:21Z
atp,2025-09-22,B0OT,Jacob Bradshaw,Jacob Bradshaw,724,40,https://www.atptour.com/en/rankings/singles?dateWeek=2025-09-22&rankRange=0-5000,2026-03-22T00:42:21Z
atp,2025-09-22,SX77,Isaiah Strode,Isaiah Strode,725,40,https://www.atptour.com/en/rankings/singles?dateWeek=2025-09-22&rankRange=0-5000,2026-03-22T00:42:21Z
atp,2025-09-22,P0AV,Uisung Park,Uisung Park,726,40,https://www.atptour.com/en/rankings/singles?dateWeek=2025-09-22&rankRange=0-5000,2026-03-22T00:42:21Z
atp,2025-09-22,S0LR,John Sperle,John Sperle,727,40,https://www.atptour.com/en/rankings/singles?dateWeek=2025-09-22&rankRange=0-5000,2026-03-22T00:42:21Z
atp,2025-09-22,H0A4,Nick Hardt,Nick Hardt,728,39,https://www.atptour.com/en/rankings/singles?dateWeek=2025-09-22&rankRange=0-5000,2026-03-22T00:42:21Z
atp,2025-09-22,S0LT,Daniel Siniakov,Daniel Siniakov,729,39,https://www.atptour.com/en/rankings/singles?dateWeek=2025-09-22&rankRange=0-5000,2026-03-22T00:42:21Z
atp,2025-09-22,Z0C9,Marcel Zielinski,Marcel Zielinski,730,39,https://www.atptour.com/en/rankings/singles?dateWeek=2025-09-22&rankRange=0-5000,2026-03-22T00:42:21Z
atp,2025-09-22,V0DX,Bautista Vilicich,Bautista Vilicich,731,39,https://www.atptour.com/en/rankings/singles?dateWeek=2025-09-22&rankRange=0-5000,2026-03-22T00:42:21Z
atp,2025-09-22,P0KA,Semen Pankin,Semen Pankin,732,39,https://www.atptour.com/en/rankings/singles?dateWeek=2025-09-22&rankRange=0-5000,2026-03-22T00:42:21Z
atp,2025-09-22,L0AF,Ewen Lumsden,Ewen Lumsden,733,39,https://www.atptour.com/en/rankings/singles?dateWeek=2025-09-22&rankRange=0-5000,2026-03-22T00:42:21Z
atp,2025-09-22,Z0AB,Alexey Zakharov,Alexey Zakharov,734,38,https://www.atptour.com/en/rankings/singles?dateWeek=2025-09-22&rankRange=0-5000,2026-03-22T00:42:21Z
atp,2025-09-22,B0PU,Reda Bennani,Reda Bennani,735,38,https://www.atptour.com/en/rankings/singles?dateWeek=2025-09-22&rankRange=0-5000,2026-03-22T00:42:21Z
atp,2025-09-22,N652,JiSung Nam,Jisung Nam,736,38,https://www.atptour.com/en/rankings/singles?dateWeek=2025-09-22&rankRange=0-5000,2026-03-22T00:42:21Z
atp,2025-09-22,PC09,Jose Pereira,Jose Pereira,737,38,https://www.atptour.com/en/rankings/singles?dateWeek=2025-09-22&rankRange=0-5000,2026-03-22T00:42:21Z
atp,2025-09-22,G0I2,Adrien Gobat,Adrien Gobat,738,38,https://www.atptour.com/en/rankings/singles?dateWeek=2025-09-22&rankRange=0-5000,2026-03-22T00:42:21Z
atp,2025-09-22,S0UM,Josip Simundza,Josip Simundza,739,38,https://www.atptour.com/en/rankings/singles?dateWeek=2025-09-22&rankRange=0-5000,2026-03-22T00:42:21Z
atp,2025-09-22,HH15,Mikalai Haliak,Mikalai Haliak,740,38,https://www.atptour.com/en/rankings/singles?dateWeek=2025-09-22&rankRange=0-5000,2026-03-22T00:42:21Z
atp,2025-09-22,M0RO,Iannis Miletich,Iannis Miletich,741,38,https://www.atptour.com/en/rankings/singles?dateWeek=2025-09-22&rankRange=0-5000,2026-03-22T00:42:21Z
atp,2025-09-22,H0EK,Emile Hudd,Emile Hudd,742,37,https://www.atptour.com/en/rankings/singles?dateWeek=2025-09-22&rankRange=0-5000,2026-03-22T00:42:21Z
atp,2025-09-22,MV75,Ignacio Monzon,Ignacio Monzon,743,37,https://www.atptour.com/en/rankings/singles?dateWeek=2025-09-22&rankRange=0-5000,2026-03-22T00:42:21Z
atp,2025-09-22,T0CU,Fausto Tabacco,Fausto Tabacco,744,37,https://www.atptour.com/en/rankings/singles?dateWeek=2025-09-22&rankRange=0-5000,2026-03-22T00:42:21Z
atp,2025-09-22,C0AZ,Antoine Cornut-Chauvinc,Antoine Cornut Chauvinc,745,36,https://www.atptour.com/en/rankings/singles?dateWeek=2025-09-22&rankRange=0-5000,2026-03-22T00:42:21Z
atp,2025-09-22,H0JL,Jay Friend,Jay Friend,746,36,https://www.atptour.com/en/rankings/singles?dateWeek=2025-09-22&rankRange=0-5000,2026-03-22T00:42:21Z
atp,2025-09-22,BT68,Elliot Benchetrit,Elliot Benchetrit,747,36,https://www.atptour.com/en/rankings/singles?dateWeek=2025-09-22&rankRange=0-5000,2026-03-22T00:42:21Z
atp,2025-09-22,D0DB,Pierre Delage,Pierre Delage,748,36,https://www.atptour.com/en/rankings/singles?dateWeek=2025-09-22&rankRange=0-5000,2026-03-22T00:42:21Z
atp,2025-09-22,B0MP,Attila Boros,Attila Boros,749,36,https://www.atptour.com/en/rankings/singles?dateWeek=2025-09-22&rankRange=0-5000,2026-03-22T00:42:21Z
atp,2025-09-22,MW69,Mwendwa Mbithi,Mwendwa Mbithi,750,36,https://www.atptour.com/en/rankings/singles?dateWeek=2025-09-22&rankRange=0-5000,2026-03-22T00:42:21Z
atp,2025-09-22,O09T,Kosuke Ogura,Kosuke Ogura,751,36,https://www.atptour.com/en/rankings/singles?dateWeek=2025-09-22&rankRange=0-5000,2026-03-22T00:42:21Z
atp,2025-09-22,S0JB,Noah Schachter,Noah Schachter,752,36,https://www.atptour.com/en/rankings/singles?dateWeek=2025-09-22&rankRange=0-5000,2026-03-22T00:42:21Z
atp,2025-09-22,W0AX,Oscar Weightman,Oscar Weightman,753,35,https://www.atptour.com/en/rankings/singles?dateWeek=2025-09-22&rankRange=0-5000,2026-03-22T00:42:21Z
atp,2025-09-22,F965,Sora Fukuda,Sora Fukuda,754,35,https://www.atptour.com/en/rankings/singles?dateWeek=2025-09-22&rankRange=0-5000,2026-03-22T00:42:21Z
atp,2025-09-22,G0ME,Gabriel Ghetu,Gabriel Ghetu,755,35,https://www.atptour.com/en/rankings/singles?dateWeek=2025-09-22&rankRange=0-5000,2026-03-22T00:42:21Z
atp,2025-09-22,K0AK,Yuta Kawahashi,Yuta Kawahashi,756,35,https://www.atptour.com/en/rankings/singles?dateWeek=2025-09-22&rankRange=0-5000,2026-03-22T00:42:21Z
atp,2025-09-22,R0B6,Lorenzo Rottoli,Lorenzo Rottoli,757,35,https://www.atptour.com/en/rankings/singles?dateWeek=2025-09-22&rankRange=0-5000,2026-03-22T00:42:21Z
atp,2025-09-22,I0A6,Taisei Ichikawa,Taisei Ichikawa,758,35,https://www.atptour.com/en/rankings/singles?dateWeek=2025-09-22&rankRange=0-5000,2026-03-22T00:42:21Z
atp,2025-09-22,W712,Kai Wehnelt,Kai Wehnelt,759,35,https://www.atptour.com/en/rankings/singles?dateWeek=2025-09-22&rankRange=0-5000,2026-03-22T00:42:21Z
atp,2025-09-22,A0L6,Lucas Andrade Da Silva,Lucas Andrade Da Silva,760,34,https://www.atptour.com/en/rankings/singles?dateWeek=2025-09-22&rankRange=0-5000,2026-03-22T00:42:21Z
atp,2025-09-22,B0M3,Pierre Yves Bailly,Pierre Yves Bailly,761,34,https://www.atptour.com/en/rankings/singles?dateWeek=2025-09-22&rankRange=0-5000,2026-03-22T00:42:21Z
atp,2025-09-22,I305,Ilya Ivashka,Ilya Ivashka,762,34,https://www.atptour.com/en/rankings/singles?dateWeek=2025-09-22&rankRange=0-5000,2026-03-22T00:42:21Z
atp,2025-09-22,B0PW,Kaylan Bigun,Kaylan Bigun,763,34,https://www.atptour.com/en/rankings/singles?dateWeek=2025-09-22&rankRange=0-5000,2026-03-22T00:42:21Z
atp,2025-09-22,A0AB,Adrian Andreev,Adrian Andreev,764,34,https://www.atptour.com/en/rankings/singles?dateWeek=2025-09-22&rankRange=0-5000,2026-03-22T00:42:21Z
atp,2025-09-22,L0LD,Samuel Alejandro Linde Palacios,Samuel Alejandro Linde Palacios,765,34,https://www.atptour.com/en/rankings/singles?dateWeek=2025-09-22&rankRange=0-5000,2026-03-22T00:42:21Z
atp,2025-09-22,R0F6,Francisco Rocha,Francisco Rocha,766,34,https://www.atptour.com/en/rankings/singles?dateWeek=2025-09-22&rankRange=0-5000,2026-03-22T00:42:21Z
atp,2025-09-22,SQ79,Colin Sinclair,Colin Sinclair,767,34,https://www.atptour.com/en/rankings/singles?dateWeek=2025-09-22&rankRange=0-5000,2026-03-22T00:42:21Z
atp,2025-09-22,F0GS,Abel Forger,Abel Forger,768,34,https://www.atptour.com/en/rankings/singles?dateWeek=2025-09-22&rankRange=0-5000,2026-03-22T00:42:21Z
atp,2025-09-22,Y0A8,Taiyo Yamanaka,Taiyo Yamanaka,769,34,https://www.atptour.com/en/rankings/singles?dateWeek=2025-09-22&rankRange=0-5000,2026-03-22T00:42:21Z
atp,2025-09-22,G0I3,Massimo Giunta,Massimo Giunta,770,34,https://www.atptour.com/en/rankings/singles?dateWeek=2025-09-22&rankRange=0-5000,2026-03-22T00:42:21Z
atp,2025-09-22,R0H6,Leonardo Rossi,Leonardo Rossi,771,34,https://www.atptour.com/en/rankings/singles?dateWeek=2025-09-22&rankRange=0-5000,2026-03-22T00:42:21Z
atp,2025-09-22,H0EH,Tim Handel,Tim Handel,772,34,https://www.atptour.com/en/rankings/singles?dateWeek=2025-09-22&rankRange=0-5000,2026-03-22T00:42:21Z
atp,2025-09-22,K0EE,Omni Kumar,Omni Kumar,773,33,https://www.atptour.com/en/rankings/singles?dateWeek=2025-09-22&rankRange=0-5000,2026-03-22T00:42:21Z
atp,2025-09-22,D0FA,Yassine Dlimi,Yassine Dlimi,774,33,https://www.atptour.com/en/rankings/singles?dateWeek=2025-09-22&rankRange=0-5000,2026-03-22T00:42:21Z
atp,2025-09-22,M0HD,Alan Magadan,Alan Magadan,775,33,https://www.atptour.com/en/rankings/singles?dateWeek=2025-09-22&rankRange=0-5000,2026-03-22T00:42:21Z
atp,2025-09-22,PG69,Juan Pablo Paz,Juan Pablo Paz,776,33,https://www.atptour.com/en/rankings/singles?dateWeek=2025-09-22&rankRange=0-5000,2026-03-22T00:42:21Z
atp,2025-09-22,T0BD,Nicolas Tepmahc,Nicolas Tepmahc,777,33,https://www.atptour.com/en/rankings/singles?dateWeek=2025-09-22&rankRange=0-5000,2026-03-22T00:42:21Z
atp,2025-09-22,B0WL,Felix Balshaw,Felix Balshaw,778,33,https://www.atptour.com/en/rankings/singles?dateWeek=2025-09-22&rankRange=0-5000,2026-03-22T00:42:21Z
atp,2025-09-22,L0G3,Aleksandr Lobanov,Aleksandr Lobanov,779,33,https://www.atptour.com/en/rankings/singles?dateWeek=2025-09-22&rankRange=0-5000,2026-03-22T00:42:21Z
atp,2025-09-22,M0BW,Ye Cong Mo,Ye Cong Mo,780,33,https://www.atptour.com/en/rankings/singles?dateWeek=2025-09-22&rankRange=0-5000,2026-03-22T00:42:21Z
atp,2025-09-22,DH23,S D Prajwal Dev,S D Prajwal Dev,781,33,https://www.atptour.com/en/rankings/singles?dateWeek=2025-09-22&rankRange=0-5000,2026-03-22T00:42:21Z
atp,2025-09-22,A0KH,Rodrigo Alujas,Rodrigo Alujas,782,33,https://www.atptour.com/en/rankings/singles?dateWeek=2025-09-22&rankRange=0-5000,2026-03-22T00:42:21Z
atp,2025-09-22,K0HU,Artur Kukasian,Artur Kukasian,783,33,https://www.atptour.com/en/rankings/singles?dateWeek=2025-09-22&rankRange=0-5000,2026-03-22T00:42:21Z
atp,2025-09-22,S0GF,Maik Steiner,Maik Steiner,784,33,https://www.atptour.com/en/rankings/singles?dateWeek=2025-09-22&rankRange=0-5000,2026-03-22T00:42:21Z
atp,2025-09-22,V0G6,Leo Vithoontien,Leo Vithoontien,785,33,https://www.atptour.com/en/rankings/singles?dateWeek=2025-09-22&rankRange=0-5000,2026-03-22T00:42:21Z
atp,2025-09-22,S0R5,Ilya Snitari,Ilya Snitari,786,32,https://www.atptour.com/en/rankings/singles?dateWeek=2025-09-22&rankRange=0-5000,2026-03-22T00:42:21Z
atp,2025-09-22,K0ES,Yusuke Kusuhara,Yusuke Kusuhara,787,32,https://www.atptour.com/en/rankings/singles?dateWeek=2025-09-22&rankRange=0-5000,2026-03-22T00:42:21Z
atp,2025-09-22,MO76,Gergely Madarasz,Gergely Madarasz,788,32,https://www.atptour.com/en/rankings/singles?dateWeek=2025-09-22&rankRange=0-5000,2026-03-22T00:42:21Z
atp,2025-09-22,C09Y,Joshua Charlton,Joshua Charlton,789,32,https://www.atptour.com/en/rankings/singles?dateWeek=2025-09-22&rankRange=0-5000,2026-03-22T00:42:21Z
atp,2025-09-22,KG53,Alexander Klintcharov,Alexander Klintcharov,790,32,https://www.atptour.com/en/rankings/singles?dateWeek=2025-09-22&rankRange=0-5000,2026-03-22T00:42:21Z
atp,2025-09-22,CO07,Ezekiel Clark,Ezekiel Clark,791,32,https://www.atptour.com/en/rankings/singles?dateWeek=2025-09-22&rankRange=0-5000,2026-03-22T00:42:21Z
atp,2025-09-22,Q02O,Rudy Quan,Rudy Quan,792,31,https://www.atptour.com/en/rankings/singles?dateWeek=2025-09-22&rankRange=0-5000,2026-03-22T00:42:21Z
atp,2025-09-22,P0K3,Roger Pascual Ferra,Roger Pascual Ferra,793,31,https://www.atptour.com/en/rankings/singles?dateWeek=2025-09-22&rankRange=0-5000,2026-03-22T00:42:21Z
atp,2025-09-22,S0DL,Ryan Seggerman,Ryan Seggerman,794,31,https://www.atptour.com/en/rankings/singles?dateWeek=2025-09-22&rankRange=0-5000,2026-03-22T00:42:21Z
atp,2025-09-22,K0HO,Orel Kimhi,Orel Kimhi,795,31,https://www.atptour.com/en/rankings/singles?dateWeek=2025-09-22&rankRange=0-5000,2026-03-22T00:42:21Z
atp,2025-09-22,K0JH,Jan Kumstat,Jan Kumstat,796,31,https://www.atptour.com/en/rankings/singles?dateWeek=2025-09-22&rankRange=0-5000,2026-03-22T00:42:21Z
atp,2025-09-22,I0AP,Kalin Ivanovski,Kalin Ivanovski,797,31,https://www.atptour.com/en/rankings/singles?dateWeek=2025-09-22&rankRange=0-5000,2026-03-22T00:42:21Z
atp,2025-09-22,T0IA,Ryotaro Taguchi,Ryotaro Taguchi,798,31,https://www.atptour.com/en/rankings/singles?dateWeek=2025-09-22&rankRange=0-5000,2026-03-22T00:42:21Z
atp,2025-09-22,L0G8,Victor Lilov,Victor Lilov,799,31,https://www.atptour.com/en/rankings/singles?dateWeek=2025-09-22&rankRange=0-5000,2026-03-22T00:42:21Z
atp,2025-09-22,S0U5,Tai Sach,Tai Sach,800,31,https://www.atptour.com/en/rankings/singles?dateWeek=2025-09-22&rankRange=0-5000,2026-03-22T00:42:21Z
atp,2025-09-22,P0ME,Luca Preda,Luca Preda,801,31,https://www.atptour.com/en/rankings/singles?dateWeek=2025-09-22&rankRange=0-5000,2026-03-22T00:42:21Z
atp,2025-09-22,N0BU,Daniel Antonio Nunez,Daniel Antonio Nunez,802,31,https://www.atptour.com/en/rankings/singles?dateWeek=2025-09-22&rankRange=0-5000,2026-03-22T00:42:21Z
atp,2025-09-22,F0BV,Tomas Farjat,Tomas Farjat,803,31,https://www.atptour.com/en/rankings/singles?dateWeek=2025-09-22&rankRange=0-5000,2026-03-22T00:42:21Z
atp,2025-09-22,S0Y7,Matthew Summers,Matthew Summers,804,31,https://www.atptour.com/en/rankings/singles?dateWeek=2025-09-22&rankRange=0-5000,2026-03-22T00:42:21Z
atp,2025-09-22,M09M,Ivan Marrero Curbelo,Ivan Marrero Curbelo,805,31,https://www.atptour.com/en/rankings/singles?dateWeek=2025-09-22&rankRange=0-5000,2026-03-22T00:42:21Z
atp,2025-09-22,F0AF,Lautaro Agustin Falabella,Lautaro Agustin Falabella,806,31,https://www.atptour.com/en/rankings/singles?dateWeek=2025-09-22&rankRange=0-5000,2026-03-22T00:42:21Z
atp,2025-09-22,A0JW,Joaquin Aguilar Cardozo,Joaquin Aguilar Cardozo,807,31,https://www.atptour.com/en/rankings/singles?dateWeek=2025-09-22&rankRange=0-5000,2026-03-22T00:42:21Z
atp,2025-09-22,H0J1,Naoya Honda,Naoya Honda,808,31,https://www.atptour.com/en/rankings/singles?dateWeek=2025-09-22&rankRange=0-5000,2026-03-22T00:42:21Z
atp,2025-09-22,BU53,Constantin Bittoun Kouzmine,Constantin Bittoun Kouzmine,809,31,https://www.atptour.com/en/rankings/singles?dateWeek=2025-09-22&rankRange=0-5000,2026-03-22T00:42:21Z
atp,2025-09-22,S0S9,Dimitris Sakellaridis,Dimitris Sakellaridis,810,31,https://www.atptour.com/en/rankings/singles?dateWeek=2025-09-22&rankRange=0-5000,2026-03-22T00:42:21Z
atp,2025-09-22,M0NJ,Lui Maxted,Lui Maxted,811,30,https://www.atptour.com/en/rankings/singles?dateWeek=2025-09-22&rankRange=0-5000,2026-03-22T00:42:21Z
atp,2025-09-22,LC54,Benjamin Lock,Benjamin Lock,812,30,https://www.atptour.com/en/rankings/singles?dateWeek=2025-09-22&rankRange=0-5000,2026-03-22T00:42:21Z
atp,2025-09-22,J0BQ,Kristijan Juhas,Kristijan Juhas,813,30,https://www.atptour.com/en/rankings/singles?dateWeek=2025-09-22&rankRange=0-5000,2026-03-22T00:42:21Z
atp,2025-09-22,SY94,Toufik Sahtali,Toufik Sahtali,814,30,https://www.atptour.com/en/rankings/singles?dateWeek=2025-09-22&rankRange=0-5000,2026-03-22T00:42:21Z
atp,2025-09-22,R0HQ,Leo Raquillet,Leo Raquillet,815,30,https://www.atptour.com/en/rankings/singles?dateWeek=2025-09-22&rankRange=0-5000,2026-03-22T00:42:21Z
atp,2025-09-22,TD49,Mert Naci Turker,Mert Naci Turker,816,30,https://www.atptour.com/en/rankings/singles?dateWeek=2025-09-22&rankRange=0-5000,2026-03-22T00:42:21Z
atp,2025-09-22,MW62,Nikita Mashtakov,Nikita Mashtakov,817,30,https://www.atptour.com/en/rankings/singles?dateWeek=2025-09-22&rankRange=0-5000,2026-03-22T00:42:21Z
atp,2025-09-22,SZ36,Niklas Schell,Niklas Schell,818,30,https://www.atptour.com/en/rankings/singles?dateWeek=2025-09-22&rankRange=0-5000,2026-03-22T00:42:21Z
atp,2025-09-22,A0G8,Amr Elsayed,Amr Elsayed,819,30,https://www.atptour.com/en/rankings/singles?dateWeek=2025-09-22&rankRange=0-5000,2026-03-22T00:42:21Z
atp,2025-09-22,B0NV,Patrick Brady,Patrick Brady,820,29,https://www.atptour.com/en/rankings/singles?dateWeek=2025-09-22&rankRange=0-5000,2026-03-22T00:42:21Z
atp,2025-09-22,CF10,Nick Chappell,Nick Chappell,821,29,https://www.atptour.com/en/rankings/singles?dateWeek=2025-09-22&rankRange=0-5000,2026-03-22T00:42:21Z
atp,2025-09-22,O0BR,Daniil Ostapenkov,Daniil Ostapenkov,822,29,https://www.atptour.com/en/rankings/singles?dateWeek=2025-09-22&rankRange=0-5000,2026-03-22T00:42:21Z
atp,2025-09-22,F0HN,Karol Filar,Karol Filar,823,29,https://www.atptour.com/en/rankings/singles?dateWeek=2025-09-22&rankRange=0-5000,2026-03-22T00:42:21Z
atp,2025-09-22,CN44,Tomas Curras Abasolo,Tomas Curras Abasolo,824,29,https://www.atptour.com/en/rankings/singles?dateWeek=2025-09-22&rankRange=0-5000,2026-03-22T00:42:21Z
atp,2025-09-22,V0BP,Marlon Vankan,Marlon Vankan,825,29,https://www.atptour.com/en/rankings/singles?dateWeek=2025-09-22&rankRange=0-5000,2026-03-22T00:42:21Z
atp,2025-09-22,C0MX,Dragos Nicolae Cazacu,Dragos Nicolae Cazacu,826,29,https://www.atptour.com/en/rankings/singles?dateWeek=2025-09-22&rankRange=0-5000,2026-03-22T00:42:21Z
atp,2025-09-22,R0J1,Hoyoung Roh,Hoyoung Roh,827,28,https://www.atptour.com/en/rankings/singles?dateWeek=2025-09-22&rankRange=0-5000,2026-03-22T00:42:21Z
atp,2025-09-22,D916,Steven Diez,Steven Diez,828,28,https://www.atptour.com/en/rankings/singles?dateWeek=2025-09-22&rankRange=0-5000,2026-03-22T00:42:21Z
atp,2025-09-22,B0VF,Oliver Bonding,Oliver Bonding,829,28,https://www.atptour.com/en/rankings/singles?dateWeek=2025-09-22&rankRange=0-5000,2026-03-22T00:42:21Z
atp,2025-09-22,H0DQ,Carles Hernandez,Carles Hernandez,830,28,https://www.atptour.com/en/rankings/singles?dateWeek=2025-09-22&rankRange=0-5000,2026-03-22T00:42:21Z
atp,2025-09-22,D0HS,Dinko Dinev,Dinko Dinev,831,28,https://www.atptour.com/en/rankings/singles?dateWeek=2025-09-22&rankRange=0-5000,2026-03-22T00:42:21Z
atp,2025-09-22,V0BS,Martin Van Der Meerschen,Martin Van Der Meerschen,832,28,https://www.atptour.com/en/rankings/singles?dateWeek=2025-09-22&rankRange=0-5000,2026-03-22T00:42:21Z
atp,2025-09-22,K0BJ,Georgii Kravchenko,Georgii Kravchenko,833,28,https://www.atptour.com/en/rankings/singles?dateWeek=2025-09-22&rankRange=0-5000,2026-03-22T00:42:21Z
atp,2025-09-22,P0O9,Mika Petkovic,Mika Petkovic,834,28,https://www.atptour.com/en/rankings/singles?dateWeek=2025-09-22&rankRange=0-5000,2026-03-22T00:42:21Z
atp,2025-09-22,D0BE,Jesse Delaney,Jesse Delaney,835,28,https://www.atptour.com/en/rankings/singles?dateWeek=2025-09-22&rankRange=0-5000,2026-03-22T00:42:21Z
atp,2025-09-22,H0EZ,Samir Hamza Reguig,Samir Hamza Reguig,836,28,https://www.atptour.com/en/rankings/singles?dateWeek=2025-09-22&rankRange=0-5000,2026-03-22T00:42:21Z
atp,2025-09-22,TB70,Wishaya Trongcharoenchaikul,Wishaya Trongcharoenchaikul,837,28,https://www.atptour.com/en/rankings/singles?dateWeek=2025-09-22&rankRange=0-5000,2026-03-22T00:42:21Z
atp,2025-09-22,L0K7,Fryderyk Lechno-Wasiutynski,Fryderyk Lechno Wasiutynski,838,27,https://www.atptour.com/en/rankings/singles?dateWeek=2025-09-22&rankRange=0-5000,2026-03-22T00:42:21Z
atp,2025-09-22,AD23,Oliver Anderson,Oliver Anderson,839,27,https://www.atptour.com/en/rankings/singles?dateWeek=2025-09-22&rankRange=0-5000,2026-03-22T00:42:21Z
atp,2025-09-22,K0CZ,Gilbert Klier Junior,Gilbert Klier Junior,840,27,https://www.atptour.com/en/rankings/singles?dateWeek=2025-09-22&rankRange=0-5000,2026-03-22T00:42:21Z
atp,2025-09-22,T0FK,Giorgio Tabacco,Giorgio Tabacco,841,27,https://www.atptour.com/en/rankings/singles?dateWeek=2025-09-22&rankRange=0-5000,2026-03-22T00:42:21Z
atp,2025-09-22,F0GD,Jakub Filip,Jakub Filip,842,27,https://www.atptour.com/en/rankings/singles?dateWeek=2025-09-22&rankRange=0-5000,2026-03-22T00:42:21Z
atp,2025-09-22,M0D4,M Rifki Fitriadi,M Rifki Fitriadi,843,27,https://www.atptour.com/en/rankings/singles?dateWeek=2025-09-22&rankRange=0-5000,2026-03-22T00:42:21Z
atp,2025-09-22,Z0C7,Yaojie Zeng,Yaojie Zeng,844,27,https://www.atptour.com/en/rankings/singles?dateWeek=2025-09-22&rankRange=0-5000,2026-03-22T00:42:21Z
atp,2025-09-22,G0LG,Yanis Ghazouani Durand,Yanis Ghazouani Durand,845,27,https://www.atptour.com/en/rankings/singles?dateWeek=2025-09-22&rankRange=0-5000,2026-03-22T00:42:21Z
atp,2025-09-22,J732,Ben Jones,Ben Jones,846,27,https://www.atptour.com/en/rankings/singles?dateWeek=2025-09-22&rankRange=0-5000,2026-03-22T00:42:21Z
atp,2025-09-22,S0R2,Benito Sanchez Martinez,Benito Sanchez Martinez,847,26,https://www.atptour.com/en/rankings/singles?dateWeek=2025-09-22&rankRange=0-5000,2026-03-22T00:42:21Z
atp,2025-09-22,V0HG,Emon Van Loben Sels,Emon Van Loben Sels,848,26,https://www.atptour.com/en/rankings/singles?dateWeek=2025-09-22&rankRange=0-5000,2026-03-22T00:42:21Z
atp,2025-09-22,M0NA,Shunsuke Mitsui,Shunsuke Mitsui,849,26,https://www.atptour.com/en/rankings/singles?dateWeek=2025-09-22&rankRange=0-5000,2026-03-22T00:42:21Z
atp,2025-09-22,E873,Ernesto Escobedo,Ernesto Escobedo,850,26,https://www.atptour.com/en/rankings/singles?dateWeek=2025-09-22&rankRange=0-5000,2026-03-22T00:42:21Z
atp,2025-09-22,K0O4,Moise Kouame,Moise Kouame,851,26,https://www.atptour.com/en/rankings/singles?dateWeek=2025-09-22&rankRange=0-5000,2026-03-22T00:42:21Z
atp,2025-09-22,V0E3,Jeffrey Von Der Schulenburg,Jeffrey Von Der Schulenburg,852,26,https://www.atptour.com/en/rankings/singles?dateWeek=2025-09-22&rankRange=0-5000,2026-03-22T00:42:21Z
atp,2025-09-22,RH88,Alan Fernando Rubio Fierros,Alan Fernando Rubio Fierros,853,26,https://www.atptour.com/en/rankings/singles?dateWeek=2025-09-22&rankRange=0-5000,2026-03-22T00:42:21Z
atp,2025-09-22,D0IN,Ryan Dickerson,Ryan Dickerson,854,26,https://www.atptour.com/en/rankings/singles?dateWeek=2025-09-22&rankRange=0-5000,2026-03-22T00:42:21Z
atp,2025-09-22,P0ED,Kiranpal Pannu,Kiranpal Pannu,855,26,https://www.atptour.com/en/rankings/singles?dateWeek=2025-09-22&rankRange=0-5000,2026-03-22T00:42:21Z
atp,2025-09-22,AG57,Leonardo Aboian,Leonardo Aboian,856,26,https://www.atptour.com/en/rankings/singles?dateWeek=2025-09-22&rankRange=0-5000,2026-03-22T00:42:21Z
atp,2025-09-22,P0FU,Filip Pieczonka,Filip Pieczonka,857,26,https://www.atptour.com/en/rankings/singles?dateWeek=2025-09-22&rankRange=0-5000,2026-03-22T00:42:21Z
atp,2025-09-22,J0AI,Miles Jones,Miles Jones,858,26,https://www.atptour.com/en/rankings/singles?dateWeek=2025-09-22&rankRange=0-5000,2026-03-22T00:42:21Z
atp,2025-09-22,S0BG,Daisuke Sumizawa,Daisuke Sumizawa,859,26,https://www.atptour.com/en/rankings/singles?dateWeek=2025-09-22&rankRange=0-5000,2026-03-22T00:42:21Z
atp,2025-09-22,C0GU,Matyas Cerny,Matyas Cerny,860,26,https://www.atptour.com/en/rankings/singles?dateWeek=2025-09-22&rankRange=0-5000,2026-03-22T00:42:21Z
atp,2025-09-22,EA31,Melios Efstathiou,Melios Efstathiou,861,26,https://www.atptour.com/en/rankings/singles?dateWeek=2025-09-22&rankRange=0-5000,2026-03-22T00:42:21Z
atp,2025-09-22,J0DL,Nicolas Jadoun,Nicolas Jadoun,862,26,https://www.atptour.com/en/rankings/singles?dateWeek=2025-09-22&rankRange=0-5000,2026-03-22T00:42:21Z
atp,2025-09-22,M0HO,Mihai Razvan Marinescu,Mihai Razvan Marinescu,863,26,https://www.atptour.com/en/rankings/singles?dateWeek=2025-09-22&rankRange=0-5000,2026-03-22T00:42:21Z
atp,2025-09-22,SM37,Diego Schwartzman,Diego Schwartzman,864,25,https://www.atptour.com/en/rankings/singles?dateWeek=2025-09-22&rankRange=0-5000,2026-03-22T00:42:21Z
atp,2025-09-22,K0LX,Nicolas Ian Kotzen,Nicolas Ian Kotzen,865,25,https://www.atptour.com/en/rankings/singles?dateWeek=2025-09-22&rankRange=0-5000,2026-03-22T00:42:21Z
atp,2025-09-22,VA15,Duarte Vale,Duarte Vale,866,25,https://www.atptour.com/en/rankings/singles?dateWeek=2025-09-22&rankRange=0-5000,2026-03-22T00:42:21Z
atp,2025-09-22,H0HS,Matt Hulme,Matt Hulme,867,25,https://www.atptour.com/en/rankings/singles?dateWeek=2025-09-22&rankRange=0-5000,2026-03-22T00:42:21Z
atp,2025-09-22,R0HP,Lucio Ratti,Lucio Ratti,868,25,https://www.atptour.com/en/rankings/singles?dateWeek=2025-09-22&rankRange=0-5000,2026-03-22T00:42:21Z
atp,2025-09-22,H0BA,Shinji Hazawa,Shinji Hazawa,869,25,https://www.atptour.com/en/rankings/singles?dateWeek=2025-09-22&rankRange=0-5000,2026-03-22T00:42:21Z
atp,2025-09-22,S0SD,Jasza Szajrych,Jasza Szajrych,870,25,https://www.atptour.com/en/rankings/singles?dateWeek=2025-09-22&rankRange=0-5000,2026-03-22T00:42:21Z
atp,2025-09-22,LA54,Wilson Leite,Wilson Leite,871,25,https://www.atptour.com/en/rankings/singles?dateWeek=2025-09-22&rankRange=0-5000,2026-03-22T00:42:21Z
atp,2025-09-22,D0CF,Savriyan Danilov,Savriyan Danilov,872,24,https://www.atptour.com/en/rankings/singles?dateWeek=2025-09-22&rankRange=0-5000,2026-03-22T00:42:21Z
atp,2025-09-22,T0CN,Tiago Torres,Tiago Torres,873,24,https://www.atptour.com/en/rankings/singles?dateWeek=2025-09-22&rankRange=0-5000,2026-03-22T00:42:21Z
atp,2025-09-22,H0K0,Cruz Hewitt,Cruz Hewitt,874,24,https://www.atptour.com/en/rankings/singles?dateWeek=2025-09-22&rankRange=0-5000,2026-03-22T00:42:21Z
atp,2025-09-22,M0J2,Pablo Masjuan Ginel,Pablo Masjuan Ginel,875,24,https://www.atptour.com/en/rankings/singles?dateWeek=2025-09-22&rankRange=0-5000,2026-03-22T00:42:21Z
atp,2025-09-22,L0CU,Tomas Serrano Luis,Tomas Serrano Luis,876,24,https://www.atptour.com/en/rankings/singles?dateWeek=2025-09-22&rankRange=0-5000,2026-03-22T00:42:21Z
atp,2025-09-22,R0K4,Kasra Rahmani,Kasra Rahmani,877,24,https://www.atptour.com/en/rankings/singles?dateWeek=2025-09-22&rankRange=0-5000,2026-03-22T00:42:21Z
atp,2025-09-22,D0HI,Chirag Duhan,Chirag Duhan,878,24,https://www.atptour.com/en/rankings/singles?dateWeek=2025-09-22&rankRange=0-5000,2026-03-22T00:42:21Z
atp,2025-09-22,D0I6,Yaroslav Demin,Yaroslav Demin,879,24,https://www.atptour.com/en/rankings/singles?dateWeek=2025-09-22&rankRange=0-5000,2026-03-22T00:42:21Z
atp,2025-09-22,C0GK,Thiago Cigarran,Thiago Cigarran,880,24,https://www.atptour.com/en/rankings/singles?dateWeek=2025-09-22&rankRange=0-5000,2026-03-22T00:42:21Z
atp,2025-09-22,V0G2,Amit Vales,Amit Vales,881,24,https://www.atptour.com/en/rankings/singles?dateWeek=2025-09-22&rankRange=0-5000,2026-03-22T00:42:21Z
atp,2025-09-22,T0GE,Pavlos Tsitsipas,Pavlos Tsitsipas,882,24,https://www.atptour.com/en/rankings/singles?dateWeek=2025-09-22&rankRange=0-5000,2026-03-22T00:42:21Z
atp,2025-09-22,P0JL,Luca Pow,Luca Pow,883,23,https://www.atptour.com/en/rankings/singles?dateWeek=2025-09-22&rankRange=0-5000,2026-03-22T00:42:21Z
atp,2025-09-22,D0L8,Timofei Derepasko,Timofei Derepasko,884,23,https://www.atptour.com/en/rankings/singles?dateWeek=2025-09-22&rankRange=0-5000,2026-03-22T00:42:21Z
atp,2025-09-22,P0E2,Jorge Plans,Jorge Plans,885,23,https://www.atptour.com/en/rankings/singles?dateWeek=2025-09-22&rankRange=0-5000,2026-03-22T00:42:21Z
atp,2025-09-22,B0AM,Lorenzo Bocchi,Lorenzo Bocchi,886,23,https://www.atptour.com/en/rankings/singles?dateWeek=2025-09-22&rankRange=0-5000,2026-03-22T00:42:21Z
atp,2025-09-22,W749,Enzo Wallart,Enzo Wallart,887,23,https://www.atptour.com/en/rankings/singles?dateWeek=2025-09-22&rankRange=0-5000,2026-03-22T00:42:21Z
atp,2025-09-22,N0EG,Arthur Nagel,Arthur Nagel,888,23,https://www.atptour.com/en/rankings/singles?dateWeek=2025-09-22&rankRange=0-5000,2026-03-22T00:42:21Z
atp,2025-09-22,D0CU,Daniel De Jonge,Daniel De Jonge,889,23,https://www.atptour.com/en/rankings/singles?dateWeek=2025-09-22&rankRange=0-5000,2026-03-22T00:42:21Z
atp,2025-09-22,I0B6,Paul Inchauspe,Paul Inchauspe,890,22,https://www.atptour.com/en/rankings/singles?dateWeek=2025-09-22&rankRange=0-5000,2026-03-22T00:42:21Z
atp,2025-09-22,O560,Juan Sebastian Osorio,Juan Sebastian Osorio,891,22,https://www.atptour.com/en/rankings/singles?dateWeek=2025-09-22&rankRange=0-5000,2026-03-22T00:42:21Z
atp,2025-09-22,F0C0,Chase Ferguson,Chase Ferguson,892,22,https://www.atptour.com/en/rankings/singles?dateWeek=2025-09-22&rankRange=0-5000,2026-03-22T00:42:21Z
atp,2025-09-22,P0G0,Evgeny Philippov,Evgeny Philippov,893,22,https://www.atptour.com/en/rankings/singles?dateWeek=2025-09-22&rankRange=0-5000,2026-03-22T00:42:21Z
atp,2025-09-22,B0JN,Thomas Braithwaite,Thomas Braithwaite,894,22,https://www.atptour.com/en/rankings/singles?dateWeek=2025-09-22&rankRange=0-5000,2026-03-22T00:42:21Z
atp,2025-09-22,R0AY,Gregor Ramskogler,Gregor Ramskogler,895,22,https://www.atptour.com/en/rankings/singles?dateWeek=2025-09-22&rankRange=0-5000,2026-03-22T00:42:21Z
atp,2025-09-22,S0RF,Marcello Serafini,Marcello Serafini,896,22,https://www.atptour.com/en/rankings/singles?dateWeek=2025-09-22&rankRange=0-5000,2026-03-22T00:42:21Z
atp,2025-09-22,K0EM,Matt Kuhar,Matt Kuhar,897,22,https://www.atptour.com/en/rankings/singles?dateWeek=2025-09-22&rankRange=0-5000,2026-03-22T00:42:21Z
atp,2025-09-22,M0NO,Marko Maksimovic,Marko Maksimovic,898,22,https://www.atptour.com/en/rankings/singles?dateWeek=2025-09-22&rankRange=0-5000,2026-03-22T00:42:21Z
atp,2025-09-22,A0EU,Alexandre Aubriot,Alexandre Aubriot,899,22,https://www.atptour.com/en/rankings/singles?dateWeek=2025-09-22&rankRange=0-5000,2026-03-22T00:42:21Z
atp,2025-09-22,L0JO,Zoran Ludoski,Zoran Ludoski,900,21,https://www.atptour.com/en/rankings/singles?dateWeek=2025-09-22&rankRange=0-5000,2026-03-22T00:42:21Z
atp,2025-09-22,C0HX,Ozan Baris,Ozan Baris,901,21,https://www.atptour.com/en/rankings/singles?dateWeek=2025-09-22&rankRange=0-5000,2026-03-22T00:42:21Z
atp,2025-09-22,B0V0,Nikita Bilozertsev,Nikita Bilozertsev,902,21,https://www.atptour.com/en/rankings/singles?dateWeek=2025-09-22&rankRange=0-5000,2026-03-22T00:42:21Z
atp,2025-09-22,A0IH,Jack Anthrop,Jack Anthrop,903,21,https://www.atptour.com/en/rankings/singles?dateWeek=2025-09-22&rankRange=0-5000,2026-03-22T00:42:21Z
atp,2025-09-22,Z0DA,Carlos Maria Zarate,Carlos Maria Zarate,904,21,https://www.atptour.com/en/rankings/singles?dateWeek=2025-09-22&rankRange=0-5000,2026-03-22T00:42:21Z
atp,2025-09-22,S0W4,Lorenzo Sciahbasi,Lorenzo Sciahbasi,905,21,https://www.atptour.com/en/rankings/singles?dateWeek=2025-09-22&rankRange=0-5000,2026-03-22T00:42:21Z
atp,2025-09-22,H0HU,Samuel Heredia,Samuel Heredia,906,21,https://www.atptour.com/en/rankings/singles?dateWeek=2025-09-22&rankRange=0-5000,2026-03-22T00:42:21Z
atp,2025-09-22,C0DS,Thanapet Chanta,Thanapet Chanta,907,21,https://www.atptour.com/en/rankings/singles?dateWeek=2025-09-22&rankRange=0-5000,2026-03-22T00:42:21Z
atp,2025-09-22,G0B7,Jeremy Gschwendtner,Jeremy Gschwendtner,908,21,https://www.atptour.com/en/rankings/singles?dateWeek=2025-09-22&rankRange=0-5000,2026-03-22T00:42:21Z
atp,2025-09-22,U174,Kaito Uesugi,Kaito Uesugi,911,20,https://www.atptour.com/en/rankings/singles?dateWeek=2025-09-22&rankRange=0-5000,2026-03-22T00:42:21Z
atp,2025-09-22,BO10,Gijs Brouwer,Gijs Brouwer,912,20,https://www.atptour.com/en/rankings/singles?dateWeek=2025-09-22&rankRange=0-5000,2026-03-22T00:42:21Z
atp,2025-09-22,L0N0,Pavel Lagutin,Pavel Lagutin,913,20,https://www.atptour.com/en/rankings/singles?dateWeek=2025-09-22&rankRange=0-5000,2026-03-22T00:42:21Z
atp,2025-09-22,G0OF,Georgi Georgiev,Georgi Georgiev,914,20,https://www.atptour.com/en/rankings/singles?dateWeek=2025-09-22&rankRange=0-5000,2026-03-22T00:42:21Z
atp,2025-09-22,D985,Joao Domingues,Joao Domingues,915,20,https://www.atptour.com/en/rankings/singles?dateWeek=2025-09-22&rankRange=0-5000,2026-03-22T00:42:21Z
atp,2025-09-22,L0DM,Alejo Lorenzo Lingua Lavallen,Alejo Lorenzo Lingua Lavallen,916,20,https://www.atptour.com/en/rankings/singles?dateWeek=2025-09-22&rankRange=0-5000,2026-03-22T00:42:21Z
atp,2025-09-22,K0GA,Igor Kudriashov,Igor Kudriashov,917,20,https://www.atptour.com/en/rankings/singles?dateWeek=2025-09-22&rankRange=0-5000,2026-03-22T00:42:21Z
atp,2025-09-22,B0PN,Matisse Bobichon,Matisse Bobichon,918,20,https://www.atptour.com/en/rankings/singles?dateWeek=2025-09-22&rankRange=0-5000,2026-03-22T00:42:21Z
atp,2025-09-22,W09X,Benjamin Winter Lopez,Benjamin Winter Lopez,919,20,https://www.atptour.com/en/rankings/singles?dateWeek=2025-09-22&rankRange=0-5000,2026-03-22T00:42:21Z
atp,2025-09-22,S0KG,Nikola Slavic,Nikola Slavic,920,20,https://www.atptour.com/en/rankings/singles?dateWeek=2025-09-22&rankRange=0-5000,2026-03-22T00:42:21Z
atp,2025-09-22,O527,Chanyeong Oh,Chanyeong Oh,921,20,https://www.atptour.com/en/rankings/singles?dateWeek=2025-09-22&rankRange=0-5000,2026-03-22T00:42:21Z
atp,2025-09-22,S1AR,Simeon Stankovic,Simeon Stankovic,922,20,https://www.atptour.com/en/rankings/singles?dateWeek=2025-09-22&rankRange=0-5000,2026-03-22T00:42:21Z
atp,2025-09-22,G0MH,Benjamin Thomas George,Benjamin Thomas George,926,20,https://www.atptour.com/en/rankings/singles?dateWeek=2025-09-22&rankRange=0-5000,2026-03-22T00:42:21Z
atp,2025-09-22,S0E4,Justin Schlageter,Justin Schlageter,927,20,https://www.atptour.com/en/rankings/singles?dateWeek=2025-09-22&rankRange=0-5000,2026-03-22T00:42:21Z
atp,2025-09-22,TG67,Kristjan Tamm,Kristjan Tamm,928,20,https://www.atptour.com/en/rankings/singles?dateWeek=2025-09-22&rankRange=0-5000,2026-03-22T00:42:21Z
atp,2025-09-22,C0PX,Matteo Covato,Matteo Covato,929,20,https://www.atptour.com/en/rankings/singles?dateWeek=2025-09-22&rankRange=0-5000,2026-03-22T00:42:21Z
atp,2025-09-22,BU78,Finn Bass,Finn Bass,930,20,https://www.atptour.com/en/rankings/singles?dateWeek=2025-09-22&rankRange=0-5000,2026-03-22T00:42:21Z
atp,2025-09-22,P0I5,Ignacio Parisca Romera,Ignacio Parisca Romera,931,20,https://www.atptour.com/en/rankings/singles?dateWeek=2025-09-22&rankRange=0-5000,2026-03-22T00:42:21Z
atp,2025-09-22,F0C2,Andrea Fiorentini,Andrea Fiorentini,932,20,https://www.atptour.com/en/rankings/singles?dateWeek=2025-09-22&rankRange=0-5000,2026-03-22T00:42:21Z
atp,2025-09-22,Z350,Michael Zhu,Michael Zhu,933,20,https://www.atptour.com/en/rankings/singles?dateWeek=2025-09-22&rankRange=0-5000,2026-03-22T00:42:21Z
atp,2025-09-22,P0KJ,Derek Pham,Derek Pham,934,19,https://www.atptour.com/en/rankings/singles?dateWeek=2025-09-22&rankRange=0-5000,2026-03-22T00:42:21Z
atp,2025-09-22,M0DY,Peter Makk,Peter Makk,935,19,https://www.atptour.com/en/rankings/singles?dateWeek=2025-09-22&rankRange=0-5000,2026-03-22T00:42:21Z
atp,2025-09-22,B0ME,Cesar Bouchelaghem,Cesar Bouchelaghem,936,19,https://www.atptour.com/en/rankings/singles?dateWeek=2025-09-22&rankRange=0-5000,2026-03-22T00:42:21Z
atp,2025-09-22,LB78,Jea Moon Lee,Jea Moon Lee,937,19,https://www.atptour.com/en/rankings/singles?dateWeek=2025-09-22&rankRange=0-5000,2026-03-22T00:42:21Z
atp,2025-09-22,I0BF,Ivan Ivanov,Ivan Ivanov,938,19,https://www.atptour.com/en/rankings/singles?dateWeek=2025-09-22&rankRange=0-5000,2026-03-22T00:42:21Z
atp,2025-09-22,B0E4,Mateo Barreiros Reyes,Mateo Barreiros Reyes,939,19,https://www.atptour.com/en/rankings/singles?dateWeek=2025-09-22&rankRange=0-5000,2026-03-22T00:42:21Z
atp,2025-09-22,P0KS,Lasse Poertner,Lasse Poertner,940,19,https://www.atptour.com/en/rankings/singles?dateWeek=2025-09-22&rankRange=0-5000,2026-03-22T00:42:21Z
atp,2025-09-22,M0WZ,Lucas Marionneau,Lucas Marionneau,941,19,https://www.atptour.com/en/rankings/singles?dateWeek=2025-09-22&rankRange=0-5000,2026-03-22T00:42:21Z
atp,2025-09-22,P0MS,Rares Teodor Pieleanu,Rares Teodor Pieleanu,942,19,https://www.atptour.com/en/rankings/singles?dateWeek=2025-09-22&rankRange=0-5000,2026-03-22T00:42:21Z
atp,2025-09-22,T0AG,Zura Tkemaladze,Zura Tkemaladze,943,19,https://www.atptour.com/en/rankings/singles?dateWeek=2025-09-22&rankRange=0-5000,2026-03-22T00:42:21Z
atp,2025-09-22,R0IB,Maxence Rivet,Maxence Rivet,944,19,https://www.atptour.com/en/rankings/singles?dateWeek=2025-09-22&rankRange=0-5000,2026-03-22T00:42:21Z
atp,2025-09-22,V0F6,Nicolas Villalon,Nicolas Villalon,945,19,https://www.atptour.com/en/rankings/singles?dateWeek=2025-09-22&rankRange=0-5000,2026-03-22T00:42:21Z
atp,2025-09-22,D0D9,Stefano D'Agostino,Stefano D'agostino,946,19,https://www.atptour.com/en/rankings/singles?dateWeek=2025-09-22&rankRange=0-5000,2026-03-22T00:42:21Z
atp,2025-09-22,GC17,Oscar Jose Gutierrez,Oscar Jose Gutierrez,947,19,https://www.atptour.com/en/rankings/singles?dateWeek=2025-09-22&rankRange=0-5000,2026-03-22T00:42:21Z
atp,2025-09-22,KB09,Denis Kudla,Denis Kudla,948,18,https://www.atptour.com/en/rankings/singles?dateWeek=2025-09-22&rankRange=0-5000,2026-03-22T00:42:21Z
atp,2025-09-22,N0BK,Hazem Naw,Hazem Naw,949,18,https://www.atptour.com/en/rankings/singles?dateWeek=2025-09-22&rankRange=0-5000,2026-03-22T00:42:21Z
atp,2025-09-22,S0ZF,Kacper Szymkowiak,Kacper Szymkowiak,950,18,https://www.atptour.com/en/rankings/singles?dateWeek=2025-09-22&rankRange=0-5000,2026-03-22T00:42:21Z
atp,2025-09-22,B0HY,Isaac Becroft,Isaac Becroft,951,18,https://www.atptour.com/en/rankings/singles?dateWeek=2025-09-22&rankRange=0-5000,2026-03-22T00:42:21Z
atp,2025-09-22,M0HY,Finn Murgett,Finn Murgett,952,18,https://www.atptour.com/en/rankings/singles?dateWeek=2025-09-22&rankRange=0-5000,2026-03-22T00:42:21Z
atp,2025-09-22,M0WL,Anas Mazdrashki,Anas Mazdrashki,953,18,https://www.atptour.com/en/rankings/singles?dateWeek=2025-09-22&rankRange=0-5000,2026-03-22T00:42:21Z
atp,2025-09-22,Y235,Jumpei Yamasaki,Jumpei Yamasaki,954,18,https://www.atptour.com/en/rankings/singles?dateWeek=2025-09-22&rankRange=0-5000,2026-03-22T00:42:21Z
atp,2025-09-22,Z0CO,Maximo Zeitune,Maximo Zeitune,955,18,https://www.atptour.com/en/rankings/singles?dateWeek=2025-09-22&rankRange=0-5000,2026-03-22T00:42:21Z
atp,2025-09-22,F0BJ,Adan Freire Da Silva,Adan Freire Da Silva,956,18,https://www.atptour.com/en/rankings/singles?dateWeek=2025-09-22&rankRange=0-5000,2026-03-22T00:42:21Z
atp,2025-09-22,B0QL,Brian Bozemoj,Brian Bozemoj,957,18,https://www.atptour.com/en/rankings/singles?dateWeek=2025-09-22&rankRange=0-5000,2026-03-22T00:42:21Z
atp,2025-09-22,J0D5,Hayden Jones,Hayden Jones,958,18,https://www.atptour.com/en/rankings/singles?dateWeek=2025-09-22&rankRange=0-5000,2026-03-22T00:42:21Z
atp,2025-09-22,M0K2,Pietro Marino,Pietro Marino,959,18,https://www.atptour.com/en/rankings/singles?dateWeek=2025-09-22&rankRange=0-5000,2026-03-22T00:42:21Z
atp,2025-09-22,S0JW,Sungbeen Sim,Sungbeen Sim,960,18,https://www.atptour.com/en/rankings/singles?dateWeek=2025-09-22&rankRange=0-5000,2026-03-22T00:42:21Z
atp,2025-09-22,I0BE,Saveliy Ivanov,Saveliy Ivanov,961,18,https://www.atptour.com/en/rankings/singles?dateWeek=2025-09-22&rankRange=0-5000,2026-03-22T00:42:21Z
atp,2025-09-22,MV39,Tomohiro Masabayashi,Tomohiro Masabayashi,962,18,https://www.atptour.com/en/rankings/singles?dateWeek=2025-09-22&rankRange=0-5000,2026-03-22T00:42:21Z
atp,2025-09-22,LG37,Grigoriy Lomakin,Grigoriy Lomakin,963,18,https://www.atptour.com/en/rankings/singles?dateWeek=2025-09-22&rankRange=0-5000,2026-03-22T00:42:21Z
atp,2025-09-22,D0MB,Andrew Delgado,Andrew Delgado,964,17,https://www.atptour.com/en/rankings/singles?dateWeek=2025-09-22&rankRange=0-5000,2026-03-22T00:42:21Z
atp,2025-09-22,J0F2,Spencer Johnson,Spencer Johnson,965,17,https://www.atptour.com/en/rankings/singles?dateWeek=2025-09-22&rankRange=0-5000,2026-03-22T00:42:21Z
atp,2025-09-22,W0B3,Xiaofei Wang,Xiaofei Wang,966,17,https://www.atptour.com/en/rankings/singles?dateWeek=2025-09-22&rankRange=0-5000,2026-03-22T00:42:21Z
atp,2025-09-22,D0I0,Sebastian Dominko,Sebastian Dominko,967,17,https://www.atptour.com/en/rankings/singles?dateWeek=2025-09-22&rankRange=0-5000,2026-03-22T00:42:21Z
atp,2025-09-22,B0TK,Pepijn Bastiaansen,Pepijn Bastiaansen,968,17,https://www.atptour.com/en/rankings/singles?dateWeek=2025-09-22&rankRange=0-5000,2026-03-22T00:42:21Z
atp,2025-09-22,K0MX,Enzo Kohlmann De Freitas,Enzo Kohlmann De Freitas,969,17,https://www.atptour.com/en/rankings/singles?dateWeek=2025-09-22&rankRange=0-5000,2026-03-22T00:42:21Z
atp,2025-09-22,M0V7,Vincent Marysko,Vincent Marysko,970,17,https://www.atptour.com/en/rankings/singles?dateWeek=2025-09-22&rankRange=0-5000,2026-03-22T00:42:21Z
atp,2025-09-22,N0CT,Shunsuke Nakagawa,Shunsuke Nakagawa,971,17,https://www.atptour.com/en/rankings/singles?dateWeek=2025-09-22&rankRange=0-5000,2026-03-22T00:42:21Z
atp,2025-09-22,C0O4,Fernando Cavallo,Fernando Cavallo,972,17,https://www.atptour.com/en/rankings/singles?dateWeek=2025-09-22&rankRange=0-5000,2026-03-22T00:42:21Z
atp,2025-09-22,R0DP,Sam Ryan Ziegann,Sam Ryan Ziegann,973,17,https://www.atptour.com/en/rankings/singles?dateWeek=2025-09-22&rankRange=0-5000,2026-03-22T00:42:21Z
atp,2025-09-22,A0IE,Seydina Andre,Seydina Andre,974,17,https://www.atptour.com/en/rankings/singles?dateWeek=2025-09-22&rankRange=0-5000,2026-03-22T00:42:21Z
atp,2025-09-22,T0K1,Ryo Tabata,Ryo Tabata,975,16,https://www.atptour.com/en/rankings/singles?dateWeek=2025-09-22&rankRange=0-5000,2026-03-22T00:42:21Z
atp,2025-09-22,B0A1,Martin Borisiouk,Martin Borisiouk,976,16,https://www.atptour.com/en/rankings/singles?dateWeek=2025-09-22&rankRange=0-5000,2026-03-22T00:42:21Z
atp,2025-09-22,S0I7,Pietro Romeo Scomparin,Pietro Romeo Scomparin,977,16,https://www.atptour.com/en/rankings/singles?dateWeek=2025-09-22&rankRange=0-5000,2026-03-22T00:42:21Z
atp,2025-09-22,L0CK,Younes Lalami,Younes Lalami,978,16,https://www.atptour.com/en/rankings/singles?dateWeek=2025-09-22&rankRange=0-5000,2026-03-22T00:42:21Z
atp,2025-09-22,B0G9,Alberto Bronzetti,Alberto Bronzetti,979,16,https://www.atptour.com/en/rankings/singles?dateWeek=2025-09-22&rankRange=0-5000,2026-03-22T00:42:21Z
atp,2025-09-22,VA48,Siddharth Vishwakarma,Siddharth Vishwakarma,980,16,https://www.atptour.com/en/rankings/singles?dateWeek=2025-09-22&rankRange=0-5000,2026-03-22T00:42:21Z
atp,2025-09-22,H0GW,Michel Hopp,Michel Hopp,981,16,https://www.atptour.com/en/rankings/singles?dateWeek=2025-09-22&rankRange=0-5000,2026-03-22T00:42:21Z
atp,2025-09-22,S0JV,Qian Sun,Qian Sun,982,16,https://www.atptour.com/en/rankings/singles?dateWeek=2025-09-22&rankRange=0-5000,2026-03-22T00:42:21Z
atp,2025-09-22,R09T,Alexandre Reco,Alexandre Reco,983,16,https://www.atptour.com/en/rankings/singles?dateWeek=2025-09-22&rankRange=0-5000,2026-03-22T00:42:21Z
atp,2025-09-22,K0HT,Elgin Khoeblal,Elgin Khoeblal,984,16,https://www.atptour.com/en/rankings/singles?dateWeek=2025-09-22&rankRange=0-5000,2026-03-22T00:42:21Z
atp,2025-09-22,S0YB,Daniil Sarksian,Daniil Sarksian,985,16,https://www.atptour.com/en/rankings/singles?dateWeek=2025-09-22&rankRange=0-5000,2026-03-22T00:42:21Z
atp,2025-09-22,R0KM,Daniele Rapagnetta,Daniele Rapagnetta,986,16,https://www.atptour.com/en/rankings/singles?dateWeek=2025-09-22&rankRange=0-5000,2026-03-22T00:42:21Z
atp,2025-09-22,L0CS,Pengyu Lu,Pengyu Lu,987,16,https://www.atptour.com/en/rankings/singles?dateWeek=2025-09-22&rankRange=0-5000,2026-03-22T00:42:21Z
atp,2025-09-22,PH67,Nathan Ponwith,Nathan Ponwith,988,16,https://www.atptour.com/en/rankings/singles?dateWeek=2025-09-22&rankRange=0-5000,2026-03-22T00:42:21Z
atp,2025-09-22,X01D,Kuang Qing Xu,Kuang Qing Xu,989,15,https://www.atptour.com/en/rankings/singles?dateWeek=2025-09-22&rankRange=0-5000,2026-03-22T00:42:21Z
atp,2025-09-22,V0GR,Alexander Vasilev,Alexander Vasilev,990,15,https://www.atptour.com/en/rankings/singles?dateWeek=2025-09-22&rankRange=0-5000,2026-03-22T00:42:21Z
atp,2025-09-22,G0D4,Lorenzo Gagliardo,Lorenzo Gagliardo,993,15,https://www.atptour.com/en/rankings/singles?dateWeek=2025-09-22&rankRange=0-5000,2026-03-22T00:42:21Z
atp,2025-09-22,W0DW,Cooper Woestendick,Cooper Woestendick,994,15,https://www.atptour.com/en/rankings/singles?dateWeek=2025-09-22&rankRange=0-5000,2026-03-22T00:42:21Z
atp,2025-09-22,S0JH,Filippo Speziali,Filippo Speziali,995,15,https://www.atptour.com/en/rankings/singles?dateWeek=2025-09-22&rankRange=0-5000,2026-03-22T00:42:21Z
atp,2025-09-22,P0N6,Oskari Paldanius,Oskari Paldanius,996,15,https://www.atptour.com/en/rankings/singles?dateWeek=2025-09-22&rankRange=0-5000,2026-03-22T00:42:21Z
atp,2025-09-22,MK26,Jules Marie,Jules Marie,997,15,https://www.atptour.com/en/rankings/singles?dateWeek=2025-09-22&rankRange=0-5000,2026-03-22T00:42:21Z
atp,2025-09-22,S0TB,Elijah Strode,Elijah Strode,998,15,https://www.atptour.com/en/rankings/singles?dateWeek=2025-09-22&rankRange=0-5000,2026-03-22T00:42:21Z
atp,2025-09-22,TG77,Petros Tsitsipas,Petros Tsitsipas,999,15,https://www.atptour.com/en/rankings/singles?dateWeek=2025-09-22&rankRange=0-5000,2026-03-22T00:42:21Z
atp,2025-09-22,S0MJ,Thantub Suksumrarn,Thantub Suksumrarn,1000,15,https://www.atptour.com/en/rankings/singles?dateWeek=2025-09-22&rankRange=0-5000,2026-03-22T00:42:21Z
atp,2025-09-22,P0LG,Salvador Price,Salvador Price,1001,15,https://www.atptour.com/en/rankings/singles?dateWeek=2025-09-22&rankRange=0-5000,2026-03-22T00:42:21Z
atp,2025-09-22,B0SW,Tymur Bieldiugin,Tymur Bieldiugin,1002,15,https://www.atptour.com/en/rankings/singles?dateWeek=2025-09-22&rankRange=0-5000,2026-03-22T00:42:21Z
atp,2025-09-22,W719,Marcus Walters,Marcus Walters,1003,15,https://www.atptour.com/en/rankings/singles?dateWeek=2025-09-22&rankRange=0-5000,2026-03-22T00:42:21Z
atp,2025-09-22,L0G5,Joao Victor Couto Loureiro,Joao Victor Couto Loureiro,1004,15,https://www.atptour.com/en/rankings/singles?dateWeek=2025-09-22&rankRange=0-5000,2026-03-22T00:42:21Z
atp,2025-09-22,PM20,Hugo Pierre,Hugo Pierre,1005,15,https://www.atptour.com/en/rankings/singles?dateWeek=2025-09-22&rankRange=0-5000,2026-03-22T00:42:21Z
atp,2025-09-22,R0BF,Franco Ribero,Franco Ribero,1006,15,https://www.atptour.com/en/rankings/singles?dateWeek=2025-09-22&rankRange=0-5000,2026-03-22T00:42:21Z
atp,2025-09-22,P0D4,Brandon Perez,Brandon Perez,1007,15,https://www.atptour.com/en/rankings/singles?dateWeek=2025-09-22&rankRange=0-5000,2026-03-22T00:42:21Z
atp,2025-09-22,B0G6,Preston Brown,Preston Brown,1010,15,https://www.atptour.com/en/rankings/singles?dateWeek=2025-09-22&rankRange=0-5000,2026-03-22T00:42:21Z
atp,2025-09-22,LB84,Juan Ignacio Londero,Juan Ignacio Londero,1011,14,https://www.atptour.com/en/rankings/singles?dateWeek=2025-09-22&rankRange=0-5000,2026-03-22T00:42:21Z
atp,2025-09-22,FA50,Thomas Fancutt,Thomas Fancutt,1012,14,https://www.atptour.com/en/rankings/singles?dateWeek=2025-09-22&rankRange=0-5000,2026-03-22T00:42:21Z
atp,2025-09-22,T0IL,Kriish Tyagi,Kriish Tyagi,1013,14,https://www.atptour.com/en/rankings/singles?dateWeek=2025-09-22&rankRange=0-5000,2026-03-22T00:42:21Z
atp,2025-09-22,W0DP,Jaden Weekes,Jaden Weekes,1014,14,https://www.atptour.com/en/rankings/singles?dateWeek=2025-09-22&rankRange=0-5000,2026-03-22T00:42:21Z
atp,2025-09-22,F09U,Matyas Fuele,Matyas Fuele,1015,14,https://www.atptour.com/en/rankings/singles?dateWeek=2025-09-22&rankRange=0-5000,2026-03-22T00:42:21Z
atp,2025-09-22,D0FY,Thomas Deschamps,Thomas Deschamps,1016,14,https://www.atptour.com/en/rankings/singles?dateWeek=2025-09-22&rankRange=0-5000,2026-03-22T00:42:21Z
atp,2025-09-22,S0UU,Maxim Shin,Maxim Shin,1017,14,https://www.atptour.com/en/rankings/singles?dateWeek=2025-09-22&rankRange=0-5000,2026-03-22T00:42:21Z
atp,2025-09-22,N561,Ivan Nedelko,Ivan Nedelko,1018,14,https://www.atptour.com/en/rankings/singles?dateWeek=2025-09-22&rankRange=0-5000,2026-03-22T00:42:21Z
atp,2025-09-22,F902,Jesse Flores,Jesse Flores,1019,14,https://www.atptour.com/en/rankings/singles?dateWeek=2025-09-22&rankRange=0-5000,2026-03-22T00:42:21Z
atp,2025-09-22,F664,Sebastian Fanselow,Sebastian Fanselow,1020,14,https://www.atptour.com/en/rankings/singles?dateWeek=2025-09-22&rankRange=0-5000,2026-03-22T00:42:21Z
atp,2025-09-22,M0I5,Alen Mujakic,Alen Mujakic,1021,14,https://www.atptour.com/en/rankings/singles?dateWeek=2025-09-22&rankRange=0-5000,2026-03-22T00:42:21Z
atp,2025-09-22,H0HC,Lucca Helguera Casado,Lucca Helguera Casado,1022,14,https://www.atptour.com/en/rankings/singles?dateWeek=2025-09-22&rankRange=0-5000,2026-03-22T00:42:21Z
atp,2025-09-22,C0KN,Andrin Casanova,Andrin Casanova,1023,14,https://www.atptour.com/en/rankings/singles?dateWeek=2025-09-22&rankRange=0-5000,2026-03-22T00:42:21Z
atp,2025-09-22,T0FH,Alejandro Turriziani Alvarez,Alejandro Turriziani Alvarez,1024,14,https://www.atptour.com/en/rankings/singles?dateWeek=2025-09-22&rankRange=0-5000,2026-03-22T00:42:21Z
atp,2025-09-22,J0DG,Alejandro Juan Mano,Alejandro Juan Mano,1027,14,https://www.atptour.com/en/rankings/singles?dateWeek=2025-09-22&rankRange=0-5000,2026-03-22T00:42:21Z
atp,2025-09-22,B0HD,Nikola Basic,Nikola Basic,1028,14,https://www.atptour.com/en/rankings/singles?dateWeek=2025-09-22&rankRange=0-5000,2026-03-22T00:42:21Z
atp,2025-09-22,K0FW,Jan Kupcic,Jan Kupcic,1029,14,https://www.atptour.com/en/rankings/singles?dateWeek=2025-09-22&rankRange=0-5000,2026-03-22T00:42:21Z
atp,2025-09-22,O09S,Juan Bautista Otegui,Juan Bautista Otegui,1030,14,https://www.atptour.com/en/rankings/singles?dateWeek=2025-09-22&rankRange=0-5000,2026-03-22T00:42:21Z
atp,2025-09-22,M0B9,Diogo Marques,Diogo Marques,1031,14,https://www.atptour.com/en/rankings/singles?dateWeek=2025-09-22&rankRange=0-5000,2026-03-22T00:42:21Z
atp,2025-09-22,MM66,Nikola Milojevic,Nikola Milojevic,1032,13,https://www.atptour.com/en/rankings/singles?dateWeek=2025-09-22&rankRange=0-5000,2026-03-22T00:42:21Z
atp,2025-09-22,D0D2,Alec Deckers,Alec Deckers,1033,13,https://www.atptour.com/en/rankings/singles?dateWeek=2025-09-22&rankRange=0-5000,2026-03-22T00:42:21Z
atp,2025-09-22,H0D9,Cleeve Harper,Cleeve Harper,1034,13,https://www.atptour.com/en/rankings/singles?dateWeek=2025-09-22&rankRange=0-5000,2026-03-22T00:42:21Z
atp,2025-09-22,M0XA,Mario Martinez Serrano,Mario Martinez Serrano,1035,13,https://www.atptour.com/en/rankings/singles?dateWeek=2025-09-22&rankRange=0-5000,2026-03-22T00:42:21Z
atp,2025-09-22,B0PY,Paul Barbier Gazeu,Paul Barbier Gazeu,1036,13,https://www.atptour.com/en/rankings/singles?dateWeek=2025-09-22&rankRange=0-5000,2026-03-22T00:42:21Z
atp,2025-09-22,P0CD,Daniel Paty,Daniel Paty,1037,13,https://www.atptour.com/en/rankings/singles?dateWeek=2025-09-22&rankRange=0-5000,2026-03-22T00:42:21Z
atp,2025-09-22,K0AB,Adil Kalyanpur,Adil Kalyanpur,1038,13,https://www.atptour.com/en/rankings/singles?dateWeek=2025-09-22&rankRange=0-5000,2026-03-22T00:42:21Z
atp,2025-09-22,T0AF,Fermin Tenti,Fermin Tenti,1039,13,https://www.atptour.com/en/rankings/singles?dateWeek=2025-09-22&rankRange=0-5000,2026-03-22T00:42:21Z
atp,2025-09-22,F0F0,Romain Faucon,Romain Faucon,1040,13,https://www.atptour.com/en/rankings/singles?dateWeek=2025-09-22&rankRange=0-5000,2026-03-22T00:42:21Z
atp,2025-09-22,E0AB,Ishaque Eqbal,Ishaque Eqbal,1041,13,https://www.atptour.com/en/rankings/singles?dateWeek=2025-09-22&rankRange=0-5000,2026-03-22T00:42:21Z
atp,2025-09-22,L0G4,Lorenzo Lorusso,Lorenzo Lorusso,1042,13,https://www.atptour.com/en/rankings/singles?dateWeek=2025-09-22&rankRange=0-5000,2026-03-22T00:42:21Z
atp,2025-09-22,S0VU,Max Schoenhaus,Max Schoenhaus,1043,13,https://www.atptour.com/en/rankings/singles?dateWeek=2025-09-22&rankRange=0-5000,2026-03-22T00:42:21Z
atp,2025-09-22,H0CU,Ronald Hohmann,Ronald Hohmann,1044,13,https://www.atptour.com/en/rankings/singles?dateWeek=2025-09-22&rankRange=0-5000,2026-03-22T00:42:21Z
atp,2025-09-22,T0GK,Ruslan Tiukaev,Ruslan Tiukaev,1045,13,https://www.atptour.com/en/rankings/singles?dateWeek=2025-09-22&rankRange=0-5000,2026-03-22T00:42:21Z
atp,2025-09-22,M0ES,Oscar Moraing,Oscar Moraing,1046,13,https://www.atptour.com/en/rankings/singles?dateWeek=2025-09-22&rankRange=0-5000,2026-03-22T00:42:21Z
atp,2025-09-22,M0IG,Ezequiel Monferrer,Ezequiel Monferrer,1047,13,https://www.atptour.com/en/rankings/singles?dateWeek=2025-09-22&rankRange=0-5000,2026-03-22T00:42:21Z
atp,2025-09-22,A0KQ,Izan Almazan Valiente,Izan Almazan Valiente,1048,13,https://www.atptour.com/en/rankings/singles?dateWeek=2025-09-22&rankRange=0-5000,2026-03-22T00:42:21Z
atp,2025-09-22,B0NF,Valentin Basel,Valentin Basel,1049,13,https://www.atptour.com/en/rankings/singles?dateWeek=2025-09-22&rankRange=0-5000,2026-03-22T00:42:21Z
atp,2025-09-22,BV08,Boris Butulija,Boris Butulija,1050,13,https://www.atptour.com/en/rankings/singles?dateWeek=2025-09-22&rankRange=0-5000,2026-03-22T00:42:21Z
atp,2025-09-22,N724,Gabriele Maria Noce,Gabriele Maria Noce,1051,13,https://www.atptour.com/en/rankings/singles?dateWeek=2025-09-22&rankRange=0-5000,2026-03-22T00:42:21Z
atp,2025-09-22,M0XQ,Niels McDonald,Niels Mcdonald,1052,12,https://www.atptour.com/en/rankings/singles?dateWeek=2025-09-22&rankRange=0-5000,2026-03-22T00:42:21Z
atp,2025-09-22,L733,Zhe Li,Zhe Li,1053,12,https://www.atptour.com/en/rankings/singles?dateWeek=2025-09-22&rankRange=0-5000,2026-03-22T00:42:21Z
atp,2025-09-22,B0IZ,Devin Badenhorst,Devin Badenhorst,1054,12,https://www.atptour.com/en/rankings/singles?dateWeek=2025-09-22&rankRange=0-5000,2026-03-22T00:42:21Z
atp,2025-09-22,GB41,Juan Sebastian Gomez,Juan Sebastian Gomez,1055,12,https://www.atptour.com/en/rankings/singles?dateWeek=2025-09-22&rankRange=0-5000,2026-03-22T00:42:21Z
atp,2025-09-22,J0F0,Vlado Jankanj,Vlado Jankanj,1056,12,https://www.atptour.com/en/rankings/singles?dateWeek=2025-09-22&rankRange=0-5000,2026-03-22T00:42:21Z
atp,2025-09-22,R0H2,Pedro Rodenas,Pedro Rodenas,1059,12,https://www.atptour.com/en/rankings/singles?dateWeek=2025-09-22&rankRange=0-5000,2026-03-22T00:42:21Z
atp,2025-09-22,P0MT,Cezar Gabriel Papoe,Cezar Gabriel Papoe,1060,12,https://www.atptour.com/en/rankings/singles?dateWeek=2025-09-22&rankRange=0-5000,2026-03-22T00:42:21Z
atp,2025-09-22,M0VH,Markus Malaszszak,Markus Malaszszak,1061,12,https://www.atptour.com/en/rankings/singles?dateWeek=2025-09-22&rankRange=0-5000,2026-03-22T00:42:21Z
atp,2025-09-22,L09D,Aliaksandr Liaonenka,Aliaksandr Liaonenka,1062,12,https://www.atptour.com/en/rankings/singles?dateWeek=2025-09-22&rankRange=0-5000,2026-03-22T00:42:21Z
atp,2025-09-22,L0CH,Noel Larwig,Noel Larwig,1063,12,https://www.atptour.com/en/rankings/singles?dateWeek=2025-09-22&rankRange=0-5000,2026-03-22T00:42:21Z
atp,2025-09-22,W0BD,Deney Wassermann,Deney Wassermann,1064,12,https://www.atptour.com/en/rankings/singles?dateWeek=2025-09-22&rankRange=0-5000,2026-03-22T00:42:21Z
atp,2025-09-22,K0I7,Marcel Kamrowski,Marcel Kamrowski,1065,12,https://www.atptour.com/en/rankings/singles?dateWeek=2025-09-22&rankRange=0-5000,2026-03-22T00:42:21Z
atp,2025-09-22,PH77,David Poljak,David Poljak,1068,12,https://www.atptour.com/en/rankings/singles?dateWeek=2025-09-22&rankRange=0-5000,2026-03-22T00:42:21Z
atp,2025-09-22,A0K4,Mikael Arseneault,Mikael Arseneault,1071,12,https://www.atptour.com/en/rankings/singles?dateWeek=2025-09-22&rankRange=0-5000,2026-03-22T00:42:21Z
atp,2025-09-22,T0I0,Andreas Timini,Andreas Timini,1072,12,https://www.atptour.com/en/rankings/singles?dateWeek=2025-09-22&rankRange=0-5000,2026-03-22T00:42:21Z
atp,2025-09-22,T0G2,Mariano Tammaro,Mariano Tammaro,1073,12,https://www.atptour.com/en/rankings/singles?dateWeek=2025-09-22&rankRange=0-5000,2026-03-22T00:42:21Z
atp,2025-09-22,BU64,Nicolas Bruna,Nicolas Bruna,1074,12,https://www.atptour.com/en/rankings/singles?dateWeek=2025-09-22&rankRange=0-5000,2026-03-22T00:42:21Z
atp,2025-09-22,C0PK,Xing Dao Chen,Xing Dao Chen,1075,12,https://www.atptour.com/en/rankings/singles?dateWeek=2025-09-22&rankRange=0-5000,2026-03-22T00:42:21Z
atp,2025-09-22,TG42,Louis Tessa,Louis Tessa,1076,12,https://www.atptour.com/en/rankings/singles?dateWeek=2025-09-22&rankRange=0-5000,2026-03-22T00:42:21Z
atp,2025-09-22,A0HZ,Lorenzo Angelini,Lorenzo Angelini,1077,12,https://www.atptour.com/en/rankings/singles?dateWeek=2025-09-22&rankRange=0-5000,2026-03-22T00:42:21Z
atp,2025-09-22,C0KO,Niccolò Ciavarella,Niccolò Ciavarella,1078,12,https://www.atptour.com/en/rankings/singles?dateWeek=2025-09-22&rankRange=0-5000,2026-03-22T00:42:21Z
atp,2025-09-22,I0BR,Nicolas Ifi,Nicolas Ifi,1079,12,https://www.atptour.com/en/rankings/singles?dateWeek=2025-09-22&rankRange=0-5000,2026-03-22T00:42:21Z
atp,2025-09-22,ML51,Toby Martin,Toby Martin,1080,12,https://www.atptour.com/en/rankings/singles?dateWeek=2025-09-22&rankRange=0-5000,2026-03-22T00:42:21Z
atp,2025-09-22,C0GG,Keshav Chopra,Keshav Chopra,1081,12,https://www.atptour.com/en/rankings/singles?dateWeek=2025-09-22&rankRange=0-5000,2026-03-22T00:42:21Z
atp,2025-09-22,R0EW,Leyton Rivera,Leyton Rivera,1082,12,https://www.atptour.com/en/rankings/singles?dateWeek=2025-09-22&rankRange=0-5000,2026-03-22T00:42:21Z
atp,2025-09-22,CN88,Tiago Cacao,Tiago Cacao,1083,11,https://www.atptour.com/en/rankings/singles?dateWeek=2025-09-22&rankRange=0-5000,2026-03-22T00:42:21Z
atp,2025-09-22,R0BN,Simon Reveniau,Simon Reveniau,1084,11,https://www.atptour.com/en/rankings/singles?dateWeek=2025-09-22&rankRange=0-5000,2026-03-22T00:42:21Z
atp,2025-09-22,B0C7,Justin Barki,Justin Barki,1085,11,https://www.atptour.com/en/rankings/singles?dateWeek=2025-09-22&rankRange=0-5000,2026-03-22T00:42:21Z
atp,2025-09-22,PI95,David Pichler,David Pichler,1086,11,https://www.atptour.com/en/rankings/singles?dateWeek=2025-09-22&rankRange=0-5000,2026-03-22T00:42:21Z
atp,2025-09-22,B0JL,Niccolo Baroni,Niccolo Baroni,1089,11,https://www.atptour.com/en/rankings/singles?dateWeek=2025-09-22&rankRange=0-5000,2026-03-22T00:42:21Z
atp,2025-09-22,H0C9,Arklon Huertas Del Pino Cordova,Arklon Huertas Del Pino Cordova,1090,11,https://www.atptour.com/en/rankings/singles?dateWeek=2025-09-22&rankRange=0-5000,2026-03-22T00:42:21Z
atp,2025-09-22,S0H1,Luca Staeheli,Luca Staeheli,1091,11,https://www.atptour.com/en/rankings/singles?dateWeek=2025-09-22&rankRange=0-5000,2026-03-22T00:42:21Z
atp,2025-09-22,MM67,Ryotero Matsumura,Ryotero Matsumura,1092,11,https://www.atptour.com/en/rankings/singles?dateWeek=2025-09-22&rankRange=0-5000,2026-03-22T00:42:21Z
atp,2025-09-22,W741,Aoran Wang,Aoran Wang,1093,11,https://www.atptour.com/en/rankings/singles?dateWeek=2025-09-22&rankRange=0-5000,2026-03-22T00:42:21Z
atp,2025-09-22,O0BI,Carl Emil Overbeck,Carl Emil Overbeck,1094,11,https://www.atptour.com/en/rankings/singles?dateWeek=2025-09-22&rankRange=0-5000,2026-03-22T00:42:21Z
atp,2025-09-22,W716,Mark Whitehouse,Mark Whitehouse,1097,11,https://www.atptour.com/en/rankings/singles?dateWeek=2025-09-22&rankRange=0-5000,2026-03-22T00:42:21Z
atp,2025-09-22,SY71,Digvijaypratap Singh,Digvijaypratap Singh,1098,11,https://www.atptour.com/en/rankings/singles?dateWeek=2025-09-22&rankRange=0-5000,2026-03-22T00:42:21Z
atp,2025-09-22,SY74,Manish Sureshkumar,Manish Sureshkumar,1099,11,https://www.atptour.com/en/rankings/singles?dateWeek=2025-09-22&rankRange=0-5000,2026-03-22T00:42:21Z
atp,2025-09-22,D0FN,Chen Dong,Chen Dong,1100,11,https://www.atptour.com/en/rankings/singles?dateWeek=2025-09-22&rankRange=0-5000,2026-03-22T00:42:21Z
atp,2025-09-22,M0QQ,Tomas Martinez,Tomas Martinez,1101,11,https://www.atptour.com/en/rankings/singles?dateWeek=2025-09-22&rankRange=0-5000,2026-03-22T00:42:21Z
atp,2025-09-22,B0JF,Alan Bojarski,Alan Bojarski,1102,11,https://www.atptour.com/en/rankings/singles?dateWeek=2025-09-22&rankRange=0-5000,2026-03-22T00:42:21Z
atp,2025-09-22,C0B9,Kuzey Cekirge,Kuzey Cekirge,1103,11,https://www.atptour.com/en/rankings/singles?dateWeek=2025-09-22&rankRange=0-5000,2026-03-22T00:42:21Z
atp,2025-09-22,P0IG,Martyn Pawelski,Martyn Pawelski,1104,11,https://www.atptour.com/en/rankings/singles?dateWeek=2025-09-22&rankRange=0-5000,2026-03-22T00:42:21Z
atp,2025-09-22,A0E6,Bekkhan Atlangeriev,Bekkhan Atlangeriev,1105,11,https://www.atptour.com/en/rankings/singles?dateWeek=2025-09-22&rankRange=0-5000,2026-03-22T00:42:21Z
atp,2025-09-22,F0HU,Aaron Funk,Aaron Funk,1108,11,https://www.atptour.com/en/rankings/singles?dateWeek=2025-09-22&rankRange=0-5000,2026-03-22T00:42:21Z
atp,2025-09-22,B0H9,Antoine Berger,Antoine Berger,1109,11,https://www.atptour.com/en/rankings/singles?dateWeek=2025-09-22&rankRange=0-5000,2026-03-22T00:42:21Z
atp,2025-09-22,H0E7,John Hallquist Lithen,John Hallquist Lithen,1110,11,https://www.atptour.com/en/rankings/singles?dateWeek=2025-09-22&rankRange=0-5000,2026-03-22T00:42:21Z
atp,2025-09-22,P0M4,Denis Petak,Denis Petak,1111,11,https://www.atptour.com/en/rankings/singles?dateWeek=2025-09-22&rankRange=0-5000,2026-03-22T00:42:21Z
atp,2025-09-22,SY50,Nitin Kumar Sinha,Nitin Kumar Sinha,1112,11,https://www.atptour.com/en/rankings/singles?dateWeek=2025-09-22&rankRange=0-5000,2026-03-22T00:42:21Z
atp,2025-09-22,MN49,Mohamed Nazim Makhlouf,Mohamed Nazim Makhlouf,1113,11,https://www.atptour.com/en/rankings/singles?dateWeek=2025-09-22&rankRange=0-5000,2026-03-22T00:42:21Z
atp,2025-09-22,HC21,Seongchan Hong,Seongchan Hong,1114,10,https://www.atptour.com/en/rankings/singles?dateWeek=2025-09-22&rankRange=0-5000,2026-03-22T00:42:21Z
atp,2025-09-22,K0LP,Stian Klaassen,Stian Klaassen,1115,10,https://www.atptour.com/en/rankings/singles?dateWeek=2025-09-22&rankRange=0-5000,2026-03-22T00:42:21Z
atp,2025-09-22,M0OR,Rohan Murali,Rohan Murali,1116,10,https://www.atptour.com/en/rankings/singles?dateWeek=2025-09-22&rankRange=0-5000,2026-03-22T00:42:21Z
atp,2025-09-22,P0OX,Leonardo Primucci,Leonardo Primucci,1117,10,https://www.atptour.com/en/rankings/singles?dateWeek=2025-09-22&rankRange=0-5000,2026-03-22T00:42:21Z
atp,2025-09-22,R0JI,Keegan Rice,Keegan Rice,1120,10,https://www.atptour.com/en/rankings/singles?dateWeek=2025-09-22&rankRange=0-5000,2026-03-22T00:42:21Z
atp,2025-09-22,B0QQ,Karim Bennani,Karim Bennani,1121,10,https://www.atptour.com/en/rankings/singles?dateWeek=2025-09-22&rankRange=0-5000,2026-03-22T00:42:21Z
atp,2025-09-22,SP80,Nino Serdarusic,Nino Serdarusic,1122,10,https://www.atptour.com/en/rankings/singles?dateWeek=2025-09-22&rankRange=0-5000,2026-03-22T00:42:21Z
atp,2025-09-22,M0NX,Andrea Meduri,Andrea Meduri,1123,10,https://www.atptour.com/en/rankings/singles?dateWeek=2025-09-22&rankRange=0-5000,2026-03-22T00:42:21Z
atp,2025-09-22,A0I9,Edison Ambarzumjan,Edison Ambarzumjan,1124,10,https://www.atptour.com/en/rankings/singles?dateWeek=2025-09-22&rankRange=0-5000,2026-03-22T00:42:21Z
atp,2025-09-22,B0DJ,Illya Beloborodko,Illya Beloborodko,1125,10,https://www.atptour.com/en/rankings/singles?dateWeek=2025-09-22&rankRange=0-5000,2026-03-22T00:42:21Z
atp,2025-09-22,PL80,Bogdan Pavel,Bogdan Pavel,1126,10,https://www.atptour.com/en/rankings/singles?dateWeek=2025-09-22&rankRange=0-5000,2026-03-22T00:42:21Z
atp,2025-09-22,CF60,Pawel Juszczak,Pawel Juszczak,1127,10,https://www.atptour.com/en/rankings/singles?dateWeek=2025-09-22&rankRange=0-5000,2026-03-22T00:42:21Z
atp,2025-09-22,D0JM,Rafael De Alba,Rafael De Alba,1128,10,https://www.atptour.com/en/rankings/singles?dateWeek=2025-09-22&rankRange=0-5000,2026-03-22T00:42:21Z
atp,2025-09-22,V505,Vishnu Vardhan,Vishnu Vardhan,1129,10,https://www.atptour.com/en/rankings/singles?dateWeek=2025-09-22&rankRange=0-5000,2026-03-22T00:42:21Z
atp,2025-09-22,C0LM,Charlie Camus,Charlie Camus,1130,10,https://www.atptour.com/en/rankings/singles?dateWeek=2025-09-22&rankRange=0-5000,2026-03-22T00:42:21Z
atp,2025-09-22,L0EV,Valentin Lapalu,Valentin Lapalu,1131,10,https://www.atptour.com/en/rankings/singles?dateWeek=2025-09-22&rankRange=0-5000,2026-03-22T00:42:21Z
atp,2025-09-22,M0N4,Leonardo Malgaroli,Leonardo Malgaroli,1132,10,https://www.atptour.com/en/rankings/singles?dateWeek=2025-09-22&rankRange=0-5000,2026-03-22T00:42:21Z
atp,2025-09-22,D09V,Ivan Denisov,Ivan Denisov,1133,10,https://www.atptour.com/en/rankings/singles?dateWeek=2025-09-22&rankRange=0-5000,2026-03-22T00:42:21Z
atp,2025-09-22,F0FL,Bruno Fernandez,Bruno Fernandez,1134,10,https://www.atptour.com/en/rankings/singles?dateWeek=2025-09-22&rankRange=0-5000,2026-03-22T00:42:21Z
atp,2025-09-22,U0A3,Matthias Ujvary,Matthias Ujvary,1137,10,https://www.atptour.com/en/rankings/singles?dateWeek=2025-09-22&rankRange=0-5000,2026-03-22T00:42:21Z
atp,2025-09-22,S0IK,Tyler Stice,Tyler Stice,1138,10,https://www.atptour.com/en/rankings/singles?dateWeek=2025-09-22&rankRange=0-5000,2026-03-22T00:42:21Z
atp,2025-09-22,T0A0,Sheng Tang,Sheng Tang,1139,10,https://www.atptour.com/en/rankings/singles?dateWeek=2025-09-22&rankRange=0-5000,2026-03-22T00:42:21Z
atp,2025-09-22,C0Q4,Charles Chen,Charles Chen,1140,10,https://www.atptour.com/en/rankings/singles?dateWeek=2025-09-22&rankRange=0-5000,2026-03-22T00:42:21Z
atp,2025-09-22,B0PH,Jacopo Bilardo,Jacopo Bilardo,1141,10,https://www.atptour.com/en/rankings/singles?dateWeek=2025-09-22&rankRange=0-5000,2026-03-22T00:42:21Z
atp,2025-09-22,J0AK,Yuquan Jin,Yuquan Jin,1142,10,https://www.atptour.com/en/rankings/singles?dateWeek=2025-09-22&rankRange=0-5000,2026-03-22T00:42:21Z
atp,2025-09-22,P0JK,Noah Perfetti,Noah Perfetti,1143,10,https://www.atptour.com/en/rankings/singles?dateWeek=2025-09-22&rankRange=0-5000,2026-03-22T00:42:21Z
atp,2025-09-22,MM24,Bastian Malla,Bastian Malla,1146,9,https://www.atptour.com/en/rankings/singles?dateWeek=2025-09-22&rankRange=0-5000,2026-03-22T00:42:21Z
atp,2025-09-22,W0AJ,Seita Watanabe,Seita Watanabe,1150,9,https://www.atptour.com/en/rankings/singles?dateWeek=2025-09-22&rankRange=0-5000,2026-03-22T00:42:21Z
atp,2025-09-22,B0I0,Alexander Bernard,Alexander Bernard,1154,9,https://www.atptour.com/en/rankings/singles?dateWeek=2025-09-22&rankRange=0-5000,2026-03-22T00:42:21Z
atp,2025-09-22,KH41,Patrick Kaukovalta,Patrick Kaukovalta,1157,9,https://www.atptour.com/en/rankings/singles?dateWeek=2025-09-22&rankRange=0-5000,2026-03-22T00:42:21Z
atp,2025-09-22,M0RC,Shu Matsuoka,Shu Matsuoka,1158,9,https://www.atptour.com/en/rankings/singles?dateWeek=2025-09-22&rankRange=0-5000,2026-03-22T00:42:21Z
atp,2025-09-22,B0M0,Liam Branger,Liam Branger,1159,9,https://www.atptour.com/en/rankings/singles?dateWeek=2025-09-22&rankRange=0-5000,2026-03-22T00:42:21Z
atp,2025-09-22,A0KU,Enzo Aguiard,Enzo Aguiard,1160,9,https://www.atptour.com/en/rankings/singles?dateWeek=2025-09-22&rankRange=0-5000,2026-03-22T00:42:21Z
atp,2025-09-22,P0MI,Stijn Paardekooper,Stijn Paardekooper,1161,9,https://www.atptour.com/en/rankings/singles?dateWeek=2025-09-22&rankRange=0-5000,2026-03-22T00:42:21Z
atp,2025-09-22,B0C3,Simon Beaupain,Simon Beaupain,1162,9,https://www.atptour.com/en/rankings/singles?dateWeek=2025-09-22&rankRange=0-5000,2026-03-22T00:42:21Z
atp,2025-09-22,P0LN,Manuel Plunger,Manuel Plunger,1163,9,https://www.atptour.com/en/rankings/singles?dateWeek=2025-09-22&rankRange=0-5000,2026-03-22T00:42:21Z
atp,2025-09-22,K0JS,Pranav Kumar,Pranav Kumar,1164,9,https://www.atptour.com/en/rankings/singles?dateWeek=2025-09-22&rankRange=0-5000,2026-03-22T00:42:21Z
atp,2025-09-22,R0K9,Charlie Robertson,Charlie Robertson,1165,9,https://www.atptour.com/en/rankings/singles?dateWeek=2025-09-22&rankRange=0-5000,2026-03-22T00:42:21Z
atp,2025-09-22,G0O5,Ivan Gretskiy,Ivan Gretskiy,1166,9,https://www.atptour.com/en/rankings/singles?dateWeek=2025-09-22&rankRange=0-5000,2026-03-22T00:42:21Z
atp,2025-09-22,M0W0,Markus Molder,Markus Molder,1169,9,https://www.atptour.com/en/rankings/singles?dateWeek=2025-09-22&rankRange=0-5000,2026-03-22T00:42:21Z
atp,2025-09-22,B0C4,Charles Bertimon,Charles Bertimon,1170,9,https://www.atptour.com/en/rankings/singles?dateWeek=2025-09-22&rankRange=0-5000,2026-03-22T00:42:21Z
atp,2025-09-22,K0J9,Yannik Kelm,Yannik Kelm,1171,9,https://www.atptour.com/en/rankings/singles?dateWeek=2025-09-22&rankRange=0-5000,2026-03-22T00:42:21Z
atp,2025-09-22,B0LS,Arthur Bonnaud,Arthur Bonnaud,1172,9,https://www.atptour.com/en/rankings/singles?dateWeek=2025-09-22&rankRange=0-5000,2026-03-22T00:42:21Z
atp,2025-09-22,I416,Yuichiro Inui,Yuichiro Inui,1173,9,https://www.atptour.com/en/rankings/singles?dateWeek=2025-09-22&rankRange=0-5000,2026-03-22T00:42:21Z
atp,2025-09-22,S0VZ,Samuele Seghetti,Samuele Seghetti,1174,9,https://www.atptour.com/en/rankings/singles?dateWeek=2025-09-22&rankRange=0-5000,2026-03-22T00:42:21Z
atp,2025-09-22,G0Q1,Vignesh Gogineni,Vignesh Gogineni,1175,8,https://www.atptour.com/en/rankings/singles?dateWeek=2025-09-22&rankRange=0-5000,2026-03-22T00:42:21Z
atp,2025-09-22,E858,Franco Emanuel Egea,Franco Emanuel Egea,1178,8,https://www.atptour.com/en/rankings/singles?dateWeek=2025-09-22&rankRange=0-5000,2026-03-22T00:42:21Z
atp,2025-09-22,B0T6,Thijs Boogaard,Thijs Boogaard,1179,8,https://www.atptour.com/en/rankings/singles?dateWeek=2025-09-22&rankRange=0-5000,2026-03-22T00:42:21Z
atp,2025-09-22,D0HX,Dylan Dietrich,Dylan Dietrich,1180,8,https://www.atptour.com/en/rankings/singles?dateWeek=2025-09-22&rankRange=0-5000,2026-03-22T00:42:21Z
atp,2025-09-22,L0ER,Timo Legout,Timo Legout,1181,8,https://www.atptour.com/en/rankings/singles?dateWeek=2025-09-22&rankRange=0-5000,2026-03-22T00:42:21Z
atp,2025-09-22,CL82,Daniel Cukierman,Daniel Cukierman,1182,8,https://www.atptour.com/en/rankings/singles?dateWeek=2025-09-22&rankRange=0-5000,2026-03-22T00:42:21Z
atp,2025-09-22,K0EL,Alexander Kotzen,Alexander Kotzen,1183,8,https://www.atptour.com/en/rankings/singles?dateWeek=2025-09-22&rankRange=0-5000,2026-03-22T00:42:21Z
atp,2025-09-22,K0NP,Jack Kennedy,Jack Kennedy,1184,8,https://www.atptour.com/en/rankings/singles?dateWeek=2025-09-22&rankRange=0-5000,2026-03-22T00:42:21Z
atp,2025-09-22,C0GW,Suk Hyun Choo,Suk Hyun Choo,1185,8,https://www.atptour.com/en/rankings/singles?dateWeek=2025-09-22&rankRange=0-5000,2026-03-22T00:42:21Z
atp,2025-09-22,S0Z6,Alexander Stater,Alexander Stater,1186,8,https://www.atptour.com/en/rankings/singles?dateWeek=2025-09-22&rankRange=0-5000,2026-03-22T00:42:21Z
atp,2025-09-22,T0HM,Vito Tonejc,Vito Tonejc,1189,8,https://www.atptour.com/en/rankings/singles?dateWeek=2025-09-22&rankRange=0-5000,2026-03-22T00:42:21Z
atp,2025-09-22,C0NX,Seongwoo Cho,Seongwoo Cho,1192,8,https://www.atptour.com/en/rankings/singles?dateWeek=2025-09-22&rankRange=0-5000,2026-03-22T00:42:21Z
atp,2025-09-22,P0B6,Savva Polukhin,Savva Polukhin,1193,8,https://www.atptour.com/en/rankings/singles?dateWeek=2025-09-22&rankRange=0-5000,2026-03-22T00:42:21Z
atp,2025-09-22,B0QK,Lorenzo Beraldo,Lorenzo Beraldo,1194,8,https://www.atptour.com/en/rankings/singles?dateWeek=2025-09-22&rankRange=0-5000,2026-03-22T00:42:21Z
atp,2025-09-22,PM12,Nicolas Parizzia,Nicolas Parizzia,1195,8,https://www.atptour.com/en/rankings/singles?dateWeek=2025-09-22&rankRange=0-5000,2026-03-22T00:42:21Z
atp,2025-09-22,FC00,Andres Fernandez Canovas,Andres Fernandez Canovas,1196,8,https://www.atptour.com/en/rankings/singles?dateWeek=2025-09-22&rankRange=0-5000,2026-03-22T00:42:21Z
atp,2025-09-22,G0KQ,Robert Guna,Robert Guna,1197,8,https://www.atptour.com/en/rankings/singles?dateWeek=2025-09-22&rankRange=0-5000,2026-03-22T00:42:21Z
atp,2025-09-22,S09B,Mathieu Scaglia,Mathieu Scaglia,1198,8,https://www.atptour.com/en/rankings/singles?dateWeek=2025-09-22&rankRange=0-5000,2026-03-22T00:42:21Z
atp,2025-09-22,H0D1,Adam Heinonen,Adam Heinonen,1199,8,https://www.atptour.com/en/rankings/singles?dateWeek=2025-09-22&rankRange=0-5000,2026-03-22T00:42:21Z
atp,2025-09-22,B0W9,Nikolai Barsukov,Nikolai Barsukov,1200,8,https://www.atptour.com/en/rankings/singles?dateWeek=2025-09-22&rankRange=0-5000,2026-03-22T00:42:21Z
atp,2025-09-22,PM28,Joshua Peck,Joshua Peck,1201,8,https://www.atptour.com/en/rankings/singles?dateWeek=2025-09-22&rankRange=0-5000,2026-03-22T00:42:21Z
atp,2025-09-22,F0I5,Viktor Frydrych,Viktor Frydrych,1202,8,https://www.atptour.com/en/rankings/singles?dateWeek=2025-09-22&rankRange=0-5000,2026-03-22T00:42:21Z
atp,2025-09-22,HH01,Benjamin Hannestad,Benjamin Hannestad,1205,8,https://www.atptour.com/en/rankings/singles?dateWeek=2025-09-22&rankRange=0-5000,2026-03-22T00:42:21Z
atp,2025-09-22,S0GM,Daniel Salazar,Daniel Salazar,1206,8,https://www.atptour.com/en/rankings/singles?dateWeek=2025-09-22&rankRange=0-5000,2026-03-22T00:42:21Z
atp,2025-09-22,T0HS,Pablo Trochu,Pablo Trochu,1207,8,https://www.atptour.com/en/rankings/singles?dateWeek=2025-09-22&rankRange=0-5000,2026-03-22T00:42:21Z
atp,2025-09-22,K0HE,Ioannis Kountourakis,Ioannis Kountourakis,1208,8,https://www.atptour.com/en/rankings/singles?dateWeek=2025-09-22&rankRange=0-5000,2026-03-22T00:42:21Z
atp,2025-09-22,S1BV,Billy Suarez,Billy Suarez,1209,8,https://www.atptour.com/en/rankings/singles?dateWeek=2025-09-22&rankRange=0-5000,2026-03-22T00:42:21Z
atp,2025-09-22,I0B3,Karim Ibrahim,Karim Ibrahim,1210,8,https://www.atptour.com/en/rankings/singles?dateWeek=2025-09-22&rankRange=0-5000,2026-03-22T00:42:21Z
atp,2025-09-22,H0CE,Philip Hjorth,Philip Hjorth,1211,8,https://www.atptour.com/en/rankings/singles?dateWeek=2025-09-22&rankRange=0-5000,2026-03-22T00:42:21Z
atp,2025-09-22,T0DN,Noah Thurner,Noah Thurner,1212,8,https://www.atptour.com/en/rankings/singles?dateWeek=2025-09-22&rankRange=0-5000,2026-03-22T00:42:21Z
atp,2025-09-22,S0NY,Gokberk Saritas,Gokberk Saritas,1213,8,https://www.atptour.com/en/rankings/singles?dateWeek=2025-09-22&rankRange=0-5000,2026-03-22T00:42:21Z
atp,2025-09-22,R0KE,Cosme Rolland De Ravel,Cosme Rolland De Ravel,1214,7,https://www.atptour.com/en/rankings/singles?dateWeek=2025-09-22&rankRange=0-5000,2026-03-22T00:42:21Z
atp,2025-09-22,M19T,Jamie Mackenzie,Jamie Mackenzie,1215,7,https://www.atptour.com/en/rankings/singles?dateWeek=2025-09-22&rankRange=0-5000,2026-03-22T00:42:21Z
atp,2025-09-22,H0AG,Ray Ho,Ray Ho,1216,7,https://www.atptour.com/en/rankings/singles?dateWeek=2025-09-22&rankRange=0-5000,2026-03-22T00:42:21Z
atp,2025-09-22,R0LR,Niels Ratiu,Niels Ratiu,1217,7,https://www.atptour.com/en/rankings/singles?dateWeek=2025-09-22&rankRange=0-5000,2026-03-22T00:42:21Z
atp,2025-09-22,C0Q6,Alex Chang,Alex Chang,1218,7,https://www.atptour.com/en/rankings/singles?dateWeek=2025-09-22&rankRange=0-5000,2026-03-22T00:42:21Z
atp,2025-09-22,N0DY,Fnu Nidunjianzan,Fnu Nidunjianzan,1221,7,https://www.atptour.com/en/rankings/singles?dateWeek=2025-09-22&rankRange=0-5000,2026-03-22T00:42:21Z
atp,2025-09-22,F0HB,Rodrigo Fernandes,Rodrigo Fernandes,1222,7,https://www.atptour.com/en/rankings/singles?dateWeek=2025-09-22&rankRange=0-5000,2026-03-22T00:42:21Z
atp,2025-09-22,K0DV,Geun Jun Kim,Geun Jun Kim,1223,7,https://www.atptour.com/en/rankings/singles?dateWeek=2025-09-22&rankRange=0-5000,2026-03-22T00:42:21Z
atp,2025-09-22,J0CT,William Jansen,William Jansen,1224,7,https://www.atptour.com/en/rankings/singles?dateWeek=2025-09-22&rankRange=0-5000,2026-03-22T00:42:21Z
atp,2025-09-22,L0C6,Stefan Latinovic,Stefan Latinovic,1227,7,https://www.atptour.com/en/rankings/singles?dateWeek=2025-09-22&rankRange=0-5000,2026-03-22T00:42:21Z
atp,2025-09-22,BP44,Gage Brymer,Gage Brymer,1230,7,https://www.atptour.com/en/rankings/singles?dateWeek=2025-09-22&rankRange=0-5000,2026-03-22T00:42:21Z
atp,2025-09-22,K0IR,Liam Krall,Liam Krall,1231,7,https://www.atptour.com/en/rankings/singles?dateWeek=2025-09-22&rankRange=0-5000,2026-03-22T00:42:21Z
atp,2025-09-22,A0LW,Filippo Alberti,Filippo Alberti,1232,7,https://www.atptour.com/en/rankings/singles?dateWeek=2025-09-22&rankRange=0-5000,2026-03-22T00:42:21Z
atp,2025-09-22,LE38,Niels Lootsma,Niels Lootsma,1233,7,https://www.atptour.com/en/rankings/singles?dateWeek=2025-09-22&rankRange=0-5000,2026-03-22T00:42:21Z
atp,2025-09-22,J0A6,Scott Jones,Scott Jones,1234,7,https://www.atptour.com/en/rankings/singles?dateWeek=2025-09-22&rankRange=0-5000,2026-03-22T00:42:21Z
atp,2025-09-22,H0I8,Gabor Hornung,Gabor Hornung,1235,7,https://www.atptour.com/en/rankings/singles?dateWeek=2025-09-22&rankRange=0-5000,2026-03-22T00:42:21Z
atp,2025-09-22,C0H5,Julian Cundom,Julian Cundom,1238,7,https://www.atptour.com/en/rankings/singles?dateWeek=2025-09-22&rankRange=0-5000,2026-03-22T00:42:21Z
atp,2025-09-22,SF41,Aldin Setkic,Aldin Setkic,1239,7,https://www.atptour.com/en/rankings/singles?dateWeek=2025-09-22&rankRange=0-5000,2026-03-22T00:42:21Z
atp,2025-09-22,C0JU,Enzo Camargo Lima,Enzo Camargo Lima,1240,7,https://www.atptour.com/en/rankings/singles?dateWeek=2025-09-22&rankRange=0-5000,2026-03-22T00:42:21Z
atp,2025-09-22,O0E7,Amir Omarkhanov,Amir Omarkhanov,1241,7,https://www.atptour.com/en/rankings/singles?dateWeek=2025-09-22&rankRange=0-5000,2026-03-22T00:42:21Z
atp,2025-09-22,D0LK,Pieter De Lange,Pieter De Lange,1242,7,https://www.atptour.com/en/rankings/singles?dateWeek=2025-09-22&rankRange=0-5000,2026-03-22T00:42:21Z
atp,2025-09-22,P0NT,Piet Luis Pinter,Piet Luis Pinter,1247,7,https://www.atptour.com/en/rankings/singles?dateWeek=2025-09-22&rankRange=0-5000,2026-03-22T00:42:21Z
atp,2025-09-22,B0RN,Kane Bonsach Ganley,Kane Bonsach Ganley,1248,7,https://www.atptour.com/en/rankings/singles?dateWeek=2025-09-22&rankRange=0-5000,2026-03-22T00:42:21Z
atp,2025-09-22,C0R1,Leonardo Cattaneo,Leonardo Cattaneo,1251,7,https://www.atptour.com/en/rankings/singles?dateWeek=2025-09-22&rankRange=0-5000,2026-03-22T00:42:21Z
atp,2025-09-22,N0FH,Yuvan Nandal,Yuvan Nandal,1252,7,https://www.atptour.com/en/rankings/singles?dateWeek=2025-09-22&rankRange=0-5000,2026-03-22T00:42:21Z
atp,2025-09-22,S1AP,Tristan Stringer,Tristan Stringer,1253,7,https://www.atptour.com/en/rankings/singles?dateWeek=2025-09-22&rankRange=0-5000,2026-03-22T00:42:21Z
atp,2025-09-22,W0BR,Niklas Waldner,Niklas Waldner,1254,7,https://www.atptour.com/en/rankings/singles?dateWeek=2025-09-22&rankRange=0-5000,2026-03-22T00:42:21Z
atp,2025-09-22,KI91,Koray Kirci,Koray Kirci,1255,7,https://www.atptour.com/en/rankings/singles?dateWeek=2025-09-22&rankRange=0-5000,2026-03-22T00:42:21Z
atp,2025-09-22,H0I7,Nico Hipfl,Nico Hipfl,1256,7,https://www.atptour.com/en/rankings/singles?dateWeek=2025-09-22&rankRange=0-5000,2026-03-22T00:42:21Z
atp,2025-09-22,B0VT,Juan Jose Bianchi,Juan Jose Bianchi,1257,7,https://www.atptour.com/en/rankings/singles?dateWeek=2025-09-22&rankRange=0-5000,2026-03-22T00:42:21Z
atp,2025-09-22,O498,Issei Okamura,Issei Okamura,1258,7,https://www.atptour.com/en/rankings/singles?dateWeek=2025-09-22&rankRange=0-5000,2026-03-22T00:42:21Z
atp,2025-09-22,J0ED,Nikola Jovic,Nikola Jovic,1259,7,https://www.atptour.com/en/rankings/singles?dateWeek=2025-09-22&rankRange=0-5000,2026-03-22T00:42:21Z
atp,2025-09-22,F0FB,Maximilian Figl,Maximilian Figl,1260,7,https://www.atptour.com/en/rankings/singles?dateWeek=2025-09-22&rankRange=0-5000,2026-03-22T00:42:21Z
atp,2025-09-22,F0GO,Sergi Fita Juan,Sergi Fita Juan,1261,7,https://www.atptour.com/en/rankings/singles?dateWeek=2025-09-22&rankRange=0-5000,2026-03-22T00:42:21Z
atp,2025-09-22,BM09,Lawrence Bataljin,Lawrence Bataljin,1262,7,https://www.atptour.com/en/rankings/singles?dateWeek=2025-09-22&rankRange=0-5000,2026-03-22T00:42:21Z
atp,2025-09-22,L0KR,Manel Lazaro Juncadella,Manel Lazaro Juncadella,1263,7,https://www.atptour.com/en/rankings/singles?dateWeek=2025-09-22&rankRange=0-5000,2026-03-22T00:42:21Z
atp,2025-09-22,T0J8,Yuta Tomida,Yuta Tomida,1264,7,https://www.atptour.com/en/rankings/singles?dateWeek=2025-09-22&rankRange=0-5000,2026-03-22T00:42:21Z
atp,2025-09-22,SY72,Reese Stalder,Reese Stalder,1265,6,https://www.atptour.com/en/rankings/singles?dateWeek=2025-09-22&rankRange=0-5000,2026-03-22T00:42:21Z
atp,2025-09-22,PD07,Vasek Pospisil,Vasek Pospisil,1266,6,https://www.atptour.com/en/rankings/singles?dateWeek=2025-09-22&rankRange=0-5000,2026-03-22T00:42:21Z
atp,2025-09-22,R0M6,Leo Raquin,Leo Raquin,1267,6,https://www.atptour.com/en/rankings/singles?dateWeek=2025-09-22&rankRange=0-5000,2026-03-22T00:42:21Z
atp,2025-09-22,N0DR,Bryce Nakashima,Bryce Nakashima,1268,6,https://www.atptour.com/en/rankings/singles?dateWeek=2025-09-22&rankRange=0-5000,2026-03-22T00:42:21Z
atp,2025-09-22,RA51,Blaz Rola,Blaz Rola,1269,6,https://www.atptour.com/en/rankings/singles?dateWeek=2025-09-22&rankRange=0-5000,2026-03-22T00:42:21Z
atp,2025-09-22,Z0CE,Noah Zamora,Noah Zamora,1270,6,https://www.atptour.com/en/rankings/singles?dateWeek=2025-09-22&rankRange=0-5000,2026-03-22T00:42:21Z
atp,2025-09-22,G0M2,Filip Gustafsson,Filip Gustafsson,1271,6,https://www.atptour.com/en/rankings/singles?dateWeek=2025-09-22&rankRange=0-5000,2026-03-22T00:42:21Z
atp,2025-09-22,L0MB,Jagger Leach,Jagger Leach,1272,6,https://www.atptour.com/en/rankings/singles?dateWeek=2025-09-22&rankRange=0-5000,2026-03-22T00:42:21Z
atp,2025-09-22,B0DQ,Samuel Brosset,Samuel Brosset,1273,6,https://www.atptour.com/en/rankings/singles?dateWeek=2025-09-22&rankRange=0-5000,2026-03-22T00:42:21Z
atp,2025-09-22,N0DH,Novak Novakovic,Novak Novakovic,1274,6,https://www.atptour.com/en/rankings/singles?dateWeek=2025-09-22&rankRange=0-5000,2026-03-22T00:42:21Z
atp,2025-09-22,E0CI,Sebastian Eriksson,Sebastian Eriksson,1277,6,https://www.atptour.com/en/rankings/singles?dateWeek=2025-09-22&rankRange=0-5000,2026-03-22T00:42:21Z
atp,2025-09-22,J0EI,Adam Jilly,Adam Jilly,1280,6,https://www.atptour.com/en/rankings/singles?dateWeek=2025-09-22&rankRange=0-5000,2026-03-22T00:42:21Z
atp,2025-09-22,MW37,Nicaise Muamba,Nicaise Muamba,1281,6,https://www.atptour.com/en/rankings/singles?dateWeek=2025-09-22&rankRange=0-5000,2026-03-22T00:42:21Z
atp,2025-09-22,C0JR,Ioan Alexandru Chirita,Ioan Alexandru Chirita,1282,6,https://www.atptour.com/en/rankings/singles?dateWeek=2025-09-22&rankRange=0-5000,2026-03-22T00:42:21Z
atp,2025-09-22,K0BI,Bharath Nishok Kumaran,Bharath Nishok Kumaran,1285,6,https://www.atptour.com/en/rankings/singles?dateWeek=2025-09-22&rankRange=0-5000,2026-03-22T00:42:21Z
atp,2025-09-22,L0IO,Louis Larue,Louis Larue,1293,6,https://www.atptour.com/en/rankings/singles?dateWeek=2025-09-22&rankRange=0-5000,2026-03-22T00:42:21Z
atp,2025-09-22,B0EZ,Ignacio Antonio Becerra Otarola,Ignacio Antonio Becerra Otarola,1294,6,https://www.atptour.com/en/rankings/singles?dateWeek=2025-09-22&rankRange=0-5000,2026-03-22T00:42:21Z
atp,2025-09-22,G0MB,Oskar Grzegorzewski,Oskar Grzegorzewski,1295,6,https://www.atptour.com/en/rankings/singles?dateWeek=2025-09-22&rankRange=0-5000,2026-03-22T00:42:21Z
atp,2025-09-22,L0E5,Junhyeon Lee,Junhyeon Lee,1296,6,https://www.atptour.com/en/rankings/singles?dateWeek=2025-09-22&rankRange=0-5000,2026-03-22T00:42:21Z
atp,2025-09-22,Z0BY,Nicolas Zanellato,Nicolas Zanellato,1299,6,https://www.atptour.com/en/rankings/singles?dateWeek=2025-09-22&rankRange=0-5000,2026-03-22T00:42:21Z
atp,2025-09-22,F0E0,Reece Falck,Reece Falck,1303,6,https://www.atptour.com/en/rankings/singles?dateWeek=2025-09-22&rankRange=0-5000,2026-03-22T00:42:21Z
atp,2025-09-22,C0LG,Mateo Castañeda,Mateo Castañeda,1304,6,https://www.atptour.com/en/rankings/singles?dateWeek=2025-09-22&rankRange=0-5000,2026-03-22T00:42:21Z
atp,2025-09-22,V948,Drew Van Orderlain,Drew Van Orderlain,1311,6,https://www.atptour.com/en/rankings/singles?dateWeek=2025-09-22&rankRange=0-5000,2026-03-22T00:42:21Z
atp,2025-09-22,N0F3,Loic Namigandet Tenguere,Loic Namigandet Tenguere,1312,6,https://www.atptour.com/en/rankings/singles?dateWeek=2025-09-22&rankRange=0-5000,2026-03-22T00:42:21Z
atp,2025-09-22,B0G4,Gabriele Bosio,Gabriele Bosio,1313,6,https://www.atptour.com/en/rankings/singles?dateWeek=2025-09-22&rankRange=0-5000,2026-03-22T00:42:21Z
atp,2025-09-22,V0ET,Matas Vasiliauskas,Matas Vasiliauskas,1314,6,https://www.atptour.com/en/rankings/singles?dateWeek=2025-09-22&rankRange=0-5000,2026-03-22T00:42:21Z
atp,2025-09-22,FB59,Francesco Ferrari,Francesco Ferrari,1315,6,https://www.atptour.com/en/rankings/singles?dateWeek=2025-09-22&rankRange=0-5000,2026-03-22T00:42:21Z
atp,2025-09-22,C0I5,Corban Crowther,Corban Crowther,1318,6,https://www.atptour.com/en/rankings/singles?dateWeek=2025-09-22&rankRange=0-5000,2026-03-22T00:42:21Z
atp,2025-09-22,E678,Jonathan Eysseric,Jonathan Eysseric,1319,5,https://www.atptour.com/en/rankings/singles?dateWeek=2025-09-22&rankRange=0-5000,2026-03-22T00:42:21Z
atp,2025-09-22,M0CY,Siphosothando Montsi,Siphosothando Montsi,1320,5,https://www.atptour.com/en/rankings/singles?dateWeek=2025-09-22&rankRange=0-5000,2026-03-22T00:42:21Z
atp,2025-09-22,S0N4,Dylan Salton,Dylan Salton,1324,5,https://www.atptour.com/en/rankings/singles?dateWeek=2025-09-22&rankRange=0-5000,2026-03-22T00:42:21Z
atp,2025-09-22,K0GE,Luc Koenig,Luc Koenig,1325,5,https://www.atptour.com/en/rankings/singles?dateWeek=2025-09-22&rankRange=0-5000,2026-03-22T00:42:21Z
atp,2025-09-22,G0C4,Alexis Gurmendi,Alexis Gurmendi,1334,5,https://www.atptour.com/en/rankings/singles?dateWeek=2025-09-22&rankRange=0-5000,2026-03-22T00:42:21Z
atp,2025-09-22,V0EV,Alessio Vasquez,Alessio Vasquez,1338,5,https://www.atptour.com/en/rankings/singles?dateWeek=2025-09-22&rankRange=0-5000,2026-03-22T00:42:21Z
atp,2025-09-22,RD58,Dominik Recek,Dominik Recek,1339,5,https://www.atptour.com/en/rankings/singles?dateWeek=2025-09-22&rankRange=0-5000,2026-03-22T00:42:21Z
atp,2025-09-22,B0QD,Nathan Anthony Barki,Nathan Anthony Barki,1348,5,https://www.atptour.com/en/rankings/singles?dateWeek=2025-09-22&rankRange=0-5000,2026-03-22T00:42:21Z
atp,2025-09-22,L0M6,Lucca Liu,Lucca Liu,1351,5,https://www.atptour.com/en/rankings/singles?dateWeek=2025-09-22&rankRange=0-5000,2026-03-22T00:42:21Z
atp,2025-09-22,PL69,Kody Pearson,Kody Pearson,1354,5,https://www.atptour.com/en/rankings/singles?dateWeek=2025-09-22&rankRange=0-5000,2026-03-22T00:42:21Z
atp,2025-09-22,E0DX,David Eichenseher,David Eichenseher,1355,5,https://www.atptour.com/en/rankings/singles?dateWeek=2025-09-22&rankRange=0-5000,2026-03-22T00:42:21Z
atp,2025-09-22,G0M3,Aaron Gil Garcia,Aaron Gil Garcia,1360,5,https://www.atptour.com/en/rankings/singles?dateWeek=2025-09-22&rankRange=0-5000,2026-03-22T00:42:21Z
atp,2025-09-22,M0V5,Marc Majdandzic,Marc Majdandzic,1361,5,https://www.atptour.com/en/rankings/singles?dateWeek=2025-09-22&rankRange=0-5000,2026-03-22T00:42:21Z
atp,2025-09-22,P0HL,Pietro Pampanin,Pietro Pampanin,1365,5,https://www.atptour.com/en/rankings/singles?dateWeek=2025-09-22&rankRange=0-5000,2026-03-22T00:42:21Z
atp,2025-09-22,V0HM,Gabriele Vulpitta,Gabriele Vulpitta,1366,5,https://www.atptour.com/en/rankings/singles?dateWeek=2025-09-22&rankRange=0-5000,2026-03-22T00:42:21Z
atp,2025-09-22,K0JM,Vadym Konovchuk,Vadym Konovchuk,1377,5,https://www.atptour.com/en/rankings/singles?dateWeek=2025-09-22&rankRange=0-5000,2026-03-22T00:42:21Z
atp,2025-09-22,C0H9,Credit Chaiyarin,Credit Chaiyarin,1380,5,https://www.atptour.com/en/rankings/singles?dateWeek=2025-09-22&rankRange=0-5000,2026-03-22T00:42:21Z
atp,2025-09-22,D0C3,Zhenxiong Dong,Zhenxiong Dong,1381,5,https://www.atptour.com/en/rankings/singles?dateWeek=2025-09-22&rankRange=0-5000,2026-03-22T00:42:21Z
atp,2025-09-22,GK07,Joao Graca,Joao Graca,1382,5,https://www.atptour.com/en/rankings/singles?dateWeek=2025-09-22&rankRange=0-5000,2026-03-22T00:42:21Z
atp,2025-09-22,S0KH,Jeremy Schifris,Jeremy Schifris,1383,5,https://www.atptour.com/en/rankings/singles?dateWeek=2025-09-22&rankRange=0-5000,2026-03-22T00:42:21Z
atp,2025-09-22,K0IV,Moritz Kudernatsch,Moritz Kudernatsch,1401,4,https://www.atptour.com/en/rankings/singles?dateWeek=2025-09-22&rankRange=0-5000,2026-03-22T00:42:21Z
atp,2025-09-22,L0FZ,Vasco Leote Prata,Vasco Leote Prata,1425,4,https://www.atptour.com/en/rankings/singles?dateWeek=2025-09-22&rankRange=0-5000,2026-03-22T00:42:21Z
atp,2025-09-22,S0TT,Preston Stearns,Preston Stearns,1426,4,https://www.atptour.com/en/rankings/singles?dateWeek=2025-09-22&rankRange=0-5000,2026-03-22T00:42:21Z
atp,2025-09-22,Z246,Miljan Zekic,Miljan Zekic,1437,4,https://www.atptour.com/en/rankings/singles?dateWeek=2025-09-22&rankRange=0-5000,2026-03-22T00:42:21Z
atp,2025-09-22,C0PW,Yan Cheng Chen,Yan Cheng Chen,1438,4,https://www.atptour.com/en/rankings/singles?dateWeek=2025-09-22&rankRange=0-5000,2026-03-22T00:42:21Z
atp,2025-09-22,S0NT,Anton Shepp,Anton Shepp,1445,4,https://www.atptour.com/en/rankings/singles?dateWeek=2025-09-22&rankRange=0-5000,2026-03-22T00:42:21Z
atp,2025-09-22,B0VY,Arthur Bellegy,Arthur Bellegy,1446,4,https://www.atptour.com/en/rankings/singles?dateWeek=2025-09-22&rankRange=0-5000,2026-03-22T00:42:21Z
atp,2025-09-22,V0J6,Mac Visser,Mac Visser,1447,4,https://www.atptour.com/en/rankings/singles?dateWeek=2025-09-22&rankRange=0-5000,2026-03-22T00:42:21Z
atp,2025-09-22,D0CQ,Julien De Cuyper,Julien De Cuyper,1456,4,https://www.atptour.com/en/rankings/singles?dateWeek=2025-09-22&rankRange=0-5000,2026-03-22T00:42:21Z
atp,2025-09-22,D0C2,Dax Donders,Dax Donders,1466,4,https://www.atptour.com/en/rankings/singles?dateWeek=2025-09-22&rankRange=0-5000,2026-03-22T00:42:21Z
atp,2025-09-22,B0RD,James Beaven,James Beaven,1475,4,https://www.atptour.com/en/rankings/singles?dateWeek=2025-09-22&rankRange=0-5000,2026-03-22T00:42:21Z
atp,2025-09-22,C0MO,Giacomo Crisostomo,Giacomo Crisostomo,1478,4,https://www.atptour.com/en/rankings/singles?dateWeek=2025-09-22&rankRange=0-5000,2026-03-22T00:42:21Z
atp,2025-09-22,D0J9,Leo Deflandre,Leo Deflandre,1490,4,https://www.atptour.com/en/rankings/singles?dateWeek=2025-09-22&rankRange=0-5000,2026-03-22T00:42:21Z
atp,2025-09-22,F0GU,Matteo Fondriest,Matteo Fondriest,1491,4,https://www.atptour.com/en/rankings/singles?dateWeek=2025-09-22&rankRange=0-5000,2026-03-22T00:42:21Z
atp,2025-09-22,C0KE,Mihai Alexandru Coman,Mihai Alexandru Coman,1495,4,https://www.atptour.com/en/rankings/singles?dateWeek=2025-09-22&rankRange=0-5000,2026-03-22T00:42:21Z
atp,2025-09-22,M0UQ,Filippo Mazzola,Filippo Mazzola,1496,4,https://www.atptour.com/en/rankings/singles?dateWeek=2025-09-22&rankRange=0-5000,2026-03-22T00:42:21Z
atp,2025-09-22,C0OI,Carles Cordoba,Carles Cordoba,1497,4,https://www.atptour.com/en/rankings/singles?dateWeek=2025-09-22&rankRange=0-5000,2026-03-22T00:42:21Z
atp,2025-09-22,G0CI,Niklas Guttau,Niklas Guttau,1518,3,https://www.atptour.com/en/rankings/singles?dateWeek=2025-09-22&rankRange=0-5000,2026-03-22T00:42:21Z
atp,2025-09-22,F0I8,Matthew Forbes,Matthew Forbes,1551,3,https://www.atptour.com/en/rankings/singles?dateWeek=2025-09-22&rankRange=0-5000,2026-03-22T00:42:21Z
atp,2025-09-22,P0O3,Yong Joon Park,Yong Joon Park,1585,3,https://www.atptour.com/en/rankings/singles?dateWeek=2025-09-22&rankRange=0-5000,2026-03-22T00:42:21Z
atp,2025-09-22,J0F8,Sebastian Grundtvig Jorgensen,Sebastian Grundtvig Jorgensen,1593,3,https://www.atptour.com/en/rankings/singles?dateWeek=2025-09-22&rankRange=0-5000,2026-03-22T00:42:21Z
atp,2025-09-22,K0H9,Rafael Kis Balazs,Rafael Kis Balazs,1599,3,https://www.atptour.com/en/rankings/singles?dateWeek=2025-09-22&rankRange=0-5000,2026-03-22T00:42:21Z
atp,2025-09-22,K0M7,Daniel Khazime,Daniel Khazime,1624,3,https://www.atptour.com/en/rankings/singles?dateWeek=2025-09-22&rankRange=0-5000,2026-03-22T00:42:21Z
atp,2025-09-22,C0DP,Jayden Court,Jayden Court,1625,3,https://www.atptour.com/en/rankings/singles?dateWeek=2025-09-22&rankRange=0-5000,2026-03-22T00:42:21Z
atp,2025-09-22,S1AC,Dmitry Kopilevich,Dmitry Kopilevich,1626,3,https://www.atptour.com/en/rankings/singles?dateWeek=2025-09-22&rankRange=0-5000,2026-03-22T00:42:21Z
atp,2025-09-22,G0O2,Luis Garcia Paez,Luis Garcia Paez,1627,3,https://www.atptour.com/en/rankings/singles?dateWeek=2025-09-22&rankRange=0-5000,2026-03-22T00:42:21Z
atp,2025-09-22,F0DD,Marco Furlanetto,Marco Furlanetto,1778,2,https://www.atptour.com/en/rankings/singles?dateWeek=2025-09-22&rankRange=0-5000,2026-03-22T00:42:21Z
atp,2025-09-22,P0ND,Egor Pleshivtsev,Egor Pleshivtsev,1800,2,https://www.atptour.com/en/rankings/singles?dateWeek=2025-09-22&rankRange=0-5000,2026-03-22T00:42:21Z
atp,2025-09-22,B0M9,Alessandro Bellifemine,Alessandro Bellifemine,1826,2,https://www.atptour.com/en/rankings/singles?dateWeek=2025-09-22&rankRange=0-5000,2026-03-22T00:42:21Z
atp,2025-09-22,KE85,Kazuma Kawachi,Kazuma Kawachi,2188,1,https://www.atptour.com/en/rankings/singles?dateWeek=2025-09-22&rankRange=0-5000,2026-03-22T00:42:21Z
