tour,snapshot_date,player_id,display_name,full_name,rank,rank_points,source_url,fetched_at_utc
atp,2023-08-21,A0E2,C. Alcaraz,Carlos Alcaraz,1,9815,https://www.atptour.com/en/rankings/singles?dateWeek=2023-08-21&rankRange=0-5000,2026-03-22T00:50:40Z
atp,2023-08-21,D643,N. Djokovic,Novak Djokovic,2,9795,https://www.atptour.com/en/rankings/singles?dateWeek=2023-08-21&rankRange=0-5000,2026-03-22T00:50:40Z
atp,2023-08-21,MM58,D. Medvedev,Daniil Medvedev,3,6260,https://www.atptour.com/en/rankings/singles?dateWeek=2023-08-21&rankRange=0-5000,2026-03-22T00:50:40Z
atp,2023-08-21,R0DG,H. Rune,Holger Rune,4,4790,https://www.atptour.com/en/rankings/singles?dateWeek=2023-08-21&rankRange=0-5000,2026-03-22T00:50:40Z
atp,2023-08-21,RH16,C. Ruud,Casper Ruud,5,4715,https://www.atptour.com/en/rankings/singles?dateWeek=2023-08-21&rankRange=0-5000,2026-03-22T00:50:40Z
atp,2023-08-21,S0AG,J. Sinner,Jannik Sinner,6,4645,https://www.atptour.com/en/rankings/singles?dateWeek=2023-08-21&rankRange=0-5000,2026-03-22T00:50:40Z
atp,2023-08-21,TE51,S. Tsitsipas,Stefanos Tsitsipas,7,4580,https://www.atptour.com/en/rankings/singles?dateWeek=2023-08-21&rankRange=0-5000,2026-03-22T00:50:40Z
atp,2023-08-21,RE44,A. Rublev,Andrey Rublev,8,4515,https://www.atptour.com/en/rankings/singles?dateWeek=2023-08-21&rankRange=0-5000,2026-03-22T00:50:40Z
atp,2023-08-21,FB98,T. Fritz,Taylor Fritz,9,3605,https://www.atptour.com/en/rankings/singles?dateWeek=2023-08-21&rankRange=0-5000,2026-03-22T00:50:40Z
atp,2023-08-21,TD51,F. Tiafoe,Frances Tiafoe,10,3050,https://www.atptour.com/en/rankings/singles?dateWeek=2023-08-21&rankRange=0-5000,2026-03-22T00:50:40Z
atp,2023-08-21,KE29,K. Khachanov,Karen Khachanov,11,2845,https://www.atptour.com/en/rankings/singles?dateWeek=2023-08-21&rankRange=0-5000,2026-03-22T00:50:40Z
atp,2023-08-21,Z355,A. Zverev,Alexander Zverev,12,2670,https://www.atptour.com/en/rankings/singles?dateWeek=2023-08-21&rankRange=0-5000,2026-03-22T00:50:40Z
atp,2023-08-21,DH58,A. de Minaur,Alex De Minaur,13,2595,https://www.atptour.com/en/rankings/singles?dateWeek=2023-08-21&rankRange=0-5000,2026-03-22T00:50:40Z
atp,2023-08-21,PL56,T. Paul,Tommy Paul,14,2570,https://www.atptour.com/en/rankings/singles?dateWeek=2023-08-21&rankRange=0-5000,2026-03-22T00:50:40Z
atp,2023-08-21,AG37,F. Auger-Aliassime,Felix Auger Aliassime,15,2375,https://www.atptour.com/en/rankings/singles?dateWeek=2023-08-21&rankRange=0-5000,2026-03-22T00:50:40Z
atp,2023-08-21,N771,C. Norrie,Cameron Norrie,16,2075,https://www.atptour.com/en/rankings/singles?dateWeek=2023-08-21&rankRange=0-5000,2026-03-22T00:50:40Z
atp,2023-08-21,HB71,H. Hurkacz,Hubert Hurkacz,17,2035,https://www.atptour.com/en/rankings/singles?dateWeek=2023-08-21&rankRange=0-5000,2026-03-22T00:50:40Z
atp,2023-08-21,M0EJ,L. Musetti,Lorenzo Musetti,18,2005,https://www.atptour.com/en/rankings/singles?dateWeek=2023-08-21&rankRange=0-5000,2026-03-22T00:50:40Z
atp,2023-08-21,D875,G. Dimitrov,Grigor Dimitrov,19,1690,https://www.atptour.com/en/rankings/singles?dateWeek=2023-08-21&rankRange=0-5000,2026-03-22T00:50:40Z
atp,2023-08-21,C0AU,F. Cerundolo,Francisco Cerundolo,20,1600,https://www.atptour.com/en/rankings/singles?dateWeek=2023-08-21&rankRange=0-5000,2026-03-22T00:50:40Z
atp,2023-08-21,DH50,A. Davidovich Fokina,Alejandro Davidovich Fokina,21,1525,https://www.atptour.com/en/rankings/singles?dateWeek=2023-08-21&rankRange=0-5000,2026-03-22T00:50:40Z
atp,2023-08-21,SL28,J. Struff,Jan Lennard Struff,22,1482,https://www.atptour.com/en/rankings/singles?dateWeek=2023-08-21&rankRange=0-5000,2026-03-22T00:50:40Z
atp,2023-08-21,ME82,A. Mannarino,Adrian Mannarino,23,1445,https://www.atptour.com/en/rankings/singles?dateWeek=2023-08-21&rankRange=0-5000,2026-03-22T00:50:40Z
atp,2023-08-21,J551,N. Jarry,Nicolas Jarry,24,1439,https://www.atptour.com/en/rankings/singles?dateWeek=2023-08-21&rankRange=0-5000,2026-03-22T00:50:40Z
atp,2023-08-21,GJ37,T. Griekspoor,Tallon Griekspoor,25,1436,https://www.atptour.com/en/rankings/singles?dateWeek=2023-08-21&rankRange=0-5000,2026-03-22T00:50:40Z
atp,2023-08-21,SU55,D. Shapovalov,Denis Shapovalov,26,1415,https://www.atptour.com/en/rankings/singles?dateWeek=2023-08-21&rankRange=0-5000,2026-03-22T00:50:40Z
atp,2023-08-21,BK92,A. Bublik,Alexander Bublik,27,1384,https://www.atptour.com/en/rankings/singles?dateWeek=2023-08-21&rankRange=0-5000,2026-03-22T00:50:40Z
atp,2023-08-21,E687,D. Evans,Daniel Evans,28,1381,https://www.atptour.com/en/rankings/singles?dateWeek=2023-08-21&rankRange=0-5000,2026-03-22T00:50:40Z
atp,2023-08-21,CG80,B. Coric,Borna Coric,29,1360,https://www.atptour.com/en/rankings/singles?dateWeek=2023-08-21&rankRange=0-5000,2026-03-22T00:50:40Z
atp,2023-08-21,E865,C. Eubanks,Christopher Eubanks,30,1338,https://www.atptour.com/en/rankings/singles?dateWeek=2023-08-21&rankRange=0-5000,2026-03-22T00:50:40Z
atp,2023-08-21,HH26,U. Humbert,Ugo Humbert,31,1258,https://www.atptour.com/en/rankings/singles?dateWeek=2023-08-21&rankRange=0-5000,2026-03-22T00:50:40Z
atp,2023-08-21,EA24,T. Etcheverry,Tomas Martin Etcheverry,32,1250,https://www.atptour.com/en/rankings/singles?dateWeek=2023-08-21&rankRange=0-5000,2026-03-22T00:50:40Z
atp,2023-08-21,K0AH,S. Korda,Sebastian Korda,33,1240,https://www.atptour.com/en/rankings/singles?dateWeek=2023-08-21&rankRange=0-5000,2026-03-22T00:50:40Z
atp,2023-08-21,DB63,L. Djere,Laslo Djere,34,1215,https://www.atptour.com/en/rankings/singles?dateWeek=2023-08-21&rankRange=0-5000,2026-03-22T00:50:40Z
atp,2023-08-21,L0BV,J. Lehecka,Jiri Lehecka,35,1198,https://www.atptour.com/en/rankings/singles?dateWeek=2023-08-21&rankRange=0-5000,2026-03-22T00:50:40Z
atp,2023-08-21,BK40,M. Berrettini,Matteo Berrettini,36,1147,https://www.atptour.com/en/rankings/singles?dateWeek=2023-08-21&rankRange=0-5000,2026-03-22T00:50:40Z
atp,2023-08-21,MC10,A. Murray,Andy Murray,37,1120,https://www.atptour.com/en/rankings/singles?dateWeek=2023-08-21&rankRange=0-5000,2026-03-22T00:50:40Z
atp,2023-08-21,SU87,L. Sonego,Lorenzo Sonego,38,1115,https://www.atptour.com/en/rankings/singles?dateWeek=2023-08-21&rankRange=0-5000,2026-03-22T00:50:40Z
atp,2023-08-21,MK66,M. McDonald,Mackenzie Mcdonald,39,1085,https://www.atptour.com/en/rankings/singles?dateWeek=2023-08-21&rankRange=0-5000,2026-03-22T00:50:40Z
atp,2023-08-21,P09Z,A. Popyrin,Alexei Popyrin,40,1065,https://www.atptour.com/en/rankings/singles?dateWeek=2023-08-21&rankRange=0-5000,2026-03-22T00:50:40Z
atp,2023-08-21,BD06,R. Bautista Agut,Roberto Bautista Agut,41,1060,https://www.atptour.com/en/rankings/singles?dateWeek=2023-08-21&rankRange=0-5000,2026-03-22T00:50:40Z
atp,2023-08-21,B0BI,S. Baez,Sebastian Baez,42,1055,https://www.atptour.com/en/rankings/singles?dateWeek=2023-08-21&rankRange=0-5000,2026-03-22T00:50:40Z
atp,2023-08-21,N732,Y. Nishioka,Yoshihito Nishioka,43,1025,https://www.atptour.com/en/rankings/singles?dateWeek=2023-08-21&rankRange=0-5000,2026-03-22T00:50:40Z
atp,2023-08-21,W09G,J. Wolf,J.j. Wolf,44,1025,https://www.atptour.com/en/rankings/singles?dateWeek=2023-08-21&rankRange=0-5000,2026-03-22T00:50:40Z
atp,2023-08-21,KI95,M. Kecmanovic,Miomir Kecmanovic,45,1020,https://www.atptour.com/en/rankings/singles?dateWeek=2023-08-21&rankRange=0-5000,2026-03-22T00:50:40Z
atp,2023-08-21,S0S1,B. Shelton,Ben Shelton,46,1015,https://www.atptour.com/en/rankings/singles?dateWeek=2023-08-21&rankRange=0-5000,2026-03-22T00:50:40Z
atp,2023-08-21,PH71,M. Purcell,Max Purcell,47,1013,https://www.atptour.com/en/rankings/singles?dateWeek=2023-08-21&rankRange=0-5000,2026-03-22T00:50:40Z
atp,2023-08-21,F0F1,A. Fils,Arthur Fils,48,1007,https://www.atptour.com/en/rankings/singles?dateWeek=2023-08-21&rankRange=0-5000,2026-03-22T00:50:40Z
atp,2023-08-21,W367,S. Wawrinka,Stan Wawrinka,49,1004,https://www.atptour.com/en/rankings/singles?dateWeek=2023-08-21&rankRange=0-5000,2026-03-22T00:50:40Z
atp,2023-08-21,TC61,J. Thompson,Jordan Thompson,50,951,https://www.atptour.com/en/rankings/singles?dateWeek=2023-08-21&rankRange=0-5000,2026-03-22T00:50:40Z
atp,2023-08-21,V832,A. Vukic,Aleksandar Vukic,51,949,https://www.atptour.com/en/rankings/singles?dateWeek=2023-08-21&rankRange=0-5000,2026-03-22T00:50:40Z
atp,2023-08-21,L987,D. Lajovic,Dusan Lajovic,52,938,https://www.atptour.com/en/rankings/singles?dateWeek=2023-08-21&rankRange=0-5000,2026-03-22T00:50:40Z
atp,2023-08-21,AE14,D. Altmaier,Daniel Altmaier,53,936,https://www.atptour.com/en/rankings/singles?dateWeek=2023-08-21&rankRange=0-5000,2026-03-22T00:50:40Z
atp,2023-08-21,H997,Y. Hanfmann,Yannick Hanfmann,54,929,https://www.atptour.com/en/rankings/singles?dateWeek=2023-08-21&rankRange=0-5000,2026-03-22T00:50:40Z
atp,2023-08-21,V812,B. van de Zandschulp,Botic Van De Zandschulp,55,915,https://www.atptour.com/en/rankings/singles?dateWeek=2023-08-21&rankRange=0-5000,2026-03-22T00:50:40Z
atp,2023-08-21,RH24,E. Ruusuvuori,Emil Ruusuvuori,56,911,https://www.atptour.com/en/rankings/singles?dateWeek=2023-08-21&rankRange=0-5000,2026-03-22T00:50:40Z
atp,2023-08-21,G628,R. Gasquet,Richard Gasquet,57,910,https://www.atptour.com/en/rankings/singles?dateWeek=2023-08-21&rankRange=0-5000,2026-03-22T00:50:40Z
atp,2023-08-21,F724,M. Fucsovics,Marton Fucsovics,58,884,https://www.atptour.com/en/rankings/singles?dateWeek=2023-08-21&rankRange=0-5000,2026-03-22T00:50:40Z
atp,2023-08-21,O513,S. Ofner,Sebastian Ofner,59,868,https://www.atptour.com/en/rankings/singles?dateWeek=2023-08-21&rankRange=0-5000,2026-03-22T00:50:40Z
atp,2023-08-21,BK24,G. Barrere,Gregoire Barrere,60,864,https://www.atptour.com/en/rankings/singles?dateWeek=2023-08-21&rankRange=0-5000,2026-03-22T00:50:40Z
atp,2023-08-21,SX50,R. Safiullin,Roman Safiullin,61,857,https://www.atptour.com/en/rankings/singles?dateWeek=2023-08-21&rankRange=0-5000,2026-03-22T00:50:40Z
atp,2023-08-21,A0FC,M. Arnaldi,Matteo Arnaldi,62,855,https://www.atptour.com/en/rankings/singles?dateWeek=2023-08-21&rankRange=0-5000,2026-03-22T00:50:40Z
atp,2023-08-21,GC88,M. Giron,Marcos Giron,63,850,https://www.atptour.com/en/rankings/singles?dateWeek=2023-08-21&rankRange=0-5000,2026-03-22T00:50:40Z
atp,2023-08-21,CF59,R. Carballes Baena,Roberto Carballes Baena,64,840,https://www.atptour.com/en/rankings/singles?dateWeek=2023-08-21&rankRange=0-5000,2026-03-22T00:50:40Z
atp,2023-08-21,V0DZ,L. Van Assche,Luca Van Assche,65,831,https://www.atptour.com/en/rankings/singles?dateWeek=2023-08-21&rankRange=0-5000,2026-03-22T00:50:40Z
atp,2023-08-21,CG04,P. Cachin,Pedro Cachin,66,822,https://www.atptour.com/en/rankings/singles?dateWeek=2023-08-21&rankRange=0-5000,2026-03-22T00:50:40Z
atp,2023-08-21,Z371,Z. Zhang,Zhizhen Zhang,67,815,https://www.atptour.com/en/rankings/singles?dateWeek=2023-08-21&rankRange=0-5000,2026-03-22T00:50:40Z
atp,2023-08-21,O483,C. O'Connell,Christopher O'connell,68,811,https://www.atptour.com/en/rankings/singles?dateWeek=2023-08-21&rankRange=0-5000,2026-03-22T00:50:40Z
atp,2023-08-21,HB64,Q. Halys,Quentin Halys,69,805,https://www.atptour.com/en/rankings/singles?dateWeek=2023-08-21&rankRange=0-5000,2026-03-22T00:50:40Z
atp,2023-08-21,GE33,D. Galan,Daniel Elahi Galan,70,804,https://www.atptour.com/en/rankings/singles?dateWeek=2023-08-21&rankRange=0-5000,2026-03-22T00:50:40Z
atp,2023-08-21,MW02,C. Moutet,Corentin Moutet,71,801,https://www.atptour.com/en/rankings/singles?dateWeek=2023-08-21&rankRange=0-5000,2026-03-22T00:50:40Z
atp,2023-08-21,N0AE,B. Nakashima,Brandon Nakashima,72,795,https://www.atptour.com/en/rankings/singles?dateWeek=2023-08-21&rankRange=0-5000,2026-03-22T00:50:40Z
atp,2023-08-21,RC91,A. Rinderknech,Arthur Rinderknech,73,781,https://www.atptour.com/en/rankings/singles?dateWeek=2023-08-21&rankRange=0-5000,2026-03-22T00:50:40Z
atp,2023-08-21,V836,J. Varillas,Juan Pablo Varillas,74,779,https://www.atptour.com/en/rankings/singles?dateWeek=2023-08-21&rankRange=0-5000,2026-03-22T00:50:40Z
atp,2023-08-21,Z419,B. Zapata Miralles,Bernabe Zapata Miralles,75,776,https://www.atptour.com/en/rankings/singles?dateWeek=2023-08-21&rankRange=0-5000,2026-03-22T00:50:40Z
atp,2023-08-21,KC56,A. Karatsev,Aslan Karatsev,76,773,https://www.atptour.com/en/rankings/singles?dateWeek=2023-08-21&rankRange=0-5000,2026-03-22T00:50:40Z
atp,2023-08-21,KD46,T. Kokkinakis,Thanasi Kokkinakis,77,766,https://www.atptour.com/en/rankings/singles?dateWeek=2023-08-21&rankRange=0-5000,2026-03-22T00:50:40Z
atp,2023-08-21,KE73,D. Koepfer,Dominik Koepfer,78,757,https://www.atptour.com/en/rankings/singles?dateWeek=2023-08-21&rankRange=0-5000,2026-03-22T00:50:40Z
atp,2023-08-21,BT72,N. Borges,Nuno Borges,79,754,https://www.atptour.com/en/rankings/singles?dateWeek=2023-08-21&rankRange=0-5000,2026-03-22T00:50:40Z
atp,2023-08-21,Y268,M. Ymer,Mikael Ymer,80,731,https://www.atptour.com/en/rankings/singles?dateWeek=2023-08-21&rankRange=0-5000,2026-03-22T00:50:40Z
atp,2023-08-21,MU94,J. Munar,Jaume Munar,81,726,https://www.atptour.com/en/rankings/singles?dateWeek=2023-08-21&rankRange=0-5000,2026-03-22T00:50:40Z
atp,2023-08-21,TB69,D. Thiem,Dominic Thiem,82,726,https://www.atptour.com/en/rankings/singles?dateWeek=2023-08-21&rankRange=0-5000,2026-03-22T00:50:40Z
atp,2023-08-21,M0CI,F. Marozsan,Fabian Marozsan,83,708,https://www.atptour.com/en/rankings/singles?dateWeek=2023-08-21&rankRange=0-5000,2026-03-22T00:50:40Z
atp,2023-08-21,S0H2,A. Shevchenko,Alexander Shevchenko,84,699,https://www.atptour.com/en/rankings/singles?dateWeek=2023-08-21&rankRange=0-5000,2026-03-22T00:50:40Z
atp,2023-08-21,MP20,A. Muller,Alexandre Muller,85,697,https://www.atptour.com/en/rankings/singles?dateWeek=2023-08-21&rankRange=0-5000,2026-03-22T00:50:40Z
atp,2023-08-21,KB95,J. Kubler,Jason Kubler,86,693,https://www.atptour.com/en/rankings/singles?dateWeek=2023-08-21&rankRange=0-5000,2026-03-22T00:50:40Z
atp,2023-08-21,HH06,M. Huesler,Marc Andrea Huesler,87,689,https://www.atptour.com/en/rankings/singles?dateWeek=2023-08-21&rankRange=0-5000,2026-03-22T00:50:40Z
atp,2023-08-21,WB08,Y. Watanuki,Yosuke Watanuki,88,686,https://www.atptour.com/en/rankings/singles?dateWeek=2023-08-21&rankRange=0-5000,2026-03-22T00:50:40Z
atp,2023-08-21,WB32,Y. Wu,Yibing Wu,89,683,https://www.atptour.com/en/rankings/singles?dateWeek=2023-08-21&rankRange=0-5000,2026-03-22T00:50:40Z
atp,2023-08-21,R772,A. Ramos-Vinolas,Albert Ramos Vinolas,90,663,https://www.atptour.com/en/rankings/singles?dateWeek=2023-08-21&rankRange=0-5000,2026-03-22T00:50:40Z
atp,2023-08-21,GD64,C. Garin,Cristian Garin,91,641,https://www.atptour.com/en/rankings/singles?dateWeek=2023-08-21&rankRange=0-5000,2026-03-22T00:50:40Z
atp,2023-08-21,CE77,F. Coria,Federico Coria,92,637,https://www.atptour.com/en/rankings/singles?dateWeek=2023-08-21&rankRange=0-5000,2026-03-22T00:50:40Z
atp,2023-08-21,D0CG,F. Diaz Acosta,Facundo Diaz Acosta,93,626,https://www.atptour.com/en/rankings/singles?dateWeek=2023-08-21&rankRange=0-5000,2026-03-22T00:50:40Z
atp,2023-08-21,MP01,M. Mmoh,Michael Mmoh,94,624,https://www.atptour.com/en/rankings/singles?dateWeek=2023-08-21&rankRange=0-5000,2026-03-22T00:50:40Z
atp,2023-08-21,DA81,T. Daniel,Taro Daniel,95,618,https://www.atptour.com/en/rankings/singles?dateWeek=2023-08-21&rankRange=0-5000,2026-03-22T00:50:40Z
atp,2023-08-21,GB88,D. Goffin,David Goffin,96,609,https://www.atptour.com/en/rankings/singles?dateWeek=2023-08-21&rankRange=0-5000,2026-03-22T00:50:40Z
atp,2023-08-21,K09F,P. Kotov,Pavel Kotov,97,603,https://www.atptour.com/en/rankings/singles?dateWeek=2023-08-21&rankRange=0-5000,2026-03-22T00:50:40Z
atp,2023-08-21,G09O,H. Gaston,Hugo Gaston,98,598,https://www.atptour.com/en/rankings/singles?dateWeek=2023-08-21&rankRange=0-5000,2026-03-22T00:50:40Z
atp,2023-08-21,I305,I. Ivashka,Ilya Ivashka,99,591,https://www.atptour.com/en/rankings/singles?dateWeek=2023-08-21&rankRange=0-5000,2026-03-22T00:50:40Z
atp,2023-08-21,C0C8,J. Cerundolo,Juan Manuel Cerundolo,100,591,https://www.atptour.com/en/rankings/singles?dateWeek=2023-08-21&rankRange=0-5000,2026-03-22T00:50:40Z
atp,2023-08-21,BM95,B. Bonzi,Benjamin Bonzi,101,590,https://www.atptour.com/en/rankings/singles?dateWeek=2023-08-21&rankRange=0-5000,2026-03-22T00:50:40Z
atp,2023-08-21,R09X,J. Rodionov,Jurij Rodionov,102,583,https://www.atptour.com/en/rankings/singles?dateWeek=2023-08-21&rankRange=0-5000,2026-03-22T00:50:40Z
atp,2023-08-21,LB66,C. Lestienne,Constant Lestienne,103,582,https://www.atptour.com/en/rankings/singles?dateWeek=2023-08-21&rankRange=0-5000,2026-03-22T00:50:40Z
atp,2023-08-21,KF17,S. Kwon,Soonwoo Kwon,104,578,https://www.atptour.com/en/rankings/singles?dateWeek=2023-08-21&rankRange=0-5000,2026-03-22T00:50:40Z
atp,2023-08-21,A829,R. Albot,Radu Albot,105,576,https://www.atptour.com/en/rankings/singles?dateWeek=2023-08-21&rankRange=0-5000,2026-03-22T00:50:40Z
atp,2023-08-21,GH92,B. Gojo,Borna Gojo,106,559,https://www.atptour.com/en/rankings/singles?dateWeek=2023-08-21&rankRange=0-5000,2026-03-22T00:50:40Z
atp,2023-08-21,SX91,T. Seyboth Wild,Thiago Seyboth Wild,107,558,https://www.atptour.com/en/rankings/singles?dateWeek=2023-08-21&rankRange=0-5000,2026-03-22T00:50:40Z
atp,2023-08-21,BI23,L. Broady,Liam Broady,108,557,https://www.atptour.com/en/rankings/singles?dateWeek=2023-08-21&rankRange=0-5000,2026-03-22T00:50:40Z
atp,2023-08-21,CF01,M. Cecchinato,Marco Cecchinato,109,549,https://www.atptour.com/en/rankings/singles?dateWeek=2023-08-21&rankRange=0-5000,2026-03-22T00:50:40Z
atp,2023-08-21,TE30,A. Tabilo,Alejandro Tabilo,110,547,https://www.atptour.com/en/rankings/singles?dateWeek=2023-08-21&rankRange=0-5000,2026-03-22T00:50:40Z
atp,2023-08-21,H0BH,R. Hijikata,Rinky Hijikata,111,544,https://www.atptour.com/en/rankings/singles?dateWeek=2023-08-21&rankRange=0-5000,2026-03-22T00:50:40Z
atp,2023-08-21,D994,J. Duckworth,James Duckworth,112,540,https://www.atptour.com/en/rankings/singles?dateWeek=2023-08-21&rankRange=0-5000,2026-03-22T00:50:40Z
atp,2023-08-21,P09O,Z. Piros,Zsombor Piros,113,538,https://www.atptour.com/en/rankings/singles?dateWeek=2023-08-21&rankRange=0-5000,2026-03-22T00:50:40Z
atp,2023-08-21,C0BC,M. Cressy,Maxime Cressy,114,535,https://www.atptour.com/en/rankings/singles?dateWeek=2023-08-21&rankRange=0-5000,2026-03-22T00:50:40Z
atp,2023-08-21,MJ08,T. Monteiro,Thiago Monteiro,115,533,https://www.atptour.com/en/rankings/singles?dateWeek=2023-08-21&rankRange=0-5000,2026-03-22T00:50:40Z
atp,2023-08-21,SM37,D. Schwartzman,Diego Schwartzman,116,531,https://www.atptour.com/en/rankings/singles?dateWeek=2023-08-21&rankRange=0-5000,2026-03-22T00:50:40Z
atp,2023-08-21,MV14,A. Molcan,Alex Molcan,117,530,https://www.atptour.com/en/rankings/singles?dateWeek=2023-08-21&rankRange=0-5000,2026-03-22T00:50:40Z
atp,2023-08-21,D0CO,J. Draper,Jack Draper,118,526,https://www.atptour.com/en/rankings/singles?dateWeek=2023-08-21&rankRange=0-5000,2026-03-22T00:50:40Z
atp,2023-08-21,N0BG,L. Nardi,Luca Nardi,119,526,https://www.atptour.com/en/rankings/singles?dateWeek=2023-08-21&rankRange=0-5000,2026-03-22T00:50:40Z
atp,2023-08-21,BS86,T. Barrios Vera,Tomas Barrios Vera,120,525,https://www.atptour.com/en/rankings/singles?dateWeek=2023-08-21&rankRange=0-5000,2026-03-22T00:50:40Z
atp,2023-08-21,C0H0,A. Cazaux,Arthur Cazaux,121,520,https://www.atptour.com/en/rankings/singles?dateWeek=2023-08-21&rankRange=0-5000,2026-03-22T00:50:40Z
atp,2023-08-21,K0AZ,A. Kovacevic,Aleksandar Kovacevic,122,516,https://www.atptour.com/en/rankings/singles?dateWeek=2023-08-21&rankRange=0-5000,2026-03-22T00:50:40Z
atp,2023-08-21,M0FH,T. Machac,Tomas Machac,123,511,https://www.atptour.com/en/rankings/singles?dateWeek=2023-08-21&rankRange=0-5000,2026-03-22T00:50:40Z
atp,2023-08-21,CD85,P. Carreno Busta,Pablo Carreno Busta,124,495,https://www.atptour.com/en/rankings/singles?dateWeek=2023-08-21&rankRange=0-5000,2026-03-22T00:50:40Z
atp,2023-08-21,PD31,B. Paire,Benoit Paire,125,488,https://www.atptour.com/en/rankings/singles?dateWeek=2023-08-21&rankRange=0-5000,2026-03-22T00:50:40Z
atp,2023-08-21,CH12,J. Choinski,Jan Choinski,126,481,https://www.atptour.com/en/rankings/singles?dateWeek=2023-08-21&rankRange=0-5000,2026-03-22T00:50:40Z
atp,2023-08-21,S0LA,D. Stricker,Dominic Stricker,127,480,https://www.atptour.com/en/rankings/singles?dateWeek=2023-08-21&rankRange=0-5000,2026-03-22T00:50:40Z
atp,2023-08-21,S0GR,T. Skatov,Timofey Skatov,128,477,https://www.atptour.com/en/rankings/singles?dateWeek=2023-08-21&rankRange=0-5000,2026-03-22T00:50:40Z
atp,2023-08-21,MN13,M. Marterer,Maximilian Marterer,129,475,https://www.atptour.com/en/rankings/singles?dateWeek=2023-08-21&rankRange=0-5000,2026-03-22T00:50:40Z
atp,2023-08-21,MW18,N. Moreno De Alboran,Nicolas Moreno De Alboran,130,475,https://www.atptour.com/en/rankings/singles?dateWeek=2023-08-21&rankRange=0-5000,2026-03-22T00:50:40Z
atp,2023-08-21,MO44,P. Martinez,Pedro Martinez,131,468,https://www.atptour.com/en/rankings/singles?dateWeek=2023-08-21&rankRange=0-5000,2026-03-22T00:50:40Z
atp,2023-08-21,D0F6,G. Diallo,Gabriel Diallo,132,468,https://www.atptour.com/en/rankings/singles?dateWeek=2023-08-21&rankRange=0-5000,2026-03-22T00:50:40Z
atp,2023-08-21,M0QI,A. Michelsen,Alex Michelsen,133,465,https://www.atptour.com/en/rankings/singles?dateWeek=2023-08-21&rankRange=0-5000,2026-03-22T00:50:40Z
atp,2023-08-21,V0AM,O. Virtanen,Otto Virtanen,134,463,https://www.atptour.com/en/rankings/singles?dateWeek=2023-08-21&rankRange=0-5000,2026-03-22T00:50:40Z
atp,2023-08-21,KE17,N. Kyrgios,Nick Kyrgios,135,450,https://www.atptour.com/en/rankings/singles?dateWeek=2023-08-21&rankRange=0-5000,2026-03-22T00:50:40Z
atp,2023-08-21,BF23,F. Bagnis,Facundo Bagnis,136,446,https://www.atptour.com/en/rankings/singles?dateWeek=2023-08-21&rankRange=0-5000,2026-03-22T00:50:40Z
atp,2023-08-21,Z0A1,G. Zeppieri,Giulio Zeppieri,137,442,https://www.atptour.com/en/rankings/singles?dateWeek=2023-08-21&rankRange=0-5000,2026-03-22T00:50:40Z
atp,2023-08-21,C0E9,F. Cobolli,Flavio Cobolli,138,442,https://www.atptour.com/en/rankings/singles?dateWeek=2023-08-21&rankRange=0-5000,2026-03-22T00:50:40Z
atp,2023-08-21,GF95,H. Grenier,Hugo Grenier,139,440,https://www.atptour.com/en/rankings/singles?dateWeek=2023-08-21&rankRange=0-5000,2026-03-22T00:50:40Z
atp,2023-08-21,F510,F. Fognini,Fabio Fognini,140,436,https://www.atptour.com/en/rankings/singles?dateWeek=2023-08-21&rankRange=0-5000,2026-03-22T00:50:40Z
atp,2023-08-21,N409,R. Nadal,Rafael Nadal,141,435,https://www.atptour.com/en/rankings/singles?dateWeek=2023-08-21&rankRange=0-5000,2026-03-22T00:50:40Z
atp,2023-08-21,O660,G. Olivieri,Genaro Alberto Olivieri,142,435,https://www.atptour.com/en/rankings/singles?dateWeek=2023-08-21&rankRange=0-5000,2026-03-22T00:50:40Z
atp,2023-08-21,D0C1,J. de Jong,Jesper De Jong,143,433,https://www.atptour.com/en/rankings/singles?dateWeek=2023-08-21&rankRange=0-5000,2026-03-22T00:50:40Z
atp,2023-08-21,C977,M. Cilic,Marin Cilic,144,430,https://www.atptour.com/en/rankings/singles?dateWeek=2023-08-21&rankRange=0-5000,2026-03-22T00:50:40Z
atp,2023-08-21,M0JF,H. Medjedovic,Hamad Medjedovic,145,428,https://www.atptour.com/en/rankings/singles?dateWeek=2023-08-21&rankRange=0-5000,2026-03-22T00:50:40Z
atp,2023-08-21,L0CX,P. Llamas Ruiz,Pablo Llamas Ruiz,146,428,https://www.atptour.com/en/rankings/singles?dateWeek=2023-08-21&rankRange=0-5000,2026-03-22T00:50:40Z
atp,2023-08-21,BO10,G. Brouwer,Gijs Brouwer,147,427,https://www.atptour.com/en/rankings/singles?dateWeek=2023-08-21&rankRange=0-5000,2026-03-22T00:50:40Z
atp,2023-08-21,CG33,K. Coppejans,Kimmer Coppejans,148,425,https://www.atptour.com/en/rankings/singles?dateWeek=2023-08-21&rankRange=0-5000,2026-03-22T00:50:40Z
atp,2023-08-21,DA31,H. Dellien,Hugo Dellien,149,422,https://www.atptour.com/en/rankings/singles?dateWeek=2023-08-21&rankRange=0-5000,2026-03-22T00:50:40Z
atp,2023-08-21,R0FS,L. Riedi,Leandro Riedi,150,420,https://www.atptour.com/en/rankings/singles?dateWeek=2023-08-21&rankRange=0-5000,2026-03-22T00:50:40Z
atp,2023-08-21,BU13,Z. Bergs,Zizou Bergs,151,411,https://www.atptour.com/en/rankings/singles?dateWeek=2023-08-21&rankRange=0-5000,2026-03-22T00:50:40Z
atp,2023-08-21,T0A1,T. Tirante,Thiago Agustin Tirante,152,408,https://www.atptour.com/en/rankings/singles?dateWeek=2023-08-21&rankRange=0-5000,2026-03-22T00:50:40Z
atp,2023-08-21,KC04,J. Kovalik,Jozef Kovalik,153,406,https://www.atptour.com/en/rankings/singles?dateWeek=2023-08-21&rankRange=0-5000,2026-03-22T00:50:40Z
atp,2023-08-21,B0CD,J. Brooksby,Jenson Brooksby,154,405,https://www.atptour.com/en/rankings/singles?dateWeek=2023-08-21&rankRange=0-5000,2026-03-22T00:50:40Z
atp,2023-08-21,N0AM,E. Nava,Emilio Nava,155,402,https://www.atptour.com/en/rankings/singles?dateWeek=2023-08-21&rankRange=0-5000,2026-03-22T00:50:40Z
atp,2023-08-21,KI63,L. Klein,Lukas Klein,156,401,https://www.atptour.com/en/rankings/singles?dateWeek=2023-08-21&rankRange=0-5000,2026-03-22T00:50:40Z
atp,2023-08-21,E768,A. Escoffier,Antoine Escoffier,157,401,https://www.atptour.com/en/rankings/singles?dateWeek=2023-08-21&rankRange=0-5000,2026-03-22T00:50:40Z
atp,2023-08-21,I186,J. Isner,John Isner,158,400,https://www.atptour.com/en/rankings/singles?dateWeek=2023-08-21&rankRange=0-5000,2026-03-22T00:50:40Z
atp,2023-08-21,SY67,S. Shimabukuro,Sho Shimabukuro,159,400,https://www.atptour.com/en/rankings/singles?dateWeek=2023-08-21&rankRange=0-5000,2026-03-22T00:50:40Z
atp,2023-08-21,S0RE,J. Shang,Juncheng Shang,160,395,https://www.atptour.com/en/rankings/singles?dateWeek=2023-08-21&rankRange=0-5000,2026-03-22T00:50:40Z
atp,2023-08-21,C0DF,F. Comesana,Francisco Comesana,161,393,https://www.atptour.com/en/rankings/singles?dateWeek=2023-08-21&rankRange=0-5000,2026-03-22T00:50:40Z
atp,2023-08-21,GE28,I. Gakhov,Ivan Gakhov,162,393,https://www.atptour.com/en/rankings/singles?dateWeek=2023-08-21&rankRange=0-5000,2026-03-22T00:50:40Z
atp,2023-08-21,MC65,G. Monfils,Gael Monfils,163,387,https://www.atptour.com/en/rankings/singles?dateWeek=2023-08-21&rankRange=0-5000,2026-03-22T00:50:40Z
atp,2023-08-21,VA08,A. Vavassori,Andrea Vavassori,164,382,https://www.atptour.com/en/rankings/singles?dateWeek=2023-08-21&rankRange=0-5000,2026-03-22T00:50:40Z
atp,2023-08-21,S0GD,D. Svrcina,Dalibor Svrcina,165,377,https://www.atptour.com/en/rankings/singles?dateWeek=2023-08-21&rankRange=0-5000,2026-03-22T00:50:40Z
atp,2023-08-21,SS25,V. Sachko,Vitaliy Sachko,166,377,https://www.atptour.com/en/rankings/singles?dateWeek=2023-08-21&rankRange=0-5000,2026-03-22T00:50:40Z
atp,2023-08-21,G0GD,M. Gigante,Matteo Gigante,167,374,https://www.atptour.com/en/rankings/singles?dateWeek=2023-08-21&rankRange=0-5000,2026-03-22T00:50:40Z
atp,2023-08-21,M0JZ,F. Misolic,Filip Misolic,168,371,https://www.atptour.com/en/rankings/singles?dateWeek=2023-08-21&rankRange=0-5000,2026-03-22T00:50:40Z
atp,2023-08-21,BV24,R. Brancaccio,Raul Brancaccio,169,371,https://www.atptour.com/en/rankings/singles?dateWeek=2023-08-21&rankRange=0-5000,2026-03-22T00:50:40Z
atp,2023-08-21,MW75,F. Meligeni Alves,Felipe Meligeni Alves,170,369,https://www.atptour.com/en/rankings/singles?dateWeek=2023-08-21&rankRange=0-5000,2026-03-22T00:50:40Z
atp,2023-08-21,Y218,E. Ymer,Elias Ymer,171,364,https://www.atptour.com/en/rankings/singles?dateWeek=2023-08-21&rankRange=0-5000,2026-03-22T00:50:40Z
atp,2023-08-21,D0DW,T. Droguet,Titouan Droguet,172,359,https://www.atptour.com/en/rankings/singles?dateWeek=2023-08-21&rankRange=0-5000,2026-03-22T00:50:40Z
atp,2023-08-21,P0CT,F. Passaro,Francesco Passaro,173,356,https://www.atptour.com/en/rankings/singles?dateWeek=2023-08-21&rankRange=0-5000,2026-03-22T00:50:40Z
atp,2023-08-21,DA86,J. De Loore,Joris De Loore,174,354,https://www.atptour.com/en/rankings/singles?dateWeek=2023-08-21&rankRange=0-5000,2026-03-22T00:50:40Z
atp,2023-08-21,PG94,M. Polmans,Marc Polmans,175,353,https://www.atptour.com/en/rankings/singles?dateWeek=2023-08-21&rankRange=0-5000,2026-03-22T00:50:40Z
atp,2023-08-21,KH56,Z. Kolar,Zdenek Kolar,176,350,https://www.atptour.com/en/rankings/singles?dateWeek=2023-08-21&rankRange=0-5000,2026-03-22T00:50:40Z
atp,2023-08-21,P0HW,D. Prizmic,Dino Prizmic,177,349,https://www.atptour.com/en/rankings/singles?dateWeek=2023-08-21&rankRange=0-5000,2026-03-22T00:50:40Z
atp,2023-08-21,HG86,L. Harris,Lloyd Harris,178,347,https://www.atptour.com/en/rankings/singles?dateWeek=2023-08-21&rankRange=0-5000,2026-03-22T00:50:40Z
atp,2023-08-21,D923,D. Dzumhur,Damir Dzumhur,179,345,https://www.atptour.com/en/rankings/singles?dateWeek=2023-08-21&rankRange=0-5000,2026-03-22T00:50:40Z
atp,2023-08-21,KB09,D. Kudla,Denis Kudla,180,344,https://www.atptour.com/en/rankings/singles?dateWeek=2023-08-21&rankRange=0-5000,2026-03-22T00:50:40Z
atp,2023-08-21,N0BS,M. Navone,Mariano Navone,181,341,https://www.atptour.com/en/rankings/singles?dateWeek=2023-08-21&rankRange=0-5000,2026-03-22T00:50:40Z
atp,2023-08-21,CG94,E. Couacaud,Enzo Couacaud,182,340,https://www.atptour.com/en/rankings/singles?dateWeek=2023-08-21&rankRange=0-5000,2026-03-22T00:50:40Z
atp,2023-08-21,GA36,E. Gomez,Emilio Gomez,183,334,https://www.atptour.com/en/rankings/singles?dateWeek=2023-08-21&rankRange=0-5000,2026-03-22T00:50:40Z
atp,2023-08-21,B0GG,M. Bellucci,Mattia Bellucci,184,332,https://www.atptour.com/en/rankings/singles?dateWeek=2023-08-21&rankRange=0-5000,2026-03-22T00:50:40Z
atp,2023-08-21,RC04,A. Ritschard,Alexander Ritschard,185,330,https://www.atptour.com/en/rankings/singles?dateWeek=2023-08-21&rankRange=0-5000,2026-03-22T00:50:40Z
atp,2023-08-21,J386,S. Johnson,Steve Johnson,186,325,https://www.atptour.com/en/rankings/singles?dateWeek=2023-08-21&rankRange=0-5000,2026-03-22T00:50:40Z
atp,2023-08-21,DB59,D. Novak,Dennis Novak,187,323,https://www.atptour.com/en/rankings/singles?dateWeek=2023-08-21&rankRange=0-5000,2026-03-22T00:50:40Z
atp,2023-08-21,O449,O. Otte,Oscar Otte,188,321,https://www.atptour.com/en/rankings/singles?dateWeek=2023-08-21&rankRange=0-5000,2026-03-22T00:50:40Z
atp,2023-08-21,W857,T. Wu,Tung Lin Wu,189,321,https://www.atptour.com/en/rankings/singles?dateWeek=2023-08-21&rankRange=0-5000,2026-03-22T00:50:40Z
atp,2023-08-21,N897,S. Nagal,Sumit Nagal,190,321,https://www.atptour.com/en/rankings/singles?dateWeek=2023-08-21&rankRange=0-5000,2026-03-22T00:50:40Z
atp,2023-08-21,M0NI,J. Mensik,Jakub Mensik,191,320,https://www.atptour.com/en/rankings/singles?dateWeek=2023-08-21&rankRange=0-5000,2026-03-22T00:50:40Z
atp,2023-08-21,A0AB,A. Andreev,Adrian Andreev,192,320,https://www.atptour.com/en/rankings/singles?dateWeek=2023-08-21&rankRange=0-5000,2026-03-22T00:50:40Z
atp,2023-08-21,KC33,D. Kuzmanov,Dimitar Kuzmanov,193,319,https://www.atptour.com/en/rankings/singles?dateWeek=2023-08-21&rankRange=0-5000,2026-03-22T00:50:40Z
atp,2023-08-21,D0FJ,L. Darderi,Luciano Darderi,194,319,https://www.atptour.com/en/rankings/singles?dateWeek=2023-08-21&rankRange=0-5000,2026-03-22T00:50:40Z
atp,2023-08-21,F840,N. Fatic,Nerman Fatic,195,318,https://www.atptour.com/en/rankings/singles?dateWeek=2023-08-21&rankRange=0-5000,2026-03-22T00:50:40Z
atp,2023-08-21,PD07,V. Pospisil,Vasek Pospisil,196,316,https://www.atptour.com/en/rankings/singles?dateWeek=2023-08-21&rankRange=0-5000,2026-03-22T00:50:40Z
atp,2023-08-21,AA27,F. Agamenone,Franco Agamenone,197,315,https://www.atptour.com/en/rankings/singles?dateWeek=2023-08-21&rankRange=0-5000,2026-03-22T00:50:40Z
atp,2023-08-21,KI82,V. Kopriva,Vit Kopriva,198,314,https://www.atptour.com/en/rankings/singles?dateWeek=2023-08-21&rankRange=0-5000,2026-03-22T00:50:40Z
atp,2023-08-21,W09E,A. Walton,Adam Walton,199,314,https://www.atptour.com/en/rankings/singles?dateWeek=2023-08-21&rankRange=0-5000,2026-03-22T00:50:40Z
atp,2023-08-21,HG94,B. Hassan,Benjamin Hassan,200,313,https://www.atptour.com/en/rankings/singles?dateWeek=2023-08-21&rankRange=0-5000,2026-03-22T00:50:40Z
atp,2023-08-21,MW54,D. Madaras,Dragos Nicolae Madaras,201,312,https://www.atptour.com/en/rankings/singles?dateWeek=2023-08-21&rankRange=0-5000,2026-03-22T00:50:40Z
atp,2023-08-21,M0HU,S. Mochizuki,Shintaro Mochizuki,202,310,https://www.atptour.com/en/rankings/singles?dateWeek=2023-08-21&rankRange=0-5000,2026-03-22T00:50:40Z
atp,2023-08-21,HC21,S. Hong,Seongchan Hong,203,310,https://www.atptour.com/en/rankings/singles?dateWeek=2023-08-21&rankRange=0-5000,2026-03-22T00:50:40Z
atp,2023-08-21,BI47,R. Bonadio,Riccardo Bonadio,204,310,https://www.atptour.com/en/rankings/singles?dateWeek=2023-08-21&rankRange=0-5000,2026-03-22T00:50:40Z
atp,2023-08-21,O0A2,G. Onclin,Gauthier Onclin,205,309,https://www.atptour.com/en/rankings/singles?dateWeek=2023-08-21&rankRange=0-5000,2026-03-22T00:50:40Z
atp,2023-08-21,SO20,J. Sels,Jelle Sels,206,307,https://www.atptour.com/en/rankings/singles?dateWeek=2023-08-21&rankRange=0-5000,2026-03-22T00:50:40Z
atp,2023-08-21,GK06,A. Galarneau,Alexis Galarneau,207,307,https://www.atptour.com/en/rankings/singles?dateWeek=2023-08-21&rankRange=0-5000,2026-03-22T00:50:40Z
atp,2023-08-21,PH78,R. Peniston,Ryan Peniston,208,307,https://www.atptour.com/en/rankings/singles?dateWeek=2023-08-21&rankRange=0-5000,2026-03-22T00:50:40Z
atp,2023-08-21,U182,C. Ugo Carabelli,Camilo Ugo Carabelli,209,306,https://www.atptour.com/en/rankings/singles?dateWeek=2023-08-21&rankRange=0-5000,2026-03-22T00:50:40Z
atp,2023-08-21,PC11,G. Pella,Guido Pella,210,305,https://www.atptour.com/en/rankings/singles?dateWeek=2023-08-21&rankRange=0-5000,2026-03-22T00:50:40Z
atp,2023-08-21,M0G4,H. Mayot,Harold Mayot,211,305,https://www.atptour.com/en/rankings/singles?dateWeek=2023-08-21&rankRange=0-5000,2026-03-22T00:50:40Z
atp,2023-08-21,SL08,T. Sandgren,Tennys Sandgren,212,305,https://www.atptour.com/en/rankings/singles?dateWeek=2023-08-21&rankRange=0-5000,2026-03-22T00:50:40Z
atp,2023-08-21,A0CJ,D. Ajdukovic,Duje Ajdukovic,213,299,https://www.atptour.com/en/rankings/singles?dateWeek=2023-08-21&rankRange=0-5000,2026-03-22T00:50:40Z
atp,2023-08-21,BU54,G. Blancaneaux,Geoffrey Blancaneaux,214,296,https://www.atptour.com/en/rankings/singles?dateWeek=2023-08-21&rankRange=0-5000,2026-03-22T00:50:40Z
atp,2023-08-21,Y09V,Y. Bu,Yunchaokete Bu,215,295,https://www.atptour.com/en/rankings/singles?dateWeek=2023-08-21&rankRange=0-5000,2026-03-22T00:50:40Z
atp,2023-08-21,GB53,F. Gaio,Federico Gaio,216,295,https://www.atptour.com/en/rankings/singles?dateWeek=2023-08-21&rankRange=0-5000,2026-03-22T00:50:40Z
atp,2023-08-21,GB93,N. Gombos,Norbert Gombos,217,288,https://www.atptour.com/en/rankings/singles?dateWeek=2023-08-21&rankRange=0-5000,2026-03-22T00:50:40Z
atp,2023-08-21,A0GC,T. Atmane,Terence Atmane,218,287,https://www.atptour.com/en/rankings/singles?dateWeek=2023-08-21&rankRange=0-5000,2026-03-22T00:50:40Z
atp,2023-08-21,K0DP,O. Krutykh,Oleksii Krutykh,219,285,https://www.atptour.com/en/rankings/singles?dateWeek=2023-08-21&rankRange=0-5000,2026-03-22T00:50:40Z
atp,2023-08-21,I306,C. Ilkel,Cem Ilkel,220,285,https://www.atptour.com/en/rankings/singles?dateWeek=2023-08-21&rankRange=0-5000,2026-03-22T00:50:40Z
atp,2023-08-21,I0A7,N. Ionel,Nicholas David Ionel,221,284,https://www.atptour.com/en/rankings/singles?dateWeek=2023-08-21&rankRange=0-5000,2026-03-22T00:50:40Z
atp,2023-08-21,PH64,A. Pellegrino,Andrea Pellegrino,222,282,https://www.atptour.com/en/rankings/singles?dateWeek=2023-08-21&rankRange=0-5000,2026-03-22T00:50:40Z
atp,2023-08-21,M0IF,F. Maestrelli,Francesco Maestrelli,223,281,https://www.atptour.com/en/rankings/singles?dateWeek=2023-08-21&rankRange=0-5000,2026-03-22T00:50:40Z
atp,2023-08-21,LC12,L. Lokoli,Laurent Lokoli,224,280,https://www.atptour.com/en/rankings/singles?dateWeek=2023-08-21&rankRange=0-5000,2026-03-22T00:50:40Z
atp,2023-08-21,N0CS,L. Neumayer,Lukas Neumayer,225,280,https://www.atptour.com/en/rankings/singles?dateWeek=2023-08-21&rankRange=0-5000,2026-03-22T00:50:40Z
atp,2023-08-21,VA70,M. Valkusz,Mate Valkusz,226,279,https://www.atptour.com/en/rankings/singles?dateWeek=2023-08-21&rankRange=0-5000,2026-03-22T00:50:40Z
atp,2023-08-21,A887,G. Andreozzi,Guido Andreozzi,227,277,https://www.atptour.com/en/rankings/singles?dateWeek=2023-08-21&rankRange=0-5000,2026-03-22T00:50:40Z
atp,2023-08-21,TA29,M. Trungelliti,Marco Trungelliti,228,276,https://www.atptour.com/en/rankings/singles?dateWeek=2023-08-21&rankRange=0-5000,2026-03-22T00:50:40Z
atp,2023-08-21,R0FP,D. Rincon,Daniel Rincon,229,276,https://www.atptour.com/en/rankings/singles?dateWeek=2023-08-21&rankRange=0-5000,2026-03-22T00:50:40Z
atp,2023-08-21,SN54,F. Ferreira Silva,Frederico Ferreira Silva,230,275,https://www.atptour.com/en/rankings/singles?dateWeek=2023-08-21&rankRange=0-5000,2026-03-22T00:50:40Z
atp,2023-08-21,LI03,E. Lavagno,Edoardo Lavagno,231,275,https://www.atptour.com/en/rankings/singles?dateWeek=2023-08-21&rankRange=0-5000,2026-03-22T00:50:40Z
atp,2023-08-21,CC66,A. Collarini,Andrea Collarini,232,274,https://www.atptour.com/en/rankings/singles?dateWeek=2023-08-21&rankRange=0-5000,2026-03-22T00:50:40Z
atp,2023-08-21,N663,M. Neuchrist,Maximilian Neuchrist,233,272,https://www.atptour.com/en/rankings/singles?dateWeek=2023-08-21&rankRange=0-5000,2026-03-22T00:50:40Z
atp,2023-08-21,TA12,S. Travaglia,Stefano Travaglia,234,272,https://www.atptour.com/en/rankings/singles?dateWeek=2023-08-21&rankRange=0-5000,2026-03-22T00:50:40Z
atp,2023-08-21,S0K7,Z. Svajda,Zachary Svajda,235,271,https://www.atptour.com/en/rankings/singles?dateWeek=2023-08-21&rankRange=0-5000,2026-03-22T00:50:40Z
atp,2023-08-21,D874,F. Delbonis,Federico Delbonis,236,270,https://www.atptour.com/en/rankings/singles?dateWeek=2023-08-21&rankRange=0-5000,2026-03-22T00:50:40Z
atp,2023-08-21,H09F,Y. Hsu,Yu Hsiou Hsu,237,268,https://www.atptour.com/en/rankings/singles?dateWeek=2023-08-21&rankRange=0-5000,2026-03-22T00:50:40Z
atp,2023-08-21,DF88,A. Dougaz,Aziz Dougaz,238,266,https://www.atptour.com/en/rankings/singles?dateWeek=2023-08-21&rankRange=0-5000,2026-03-22T00:50:40Z
atp,2023-08-21,MQ75,K. Majchrzak,Kamil Majchrzak,239,265,https://www.atptour.com/en/rankings/singles?dateWeek=2023-08-21&rankRange=0-5000,2026-03-22T00:50:40Z
atp,2023-08-21,U120,K. Uchida,Kaichi Uchida,240,263,https://www.atptour.com/en/rankings/singles?dateWeek=2023-08-21&rankRange=0-5000,2026-03-22T00:50:40Z
atp,2023-08-21,M0GZ,G. Mpetshi Perricard,Giovanni Mpetshi Perricard,241,259,https://www.atptour.com/en/rankings/singles?dateWeek=2023-08-21&rankRange=0-5000,2026-03-22T00:50:40Z
atp,2023-08-21,CG07,H. Casanova,Hernan Casanova,242,257,https://www.atptour.com/en/rankings/singles?dateWeek=2023-08-21&rankRange=0-5000,2026-03-22T00:50:40Z
atp,2023-08-21,K926,M. Kukushkin,Mikhail Kukushkin,243,255,https://www.atptour.com/en/rankings/singles?dateWeek=2023-08-21&rankRange=0-5000,2026-03-22T00:50:40Z
atp,2023-08-21,H09P,B. Holt,Brandon Holt,244,254,https://www.atptour.com/en/rankings/singles?dateWeek=2023-08-21&rankRange=0-5000,2026-03-22T00:50:40Z
atp,2023-08-21,G983,A. Giannessi,Alessandro Giannessi,245,254,https://www.atptour.com/en/rankings/singles?dateWeek=2023-08-21&rankRange=0-5000,2026-03-22T00:50:40Z
atp,2023-08-21,L0GH,M. Lajal,Mark Lajal,246,253,https://www.atptour.com/en/rankings/singles?dateWeek=2023-08-21&rankRange=0-5000,2026-03-22T00:50:40Z
atp,2023-08-21,S0AQ,Y. Shimizu,Yuta Shimizu,247,252,https://www.atptour.com/en/rankings/singles?dateWeek=2023-08-21&rankRange=0-5000,2026-03-22T00:50:40Z
atp,2023-08-21,MK26,J. Marie,Jules Marie,248,250,https://www.atptour.com/en/rankings/singles?dateWeek=2023-08-21&rankRange=0-5000,2026-03-22T00:50:40Z
atp,2023-08-21,S0IA,D. Sweeny,Dane Sweeny,249,250,https://www.atptour.com/en/rankings/singles?dateWeek=2023-08-21&rankRange=0-5000,2026-03-22T00:50:40Z
atp,2023-08-21,KC29,N. Kicker,Nicolas Kicker,250,248,https://www.atptour.com/en/rankings/singles?dateWeek=2023-08-21&rankRange=0-5000,2026-03-22T00:50:40Z
atp,2023-08-21,N09U,R. Noguchi,Rio Noguchi,251,243,https://www.atptour.com/en/rankings/singles?dateWeek=2023-08-21&rankRange=0-5000,2026-03-22T00:50:40Z
atp,2023-08-21,D864,E. Donskoy,Evgeny Donskoy,252,243,https://www.atptour.com/en/rankings/singles?dateWeek=2023-08-21&rankRange=0-5000,2026-03-22T00:50:40Z
atp,2023-08-21,S0NV,A. Shelbayh,Abdullah Shelbayh,253,241,https://www.atptour.com/en/rankings/singles?dateWeek=2023-08-21&rankRange=0-5000,2026-03-22T00:50:40Z
atp,2023-08-21,D916,S. Diez,Steven Diez,254,241,https://www.atptour.com/en/rankings/singles?dateWeek=2023-08-21&rankRange=0-5000,2026-03-22T00:50:40Z
atp,2023-08-21,TC01,L. Tu,Li Tu,255,238,https://www.atptour.com/en/rankings/singles?dateWeek=2023-08-21&rankRange=0-5000,2026-03-22T00:50:40Z
atp,2023-08-21,J380,J. Jung,Jason Jung,256,237,https://www.atptour.com/en/rankings/singles?dateWeek=2023-08-21&rankRange=0-5000,2026-03-22T00:50:40Z
atp,2023-08-21,BE90,R. Berankis,Ricardas Berankis,257,236,https://www.atptour.com/en/rankings/singles?dateWeek=2023-08-21&rankRange=0-5000,2026-03-22T00:50:40Z
atp,2023-08-21,ML57,G. Mager,Gianluca Mager,258,236,https://www.atptour.com/en/rankings/singles?dateWeek=2023-08-21&rankRange=0-5000,2026-03-22T00:50:40Z
atp,2023-08-21,GH33,M. Guinard,Manuel Guinard,259,232,https://www.atptour.com/en/rankings/singles?dateWeek=2023-08-21&rankRange=0-5000,2026-03-22T00:50:40Z
atp,2023-08-21,Z09Z,B. Zhukayev,Beibit Zhukayev,260,230,https://www.atptour.com/en/rankings/singles?dateWeek=2023-08-21&rankRange=0-5000,2026-03-22T00:50:40Z
atp,2023-08-21,CH05,A. Celikbilek,Altug Celikbilek,261,229,https://www.atptour.com/en/rankings/singles?dateWeek=2023-08-21&rankRange=0-5000,2026-03-22T00:50:40Z
atp,2023-08-21,O482,G. Oliveira,Gonzalo Oliveira,262,229,https://www.atptour.com/en/rankings/singles?dateWeek=2023-08-21&rankRange=0-5000,2026-03-22T00:50:40Z
atp,2023-08-21,M0AC,R. Molleker,Rudolf Molleker,263,226,https://www.atptour.com/en/rankings/singles?dateWeek=2023-08-21&rankRange=0-5000,2026-03-22T00:50:40Z
atp,2023-08-21,B0FV,R. Burruchaga,Roman Andres Burruchaga,264,225,https://www.atptour.com/en/rankings/singles?dateWeek=2023-08-21&rankRange=0-5000,2026-03-22T00:50:40Z
atp,2023-08-21,J553,O. Jasika,Omar Jasika,265,223,https://www.atptour.com/en/rankings/singles?dateWeek=2023-08-21&rankRange=0-5000,2026-03-22T00:50:40Z
atp,2023-08-21,M0E1,D. Michalski,Daniel Michalski,266,222,https://www.atptour.com/en/rankings/singles?dateWeek=2023-08-21&rankRange=0-5000,2026-03-22T00:50:40Z
atp,2023-08-21,ME89,I. Marchenko,Illya Marchenko,267,221,https://www.atptour.com/en/rankings/singles?dateWeek=2023-08-21&rankRange=0-5000,2026-03-22T00:50:40Z
atp,2023-08-21,RH59,S. Rodriguez Taverna,Santiago Rodriguez Taverna,268,219,https://www.atptour.com/en/rankings/singles?dateWeek=2023-08-21&rankRange=0-5000,2026-03-22T00:50:40Z
atp,2023-08-21,SH90,J. Sousa,Joao Sousa,269,218,https://www.atptour.com/en/rankings/singles?dateWeek=2023-08-21&rankRange=0-5000,2026-03-22T00:50:40Z
atp,2023-08-21,Y171,D. Yevseyev,Denis Yevseyev,270,217,https://www.atptour.com/en/rankings/singles?dateWeek=2023-08-21&rankRange=0-5000,2026-03-22T00:50:40Z
atp,2023-08-21,FA43,J. Ficovich,Juan Pablo Ficovich,271,215,https://www.atptour.com/en/rankings/singles?dateWeek=2023-08-21&rankRange=0-5000,2026-03-22T00:50:40Z
atp,2023-08-21,C0JP,R. Collignon,Raphael Collignon,272,213,https://www.atptour.com/en/rankings/singles?dateWeek=2023-08-21&rankRange=0-5000,2026-03-22T00:50:40Z
atp,2023-08-21,S0AR,T. Stodder,Timo Stodder,273,212,https://www.atptour.com/en/rankings/singles?dateWeek=2023-08-21&rankRange=0-5000,2026-03-22T00:50:40Z
atp,2023-08-21,K0A3,P. Kypson,Patrick Kypson,274,211,https://www.atptour.com/en/rankings/singles?dateWeek=2023-08-21&rankRange=0-5000,2026-03-22T00:50:40Z
atp,2023-08-21,KC12,M. Krueger,Mitchell Krueger,275,211,https://www.atptour.com/en/rankings/singles?dateWeek=2023-08-21&rankRange=0-5000,2026-03-22T00:50:40Z
atp,2023-08-21,S0N0,T. Schoolkate,Tristan Schoolkate,276,210,https://www.atptour.com/en/rankings/singles?dateWeek=2023-08-21&rankRange=0-5000,2026-03-22T00:50:40Z
atp,2023-08-21,S0AK,H. Squire,Henri Squire,277,210,https://www.atptour.com/en/rankings/singles?dateWeek=2023-08-21&rankRange=0-5000,2026-03-22T00:50:40Z
atp,2023-08-21,BK19,M. Bourgue,Mathias Bourgue,278,208,https://www.atptour.com/en/rankings/singles?dateWeek=2023-08-21&rankRange=0-5000,2026-03-22T00:50:40Z
atp,2023-08-21,T09X,C. Tabur,Clement Tabur,279,208,https://www.atptour.com/en/rankings/singles?dateWeek=2023-08-21&rankRange=0-5000,2026-03-22T00:50:40Z
atp,2023-08-21,S0GZ,N. Sanchez Izquierdo,Nikolas Sanchez Izquierdo,280,206,https://www.atptour.com/en/rankings/singles?dateWeek=2023-08-21&rankRange=0-5000,2026-03-22T00:50:40Z
atp,2023-08-21,M0OQ,J. McCabe,James Mccabe,281,203,https://www.atptour.com/en/rankings/singles?dateWeek=2023-08-21&rankRange=0-5000,2026-03-22T00:50:40Z
atp,2023-08-21,GG65,M. Geerts,Michael Geerts,282,202,https://www.atptour.com/en/rankings/singles?dateWeek=2023-08-21&rankRange=0-5000,2026-03-22T00:50:40Z
atp,2023-08-21,CE25,S. Caruso,Salvatore Caruso,283,201,https://www.atptour.com/en/rankings/singles?dateWeek=2023-08-21&rankRange=0-5000,2026-03-22T00:50:40Z
atp,2023-08-21,M0HT,A. Moro Canas,Alejandro Moro Canas,284,199,https://www.atptour.com/en/rankings/singles?dateWeek=2023-08-21&rankRange=0-5000,2026-03-22T00:50:40Z
atp,2023-08-21,VA25,V. Vacherot,Valentin Vacherot,285,196,https://www.atptour.com/en/rankings/singles?dateWeek=2023-08-21&rankRange=0-5000,2026-03-22T00:50:40Z
atp,2023-08-21,A09T,D. Added,Dan Added,286,194,https://www.atptour.com/en/rankings/singles?dateWeek=2023-08-21&rankRange=0-5000,2026-03-22T00:50:40Z
atp,2023-08-21,DC48,M. Dellien,Murkel Dellien,287,193,https://www.atptour.com/en/rankings/singles?dateWeek=2023-08-21&rankRange=0-5000,2026-03-22T00:50:40Z
atp,2023-08-21,FC49,G. Fonio,Giovanni Fonio,288,193,https://www.atptour.com/en/rankings/singles?dateWeek=2023-08-21&rankRange=0-5000,2026-03-22T00:50:40Z
atp,2023-08-21,J0AZ,K. Jacquet,Kyrian Jacquet,289,190,https://www.atptour.com/en/rankings/singles?dateWeek=2023-08-21&rankRange=0-5000,2026-03-22T00:50:40Z
atp,2023-08-21,SP80,N. Serdarusic,Nino Serdarusic,290,190,https://www.atptour.com/en/rankings/singles?dateWeek=2023-08-21&rankRange=0-5000,2026-03-22T00:50:40Z
atp,2023-08-21,TA46,B. Tomic,Bernard Tomic,291,189,https://www.atptour.com/en/rankings/singles?dateWeek=2023-08-21&rankRange=0-5000,2026-03-22T00:50:40Z
atp,2023-08-21,E811,E. Ejupovic,Elmar Ejupovic,292,188,https://www.atptour.com/en/rankings/singles?dateWeek=2023-08-21&rankRange=0-5000,2026-03-22T00:50:40Z
atp,2023-08-21,M0AW,N. Mejia,Nicolas Mejia,293,187,https://www.atptour.com/en/rankings/singles?dateWeek=2023-08-21&rankRange=0-5000,2026-03-22T00:50:40Z
atp,2023-08-21,C0AK,O. Crawford,Oliver Crawford,294,186,https://www.atptour.com/en/rankings/singles?dateWeek=2023-08-21&rankRange=0-5000,2026-03-22T00:50:40Z
atp,2023-08-21,H0CX,M. Houkes,Max Houkes,295,185,https://www.atptour.com/en/rankings/singles?dateWeek=2023-08-21&rankRange=0-5000,2026-03-22T00:50:40Z
atp,2023-08-21,RB60,O. Roca Batalla,Oriol Roca Batalla,296,185,https://www.atptour.com/en/rankings/singles?dateWeek=2023-08-21&rankRange=0-5000,2026-03-22T00:50:40Z
atp,2023-08-21,N679,S. Napolitano,Stefano Napolitano,297,184,https://www.atptour.com/en/rankings/singles?dateWeek=2023-08-21&rankRange=0-5000,2026-03-22T00:50:40Z
atp,2023-08-21,HB48,C. Hemery,Calvin Hemery,298,182,https://www.atptour.com/en/rankings/singles?dateWeek=2023-08-21&rankRange=0-5000,2026-03-22T00:50:40Z
atp,2023-08-21,EA13,M. Echargui,Moez Echargui,299,182,https://www.atptour.com/en/rankings/singles?dateWeek=2023-08-21&rankRange=0-5000,2026-03-22T00:50:40Z
atp,2023-08-21,GA79,L. Giustino,Lorenzo Giustino,300,182,https://www.atptour.com/en/rankings/singles?dateWeek=2023-08-21&rankRange=0-5000,2026-03-22T00:50:40Z
atp,2023-08-21,KB05,F. Krajinovic,Filip Krajinovic,301,181,https://www.atptour.com/en/rankings/singles?dateWeek=2023-08-21&rankRange=0-5000,2026-03-22T00:50:40Z
atp,2023-08-21,P0DF,M. Pucinelli De Almeida,Matheus Pucinelli De Almeida,302,181,https://www.atptour.com/en/rankings/singles?dateWeek=2023-08-21&rankRange=0-5000,2026-03-22T00:50:40Z
atp,2023-08-21,O376,R. Olivo,Renzo Olivo,303,180,https://www.atptour.com/en/rankings/singles?dateWeek=2023-08-21&rankRange=0-5000,2026-03-22T00:50:40Z
atp,2023-08-21,R0A7,J. Reis Da Silva,Joao Lucas Reis Da Silva,304,180,https://www.atptour.com/en/rankings/singles?dateWeek=2023-08-21&rankRange=0-5000,2026-03-22T00:50:40Z
atp,2023-08-21,BV25,J. Barranco Cosano,Javier Barranco Cosano,305,179,https://www.atptour.com/en/rankings/singles?dateWeek=2023-08-21&rankRange=0-5000,2026-03-22T00:50:40Z
atp,2023-08-21,MI01,H. Moriya,Hiroki Moriya,306,179,https://www.atptour.com/en/rankings/singles?dateWeek=2023-08-21&rankRange=0-5000,2026-03-22T00:50:40Z
atp,2023-08-21,I0AP,K. Ivanovski,Kalin Ivanovski,307,176,https://www.atptour.com/en/rankings/singles?dateWeek=2023-08-21&rankRange=0-5000,2026-03-22T00:50:40Z
atp,2023-08-21,HD68,B. Harris,Billy Harris,308,175,https://www.atptour.com/en/rankings/singles?dateWeek=2023-08-21&rankRange=0-5000,2026-03-22T00:50:40Z
atp,2023-08-21,WB19,A. Weis,Alexander Weis,309,174,https://www.atptour.com/en/rankings/singles?dateWeek=2023-08-21&rankRange=0-5000,2026-03-22T00:50:40Z
atp,2023-08-21,SM09,L. Saville,Luke Saville,310,173,https://www.atptour.com/en/rankings/singles?dateWeek=2023-08-21&rankRange=0-5000,2026-03-22T00:50:40Z
atp,2023-08-21,Z09D,K. Zuk,Kacper Zuk,311,173,https://www.atptour.com/en/rankings/singles?dateWeek=2023-08-21&rankRange=0-5000,2026-03-22T00:50:40Z
atp,2023-08-21,U134,Y. Uchiyama,Yasutaka Uchiyama,312,172,https://www.atptour.com/en/rankings/singles?dateWeek=2023-08-21&rankRange=0-5000,2026-03-22T00:50:40Z
atp,2023-08-21,P0E9,D. Palan,Dominik Palan,313,172,https://www.atptour.com/en/rankings/singles?dateWeek=2023-08-21&rankRange=0-5000,2026-03-22T00:50:40Z
atp,2023-08-21,K0HC,M. Kasnikowski,Maks Kasnikowski,314,172,https://www.atptour.com/en/rankings/singles?dateWeek=2023-08-21&rankRange=0-5000,2026-03-22T00:50:40Z
atp,2023-08-21,CA99,M. Copil,Marius Copil,315,171,https://www.atptour.com/en/rankings/singles?dateWeek=2023-08-21&rankRange=0-5000,2026-03-22T00:50:40Z
atp,2023-08-21,J620,M. Janvier,Maxime Janvier,316,170,https://www.atptour.com/en/rankings/singles?dateWeek=2023-08-21&rankRange=0-5000,2026-03-22T00:50:40Z
atp,2023-08-21,H0A4,N. Hardt,Nick Hardt,317,170,https://www.atptour.com/en/rankings/singles?dateWeek=2023-08-21&rankRange=0-5000,2026-03-22T00:50:40Z
atp,2023-08-21,CH90,Y. Chung,Yun Seong Chung,318,170,https://www.atptour.com/en/rankings/singles?dateWeek=2023-08-21&rankRange=0-5000,2026-03-22T00:50:40Z
atp,2023-08-21,K0E6,A. Kachmazov,Alibek Kachmazov,319,170,https://www.atptour.com/en/rankings/singles?dateWeek=2023-08-21&rankRange=0-5000,2026-03-22T00:50:40Z
atp,2023-08-21,PJ74,L. Poullain,Lucas Poullain,320,169,https://www.atptour.com/en/rankings/singles?dateWeek=2023-08-21&rankRange=0-5000,2026-03-22T00:50:40Z
atp,2023-08-21,BV16,U. Blanchet,Ugo Blanchet,321,168,https://www.atptour.com/en/rankings/singles?dateWeek=2023-08-21&rankRange=0-5000,2026-03-22T00:50:40Z
atp,2023-08-21,GF23,L. Gerch,Lucas Gerch,322,168,https://www.atptour.com/en/rankings/singles?dateWeek=2023-08-21&rankRange=0-5000,2026-03-22T00:50:40Z
atp,2023-08-21,G09C,M. Gengel,Marek Gengel,323,167,https://www.atptour.com/en/rankings/singles?dateWeek=2023-08-21&rankRange=0-5000,2026-03-22T00:50:40Z
atp,2023-08-21,BP41,A. Bellier,Antoine Bellier,324,167,https://www.atptour.com/en/rankings/singles?dateWeek=2023-08-21&rankRange=0-5000,2026-03-22T00:50:40Z
atp,2023-08-21,BI81,A. Bolt,Alex Bolt,325,165,https://www.atptour.com/en/rankings/singles?dateWeek=2023-08-21&rankRange=0-5000,2026-03-22T00:50:40Z
atp,2023-08-21,MH30,J. Millman,John Millman,326,164,https://www.atptour.com/en/rankings/singles?dateWeek=2023-08-21&rankRange=0-5000,2026-03-22T00:50:40Z
atp,2023-08-21,FC26,E. Furness,Evan Furness,327,164,https://www.atptour.com/en/rankings/singles?dateWeek=2023-08-21&rankRange=0-5000,2026-03-22T00:50:40Z
atp,2023-08-21,ML73,S. Mansouri,Skander Mansouri,328,163,https://www.atptour.com/en/rankings/singles?dateWeek=2023-08-21&rankRange=0-5000,2026-03-22T00:50:40Z
atp,2023-08-21,S0CG,C. Sanchez Jover,Carlos Sanchez Jover,329,162,https://www.atptour.com/en/rankings/singles?dateWeek=2023-08-21&rankRange=0-5000,2026-03-22T00:50:40Z
atp,2023-08-21,R0EB,V. Royer,Valentin Royer,330,160,https://www.atptour.com/en/rankings/singles?dateWeek=2023-08-21&rankRange=0-5000,2026-03-22T00:50:40Z
atp,2023-08-21,S0TI,P. Sekulic,Philip Sekulic,331,160,https://www.atptour.com/en/rankings/singles?dateWeek=2023-08-21&rankRange=0-5000,2026-03-22T00:50:40Z
atp,2023-08-21,R09V,E. Ribeiro,Eduardo Ribeiro,332,159,https://www.atptour.com/en/rankings/singles?dateWeek=2023-08-21&rankRange=0-5000,2026-03-22T00:50:40Z
atp,2023-08-21,E0AC,M. Erhard,Mathys Erhard,333,158,https://www.atptour.com/en/rankings/singles?dateWeek=2023-08-21&rankRange=0-5000,2026-03-22T00:50:40Z
atp,2023-08-21,K0EU,T. Kodat,Toby Kodat,334,157,https://www.atptour.com/en/rankings/singles?dateWeek=2023-08-21&rankRange=0-5000,2026-03-22T00:50:40Z
atp,2023-08-21,WB25,L. Wessels,Louis Wessels,335,157,https://www.atptour.com/en/rankings/singles?dateWeek=2023-08-21&rankRange=0-5000,2026-03-22T00:50:40Z
atp,2023-08-21,L949,H. Laaksonen,Henri Laaksonen,336,156,https://www.atptour.com/en/rankings/singles?dateWeek=2023-08-21&rankRange=0-5000,2026-03-22T00:50:40Z
atp,2023-08-21,L0CF,G. Loffhagen,George Loffhagen,337,156,https://www.atptour.com/en/rankings/singles?dateWeek=2023-08-21&rankRange=0-5000,2026-03-22T00:50:40Z
atp,2023-08-21,DG80,E. Dalla Valle,Enrico Dalla Valle,338,156,https://www.atptour.com/en/rankings/singles?dateWeek=2023-08-21&rankRange=0-5000,2026-03-22T00:50:40Z
atp,2023-08-21,R975,M. Raonic,Milos Raonic,339,155,https://www.atptour.com/en/rankings/singles?dateWeek=2023-08-21&rankRange=0-5000,2026-03-22T00:50:40Z
atp,2023-08-21,G967,P. Gojowczyk,Peter Gojowczyk,340,154,https://www.atptour.com/en/rankings/singles?dateWeek=2023-08-21&rankRange=0-5000,2026-03-22T00:50:40Z
atp,2023-08-21,LF29,A. Lopez San Martin,Alvaro Lopez San Martin,341,154,https://www.atptour.com/en/rankings/singles?dateWeek=2023-08-21&rankRange=0-5000,2026-03-22T00:50:40Z
atp,2023-08-21,HA71,A. Hoang,Antoine Hoang,342,153,https://www.atptour.com/en/rankings/singles?dateWeek=2023-08-21&rankRange=0-5000,2026-03-22T00:50:40Z
atp,2023-08-21,H0DU,G. Heide,Gustavo Heide,343,152,https://www.atptour.com/en/rankings/singles?dateWeek=2023-08-21&rankRange=0-5000,2026-03-22T00:50:40Z
atp,2023-08-21,PF65,F. Peliwo,Filip Peliwo,344,152,https://www.atptour.com/en/rankings/singles?dateWeek=2023-08-21&rankRange=0-5000,2026-03-22T00:50:40Z
atp,2023-08-21,BG23,N. Basilashvili,Nikoloz Basilashvili,345,151,https://www.atptour.com/en/rankings/singles?dateWeek=2023-08-21&rankRange=0-5000,2026-03-22T00:50:40Z
atp,2023-08-21,DC76,V. Durasovic,Viktor Durasovic,346,151,https://www.atptour.com/en/rankings/singles?dateWeek=2023-08-21&rankRange=0-5000,2026-03-22T00:50:40Z
atp,2023-08-21,T0AP,C. Tseng,Chun Hsin Tseng,347,150,https://www.atptour.com/en/rankings/singles?dateWeek=2023-08-21&rankRange=0-5000,2026-03-22T00:50:40Z
atp,2023-08-21,J09X,F. Jianu,Filip Cristian Jianu,348,150,https://www.atptour.com/en/rankings/singles?dateWeek=2023-08-21&rankRange=0-5000,2026-03-22T00:50:40Z
atp,2023-08-21,R685,L. Rosol,Lukas Rosol,349,148,https://www.atptour.com/en/rankings/singles?dateWeek=2023-08-21&rankRange=0-5000,2026-03-22T00:50:40Z
atp,2023-08-21,P0EV,A. Paulson,Andrew Paulson,350,146,https://www.atptour.com/en/rankings/singles?dateWeek=2023-08-21&rankRange=0-5000,2026-03-22T00:50:40Z
atp,2023-08-21,E0AA,Y. Erel,Yanki Erel,351,145,https://www.atptour.com/en/rankings/singles?dateWeek=2023-08-21&rankRange=0-5000,2026-03-22T00:50:40Z
atp,2023-08-21,C0B2,C. Cretu,Cezar Cretu,352,145,https://www.atptour.com/en/rankings/singles?dateWeek=2023-08-21&rankRange=0-5000,2026-03-22T00:50:40Z
atp,2023-08-21,N552,K. Nishikori,Kei Nishikori,353,143,https://www.atptour.com/en/rankings/singles?dateWeek=2023-08-21&rankRange=0-5000,2026-03-22T00:50:40Z
atp,2023-08-21,MP13,M. Sasikumar,Mukund Sasikumar,354,143,https://www.atptour.com/en/rankings/singles?dateWeek=2023-08-21&rankRange=0-5000,2026-03-22T00:50:40Z
atp,2023-08-21,D0HD,G. Debru,Gabriel Debru,355,142,https://www.atptour.com/en/rankings/singles?dateWeek=2023-08-21&rankRange=0-5000,2026-03-22T00:50:40Z
atp,2023-08-21,MW76,M. Martineau,Matteo Martineau,356,142,https://www.atptour.com/en/rankings/singles?dateWeek=2023-08-21&rankRange=0-5000,2026-03-22T00:50:40Z
atp,2023-08-21,LD22,N. Ly,Nam Hoang Ly,357,141,https://www.atptour.com/en/rankings/singles?dateWeek=2023-08-21&rankRange=0-5000,2026-03-22T00:50:40Z
atp,2023-08-21,CF10,N. Chappell,Nick Chappell,358,141,https://www.atptour.com/en/rankings/singles?dateWeek=2023-08-21&rankRange=0-5000,2026-03-22T00:50:40Z
atp,2023-08-21,CD00,M. Chazal,Maxime Chazal,359,140,https://www.atptour.com/en/rankings/singles?dateWeek=2023-08-21&rankRange=0-5000,2026-03-22T00:50:40Z
atp,2023-08-21,E698,G. Elias,Gastao Elias,360,139,https://www.atptour.com/en/rankings/singles?dateWeek=2023-08-21&rankRange=0-5000,2026-03-22T00:50:40Z
atp,2023-08-21,TE16,C. Taberner,Carlos Taberner,361,139,https://www.atptour.com/en/rankings/singles?dateWeek=2023-08-21&rankRange=0-5000,2026-03-22T00:50:40Z
atp,2023-08-21,BV21,C. Broom,Charles Broom,362,138,https://www.atptour.com/en/rankings/singles?dateWeek=2023-08-21&rankRange=0-5000,2026-03-22T00:50:40Z
atp,2023-08-21,LC54,B. Lock,Benjamin Lock,363,138,https://www.atptour.com/en/rankings/singles?dateWeek=2023-08-21&rankRange=0-5000,2026-03-22T00:50:40Z
atp,2023-08-21,SD32,G. Simon,Gilles Simon,364,136,https://www.atptour.com/en/rankings/singles?dateWeek=2023-08-21&rankRange=0-5000,2026-03-22T00:50:40Z
atp,2023-08-21,PF39,L. Pouille,Lucas Pouille,365,135,https://www.atptour.com/en/rankings/singles?dateWeek=2023-08-21&rankRange=0-5000,2026-03-22T00:50:40Z
atp,2023-08-21,B0EJ,T. Boyer,Tristan Boyer,366,134,https://www.atptour.com/en/rankings/singles?dateWeek=2023-08-21&rankRange=0-5000,2026-03-22T00:50:40Z
atp,2023-08-21,R0GO,H. Rocha,Henrique Rocha,367,134,https://www.atptour.com/en/rankings/singles?dateWeek=2023-08-21&rankRange=0-5000,2026-03-22T00:50:40Z
atp,2023-08-21,M0CW,A. McHugh,Aidan Mchugh,368,134,https://www.atptour.com/en/rankings/singles?dateWeek=2023-08-21&rankRange=0-5000,2026-03-22T00:50:40Z
atp,2023-08-21,T0FI,M. Topo,Marko Topo,369,132,https://www.atptour.com/en/rankings/singles?dateWeek=2023-08-21&rankRange=0-5000,2026-03-22T00:50:40Z
atp,2023-08-21,BU70,R. Bertola,Remy Bertola,370,132,https://www.atptour.com/en/rankings/singles?dateWeek=2023-08-21&rankRange=0-5000,2026-03-22T00:50:40Z
atp,2023-08-21,Z246,M. Zekic,Miljan Zekic,371,132,https://www.atptour.com/en/rankings/singles?dateWeek=2023-08-21&rankRange=0-5000,2026-03-22T00:50:40Z
atp,2023-08-21,J476,D. Jorda Sanchis,David Jorda Sanchis,372,131,https://www.atptour.com/en/rankings/singles?dateWeek=2023-08-21&rankRange=0-5000,2026-03-22T00:50:40Z
atp,2023-08-21,M0NB,A. Mayo,Aidan Mayo,373,130,https://www.atptour.com/en/rankings/singles?dateWeek=2023-08-21&rankRange=0-5000,2026-03-22T00:50:40Z
atp,2023-08-21,D750,K. De Schepper,Kenny De Schepper,374,130,https://www.atptour.com/en/rankings/singles?dateWeek=2023-08-21&rankRange=0-5000,2026-03-22T00:50:40Z
atp,2023-08-21,B0JG,L. Borg,Leo Borg,375,130,https://www.atptour.com/en/rankings/singles?dateWeek=2023-08-21&rankRange=0-5000,2026-03-22T00:50:40Z
atp,2023-08-21,V0B2,M. Vrbensky,Michael Vrbensky,376,129,https://www.atptour.com/en/rankings/singles?dateWeek=2023-08-21&rankRange=0-5000,2026-03-22T00:50:40Z
atp,2023-08-21,Z09K,E. Zhu,Evan Zhu,377,129,https://www.atptour.com/en/rankings/singles?dateWeek=2023-08-21&rankRange=0-5000,2026-03-22T00:50:40Z
atp,2023-08-21,BV27,U. Blanch,Ulises Blanch,378,128,https://www.atptour.com/en/rankings/singles?dateWeek=2023-08-21&rankRange=0-5000,2026-03-22T00:50:40Z
atp,2023-08-21,V306,F. Verdasco,Fernando Verdasco,379,127,https://www.atptour.com/en/rankings/singles?dateWeek=2023-08-21&rankRange=0-5000,2026-03-22T00:50:40Z
atp,2023-08-21,PG20,D. Popko,Dmitry Popko,380,127,https://www.atptour.com/en/rankings/singles?dateWeek=2023-08-21&rankRange=0-5000,2026-03-22T00:50:40Z
atp,2023-08-21,V0DI,S. Vincent Ruggeri,Samuel Vincent Ruggeri,381,127,https://www.atptour.com/en/rankings/singles?dateWeek=2023-08-21&rankRange=0-5000,2026-03-22T00:50:40Z
atp,2023-08-21,CL82,D. Cukierman,Daniel Cukierman,382,126,https://www.atptour.com/en/rankings/singles?dateWeek=2023-08-21&rankRange=0-5000,2026-03-22T00:50:40Z
atp,2023-08-21,O639,G. Oradini,Giovanni Oradini,383,126,https://www.atptour.com/en/rankings/singles?dateWeek=2023-08-21&rankRange=0-5000,2026-03-22T00:50:40Z
atp,2023-08-21,SQ79,C. Sinclair,Colin Sinclair,384,126,https://www.atptour.com/en/rankings/singles?dateWeek=2023-08-21&rankRange=0-5000,2026-03-22T00:50:40Z
atp,2023-08-21,K0EE,O. Kumar,Omni Kumar,385,126,https://www.atptour.com/en/rankings/singles?dateWeek=2023-08-21&rankRange=0-5000,2026-03-22T00:50:40Z
atp,2023-08-21,W0A4,A. Weber,Arthur Weber,386,125,https://www.atptour.com/en/rankings/singles?dateWeek=2023-08-21&rankRange=0-5000,2026-03-22T00:50:40Z
atp,2023-08-21,LI39,A. Lazarov,Alexandar Lazarov,387,124,https://www.atptour.com/en/rankings/singles?dateWeek=2023-08-21&rankRange=0-5000,2026-03-22T00:50:40Z
atp,2023-08-21,K0EP,J. Kym,Jerome Kym,388,124,https://www.atptour.com/en/rankings/singles?dateWeek=2023-08-21&rankRange=0-5000,2026-03-22T00:50:40Z
atp,2023-08-21,F0A4,F. Forti,Francesco Forti,389,123,https://www.atptour.com/en/rankings/singles?dateWeek=2023-08-21&rankRange=0-5000,2026-03-22T00:50:40Z
atp,2023-08-21,LC11,T. Lamasine,Tristan Lamasine,390,122,https://www.atptour.com/en/rankings/singles?dateWeek=2023-08-21&rankRange=0-5000,2026-03-22T00:50:40Z
atp,2023-08-21,R0ED,M. Rehberg,Max Hans Rehberg,391,121,https://www.atptour.com/en/rankings/singles?dateWeek=2023-08-21&rankRange=0-5000,2026-03-22T00:50:40Z
atp,2023-08-21,LI10,C. Langmo,Christian Langmo,392,121,https://www.atptour.com/en/rankings/singles?dateWeek=2023-08-21&rankRange=0-5000,2026-03-22T00:50:40Z
atp,2023-08-21,C0HB,E. Coulibaly,Eliakim Coulibaly,393,121,https://www.atptour.com/en/rankings/singles?dateWeek=2023-08-21&rankRange=0-5000,2026-03-22T00:50:40Z
atp,2023-08-21,W09B,D. Wenger,Damien Wenger,394,121,https://www.atptour.com/en/rankings/singles?dateWeek=2023-08-21&rankRange=0-5000,2026-03-22T00:50:40Z
atp,2023-08-21,K0CJ,S. Kopp,Sandro Kopp,395,120,https://www.atptour.com/en/rankings/singles?dateWeek=2023-08-21&rankRange=0-5000,2026-03-22T00:50:40Z
atp,2023-08-21,KE64,S. Kozlov,Stefan Kozlov,396,119,https://www.atptour.com/en/rankings/singles?dateWeek=2023-08-21&rankRange=0-5000,2026-03-22T00:50:40Z
atp,2023-08-21,H996,P. Herbert,Pierre Hugues Herbert,397,119,https://www.atptour.com/en/rankings/singles?dateWeek=2023-08-21&rankRange=0-5000,2026-03-22T00:50:40Z
atp,2023-08-21,D0DT,M. Damm,Martin Damm,398,119,https://www.atptour.com/en/rankings/singles?dateWeek=2023-08-21&rankRange=0-5000,2026-03-22T00:50:40Z
atp,2023-08-21,F09J,K. Friberg,Karl Friberg,399,119,https://www.atptour.com/en/rankings/singles?dateWeek=2023-08-21&rankRange=0-5000,2026-03-22T00:50:40Z
atp,2023-08-21,B0GY,A. Barrena,Alex Barrena,400,118,https://www.atptour.com/en/rankings/singles?dateWeek=2023-08-21&rankRange=0-5000,2026-03-22T00:50:40Z
atp,2023-08-21,E873,E. Escobedo,Ernesto Escobedo,401,117,https://www.atptour.com/en/rankings/singles?dateWeek=2023-08-21&rankRange=0-5000,2026-03-22T00:50:40Z
atp,2023-08-21,PH42,M. Pecotic,Matija Pecotic,402,117,https://www.atptour.com/en/rankings/singles?dateWeek=2023-08-21&rankRange=0-5000,2026-03-22T00:50:40Z
atp,2023-08-21,S0GV,R. Strombachs,Robert Strombachs,403,117,https://www.atptour.com/en/rankings/singles?dateWeek=2023-08-21&rankRange=0-5000,2026-03-22T00:50:40Z
atp,2023-08-21,LD26,E. Leshem,Edan Leshem,404,116,https://www.atptour.com/en/rankings/singles?dateWeek=2023-08-21&rankRange=0-5000,2026-03-22T00:50:40Z
atp,2023-08-21,SG56,D. Dutra da Silva,Daniel Dutra Da Silva,405,116,https://www.atptour.com/en/rankings/singles?dateWeek=2023-08-21&rankRange=0-5000,2026-03-22T00:50:40Z
atp,2023-08-21,C0BH,C. Chidekh,Clement Chidekh,406,115,https://www.atptour.com/en/rankings/singles?dateWeek=2023-08-21&rankRange=0-5000,2026-03-22T00:50:40Z
atp,2023-08-21,H09N,A. Holmgren,August Holmgren,407,115,https://www.atptour.com/en/rankings/singles?dateWeek=2023-08-21&rankRange=0-5000,2026-03-22T00:50:40Z
atp,2023-08-21,KA22,D. Kelly,Dayne Kelly,408,115,https://www.atptour.com/en/rankings/singles?dateWeek=2023-08-21&rankRange=0-5000,2026-03-22T00:50:40Z
atp,2023-08-21,SQ80,A. Santillan,Akira Santillan,409,115,https://www.atptour.com/en/rankings/singles?dateWeek=2023-08-21&rankRange=0-5000,2026-03-22T00:50:40Z
atp,2023-08-21,O659,V. Orlov,Vladyslav Orlov,410,115,https://www.atptour.com/en/rankings/singles?dateWeek=2023-08-21&rankRange=0-5000,2026-03-22T00:50:40Z
atp,2023-08-21,HF80,H. Habib,Hady Habib,411,114,https://www.atptour.com/en/rankings/singles?dateWeek=2023-08-21&rankRange=0-5000,2026-03-22T00:50:40Z
atp,2023-08-21,G0GW,S. Gueymard Wayenburg,Sascha Gueymard Wayenburg,412,112,https://www.atptour.com/en/rankings/singles?dateWeek=2023-08-21&rankRange=0-5000,2026-03-22T00:50:40Z
atp,2023-08-21,A09U,N. Alvarez Varona,Nicolas Alvarez Varona,413,111,https://www.atptour.com/en/rankings/singles?dateWeek=2023-08-21&rankRange=0-5000,2026-03-22T00:50:40Z
atp,2023-08-21,N707,N. Nakagawa,Naoki Nakagawa,414,111,https://www.atptour.com/en/rankings/singles?dateWeek=2023-08-21&rankRange=0-5000,2026-03-22T00:50:40Z
atp,2023-08-21,MN20,D. Masur,Daniel Masur,415,110,https://www.atptour.com/en/rankings/singles?dateWeek=2023-08-21&rankRange=0-5000,2026-03-22T00:50:40Z
atp,2023-08-21,KG27,S. Kirchheimer,Strong Kirchheimer,416,110,https://www.atptour.com/en/rankings/singles?dateWeek=2023-08-21&rankRange=0-5000,2026-03-22T00:50:40Z
atp,2023-08-21,T0DM,J. Torres,Juan Bautista Torres,417,110,https://www.atptour.com/en/rankings/singles?dateWeek=2023-08-21&rankRange=0-5000,2026-03-22T00:50:40Z
atp,2023-08-21,V0D4,E. Vanshelboim,Eric Vanshelboim,418,110,https://www.atptour.com/en/rankings/singles?dateWeek=2023-08-21&rankRange=0-5000,2026-03-22T00:50:40Z
atp,2023-08-21,O507,J. Ocleppo,Julian Ocleppo,419,109,https://www.atptour.com/en/rankings/singles?dateWeek=2023-08-21&rankRange=0-5000,2026-03-22T00:50:40Z
atp,2023-08-21,CJ60,A. Cozbinov,Alexandr Cozbinov,420,109,https://www.atptour.com/en/rankings/singles?dateWeek=2023-08-21&rankRange=0-5000,2026-03-22T00:50:40Z
atp,2023-08-21,KI48,E. Kirkin,Ergi Kirkin,421,108,https://www.atptour.com/en/rankings/singles?dateWeek=2023-08-21&rankRange=0-5000,2026-03-22T00:50:40Z
atp,2023-08-21,V942,T. van Rijthoven,Tim Van Rijthoven,422,107,https://www.atptour.com/en/rankings/singles?dateWeek=2023-08-21&rankRange=0-5000,2026-03-22T00:50:40Z
atp,2023-08-21,C0MH,G. Campana Lee,Gerard Campana Lee,423,107,https://www.atptour.com/en/rankings/singles?dateWeek=2023-08-21&rankRange=0-5000,2026-03-22T00:50:40Z
atp,2023-08-21,M0K4,E. Moller,Elmer Moller,424,107,https://www.atptour.com/en/rankings/singles?dateWeek=2023-08-21&rankRange=0-5000,2026-03-22T00:50:40Z
atp,2023-08-21,GJ16,F. Gomez,Federico Agustin Gomez,425,107,https://www.atptour.com/en/rankings/singles?dateWeek=2023-08-21&rankRange=0-5000,2026-03-22T00:50:40Z
atp,2023-08-21,M0EY,A. Marti Pujolras,Alex Marti Pujolras,426,107,https://www.atptour.com/en/rankings/singles?dateWeek=2023-08-21&rankRange=0-5000,2026-03-22T00:50:40Z
atp,2023-08-21,VA23,K. Van Wyk,Kris Van Wyk,427,107,https://www.atptour.com/en/rankings/singles?dateWeek=2023-08-21&rankRange=0-5000,2026-03-22T00:50:40Z
atp,2023-08-21,S0RF,M. Serafini,Marcello Serafini,428,106,https://www.atptour.com/en/rankings/singles?dateWeek=2023-08-21&rankRange=0-5000,2026-03-22T00:50:40Z
atp,2023-08-21,FA50,T. Fancutt,Thomas Fancutt,429,105,https://www.atptour.com/en/rankings/singles?dateWeek=2023-08-21&rankRange=0-5000,2026-03-22T00:50:40Z
atp,2023-08-21,LB07,G. Lama,Gonzalo Lama,430,105,https://www.atptour.com/en/rankings/singles?dateWeek=2023-08-21&rankRange=0-5000,2026-03-22T00:50:40Z
atp,2023-08-21,V708,J. Vesely,Jiri Vesely,431,104,https://www.atptour.com/en/rankings/singles?dateWeek=2023-08-21&rankRange=0-5000,2026-03-22T00:50:40Z
atp,2023-08-21,DB93,M. Descotte,Matias Franco Descotte,432,104,https://www.atptour.com/en/rankings/singles?dateWeek=2023-08-21&rankRange=0-5000,2026-03-22T00:50:40Z
atp,2023-08-21,SR81,K. Sultanov,Khumoyun Sultanov,433,103,https://www.atptour.com/en/rankings/singles?dateWeek=2023-08-21&rankRange=0-5000,2026-03-22T00:50:40Z
atp,2023-08-21,EA27,B. Ellis,Blake Ellis,434,102,https://www.atptour.com/en/rankings/singles?dateWeek=2023-08-21&rankRange=0-5000,2026-03-22T00:50:40Z
atp,2023-08-21,BM05,B. Bobrov,Bogdan Bobrov,435,102,https://www.atptour.com/en/rankings/singles?dateWeek=2023-08-21&rankRange=0-5000,2026-03-22T00:50:40Z
atp,2023-08-21,G0EQ,S. Gima,Sebastian Gima,436,102,https://www.atptour.com/en/rankings/singles?dateWeek=2023-08-21&rankRange=0-5000,2026-03-22T00:50:40Z
atp,2023-08-21,MM66,N. Milojevic,Nikola Milojevic,437,101,https://www.atptour.com/en/rankings/singles?dateWeek=2023-08-21&rankRange=0-5000,2026-03-22T00:50:40Z
atp,2023-08-21,M0EA,P. Martin Tiffon,Pol Martin Tiffon,438,101,https://www.atptour.com/en/rankings/singles?dateWeek=2023-08-21&rankRange=0-5000,2026-03-22T00:50:40Z
atp,2023-08-21,S0BT,A. Soriano Barrera,Adria Soriano Barrera,439,101,https://www.atptour.com/en/rankings/singles?dateWeek=2023-08-21&rankRange=0-5000,2026-03-22T00:50:40Z
atp,2023-08-21,CB14,D. Cox,Daniel Cox,440,101,https://www.atptour.com/en/rankings/singles?dateWeek=2023-08-21&rankRange=0-5000,2026-03-22T00:50:40Z
atp,2023-08-21,K0DB,C. Kingsley,Cannon Kingsley,441,100,https://www.atptour.com/en/rankings/singles?dateWeek=2023-08-21&rankRange=0-5000,2026-03-22T00:50:40Z
atp,2023-08-21,P0EA,S. Purtseladze,Saba Purtseladze,442,100,https://www.atptour.com/en/rankings/singles?dateWeek=2023-08-21&rankRange=0-5000,2026-03-22T00:50:40Z
atp,2023-08-21,LF26,O. Luz,Orlando Luz,443,99,https://www.atptour.com/en/rankings/singles?dateWeek=2023-08-21&rankRange=0-5000,2026-03-22T00:50:40Z
atp,2023-08-21,R0DC,A. Rai,Ajeet Rai,444,99,https://www.atptour.com/en/rankings/singles?dateWeek=2023-08-21&rankRange=0-5000,2026-03-22T00:50:40Z
atp,2023-08-21,B0GR,G. Bueno,Gonzalo Bueno,445,99,https://www.atptour.com/en/rankings/singles?dateWeek=2023-08-21&rankRange=0-5000,2026-03-22T00:50:40Z
atp,2023-08-21,SX90,F. Sun,Fajing Sun,446,99,https://www.atptour.com/en/rankings/singles?dateWeek=2023-08-21&rankRange=0-5000,2026-03-22T00:50:40Z
atp,2023-08-21,S483,P. Sousa,Pedro Sousa,447,98,https://www.atptour.com/en/rankings/singles?dateWeek=2023-08-21&rankRange=0-5000,2026-03-22T00:50:40Z
atp,2023-08-21,G0AO,A. Gray,Alastair Gray,448,98,https://www.atptour.com/en/rankings/singles?dateWeek=2023-08-21&rankRange=0-5000,2026-03-22T00:50:40Z
atp,2023-08-21,R0B6,L. Rottoli,Lorenzo Rottoli,449,98,https://www.atptour.com/en/rankings/singles?dateWeek=2023-08-21&rankRange=0-5000,2026-03-22T00:50:40Z
atp,2023-08-21,SK94,C. Stebe,Cedrik Marcel Stebe,450,97,https://www.atptour.com/en/rankings/singles?dateWeek=2023-08-21&rankRange=0-5000,2026-03-22T00:50:40Z
atp,2023-08-21,SZ28,K. Seelig,Kyle Seelig,451,97,https://www.atptour.com/en/rankings/singles?dateWeek=2023-08-21&rankRange=0-5000,2026-03-22T00:50:40Z
atp,2023-08-21,CN78,L. Catarina,Lucas Catarina,452,97,https://www.atptour.com/en/rankings/singles?dateWeek=2023-08-21&rankRange=0-5000,2026-03-22T00:50:40Z
atp,2023-08-21,V0DP,A. Vallejo,Adolfo Daniel Vallejo,453,97,https://www.atptour.com/en/rankings/singles?dateWeek=2023-08-21&rankRange=0-5000,2026-03-22T00:50:40Z
atp,2023-08-21,F664,S. Fanselow,Sebastian Fanselow,454,97,https://www.atptour.com/en/rankings/singles?dateWeek=2023-08-21&rankRange=0-5000,2026-03-22T00:50:40Z
atp,2023-08-21,GJ05,A. Gautier,Alexis Gautier,455,97,https://www.atptour.com/en/rankings/singles?dateWeek=2023-08-21&rankRange=0-5000,2026-03-22T00:50:40Z
atp,2023-08-21,D0AR,M. Alves,Mateus Alves,456,96,https://www.atptour.com/en/rankings/singles?dateWeek=2023-08-21&rankRange=0-5000,2026-03-22T00:50:40Z
atp,2023-08-21,BU10,J. Berrettini,Jacopo Berrettini,457,96,https://www.atptour.com/en/rankings/singles?dateWeek=2023-08-21&rankRange=0-5000,2026-03-22T00:50:40Z
atp,2023-08-21,L0C1,C. Lopez Montagud,Carlos Lopez Montagud,458,96,https://www.atptour.com/en/rankings/singles?dateWeek=2023-08-21&rankRange=0-5000,2026-03-22T00:50:40Z
atp,2023-08-21,J0A4,P. Jubb,Paul Jubb,459,95,https://www.atptour.com/en/rankings/singles?dateWeek=2023-08-21&rankRange=0-5000,2026-03-22T00:50:40Z
atp,2023-08-21,T0CU,F. Tabacco,Fausto Tabacco,460,95,https://www.atptour.com/en/rankings/singles?dateWeek=2023-08-21&rankRange=0-5000,2026-03-22T00:50:40Z
atp,2023-08-21,F0CJ,G. Ferrari,Gianmarco Ferrari,461,95,https://www.atptour.com/en/rankings/singles?dateWeek=2023-08-21&rankRange=0-5000,2026-03-22T00:50:40Z
atp,2023-08-21,A0G7,V. Aboian,Valerio Aboian,462,95,https://www.atptour.com/en/rankings/singles?dateWeek=2023-08-21&rankRange=0-5000,2026-03-22T00:50:40Z
atp,2023-08-21,S0KT,S. Sakellaridis,Stefanos Sakellaridis,463,95,https://www.atptour.com/en/rankings/singles?dateWeek=2023-08-21&rankRange=0-5000,2026-03-22T00:50:40Z
atp,2023-08-21,F0DM,A. Fery,Arthur Fery,464,93,https://www.atptour.com/en/rankings/singles?dateWeek=2023-08-21&rankRange=0-5000,2026-03-22T00:50:40Z
atp,2023-08-21,CI14,J. Clarke,Jay Clarke,465,93,https://www.atptour.com/en/rankings/singles?dateWeek=2023-08-21&rankRange=0-5000,2026-03-22T00:50:40Z
atp,2023-08-21,RA51,B. Rola,Blaz Rola,466,92,https://www.atptour.com/en/rankings/singles?dateWeek=2023-08-21&rankRange=0-5000,2026-03-22T00:50:40Z
atp,2023-08-21,PH67,N. Ponwith,Nathan Ponwith,467,92,https://www.atptour.com/en/rankings/singles?dateWeek=2023-08-21&rankRange=0-5000,2026-03-22T00:50:40Z
atp,2023-08-21,SK47,M. Safwat,Mohamed Safwat,468,92,https://www.atptour.com/en/rankings/singles?dateWeek=2023-08-21&rankRange=0-5000,2026-03-22T00:50:40Z
atp,2023-08-21,SF89,R. Statham,Rubin Statham,469,92,https://www.atptour.com/en/rankings/singles?dateWeek=2023-08-21&rankRange=0-5000,2026-03-22T00:50:40Z
atp,2023-08-21,LB78,J. Lee,Jea Moon Lee,470,91,https://www.atptour.com/en/rankings/singles?dateWeek=2023-08-21&rankRange=0-5000,2026-03-22T00:50:40Z
atp,2023-08-21,V717,A. Vatutin,Alexey Vatutin,471,91,https://www.atptour.com/en/rankings/singles?dateWeek=2023-08-21&rankRange=0-5000,2026-03-22T00:50:40Z
atp,2023-08-21,M0N7,D. Merida,Daniel Merida,472,91,https://www.atptour.com/en/rankings/singles?dateWeek=2023-08-21&rankRange=0-5000,2026-03-22T00:50:40Z
atp,2023-08-21,L397,F. Lopez,Feliciano Lopez,473,90,https://www.atptour.com/en/rankings/singles?dateWeek=2023-08-21&rankRange=0-5000,2026-03-22T00:50:40Z
atp,2023-08-21,Q02L,E. Quinn,Ethan Quinn,474,90,https://www.atptour.com/en/rankings/singles?dateWeek=2023-08-21&rankRange=0-5000,2026-03-22T00:50:40Z
atp,2023-08-21,BT68,E. Benchetrit,Elliot Benchetrit,475,90,https://www.atptour.com/en/rankings/singles?dateWeek=2023-08-21&rankRange=0-5000,2026-03-22T00:50:40Z
atp,2023-08-21,M0B2,Y. Mochizuki,Yuki Mochizuki,476,90,https://www.atptour.com/en/rankings/singles?dateWeek=2023-08-21&rankRange=0-5000,2026-03-22T00:50:40Z
atp,2023-08-21,KD35,T. Kwiatkowski,Thai Son Kwiatkowski,477,89,https://www.atptour.com/en/rankings/singles?dateWeek=2023-08-21&rankRange=0-5000,2026-03-22T00:50:40Z
atp,2023-08-21,P0BK,S. Parker,Stuart Parker,478,89,https://www.atptour.com/en/rankings/singles?dateWeek=2023-08-21&rankRange=0-5000,2026-03-22T00:50:40Z
atp,2023-08-21,SM25,J. Sock,Jack Sock,479,88,https://www.atptour.com/en/rankings/singles?dateWeek=2023-08-21&rankRange=0-5000,2026-03-22T00:50:40Z
atp,2023-08-21,PL39,A. Perez,Alfredo Perez,480,88,https://www.atptour.com/en/rankings/singles?dateWeek=2023-08-21&rankRange=0-5000,2026-03-22T00:50:40Z
atp,2023-08-21,C0I4,T. Colson,Tibo Colson,481,88,https://www.atptour.com/en/rankings/singles?dateWeek=2023-08-21&rankRange=0-5000,2026-03-22T00:50:40Z
atp,2023-08-21,P0IG,M. Pawelski,Martyn Pawelski,482,87,https://www.atptour.com/en/rankings/singles?dateWeek=2023-08-21&rankRange=0-5000,2026-03-22T00:50:40Z
atp,2023-08-21,D0D2,A. Deckers,Alec Deckers,483,86,https://www.atptour.com/en/rankings/singles?dateWeek=2023-08-21&rankRange=0-5000,2026-03-22T00:50:40Z
atp,2023-08-21,MJ98,F. Mena,Facundo Mena,484,85,https://www.atptour.com/en/rankings/singles?dateWeek=2023-08-21&rankRange=0-5000,2026-03-22T00:50:40Z
atp,2023-08-21,B0FI,P. Boscardin Dias,Pedro Boscardin Dias,485,85,https://www.atptour.com/en/rankings/singles?dateWeek=2023-08-21&rankRange=0-5000,2026-03-22T00:50:40Z
atp,2023-08-21,TF58,Y. Takahashi,Yusuke Takahashi,486,85,https://www.atptour.com/en/rankings/singles?dateWeek=2023-08-21&rankRange=0-5000,2026-03-22T00:50:40Z
atp,2023-08-21,H0EH,T. Handel,Tim Handel,487,85,https://www.atptour.com/en/rankings/singles?dateWeek=2023-08-21&rankRange=0-5000,2026-03-22T00:50:40Z
atp,2023-08-21,MV75,I. Monzon,Ignacio Monzon,488,85,https://www.atptour.com/en/rankings/singles?dateWeek=2023-08-21&rankRange=0-5000,2026-03-22T00:50:40Z
atp,2023-08-21,B0F8,J. Boulais,Justin Boulais,489,84,https://www.atptour.com/en/rankings/singles?dateWeek=2023-08-21&rankRange=0-5000,2026-03-22T00:50:40Z
atp,2023-08-21,PG56,J. Panta,Jorge Panta,490,84,https://www.atptour.com/en/rankings/singles?dateWeek=2023-08-21&rankRange=0-5000,2026-03-22T00:50:40Z
atp,2023-08-21,KJ00,A. Knaff,Alex Knaff,491,84,https://www.atptour.com/en/rankings/singles?dateWeek=2023-08-21&rankRange=0-5000,2026-03-22T00:50:40Z
atp,2023-08-21,B0JJ,R. Bertrand,Robin Bertrand,492,84,https://www.atptour.com/en/rankings/singles?dateWeek=2023-08-21&rankRange=0-5000,2026-03-22T00:50:40Z
atp,2023-08-21,H756,R. Haase,Robin Haase,493,83,https://www.atptour.com/en/rankings/singles?dateWeek=2023-08-21&rankRange=0-5000,2026-03-22T00:50:40Z
atp,2023-08-21,D0H9,G. Den Ouden,Guy Den Ouden,494,83,https://www.atptour.com/en/rankings/singles?dateWeek=2023-08-21&rankRange=0-5000,2026-03-22T00:50:40Z
atp,2023-08-21,PI96,S. Perez Contri,Sergi Perez Contri,495,83,https://www.atptour.com/en/rankings/singles?dateWeek=2023-08-21&rankRange=0-5000,2026-03-22T00:50:40Z
atp,2023-08-21,AG57,L. Aboian,Leonardo Aboian,496,82,https://www.atptour.com/en/rankings/singles?dateWeek=2023-08-21&rankRange=0-5000,2026-03-22T00:50:40Z
atp,2023-08-21,KC86,D. King,Darian King,497,81,https://www.atptour.com/en/rankings/singles?dateWeek=2023-08-21&rankRange=0-5000,2026-03-22T00:50:40Z
atp,2023-08-21,B0C0,A. Boitan,Adrian Boitan,498,81,https://www.atptour.com/en/rankings/singles?dateWeek=2023-08-21&rankRange=0-5000,2026-03-22T00:50:40Z
atp,2023-08-21,LA54,W. Leite,Wilson Leite,499,81,https://www.atptour.com/en/rankings/singles?dateWeek=2023-08-21&rankRange=0-5000,2026-03-22T00:50:40Z
atp,2023-08-21,O09S,J. Otegui,Juan Bautista Otegui,500,81,https://www.atptour.com/en/rankings/singles?dateWeek=2023-08-21&rankRange=0-5000,2026-03-22T00:50:40Z
atp,2023-08-21,O674,Y. Oliel,Yshai Oliel,501,80,https://www.atptour.com/en/rankings/singles?dateWeek=2023-08-21&rankRange=0-5000,2026-03-22T00:50:40Z
atp,2023-08-21,V821,G. Villanueva,Gonzalo Villanueva,502,79,https://www.atptour.com/en/rankings/singles?dateWeek=2023-08-21&rankRange=0-5000,2026-03-22T00:50:40Z
atp,2023-08-21,A09P,A. Ayeni,Alafia Ayeni,503,78,https://www.atptour.com/en/rankings/singles?dateWeek=2023-08-21&rankRange=0-5000,2026-03-22T00:50:40Z
atp,2023-08-21,CO01,A. Chepelev,Andrey Chepelev,504,78,https://www.atptour.com/en/rankings/singles?dateWeek=2023-08-21&rankRange=0-5000,2026-03-22T00:50:40Z
atp,2023-08-21,KD87,E. Karlovskiy,Evgeny Karlovskiy,505,77,https://www.atptour.com/en/rankings/singles?dateWeek=2023-08-21&rankRange=0-5000,2026-03-22T00:50:40Z
atp,2023-08-21,G0DH,A. Guillen Meza,Alvaro Guillen Meza,506,77,https://www.atptour.com/en/rankings/singles?dateWeek=2023-08-21&rankRange=0-5000,2026-03-22T00:50:40Z
atp,2023-08-21,G0FW,V. Gaubas,Vilius Gaubas,507,76,https://www.atptour.com/en/rankings/singles?dateWeek=2023-08-21&rankRange=0-5000,2026-03-22T00:50:40Z
atp,2023-08-21,G0EU,F. Gill,Felix Gill,508,76,https://www.atptour.com/en/rankings/singles?dateWeek=2023-08-21&rankRange=0-5000,2026-03-22T00:50:40Z
atp,2023-08-21,A0BA,F. Arnaboldi,Federico Arnaboldi,509,76,https://www.atptour.com/en/rankings/singles?dateWeek=2023-08-21&rankRange=0-5000,2026-03-22T00:50:40Z
atp,2023-08-21,KI71,K. Kivattsev,Kirill Kivattsev,510,76,https://www.atptour.com/en/rankings/singles?dateWeek=2023-08-21&rankRange=0-5000,2026-03-22T00:50:40Z
atp,2023-08-21,RH62,M. Rosenkranz,Mats Rosenkranz,511,76,https://www.atptour.com/en/rankings/singles?dateWeek=2023-08-21&rankRange=0-5000,2026-03-22T00:50:40Z
atp,2023-08-21,CA12,J. Chardy,Jeremy Chardy,512,75,https://www.atptour.com/en/rankings/singles?dateWeek=2023-08-21&rankRange=0-5000,2026-03-22T00:50:40Z
atp,2023-08-21,TD55,R. Tokuda,Renta Tokuda,513,75,https://www.atptour.com/en/rankings/singles?dateWeek=2023-08-21&rankRange=0-5000,2026-03-22T00:50:40Z
atp,2023-08-21,F0F2,J. Faria,Jaime Faria,514,75,https://www.atptour.com/en/rankings/singles?dateWeek=2023-08-21&rankRange=0-5000,2026-03-22T00:50:40Z
atp,2023-08-21,H0DC,G. Hussey,Giles Hussey,515,74,https://www.atptour.com/en/rankings/singles?dateWeek=2023-08-21&rankRange=0-5000,2026-03-22T00:50:40Z
atp,2023-08-21,AG08,A. Andrade,Andres Andrade,516,74,https://www.atptour.com/en/rankings/singles?dateWeek=2023-08-21&rankRange=0-5000,2026-03-22T00:50:40Z
atp,2023-08-21,T0BW,J. Trotter,James Trotter,517,73,https://www.atptour.com/en/rankings/singles?dateWeek=2023-08-21&rankRange=0-5000,2026-03-22T00:50:40Z
atp,2023-08-21,S0TM,T. Samuel,Toby Samuel,518,73,https://www.atptour.com/en/rankings/singles?dateWeek=2023-08-21&rankRange=0-5000,2026-03-22T00:50:40Z
atp,2023-08-21,D0DP,L. Draxl,Liam Draxl,519,73,https://www.atptour.com/en/rankings/singles?dateWeek=2023-08-21&rankRange=0-5000,2026-03-22T00:50:40Z
atp,2023-08-21,GA94,P. Gunneswaran,Prajnesh Gunneswaran,520,73,https://www.atptour.com/en/rankings/singles?dateWeek=2023-08-21&rankRange=0-5000,2026-03-22T00:50:40Z
atp,2023-08-21,DF92,C. Denolly,Corentin Denolly,521,73,https://www.atptour.com/en/rankings/singles?dateWeek=2023-08-21&rankRange=0-5000,2026-03-22T00:50:40Z
atp,2023-08-21,HA33,P. Heller,Peter Heller,522,72,https://www.atptour.com/en/rankings/singles?dateWeek=2023-08-21&rankRange=0-5000,2026-03-22T00:50:40Z
atp,2023-08-21,S0MN,M. Sharipov,Marat Sharipov,523,72,https://www.atptour.com/en/rankings/singles?dateWeek=2023-08-21&rankRange=0-5000,2026-03-22T00:50:40Z
atp,2023-08-21,E831,K. Edmund,Kyle Edmund,524,71,https://www.atptour.com/en/rankings/singles?dateWeek=2023-08-21&rankRange=0-5000,2026-03-22T00:50:40Z
atp,2023-08-21,M0NL,I. Montes-De La Torre,Inaki Montes De La Torre,525,71,https://www.atptour.com/en/rankings/singles?dateWeek=2023-08-21&rankRange=0-5000,2026-03-22T00:50:40Z
atp,2023-08-21,M0BN,M. Moeller,Marvin Moeller,526,71,https://www.atptour.com/en/rankings/singles?dateWeek=2023-08-21&rankRange=0-5000,2026-03-22T00:50:40Z
atp,2023-08-21,K0HO,O. Kimhi,Orel Kimhi,527,71,https://www.atptour.com/en/rankings/singles?dateWeek=2023-08-21&rankRange=0-5000,2026-03-22T00:50:40Z
atp,2023-08-21,I09N,F. Iannaccone,Federico Iannaccone,528,71,https://www.atptour.com/en/rankings/singles?dateWeek=2023-08-21&rankRange=0-5000,2026-03-22T00:50:40Z
atp,2023-08-21,B0MM,E. Butvilas,Edas Butvilas,529,70,https://www.atptour.com/en/rankings/singles?dateWeek=2023-08-21&rankRange=0-5000,2026-03-22T00:50:40Z
atp,2023-08-21,F0DP,P. Fajta,Peter Fajta,530,70,https://www.atptour.com/en/rankings/singles?dateWeek=2023-08-21&rankRange=0-5000,2026-03-22T00:50:40Z
atp,2023-08-21,O0AD,N. Oberleitner,Neil Oberleitner,531,70,https://www.atptour.com/en/rankings/singles?dateWeek=2023-08-21&rankRange=0-5000,2026-03-22T00:50:40Z
atp,2023-08-21,BU53,C. Bittoun Kouzmine,Constantin Bittoun Kouzmine,532,70,https://www.atptour.com/en/rankings/singles?dateWeek=2023-08-21&rankRange=0-5000,2026-03-22T00:50:40Z
atp,2023-08-21,W0BH,C. Wong,Coleman Wong,533,69,https://www.atptour.com/en/rankings/singles?dateWeek=2023-08-21&rankRange=0-5000,2026-03-22T00:50:40Z
atp,2023-08-21,L0AT,I. Lopez Morillo,Imanol Lopez Morillo,534,69,https://www.atptour.com/en/rankings/singles?dateWeek=2023-08-21&rankRange=0-5000,2026-03-22T00:50:40Z
atp,2023-08-21,M0EG,T. McCormick,Tristan Mccormick,535,68,https://www.atptour.com/en/rankings/singles?dateWeek=2023-08-21&rankRange=0-5000,2026-03-22T00:50:40Z
atp,2023-08-21,P0B2,L. Potenza,Luca Potenza,536,68,https://www.atptour.com/en/rankings/singles?dateWeek=2023-08-21&rankRange=0-5000,2026-03-22T00:50:40Z
atp,2023-08-21,A0G8,A. Elsayed,Amr Elsayed,537,68,https://www.atptour.com/en/rankings/singles?dateWeek=2023-08-21&rankRange=0-5000,2026-03-22T00:50:40Z
atp,2023-08-21,TG30,R. Te,Rigele Te,538,67,https://www.atptour.com/en/rankings/singles?dateWeek=2023-08-21&rankRange=0-5000,2026-03-22T00:50:40Z
atp,2023-08-21,I230,T. Ito,Tatsuma Ito,539,67,https://www.atptour.com/en/rankings/singles?dateWeek=2023-08-21&rankRange=0-5000,2026-03-22T00:50:40Z
atp,2023-08-21,H0BA,S. Hazawa,Shinji Hazawa,540,67,https://www.atptour.com/en/rankings/singles?dateWeek=2023-08-21&rankRange=0-5000,2026-03-22T00:50:40Z
atp,2023-08-21,J737,F. Juarez,Facundo Juarez,541,67,https://www.atptour.com/en/rankings/singles?dateWeek=2023-08-21&rankRange=0-5000,2026-03-22T00:50:40Z
atp,2023-08-21,W0AH,H. Wendelken,Harry Wendelken,542,67,https://www.atptour.com/en/rankings/singles?dateWeek=2023-08-21&rankRange=0-5000,2026-03-22T00:50:40Z
atp,2023-08-21,KG49,D. Klok,Denis Klok,543,66,https://www.atptour.com/en/rankings/singles?dateWeek=2023-08-21&rankRange=0-5000,2026-03-22T00:50:40Z
atp,2023-08-21,CO07,E. Clark,Ezekiel Clark,544,66,https://www.atptour.com/en/rankings/singles?dateWeek=2023-08-21&rankRange=0-5000,2026-03-22T00:50:40Z
atp,2023-08-21,PL38,S. Prechtel,Sebastian Prechtel,545,66,https://www.atptour.com/en/rankings/singles?dateWeek=2023-08-21&rankRange=0-5000,2026-03-22T00:50:40Z
atp,2023-08-21,B0AY,J. Briand,Jurgen Briand,546,65,https://www.atptour.com/en/rankings/singles?dateWeek=2023-08-21&rankRange=0-5000,2026-03-22T00:50:40Z
atp,2023-08-21,M0N1,L. Mikrut,Luka Mikrut,547,65,https://www.atptour.com/en/rankings/singles?dateWeek=2023-08-21&rankRange=0-5000,2026-03-22T00:50:40Z
atp,2023-08-21,D0FA,Y. Dlimi,Yassine Dlimi,548,65,https://www.atptour.com/en/rankings/singles?dateWeek=2023-08-21&rankRange=0-5000,2026-03-22T00:50:40Z
atp,2023-08-21,P0D0,J. Paul,Jakub Paul,549,65,https://www.atptour.com/en/rankings/singles?dateWeek=2023-08-21&rankRange=0-5000,2026-03-22T00:50:40Z
atp,2023-08-21,J400,J. Jahn,Jeremy Jahn,550,65,https://www.atptour.com/en/rankings/singles?dateWeek=2023-08-21&rankRange=0-5000,2026-03-22T00:50:40Z
atp,2023-08-21,M0KA,Y. Milev,Yanaki Milev,551,65,https://www.atptour.com/en/rankings/singles?dateWeek=2023-08-21&rankRange=0-5000,2026-03-22T00:50:40Z
atp,2023-08-21,SY71,D. Singh,Digvijaypratap Singh,552,65,https://www.atptour.com/en/rankings/singles?dateWeek=2023-08-21&rankRange=0-5000,2026-03-22T00:50:40Z
atp,2023-08-21,Z0BZ,M. Zheng,Michael Zheng,553,64,https://www.atptour.com/en/rankings/singles?dateWeek=2023-08-21&rankRange=0-5000,2026-03-22T00:50:40Z
atp,2023-08-21,P0FJ,R. Papoe,Radu Mihai Papoe,554,64,https://www.atptour.com/en/rankings/singles?dateWeek=2023-08-21&rankRange=0-5000,2026-03-22T00:50:40Z
atp,2023-08-21,D985,J. Domingues,Joao Domingues,555,64,https://www.atptour.com/en/rankings/singles?dateWeek=2023-08-21&rankRange=0-5000,2026-03-22T00:50:40Z
atp,2023-08-21,VA15,D. Vale,Duarte Vale,556,64,https://www.atptour.com/en/rankings/singles?dateWeek=2023-08-21&rankRange=0-5000,2026-03-22T00:50:40Z
atp,2023-08-21,M0G0,R. Matsuda,Ryuki Matsuda,557,64,https://www.atptour.com/en/rankings/singles?dateWeek=2023-08-21&rankRange=0-5000,2026-03-22T00:50:40Z
atp,2023-08-21,N0B4,R. Nijboer,Ryan Nijboer,558,64,https://www.atptour.com/en/rankings/singles?dateWeek=2023-08-21&rankRange=0-5000,2026-03-22T00:50:40Z
atp,2023-08-21,B0I5,B. Bicknell,Blaise Bicknell,559,63,https://www.atptour.com/en/rankings/singles?dateWeek=2023-08-21&rankRange=0-5000,2026-03-22T00:50:40Z
atp,2023-08-21,S09P,S. Shin,Sanhui Shin,560,63,https://www.atptour.com/en/rankings/singles?dateWeek=2023-08-21&rankRange=0-5000,2026-03-22T00:50:40Z
atp,2023-08-21,D0CN,M. Damas,Miguel Damas,561,63,https://www.atptour.com/en/rankings/singles?dateWeek=2023-08-21&rankRange=0-5000,2026-03-22T00:50:40Z
atp,2023-08-21,S0R5,I. Snitari,Ilya Snitari,562,63,https://www.atptour.com/en/rankings/singles?dateWeek=2023-08-21&rankRange=0-5000,2026-03-22T00:50:40Z
atp,2023-08-21,P0I6,G. Piraino,Gabriele Piraino,563,63,https://www.atptour.com/en/rankings/singles?dateWeek=2023-08-21&rankRange=0-5000,2026-03-22T00:50:40Z
atp,2023-08-21,RH50,A. Reymond,Arthur Reymond,564,63,https://www.atptour.com/en/rankings/singles?dateWeek=2023-08-21&rankRange=0-5000,2026-03-22T00:50:40Z
atp,2023-08-21,D0A2,M. Dellavedova,Matthew Dellavedova,565,63,https://www.atptour.com/en/rankings/singles?dateWeek=2023-08-21&rankRange=0-5000,2026-03-22T00:50:40Z
atp,2023-08-21,BU36,A. Barroso Campos,Alberto Barroso Campos,566,62,https://www.atptour.com/en/rankings/singles?dateWeek=2023-08-21&rankRange=0-5000,2026-03-22T00:50:40Z
atp,2023-08-21,C0BB,T. Compagnucci,Tommaso Compagnucci,567,62,https://www.atptour.com/en/rankings/singles?dateWeek=2023-08-21&rankRange=0-5000,2026-03-22T00:50:40Z
atp,2023-08-21,B0C3,S. Beaupain,Simon Beaupain,568,62,https://www.atptour.com/en/rankings/singles?dateWeek=2023-08-21&rankRange=0-5000,2026-03-22T00:50:40Z
atp,2023-08-21,MP83,G. Moroni,Gian Marco Moroni,569,61,https://www.atptour.com/en/rankings/singles?dateWeek=2023-08-21&rankRange=0-5000,2026-03-22T00:50:40Z
atp,2023-08-21,L0ER,T. Legout,Timo Legout,570,61,https://www.atptour.com/en/rankings/singles?dateWeek=2023-08-21&rankRange=0-5000,2026-03-22T00:50:40Z
atp,2023-08-21,A0IK,L. Ambrogi,Luciano Emanuel Ambrogi,571,61,https://www.atptour.com/en/rankings/singles?dateWeek=2023-08-21&rankRange=0-5000,2026-03-22T00:50:40Z
atp,2023-08-21,R0A5,S. Riffice,Sam Riffice,572,60,https://www.atptour.com/en/rankings/singles?dateWeek=2023-08-21&rankRange=0-5000,2026-03-22T00:50:40Z
atp,2023-08-21,B0OU,H. Barton,Hynek Barton,573,60,https://www.atptour.com/en/rankings/singles?dateWeek=2023-08-21&rankRange=0-5000,2026-03-22T00:50:40Z
atp,2023-08-21,L0FW,H. Li,Hanwen Li,574,60,https://www.atptour.com/en/rankings/singles?dateWeek=2023-08-21&rankRange=0-5000,2026-03-22T00:50:40Z
atp,2023-08-21,HH15,M. Haliak,Mikalai Haliak,575,60,https://www.atptour.com/en/rankings/singles?dateWeek=2023-08-21&rankRange=0-5000,2026-03-22T00:50:40Z
atp,2023-08-21,L0G8,V. Lilov,Victor Lilov,576,60,https://www.atptour.com/en/rankings/singles?dateWeek=2023-08-21&rankRange=0-5000,2026-03-22T00:50:40Z
atp,2023-08-21,P0G5,S. Popovic,Stefan Popovic,577,60,https://www.atptour.com/en/rankings/singles?dateWeek=2023-08-21&rankRange=0-5000,2026-03-22T00:50:40Z
atp,2023-08-21,RB56,R. Ramanathan,Ramkumar Ramanathan,578,59,https://www.atptour.com/en/rankings/singles?dateWeek=2023-08-21&rankRange=0-5000,2026-03-22T00:50:40Z
atp,2023-08-21,BE67,M. Basic,Mirza Basic,579,59,https://www.atptour.com/en/rankings/singles?dateWeek=2023-08-21&rankRange=0-5000,2026-03-22T00:50:40Z
atp,2023-08-21,E0AU,J. Echeverria,John Echeverria,580,59,https://www.atptour.com/en/rankings/singles?dateWeek=2023-08-21&rankRange=0-5000,2026-03-22T00:50:40Z
atp,2023-08-21,F0BV,T. Farjat,Tomas Farjat,581,59,https://www.atptour.com/en/rankings/singles?dateWeek=2023-08-21&rankRange=0-5000,2026-03-22T00:50:40Z
atp,2023-08-21,PI95,D. Pichler,David Pichler,582,59,https://www.atptour.com/en/rankings/singles?dateWeek=2023-08-21&rankRange=0-5000,2026-03-22T00:50:40Z
atp,2023-08-21,M09E,T. Mu,Tao Mu,583,59,https://www.atptour.com/en/rankings/singles?dateWeek=2023-08-21&rankRange=0-5000,2026-03-22T00:50:40Z
atp,2023-08-21,M0D4,M. Fitriadi,M Rifki Fitriadi,584,58,https://www.atptour.com/en/rankings/singles?dateWeek=2023-08-21&rankRange=0-5000,2026-03-22T00:50:40Z
atp,2023-08-21,S0DQ,K. Smith,Keegan Smith,585,58,https://www.atptour.com/en/rankings/singles?dateWeek=2023-08-21&rankRange=0-5000,2026-03-22T00:50:40Z
atp,2023-08-21,G0CV,B. Gadamauri,Buvaysar Gadamauri,586,58,https://www.atptour.com/en/rankings/singles?dateWeek=2023-08-21&rankRange=0-5000,2026-03-22T00:50:40Z
atp,2023-08-21,B0F0,J. Barnat,Jiri Barnat,587,58,https://www.atptour.com/en/rankings/singles?dateWeek=2023-08-21&rankRange=0-5000,2026-03-22T00:50:40Z
atp,2023-08-21,PG69,J. Paz,Juan Pablo Paz,588,58,https://www.atptour.com/en/rankings/singles?dateWeek=2023-08-21&rankRange=0-5000,2026-03-22T00:50:40Z
atp,2023-08-21,RH13,P. Rikl,Patrik Rikl,589,57,https://www.atptour.com/en/rankings/singles?dateWeek=2023-08-21&rankRange=0-5000,2026-03-22T00:50:40Z
atp,2023-08-21,MJ71,M. Moraing,Mats Moraing,590,57,https://www.atptour.com/en/rankings/singles?dateWeek=2023-08-21&rankRange=0-5000,2026-03-22T00:50:40Z
atp,2023-08-21,DG53,G. Decamps,Gabriel Decamps,591,57,https://www.atptour.com/en/rankings/singles?dateWeek=2023-08-21&rankRange=0-5000,2026-03-22T00:50:40Z
atp,2023-08-21,B0LW,M. Brunold,Mika Brunold,592,57,https://www.atptour.com/en/rankings/singles?dateWeek=2023-08-21&rankRange=0-5000,2026-03-22T00:50:40Z
atp,2023-08-21,W0C4,E. Winter,Edward Winter,593,57,https://www.atptour.com/en/rankings/singles?dateWeek=2023-08-21&rankRange=0-5000,2026-03-22T00:50:40Z
atp,2023-08-21,L0EE,D. Little,Daniel Little,594,56,https://www.atptour.com/en/rankings/singles?dateWeek=2023-08-21&rankRange=0-5000,2026-03-22T00:50:40Z
atp,2023-08-21,P0BE,S. Pontjodikromo,Sidane Pontjodikromo,595,56,https://www.atptour.com/en/rankings/singles?dateWeek=2023-08-21&rankRange=0-5000,2026-03-22T00:50:40Z
atp,2023-08-21,B0BU,F. Bax,Florent Bax,596,56,https://www.atptour.com/en/rankings/singles?dateWeek=2023-08-21&rankRange=0-5000,2026-03-22T00:50:40Z
atp,2023-08-21,P0AV,U. Park,Uisung Park,597,55,https://www.atptour.com/en/rankings/singles?dateWeek=2023-08-21&rankRange=0-5000,2026-03-22T00:50:40Z
atp,2023-08-21,RG42,A. Rybakov,Alex Rybakov,598,55,https://www.atptour.com/en/rankings/singles?dateWeek=2023-08-21&rankRange=0-5000,2026-03-22T00:50:40Z
atp,2023-08-21,K0HN,B. Kuzuhara,Bruno Kuzuhara,599,55,https://www.atptour.com/en/rankings/singles?dateWeek=2023-08-21&rankRange=0-5000,2026-03-22T00:50:40Z
atp,2023-08-21,R0E0,C. Rodesch,Chris Rodesch,600,54,https://www.atptour.com/en/rankings/singles?dateWeek=2023-08-21&rankRange=0-5000,2026-03-22T00:50:40Z
atp,2023-08-21,P0HT,J. Pinnington Jones,Jack Pinnington Jones,601,54,https://www.atptour.com/en/rankings/singles?dateWeek=2023-08-21&rankRange=0-5000,2026-03-22T00:50:40Z
atp,2023-08-21,V0BP,M. Vankan,Marlon Vankan,602,54,https://www.atptour.com/en/rankings/singles?dateWeek=2023-08-21&rankRange=0-5000,2026-03-22T00:50:40Z
atp,2023-08-21,N0BK,H. Naw,Hazem Naw,603,54,https://www.atptour.com/en/rankings/singles?dateWeek=2023-08-21&rankRange=0-5000,2026-03-22T00:50:40Z
atp,2023-08-21,A0I1,B. Artnak,Bor Artnak,604,54,https://www.atptour.com/en/rankings/singles?dateWeek=2023-08-21&rankRange=0-5000,2026-03-22T00:50:40Z
atp,2023-08-21,SL94,P. Sakamoto,Pedro Sakamoto,605,53,https://www.atptour.com/en/rankings/singles?dateWeek=2023-08-21&rankRange=0-5000,2026-03-22T00:50:40Z
atp,2023-08-21,M0OH,L. Midon,Lautaro Midon,606,53,https://www.atptour.com/en/rankings/singles?dateWeek=2023-08-21&rankRange=0-5000,2026-03-22T00:50:40Z
atp,2023-08-21,Z09B,A. Zgirovsky,Alexander Zgirovsky,607,53,https://www.atptour.com/en/rankings/singles?dateWeek=2023-08-21&rankRange=0-5000,2026-03-22T00:50:40Z
atp,2023-08-21,G0A0,A. Guerrieri,Andrea Guerrieri,608,53,https://www.atptour.com/en/rankings/singles?dateWeek=2023-08-21&rankRange=0-5000,2026-03-22T00:50:40Z
atp,2023-08-21,G0G2,M. Gonzalez Fernandez,Mario Gonzalez Fernandez,609,53,https://www.atptour.com/en/rankings/singles?dateWeek=2023-08-21&rankRange=0-5000,2026-03-22T00:50:40Z
atp,2023-08-21,MJ01,R. Marcora,Roberto Marcora,610,52,https://www.atptour.com/en/rankings/singles?dateWeek=2023-08-21&rankRange=0-5000,2026-03-22T00:50:40Z
atp,2023-08-21,AC58,N. Alvarez,Nicolas Alvarez,611,52,https://www.atptour.com/en/rankings/singles?dateWeek=2023-08-21&rankRange=0-5000,2026-03-22T00:50:40Z
atp,2023-08-21,MI43,G. Melzer,Gerald Melzer,612,52,https://www.atptour.com/en/rankings/singles?dateWeek=2023-08-21&rankRange=0-5000,2026-03-22T00:50:40Z
atp,2023-08-21,K0BH,R. Kawakami,Rimpei Kawakami,613,52,https://www.atptour.com/en/rankings/singles?dateWeek=2023-08-21&rankRange=0-5000,2026-03-22T00:50:40Z
atp,2023-08-21,H0B5,T. Huang,Tsung Hao Huang,614,52,https://www.atptour.com/en/rankings/singles?dateWeek=2023-08-21&rankRange=0-5000,2026-03-22T00:50:40Z
atp,2023-08-21,K0BU,P. Kovapitukted,Palaphoom Kovapitukted,615,52,https://www.atptour.com/en/rankings/singles?dateWeek=2023-08-21&rankRange=0-5000,2026-03-22T00:50:40Z
atp,2023-08-21,M0BO,C. Markes,Colin Markes,616,52,https://www.atptour.com/en/rankings/singles?dateWeek=2023-08-21&rankRange=0-5000,2026-03-22T00:50:40Z
atp,2023-08-21,P0DR,A. Picchione,Andrea Picchione,617,52,https://www.atptour.com/en/rankings/singles?dateWeek=2023-08-21&rankRange=0-5000,2026-03-22T00:50:40Z
atp,2023-08-21,R0H2,P. Rodenas,Pedro Rodenas,618,51,https://www.atptour.com/en/rankings/singles?dateWeek=2023-08-21&rankRange=0-5000,2026-03-22T00:50:40Z
atp,2023-08-21,O0BE,O. Ovcharenko,Oleksandr Ovcharenko,619,51,https://www.atptour.com/en/rankings/singles?dateWeek=2023-08-21&rankRange=0-5000,2026-03-22T00:50:40Z
atp,2023-08-21,CF88,R. Cid Subervi,Roberto Cid Subervi,620,51,https://www.atptour.com/en/rankings/singles?dateWeek=2023-08-21&rankRange=0-5000,2026-03-22T00:50:40Z
atp,2023-08-21,RE27,S. Roncalli,Simone Roncalli,621,51,https://www.atptour.com/en/rankings/singles?dateWeek=2023-08-21&rankRange=0-5000,2026-03-22T00:50:40Z
atp,2023-08-21,B0AM,L. Bocchi,Lorenzo Bocchi,622,51,https://www.atptour.com/en/rankings/singles?dateWeek=2023-08-21&rankRange=0-5000,2026-03-22T00:50:40Z
atp,2023-08-21,LB84,J. Londero,Juan Ignacio Londero,623,50,https://www.atptour.com/en/rankings/singles?dateWeek=2023-08-21&rankRange=0-5000,2026-03-22T00:50:40Z
atp,2023-08-21,V0DG,Q. Vandecasteele,Quinn Vandecasteele,624,50,https://www.atptour.com/en/rankings/singles?dateWeek=2023-08-21&rankRange=0-5000,2026-03-22T00:50:40Z
atp,2023-08-21,N0DB,A. Nedic,Andrej Nedic,625,50,https://www.atptour.com/en/rankings/singles?dateWeek=2023-08-21&rankRange=0-5000,2026-03-22T00:50:40Z
atp,2023-08-21,V846,J. Vidal Azorin,Jose Fco. Vidal Azorin,626,50,https://www.atptour.com/en/rankings/singles?dateWeek=2023-08-21&rankRange=0-5000,2026-03-22T00:50:40Z
atp,2023-08-21,A0B6,J. Angele,Jaimee Floyd Angele,627,50,https://www.atptour.com/en/rankings/singles?dateWeek=2023-08-21&rankRange=0-5000,2026-03-22T00:50:40Z
atp,2023-08-21,W09T,L. Wiedenmann,Luca Wiedenmann,628,50,https://www.atptour.com/en/rankings/singles?dateWeek=2023-08-21&rankRange=0-5000,2026-03-22T00:50:40Z
atp,2023-08-21,W716,M. Whitehouse,Mark Whitehouse,629,50,https://www.atptour.com/en/rankings/singles?dateWeek=2023-08-21&rankRange=0-5000,2026-03-22T00:50:40Z
atp,2023-08-21,P0HP,L. Pokorny,Lukas Pokorny,630,50,https://www.atptour.com/en/rankings/singles?dateWeek=2023-08-21&rankRange=0-5000,2026-03-22T00:50:40Z
atp,2023-08-21,PC09,J. Pereira,Jose Pereira,631,49,https://www.atptour.com/en/rankings/singles?dateWeek=2023-08-21&rankRange=0-5000,2026-03-22T00:50:40Z
atp,2023-08-21,D0L3,M. Dodig,Matej Dodig,632,49,https://www.atptour.com/en/rankings/singles?dateWeek=2023-08-21&rankRange=0-5000,2026-03-22T00:50:40Z
atp,2023-08-21,P0ED,K. Pannu,Kiranpal Pannu,633,49,https://www.atptour.com/en/rankings/singles?dateWeek=2023-08-21&rankRange=0-5000,2026-03-22T00:50:40Z
atp,2023-08-21,SL92,S. Sekiguchi,Shuichi Sekiguchi,634,49,https://www.atptour.com/en/rankings/singles?dateWeek=2023-08-21&rankRange=0-5000,2026-03-22T00:50:40Z
atp,2023-08-21,A0F3,F. Andaloro,Fabrizio Andaloro,635,49,https://www.atptour.com/en/rankings/singles?dateWeek=2023-08-21&rankRange=0-5000,2026-03-22T00:50:40Z
atp,2023-08-21,B0LL,V. Bielinskyi,Viacheslav Bielinskyi,636,49,https://www.atptour.com/en/rankings/singles?dateWeek=2023-08-21&rankRange=0-5000,2026-03-22T00:50:40Z
atp,2023-08-21,B0IY,A. Beckley,Alec Beckley,637,49,https://www.atptour.com/en/rankings/singles?dateWeek=2023-08-21&rankRange=0-5000,2026-03-22T00:50:40Z
atp,2023-08-21,MT97,M. Mora,Maxime Mora,638,49,https://www.atptour.com/en/rankings/singles?dateWeek=2023-08-21&rankRange=0-5000,2026-03-22T00:50:40Z
atp,2023-08-21,F811,B. Fratangelo,Bjorn Fratangelo,639,48,https://www.atptour.com/en/rankings/singles?dateWeek=2023-08-21&rankRange=0-5000,2026-03-22T00:50:40Z
atp,2023-08-21,A596,P. Andujar,Pablo Andujar,640,48,https://www.atptour.com/en/rankings/singles?dateWeek=2023-08-21&rankRange=0-5000,2026-03-22T00:50:40Z
atp,2023-08-21,N652,J. Nam,Jisung Nam,641,48,https://www.atptour.com/en/rankings/singles?dateWeek=2023-08-21&rankRange=0-5000,2026-03-22T00:50:40Z
atp,2023-08-21,K0HL,K. Kang,Kyle Kang,642,48,https://www.atptour.com/en/rankings/singles?dateWeek=2023-08-21&rankRange=0-5000,2026-03-22T00:50:40Z
atp,2023-08-21,P0G0,E. Philippov,Evgeny Philippov,643,48,https://www.atptour.com/en/rankings/singles?dateWeek=2023-08-21&rankRange=0-5000,2026-03-22T00:50:40Z
atp,2023-08-21,LE01,D. Lee,Duckhee Lee,644,48,https://www.atptour.com/en/rankings/singles?dateWeek=2023-08-21&rankRange=0-5000,2026-03-22T00:50:40Z
atp,2023-08-21,C09T,R. Cungu,Rrezart Cungu,645,48,https://www.atptour.com/en/rankings/singles?dateWeek=2023-08-21&rankRange=0-5000,2026-03-22T00:50:40Z
atp,2023-08-21,G0I2,A. Gobat,Adrien Gobat,646,47,https://www.atptour.com/en/rankings/singles?dateWeek=2023-08-21&rankRange=0-5000,2026-03-22T00:50:40Z
atp,2023-08-21,RB86,S. Rawat,Sidharth Rawat,647,47,https://www.atptour.com/en/rankings/singles?dateWeek=2023-08-21&rankRange=0-5000,2026-03-22T00:50:40Z
atp,2023-08-21,V0CI,E. Voisin,Emilien Voisin,648,47,https://www.atptour.com/en/rankings/singles?dateWeek=2023-08-21&rankRange=0-5000,2026-03-22T00:50:40Z
atp,2023-08-21,P0GQ,M. Poljicak,Mili Poljicak,649,47,https://www.atptour.com/en/rankings/singles?dateWeek=2023-08-21&rankRange=0-5000,2026-03-22T00:50:40Z
atp,2023-08-21,T0FK,G. Tabacco,Giorgio Tabacco,650,47,https://www.atptour.com/en/rankings/singles?dateWeek=2023-08-21&rankRange=0-5000,2026-03-22T00:50:40Z
atp,2023-08-21,F0FV,J. Fonseca,Joao Fonseca,651,46,https://www.atptour.com/en/rankings/singles?dateWeek=2023-08-21&rankRange=0-5000,2026-03-22T00:50:40Z
atp,2023-08-21,M0BW,Y. Mo,Ye Cong Mo,652,46,https://www.atptour.com/en/rankings/singles?dateWeek=2023-08-21&rankRange=0-5000,2026-03-22T00:50:40Z
atp,2023-08-21,M0L2,A. Manzanera Pertusa,Alejandro Manzanera Pertusa,653,46,https://www.atptour.com/en/rankings/singles?dateWeek=2023-08-21&rankRange=0-5000,2026-03-22T00:50:40Z
atp,2023-08-21,N731,C. Negritu,Christoph Negritu,654,46,https://www.atptour.com/en/rankings/singles?dateWeek=2023-08-21&rankRange=0-5000,2026-03-22T00:50:40Z
atp,2023-08-21,B0ER,A. Bouquier,Arthur Bouquier,655,46,https://www.atptour.com/en/rankings/singles?dateWeek=2023-08-21&rankRange=0-5000,2026-03-22T00:50:40Z
atp,2023-08-21,A678,K. Anderson,Kevin Anderson,656,45,https://www.atptour.com/en/rankings/singles?dateWeek=2023-08-21&rankRange=0-5000,2026-03-22T00:50:40Z
atp,2023-08-21,HG90,C. Huertas del Pino,Conner Huertas Del Pino,657,45,https://www.atptour.com/en/rankings/singles?dateWeek=2023-08-21&rankRange=0-5000,2026-03-22T00:50:40Z
atp,2023-08-21,CH19,D. Capecchi,Daniele Capecchi,658,45,https://www.atptour.com/en/rankings/singles?dateWeek=2023-08-21&rankRange=0-5000,2026-03-22T00:50:40Z
atp,2023-08-21,G0BY,D. Glinka,Daniil Glinka,659,45,https://www.atptour.com/en/rankings/singles?dateWeek=2023-08-21&rankRange=0-5000,2026-03-22T00:50:40Z
atp,2023-08-21,PL64,O. Prihodko,Oleg Prihodko,660,45,https://www.atptour.com/en/rankings/singles?dateWeek=2023-08-21&rankRange=0-5000,2026-03-22T00:50:40Z
atp,2023-08-21,GK24,L. Giacomini,Luca Giacomini,661,45,https://www.atptour.com/en/rankings/singles?dateWeek=2023-08-21&rankRange=0-5000,2026-03-22T00:50:40Z
atp,2023-08-21,Z0BY,N. Zanellato,Nicolas Zanellato,662,45,https://www.atptour.com/en/rankings/singles?dateWeek=2023-08-21&rankRange=0-5000,2026-03-22T00:50:40Z
atp,2023-08-21,KH77,N. Kaliyanda Poonacha,Niki Kaliyanda Poonacha,663,45,https://www.atptour.com/en/rankings/singles?dateWeek=2023-08-21&rankRange=0-5000,2026-03-22T00:50:40Z
atp,2023-08-21,A0EA,M. Alcala Gurri,Max Alcala Gurri,664,45,https://www.atptour.com/en/rankings/singles?dateWeek=2023-08-21&rankRange=0-5000,2026-03-22T00:50:40Z
atp,2023-08-21,J0CU,S. Jong,Sander Jong,665,44,https://www.atptour.com/en/rankings/singles?dateWeek=2023-08-21&rankRange=0-5000,2026-03-22T00:50:40Z
atp,2023-08-21,N0AL,G. Nanda,Govind Nanda,666,44,https://www.atptour.com/en/rankings/singles?dateWeek=2023-08-21&rankRange=0-5000,2026-03-22T00:50:40Z
atp,2023-08-21,KI91,K. Kirci,Koray Kirci,667,44,https://www.atptour.com/en/rankings/singles?dateWeek=2023-08-21&rankRange=0-5000,2026-03-22T00:50:40Z
atp,2023-08-21,M0GY,L. Marmousez,Lilian Marmousez,668,44,https://www.atptour.com/en/rankings/singles?dateWeek=2023-08-21&rankRange=0-5000,2026-03-22T00:50:40Z
atp,2023-08-21,O664,M. Ochi,Makoto Ochi,669,44,https://www.atptour.com/en/rankings/singles?dateWeek=2023-08-21&rankRange=0-5000,2026-03-22T00:50:40Z
atp,2023-08-21,DH23,S. Dev,S D Prajwal Dev,670,44,https://www.atptour.com/en/rankings/singles?dateWeek=2023-08-21&rankRange=0-5000,2026-03-22T00:50:40Z
atp,2023-08-21,R0BT,F. Roncadelli,Franco Roncadelli,671,44,https://www.atptour.com/en/rankings/singles?dateWeek=2023-08-21&rankRange=0-5000,2026-03-22T00:50:40Z
atp,2023-08-21,W712,K. Wehnelt,Kai Wehnelt,672,44,https://www.atptour.com/en/rankings/singles?dateWeek=2023-08-21&rankRange=0-5000,2026-03-22T00:50:40Z
atp,2023-08-21,J0AW,G. Justo,Guido Ivan Justo,673,43,https://www.atptour.com/en/rankings/singles?dateWeek=2023-08-21&rankRange=0-5000,2026-03-22T00:50:40Z
atp,2023-08-21,P0JG,G. Pennaforti,Gabriele Pennaforti,674,43,https://www.atptour.com/en/rankings/singles?dateWeek=2023-08-21&rankRange=0-5000,2026-03-22T00:50:40Z
atp,2023-08-21,K0BJ,G. Kravchenko,Georgii Kravchenko,675,43,https://www.atptour.com/en/rankings/singles?dateWeek=2023-08-21&rankRange=0-5000,2026-03-22T00:50:40Z
atp,2023-08-21,G0IB,T. Gentzsch,Tom Gentzsch,676,43,https://www.atptour.com/en/rankings/singles?dateWeek=2023-08-21&rankRange=0-5000,2026-03-22T00:50:40Z
atp,2023-08-21,V09T,P. Vives Marcos,Pedro Vives Marcos,677,42,https://www.atptour.com/en/rankings/singles?dateWeek=2023-08-21&rankRange=0-5000,2026-03-22T00:50:40Z
atp,2023-08-21,V0BD,N. Vylegzhanin,Nikolay Vylegzhanin,678,42,https://www.atptour.com/en/rankings/singles?dateWeek=2023-08-21&rankRange=0-5000,2026-03-22T00:50:40Z
atp,2023-08-21,T0AA,D. Tomescu,Dan Alexandru Tomescu,679,42,https://www.atptour.com/en/rankings/singles?dateWeek=2023-08-21&rankRange=0-5000,2026-03-22T00:50:40Z
atp,2023-08-21,S0HR,K. Samrej,Kasidit Samrej,680,41,https://www.atptour.com/en/rankings/singles?dateWeek=2023-08-21&rankRange=0-5000,2026-03-22T00:50:40Z
atp,2023-08-21,PF36,D. Perez Sanz,David Perez Sanz,681,41,https://www.atptour.com/en/rankings/singles?dateWeek=2023-08-21&rankRange=0-5000,2026-03-22T00:50:40Z
atp,2023-08-21,F0A3,S. Fomin,Sergey Fomin,682,40,https://www.atptour.com/en/rankings/singles?dateWeek=2023-08-21&rankRange=0-5000,2026-03-22T00:50:40Z
atp,2023-08-21,GC17,O. Gutierrez,Oscar Jose Gutierrez,683,40,https://www.atptour.com/en/rankings/singles?dateWeek=2023-08-21&rankRange=0-5000,2026-03-22T00:50:40Z
atp,2023-08-21,TG67,K. Tamm,Kristjan Tamm,684,40,https://www.atptour.com/en/rankings/singles?dateWeek=2023-08-21&rankRange=0-5000,2026-03-22T00:50:40Z
atp,2023-08-21,C0HV,L. Castagnola,Luca Castagnola,685,40,https://www.atptour.com/en/rankings/singles?dateWeek=2023-08-21&rankRange=0-5000,2026-03-22T00:50:40Z
atp,2023-08-21,R0AR,D. Rodrigues,Daniel Rodrigues,686,40,https://www.atptour.com/en/rankings/singles?dateWeek=2023-08-21&rankRange=0-5000,2026-03-22T00:50:40Z
atp,2023-08-21,T0AG,Z. Tkemaladze,Zura Tkemaladze,687,40,https://www.atptour.com/en/rankings/singles?dateWeek=2023-08-21&rankRange=0-5000,2026-03-22T00:50:40Z
atp,2023-08-21,I330,S. Imai,Shintaro Imai,688,39,https://www.atptour.com/en/rankings/singles?dateWeek=2023-08-21&rankRange=0-5000,2026-03-22T00:50:40Z
atp,2023-08-21,B0I0,A. Bernard,Alexander Bernard,689,39,https://www.atptour.com/en/rankings/singles?dateWeek=2023-08-21&rankRange=0-5000,2026-03-22T00:50:40Z
atp,2023-08-21,T0HA,L. Tien,Learner Tien,690,39,https://www.atptour.com/en/rankings/singles?dateWeek=2023-08-21&rankRange=0-5000,2026-03-22T00:50:40Z
atp,2023-08-21,J0B5,G. Johns,Garrett Johns,691,39,https://www.atptour.com/en/rankings/singles?dateWeek=2023-08-21&rankRange=0-5000,2026-03-22T00:50:40Z
atp,2023-08-21,CF60,P. Juszczak,Pawel Juszczak,692,39,https://www.atptour.com/en/rankings/singles?dateWeek=2023-08-21&rankRange=0-5000,2026-03-22T00:50:40Z
atp,2023-08-21,G0J9,S. Gulin,Svyatoslav Gulin,693,39,https://www.atptour.com/en/rankings/singles?dateWeek=2023-08-21&rankRange=0-5000,2026-03-22T00:50:40Z
atp,2023-08-21,B0QC,G. Bailly,Gilles Arnaud Bailly,694,39,https://www.atptour.com/en/rankings/singles?dateWeek=2023-08-21&rankRange=0-5000,2026-03-22T00:50:40Z
atp,2023-08-21,LB51,J. Lenz,Julian Lenz,695,38,https://www.atptour.com/en/rankings/singles?dateWeek=2023-08-21&rankRange=0-5000,2026-03-22T00:50:40Z
atp,2023-08-21,Y124,D. Young,Donald Young,696,38,https://www.atptour.com/en/rankings/singles?dateWeek=2023-08-21&rankRange=0-5000,2026-03-22T00:50:40Z
atp,2023-08-21,TG52,L. Tomasetto,Luca Tomasetto,697,38,https://www.atptour.com/en/rankings/singles?dateWeek=2023-08-21&rankRange=0-5000,2026-03-22T00:50:40Z
atp,2023-08-21,S0NN,J. Sheehy,Joshua Sheehy,698,38,https://www.atptour.com/en/rankings/singles?dateWeek=2023-08-21&rankRange=0-5000,2026-03-22T00:50:40Z
atp,2023-08-21,P0IT,O. Pieczkowski,Olaf Pieczkowski,699,38,https://www.atptour.com/en/rankings/singles?dateWeek=2023-08-21&rankRange=0-5000,2026-03-22T00:50:40Z
atp,2023-08-21,T0GF,J. Tracy,Jj Tracy,700,37,https://www.atptour.com/en/rankings/singles?dateWeek=2023-08-21&rankRange=0-5000,2026-03-22T00:50:40Z
atp,2023-08-21,D0D4,S. Dostanic,Stefan Dostanic,701,37,https://www.atptour.com/en/rankings/singles?dateWeek=2023-08-21&rankRange=0-5000,2026-03-22T00:50:40Z
atp,2023-08-21,H940,R. Harrison,Ryan Harrison,702,37,https://www.atptour.com/en/rankings/singles?dateWeek=2023-08-21&rankRange=0-5000,2026-03-22T00:50:40Z
atp,2023-08-21,MJ70,K. Maamoun,Karim Mohamed Maamoun,703,37,https://www.atptour.com/en/rankings/singles?dateWeek=2023-08-21&rankRange=0-5000,2026-03-22T00:50:40Z
atp,2023-08-21,M0FA,A. Matusevich,Anton Matusevich,704,37,https://www.atptour.com/en/rankings/singles?dateWeek=2023-08-21&rankRange=0-5000,2026-03-22T00:50:40Z
atp,2023-08-21,S0O6,I. Simakin,Ilia Simakin,705,37,https://www.atptour.com/en/rankings/singles?dateWeek=2023-08-21&rankRange=0-5000,2026-03-22T00:50:40Z
atp,2023-08-21,DH53,V. Dancu,Vlad Andrei Dancu,706,37,https://www.atptour.com/en/rankings/singles?dateWeek=2023-08-21&rankRange=0-5000,2026-03-22T00:50:40Z
atp,2023-08-21,SF41,A. Setkic,Aldin Setkic,707,37,https://www.atptour.com/en/rankings/singles?dateWeek=2023-08-21&rankRange=0-5000,2026-03-22T00:50:40Z
atp,2023-08-21,DC38,J. Delaney,Jake Delaney,708,37,https://www.atptour.com/en/rankings/singles?dateWeek=2023-08-21&rankRange=0-5000,2026-03-22T00:50:40Z
atp,2023-08-21,L733,Z. Li,Zhe Li,709,36,https://www.atptour.com/en/rankings/singles?dateWeek=2023-08-21&rankRange=0-5000,2026-03-22T00:50:40Z
atp,2023-08-21,M0NA,S. Mitsui,Shunsuke Mitsui,710,36,https://www.atptour.com/en/rankings/singles?dateWeek=2023-08-21&rankRange=0-5000,2026-03-22T00:50:40Z
atp,2023-08-21,S0EK,M. Soto,Matias Soto,711,36,https://www.atptour.com/en/rankings/singles?dateWeek=2023-08-21&rankRange=0-5000,2026-03-22T00:50:40Z
atp,2023-08-21,C0HX,O. Baris,Ozan Baris,712,36,https://www.atptour.com/en/rankings/singles?dateWeek=2023-08-21&rankRange=0-5000,2026-03-22T00:50:40Z
atp,2023-08-21,K0AK,Y. Kawahashi,Yuta Kawahashi,713,36,https://www.atptour.com/en/rankings/singles?dateWeek=2023-08-21&rankRange=0-5000,2026-03-22T00:50:40Z
atp,2023-08-21,B0IF,B. Baker,Blu Baker,714,36,https://www.atptour.com/en/rankings/singles?dateWeek=2023-08-21&rankRange=0-5000,2026-03-22T00:50:40Z
atp,2023-08-21,F09U,M. Fuele,Matyas Fuele,715,36,https://www.atptour.com/en/rankings/singles?dateWeek=2023-08-21&rankRange=0-5000,2026-03-22T00:50:40Z
atp,2023-08-21,A0FM,E. Agafonov,Egor Agafonov,716,36,https://www.atptour.com/en/rankings/singles?dateWeek=2023-08-21&rankRange=0-5000,2026-03-22T00:50:40Z
atp,2023-08-21,CH80,L. Castelnuovo,Luca Castelnuovo,717,36,https://www.atptour.com/en/rankings/singles?dateWeek=2023-08-21&rankRange=0-5000,2026-03-22T00:50:40Z
atp,2023-08-21,K0HZ,A. Kim,Aidan Kim,718,36,https://www.atptour.com/en/rankings/singles?dateWeek=2023-08-21&rankRange=0-5000,2026-03-22T00:50:40Z
atp,2023-08-21,W0BU,O. Wallin,Olle Wallin,719,35,https://www.atptour.com/en/rankings/singles?dateWeek=2023-08-21&rankRange=0-5000,2026-03-22T00:50:40Z
atp,2023-08-21,Z363,M. Zormann,Marcelo Zormann,720,35,https://www.atptour.com/en/rankings/singles?dateWeek=2023-08-21&rankRange=0-5000,2026-03-22T00:50:40Z
atp,2023-08-21,MO76,G. Madarasz,Gergely Madarasz,721,35,https://www.atptour.com/en/rankings/singles?dateWeek=2023-08-21&rankRange=0-5000,2026-03-22T00:50:40Z
atp,2023-08-21,B0ID,I. Buse,Ignacio Buse,722,35,https://www.atptour.com/en/rankings/singles?dateWeek=2023-08-21&rankRange=0-5000,2026-03-22T00:50:40Z
atp,2023-08-21,H0EC,C. Hanzlik,Cash Hanzlik,723,35,https://www.atptour.com/en/rankings/singles?dateWeek=2023-08-21&rankRange=0-5000,2026-03-22T00:50:40Z
atp,2023-08-21,G0IW,A. Ghibaudo,Antoine Ghibaudo,724,35,https://www.atptour.com/en/rankings/singles?dateWeek=2023-08-21&rankRange=0-5000,2026-03-22T00:50:40Z
atp,2023-08-21,L0IL,M. Landaluce,Martin Landaluce,725,35,https://www.atptour.com/en/rankings/singles?dateWeek=2023-08-21&rankRange=0-5000,2026-03-22T00:50:40Z
atp,2023-08-21,A622,A. Arnaboldi,Andrea Arnaboldi,726,35,https://www.atptour.com/en/rankings/singles?dateWeek=2023-08-21&rankRange=0-5000,2026-03-22T00:50:40Z
atp,2023-08-21,MO54,J. Martinez Martinez,Jorge Martinez Martinez,727,35,https://www.atptour.com/en/rankings/singles?dateWeek=2023-08-21&rankRange=0-5000,2026-03-22T00:50:40Z
atp,2023-08-21,O656,A. Oetzbach,Adrian Oetzbach,728,35,https://www.atptour.com/en/rankings/singles?dateWeek=2023-08-21&rankRange=0-5000,2026-03-22T00:50:40Z
atp,2023-08-21,J397,J. Janowicz,Jerzy Janowicz,729,34,https://www.atptour.com/en/rankings/singles?dateWeek=2023-08-21&rankRange=0-5000,2026-03-22T00:50:40Z
atp,2023-08-21,BE69,Y. Bai,Yan Bai,730,34,https://www.atptour.com/en/rankings/singles?dateWeek=2023-08-21&rankRange=0-5000,2026-03-22T00:50:40Z
atp,2023-08-21,M0GB,A. Martinez,Alex Martinez,731,34,https://www.atptour.com/en/rankings/singles?dateWeek=2023-08-21&rankRange=0-5000,2026-03-22T00:50:40Z
atp,2023-08-21,P0CD,D. Paty,Daniel Paty,732,34,https://www.atptour.com/en/rankings/singles?dateWeek=2023-08-21&rankRange=0-5000,2026-03-22T00:50:40Z
atp,2023-08-21,R0BC,L. Rodriguez,Lorenzo Joaquin Rodriguez,733,34,https://www.atptour.com/en/rankings/singles?dateWeek=2023-08-21&rankRange=0-5000,2026-03-22T00:50:40Z
atp,2023-08-21,BU35,M. Broville,Maxence Broville,734,34,https://www.atptour.com/en/rankings/singles?dateWeek=2023-08-21&rankRange=0-5000,2026-03-22T00:50:40Z
atp,2023-08-21,A0EU,A. Aubriot,Alexandre Aubriot,735,34,https://www.atptour.com/en/rankings/singles?dateWeek=2023-08-21&rankRange=0-5000,2026-03-22T00:50:40Z
atp,2023-08-21,B0D8,J. Brumm,Jacob Brumm,736,34,https://www.atptour.com/en/rankings/singles?dateWeek=2023-08-21&rankRange=0-5000,2026-03-22T00:50:40Z
atp,2023-08-21,MW39,M. Martinez,Mirko Martinez,737,33,https://www.atptour.com/en/rankings/singles?dateWeek=2023-08-21&rankRange=0-5000,2026-03-22T00:50:40Z
atp,2023-08-21,H0C9,A. Huertas Del Pino Cordova,Arklon Huertas Del Pino Cordova,738,33,https://www.atptour.com/en/rankings/singles?dateWeek=2023-08-21&rankRange=0-5000,2026-03-22T00:50:40Z
atp,2023-08-21,K0FY,M. Krumich,Martin Krumich,739,33,https://www.atptour.com/en/rankings/singles?dateWeek=2023-08-21&rankRange=0-5000,2026-03-22T00:50:40Z
atp,2023-08-21,B0HF,D. Barreto Sanchez,Diego Augusto Barreto Sanchez,740,33,https://www.atptour.com/en/rankings/singles?dateWeek=2023-08-21&rankRange=0-5000,2026-03-22T00:50:40Z
atp,2023-08-21,N0CJ,P. Nesterov,Petr Nesterov,741,33,https://www.atptour.com/en/rankings/singles?dateWeek=2023-08-21&rankRange=0-5000,2026-03-22T00:50:40Z
atp,2023-08-21,J0D2,M. Jones,Maximus Jones,742,33,https://www.atptour.com/en/rankings/singles?dateWeek=2023-08-21&rankRange=0-5000,2026-03-22T00:50:40Z
atp,2023-08-21,F965,S. Fukuda,Sora Fukuda,743,32,https://www.atptour.com/en/rankings/singles?dateWeek=2023-08-21&rankRange=0-5000,2026-03-22T00:50:40Z
atp,2023-08-21,BT42,D. Boehler,Dominik Boehler,744,32,https://www.atptour.com/en/rankings/singles?dateWeek=2023-08-21&rankRange=0-5000,2026-03-22T00:50:40Z
atp,2023-08-21,R0H6,L. Rossi,Leonardo Rossi,745,32,https://www.atptour.com/en/rankings/singles?dateWeek=2023-08-21&rankRange=0-5000,2026-03-22T00:50:40Z
atp,2023-08-21,J0D4,J. Jin,Jeremy Jin,746,32,https://www.atptour.com/en/rankings/singles?dateWeek=2023-08-21&rankRange=0-5000,2026-03-22T00:50:40Z
atp,2023-08-21,S0QZ,S. Sorger,Sebastian Sorger,747,32,https://www.atptour.com/en/rankings/singles?dateWeek=2023-08-21&rankRange=0-5000,2026-03-22T00:50:40Z
atp,2023-08-21,P0GP,P. Privara,Peter Benjamin Privara,748,32,https://www.atptour.com/en/rankings/singles?dateWeek=2023-08-21&rankRange=0-5000,2026-03-22T00:50:40Z
atp,2023-08-21,BV08,B. Butulija,Boris Butulija,749,32,https://www.atptour.com/en/rankings/singles?dateWeek=2023-08-21&rankRange=0-5000,2026-03-22T00:50:40Z
atp,2023-08-21,PG03,C. Puttergill,Calum Puttergill,750,31,https://www.atptour.com/en/rankings/singles?dateWeek=2023-08-21&rankRange=0-5000,2026-03-22T00:50:40Z
atp,2023-08-21,W0B3,X. Wang,Xiaofei Wang,751,31,https://www.atptour.com/en/rankings/singles?dateWeek=2023-08-21&rankRange=0-5000,2026-03-22T00:50:40Z
atp,2023-08-21,B0C5,F. Broska,Florian Broska,752,31,https://www.atptour.com/en/rankings/singles?dateWeek=2023-08-21&rankRange=0-5000,2026-03-22T00:50:40Z
atp,2023-08-21,BP44,G. Brymer,Gage Brymer,753,31,https://www.atptour.com/en/rankings/singles?dateWeek=2023-08-21&rankRange=0-5000,2026-03-22T00:50:40Z
atp,2023-08-21,B0A0,M. Beauge,Maxence Beauge,754,31,https://www.atptour.com/en/rankings/singles?dateWeek=2023-08-21&rankRange=0-5000,2026-03-22T00:50:40Z
atp,2023-08-21,B0BK,A. Braynin,Aleksandr Braynin,755,31,https://www.atptour.com/en/rankings/singles?dateWeek=2023-08-21&rankRange=0-5000,2026-03-22T00:50:40Z
atp,2023-08-21,S0RI,K. Singh,Karan Singh,756,31,https://www.atptour.com/en/rankings/singles?dateWeek=2023-08-21&rankRange=0-5000,2026-03-22T00:50:40Z
atp,2023-08-21,B0J8,M. Braswell,Micah Braswell,757,30,https://www.atptour.com/en/rankings/singles?dateWeek=2023-08-21&rankRange=0-5000,2026-03-22T00:50:40Z
atp,2023-08-21,M0ON,J. Monday,Johannus Monday,758,30,https://www.atptour.com/en/rankings/singles?dateWeek=2023-08-21&rankRange=0-5000,2026-03-22T00:50:40Z
atp,2023-08-21,C0AJ,J. Cui,Jie Cui,759,30,https://www.atptour.com/en/rankings/singles?dateWeek=2023-08-21&rankRange=0-5000,2026-03-22T00:50:40Z
atp,2023-08-21,PH77,D. Poljak,David Poljak,760,30,https://www.atptour.com/en/rankings/singles?dateWeek=2023-08-21&rankRange=0-5000,2026-03-22T00:50:40Z
atp,2023-08-21,BV17,R. Balzerani,Riccardo Balzerani,761,30,https://www.atptour.com/en/rankings/singles?dateWeek=2023-08-21&rankRange=0-5000,2026-03-22T00:50:40Z
atp,2023-08-21,HB31,J. Haerteis,Johannes Haerteis,762,30,https://www.atptour.com/en/rankings/singles?dateWeek=2023-08-21&rankRange=0-5000,2026-03-22T00:50:40Z
atp,2023-08-21,AG60,K. Al Allaf,Kareem Al Allaf,763,30,https://www.atptour.com/en/rankings/singles?dateWeek=2023-08-21&rankRange=0-5000,2026-03-22T00:50:40Z
atp,2023-08-21,AF41,R. Agarwal,Rishab Agarwal,764,30,https://www.atptour.com/en/rankings/singles?dateWeek=2023-08-21&rankRange=0-5000,2026-03-22T00:50:40Z
atp,2023-08-21,T0BD,N. Tepmahc,Nicolas Tepmahc,765,30,https://www.atptour.com/en/rankings/singles?dateWeek=2023-08-21&rankRange=0-5000,2026-03-22T00:50:40Z
atp,2023-08-21,O09A,A. Ouakaa,Aziz Ouakaa,766,30,https://www.atptour.com/en/rankings/singles?dateWeek=2023-08-21&rankRange=0-5000,2026-03-22T00:50:40Z
atp,2023-08-21,KI74,N. Kuhn,Nicola Kuhn,767,29,https://www.atptour.com/en/rankings/singles?dateWeek=2023-08-21&rankRange=0-5000,2026-03-22T00:50:40Z
atp,2023-08-21,N974,P. Nouza,Petr Nouza,768,29,https://www.atptour.com/en/rankings/singles?dateWeek=2023-08-21&rankRange=0-5000,2026-03-22T00:50:40Z
atp,2023-08-21,SY00,C. Sigsgaard,Christian Sigsgaard,769,29,https://www.atptour.com/en/rankings/singles?dateWeek=2023-08-21&rankRange=0-5000,2026-03-22T00:50:40Z
atp,2023-08-21,W0BD,D. Wassermann,Deney Wassermann,770,29,https://www.atptour.com/en/rankings/singles?dateWeek=2023-08-21&rankRange=0-5000,2026-03-22T00:50:40Z
atp,2023-08-21,Z0C9,M. Zielinski,Marcel Zielinski,771,29,https://www.atptour.com/en/rankings/singles?dateWeek=2023-08-21&rankRange=0-5000,2026-03-22T00:50:40Z
atp,2023-08-21,W738,B. Walkin,Brandon Walkin,772,29,https://www.atptour.com/en/rankings/singles?dateWeek=2023-08-21&rankRange=0-5000,2026-03-22T00:50:40Z
atp,2023-08-21,BP79,P. Bertran,Peter Bertran,773,29,https://www.atptour.com/en/rankings/singles?dateWeek=2023-08-21&rankRange=0-5000,2026-03-22T00:50:40Z
atp,2023-08-21,K0HB,S. Kielan,Szymon Kielan,774,29,https://www.atptour.com/en/rankings/singles?dateWeek=2023-08-21&rankRange=0-5000,2026-03-22T00:50:40Z
atp,2023-08-21,I427,S. Ivanov,Simon Anthony Ivanov,775,29,https://www.atptour.com/en/rankings/singles?dateWeek=2023-08-21&rankRange=0-5000,2026-03-22T00:50:40Z
atp,2023-08-21,F0BT,J. Forejtek,Jonas Forejtek,776,28,https://www.atptour.com/en/rankings/singles?dateWeek=2023-08-21&rankRange=0-5000,2026-03-22T00:50:40Z
atp,2023-08-21,B0PG,A. Blockx,Alexander Blockx,777,28,https://www.atptour.com/en/rankings/singles?dateWeek=2023-08-21&rankRange=0-5000,2026-03-22T00:50:40Z
atp,2023-08-21,C0JX,S. Cuenin,Sean Cuenin,778,28,https://www.atptour.com/en/rankings/singles?dateWeek=2023-08-21&rankRange=0-5000,2026-03-22T00:50:40Z
atp,2023-08-21,J0CW,Y. Jang,Yunseok Jang,779,28,https://www.atptour.com/en/rankings/singles?dateWeek=2023-08-21&rankRange=0-5000,2026-03-22T00:50:40Z
atp,2023-08-21,HH32,A. Hoyos,Alejandro Hoyos,780,28,https://www.atptour.com/en/rankings/singles?dateWeek=2023-08-21&rankRange=0-5000,2026-03-22T00:50:40Z
atp,2023-08-21,R0GN,A. Raynel,Amaury Raynel,781,28,https://www.atptour.com/en/rankings/singles?dateWeek=2023-08-21&rankRange=0-5000,2026-03-22T00:50:40Z
atp,2023-08-21,O09T,K. Ogura,Kosuke Ogura,782,28,https://www.atptour.com/en/rankings/singles?dateWeek=2023-08-21&rankRange=0-5000,2026-03-22T00:50:40Z
atp,2023-08-21,K0CZ,G. Klier Junior,Gilbert Klier Junior,783,27,https://www.atptour.com/en/rankings/singles?dateWeek=2023-08-21&rankRange=0-5000,2026-03-22T00:50:40Z
atp,2023-08-21,GC89,E. Gerasimov,Egor Gerasimov,784,27,https://www.atptour.com/en/rankings/singles?dateWeek=2023-08-21&rankRange=0-5000,2026-03-22T00:50:40Z
atp,2023-08-21,H0BK,R. Horvat,Roko Horvat,785,27,https://www.atptour.com/en/rankings/singles?dateWeek=2023-08-21&rankRange=0-5000,2026-03-22T00:50:40Z
atp,2023-08-21,R0F1,J. Rodriguez,Johan Alexander Rodriguez,786,27,https://www.atptour.com/en/rankings/singles?dateWeek=2023-08-21&rankRange=0-5000,2026-03-22T00:50:40Z
atp,2023-08-21,S0LD,K. Saitoh,Keisuke Saitoh,787,27,https://www.atptour.com/en/rankings/singles?dateWeek=2023-08-21&rankRange=0-5000,2026-03-22T00:50:40Z
atp,2023-08-21,T0HM,V. Tonejc,Vito Tonejc,788,27,https://www.atptour.com/en/rankings/singles?dateWeek=2023-08-21&rankRange=0-5000,2026-03-22T00:50:40Z
atp,2023-08-21,G0GZ,L. Gavrielides,Liam Gavrielides,789,27,https://www.atptour.com/en/rankings/singles?dateWeek=2023-08-21&rankRange=0-5000,2026-03-22T00:50:40Z
atp,2023-08-21,W09X,B. Winter Lopez,Benjamin Winter Lopez,790,27,https://www.atptour.com/en/rankings/singles?dateWeek=2023-08-21&rankRange=0-5000,2026-03-22T00:50:40Z
atp,2023-08-21,B0JP,D. Blanch,Dali Blanch,791,27,https://www.atptour.com/en/rankings/singles?dateWeek=2023-08-21&rankRange=0-5000,2026-03-22T00:50:40Z
atp,2023-08-21,SY05,J. Schnaitter,Jakob Schnaitter,792,27,https://www.atptour.com/en/rankings/singles?dateWeek=2023-08-21&rankRange=0-5000,2026-03-22T00:50:40Z
atp,2023-08-21,S0BA,L. Sorrentino,Luigi Sorrentino,793,27,https://www.atptour.com/en/rankings/singles?dateWeek=2023-08-21&rankRange=0-5000,2026-03-22T00:50:40Z
atp,2023-08-21,B0OT,J. Bradshaw,Jacob Bradshaw,794,27,https://www.atptour.com/en/rankings/singles?dateWeek=2023-08-21&rankRange=0-5000,2026-03-22T00:50:40Z
atp,2023-08-21,M0GP,F. Moroni,Filippo Moroni,795,26,https://www.atptour.com/en/rankings/singles?dateWeek=2023-08-21&rankRange=0-5000,2026-03-22T00:50:40Z
atp,2023-08-21,P0AY,L. Pavlovic,Luka Pavlovic,796,26,https://www.atptour.com/en/rankings/singles?dateWeek=2023-08-21&rankRange=0-5000,2026-03-22T00:50:40Z
atp,2023-08-21,BH02,S. Bangoura,Sekou Bangoura,797,26,https://www.atptour.com/en/rankings/singles?dateWeek=2023-08-21&rankRange=0-5000,2026-03-22T00:50:40Z
atp,2023-08-21,Z366,M. Zukas,Matias Zukas,798,26,https://www.atptour.com/en/rankings/singles?dateWeek=2023-08-21&rankRange=0-5000,2026-03-22T00:50:40Z
atp,2023-08-21,I0A6,T. Ichikawa,Taisei Ichikawa,799,26,https://www.atptour.com/en/rankings/singles?dateWeek=2023-08-21&rankRange=0-5000,2026-03-22T00:50:40Z
atp,2023-08-21,DH46,A. Donski,Alexander Donski,800,26,https://www.atptour.com/en/rankings/singles?dateWeek=2023-08-21&rankRange=0-5000,2026-03-22T00:50:40Z
atp,2023-08-21,Y223,F. Yamacita,Fernando Yamacita,801,26,https://www.atptour.com/en/rankings/singles?dateWeek=2023-08-21&rankRange=0-5000,2026-03-22T00:50:40Z
atp,2023-08-21,C09G,I. Carou,Ignacio Carou,802,26,https://www.atptour.com/en/rankings/singles?dateWeek=2023-08-21&rankRange=0-5000,2026-03-22T00:50:40Z
atp,2023-08-21,S0F7,A. Skorilas,Alexandros Skorilas,803,26,https://www.atptour.com/en/rankings/singles?dateWeek=2023-08-21&rankRange=0-5000,2026-03-22T00:50:40Z
atp,2023-08-21,S0Z6,A. Stater,Alexander Stater,804,25,https://www.atptour.com/en/rankings/singles?dateWeek=2023-08-21&rankRange=0-5000,2026-03-22T00:50:40Z
atp,2023-08-21,BC65,M. Bachinger,Matthias Bachinger,805,25,https://www.atptour.com/en/rankings/singles?dateWeek=2023-08-21&rankRange=0-5000,2026-03-22T00:50:40Z
atp,2023-08-21,DH55,M. De Krom,Michiel De Krom,806,25,https://www.atptour.com/en/rankings/singles?dateWeek=2023-08-21&rankRange=0-5000,2026-03-22T00:50:40Z
atp,2023-08-21,P0IY,J. Prado Angelo,Juan Carlos Prado Angelo,807,25,https://www.atptour.com/en/rankings/singles?dateWeek=2023-08-21&rankRange=0-5000,2026-03-22T00:50:40Z
atp,2023-08-21,C0OW,L. Carboni,Lorenzo Carboni,808,25,https://www.atptour.com/en/rankings/singles?dateWeek=2023-08-21&rankRange=0-5000,2026-03-22T00:50:40Z
atp,2023-08-21,L0DM,A. Lingua Lavallen,Alejo Lorenzo Lingua Lavallen,809,25,https://www.atptour.com/en/rankings/singles?dateWeek=2023-08-21&rankRange=0-5000,2026-03-22T00:50:40Z
atp,2023-08-21,J0CM,V. Jovic,Viktor Jovic,810,25,https://www.atptour.com/en/rankings/singles?dateWeek=2023-08-21&rankRange=0-5000,2026-03-22T00:50:40Z
atp,2023-08-21,C0JV,L. Claverie,Lorenzo Claverie,811,25,https://www.atptour.com/en/rankings/singles?dateWeek=2023-08-21&rankRange=0-5000,2026-03-22T00:50:40Z
atp,2023-08-21,SY42,T. Setodji,Thomas Setodji,812,24,https://www.atptour.com/en/rankings/singles?dateWeek=2023-08-21&rankRange=0-5000,2026-03-22T00:50:40Z
atp,2023-08-21,VA22,M. Vocel,Matej Vocel,813,24,https://www.atptour.com/en/rankings/singles?dateWeek=2023-08-21&rankRange=0-5000,2026-03-22T00:50:40Z
atp,2023-08-21,I0B0,A. Ilagan,Andre Ilagan,814,24,https://www.atptour.com/en/rankings/singles?dateWeek=2023-08-21&rankRange=0-5000,2026-03-22T00:50:40Z
atp,2023-08-21,C882,P. Cuevas,Pablo Cuevas,815,24,https://www.atptour.com/en/rankings/singles?dateWeek=2023-08-21&rankRange=0-5000,2026-03-22T00:50:40Z
atp,2023-08-21,MM79,B. Mott,Blake Mott,816,24,https://www.atptour.com/en/rankings/singles?dateWeek=2023-08-21&rankRange=0-5000,2026-03-22T00:50:40Z
atp,2023-08-21,B0J6,T. Browning,Tauheed Browning,817,24,https://www.atptour.com/en/rankings/singles?dateWeek=2023-08-21&rankRange=0-5000,2026-03-22T00:50:40Z
atp,2023-08-21,HB05,C. Harrison,Christian Harrison,818,24,https://www.atptour.com/en/rankings/singles?dateWeek=2023-08-21&rankRange=0-5000,2026-03-22T00:50:40Z
atp,2023-08-21,DB32,Y. Dzhavakian,Yurii Dzhavakian,819,24,https://www.atptour.com/en/rankings/singles?dateWeek=2023-08-21&rankRange=0-5000,2026-03-22T00:50:40Z
atp,2023-08-21,J09J,Y. Jeong,Yeong Seok Jeong,820,24,https://www.atptour.com/en/rankings/singles?dateWeek=2023-08-21&rankRange=0-5000,2026-03-22T00:50:40Z
atp,2023-08-21,P0J1,R. Pacheco Mendez,Rodrigo Pacheco Mendez,821,24,https://www.atptour.com/en/rankings/singles?dateWeek=2023-08-21&rankRange=0-5000,2026-03-22T00:50:40Z
atp,2023-08-21,G0B2,J. Goodger,Joshua Goodger,822,24,https://www.atptour.com/en/rankings/singles?dateWeek=2023-08-21&rankRange=0-5000,2026-03-22T00:50:40Z
atp,2023-08-21,MM78,J. Mridha,Jonathan Mridha,823,24,https://www.atptour.com/en/rankings/singles?dateWeek=2023-08-21&rankRange=0-5000,2026-03-22T00:50:40Z
atp,2023-08-21,K0JB,N. Kobelt,Nicolas Kobelt,824,24,https://www.atptour.com/en/rankings/singles?dateWeek=2023-08-21&rankRange=0-5000,2026-03-22T00:50:40Z
atp,2023-08-21,SZ36,N. Schell,Niklas Schell,825,24,https://www.atptour.com/en/rankings/singles?dateWeek=2023-08-21&rankRange=0-5000,2026-03-22T00:50:40Z
atp,2023-08-21,M0CD,M. Miceli,Marco Miceli,826,24,https://www.atptour.com/en/rankings/singles?dateWeek=2023-08-21&rankRange=0-5000,2026-03-22T00:50:40Z
atp,2023-08-21,T0AF,F. Tenti,Fermin Tenti,827,24,https://www.atptour.com/en/rankings/singles?dateWeek=2023-08-21&rankRange=0-5000,2026-03-22T00:50:40Z
atp,2023-08-21,H0AG,R. Ho,Ray Ho,828,24,https://www.atptour.com/en/rankings/singles?dateWeek=2023-08-21&rankRange=0-5000,2026-03-22T00:50:40Z
atp,2023-08-21,K863,C. Kim,Cheong Eui Kim,829,23,https://www.atptour.com/en/rankings/singles?dateWeek=2023-08-21&rankRange=0-5000,2026-03-22T00:50:40Z
atp,2023-08-21,TG46,R. Tanuma,Ryota Tanuma,830,23,https://www.atptour.com/en/rankings/singles?dateWeek=2023-08-21&rankRange=0-5000,2026-03-22T00:50:40Z
atp,2023-08-21,D0DK,S. De La Fuente,Santiago De La Fuente,831,23,https://www.atptour.com/en/rankings/singles?dateWeek=2023-08-21&rankRange=0-5000,2026-03-22T00:50:40Z
atp,2023-08-21,S0C2,H. Shiraishi,Hikaru Shiraishi,832,23,https://www.atptour.com/en/rankings/singles?dateWeek=2023-08-21&rankRange=0-5000,2026-03-22T00:50:40Z
atp,2023-08-21,S0BG,D. Sumizawa,Daisuke Sumizawa,833,23,https://www.atptour.com/en/rankings/singles?dateWeek=2023-08-21&rankRange=0-5000,2026-03-22T00:50:40Z
atp,2023-08-21,M0HB,F. Musitelli,François Musitelli,834,23,https://www.atptour.com/en/rankings/singles?dateWeek=2023-08-21&rankRange=0-5000,2026-03-22T00:50:40Z
atp,2023-08-21,O684,O. O'Hoisin,Osgar O'hoisin,835,23,https://www.atptour.com/en/rankings/singles?dateWeek=2023-08-21&rankRange=0-5000,2026-03-22T00:50:40Z
atp,2023-08-21,SA93,A. Seppi,Andreas Seppi,836,22,https://www.atptour.com/en/rankings/singles?dateWeek=2023-08-21&rankRange=0-5000,2026-03-22T00:50:40Z
atp,2023-08-21,M0NP,A. Martin,Andres Martin,837,22,https://www.atptour.com/en/rankings/singles?dateWeek=2023-08-21&rankRange=0-5000,2026-03-22T00:50:40Z
atp,2023-08-21,CC98,M. Cuevas,Martin Cuevas,838,22,https://www.atptour.com/en/rankings/singles?dateWeek=2023-08-21&rankRange=0-5000,2026-03-22T00:50:40Z
atp,2023-08-21,G0IX,A. Gea,Arthur Gea,839,22,https://www.atptour.com/en/rankings/singles?dateWeek=2023-08-21&rankRange=0-5000,2026-03-22T00:50:40Z
atp,2023-08-21,BP74,A. Bakshi,Aleksandre Bakshi,840,22,https://www.atptour.com/en/rankings/singles?dateWeek=2023-08-21&rankRange=0-5000,2026-03-22T00:50:40Z
atp,2023-08-21,K0BD,L. Krainer,Lukas Krainer,841,22,https://www.atptour.com/en/rankings/singles?dateWeek=2023-08-21&rankRange=0-5000,2026-03-22T00:50:40Z
atp,2023-08-21,RH17,J. Roberts,Justin Roberts,844,22,https://www.atptour.com/en/rankings/singles?dateWeek=2023-08-21&rankRange=0-5000,2026-03-22T00:50:40Z
atp,2023-08-21,MP94,A. Moundir,Adam Moundir,845,22,https://www.atptour.com/en/rankings/singles?dateWeek=2023-08-21&rankRange=0-5000,2026-03-22T00:50:40Z
atp,2023-08-21,MN23,A. Metreveli,Aleksandre Metreveli,846,22,https://www.atptour.com/en/rankings/singles?dateWeek=2023-08-21&rankRange=0-5000,2026-03-22T00:50:40Z
atp,2023-08-21,G0D9,I. Gimenez,Igor Gimenez,847,22,https://www.atptour.com/en/rankings/singles?dateWeek=2023-08-21&rankRange=0-5000,2026-03-22T00:50:40Z
atp,2023-08-21,K0EZ,Y. Kikuchi,Yuta Kikuchi,848,21,https://www.atptour.com/en/rankings/singles?dateWeek=2023-08-21&rankRange=0-5000,2026-03-22T00:50:40Z
atp,2023-08-21,V0DQ,I. Vasa,Iiro Vasa,849,21,https://www.atptour.com/en/rankings/singles?dateWeek=2023-08-21&rankRange=0-5000,2026-03-22T00:50:40Z
atp,2023-08-21,S0AO,L. Simkiss,Luke Simkiss,850,21,https://www.atptour.com/en/rankings/singles?dateWeek=2023-08-21&rankRange=0-5000,2026-03-22T00:50:40Z
atp,2023-08-21,L0BU,H. Liu,Hanyi Liu,851,21,https://www.atptour.com/en/rankings/singles?dateWeek=2023-08-21&rankRange=0-5000,2026-03-22T00:50:40Z
atp,2023-08-21,TD47,E. Tiurnev,Evgenii Tiurnev,852,21,https://www.atptour.com/en/rankings/singles?dateWeek=2023-08-21&rankRange=0-5000,2026-03-22T00:50:40Z
atp,2023-08-21,B0HY,I. Becroft,Isaac Becroft,853,21,https://www.atptour.com/en/rankings/singles?dateWeek=2023-08-21&rankRange=0-5000,2026-03-22T00:50:40Z
atp,2023-08-21,GD91,J. Galarza,Juan Ignacio Galarza,854,21,https://www.atptour.com/en/rankings/singles?dateWeek=2023-08-21&rankRange=0-5000,2026-03-22T00:50:40Z
atp,2023-08-21,F0F4,K. Feldbausch,Kilian Feldbausch,855,21,https://www.atptour.com/en/rankings/singles?dateWeek=2023-08-21&rankRange=0-5000,2026-03-22T00:50:40Z
atp,2023-08-21,K0EL,A. Kotzen,Alexander Kotzen,856,21,https://www.atptour.com/en/rankings/singles?dateWeek=2023-08-21&rankRange=0-5000,2026-03-22T00:50:40Z
atp,2023-08-21,L0DE,R. Lambling,Raphael Lambling,857,21,https://www.atptour.com/en/rankings/singles?dateWeek=2023-08-21&rankRange=0-5000,2026-03-22T00:50:40Z
atp,2023-08-21,B0Q9,A. Bacaloni,Andrea Bacaloni,858,21,https://www.atptour.com/en/rankings/singles?dateWeek=2023-08-21&rankRange=0-5000,2026-03-22T00:50:40Z
atp,2023-08-21,P0KJ,D. Pham,Derek Pham,859,21,https://www.atptour.com/en/rankings/singles?dateWeek=2023-08-21&rankRange=0-5000,2026-03-22T00:50:40Z
atp,2023-08-21,O0AI,D. Obradovic,Dusan Obradovic,860,21,https://www.atptour.com/en/rankings/singles?dateWeek=2023-08-21&rankRange=0-5000,2026-03-22T00:50:40Z
atp,2023-08-21,P0CU,B. Pujol Navarro,Bruno Pujol Navarro,861,21,https://www.atptour.com/en/rankings/singles?dateWeek=2023-08-21&rankRange=0-5000,2026-03-22T00:50:40Z
atp,2023-08-21,H0EZ,S. Hamza Reguig,Samir Hamza Reguig,862,21,https://www.atptour.com/en/rankings/singles?dateWeek=2023-08-21&rankRange=0-5000,2026-03-22T00:50:40Z
atp,2023-08-21,I0AX,K. Isomura,Kokoro Isomura,863,21,https://www.atptour.com/en/rankings/singles?dateWeek=2023-08-21&rankRange=0-5000,2026-03-22T00:50:40Z
atp,2023-08-21,KA98,B. Klahn,Bradley Klahn,864,20,https://www.atptour.com/en/rankings/singles?dateWeek=2023-08-21&rankRange=0-5000,2026-03-22T00:50:40Z
atp,2023-08-21,PH02,D. Pontoglio,Davide Pontoglio,865,20,https://www.atptour.com/en/rankings/singles?dateWeek=2023-08-21&rankRange=0-5000,2026-03-22T00:50:40Z
atp,2023-08-21,M0C2,D. Martin,Dan Martin,866,20,https://www.atptour.com/en/rankings/singles?dateWeek=2023-08-21&rankRange=0-5000,2026-03-22T00:50:40Z
atp,2023-08-21,J0C2,J. Jans,Jarno Jans,867,20,https://www.atptour.com/en/rankings/singles?dateWeek=2023-08-21&rankRange=0-5000,2026-03-22T00:50:40Z
atp,2023-08-21,M0SB,K. Matsuda,Koki Matsuda,868,20,https://www.atptour.com/en/rankings/singles?dateWeek=2023-08-21&rankRange=0-5000,2026-03-22T00:50:40Z
atp,2023-08-21,HB83,M. Harper,Mitchell Harper,869,20,https://www.atptour.com/en/rankings/singles?dateWeek=2023-08-21&rankRange=0-5000,2026-03-22T00:50:40Z
atp,2023-08-21,VA48,S. Vishwakarma,Siddharth Vishwakarma,870,20,https://www.atptour.com/en/rankings/singles?dateWeek=2023-08-21&rankRange=0-5000,2026-03-22T00:50:40Z
atp,2023-08-21,M0EN,M. Mazza,Manuel Mazza,871,20,https://www.atptour.com/en/rankings/singles?dateWeek=2023-08-21&rankRange=0-5000,2026-03-22T00:50:40Z
atp,2023-08-21,PM12,N. Parizzia,Nicolas Parizzia,872,20,https://www.atptour.com/en/rankings/singles?dateWeek=2023-08-21&rankRange=0-5000,2026-03-22T00:50:40Z
atp,2023-08-21,L0G5,J. Loureiro,Joao Victor Couto Loureiro,873,20,https://www.atptour.com/en/rankings/singles?dateWeek=2023-08-21&rankRange=0-5000,2026-03-22T00:50:40Z
atp,2023-08-21,TB70,W. Trongcharoenchaikul,Wishaya Trongcharoenchaikul,874,20,https://www.atptour.com/en/rankings/singles?dateWeek=2023-08-21&rankRange=0-5000,2026-03-22T00:50:40Z
atp,2023-08-21,GF20,D. Galoppini,Davide Galoppini,875,20,https://www.atptour.com/en/rankings/singles?dateWeek=2023-08-21&rankRange=0-5000,2026-03-22T00:50:40Z
atp,2023-08-21,N0BE,A. Neff,Adam Neff,876,19,https://www.atptour.com/en/rankings/singles?dateWeek=2023-08-21&rankRange=0-5000,2026-03-22T00:50:40Z
atp,2023-08-21,N0DY,F. Nidunjianzan,Fnu Nidunjianzan,877,19,https://www.atptour.com/en/rankings/singles?dateWeek=2023-08-21&rankRange=0-5000,2026-03-22T00:50:40Z
atp,2023-08-21,P0B6,S. Polukhin,Savva Polukhin,878,19,https://www.atptour.com/en/rankings/singles?dateWeek=2023-08-21&rankRange=0-5000,2026-03-22T00:50:40Z
atp,2023-08-21,KE69,M. Kestelboim,Mariano Kestelboim,879,19,https://www.atptour.com/en/rankings/singles?dateWeek=2023-08-21&rankRange=0-5000,2026-03-22T00:50:40Z
atp,2023-08-21,V0D0,N. Visker,Niels Visker,880,19,https://www.atptour.com/en/rankings/singles?dateWeek=2023-08-21&rankRange=0-5000,2026-03-22T00:50:40Z
atp,2023-08-21,V0BC,C. Vandermeersch,Cyril Vandermeersch,881,19,https://www.atptour.com/en/rankings/singles?dateWeek=2023-08-21&rankRange=0-5000,2026-03-22T00:50:40Z
atp,2023-08-21,VA27,M. Veldheer,Mick Veldheer,882,19,https://www.atptour.com/en/rankings/singles?dateWeek=2023-08-21&rankRange=0-5000,2026-03-22T00:50:40Z
atp,2023-08-21,WB36,C. Wang,Chukang Wang,883,19,https://www.atptour.com/en/rankings/singles?dateWeek=2023-08-21&rankRange=0-5000,2026-03-22T00:50:40Z
atp,2023-08-21,B0NV,P. Brady,Patrick Brady,884,19,https://www.atptour.com/en/rankings/singles?dateWeek=2023-08-21&rankRange=0-5000,2026-03-22T00:50:40Z
atp,2023-08-21,A0E6,B. Atlangeriev,Bekkhan Atlangeriev,885,19,https://www.atptour.com/en/rankings/singles?dateWeek=2023-08-21&rankRange=0-5000,2026-03-22T00:50:40Z
atp,2023-08-21,I416,Y. Inui,Yuichiro Inui,886,19,https://www.atptour.com/en/rankings/singles?dateWeek=2023-08-21&rankRange=0-5000,2026-03-22T00:50:40Z
atp,2023-08-21,B0EK,M. Bouzige,Moerani Bouzige,887,19,https://www.atptour.com/en/rankings/singles?dateWeek=2023-08-21&rankRange=0-5000,2026-03-22T00:50:40Z
atp,2023-08-21,N724,G. Noce,Gabriele Maria Noce,888,19,https://www.atptour.com/en/rankings/singles?dateWeek=2023-08-21&rankRange=0-5000,2026-03-22T00:50:40Z
atp,2023-08-21,T0GR,O. Tarvet,Oliver Tarvet,889,18,https://www.atptour.com/en/rankings/singles?dateWeek=2023-08-21&rankRange=0-5000,2026-03-22T00:50:40Z
atp,2023-08-21,G858,E. Gulbis,Ernests Gulbis,890,18,https://www.atptour.com/en/rankings/singles?dateWeek=2023-08-21&rankRange=0-5000,2026-03-22T00:50:40Z
atp,2023-08-21,R0IL,I. Radulov,Iliyan Radulov,891,18,https://www.atptour.com/en/rankings/singles?dateWeek=2023-08-21&rankRange=0-5000,2026-03-22T00:50:40Z
atp,2023-08-21,S0DH,R. Smith,Roy Smith,892,18,https://www.atptour.com/en/rankings/singles?dateWeek=2023-08-21&rankRange=0-5000,2026-03-22T00:50:40Z
atp,2023-08-21,E858,F. Egea,Franco Emanuel Egea,893,18,https://www.atptour.com/en/rankings/singles?dateWeek=2023-08-21&rankRange=0-5000,2026-03-22T00:50:40Z
atp,2023-08-21,Y0AT,J. Yang,Jimmy Yang,894,18,https://www.atptour.com/en/rankings/singles?dateWeek=2023-08-21&rankRange=0-5000,2026-03-22T00:50:40Z
atp,2023-08-21,P0GN,T. Paris,Tom Paris,895,18,https://www.atptour.com/en/rankings/singles?dateWeek=2023-08-21&rankRange=0-5000,2026-03-22T00:50:40Z
atp,2023-08-21,RB49,L. Renard,Lucas Renard,896,18,https://www.atptour.com/en/rankings/singles?dateWeek=2023-08-21&rankRange=0-5000,2026-03-22T00:50:40Z
atp,2023-08-21,B0GI,A. Binda,Alexander Binda,897,18,https://www.atptour.com/en/rankings/singles?dateWeek=2023-08-21&rankRange=0-5000,2026-03-22T00:50:40Z
atp,2023-08-21,L0GR,J. La Serna,Juan Manuel La Serna,898,18,https://www.atptour.com/en/rankings/singles?dateWeek=2023-08-21&rankRange=0-5000,2026-03-22T00:50:40Z
atp,2023-08-21,N934,K. Nishiwaki,Kazuki Nishiwaki,899,18,https://www.atptour.com/en/rankings/singles?dateWeek=2023-08-21&rankRange=0-5000,2026-03-22T00:50:40Z
atp,2023-08-21,R0AI,S. Reitano,Stefano Reitano,900,18,https://www.atptour.com/en/rankings/singles?dateWeek=2023-08-21&rankRange=0-5000,2026-03-22T00:50:40Z
atp,2023-08-21,B0MG,N. Buitrago,Nicolas Buitrago,901,18,https://www.atptour.com/en/rankings/singles?dateWeek=2023-08-21&rankRange=0-5000,2026-03-22T00:50:40Z
atp,2023-08-21,Z09W,L. Zima,Leopold Zima,902,18,https://www.atptour.com/en/rankings/singles?dateWeek=2023-08-21&rankRange=0-5000,2026-03-22T00:50:40Z
atp,2023-08-21,S0JH,F. Speziali,Filippo Speziali,903,18,https://www.atptour.com/en/rankings/singles?dateWeek=2023-08-21&rankRange=0-5000,2026-03-22T00:50:40Z
atp,2023-08-21,BH80,A. Basso,Andrea Basso,904,17,https://www.atptour.com/en/rankings/singles?dateWeek=2023-08-21&rankRange=0-5000,2026-03-22T00:50:40Z
atp,2023-08-21,MO55,L. Miedler,Lucas Miedler,905,17,https://www.atptour.com/en/rankings/singles?dateWeek=2023-08-21&rankRange=0-5000,2026-03-22T00:50:40Z
atp,2023-08-21,B0C7,J. Barki,Justin Barki,906,17,https://www.atptour.com/en/rankings/singles?dateWeek=2023-08-21&rankRange=0-5000,2026-03-22T00:50:40Z
atp,2023-08-21,N0D9,J. Nicod,Jakub Nicod,907,17,https://www.atptour.com/en/rankings/singles?dateWeek=2023-08-21&rankRange=0-5000,2026-03-22T00:50:40Z
atp,2023-08-21,R09T,A. Reco,Alexandre Reco,908,17,https://www.atptour.com/en/rankings/singles?dateWeek=2023-08-21&rankRange=0-5000,2026-03-22T00:50:40Z
atp,2023-08-21,RH88,A. Rubio Fierros,Alan Fernando Rubio Fierros,909,17,https://www.atptour.com/en/rankings/singles?dateWeek=2023-08-21&rankRange=0-5000,2026-03-22T00:50:40Z
atp,2023-08-21,B0E4,M. Barreiros Reyes,Mateo Barreiros Reyes,910,17,https://www.atptour.com/en/rankings/singles?dateWeek=2023-08-21&rankRange=0-5000,2026-03-22T00:50:40Z
atp,2023-08-21,A0IE,S. Andre,Seydina Andre,911,17,https://www.atptour.com/en/rankings/singles?dateWeek=2023-08-21&rankRange=0-5000,2026-03-22T00:50:40Z
atp,2023-08-21,X01A,L. Xiao,Linang Xiao,912,17,https://www.atptour.com/en/rankings/singles?dateWeek=2023-08-21&rankRange=0-5000,2026-03-22T00:50:40Z
atp,2023-08-21,H0EI,M. Hurrion,Millen Hurrion,913,17,https://www.atptour.com/en/rankings/singles?dateWeek=2023-08-21&rankRange=0-5000,2026-03-22T00:50:40Z
atp,2023-08-21,F0FF,P. Florig,Philip Florig,914,17,https://www.atptour.com/en/rankings/singles?dateWeek=2023-08-21&rankRange=0-5000,2026-03-22T00:50:40Z
atp,2023-08-21,F0C4,D. Fernandez Flores,Diego Fernandez Flores,915,17,https://www.atptour.com/en/rankings/singles?dateWeek=2023-08-21&rankRange=0-5000,2026-03-22T00:50:40Z
atp,2023-08-21,DC83,G. Donev,Gabriel Donev,916,17,https://www.atptour.com/en/rankings/singles?dateWeek=2023-08-21&rankRange=0-5000,2026-03-22T00:50:40Z
atp,2023-08-21,Z350,M. Zhu,Michael Zhu,917,17,https://www.atptour.com/en/rankings/singles?dateWeek=2023-08-21&rankRange=0-5000,2026-03-22T00:50:40Z
atp,2023-08-21,S0IN,W. Shin,Woobin Shin,918,17,https://www.atptour.com/en/rankings/singles?dateWeek=2023-08-21&rankRange=0-5000,2026-03-22T00:50:40Z
atp,2023-08-21,E0BO,N. Ehrenschneider,Nino Ehrenschneider,919,16,https://www.atptour.com/en/rankings/singles?dateWeek=2023-08-21&rankRange=0-5000,2026-03-22T00:50:40Z
atp,2023-08-21,K776,K. Kravchuk,Konstantin Kravchuk,920,16,https://www.atptour.com/en/rankings/singles?dateWeek=2023-08-21&rankRange=0-5000,2026-03-22T00:50:40Z
atp,2023-08-21,SP24,B. Schnur,Brayden Schnur,921,16,https://www.atptour.com/en/rankings/singles?dateWeek=2023-08-21&rankRange=0-5000,2026-03-22T00:50:40Z
atp,2023-08-21,V0G2,A. Vales,Amit Vales,922,16,https://www.atptour.com/en/rankings/singles?dateWeek=2023-08-21&rankRange=0-5000,2026-03-22T00:50:40Z
atp,2023-08-21,EA31,M. Efstathiou,Melios Efstathiou,923,16,https://www.atptour.com/en/rankings/singles?dateWeek=2023-08-21&rankRange=0-5000,2026-03-22T00:50:40Z
atp,2023-08-21,B09K,O. Bielinskyi,Oleksandr Bielinskyi,924,16,https://www.atptour.com/en/rankings/singles?dateWeek=2023-08-21&rankRange=0-5000,2026-03-22T00:50:40Z
atp,2023-08-21,B0I2,K. Boyd,Kalman L. Boyd,925,16,https://www.atptour.com/en/rankings/singles?dateWeek=2023-08-21&rankRange=0-5000,2026-03-22T00:50:40Z
atp,2023-08-21,L0BH,J. Lyeons,Jaycer Lyeons,926,16,https://www.atptour.com/en/rankings/singles?dateWeek=2023-08-21&rankRange=0-5000,2026-03-22T00:50:40Z
atp,2023-08-21,KE36,D. Kellovsky,Dominik Kellovsky,927,16,https://www.atptour.com/en/rankings/singles?dateWeek=2023-08-21&rankRange=0-5000,2026-03-22T00:50:40Z
atp,2023-08-21,N0AF,A. Nordquist,Arvid Nordquist,928,16,https://www.atptour.com/en/rankings/singles?dateWeek=2023-08-21&rankRange=0-5000,2026-03-22T00:50:40Z
atp,2023-08-21,L0BY,L. Lane,Lewie Lane,929,16,https://www.atptour.com/en/rankings/singles?dateWeek=2023-08-21&rankRange=0-5000,2026-03-22T00:50:40Z
atp,2023-08-21,I411,J. Ingildsen,Johannes Ingildsen,930,16,https://www.atptour.com/en/rankings/singles?dateWeek=2023-08-21&rankRange=0-5000,2026-03-22T00:50:40Z
atp,2023-08-21,S0EX,H. Stewart,Hamish Stewart,931,16,https://www.atptour.com/en/rankings/singles?dateWeek=2023-08-21&rankRange=0-5000,2026-03-22T00:50:40Z
atp,2023-08-21,SY50,N. Sinha,Nitin Kumar Sinha,932,16,https://www.atptour.com/en/rankings/singles?dateWeek=2023-08-21&rankRange=0-5000,2026-03-22T00:50:40Z
atp,2023-08-21,SE73,Y. Sugita,Yuichi Sugita,933,15,https://www.atptour.com/en/rankings/singles?dateWeek=2023-08-21&rankRange=0-5000,2026-03-22T00:50:40Z
atp,2023-08-21,H09W,J. Hasson,Jordan Hasson,934,15,https://www.atptour.com/en/rankings/singles?dateWeek=2023-08-21&rankRange=0-5000,2026-03-22T00:50:40Z
atp,2023-08-21,A0IH,J. Anthrop,Jack Anthrop,935,15,https://www.atptour.com/en/rankings/singles?dateWeek=2023-08-21&rankRange=0-5000,2026-03-22T00:50:40Z
atp,2023-08-21,H999,G. Hidalgo,Gabriel Alejandro Hidalgo,936,15,https://www.atptour.com/en/rankings/singles?dateWeek=2023-08-21&rankRange=0-5000,2026-03-22T00:50:40Z
atp,2023-08-21,W749,E. Wallart,Enzo Wallart,937,15,https://www.atptour.com/en/rankings/singles?dateWeek=2023-08-21&rankRange=0-5000,2026-03-22T00:50:40Z
atp,2023-08-21,B0D6,T. Baadi,Taha Baadi,938,15,https://www.atptour.com/en/rankings/singles?dateWeek=2023-08-21&rankRange=0-5000,2026-03-22T00:50:40Z
atp,2023-08-21,S0KI,S. Simon,Sahar Simon,939,15,https://www.atptour.com/en/rankings/singles?dateWeek=2023-08-21&rankRange=0-5000,2026-03-22T00:50:40Z
atp,2023-08-21,M0K2,P. Marino,Pietro Marino,940,15,https://www.atptour.com/en/rankings/singles?dateWeek=2023-08-21&rankRange=0-5000,2026-03-22T00:50:40Z
atp,2023-08-21,B0JN,T. Braithwaite,Thomas Braithwaite,941,15,https://www.atptour.com/en/rankings/singles?dateWeek=2023-08-21&rankRange=0-5000,2026-03-22T00:50:40Z
atp,2023-08-21,F902,J. Flores,Jesse Flores,942,15,https://www.atptour.com/en/rankings/singles?dateWeek=2023-08-21&rankRange=0-5000,2026-03-22T00:50:40Z
atp,2023-08-21,CI19,A. Catanzariti,A.j. Catanzariti,943,15,https://www.atptour.com/en/rankings/singles?dateWeek=2023-08-21&rankRange=0-5000,2026-03-22T00:50:40Z
atp,2023-08-21,S0GF,M. Steiner,Maik Steiner,944,15,https://www.atptour.com/en/rankings/singles?dateWeek=2023-08-21&rankRange=0-5000,2026-03-22T00:50:40Z
atp,2023-08-21,A0ES,P. Araujo,Pedro Araujo,945,15,https://www.atptour.com/en/rankings/singles?dateWeek=2023-08-21&rankRange=0-5000,2026-03-22T00:50:40Z
atp,2023-08-21,A0IA,E. Arutiunian,Erik Arutiunian,946,15,https://www.atptour.com/en/rankings/singles?dateWeek=2023-08-21&rankRange=0-5000,2026-03-22T00:50:40Z
atp,2023-08-21,KE85,K. Kawachi,Kazuma Kawachi,947,15,https://www.atptour.com/en/rankings/singles?dateWeek=2023-08-21&rankRange=0-5000,2026-03-22T00:50:40Z
atp,2023-08-21,J732,B. Jones,Ben Jones,948,15,https://www.atptour.com/en/rankings/singles?dateWeek=2023-08-21&rankRange=0-5000,2026-03-22T00:50:40Z
atp,2023-08-21,A0GQ,W. Abderrahman,Wissam Abderrahman,949,15,https://www.atptour.com/en/rankings/singles?dateWeek=2023-08-21&rankRange=0-5000,2026-03-22T00:50:40Z
atp,2023-08-21,MO35,C. Manda,Calin Manda,950,15,https://www.atptour.com/en/rankings/singles?dateWeek=2023-08-21&rankRange=0-5000,2026-03-22T00:50:40Z
atp,2023-08-21,BF55,Y. Bhambri,Yuki Bhambri,951,14,https://www.atptour.com/en/rankings/singles?dateWeek=2023-08-21&rankRange=0-5000,2026-03-22T00:50:40Z
atp,2023-08-21,MB53,A. Menendez-Maceiras,Adrian Menendez Maceiras,952,14,https://www.atptour.com/en/rankings/singles?dateWeek=2023-08-21&rankRange=0-5000,2026-03-22T00:50:40Z
atp,2023-08-21,MW84,J. McNally,John Mcnally,953,14,https://www.atptour.com/en/rankings/singles?dateWeek=2023-08-21&rankRange=0-5000,2026-03-22T00:50:40Z
atp,2023-08-21,CF07,H. Chung,Hong Chung,954,14,https://www.atptour.com/en/rankings/singles?dateWeek=2023-08-21&rankRange=0-5000,2026-03-22T00:50:40Z
atp,2023-08-21,S0JB,N. Schachter,Noah Schachter,955,14,https://www.atptour.com/en/rankings/singles?dateWeek=2023-08-21&rankRange=0-5000,2026-03-22T00:50:40Z
atp,2023-08-21,J468,A. Jecan,Alexandru Jecan,958,14,https://www.atptour.com/en/rankings/singles?dateWeek=2023-08-21&rankRange=0-5000,2026-03-22T00:50:40Z
atp,2023-08-21,S0GU,Y. Steinegger,Yannik Steinegger,959,14,https://www.atptour.com/en/rankings/singles?dateWeek=2023-08-21&rankRange=0-5000,2026-03-22T00:50:40Z
atp,2023-08-21,R0CG,F. Reynolds,Finn Reynolds,960,14,https://www.atptour.com/en/rankings/singles?dateWeek=2023-08-21&rankRange=0-5000,2026-03-22T00:50:40Z
atp,2023-08-21,N824,P. Nejedly,Pavel Nejedly,961,14,https://www.atptour.com/en/rankings/singles?dateWeek=2023-08-21&rankRange=0-5000,2026-03-22T00:50:40Z
atp,2023-08-21,D0DB,P. Delage,Pierre Delage,962,14,https://www.atptour.com/en/rankings/singles?dateWeek=2023-08-21&rankRange=0-5000,2026-03-22T00:50:40Z
atp,2023-08-21,L0G1,N. Lopez,Noah Lopez,963,14,https://www.atptour.com/en/rankings/singles?dateWeek=2023-08-21&rankRange=0-5000,2026-03-22T00:50:40Z
atp,2023-08-21,E928,A. Erler,Alexander Erler,964,13,https://www.atptour.com/en/rankings/singles?dateWeek=2023-08-21&rankRange=0-5000,2026-03-22T00:50:40Z
atp,2023-08-21,V0E3,J. Von Der Schulenburg,Jeffrey Von Der Schulenburg,965,13,https://www.atptour.com/en/rankings/singles?dateWeek=2023-08-21&rankRange=0-5000,2026-03-22T00:50:40Z
atp,2023-08-21,FC25,B. Fassbender,Boris Fassbender,966,13,https://www.atptour.com/en/rankings/singles?dateWeek=2023-08-21&rankRange=0-5000,2026-03-22T00:50:40Z
atp,2023-08-21,W741,A. Wang,Aoran Wang,967,13,https://www.atptour.com/en/rankings/singles?dateWeek=2023-08-21&rankRange=0-5000,2026-03-22T00:50:40Z
atp,2023-08-21,LC58,T. Lipovsek Puches,Tomas Lipovsek Puches,968,13,https://www.atptour.com/en/rankings/singles?dateWeek=2023-08-21&rankRange=0-5000,2026-03-22T00:50:40Z
atp,2023-08-21,RA43,M. Rajski,Maciej Rajski,969,13,https://www.atptour.com/en/rankings/singles?dateWeek=2023-08-21&rankRange=0-5000,2026-03-22T00:50:40Z
atp,2023-08-21,K0C5,A. Kalender,Admir Kalender,970,13,https://www.atptour.com/en/rankings/singles?dateWeek=2023-08-21&rankRange=0-5000,2026-03-22T00:50:40Z
atp,2023-08-21,BU34,J. Beale,Jeremy Beale,971,13,https://www.atptour.com/en/rankings/singles?dateWeek=2023-08-21&rankRange=0-5000,2026-03-22T00:50:40Z
atp,2023-08-21,V0G6,L. Vithoontien,Leo Vithoontien,972,13,https://www.atptour.com/en/rankings/singles?dateWeek=2023-08-21&rankRange=0-5000,2026-03-22T00:50:40Z
atp,2023-08-21,PL69,K. Pearson,Kody Pearson,973,13,https://www.atptour.com/en/rankings/singles?dateWeek=2023-08-21&rankRange=0-5000,2026-03-22T00:50:40Z
atp,2023-08-21,WB23,W. Wood,Warren Wood,974,13,https://www.atptour.com/en/rankings/singles?dateWeek=2023-08-21&rankRange=0-5000,2026-03-22T00:50:40Z
atp,2023-08-21,D0HX,D. Dietrich,Dylan Dietrich,975,13,https://www.atptour.com/en/rankings/singles?dateWeek=2023-08-21&rankRange=0-5000,2026-03-22T00:50:40Z
atp,2023-08-21,AD04,S. Agabigun,Sarp Agabigun,976,13,https://www.atptour.com/en/rankings/singles?dateWeek=2023-08-21&rankRange=0-5000,2026-03-22T00:50:40Z
atp,2023-08-21,L0B7,K. Lemstra,Kai Lemstra,977,13,https://www.atptour.com/en/rankings/singles?dateWeek=2023-08-21&rankRange=0-5000,2026-03-22T00:50:40Z
atp,2023-08-21,SY74,M. Sureshkumar,Manish Sureshkumar,978,13,https://www.atptour.com/en/rankings/singles?dateWeek=2023-08-21&rankRange=0-5000,2026-03-22T00:50:40Z
atp,2023-08-21,M0AA,C. March,Cayetano March,979,13,https://www.atptour.com/en/rankings/singles?dateWeek=2023-08-21&rankRange=0-5000,2026-03-22T00:50:40Z
atp,2023-08-21,B0DJ,I. Beloborodko,Illya Beloborodko,980,13,https://www.atptour.com/en/rankings/singles?dateWeek=2023-08-21&rankRange=0-5000,2026-03-22T00:50:40Z
atp,2023-08-21,RH21,G. Ross,Gianni Ross,981,13,https://www.atptour.com/en/rankings/singles?dateWeek=2023-08-21&rankRange=0-5000,2026-03-22T00:50:40Z
atp,2023-08-21,B0G6,P. Brown,Preston Brown,982,13,https://www.atptour.com/en/rankings/singles?dateWeek=2023-08-21&rankRange=0-5000,2026-03-22T00:50:40Z
atp,2023-08-21,BL61,F. Bergevi,Filip Bergevi,983,12,https://www.atptour.com/en/rankings/singles?dateWeek=2023-08-21&rankRange=0-5000,2026-03-22T00:50:40Z
atp,2023-08-21,DE12,K. Drzewiecki,Karol Drzewiecki,984,12,https://www.atptour.com/en/rankings/singles?dateWeek=2023-08-21&rankRange=0-5000,2026-03-22T00:50:40Z
atp,2023-08-21,PM13,M. Pervolarakis,Michail Pervolarakis,985,12,https://www.atptour.com/en/rankings/singles?dateWeek=2023-08-21&rankRange=0-5000,2026-03-22T00:50:40Z
atp,2023-08-21,R0IB,M. Rivet,Maxence Rivet,988,12,https://www.atptour.com/en/rankings/singles?dateWeek=2023-08-21&rankRange=0-5000,2026-03-22T00:50:40Z
atp,2023-08-21,H0AY,G. Houghton,George Houghton,989,12,https://www.atptour.com/en/rankings/singles?dateWeek=2023-08-21&rankRange=0-5000,2026-03-22T00:50:40Z
atp,2023-08-21,C0KH,J. Cesar Porras,Julio Cesar Porras,990,12,https://www.atptour.com/en/rankings/singles?dateWeek=2023-08-21&rankRange=0-5000,2026-03-22T00:50:40Z
atp,2023-08-21,E0CL,R. Ellouck,Ron Ellouck,991,12,https://www.atptour.com/en/rankings/singles?dateWeek=2023-08-21&rankRange=0-5000,2026-03-22T00:50:40Z
atp,2023-08-21,W0DD,C. Williams,Cooper Williams,992,12,https://www.atptour.com/en/rankings/singles?dateWeek=2023-08-21&rankRange=0-5000,2026-03-22T00:50:40Z
atp,2023-08-21,S0T1,J. Schiessl,Joao Eduardo Schiessl,993,12,https://www.atptour.com/en/rankings/singles?dateWeek=2023-08-21&rankRange=0-5000,2026-03-22T00:50:40Z
atp,2023-08-21,S0LT,D. Siniakov,Daniel Siniakov,994,12,https://www.atptour.com/en/rankings/singles?dateWeek=2023-08-21&rankRange=0-5000,2026-03-22T00:50:40Z
atp,2023-08-21,KI10,C. Kissell,Chad Kissell,995,12,https://www.atptour.com/en/rankings/singles?dateWeek=2023-08-21&rankRange=0-5000,2026-03-22T00:50:40Z
atp,2023-08-21,F824,C. Farren,Connor Farren,996,12,https://www.atptour.com/en/rankings/singles?dateWeek=2023-08-21&rankRange=0-5000,2026-03-22T00:50:40Z
atp,2023-08-21,N0BU,D. Nunez,Daniel Antonio Nunez,997,12,https://www.atptour.com/en/rankings/singles?dateWeek=2023-08-21&rankRange=0-5000,2026-03-22T00:50:40Z
atp,2023-08-21,T0A0,S. Tang,Sheng Tang,998,12,https://www.atptour.com/en/rankings/singles?dateWeek=2023-08-21&rankRange=0-5000,2026-03-22T00:50:40Z
atp,2023-08-21,P0HY,S. Pieri,Samuele Pieri,999,12,https://www.atptour.com/en/rankings/singles?dateWeek=2023-08-21&rankRange=0-5000,2026-03-22T00:50:40Z
atp,2023-08-21,N0CA,N. Nedelchev,Nikolay Nedelchev,1000,12,https://www.atptour.com/en/rankings/singles?dateWeek=2023-08-21&rankRange=0-5000,2026-03-22T00:50:40Z
atp,2023-08-21,P0FF,L. Palovic,Lukas Palovic,1001,12,https://www.atptour.com/en/rankings/singles?dateWeek=2023-08-21&rankRange=0-5000,2026-03-22T00:50:40Z
atp,2023-08-21,TC87,J. Trinker,Jonas Trinker,1002,12,https://www.atptour.com/en/rankings/singles?dateWeek=2023-08-21&rankRange=0-5000,2026-03-22T00:50:40Z
atp,2023-08-21,D0C2,D. Donders,Dax Donders,1003,12,https://www.atptour.com/en/rankings/singles?dateWeek=2023-08-21&rankRange=0-5000,2026-03-22T00:50:40Z
atp,2023-08-21,B0JE,M. Basing,Max Basing,1004,11,https://www.atptour.com/en/rankings/singles?dateWeek=2023-08-21&rankRange=0-5000,2026-03-22T00:50:40Z
atp,2023-08-21,P0G6,H. Patten,Henry Patten,1005,11,https://www.atptour.com/en/rankings/singles?dateWeek=2023-08-21&rankRange=0-5000,2026-03-22T00:50:40Z
atp,2023-08-21,Z239,F. Zeballos,Federico Zeballos,1006,11,https://www.atptour.com/en/rankings/singles?dateWeek=2023-08-21&rankRange=0-5000,2026-03-22T00:50:40Z
atp,2023-08-21,LH70,K. Lee,Kuan Yi Lee,1007,11,https://www.atptour.com/en/rankings/singles?dateWeek=2023-08-21&rankRange=0-5000,2026-03-22T00:50:40Z
atp,2023-08-21,S0V8,O. Shimanov,Ofek Shimanov,1010,11,https://www.atptour.com/en/rankings/singles?dateWeek=2023-08-21&rankRange=0-5000,2026-03-22T00:50:40Z
atp,2023-08-21,B0I6,S. Banerjee,Samir Banerjee,1011,11,https://www.atptour.com/en/rankings/singles?dateWeek=2023-08-21&rankRange=0-5000,2026-03-22T00:50:40Z
atp,2023-08-21,V0EM,F. Van Sambeek,Fons Van Sambeek,1012,11,https://www.atptour.com/en/rankings/singles?dateWeek=2023-08-21&rankRange=0-5000,2026-03-22T00:50:40Z
atp,2023-08-21,S0N4,D. Salton,Dylan Salton,1015,11,https://www.atptour.com/en/rankings/singles?dateWeek=2023-08-21&rankRange=0-5000,2026-03-22T00:50:40Z
atp,2023-08-21,KF06,A. Kijametovic,Aziz Kijametovic,1016,11,https://www.atptour.com/en/rankings/singles?dateWeek=2023-08-21&rankRange=0-5000,2026-03-22T00:50:40Z
atp,2023-08-21,S0UV,R. Sakamoto,Rei Sakamoto,1017,11,https://www.atptour.com/en/rankings/singles?dateWeek=2023-08-21&rankRange=0-5000,2026-03-22T00:50:40Z
atp,2023-08-21,B0LQ,P. Bar Biryukov,Petr Bar Biryukov,1018,11,https://www.atptour.com/en/rankings/singles?dateWeek=2023-08-21&rankRange=0-5000,2026-03-22T00:50:40Z
atp,2023-08-21,B0E8,S. Battaglino,Stefano Battaglino,1019,11,https://www.atptour.com/en/rankings/singles?dateWeek=2023-08-21&rankRange=0-5000,2026-03-22T00:50:40Z
atp,2023-08-21,SX77,I. Strode,Isaiah Strode,1020,11,https://www.atptour.com/en/rankings/singles?dateWeek=2023-08-21&rankRange=0-5000,2026-03-22T00:50:40Z
atp,2023-08-21,VA67,V. Vanta,Valentin Vanta,1021,11,https://www.atptour.com/en/rankings/singles?dateWeek=2023-08-21&rankRange=0-5000,2026-03-22T00:50:40Z
atp,2023-08-21,R0D3,A. Rogers,Andrew Rogers,1022,11,https://www.atptour.com/en/rankings/singles?dateWeek=2023-08-21&rankRange=0-5000,2026-03-22T00:50:40Z
atp,2023-08-21,K0C9,M. Kiger,Mac Kiger,1023,11,https://www.atptour.com/en/rankings/singles?dateWeek=2023-08-21&rankRange=0-5000,2026-03-22T00:50:40Z
atp,2023-08-21,Y0A8,T. Yamanaka,Taiyo Yamanaka,1024,11,https://www.atptour.com/en/rankings/singles?dateWeek=2023-08-21&rankRange=0-5000,2026-03-22T00:50:40Z
atp,2023-08-21,U0A3,M. Ujvary,Matthias Ujvary,1025,11,https://www.atptour.com/en/rankings/singles?dateWeek=2023-08-21&rankRange=0-5000,2026-03-22T00:50:40Z
atp,2023-08-21,P0CY,S. Palosi,Stefan Palosi,1026,11,https://www.atptour.com/en/rankings/singles?dateWeek=2023-08-21&rankRange=0-5000,2026-03-22T00:50:40Z
atp,2023-08-21,B0G4,G. Bosio,Gabriele Bosio,1027,11,https://www.atptour.com/en/rankings/singles?dateWeek=2023-08-21&rankRange=0-5000,2026-03-22T00:50:40Z
atp,2023-08-21,O0BR,D. Ostapenkov,Daniil Ostapenkov,1028,11,https://www.atptour.com/en/rankings/singles?dateWeek=2023-08-21&rankRange=0-5000,2026-03-22T00:50:40Z
atp,2023-08-21,A0AN,C. Aksu,Cengiz Aksu,1029,11,https://www.atptour.com/en/rankings/singles?dateWeek=2023-08-21&rankRange=0-5000,2026-03-22T00:50:40Z
atp,2023-08-21,BU64,N. Bruna,Nicolas Bruna,1030,11,https://www.atptour.com/en/rankings/singles?dateWeek=2023-08-21&rankRange=0-5000,2026-03-22T00:50:40Z
atp,2023-08-21,BU32,L. Bouquet,Lucas Bouquet,1031,11,https://www.atptour.com/en/rankings/singles?dateWeek=2023-08-21&rankRange=0-5000,2026-03-22T00:50:40Z
atp,2023-08-21,P0K4,T. Pereira,Tiago Pereira,1032,11,https://www.atptour.com/en/rankings/singles?dateWeek=2023-08-21&rankRange=0-5000,2026-03-22T00:50:40Z
atp,2023-08-21,W725,P. Woerner,Paul Woerner,1033,11,https://www.atptour.com/en/rankings/singles?dateWeek=2023-08-21&rankRange=0-5000,2026-03-22T00:50:40Z
atp,2023-08-21,BH09,A. Bedene,Aljaz Bedene,1034,10,https://www.atptour.com/en/rankings/singles?dateWeek=2023-08-21&rankRange=0-5000,2026-03-22T00:50:40Z
atp,2023-08-21,N503,A. Nedovyesov,Aleksandr Nedovyesov,1035,10,https://www.atptour.com/en/rankings/singles?dateWeek=2023-08-21&rankRange=0-5000,2026-03-22T00:50:40Z
atp,2023-08-21,CA33,I. Cervantes,Inigo Cervantes,1038,10,https://www.atptour.com/en/rankings/singles?dateWeek=2023-08-21&rankRange=0-5000,2026-03-22T00:50:40Z
atp,2023-08-21,G0BJ,A. Garcia Carbajal,Alejandro Garcia Carbajal,1039,10,https://www.atptour.com/en/rankings/singles?dateWeek=2023-08-21&rankRange=0-5000,2026-03-22T00:50:40Z
atp,2023-08-21,S0RD,A. Sinha,Adit Sinha,1042,10,https://www.atptour.com/en/rankings/singles?dateWeek=2023-08-21&rankRange=0-5000,2026-03-22T00:50:40Z
atp,2023-08-21,A0JA,M. Agwi,Michael Agwi,1045,10,https://www.atptour.com/en/rankings/singles?dateWeek=2023-08-21&rankRange=0-5000,2026-03-22T00:50:40Z
atp,2023-08-21,RH69,M. Romios,Matthew Romios,1046,10,https://www.atptour.com/en/rankings/singles?dateWeek=2023-08-21&rankRange=0-5000,2026-03-22T00:50:40Z
atp,2023-08-21,FB18,B. Patael,Ben Patael,1049,10,https://www.atptour.com/en/rankings/singles?dateWeek=2023-08-21&rankRange=0-5000,2026-03-22T00:50:40Z
atp,2023-08-21,BU04,F. Bertuccioli,Federico Bertuccioli,1050,10,https://www.atptour.com/en/rankings/singles?dateWeek=2023-08-21&rankRange=0-5000,2026-03-22T00:50:40Z
atp,2023-08-21,S0E6,S. Slump,Stijn Slump,1051,10,https://www.atptour.com/en/rankings/singles?dateWeek=2023-08-21&rankRange=0-5000,2026-03-22T00:50:40Z
atp,2023-08-21,S0LR,J. Sperle,John Sperle,1052,10,https://www.atptour.com/en/rankings/singles?dateWeek=2023-08-21&rankRange=0-5000,2026-03-22T00:50:40Z
atp,2023-08-21,R0J0,Y. Rahman,Yannik Rahman,1053,10,https://www.atptour.com/en/rankings/singles?dateWeek=2023-08-21&rankRange=0-5000,2026-03-22T00:50:40Z
atp,2023-08-21,F0AF,L. Falabella,Lautaro Agustin Falabella,1054,10,https://www.atptour.com/en/rankings/singles?dateWeek=2023-08-21&rankRange=0-5000,2026-03-22T00:50:40Z
atp,2023-08-21,L0IP,J. Loutit,Jack Loutit,1055,10,https://www.atptour.com/en/rankings/singles?dateWeek=2023-08-21&rankRange=0-5000,2026-03-22T00:50:40Z
atp,2023-08-21,E0AB,I. Eqbal,Ishaque Eqbal,1056,10,https://www.atptour.com/en/rankings/singles?dateWeek=2023-08-21&rankRange=0-5000,2026-03-22T00:50:40Z
atp,2023-08-21,LG37,G. Lomakin,Grigoriy Lomakin,1057,10,https://www.atptour.com/en/rankings/singles?dateWeek=2023-08-21&rankRange=0-5000,2026-03-22T00:50:40Z
atp,2023-08-21,M0MW,X. Matas Ortega,Xavi Matas Ortega,1058,10,https://www.atptour.com/en/rankings/singles?dateWeek=2023-08-21&rankRange=0-5000,2026-03-22T00:50:40Z
atp,2023-08-21,S09Y,N. Seateun,Nathan Seateun,1059,10,https://www.atptour.com/en/rankings/singles?dateWeek=2023-08-21&rankRange=0-5000,2026-03-22T00:50:40Z
atp,2023-08-21,D0IO,T. Duran,Tuncay Duran,1060,10,https://www.atptour.com/en/rankings/singles?dateWeek=2023-08-21&rankRange=0-5000,2026-03-22T00:50:40Z
atp,2023-08-21,G0FF,A. Garcian,Axel Garcian,1061,10,https://www.atptour.com/en/rankings/singles?dateWeek=2023-08-21&rankRange=0-5000,2026-03-22T00:50:40Z
atp,2023-08-21,E0AQ,T. Evans,Tom Evans,1062,10,https://www.atptour.com/en/rankings/singles?dateWeek=2023-08-21&rankRange=0-5000,2026-03-22T00:50:40Z
atp,2023-08-21,C0C1,N. Catini,Niccolo Catini,1063,10,https://www.atptour.com/en/rankings/singles?dateWeek=2023-08-21&rankRange=0-5000,2026-03-22T00:50:40Z
atp,2023-08-21,M0V5,M. Majdandzic,Marc Majdandzic,1064,9,https://www.atptour.com/en/rankings/singles?dateWeek=2023-08-21&rankRange=0-5000,2026-03-22T00:50:40Z
atp,2023-08-21,TC95,J. Tatlot,Johan Tatlot,1065,9,https://www.atptour.com/en/rankings/singles?dateWeek=2023-08-21&rankRange=0-5000,2026-03-22T00:50:40Z
atp,2023-08-21,B0PK,J. Braswell,Jonah Braswell,1066,9,https://www.atptour.com/en/rankings/singles?dateWeek=2023-08-21&rankRange=0-5000,2026-03-22T00:50:40Z
atp,2023-08-21,H0D9,C. Harper,Cleeve Harper,1067,9,https://www.atptour.com/en/rankings/singles?dateWeek=2023-08-21&rankRange=0-5000,2026-03-22T00:50:40Z
atp,2023-08-21,J09F,H. Jebens,Hendrik Jebens,1068,9,https://www.atptour.com/en/rankings/singles?dateWeek=2023-08-21&rankRange=0-5000,2026-03-22T00:50:40Z
atp,2023-08-21,W0ED,J. Watt,James Watt,1069,9,https://www.atptour.com/en/rankings/singles?dateWeek=2023-08-21&rankRange=0-5000,2026-03-22T00:50:40Z
atp,2023-08-21,E0CE,L. Esquici,Lorenzo Esquici,1072,9,https://www.atptour.com/en/rankings/singles?dateWeek=2023-08-21&rankRange=0-5000,2026-03-22T00:50:40Z
atp,2023-08-21,U174,K. Uesugi,Kaito Uesugi,1073,9,https://www.atptour.com/en/rankings/singles?dateWeek=2023-08-21&rankRange=0-5000,2026-03-22T00:50:40Z
atp,2023-08-21,S0W4,L. Sciahbasi,Lorenzo Sciahbasi,1074,9,https://www.atptour.com/en/rankings/singles?dateWeek=2023-08-21&rankRange=0-5000,2026-03-22T00:50:40Z
atp,2023-08-21,PJ17,B. Pokotilov,Boris Pokotilov,1075,9,https://www.atptour.com/en/rankings/singles?dateWeek=2023-08-21&rankRange=0-5000,2026-03-22T00:50:40Z
atp,2023-08-21,N830,J. Nikles,Johan Nikles,1076,9,https://www.atptour.com/en/rankings/singles?dateWeek=2023-08-21&rankRange=0-5000,2026-03-22T00:50:40Z
atp,2023-08-21,A0EY,W. Ahouda,Walid Ahouda,1077,9,https://www.atptour.com/en/rankings/singles?dateWeek=2023-08-21&rankRange=0-5000,2026-03-22T00:50:40Z
atp,2023-08-21,H0EB,H. Heck,Hunter Heck,1078,9,https://www.atptour.com/en/rankings/singles?dateWeek=2023-08-21&rankRange=0-5000,2026-03-22T00:50:40Z
atp,2023-08-21,K0KK,A. Kuperstein,Alex Kuperstein,1079,9,https://www.atptour.com/en/rankings/singles?dateWeek=2023-08-21&rankRange=0-5000,2026-03-22T00:50:40Z
atp,2023-08-21,B0EZ,I. Becerra Otarola,Ignacio Antonio Becerra Otarola,1080,9,https://www.atptour.com/en/rankings/singles?dateWeek=2023-08-21&rankRange=0-5000,2026-03-22T00:50:40Z
atp,2023-08-21,T0CH,R. Tosetto,Rafael Tosetto,1081,9,https://www.atptour.com/en/rankings/singles?dateWeek=2023-08-21&rankRange=0-5000,2026-03-22T00:50:40Z
atp,2023-08-21,V0E1,Z. Velcz,Zsombor Velcz,1082,9,https://www.atptour.com/en/rankings/singles?dateWeek=2023-08-21&rankRange=0-5000,2026-03-22T00:50:40Z
atp,2023-08-21,P0J3,A. Petrov,Alexander Petrov,1083,9,https://www.atptour.com/en/rankings/singles?dateWeek=2023-08-21&rankRange=0-5000,2026-03-22T00:50:40Z
atp,2023-08-21,G0D2,A. Gola,Andrea Gola,1084,9,https://www.atptour.com/en/rankings/singles?dateWeek=2023-08-21&rankRange=0-5000,2026-03-22T00:50:40Z
atp,2023-08-21,G0I3,M. Giunta,Massimo Giunta,1085,9,https://www.atptour.com/en/rankings/singles?dateWeek=2023-08-21&rankRange=0-5000,2026-03-22T00:50:40Z
atp,2023-08-21,B0EA,A. Boureau,Alexis Boureau,1086,9,https://www.atptour.com/en/rankings/singles?dateWeek=2023-08-21&rankRange=0-5000,2026-03-22T00:50:40Z
atp,2023-08-21,RB00,R. Rodriguez - Pace,Ricardo Rodriguez Pace,1089,9,https://www.atptour.com/en/rankings/singles?dateWeek=2023-08-21&rankRange=0-5000,2026-03-22T00:50:40Z
atp,2023-08-21,D0FY,T. Deschamps,Thomas Deschamps,1090,9,https://www.atptour.com/en/rankings/singles?dateWeek=2023-08-21&rankRange=0-5000,2026-03-22T00:50:40Z
atp,2023-08-21,F0DZ,T. Franco,Tobias Franco,1091,9,https://www.atptour.com/en/rankings/singles?dateWeek=2023-08-21&rankRange=0-5000,2026-03-22T00:50:40Z
atp,2023-08-21,P09S,B. Pietri,Benjamin Pietri,1092,9,https://www.atptour.com/en/rankings/singles?dateWeek=2023-08-21&rankRange=0-5000,2026-03-22T00:50:40Z
atp,2023-08-21,Y0A9,F. Yunis,Facundo Yunis,1095,9,https://www.atptour.com/en/rankings/singles?dateWeek=2023-08-21&rankRange=0-5000,2026-03-22T00:50:40Z
atp,2023-08-21,S0SD,J. Szajrych,Jasza Szajrych,1096,9,https://www.atptour.com/en/rankings/singles?dateWeek=2023-08-21&rankRange=0-5000,2026-03-22T00:50:40Z
atp,2023-08-21,C09S,F. Coelho,Fabio Coelho,1097,9,https://www.atptour.com/en/rankings/singles?dateWeek=2023-08-21&rankRange=0-5000,2026-03-22T00:50:40Z
atp,2023-08-21,L0I5,M. Leong,Mitsuki Wei Kang Leong,1098,9,https://www.atptour.com/en/rankings/singles?dateWeek=2023-08-21&rankRange=0-5000,2026-03-22T00:50:40Z
atp,2023-08-21,R0HP,L. Ratti,Lucio Ratti,1099,9,https://www.atptour.com/en/rankings/singles?dateWeek=2023-08-21&rankRange=0-5000,2026-03-22T00:50:40Z
atp,2023-08-21,TF57,G. Tresca,Giuseppe Tresca,1100,9,https://www.atptour.com/en/rankings/singles?dateWeek=2023-08-21&rankRange=0-5000,2026-03-22T00:50:40Z
atp,2023-08-21,FC39,Q. Folliot,Quentin Folliot,1101,9,https://www.atptour.com/en/rankings/singles?dateWeek=2023-08-21&rankRange=0-5000,2026-03-22T00:50:40Z
atp,2023-08-21,K0HG,M. Karol,Milos Karol,1102,9,https://www.atptour.com/en/rankings/singles?dateWeek=2023-08-21&rankRange=0-5000,2026-03-22T00:50:40Z
atp,2023-08-21,Z0C3,M. Zhukov,Maxim Zhukov,1103,9,https://www.atptour.com/en/rankings/singles?dateWeek=2023-08-21&rankRange=0-5000,2026-03-22T00:50:40Z
atp,2023-08-21,BM45,D. Biljesko,Domagoj Biljesko,1104,9,https://www.atptour.com/en/rankings/singles?dateWeek=2023-08-21&rankRange=0-5000,2026-03-22T00:50:40Z
atp,2023-08-21,M0DW,M. Mikula,Michal Mikula,1105,9,https://www.atptour.com/en/rankings/singles?dateWeek=2023-08-21&rankRange=0-5000,2026-03-22T00:50:40Z
atp,2023-08-21,D0HM,M. Donald,Matthew William Donald,1106,9,https://www.atptour.com/en/rankings/singles?dateWeek=2023-08-21&rankRange=0-5000,2026-03-22T00:50:40Z
atp,2023-08-21,D0DC,E. Donnet,Etienne Donnet,1107,8,https://www.atptour.com/en/rankings/singles?dateWeek=2023-08-21&rankRange=0-5000,2026-03-22T00:50:40Z
atp,2023-08-21,P0ME,L. Preda,Luca Preda,1108,8,https://www.atptour.com/en/rankings/singles?dateWeek=2023-08-21&rankRange=0-5000,2026-03-22T00:50:40Z
atp,2023-08-21,B0NN,N. Basavareddy,Nishesh Basavareddy,1109,8,https://www.atptour.com/en/rankings/singles?dateWeek=2023-08-21&rankRange=0-5000,2026-03-22T00:50:40Z
atp,2023-08-21,T0BZ,L. Tacchi,Luciano Tacchi,1115,8,https://www.atptour.com/en/rankings/singles?dateWeek=2023-08-21&rankRange=0-5000,2026-03-22T00:50:40Z
atp,2023-08-21,C0HT,M. Cassone,Murphy Cassone,1116,8,https://www.atptour.com/en/rankings/singles?dateWeek=2023-08-21&rankRange=0-5000,2026-03-22T00:50:40Z
atp,2023-08-21,E830,E. Esteve Lobato,Eduard Esteve Lobato,1117,8,https://www.atptour.com/en/rankings/singles?dateWeek=2023-08-21&rankRange=0-5000,2026-03-22T00:50:40Z
atp,2023-08-21,DG67,M. Drinic,Milan Drinic,1118,8,https://www.atptour.com/en/rankings/singles?dateWeek=2023-08-21&rankRange=0-5000,2026-03-22T00:50:40Z
atp,2023-08-21,P0BM,T. Paroulek,Tadeas Paroulek,1119,8,https://www.atptour.com/en/rankings/singles?dateWeek=2023-08-21&rankRange=0-5000,2026-03-22T00:50:40Z
atp,2023-08-21,D0CF,S. Danilov,Savriyan Danilov,1120,8,https://www.atptour.com/en/rankings/singles?dateWeek=2023-08-21&rankRange=0-5000,2026-03-22T00:50:40Z
atp,2023-08-21,Z09F,P. Zahraj,Patrick Zahraj,1121,8,https://www.atptour.com/en/rankings/singles?dateWeek=2023-08-21&rankRange=0-5000,2026-03-22T00:50:40Z
atp,2023-08-21,BV19,Y. Bondarevskiy,Yan Bondarevskiy,1122,8,https://www.atptour.com/en/rankings/singles?dateWeek=2023-08-21&rankRange=0-5000,2026-03-22T00:50:40Z
atp,2023-08-21,I327,G. Iradukunda,Guy Orly Iradukunda,1123,8,https://www.atptour.com/en/rankings/singles?dateWeek=2023-08-21&rankRange=0-5000,2026-03-22T00:50:40Z
atp,2023-08-21,Z0CQ,Y. Zhou,Yi Zhou,1124,8,https://www.atptour.com/en/rankings/singles?dateWeek=2023-08-21&rankRange=0-5000,2026-03-22T00:50:40Z
atp,2023-08-21,RD58,D. Recek,Dominik Recek,1125,8,https://www.atptour.com/en/rankings/singles?dateWeek=2023-08-21&rankRange=0-5000,2026-03-22T00:50:40Z
atp,2023-08-21,S09B,M. Scaglia,Mathieu Scaglia,1126,8,https://www.atptour.com/en/rankings/singles?dateWeek=2023-08-21&rankRange=0-5000,2026-03-22T00:50:40Z
atp,2023-08-21,MM67,R. Matsumura,Ryotero Matsumura,1127,8,https://www.atptour.com/en/rankings/singles?dateWeek=2023-08-21&rankRange=0-5000,2026-03-22T00:50:40Z
atp,2023-08-21,W0BB,M. Wiskandt,Max Wiskandt,1128,8,https://www.atptour.com/en/rankings/singles?dateWeek=2023-08-21&rankRange=0-5000,2026-03-22T00:50:40Z
atp,2023-08-21,V0F6,N. Villalon,Nicolas Villalon,1129,8,https://www.atptour.com/en/rankings/singles?dateWeek=2023-08-21&rankRange=0-5000,2026-03-22T00:50:40Z
atp,2023-08-21,J540,E. Ribeiro Lago,Elio Jose Ribeiro Lago,1132,8,https://www.atptour.com/en/rankings/singles?dateWeek=2023-08-21&rankRange=0-5000,2026-03-22T00:50:40Z
atp,2023-08-21,L0DG,A. Lofman,Aleksi Lofman,1133,8,https://www.atptour.com/en/rankings/singles?dateWeek=2023-08-21&rankRange=0-5000,2026-03-22T00:50:40Z
atp,2023-08-21,S09K,G. Srbljak,Gorazd Srbljak,1134,8,https://www.atptour.com/en/rankings/singles?dateWeek=2023-08-21&rankRange=0-5000,2026-03-22T00:50:40Z
atp,2023-08-21,S0IV,P. Saraiva Dos Santos,Paulo Andre Saraiva Dos Santos,1135,8,https://www.atptour.com/en/rankings/singles?dateWeek=2023-08-21&rankRange=0-5000,2026-03-22T00:50:40Z
atp,2023-08-21,A0IY,L. Alvarez,Luis Carlos Alvarez,1136,7,https://www.atptour.com/en/rankings/singles?dateWeek=2023-08-21&rankRange=0-5000,2026-03-22T00:50:40Z
atp,2023-08-21,CO11,S. Carr,Simon Carr,1137,7,https://www.atptour.com/en/rankings/singles?dateWeek=2023-08-21&rankRange=0-5000,2026-03-22T00:50:40Z
atp,2023-08-21,P0C1,K. Poling,Karl Poling,1138,7,https://www.atptour.com/en/rankings/singles?dateWeek=2023-08-21&rankRange=0-5000,2026-03-22T00:50:40Z
atp,2023-08-21,E09H,J. Eriksson Ziverts,Jonas Eriksson Ziverts,1141,7,https://www.atptour.com/en/rankings/singles?dateWeek=2023-08-21&rankRange=0-5000,2026-03-22T00:50:40Z
atp,2023-08-21,Y235,J. Yamasaki,Jumpei Yamasaki,1142,7,https://www.atptour.com/en/rankings/singles?dateWeek=2023-08-21&rankRange=0-5000,2026-03-22T00:50:40Z
atp,2023-08-21,Q941,R. Quiroz,Roberto Quiroz,1143,7,https://www.atptour.com/en/rankings/singles?dateWeek=2023-08-21&rankRange=0-5000,2026-03-22T00:50:40Z
atp,2023-08-21,L0DK,J. Lapadat,Joshua Lapadat,1144,7,https://www.atptour.com/en/rankings/singles?dateWeek=2023-08-21&rankRange=0-5000,2026-03-22T00:50:40Z
atp,2023-08-21,DH18,G. Den Heijer,Guy Den Heijer,1151,7,https://www.atptour.com/en/rankings/singles?dateWeek=2023-08-21&rankRange=0-5000,2026-03-22T00:50:40Z
atp,2023-08-21,SM18,K. Stevenson,Kelsey Stevenson,1152,7,https://www.atptour.com/en/rankings/singles?dateWeek=2023-08-21&rankRange=0-5000,2026-03-22T00:50:40Z
atp,2023-08-21,KG53,A. Klintcharov,Alexander Klintcharov,1153,7,https://www.atptour.com/en/rankings/singles?dateWeek=2023-08-21&rankRange=0-5000,2026-03-22T00:50:40Z
atp,2023-08-21,G0AV,C. Gimeno Valero,Carlos Gimeno Valero,1154,7,https://www.atptour.com/en/rankings/singles?dateWeek=2023-08-21&rankRange=0-5000,2026-03-22T00:50:40Z
atp,2023-08-21,C0GG,K. Chopra,Keshav Chopra,1155,7,https://www.atptour.com/en/rankings/singles?dateWeek=2023-08-21&rankRange=0-5000,2026-03-22T00:50:40Z
atp,2023-08-21,B0PE,F. Bondioli,Federico Bondioli,1158,7,https://www.atptour.com/en/rankings/singles?dateWeek=2023-08-21&rankRange=0-5000,2026-03-22T00:50:40Z
atp,2023-08-21,V0CG,A. Vincent,Antoine Vincent,1159,7,https://www.atptour.com/en/rankings/singles?dateWeek=2023-08-21&rankRange=0-5000,2026-03-22T00:50:40Z
atp,2023-08-21,S0UB,D. Spiridon,Denis Spiridon,1160,7,https://www.atptour.com/en/rankings/singles?dateWeek=2023-08-21&rankRange=0-5000,2026-03-22T00:50:40Z
atp,2023-08-21,M0RX,K. Miyoshi,Kenta Miyoshi,1161,7,https://www.atptour.com/en/rankings/singles?dateWeek=2023-08-21&rankRange=0-5000,2026-03-22T00:50:40Z
atp,2023-08-21,D0HZ,M. Del Pino,Mateo Del Pino,1164,7,https://www.atptour.com/en/rankings/singles?dateWeek=2023-08-21&rankRange=0-5000,2026-03-22T00:50:40Z
atp,2023-08-21,SO41,J. Son,Ji Hoon Son,1167,7,https://www.atptour.com/en/rankings/singles?dateWeek=2023-08-21&rankRange=0-5000,2026-03-22T00:50:40Z
atp,2023-08-21,L0G3,A. Lobanov,Aleksandr Lobanov,1171,7,https://www.atptour.com/en/rankings/singles?dateWeek=2023-08-21&rankRange=0-5000,2026-03-22T00:50:40Z
atp,2023-08-21,Z0AK,T. Zink,Tyler Zink,1174,7,https://www.atptour.com/en/rankings/singles?dateWeek=2023-08-21&rankRange=0-5000,2026-03-22T00:50:40Z
atp,2023-08-21,F0F0,R. Faucon,Romain Faucon,1175,7,https://www.atptour.com/en/rankings/singles?dateWeek=2023-08-21&rankRange=0-5000,2026-03-22T00:50:40Z
atp,2023-08-21,L0GA,T. Lanik,Tomas Lanik,1176,7,https://www.atptour.com/en/rankings/singles?dateWeek=2023-08-21&rankRange=0-5000,2026-03-22T00:50:40Z
atp,2023-08-21,C0FE,J. Caldes,Jaime Caldes,1177,7,https://www.atptour.com/en/rankings/singles?dateWeek=2023-08-21&rankRange=0-5000,2026-03-22T00:50:40Z
atp,2023-08-21,MW83,J. Maginley,Jody Maginley,1178,7,https://www.atptour.com/en/rankings/singles?dateWeek=2023-08-21&rankRange=0-5000,2026-03-22T00:50:40Z
atp,2023-08-21,S0LF,L. Sheyngezikht,Leonid Sheyngezikht,1179,7,https://www.atptour.com/en/rankings/singles?dateWeek=2023-08-21&rankRange=0-5000,2026-03-22T00:50:40Z
atp,2023-08-21,Z0BL,F. Zakaria,Fares Zakaria,1182,7,https://www.atptour.com/en/rankings/singles?dateWeek=2023-08-21&rankRange=0-5000,2026-03-22T00:50:40Z
atp,2023-08-21,B0PU,R. Bennani,Reda Bennani,1183,6,https://www.atptour.com/en/rankings/singles?dateWeek=2023-08-21&rankRange=0-5000,2026-03-22T00:50:40Z
atp,2023-08-21,K0DV,G. Kim,Geun Jun Kim,1188,6,https://www.atptour.com/en/rankings/singles?dateWeek=2023-08-21&rankRange=0-5000,2026-03-22T00:50:40Z
atp,2023-08-21,C0JR,I. Chirita,Ioan Alexandru Chirita,1189,6,https://www.atptour.com/en/rankings/singles?dateWeek=2023-08-21&rankRange=0-5000,2026-03-22T00:50:40Z
atp,2023-08-21,HA28,F. Horansky,Filip Horansky,1190,6,https://www.atptour.com/en/rankings/singles?dateWeek=2023-08-21&rankRange=0-5000,2026-03-22T00:50:40Z
atp,2023-08-21,T0HB,R. Tomic,Radomir Tomic,1196,6,https://www.atptour.com/en/rankings/singles?dateWeek=2023-08-21&rankRange=0-5000,2026-03-22T00:50:40Z
atp,2023-08-21,R0AC,A. Ragazzi,Alessandro Ragazzi,1197,6,https://www.atptour.com/en/rankings/singles?dateWeek=2023-08-21&rankRange=0-5000,2026-03-22T00:50:40Z
atp,2023-08-21,K0GE,L. Koenig,Luc Koenig,1201,6,https://www.atptour.com/en/rankings/singles?dateWeek=2023-08-21&rankRange=0-5000,2026-03-22T00:50:40Z
atp,2023-08-21,P0FR,G. Planelles Ripoll,Gerard Planelles Ripoll,1202,6,https://www.atptour.com/en/rankings/singles?dateWeek=2023-08-21&rankRange=0-5000,2026-03-22T00:50:40Z
atp,2023-08-21,H0CU,R. Hohmann,Ronald Hohmann,1203,6,https://www.atptour.com/en/rankings/singles?dateWeek=2023-08-21&rankRange=0-5000,2026-03-22T00:50:40Z
atp,2023-08-21,V505,V. Vardhan,Vishnu Vardhan,1204,6,https://www.atptour.com/en/rankings/singles?dateWeek=2023-08-21&rankRange=0-5000,2026-03-22T00:50:40Z
atp,2023-08-21,D0BJ,J. Davis,James Davis,1216,6,https://www.atptour.com/en/rankings/singles?dateWeek=2023-08-21&rankRange=0-5000,2026-03-22T00:50:40Z
atp,2023-08-21,A943,V. Antonescu,Vasile Antonescu,1217,6,https://www.atptour.com/en/rankings/singles?dateWeek=2023-08-21&rankRange=0-5000,2026-03-22T00:50:40Z
atp,2023-08-21,S0JF,R. Stuurman,Roland Stuurman,1220,6,https://www.atptour.com/en/rankings/singles?dateWeek=2023-08-21&rankRange=0-5000,2026-03-22T00:50:40Z
atp,2023-08-21,O498,I. Okamura,Issei Okamura,1223,6,https://www.atptour.com/en/rankings/singles?dateWeek=2023-08-21&rankRange=0-5000,2026-03-22T00:50:40Z
atp,2023-08-21,M0HQ,O. Markovski,Obrad Markovski,1226,6,https://www.atptour.com/en/rankings/singles?dateWeek=2023-08-21&rankRange=0-5000,2026-03-22T00:50:40Z
atp,2023-08-21,B0MR,E. Bynoe,Evan Bynoe,1229,6,https://www.atptour.com/en/rankings/singles?dateWeek=2023-08-21&rankRange=0-5000,2026-03-22T00:50:40Z
atp,2023-08-21,M0QK,L. Massard,Loann Massard,1230,6,https://www.atptour.com/en/rankings/singles?dateWeek=2023-08-21&rankRange=0-5000,2026-03-22T00:50:40Z
atp,2023-08-21,H0GJ,S. Hess,Sean Hess,1231,6,https://www.atptour.com/en/rankings/singles?dateWeek=2023-08-21&rankRange=0-5000,2026-03-22T00:50:40Z
atp,2023-08-21,I09E,V. Ivanov,Vladislav Ivanov,1234,6,https://www.atptour.com/en/rankings/singles?dateWeek=2023-08-21&rankRange=0-5000,2026-03-22T00:50:40Z
atp,2023-08-21,C0GK,T. Cigarran,Thiago Cigarran,1235,6,https://www.atptour.com/en/rankings/singles?dateWeek=2023-08-21&rankRange=0-5000,2026-03-22T00:50:40Z
atp,2023-08-21,MG08,Y. Mertens,Yannick Mertens,1242,5,https://www.atptour.com/en/rankings/singles?dateWeek=2023-08-21&rankRange=0-5000,2026-03-22T00:50:40Z
atp,2023-08-21,B0GT,L. Bresciani,Lorenzo Bresciani,1243,5,https://www.atptour.com/en/rankings/singles?dateWeek=2023-08-21&rankRange=0-5000,2026-03-22T00:50:40Z
atp,2023-08-21,AB90,B. Apostol,Bogdan Ionut Apostol,1244,5,https://www.atptour.com/en/rankings/singles?dateWeek=2023-08-21&rankRange=0-5000,2026-03-22T00:50:40Z
atp,2023-08-21,A0E5,T. Arribage,Theo Arribage,1245,5,https://www.atptour.com/en/rankings/singles?dateWeek=2023-08-21&rankRange=0-5000,2026-03-22T00:50:40Z
atp,2023-08-21,T0E9,S. Terziev,Simeon Terziev,1248,5,https://www.atptour.com/en/rankings/singles?dateWeek=2023-08-21&rankRange=0-5000,2026-03-22T00:50:40Z
atp,2023-08-21,S0S5,B. Shick,Braden Shick,1252,5,https://www.atptour.com/en/rankings/singles?dateWeek=2023-08-21&rankRange=0-5000,2026-03-22T00:50:40Z
atp,2023-08-21,H0EK,E. Hudd,Emile Hudd,1253,5,https://www.atptour.com/en/rankings/singles?dateWeek=2023-08-21&rankRange=0-5000,2026-03-22T00:50:40Z
atp,2023-08-21,P0I3,V. Petr,Vojtech Petr,1254,5,https://www.atptour.com/en/rankings/singles?dateWeek=2023-08-21&rankRange=0-5000,2026-03-22T00:50:40Z
atp,2023-08-21,SK53,Y. Sabanin,Yan Sabanin,1255,5,https://www.atptour.com/en/rankings/singles?dateWeek=2023-08-21&rankRange=0-5000,2026-03-22T00:50:40Z
atp,2023-08-21,E0CK,G. Evans,Gabriel Evans,1261,5,https://www.atptour.com/en/rankings/singles?dateWeek=2023-08-21&rankRange=0-5000,2026-03-22T00:50:40Z
atp,2023-08-21,BH21,A. Bulitski,Aliaksandr Bulitski,1262,5,https://www.atptour.com/en/rankings/singles?dateWeek=2023-08-21&rankRange=0-5000,2026-03-22T00:50:40Z
atp,2023-08-21,M0E2,M. Minin,Matvey Minin,1263,5,https://www.atptour.com/en/rankings/singles?dateWeek=2023-08-21&rankRange=0-5000,2026-03-22T00:50:40Z
atp,2023-08-21,A0HP,A. Aitkulov,Arslanbek Aitkulov,1264,5,https://www.atptour.com/en/rankings/singles?dateWeek=2023-08-21&rankRange=0-5000,2026-03-22T00:50:40Z
atp,2023-08-21,H0D1,A. Heinonen,Adam Heinonen,1269,5,https://www.atptour.com/en/rankings/singles?dateWeek=2023-08-21&rankRange=0-5000,2026-03-22T00:50:40Z
atp,2023-08-21,N0DR,B. Nakashima,Bryce Nakashima,1276,5,https://www.atptour.com/en/rankings/singles?dateWeek=2023-08-21&rankRange=0-5000,2026-03-22T00:50:40Z
atp,2023-08-21,F0BJ,A. Freire Da Silva,Adan Freire Da Silva,1280,5,https://www.atptour.com/en/rankings/singles?dateWeek=2023-08-21&rankRange=0-5000,2026-03-22T00:50:40Z
atp,2023-08-21,D0K4,F. De Dios,Felipe De Dios,1286,5,https://www.atptour.com/en/rankings/singles?dateWeek=2023-08-21&rankRange=0-5000,2026-03-22T00:50:40Z
atp,2023-08-21,WA96,J. Wojcik,Jakub Wojcik,1287,5,https://www.atptour.com/en/rankings/singles?dateWeek=2023-08-21&rankRange=0-5000,2026-03-22T00:50:40Z
atp,2023-08-21,S0JV,Q. Sun,Qian Sun,1291,5,https://www.atptour.com/en/rankings/singles?dateWeek=2023-08-21&rankRange=0-5000,2026-03-22T00:50:40Z
atp,2023-08-21,S0I2,J. Schaer,Jonas Schaer,1292,5,https://www.atptour.com/en/rankings/singles?dateWeek=2023-08-21&rankRange=0-5000,2026-03-22T00:50:40Z
atp,2023-08-21,F0E4,L. Fantini,Luca Fantini,1295,5,https://www.atptour.com/en/rankings/singles?dateWeek=2023-08-21&rankRange=0-5000,2026-03-22T00:50:40Z
atp,2023-08-21,P0HL,P. Pampanin,Pietro Pampanin,1296,5,https://www.atptour.com/en/rankings/singles?dateWeek=2023-08-21&rankRange=0-5000,2026-03-22T00:50:40Z
atp,2023-08-21,G0BX,C. Gaal,Corey Gaal,1297,5,https://www.atptour.com/en/rankings/singles?dateWeek=2023-08-21&rankRange=0-5000,2026-03-22T00:50:40Z
atp,2023-08-21,CN15,F. Corwin,Felix Corwin,1313,4,https://www.atptour.com/en/rankings/singles?dateWeek=2023-08-21&rankRange=0-5000,2026-03-22T00:50:40Z
atp,2023-08-21,CH73,P. Chrysochos,Petros Chrysochos,1316,4,https://www.atptour.com/en/rankings/singles?dateWeek=2023-08-21&rankRange=0-5000,2026-03-22T00:50:40Z
atp,2023-08-21,S0WT,J. Schwaerzler,Joel Schwaerzler,1317,4,https://www.atptour.com/en/rankings/singles?dateWeek=2023-08-21&rankRange=0-5000,2026-03-22T00:50:40Z
atp,2023-08-21,B0N3,S. Bar Menahem,Shay Bar Menahem,1318,4,https://www.atptour.com/en/rankings/singles?dateWeek=2023-08-21&rankRange=0-5000,2026-03-22T00:50:40Z
atp,2023-08-21,G0BH,R. Ginat,Roi Ginat,1337,4,https://www.atptour.com/en/rankings/singles?dateWeek=2023-08-21&rankRange=0-5000,2026-03-22T00:50:40Z
atp,2023-08-21,J267,M. Jaziri,Malek Jaziri,1338,4,https://www.atptour.com/en/rankings/singles?dateWeek=2023-08-21&rankRange=0-5000,2026-03-22T00:50:40Z
atp,2023-08-21,LF40,I. Liutarevich,Ivan Liutarevich,1341,4,https://www.atptour.com/en/rankings/singles?dateWeek=2023-08-21&rankRange=0-5000,2026-03-22T00:50:40Z
atp,2023-08-21,B0QW,L. Boika,Leanid Boika,1342,4,https://www.atptour.com/en/rankings/singles?dateWeek=2023-08-21&rankRange=0-5000,2026-03-22T00:50:40Z
atp,2023-08-21,I0B6,P. Inchauspe,Paul Inchauspe,1374,4,https://www.atptour.com/en/rankings/singles?dateWeek=2023-08-21&rankRange=0-5000,2026-03-22T00:50:40Z
atp,2023-08-21,V993,E. Vasa,Eero Vasa,1375,4,https://www.atptour.com/en/rankings/singles?dateWeek=2023-08-21&rankRange=0-5000,2026-03-22T00:50:40Z
atp,2023-08-21,C0E6,Y. Charoenphon,Yuttana Charoenphon,1376,4,https://www.atptour.com/en/rankings/singles?dateWeek=2023-08-21&rankRange=0-5000,2026-03-22T00:50:40Z
atp,2023-08-21,KD70,P. Krstin,Pedja Krstin,1383,4,https://www.atptour.com/en/rankings/singles?dateWeek=2023-08-21&rankRange=0-5000,2026-03-22T00:50:40Z
atp,2023-08-21,O560,J. Osorio,Juan Sebastian Osorio,1384,4,https://www.atptour.com/en/rankings/singles?dateWeek=2023-08-21&rankRange=0-5000,2026-03-22T00:50:40Z
atp,2023-08-21,S0I6,J. Sorbo,Jonathan Sorbo,1448,3,https://www.atptour.com/en/rankings/singles?dateWeek=2023-08-21&rankRange=0-5000,2026-03-22T00:50:40Z
atp,2023-08-21,AD06,A. Addison,Aaron Addison,1470,3,https://www.atptour.com/en/rankings/singles?dateWeek=2023-08-21&rankRange=0-5000,2026-03-22T00:50:40Z
atp,2023-08-21,P0IP,N. Pozzani,Nicolo Pozzani,1482,3,https://www.atptour.com/en/rankings/singles?dateWeek=2023-08-21&rankRange=0-5000,2026-03-22T00:50:40Z
atp,2023-08-21,J0CN,A. Jurajda,Adam Jurajda,1493,3,https://www.atptour.com/en/rankings/singles?dateWeek=2023-08-21&rankRange=0-5000,2026-03-22T00:50:40Z
atp,2023-08-21,S0MC,M. Sadaoui,Mehdi Sadaoui,1503,3,https://www.atptour.com/en/rankings/singles?dateWeek=2023-08-21&rankRange=0-5000,2026-03-22T00:50:40Z
atp,2023-08-21,V0ET,M. Vasiliauskas,Matas Vasiliauskas,1504,3,https://www.atptour.com/en/rankings/singles?dateWeek=2023-08-21&rankRange=0-5000,2026-03-22T00:50:40Z
atp,2023-08-21,G0F9,R. Giotis,Rafael Giotis,1632,2,https://www.atptour.com/en/rankings/singles?dateWeek=2023-08-21&rankRange=0-5000,2026-03-22T00:50:40Z
atp,2023-08-21,SW13,C. Sookton-eng,Chanchai Sookton Eng,1647,2,https://www.atptour.com/en/rankings/singles?dateWeek=2023-08-21&rankRange=0-5000,2026-03-22T00:50:40Z
atp,2023-08-21,J0A9,J. Jenicek,Jiri Jenicek,1671,2,https://www.atptour.com/en/rankings/singles?dateWeek=2023-08-21&rankRange=0-5000,2026-03-22T00:50:40Z
atp,2023-08-21,A0D2,M. Alkotop,Mousa Alkotop,1674,2,https://www.atptour.com/en/rankings/singles?dateWeek=2023-08-21&rankRange=0-5000,2026-03-22T00:50:40Z
atp,2023-08-21,B0LV,M. Bassem Sobhy,Michael Bassem Sobhy,1677,2,https://www.atptour.com/en/rankings/singles?dateWeek=2023-08-21&rankRange=0-5000,2026-03-22T00:50:40Z
atp,2023-08-21,D0BE,J. Delaney,Jesse Delaney,2065,1,https://www.atptour.com/en/rankings/singles?dateWeek=2023-08-21&rankRange=0-5000,2026-03-22T00:50:40Z
atp,2023-08-21,P0IM,A. Pisaric,Aleksa Pisaric,2066,1,https://www.atptour.com/en/rankings/singles?dateWeek=2023-08-21&rankRange=0-5000,2026-03-22T00:50:40Z
atp,2023-08-21,A0E2,Carlos Alcaraz,Carlos Alcaraz,1,9815,https://www.atptour.com/en/rankings/singles?dateWeek=2023-08-21&rankRange=0-5000,2026-03-22T00:50:40Z
atp,2023-08-21,D643,Novak Djokovic,Novak Djokovic,2,9795,https://www.atptour.com/en/rankings/singles?dateWeek=2023-08-21&rankRange=0-5000,2026-03-22T00:50:40Z
atp,2023-08-21,MM58,Daniil Medvedev,Daniil Medvedev,3,6260,https://www.atptour.com/en/rankings/singles?dateWeek=2023-08-21&rankRange=0-5000,2026-03-22T00:50:40Z
atp,2023-08-21,R0DG,Holger Rune,Holger Rune,4,4790,https://www.atptour.com/en/rankings/singles?dateWeek=2023-08-21&rankRange=0-5000,2026-03-22T00:50:40Z
atp,2023-08-21,RH16,Casper Ruud,Casper Ruud,5,4715,https://www.atptour.com/en/rankings/singles?dateWeek=2023-08-21&rankRange=0-5000,2026-03-22T00:50:40Z
atp,2023-08-21,S0AG,Jannik Sinner,Jannik Sinner,6,4645,https://www.atptour.com/en/rankings/singles?dateWeek=2023-08-21&rankRange=0-5000,2026-03-22T00:50:40Z
atp,2023-08-21,TE51,Stefanos Tsitsipas,Stefanos Tsitsipas,7,4580,https://www.atptour.com/en/rankings/singles?dateWeek=2023-08-21&rankRange=0-5000,2026-03-22T00:50:40Z
atp,2023-08-21,RE44,Andrey Rublev,Andrey Rublev,8,4515,https://www.atptour.com/en/rankings/singles?dateWeek=2023-08-21&rankRange=0-5000,2026-03-22T00:50:40Z
atp,2023-08-21,FB98,Taylor Fritz,Taylor Fritz,9,3605,https://www.atptour.com/en/rankings/singles?dateWeek=2023-08-21&rankRange=0-5000,2026-03-22T00:50:40Z
atp,2023-08-21,TD51,Frances Tiafoe,Frances Tiafoe,10,3050,https://www.atptour.com/en/rankings/singles?dateWeek=2023-08-21&rankRange=0-5000,2026-03-22T00:50:40Z
atp,2023-08-21,KE29,Karen Khachanov,Karen Khachanov,11,2845,https://www.atptour.com/en/rankings/singles?dateWeek=2023-08-21&rankRange=0-5000,2026-03-22T00:50:40Z
atp,2023-08-21,Z355,Alexander Zverev,Alexander Zverev,12,2670,https://www.atptour.com/en/rankings/singles?dateWeek=2023-08-21&rankRange=0-5000,2026-03-22T00:50:40Z
atp,2023-08-21,DH58,Alex de Minaur,Alex De Minaur,13,2595,https://www.atptour.com/en/rankings/singles?dateWeek=2023-08-21&rankRange=0-5000,2026-03-22T00:50:40Z
atp,2023-08-21,PL56,Tommy Paul,Tommy Paul,14,2570,https://www.atptour.com/en/rankings/singles?dateWeek=2023-08-21&rankRange=0-5000,2026-03-22T00:50:40Z
atp,2023-08-21,AG37,Felix Auger-Aliassime,Felix Auger Aliassime,15,2375,https://www.atptour.com/en/rankings/singles?dateWeek=2023-08-21&rankRange=0-5000,2026-03-22T00:50:40Z
atp,2023-08-21,N771,Cameron Norrie,Cameron Norrie,16,2075,https://www.atptour.com/en/rankings/singles?dateWeek=2023-08-21&rankRange=0-5000,2026-03-22T00:50:40Z
atp,2023-08-21,HB71,Hubert Hurkacz,Hubert Hurkacz,17,2035,https://www.atptour.com/en/rankings/singles?dateWeek=2023-08-21&rankRange=0-5000,2026-03-22T00:50:40Z
atp,2023-08-21,M0EJ,Lorenzo Musetti,Lorenzo Musetti,18,2005,https://www.atptour.com/en/rankings/singles?dateWeek=2023-08-21&rankRange=0-5000,2026-03-22T00:50:40Z
atp,2023-08-21,D875,Grigor Dimitrov,Grigor Dimitrov,19,1690,https://www.atptour.com/en/rankings/singles?dateWeek=2023-08-21&rankRange=0-5000,2026-03-22T00:50:40Z
atp,2023-08-21,C0AU,Francisco Cerundolo,Francisco Cerundolo,20,1600,https://www.atptour.com/en/rankings/singles?dateWeek=2023-08-21&rankRange=0-5000,2026-03-22T00:50:40Z
atp,2023-08-21,DH50,Alejandro Davidovich Fokina,Alejandro Davidovich Fokina,21,1525,https://www.atptour.com/en/rankings/singles?dateWeek=2023-08-21&rankRange=0-5000,2026-03-22T00:50:40Z
atp,2023-08-21,SL28,Jan-Lennard Struff,Jan Lennard Struff,22,1482,https://www.atptour.com/en/rankings/singles?dateWeek=2023-08-21&rankRange=0-5000,2026-03-22T00:50:40Z
atp,2023-08-21,ME82,Adrian Mannarino,Adrian Mannarino,23,1445,https://www.atptour.com/en/rankings/singles?dateWeek=2023-08-21&rankRange=0-5000,2026-03-22T00:50:40Z
atp,2023-08-21,J551,Nicolas Jarry,Nicolas Jarry,24,1439,https://www.atptour.com/en/rankings/singles?dateWeek=2023-08-21&rankRange=0-5000,2026-03-22T00:50:40Z
atp,2023-08-21,GJ37,Tallon Griekspoor,Tallon Griekspoor,25,1436,https://www.atptour.com/en/rankings/singles?dateWeek=2023-08-21&rankRange=0-5000,2026-03-22T00:50:40Z
atp,2023-08-21,SU55,Denis Shapovalov,Denis Shapovalov,26,1415,https://www.atptour.com/en/rankings/singles?dateWeek=2023-08-21&rankRange=0-5000,2026-03-22T00:50:40Z
atp,2023-08-21,BK92,Alexander Bublik,Alexander Bublik,27,1384,https://www.atptour.com/en/rankings/singles?dateWeek=2023-08-21&rankRange=0-5000,2026-03-22T00:50:40Z
atp,2023-08-21,E687,Daniel Evans,Daniel Evans,28,1381,https://www.atptour.com/en/rankings/singles?dateWeek=2023-08-21&rankRange=0-5000,2026-03-22T00:50:40Z
atp,2023-08-21,CG80,Borna Coric,Borna Coric,29,1360,https://www.atptour.com/en/rankings/singles?dateWeek=2023-08-21&rankRange=0-5000,2026-03-22T00:50:40Z
atp,2023-08-21,E865,Christopher Eubanks,Christopher Eubanks,30,1338,https://www.atptour.com/en/rankings/singles?dateWeek=2023-08-21&rankRange=0-5000,2026-03-22T00:50:40Z
atp,2023-08-21,HH26,Ugo Humbert,Ugo Humbert,31,1258,https://www.atptour.com/en/rankings/singles?dateWeek=2023-08-21&rankRange=0-5000,2026-03-22T00:50:40Z
atp,2023-08-21,EA24,Tomas Martin Etcheverry,Tomas Martin Etcheverry,32,1250,https://www.atptour.com/en/rankings/singles?dateWeek=2023-08-21&rankRange=0-5000,2026-03-22T00:50:40Z
atp,2023-08-21,K0AH,Sebastian Korda,Sebastian Korda,33,1240,https://www.atptour.com/en/rankings/singles?dateWeek=2023-08-21&rankRange=0-5000,2026-03-22T00:50:40Z
atp,2023-08-21,DB63,Laslo Djere,Laslo Djere,34,1215,https://www.atptour.com/en/rankings/singles?dateWeek=2023-08-21&rankRange=0-5000,2026-03-22T00:50:40Z
atp,2023-08-21,L0BV,Jiri Lehecka,Jiri Lehecka,35,1198,https://www.atptour.com/en/rankings/singles?dateWeek=2023-08-21&rankRange=0-5000,2026-03-22T00:50:40Z
atp,2023-08-21,BK40,Matteo Berrettini,Matteo Berrettini,36,1147,https://www.atptour.com/en/rankings/singles?dateWeek=2023-08-21&rankRange=0-5000,2026-03-22T00:50:40Z
atp,2023-08-21,MC10,Andy Murray,Andy Murray,37,1120,https://www.atptour.com/en/rankings/singles?dateWeek=2023-08-21&rankRange=0-5000,2026-03-22T00:50:40Z
atp,2023-08-21,SU87,Lorenzo Sonego,Lorenzo Sonego,38,1115,https://www.atptour.com/en/rankings/singles?dateWeek=2023-08-21&rankRange=0-5000,2026-03-22T00:50:40Z
atp,2023-08-21,MK66,Mackenzie McDonald,Mackenzie Mcdonald,39,1085,https://www.atptour.com/en/rankings/singles?dateWeek=2023-08-21&rankRange=0-5000,2026-03-22T00:50:40Z
atp,2023-08-21,P09Z,Alexei Popyrin,Alexei Popyrin,40,1065,https://www.atptour.com/en/rankings/singles?dateWeek=2023-08-21&rankRange=0-5000,2026-03-22T00:50:40Z
atp,2023-08-21,BD06,Roberto Bautista Agut,Roberto Bautista Agut,41,1060,https://www.atptour.com/en/rankings/singles?dateWeek=2023-08-21&rankRange=0-5000,2026-03-22T00:50:40Z
atp,2023-08-21,B0BI,Sebastian Baez,Sebastian Baez,42,1055,https://www.atptour.com/en/rankings/singles?dateWeek=2023-08-21&rankRange=0-5000,2026-03-22T00:50:40Z
atp,2023-08-21,N732,Yoshihito Nishioka,Yoshihito Nishioka,43,1025,https://www.atptour.com/en/rankings/singles?dateWeek=2023-08-21&rankRange=0-5000,2026-03-22T00:50:40Z
atp,2023-08-21,W09G,J.J. Wolf,J.j. Wolf,44,1025,https://www.atptour.com/en/rankings/singles?dateWeek=2023-08-21&rankRange=0-5000,2026-03-22T00:50:40Z
atp,2023-08-21,KI95,Miomir Kecmanovic,Miomir Kecmanovic,45,1020,https://www.atptour.com/en/rankings/singles?dateWeek=2023-08-21&rankRange=0-5000,2026-03-22T00:50:40Z
atp,2023-08-21,S0S1,Ben Shelton,Ben Shelton,46,1015,https://www.atptour.com/en/rankings/singles?dateWeek=2023-08-21&rankRange=0-5000,2026-03-22T00:50:40Z
atp,2023-08-21,PH71,Max Purcell,Max Purcell,47,1013,https://www.atptour.com/en/rankings/singles?dateWeek=2023-08-21&rankRange=0-5000,2026-03-22T00:50:40Z
atp,2023-08-21,F0F1,Arthur Fils,Arthur Fils,48,1007,https://www.atptour.com/en/rankings/singles?dateWeek=2023-08-21&rankRange=0-5000,2026-03-22T00:50:40Z
atp,2023-08-21,W367,Stan Wawrinka,Stan Wawrinka,49,1004,https://www.atptour.com/en/rankings/singles?dateWeek=2023-08-21&rankRange=0-5000,2026-03-22T00:50:40Z
atp,2023-08-21,TC61,Jordan Thompson,Jordan Thompson,50,951,https://www.atptour.com/en/rankings/singles?dateWeek=2023-08-21&rankRange=0-5000,2026-03-22T00:50:40Z
atp,2023-08-21,V832,Aleksandar Vukic,Aleksandar Vukic,51,949,https://www.atptour.com/en/rankings/singles?dateWeek=2023-08-21&rankRange=0-5000,2026-03-22T00:50:40Z
atp,2023-08-21,L987,Dusan Lajovic,Dusan Lajovic,52,938,https://www.atptour.com/en/rankings/singles?dateWeek=2023-08-21&rankRange=0-5000,2026-03-22T00:50:40Z
atp,2023-08-21,AE14,Daniel Altmaier,Daniel Altmaier,53,936,https://www.atptour.com/en/rankings/singles?dateWeek=2023-08-21&rankRange=0-5000,2026-03-22T00:50:40Z
atp,2023-08-21,H997,Yannick Hanfmann,Yannick Hanfmann,54,929,https://www.atptour.com/en/rankings/singles?dateWeek=2023-08-21&rankRange=0-5000,2026-03-22T00:50:40Z
atp,2023-08-21,V812,Botic van de Zandschulp,Botic Van De Zandschulp,55,915,https://www.atptour.com/en/rankings/singles?dateWeek=2023-08-21&rankRange=0-5000,2026-03-22T00:50:40Z
atp,2023-08-21,RH24,Emil Ruusuvuori,Emil Ruusuvuori,56,911,https://www.atptour.com/en/rankings/singles?dateWeek=2023-08-21&rankRange=0-5000,2026-03-22T00:50:40Z
atp,2023-08-21,G628,Richard Gasquet,Richard Gasquet,57,910,https://www.atptour.com/en/rankings/singles?dateWeek=2023-08-21&rankRange=0-5000,2026-03-22T00:50:40Z
atp,2023-08-21,F724,Marton Fucsovics,Marton Fucsovics,58,884,https://www.atptour.com/en/rankings/singles?dateWeek=2023-08-21&rankRange=0-5000,2026-03-22T00:50:40Z
atp,2023-08-21,O513,Sebastian Ofner,Sebastian Ofner,59,868,https://www.atptour.com/en/rankings/singles?dateWeek=2023-08-21&rankRange=0-5000,2026-03-22T00:50:40Z
atp,2023-08-21,BK24,Gregoire Barrere,Gregoire Barrere,60,864,https://www.atptour.com/en/rankings/singles?dateWeek=2023-08-21&rankRange=0-5000,2026-03-22T00:50:40Z
atp,2023-08-21,SX50,Roman Safiullin,Roman Safiullin,61,857,https://www.atptour.com/en/rankings/singles?dateWeek=2023-08-21&rankRange=0-5000,2026-03-22T00:50:40Z
atp,2023-08-21,A0FC,Matteo Arnaldi,Matteo Arnaldi,62,855,https://www.atptour.com/en/rankings/singles?dateWeek=2023-08-21&rankRange=0-5000,2026-03-22T00:50:40Z
atp,2023-08-21,GC88,Marcos Giron,Marcos Giron,63,850,https://www.atptour.com/en/rankings/singles?dateWeek=2023-08-21&rankRange=0-5000,2026-03-22T00:50:40Z
atp,2023-08-21,CF59,Roberto Carballes Baena,Roberto Carballes Baena,64,840,https://www.atptour.com/en/rankings/singles?dateWeek=2023-08-21&rankRange=0-5000,2026-03-22T00:50:40Z
atp,2023-08-21,V0DZ,Luca Van Assche,Luca Van Assche,65,831,https://www.atptour.com/en/rankings/singles?dateWeek=2023-08-21&rankRange=0-5000,2026-03-22T00:50:40Z
atp,2023-08-21,CG04,Pedro Cachin,Pedro Cachin,66,822,https://www.atptour.com/en/rankings/singles?dateWeek=2023-08-21&rankRange=0-5000,2026-03-22T00:50:40Z
atp,2023-08-21,Z371,Zhizhen Zhang,Zhizhen Zhang,67,815,https://www.atptour.com/en/rankings/singles?dateWeek=2023-08-21&rankRange=0-5000,2026-03-22T00:50:40Z
atp,2023-08-21,O483,Christopher O'Connell,Christopher O'connell,68,811,https://www.atptour.com/en/rankings/singles?dateWeek=2023-08-21&rankRange=0-5000,2026-03-22T00:50:40Z
atp,2023-08-21,HB64,Quentin Halys,Quentin Halys,69,805,https://www.atptour.com/en/rankings/singles?dateWeek=2023-08-21&rankRange=0-5000,2026-03-22T00:50:40Z
atp,2023-08-21,GE33,Daniel Elahi Galan,Daniel Elahi Galan,70,804,https://www.atptour.com/en/rankings/singles?dateWeek=2023-08-21&rankRange=0-5000,2026-03-22T00:50:40Z
atp,2023-08-21,MW02,Corentin Moutet,Corentin Moutet,71,801,https://www.atptour.com/en/rankings/singles?dateWeek=2023-08-21&rankRange=0-5000,2026-03-22T00:50:40Z
atp,2023-08-21,N0AE,Brandon Nakashima,Brandon Nakashima,72,795,https://www.atptour.com/en/rankings/singles?dateWeek=2023-08-21&rankRange=0-5000,2026-03-22T00:50:40Z
atp,2023-08-21,RC91,Arthur Rinderknech,Arthur Rinderknech,73,781,https://www.atptour.com/en/rankings/singles?dateWeek=2023-08-21&rankRange=0-5000,2026-03-22T00:50:40Z
atp,2023-08-21,V836,Juan Pablo Varillas,Juan Pablo Varillas,74,779,https://www.atptour.com/en/rankings/singles?dateWeek=2023-08-21&rankRange=0-5000,2026-03-22T00:50:40Z
atp,2023-08-21,Z419,Bernabe Zapata Miralles,Bernabe Zapata Miralles,75,776,https://www.atptour.com/en/rankings/singles?dateWeek=2023-08-21&rankRange=0-5000,2026-03-22T00:50:40Z
atp,2023-08-21,KC56,Aslan Karatsev,Aslan Karatsev,76,773,https://www.atptour.com/en/rankings/singles?dateWeek=2023-08-21&rankRange=0-5000,2026-03-22T00:50:40Z
atp,2023-08-21,KD46,Thanasi Kokkinakis,Thanasi Kokkinakis,77,766,https://www.atptour.com/en/rankings/singles?dateWeek=2023-08-21&rankRange=0-5000,2026-03-22T00:50:40Z
atp,2023-08-21,KE73,Dominik Koepfer,Dominik Koepfer,78,757,https://www.atptour.com/en/rankings/singles?dateWeek=2023-08-21&rankRange=0-5000,2026-03-22T00:50:40Z
atp,2023-08-21,BT72,Nuno Borges,Nuno Borges,79,754,https://www.atptour.com/en/rankings/singles?dateWeek=2023-08-21&rankRange=0-5000,2026-03-22T00:50:40Z
atp,2023-08-21,Y268,Mikael Ymer,Mikael Ymer,80,731,https://www.atptour.com/en/rankings/singles?dateWeek=2023-08-21&rankRange=0-5000,2026-03-22T00:50:40Z
atp,2023-08-21,MU94,Jaume Munar,Jaume Munar,81,726,https://www.atptour.com/en/rankings/singles?dateWeek=2023-08-21&rankRange=0-5000,2026-03-22T00:50:40Z
atp,2023-08-21,TB69,Dominic Thiem,Dominic Thiem,82,726,https://www.atptour.com/en/rankings/singles?dateWeek=2023-08-21&rankRange=0-5000,2026-03-22T00:50:40Z
atp,2023-08-21,M0CI,Fabian Marozsan,Fabian Marozsan,83,708,https://www.atptour.com/en/rankings/singles?dateWeek=2023-08-21&rankRange=0-5000,2026-03-22T00:50:40Z
atp,2023-08-21,S0H2,Alexander Shevchenko,Alexander Shevchenko,84,699,https://www.atptour.com/en/rankings/singles?dateWeek=2023-08-21&rankRange=0-5000,2026-03-22T00:50:40Z
atp,2023-08-21,MP20,Alexandre Muller,Alexandre Muller,85,697,https://www.atptour.com/en/rankings/singles?dateWeek=2023-08-21&rankRange=0-5000,2026-03-22T00:50:40Z
atp,2023-08-21,KB95,Jason Kubler,Jason Kubler,86,693,https://www.atptour.com/en/rankings/singles?dateWeek=2023-08-21&rankRange=0-5000,2026-03-22T00:50:40Z
atp,2023-08-21,HH06,Marc-Andrea Huesler,Marc Andrea Huesler,87,689,https://www.atptour.com/en/rankings/singles?dateWeek=2023-08-21&rankRange=0-5000,2026-03-22T00:50:40Z
atp,2023-08-21,WB08,Yosuke Watanuki,Yosuke Watanuki,88,686,https://www.atptour.com/en/rankings/singles?dateWeek=2023-08-21&rankRange=0-5000,2026-03-22T00:50:40Z
atp,2023-08-21,WB32,Yibing Wu,Yibing Wu,89,683,https://www.atptour.com/en/rankings/singles?dateWeek=2023-08-21&rankRange=0-5000,2026-03-22T00:50:40Z
atp,2023-08-21,R772,Albert Ramos-Vinolas,Albert Ramos Vinolas,90,663,https://www.atptour.com/en/rankings/singles?dateWeek=2023-08-21&rankRange=0-5000,2026-03-22T00:50:40Z
atp,2023-08-21,GD64,Cristian Garin,Cristian Garin,91,641,https://www.atptour.com/en/rankings/singles?dateWeek=2023-08-21&rankRange=0-5000,2026-03-22T00:50:40Z
atp,2023-08-21,CE77,Federico Coria,Federico Coria,92,637,https://www.atptour.com/en/rankings/singles?dateWeek=2023-08-21&rankRange=0-5000,2026-03-22T00:50:40Z
atp,2023-08-21,D0CG,Facundo Diaz Acosta,Facundo Diaz Acosta,93,626,https://www.atptour.com/en/rankings/singles?dateWeek=2023-08-21&rankRange=0-5000,2026-03-22T00:50:40Z
atp,2023-08-21,MP01,Michael Mmoh,Michael Mmoh,94,624,https://www.atptour.com/en/rankings/singles?dateWeek=2023-08-21&rankRange=0-5000,2026-03-22T00:50:40Z
atp,2023-08-21,DA81,Taro Daniel,Taro Daniel,95,618,https://www.atptour.com/en/rankings/singles?dateWeek=2023-08-21&rankRange=0-5000,2026-03-22T00:50:40Z
atp,2023-08-21,GB88,David Goffin,David Goffin,96,609,https://www.atptour.com/en/rankings/singles?dateWeek=2023-08-21&rankRange=0-5000,2026-03-22T00:50:40Z
atp,2023-08-21,K09F,Pavel Kotov,Pavel Kotov,97,603,https://www.atptour.com/en/rankings/singles?dateWeek=2023-08-21&rankRange=0-5000,2026-03-22T00:50:40Z
atp,2023-08-21,G09O,Hugo Gaston,Hugo Gaston,98,598,https://www.atptour.com/en/rankings/singles?dateWeek=2023-08-21&rankRange=0-5000,2026-03-22T00:50:40Z
atp,2023-08-21,I305,Ilya Ivashka,Ilya Ivashka,99,591,https://www.atptour.com/en/rankings/singles?dateWeek=2023-08-21&rankRange=0-5000,2026-03-22T00:50:40Z
atp,2023-08-21,C0C8,Juan Manuel Cerundolo,Juan Manuel Cerundolo,100,591,https://www.atptour.com/en/rankings/singles?dateWeek=2023-08-21&rankRange=0-5000,2026-03-22T00:50:40Z
atp,2023-08-21,BM95,Benjamin Bonzi,Benjamin Bonzi,101,590,https://www.atptour.com/en/rankings/singles?dateWeek=2023-08-21&rankRange=0-5000,2026-03-22T00:50:40Z
atp,2023-08-21,R09X,Jurij Rodionov,Jurij Rodionov,102,583,https://www.atptour.com/en/rankings/singles?dateWeek=2023-08-21&rankRange=0-5000,2026-03-22T00:50:40Z
atp,2023-08-21,LB66,Constant Lestienne,Constant Lestienne,103,582,https://www.atptour.com/en/rankings/singles?dateWeek=2023-08-21&rankRange=0-5000,2026-03-22T00:50:40Z
atp,2023-08-21,KF17,Soonwoo Kwon,Soonwoo Kwon,104,578,https://www.atptour.com/en/rankings/singles?dateWeek=2023-08-21&rankRange=0-5000,2026-03-22T00:50:40Z
atp,2023-08-21,A829,Radu Albot,Radu Albot,105,576,https://www.atptour.com/en/rankings/singles?dateWeek=2023-08-21&rankRange=0-5000,2026-03-22T00:50:40Z
atp,2023-08-21,GH92,Borna Gojo,Borna Gojo,106,559,https://www.atptour.com/en/rankings/singles?dateWeek=2023-08-21&rankRange=0-5000,2026-03-22T00:50:40Z
atp,2023-08-21,SX91,Thiago Seyboth Wild,Thiago Seyboth Wild,107,558,https://www.atptour.com/en/rankings/singles?dateWeek=2023-08-21&rankRange=0-5000,2026-03-22T00:50:40Z
atp,2023-08-21,BI23,Liam Broady,Liam Broady,108,557,https://www.atptour.com/en/rankings/singles?dateWeek=2023-08-21&rankRange=0-5000,2026-03-22T00:50:40Z
atp,2023-08-21,CF01,Marco Cecchinato,Marco Cecchinato,109,549,https://www.atptour.com/en/rankings/singles?dateWeek=2023-08-21&rankRange=0-5000,2026-03-22T00:50:40Z
atp,2023-08-21,TE30,Alejandro Tabilo,Alejandro Tabilo,110,547,https://www.atptour.com/en/rankings/singles?dateWeek=2023-08-21&rankRange=0-5000,2026-03-22T00:50:40Z
atp,2023-08-21,H0BH,Rinky Hijikata,Rinky Hijikata,111,544,https://www.atptour.com/en/rankings/singles?dateWeek=2023-08-21&rankRange=0-5000,2026-03-22T00:50:40Z
atp,2023-08-21,D994,James Duckworth,James Duckworth,112,540,https://www.atptour.com/en/rankings/singles?dateWeek=2023-08-21&rankRange=0-5000,2026-03-22T00:50:40Z
atp,2023-08-21,P09O,Zsombor Piros,Zsombor Piros,113,538,https://www.atptour.com/en/rankings/singles?dateWeek=2023-08-21&rankRange=0-5000,2026-03-22T00:50:40Z
atp,2023-08-21,C0BC,Maxime Cressy,Maxime Cressy,114,535,https://www.atptour.com/en/rankings/singles?dateWeek=2023-08-21&rankRange=0-5000,2026-03-22T00:50:40Z
atp,2023-08-21,MJ08,Thiago Monteiro,Thiago Monteiro,115,533,https://www.atptour.com/en/rankings/singles?dateWeek=2023-08-21&rankRange=0-5000,2026-03-22T00:50:40Z
atp,2023-08-21,SM37,Diego Schwartzman,Diego Schwartzman,116,531,https://www.atptour.com/en/rankings/singles?dateWeek=2023-08-21&rankRange=0-5000,2026-03-22T00:50:40Z
atp,2023-08-21,MV14,Alex Molcan,Alex Molcan,117,530,https://www.atptour.com/en/rankings/singles?dateWeek=2023-08-21&rankRange=0-5000,2026-03-22T00:50:40Z
atp,2023-08-21,D0CO,Jack Draper,Jack Draper,118,526,https://www.atptour.com/en/rankings/singles?dateWeek=2023-08-21&rankRange=0-5000,2026-03-22T00:50:40Z
atp,2023-08-21,N0BG,Luca Nardi,Luca Nardi,119,526,https://www.atptour.com/en/rankings/singles?dateWeek=2023-08-21&rankRange=0-5000,2026-03-22T00:50:40Z
atp,2023-08-21,BS86,Tomas Barrios Vera,Tomas Barrios Vera,120,525,https://www.atptour.com/en/rankings/singles?dateWeek=2023-08-21&rankRange=0-5000,2026-03-22T00:50:40Z
atp,2023-08-21,C0H0,Arthur Cazaux,Arthur Cazaux,121,520,https://www.atptour.com/en/rankings/singles?dateWeek=2023-08-21&rankRange=0-5000,2026-03-22T00:50:40Z
atp,2023-08-21,K0AZ,Aleksandar Kovacevic,Aleksandar Kovacevic,122,516,https://www.atptour.com/en/rankings/singles?dateWeek=2023-08-21&rankRange=0-5000,2026-03-22T00:50:40Z
atp,2023-08-21,M0FH,Tomas Machac,Tomas Machac,123,511,https://www.atptour.com/en/rankings/singles?dateWeek=2023-08-21&rankRange=0-5000,2026-03-22T00:50:40Z
atp,2023-08-21,CD85,Pablo Carreno Busta,Pablo Carreno Busta,124,495,https://www.atptour.com/en/rankings/singles?dateWeek=2023-08-21&rankRange=0-5000,2026-03-22T00:50:40Z
atp,2023-08-21,PD31,Benoit Paire,Benoit Paire,125,488,https://www.atptour.com/en/rankings/singles?dateWeek=2023-08-21&rankRange=0-5000,2026-03-22T00:50:40Z
atp,2023-08-21,CH12,Jan Choinski,Jan Choinski,126,481,https://www.atptour.com/en/rankings/singles?dateWeek=2023-08-21&rankRange=0-5000,2026-03-22T00:50:40Z
atp,2023-08-21,S0LA,Dominic Stricker,Dominic Stricker,127,480,https://www.atptour.com/en/rankings/singles?dateWeek=2023-08-21&rankRange=0-5000,2026-03-22T00:50:40Z
atp,2023-08-21,S0GR,Timofey Skatov,Timofey Skatov,128,477,https://www.atptour.com/en/rankings/singles?dateWeek=2023-08-21&rankRange=0-5000,2026-03-22T00:50:40Z
atp,2023-08-21,MN13,Maximilian Marterer,Maximilian Marterer,129,475,https://www.atptour.com/en/rankings/singles?dateWeek=2023-08-21&rankRange=0-5000,2026-03-22T00:50:40Z
atp,2023-08-21,MW18,Nicolas Moreno De Alboran,Nicolas Moreno De Alboran,130,475,https://www.atptour.com/en/rankings/singles?dateWeek=2023-08-21&rankRange=0-5000,2026-03-22T00:50:40Z
atp,2023-08-21,MO44,Pedro Martinez,Pedro Martinez,131,468,https://www.atptour.com/en/rankings/singles?dateWeek=2023-08-21&rankRange=0-5000,2026-03-22T00:50:40Z
atp,2023-08-21,D0F6,Gabriel Diallo,Gabriel Diallo,132,468,https://www.atptour.com/en/rankings/singles?dateWeek=2023-08-21&rankRange=0-5000,2026-03-22T00:50:40Z
atp,2023-08-21,M0QI,Alex Michelsen,Alex Michelsen,133,465,https://www.atptour.com/en/rankings/singles?dateWeek=2023-08-21&rankRange=0-5000,2026-03-22T00:50:40Z
atp,2023-08-21,V0AM,Otto Virtanen,Otto Virtanen,134,463,https://www.atptour.com/en/rankings/singles?dateWeek=2023-08-21&rankRange=0-5000,2026-03-22T00:50:40Z
atp,2023-08-21,KE17,Nick Kyrgios,Nick Kyrgios,135,450,https://www.atptour.com/en/rankings/singles?dateWeek=2023-08-21&rankRange=0-5000,2026-03-22T00:50:40Z
atp,2023-08-21,BF23,Facundo Bagnis,Facundo Bagnis,136,446,https://www.atptour.com/en/rankings/singles?dateWeek=2023-08-21&rankRange=0-5000,2026-03-22T00:50:40Z
atp,2023-08-21,Z0A1,Giulio Zeppieri,Giulio Zeppieri,137,442,https://www.atptour.com/en/rankings/singles?dateWeek=2023-08-21&rankRange=0-5000,2026-03-22T00:50:40Z
atp,2023-08-21,C0E9,Flavio Cobolli,Flavio Cobolli,138,442,https://www.atptour.com/en/rankings/singles?dateWeek=2023-08-21&rankRange=0-5000,2026-03-22T00:50:40Z
atp,2023-08-21,GF95,Hugo Grenier,Hugo Grenier,139,440,https://www.atptour.com/en/rankings/singles?dateWeek=2023-08-21&rankRange=0-5000,2026-03-22T00:50:40Z
atp,2023-08-21,F510,Fabio Fognini,Fabio Fognini,140,436,https://www.atptour.com/en/rankings/singles?dateWeek=2023-08-21&rankRange=0-5000,2026-03-22T00:50:40Z
atp,2023-08-21,N409,Rafael Nadal,Rafael Nadal,141,435,https://www.atptour.com/en/rankings/singles?dateWeek=2023-08-21&rankRange=0-5000,2026-03-22T00:50:40Z
atp,2023-08-21,O660,Genaro Alberto Olivieri,Genaro Alberto Olivieri,142,435,https://www.atptour.com/en/rankings/singles?dateWeek=2023-08-21&rankRange=0-5000,2026-03-22T00:50:40Z
atp,2023-08-21,D0C1,Jesper de Jong,Jesper De Jong,143,433,https://www.atptour.com/en/rankings/singles?dateWeek=2023-08-21&rankRange=0-5000,2026-03-22T00:50:40Z
atp,2023-08-21,C977,Marin Cilic,Marin Cilic,144,430,https://www.atptour.com/en/rankings/singles?dateWeek=2023-08-21&rankRange=0-5000,2026-03-22T00:50:40Z
atp,2023-08-21,M0JF,Hamad Medjedovic,Hamad Medjedovic,145,428,https://www.atptour.com/en/rankings/singles?dateWeek=2023-08-21&rankRange=0-5000,2026-03-22T00:50:40Z
atp,2023-08-21,L0CX,Pablo Llamas Ruiz,Pablo Llamas Ruiz,146,428,https://www.atptour.com/en/rankings/singles?dateWeek=2023-08-21&rankRange=0-5000,2026-03-22T00:50:40Z
atp,2023-08-21,BO10,Gijs Brouwer,Gijs Brouwer,147,427,https://www.atptour.com/en/rankings/singles?dateWeek=2023-08-21&rankRange=0-5000,2026-03-22T00:50:40Z
atp,2023-08-21,CG33,Kimmer Coppejans,Kimmer Coppejans,148,425,https://www.atptour.com/en/rankings/singles?dateWeek=2023-08-21&rankRange=0-5000,2026-03-22T00:50:40Z
atp,2023-08-21,DA31,Hugo Dellien,Hugo Dellien,149,422,https://www.atptour.com/en/rankings/singles?dateWeek=2023-08-21&rankRange=0-5000,2026-03-22T00:50:40Z
atp,2023-08-21,R0FS,Leandro Riedi,Leandro Riedi,150,420,https://www.atptour.com/en/rankings/singles?dateWeek=2023-08-21&rankRange=0-5000,2026-03-22T00:50:40Z
atp,2023-08-21,BU13,Zizou Bergs,Zizou Bergs,151,411,https://www.atptour.com/en/rankings/singles?dateWeek=2023-08-21&rankRange=0-5000,2026-03-22T00:50:40Z
atp,2023-08-21,T0A1,Thiago Agustin Tirante,Thiago Agustin Tirante,152,408,https://www.atptour.com/en/rankings/singles?dateWeek=2023-08-21&rankRange=0-5000,2026-03-22T00:50:40Z
atp,2023-08-21,KC04,Jozef Kovalik,Jozef Kovalik,153,406,https://www.atptour.com/en/rankings/singles?dateWeek=2023-08-21&rankRange=0-5000,2026-03-22T00:50:40Z
atp,2023-08-21,B0CD,Jenson Brooksby,Jenson Brooksby,154,405,https://www.atptour.com/en/rankings/singles?dateWeek=2023-08-21&rankRange=0-5000,2026-03-22T00:50:40Z
atp,2023-08-21,N0AM,Emilio Nava,Emilio Nava,155,402,https://www.atptour.com/en/rankings/singles?dateWeek=2023-08-21&rankRange=0-5000,2026-03-22T00:50:40Z
atp,2023-08-21,KI63,Lukas Klein,Lukas Klein,156,401,https://www.atptour.com/en/rankings/singles?dateWeek=2023-08-21&rankRange=0-5000,2026-03-22T00:50:40Z
atp,2023-08-21,E768,Antoine Escoffier,Antoine Escoffier,157,401,https://www.atptour.com/en/rankings/singles?dateWeek=2023-08-21&rankRange=0-5000,2026-03-22T00:50:40Z
atp,2023-08-21,I186,John Isner,John Isner,158,400,https://www.atptour.com/en/rankings/singles?dateWeek=2023-08-21&rankRange=0-5000,2026-03-22T00:50:40Z
atp,2023-08-21,SY67,Sho Shimabukuro,Sho Shimabukuro,159,400,https://www.atptour.com/en/rankings/singles?dateWeek=2023-08-21&rankRange=0-5000,2026-03-22T00:50:40Z
atp,2023-08-21,S0RE,Juncheng Shang,Juncheng Shang,160,395,https://www.atptour.com/en/rankings/singles?dateWeek=2023-08-21&rankRange=0-5000,2026-03-22T00:50:40Z
atp,2023-08-21,C0DF,Francisco Comesana,Francisco Comesana,161,393,https://www.atptour.com/en/rankings/singles?dateWeek=2023-08-21&rankRange=0-5000,2026-03-22T00:50:40Z
atp,2023-08-21,GE28,Ivan Gakhov,Ivan Gakhov,162,393,https://www.atptour.com/en/rankings/singles?dateWeek=2023-08-21&rankRange=0-5000,2026-03-22T00:50:40Z
atp,2023-08-21,MC65,Gael Monfils,Gael Monfils,163,387,https://www.atptour.com/en/rankings/singles?dateWeek=2023-08-21&rankRange=0-5000,2026-03-22T00:50:40Z
atp,2023-08-21,VA08,Andrea Vavassori,Andrea Vavassori,164,382,https://www.atptour.com/en/rankings/singles?dateWeek=2023-08-21&rankRange=0-5000,2026-03-22T00:50:40Z
atp,2023-08-21,S0GD,Dalibor Svrcina,Dalibor Svrcina,165,377,https://www.atptour.com/en/rankings/singles?dateWeek=2023-08-21&rankRange=0-5000,2026-03-22T00:50:40Z
atp,2023-08-21,SS25,Vitaliy Sachko,Vitaliy Sachko,166,377,https://www.atptour.com/en/rankings/singles?dateWeek=2023-08-21&rankRange=0-5000,2026-03-22T00:50:40Z
atp,2023-08-21,G0GD,Matteo Gigante,Matteo Gigante,167,374,https://www.atptour.com/en/rankings/singles?dateWeek=2023-08-21&rankRange=0-5000,2026-03-22T00:50:40Z
atp,2023-08-21,M0JZ,Filip Misolic,Filip Misolic,168,371,https://www.atptour.com/en/rankings/singles?dateWeek=2023-08-21&rankRange=0-5000,2026-03-22T00:50:40Z
atp,2023-08-21,BV24,Raul Brancaccio,Raul Brancaccio,169,371,https://www.atptour.com/en/rankings/singles?dateWeek=2023-08-21&rankRange=0-5000,2026-03-22T00:50:40Z
atp,2023-08-21,MW75,Felipe Meligeni Alves,Felipe Meligeni Alves,170,369,https://www.atptour.com/en/rankings/singles?dateWeek=2023-08-21&rankRange=0-5000,2026-03-22T00:50:40Z
atp,2023-08-21,Y218,Elias Ymer,Elias Ymer,171,364,https://www.atptour.com/en/rankings/singles?dateWeek=2023-08-21&rankRange=0-5000,2026-03-22T00:50:40Z
atp,2023-08-21,D0DW,Titouan Droguet,Titouan Droguet,172,359,https://www.atptour.com/en/rankings/singles?dateWeek=2023-08-21&rankRange=0-5000,2026-03-22T00:50:40Z
atp,2023-08-21,P0CT,Francesco Passaro,Francesco Passaro,173,356,https://www.atptour.com/en/rankings/singles?dateWeek=2023-08-21&rankRange=0-5000,2026-03-22T00:50:40Z
atp,2023-08-21,DA86,Joris De Loore,Joris De Loore,174,354,https://www.atptour.com/en/rankings/singles?dateWeek=2023-08-21&rankRange=0-5000,2026-03-22T00:50:40Z
atp,2023-08-21,PG94,Marc Polmans,Marc Polmans,175,353,https://www.atptour.com/en/rankings/singles?dateWeek=2023-08-21&rankRange=0-5000,2026-03-22T00:50:40Z
atp,2023-08-21,KH56,Zdenek Kolar,Zdenek Kolar,176,350,https://www.atptour.com/en/rankings/singles?dateWeek=2023-08-21&rankRange=0-5000,2026-03-22T00:50:40Z
atp,2023-08-21,P0HW,Dino Prizmic,Dino Prizmic,177,349,https://www.atptour.com/en/rankings/singles?dateWeek=2023-08-21&rankRange=0-5000,2026-03-22T00:50:40Z
atp,2023-08-21,HG86,Lloyd Harris,Lloyd Harris,178,347,https://www.atptour.com/en/rankings/singles?dateWeek=2023-08-21&rankRange=0-5000,2026-03-22T00:50:40Z
atp,2023-08-21,D923,Damir Dzumhur,Damir Dzumhur,179,345,https://www.atptour.com/en/rankings/singles?dateWeek=2023-08-21&rankRange=0-5000,2026-03-22T00:50:40Z
atp,2023-08-21,KB09,Denis Kudla,Denis Kudla,180,344,https://www.atptour.com/en/rankings/singles?dateWeek=2023-08-21&rankRange=0-5000,2026-03-22T00:50:40Z
atp,2023-08-21,N0BS,Mariano Navone,Mariano Navone,181,341,https://www.atptour.com/en/rankings/singles?dateWeek=2023-08-21&rankRange=0-5000,2026-03-22T00:50:40Z
atp,2023-08-21,CG94,Enzo Couacaud,Enzo Couacaud,182,340,https://www.atptour.com/en/rankings/singles?dateWeek=2023-08-21&rankRange=0-5000,2026-03-22T00:50:40Z
atp,2023-08-21,GA36,Emilio Gomez,Emilio Gomez,183,334,https://www.atptour.com/en/rankings/singles?dateWeek=2023-08-21&rankRange=0-5000,2026-03-22T00:50:40Z
atp,2023-08-21,B0GG,Mattia Bellucci,Mattia Bellucci,184,332,https://www.atptour.com/en/rankings/singles?dateWeek=2023-08-21&rankRange=0-5000,2026-03-22T00:50:40Z
atp,2023-08-21,RC04,Alexander Ritschard,Alexander Ritschard,185,330,https://www.atptour.com/en/rankings/singles?dateWeek=2023-08-21&rankRange=0-5000,2026-03-22T00:50:40Z
atp,2023-08-21,J386,Steve Johnson,Steve Johnson,186,325,https://www.atptour.com/en/rankings/singles?dateWeek=2023-08-21&rankRange=0-5000,2026-03-22T00:50:40Z
atp,2023-08-21,DB59,Dennis Novak,Dennis Novak,187,323,https://www.atptour.com/en/rankings/singles?dateWeek=2023-08-21&rankRange=0-5000,2026-03-22T00:50:40Z
atp,2023-08-21,O449,Oscar Otte,Oscar Otte,188,321,https://www.atptour.com/en/rankings/singles?dateWeek=2023-08-21&rankRange=0-5000,2026-03-22T00:50:40Z
atp,2023-08-21,W857,Tung-Lin Wu,Tung Lin Wu,189,321,https://www.atptour.com/en/rankings/singles?dateWeek=2023-08-21&rankRange=0-5000,2026-03-22T00:50:40Z
atp,2023-08-21,N897,Sumit Nagal,Sumit Nagal,190,321,https://www.atptour.com/en/rankings/singles?dateWeek=2023-08-21&rankRange=0-5000,2026-03-22T00:50:40Z
atp,2023-08-21,M0NI,Jakub Mensik,Jakub Mensik,191,320,https://www.atptour.com/en/rankings/singles?dateWeek=2023-08-21&rankRange=0-5000,2026-03-22T00:50:40Z
atp,2023-08-21,A0AB,Adrian Andreev,Adrian Andreev,192,320,https://www.atptour.com/en/rankings/singles?dateWeek=2023-08-21&rankRange=0-5000,2026-03-22T00:50:40Z
atp,2023-08-21,KC33,Dimitar Kuzmanov,Dimitar Kuzmanov,193,319,https://www.atptour.com/en/rankings/singles?dateWeek=2023-08-21&rankRange=0-5000,2026-03-22T00:50:40Z
atp,2023-08-21,D0FJ,Luciano Darderi,Luciano Darderi,194,319,https://www.atptour.com/en/rankings/singles?dateWeek=2023-08-21&rankRange=0-5000,2026-03-22T00:50:40Z
atp,2023-08-21,F840,Nerman Fatic,Nerman Fatic,195,318,https://www.atptour.com/en/rankings/singles?dateWeek=2023-08-21&rankRange=0-5000,2026-03-22T00:50:40Z
atp,2023-08-21,PD07,Vasek Pospisil,Vasek Pospisil,196,316,https://www.atptour.com/en/rankings/singles?dateWeek=2023-08-21&rankRange=0-5000,2026-03-22T00:50:40Z
atp,2023-08-21,AA27,Franco Agamenone,Franco Agamenone,197,315,https://www.atptour.com/en/rankings/singles?dateWeek=2023-08-21&rankRange=0-5000,2026-03-22T00:50:40Z
atp,2023-08-21,KI82,Vit Kopriva,Vit Kopriva,198,314,https://www.atptour.com/en/rankings/singles?dateWeek=2023-08-21&rankRange=0-5000,2026-03-22T00:50:40Z
atp,2023-08-21,W09E,Adam Walton,Adam Walton,199,314,https://www.atptour.com/en/rankings/singles?dateWeek=2023-08-21&rankRange=0-5000,2026-03-22T00:50:40Z
atp,2023-08-21,HG94,Benjamin Hassan,Benjamin Hassan,200,313,https://www.atptour.com/en/rankings/singles?dateWeek=2023-08-21&rankRange=0-5000,2026-03-22T00:50:40Z
atp,2023-08-21,MW54,Dragos Nicolae Madaras,Dragos Nicolae Madaras,201,312,https://www.atptour.com/en/rankings/singles?dateWeek=2023-08-21&rankRange=0-5000,2026-03-22T00:50:40Z
atp,2023-08-21,M0HU,Shintaro Mochizuki,Shintaro Mochizuki,202,310,https://www.atptour.com/en/rankings/singles?dateWeek=2023-08-21&rankRange=0-5000,2026-03-22T00:50:40Z
atp,2023-08-21,HC21,Seongchan Hong,Seongchan Hong,203,310,https://www.atptour.com/en/rankings/singles?dateWeek=2023-08-21&rankRange=0-5000,2026-03-22T00:50:40Z
atp,2023-08-21,BI47,Riccardo Bonadio,Riccardo Bonadio,204,310,https://www.atptour.com/en/rankings/singles?dateWeek=2023-08-21&rankRange=0-5000,2026-03-22T00:50:40Z
atp,2023-08-21,O0A2,Gauthier Onclin,Gauthier Onclin,205,309,https://www.atptour.com/en/rankings/singles?dateWeek=2023-08-21&rankRange=0-5000,2026-03-22T00:50:40Z
atp,2023-08-21,SO20,Jelle Sels,Jelle Sels,206,307,https://www.atptour.com/en/rankings/singles?dateWeek=2023-08-21&rankRange=0-5000,2026-03-22T00:50:40Z
atp,2023-08-21,GK06,Alexis Galarneau,Alexis Galarneau,207,307,https://www.atptour.com/en/rankings/singles?dateWeek=2023-08-21&rankRange=0-5000,2026-03-22T00:50:40Z
atp,2023-08-21,PH78,Ryan Peniston,Ryan Peniston,208,307,https://www.atptour.com/en/rankings/singles?dateWeek=2023-08-21&rankRange=0-5000,2026-03-22T00:50:40Z
atp,2023-08-21,U182,Camilo Ugo Carabelli,Camilo Ugo Carabelli,209,306,https://www.atptour.com/en/rankings/singles?dateWeek=2023-08-21&rankRange=0-5000,2026-03-22T00:50:40Z
atp,2023-08-21,PC11,Guido Pella,Guido Pella,210,305,https://www.atptour.com/en/rankings/singles?dateWeek=2023-08-21&rankRange=0-5000,2026-03-22T00:50:40Z
atp,2023-08-21,M0G4,Harold Mayot,Harold Mayot,211,305,https://www.atptour.com/en/rankings/singles?dateWeek=2023-08-21&rankRange=0-5000,2026-03-22T00:50:40Z
atp,2023-08-21,SL08,Tennys Sandgren,Tennys Sandgren,212,305,https://www.atptour.com/en/rankings/singles?dateWeek=2023-08-21&rankRange=0-5000,2026-03-22T00:50:40Z
atp,2023-08-21,A0CJ,Duje Ajdukovic,Duje Ajdukovic,213,299,https://www.atptour.com/en/rankings/singles?dateWeek=2023-08-21&rankRange=0-5000,2026-03-22T00:50:40Z
atp,2023-08-21,BU54,Geoffrey Blancaneaux,Geoffrey Blancaneaux,214,296,https://www.atptour.com/en/rankings/singles?dateWeek=2023-08-21&rankRange=0-5000,2026-03-22T00:50:40Z
atp,2023-08-21,Y09V,Yunchaokete Bu,Yunchaokete Bu,215,295,https://www.atptour.com/en/rankings/singles?dateWeek=2023-08-21&rankRange=0-5000,2026-03-22T00:50:40Z
atp,2023-08-21,GB53,Federico Gaio,Federico Gaio,216,295,https://www.atptour.com/en/rankings/singles?dateWeek=2023-08-21&rankRange=0-5000,2026-03-22T00:50:40Z
atp,2023-08-21,GB93,Norbert Gombos,Norbert Gombos,217,288,https://www.atptour.com/en/rankings/singles?dateWeek=2023-08-21&rankRange=0-5000,2026-03-22T00:50:40Z
atp,2023-08-21,A0GC,Terence Atmane,Terence Atmane,218,287,https://www.atptour.com/en/rankings/singles?dateWeek=2023-08-21&rankRange=0-5000,2026-03-22T00:50:40Z
atp,2023-08-21,K0DP,Oleksii Krutykh,Oleksii Krutykh,219,285,https://www.atptour.com/en/rankings/singles?dateWeek=2023-08-21&rankRange=0-5000,2026-03-22T00:50:40Z
atp,2023-08-21,I306,Cem Ilkel,Cem Ilkel,220,285,https://www.atptour.com/en/rankings/singles?dateWeek=2023-08-21&rankRange=0-5000,2026-03-22T00:50:40Z
atp,2023-08-21,I0A7,Nicholas David Ionel,Nicholas David Ionel,221,284,https://www.atptour.com/en/rankings/singles?dateWeek=2023-08-21&rankRange=0-5000,2026-03-22T00:50:40Z
atp,2023-08-21,PH64,Andrea Pellegrino,Andrea Pellegrino,222,282,https://www.atptour.com/en/rankings/singles?dateWeek=2023-08-21&rankRange=0-5000,2026-03-22T00:50:40Z
atp,2023-08-21,M0IF,Francesco Maestrelli,Francesco Maestrelli,223,281,https://www.atptour.com/en/rankings/singles?dateWeek=2023-08-21&rankRange=0-5000,2026-03-22T00:50:40Z
atp,2023-08-21,LC12,Laurent Lokoli,Laurent Lokoli,224,280,https://www.atptour.com/en/rankings/singles?dateWeek=2023-08-21&rankRange=0-5000,2026-03-22T00:50:40Z
atp,2023-08-21,N0CS,Lukas Neumayer,Lukas Neumayer,225,280,https://www.atptour.com/en/rankings/singles?dateWeek=2023-08-21&rankRange=0-5000,2026-03-22T00:50:40Z
atp,2023-08-21,VA70,Mate Valkusz,Mate Valkusz,226,279,https://www.atptour.com/en/rankings/singles?dateWeek=2023-08-21&rankRange=0-5000,2026-03-22T00:50:40Z
atp,2023-08-21,A887,Guido Andreozzi,Guido Andreozzi,227,277,https://www.atptour.com/en/rankings/singles?dateWeek=2023-08-21&rankRange=0-5000,2026-03-22T00:50:40Z
atp,2023-08-21,TA29,Marco Trungelliti,Marco Trungelliti,228,276,https://www.atptour.com/en/rankings/singles?dateWeek=2023-08-21&rankRange=0-5000,2026-03-22T00:50:40Z
atp,2023-08-21,R0FP,Daniel Rincon,Daniel Rincon,229,276,https://www.atptour.com/en/rankings/singles?dateWeek=2023-08-21&rankRange=0-5000,2026-03-22T00:50:40Z
atp,2023-08-21,SN54,Frederico Ferreira Silva,Frederico Ferreira Silva,230,275,https://www.atptour.com/en/rankings/singles?dateWeek=2023-08-21&rankRange=0-5000,2026-03-22T00:50:40Z
atp,2023-08-21,LI03,Edoardo Lavagno,Edoardo Lavagno,231,275,https://www.atptour.com/en/rankings/singles?dateWeek=2023-08-21&rankRange=0-5000,2026-03-22T00:50:40Z
atp,2023-08-21,CC66,Andrea Collarini,Andrea Collarini,232,274,https://www.atptour.com/en/rankings/singles?dateWeek=2023-08-21&rankRange=0-5000,2026-03-22T00:50:40Z
atp,2023-08-21,N663,Maximilian Neuchrist,Maximilian Neuchrist,233,272,https://www.atptour.com/en/rankings/singles?dateWeek=2023-08-21&rankRange=0-5000,2026-03-22T00:50:40Z
atp,2023-08-21,TA12,Stefano Travaglia,Stefano Travaglia,234,272,https://www.atptour.com/en/rankings/singles?dateWeek=2023-08-21&rankRange=0-5000,2026-03-22T00:50:40Z
atp,2023-08-21,S0K7,Zachary Svajda,Zachary Svajda,235,271,https://www.atptour.com/en/rankings/singles?dateWeek=2023-08-21&rankRange=0-5000,2026-03-22T00:50:40Z
atp,2023-08-21,D874,Federico Delbonis,Federico Delbonis,236,270,https://www.atptour.com/en/rankings/singles?dateWeek=2023-08-21&rankRange=0-5000,2026-03-22T00:50:40Z
atp,2023-08-21,H09F,Yu Hsiou Hsu,Yu Hsiou Hsu,237,268,https://www.atptour.com/en/rankings/singles?dateWeek=2023-08-21&rankRange=0-5000,2026-03-22T00:50:40Z
atp,2023-08-21,DF88,Aziz Dougaz,Aziz Dougaz,238,266,https://www.atptour.com/en/rankings/singles?dateWeek=2023-08-21&rankRange=0-5000,2026-03-22T00:50:40Z
atp,2023-08-21,MQ75,Kamil Majchrzak,Kamil Majchrzak,239,265,https://www.atptour.com/en/rankings/singles?dateWeek=2023-08-21&rankRange=0-5000,2026-03-22T00:50:40Z
atp,2023-08-21,U120,Kaichi Uchida,Kaichi Uchida,240,263,https://www.atptour.com/en/rankings/singles?dateWeek=2023-08-21&rankRange=0-5000,2026-03-22T00:50:40Z
atp,2023-08-21,M0GZ,Giovanni Mpetshi Perricard,Giovanni Mpetshi Perricard,241,259,https://www.atptour.com/en/rankings/singles?dateWeek=2023-08-21&rankRange=0-5000,2026-03-22T00:50:40Z
atp,2023-08-21,CG07,Hernan Casanova,Hernan Casanova,242,257,https://www.atptour.com/en/rankings/singles?dateWeek=2023-08-21&rankRange=0-5000,2026-03-22T00:50:40Z
atp,2023-08-21,K926,Mikhail Kukushkin,Mikhail Kukushkin,243,255,https://www.atptour.com/en/rankings/singles?dateWeek=2023-08-21&rankRange=0-5000,2026-03-22T00:50:40Z
atp,2023-08-21,H09P,Brandon Holt,Brandon Holt,244,254,https://www.atptour.com/en/rankings/singles?dateWeek=2023-08-21&rankRange=0-5000,2026-03-22T00:50:40Z
atp,2023-08-21,G983,Alessandro Giannessi,Alessandro Giannessi,245,254,https://www.atptour.com/en/rankings/singles?dateWeek=2023-08-21&rankRange=0-5000,2026-03-22T00:50:40Z
atp,2023-08-21,L0GH,Mark Lajal,Mark Lajal,246,253,https://www.atptour.com/en/rankings/singles?dateWeek=2023-08-21&rankRange=0-5000,2026-03-22T00:50:40Z
atp,2023-08-21,S0AQ,Yuta Shimizu,Yuta Shimizu,247,252,https://www.atptour.com/en/rankings/singles?dateWeek=2023-08-21&rankRange=0-5000,2026-03-22T00:50:40Z
atp,2023-08-21,MK26,Jules Marie,Jules Marie,248,250,https://www.atptour.com/en/rankings/singles?dateWeek=2023-08-21&rankRange=0-5000,2026-03-22T00:50:40Z
atp,2023-08-21,S0IA,Dane Sweeny,Dane Sweeny,249,250,https://www.atptour.com/en/rankings/singles?dateWeek=2023-08-21&rankRange=0-5000,2026-03-22T00:50:40Z
atp,2023-08-21,KC29,Nicolas Kicker,Nicolas Kicker,250,248,https://www.atptour.com/en/rankings/singles?dateWeek=2023-08-21&rankRange=0-5000,2026-03-22T00:50:40Z
atp,2023-08-21,N09U,Rio Noguchi,Rio Noguchi,251,243,https://www.atptour.com/en/rankings/singles?dateWeek=2023-08-21&rankRange=0-5000,2026-03-22T00:50:40Z
atp,2023-08-21,D864,Evgeny Donskoy,Evgeny Donskoy,252,243,https://www.atptour.com/en/rankings/singles?dateWeek=2023-08-21&rankRange=0-5000,2026-03-22T00:50:40Z
atp,2023-08-21,S0NV,Abdullah Shelbayh,Abdullah Shelbayh,253,241,https://www.atptour.com/en/rankings/singles?dateWeek=2023-08-21&rankRange=0-5000,2026-03-22T00:50:40Z
atp,2023-08-21,D916,Steven Diez,Steven Diez,254,241,https://www.atptour.com/en/rankings/singles?dateWeek=2023-08-21&rankRange=0-5000,2026-03-22T00:50:40Z
atp,2023-08-21,TC01,Li Tu,Li Tu,255,238,https://www.atptour.com/en/rankings/singles?dateWeek=2023-08-21&rankRange=0-5000,2026-03-22T00:50:40Z
atp,2023-08-21,J380,Jason Jung,Jason Jung,256,237,https://www.atptour.com/en/rankings/singles?dateWeek=2023-08-21&rankRange=0-5000,2026-03-22T00:50:40Z
atp,2023-08-21,BE90,Ricardas Berankis,Ricardas Berankis,257,236,https://www.atptour.com/en/rankings/singles?dateWeek=2023-08-21&rankRange=0-5000,2026-03-22T00:50:40Z
atp,2023-08-21,ML57,Gianluca Mager,Gianluca Mager,258,236,https://www.atptour.com/en/rankings/singles?dateWeek=2023-08-21&rankRange=0-5000,2026-03-22T00:50:40Z
atp,2023-08-21,GH33,Manuel Guinard,Manuel Guinard,259,232,https://www.atptour.com/en/rankings/singles?dateWeek=2023-08-21&rankRange=0-5000,2026-03-22T00:50:40Z
atp,2023-08-21,Z09Z,Beibit Zhukayev,Beibit Zhukayev,260,230,https://www.atptour.com/en/rankings/singles?dateWeek=2023-08-21&rankRange=0-5000,2026-03-22T00:50:40Z
atp,2023-08-21,CH05,Altug Celikbilek,Altug Celikbilek,261,229,https://www.atptour.com/en/rankings/singles?dateWeek=2023-08-21&rankRange=0-5000,2026-03-22T00:50:40Z
atp,2023-08-21,O482,Gonzalo Oliveira,Gonzalo Oliveira,262,229,https://www.atptour.com/en/rankings/singles?dateWeek=2023-08-21&rankRange=0-5000,2026-03-22T00:50:40Z
atp,2023-08-21,M0AC,Rudolf Molleker,Rudolf Molleker,263,226,https://www.atptour.com/en/rankings/singles?dateWeek=2023-08-21&rankRange=0-5000,2026-03-22T00:50:40Z
atp,2023-08-21,B0FV,Roman Andres Burruchaga,Roman Andres Burruchaga,264,225,https://www.atptour.com/en/rankings/singles?dateWeek=2023-08-21&rankRange=0-5000,2026-03-22T00:50:40Z
atp,2023-08-21,J553,Omar Jasika,Omar Jasika,265,223,https://www.atptour.com/en/rankings/singles?dateWeek=2023-08-21&rankRange=0-5000,2026-03-22T00:50:40Z
atp,2023-08-21,M0E1,Daniel Michalski,Daniel Michalski,266,222,https://www.atptour.com/en/rankings/singles?dateWeek=2023-08-21&rankRange=0-5000,2026-03-22T00:50:40Z
atp,2023-08-21,ME89,Illya Marchenko,Illya Marchenko,267,221,https://www.atptour.com/en/rankings/singles?dateWeek=2023-08-21&rankRange=0-5000,2026-03-22T00:50:40Z
atp,2023-08-21,RH59,Santiago Rodriguez Taverna,Santiago Rodriguez Taverna,268,219,https://www.atptour.com/en/rankings/singles?dateWeek=2023-08-21&rankRange=0-5000,2026-03-22T00:50:40Z
atp,2023-08-21,SH90,Joao Sousa,Joao Sousa,269,218,https://www.atptour.com/en/rankings/singles?dateWeek=2023-08-21&rankRange=0-5000,2026-03-22T00:50:40Z
atp,2023-08-21,Y171,Denis Yevseyev,Denis Yevseyev,270,217,https://www.atptour.com/en/rankings/singles?dateWeek=2023-08-21&rankRange=0-5000,2026-03-22T00:50:40Z
atp,2023-08-21,FA43,Juan Pablo Ficovich,Juan Pablo Ficovich,271,215,https://www.atptour.com/en/rankings/singles?dateWeek=2023-08-21&rankRange=0-5000,2026-03-22T00:50:40Z
atp,2023-08-21,C0JP,Raphael Collignon,Raphael Collignon,272,213,https://www.atptour.com/en/rankings/singles?dateWeek=2023-08-21&rankRange=0-5000,2026-03-22T00:50:40Z
atp,2023-08-21,S0AR,Timo Stodder,Timo Stodder,273,212,https://www.atptour.com/en/rankings/singles?dateWeek=2023-08-21&rankRange=0-5000,2026-03-22T00:50:40Z
atp,2023-08-21,K0A3,Patrick Kypson,Patrick Kypson,274,211,https://www.atptour.com/en/rankings/singles?dateWeek=2023-08-21&rankRange=0-5000,2026-03-22T00:50:40Z
atp,2023-08-21,KC12,Mitchell Krueger,Mitchell Krueger,275,211,https://www.atptour.com/en/rankings/singles?dateWeek=2023-08-21&rankRange=0-5000,2026-03-22T00:50:40Z
atp,2023-08-21,S0N0,Tristan Schoolkate,Tristan Schoolkate,276,210,https://www.atptour.com/en/rankings/singles?dateWeek=2023-08-21&rankRange=0-5000,2026-03-22T00:50:40Z
atp,2023-08-21,S0AK,Henri Squire,Henri Squire,277,210,https://www.atptour.com/en/rankings/singles?dateWeek=2023-08-21&rankRange=0-5000,2026-03-22T00:50:40Z
atp,2023-08-21,BK19,Mathias Bourgue,Mathias Bourgue,278,208,https://www.atptour.com/en/rankings/singles?dateWeek=2023-08-21&rankRange=0-5000,2026-03-22T00:50:40Z
atp,2023-08-21,T09X,Clement Tabur,Clement Tabur,279,208,https://www.atptour.com/en/rankings/singles?dateWeek=2023-08-21&rankRange=0-5000,2026-03-22T00:50:40Z
atp,2023-08-21,S0GZ,Nikolas Sanchez Izquierdo,Nikolas Sanchez Izquierdo,280,206,https://www.atptour.com/en/rankings/singles?dateWeek=2023-08-21&rankRange=0-5000,2026-03-22T00:50:40Z
atp,2023-08-21,M0OQ,James McCabe,James Mccabe,281,203,https://www.atptour.com/en/rankings/singles?dateWeek=2023-08-21&rankRange=0-5000,2026-03-22T00:50:40Z
atp,2023-08-21,GG65,Michael Geerts,Michael Geerts,282,202,https://www.atptour.com/en/rankings/singles?dateWeek=2023-08-21&rankRange=0-5000,2026-03-22T00:50:40Z
atp,2023-08-21,CE25,Salvatore Caruso,Salvatore Caruso,283,201,https://www.atptour.com/en/rankings/singles?dateWeek=2023-08-21&rankRange=0-5000,2026-03-22T00:50:40Z
atp,2023-08-21,M0HT,Alejandro Moro Canas,Alejandro Moro Canas,284,199,https://www.atptour.com/en/rankings/singles?dateWeek=2023-08-21&rankRange=0-5000,2026-03-22T00:50:40Z
atp,2023-08-21,VA25,Valentin Vacherot,Valentin Vacherot,285,196,https://www.atptour.com/en/rankings/singles?dateWeek=2023-08-21&rankRange=0-5000,2026-03-22T00:50:40Z
atp,2023-08-21,A09T,Dan Added,Dan Added,286,194,https://www.atptour.com/en/rankings/singles?dateWeek=2023-08-21&rankRange=0-5000,2026-03-22T00:50:40Z
atp,2023-08-21,DC48,Murkel Dellien,Murkel Dellien,287,193,https://www.atptour.com/en/rankings/singles?dateWeek=2023-08-21&rankRange=0-5000,2026-03-22T00:50:40Z
atp,2023-08-21,FC49,Giovanni Fonio,Giovanni Fonio,288,193,https://www.atptour.com/en/rankings/singles?dateWeek=2023-08-21&rankRange=0-5000,2026-03-22T00:50:40Z
atp,2023-08-21,J0AZ,Kyrian Jacquet,Kyrian Jacquet,289,190,https://www.atptour.com/en/rankings/singles?dateWeek=2023-08-21&rankRange=0-5000,2026-03-22T00:50:40Z
atp,2023-08-21,SP80,Nino Serdarusic,Nino Serdarusic,290,190,https://www.atptour.com/en/rankings/singles?dateWeek=2023-08-21&rankRange=0-5000,2026-03-22T00:50:40Z
atp,2023-08-21,TA46,Bernard Tomic,Bernard Tomic,291,189,https://www.atptour.com/en/rankings/singles?dateWeek=2023-08-21&rankRange=0-5000,2026-03-22T00:50:40Z
atp,2023-08-21,E811,Elmar Ejupovic,Elmar Ejupovic,292,188,https://www.atptour.com/en/rankings/singles?dateWeek=2023-08-21&rankRange=0-5000,2026-03-22T00:50:40Z
atp,2023-08-21,M0AW,Nicolas Mejia,Nicolas Mejia,293,187,https://www.atptour.com/en/rankings/singles?dateWeek=2023-08-21&rankRange=0-5000,2026-03-22T00:50:40Z
atp,2023-08-21,C0AK,Oliver Crawford,Oliver Crawford,294,186,https://www.atptour.com/en/rankings/singles?dateWeek=2023-08-21&rankRange=0-5000,2026-03-22T00:50:40Z
atp,2023-08-21,H0CX,Max Houkes,Max Houkes,295,185,https://www.atptour.com/en/rankings/singles?dateWeek=2023-08-21&rankRange=0-5000,2026-03-22T00:50:40Z
atp,2023-08-21,RB60,Oriol Roca Batalla,Oriol Roca Batalla,296,185,https://www.atptour.com/en/rankings/singles?dateWeek=2023-08-21&rankRange=0-5000,2026-03-22T00:50:40Z
atp,2023-08-21,N679,Stefano Napolitano,Stefano Napolitano,297,184,https://www.atptour.com/en/rankings/singles?dateWeek=2023-08-21&rankRange=0-5000,2026-03-22T00:50:40Z
atp,2023-08-21,HB48,Calvin Hemery,Calvin Hemery,298,182,https://www.atptour.com/en/rankings/singles?dateWeek=2023-08-21&rankRange=0-5000,2026-03-22T00:50:40Z
atp,2023-08-21,EA13,Moez Echargui,Moez Echargui,299,182,https://www.atptour.com/en/rankings/singles?dateWeek=2023-08-21&rankRange=0-5000,2026-03-22T00:50:40Z
atp,2023-08-21,GA79,Lorenzo Giustino,Lorenzo Giustino,300,182,https://www.atptour.com/en/rankings/singles?dateWeek=2023-08-21&rankRange=0-5000,2026-03-22T00:50:40Z
atp,2023-08-21,KB05,Filip Krajinovic,Filip Krajinovic,301,181,https://www.atptour.com/en/rankings/singles?dateWeek=2023-08-21&rankRange=0-5000,2026-03-22T00:50:40Z
atp,2023-08-21,P0DF,Matheus Pucinelli De Almeida,Matheus Pucinelli De Almeida,302,181,https://www.atptour.com/en/rankings/singles?dateWeek=2023-08-21&rankRange=0-5000,2026-03-22T00:50:40Z
atp,2023-08-21,O376,Renzo Olivo,Renzo Olivo,303,180,https://www.atptour.com/en/rankings/singles?dateWeek=2023-08-21&rankRange=0-5000,2026-03-22T00:50:40Z
atp,2023-08-21,R0A7,Joao Lucas Reis Da Silva,Joao Lucas Reis Da Silva,304,180,https://www.atptour.com/en/rankings/singles?dateWeek=2023-08-21&rankRange=0-5000,2026-03-22T00:50:40Z
atp,2023-08-21,BV25,Javier Barranco Cosano,Javier Barranco Cosano,305,179,https://www.atptour.com/en/rankings/singles?dateWeek=2023-08-21&rankRange=0-5000,2026-03-22T00:50:40Z
atp,2023-08-21,MI01,Hiroki Moriya,Hiroki Moriya,306,179,https://www.atptour.com/en/rankings/singles?dateWeek=2023-08-21&rankRange=0-5000,2026-03-22T00:50:40Z
atp,2023-08-21,I0AP,Kalin Ivanovski,Kalin Ivanovski,307,176,https://www.atptour.com/en/rankings/singles?dateWeek=2023-08-21&rankRange=0-5000,2026-03-22T00:50:40Z
atp,2023-08-21,HD68,Billy Harris,Billy Harris,308,175,https://www.atptour.com/en/rankings/singles?dateWeek=2023-08-21&rankRange=0-5000,2026-03-22T00:50:40Z
atp,2023-08-21,WB19,Alexander Weis,Alexander Weis,309,174,https://www.atptour.com/en/rankings/singles?dateWeek=2023-08-21&rankRange=0-5000,2026-03-22T00:50:40Z
atp,2023-08-21,SM09,Luke Saville,Luke Saville,310,173,https://www.atptour.com/en/rankings/singles?dateWeek=2023-08-21&rankRange=0-5000,2026-03-22T00:50:40Z
atp,2023-08-21,Z09D,Kacper Zuk,Kacper Zuk,311,173,https://www.atptour.com/en/rankings/singles?dateWeek=2023-08-21&rankRange=0-5000,2026-03-22T00:50:40Z
atp,2023-08-21,U134,Yasutaka Uchiyama,Yasutaka Uchiyama,312,172,https://www.atptour.com/en/rankings/singles?dateWeek=2023-08-21&rankRange=0-5000,2026-03-22T00:50:40Z
atp,2023-08-21,P0E9,Dominik Palan,Dominik Palan,313,172,https://www.atptour.com/en/rankings/singles?dateWeek=2023-08-21&rankRange=0-5000,2026-03-22T00:50:40Z
atp,2023-08-21,K0HC,Maks Kasnikowski,Maks Kasnikowski,314,172,https://www.atptour.com/en/rankings/singles?dateWeek=2023-08-21&rankRange=0-5000,2026-03-22T00:50:40Z
atp,2023-08-21,CA99,Marius Copil,Marius Copil,315,171,https://www.atptour.com/en/rankings/singles?dateWeek=2023-08-21&rankRange=0-5000,2026-03-22T00:50:40Z
atp,2023-08-21,J620,Maxime Janvier,Maxime Janvier,316,170,https://www.atptour.com/en/rankings/singles?dateWeek=2023-08-21&rankRange=0-5000,2026-03-22T00:50:40Z
atp,2023-08-21,H0A4,Nick Hardt,Nick Hardt,317,170,https://www.atptour.com/en/rankings/singles?dateWeek=2023-08-21&rankRange=0-5000,2026-03-22T00:50:40Z
atp,2023-08-21,CH90,Yun seong Chung,Yun Seong Chung,318,170,https://www.atptour.com/en/rankings/singles?dateWeek=2023-08-21&rankRange=0-5000,2026-03-22T00:50:40Z
atp,2023-08-21,K0E6,Alibek Kachmazov,Alibek Kachmazov,319,170,https://www.atptour.com/en/rankings/singles?dateWeek=2023-08-21&rankRange=0-5000,2026-03-22T00:50:40Z
atp,2023-08-21,PJ74,Lucas Poullain,Lucas Poullain,320,169,https://www.atptour.com/en/rankings/singles?dateWeek=2023-08-21&rankRange=0-5000,2026-03-22T00:50:40Z
atp,2023-08-21,BV16,Ugo Blanchet,Ugo Blanchet,321,168,https://www.atptour.com/en/rankings/singles?dateWeek=2023-08-21&rankRange=0-5000,2026-03-22T00:50:40Z
atp,2023-08-21,GF23,Lucas Gerch,Lucas Gerch,322,168,https://www.atptour.com/en/rankings/singles?dateWeek=2023-08-21&rankRange=0-5000,2026-03-22T00:50:40Z
atp,2023-08-21,G09C,Marek Gengel,Marek Gengel,323,167,https://www.atptour.com/en/rankings/singles?dateWeek=2023-08-21&rankRange=0-5000,2026-03-22T00:50:40Z
atp,2023-08-21,BP41,Antoine Bellier,Antoine Bellier,324,167,https://www.atptour.com/en/rankings/singles?dateWeek=2023-08-21&rankRange=0-5000,2026-03-22T00:50:40Z
atp,2023-08-21,BI81,Alex Bolt,Alex Bolt,325,165,https://www.atptour.com/en/rankings/singles?dateWeek=2023-08-21&rankRange=0-5000,2026-03-22T00:50:40Z
atp,2023-08-21,MH30,John Millman,John Millman,326,164,https://www.atptour.com/en/rankings/singles?dateWeek=2023-08-21&rankRange=0-5000,2026-03-22T00:50:40Z
atp,2023-08-21,FC26,Evan Furness,Evan Furness,327,164,https://www.atptour.com/en/rankings/singles?dateWeek=2023-08-21&rankRange=0-5000,2026-03-22T00:50:40Z
atp,2023-08-21,ML73,Skander Mansouri,Skander Mansouri,328,163,https://www.atptour.com/en/rankings/singles?dateWeek=2023-08-21&rankRange=0-5000,2026-03-22T00:50:40Z
atp,2023-08-21,S0CG,Carlos Sanchez Jover,Carlos Sanchez Jover,329,162,https://www.atptour.com/en/rankings/singles?dateWeek=2023-08-21&rankRange=0-5000,2026-03-22T00:50:40Z
atp,2023-08-21,R0EB,Valentin Royer,Valentin Royer,330,160,https://www.atptour.com/en/rankings/singles?dateWeek=2023-08-21&rankRange=0-5000,2026-03-22T00:50:40Z
atp,2023-08-21,S0TI,Philip Sekulic,Philip Sekulic,331,160,https://www.atptour.com/en/rankings/singles?dateWeek=2023-08-21&rankRange=0-5000,2026-03-22T00:50:40Z
atp,2023-08-21,R09V,Eduardo Ribeiro,Eduardo Ribeiro,332,159,https://www.atptour.com/en/rankings/singles?dateWeek=2023-08-21&rankRange=0-5000,2026-03-22T00:50:40Z
atp,2023-08-21,E0AC,Mathys Erhard,Mathys Erhard,333,158,https://www.atptour.com/en/rankings/singles?dateWeek=2023-08-21&rankRange=0-5000,2026-03-22T00:50:40Z
atp,2023-08-21,K0EU,Toby Kodat,Toby Kodat,334,157,https://www.atptour.com/en/rankings/singles?dateWeek=2023-08-21&rankRange=0-5000,2026-03-22T00:50:40Z
atp,2023-08-21,WB25,Louis Wessels,Louis Wessels,335,157,https://www.atptour.com/en/rankings/singles?dateWeek=2023-08-21&rankRange=0-5000,2026-03-22T00:50:40Z
atp,2023-08-21,L949,Henri Laaksonen,Henri Laaksonen,336,156,https://www.atptour.com/en/rankings/singles?dateWeek=2023-08-21&rankRange=0-5000,2026-03-22T00:50:40Z
atp,2023-08-21,L0CF,George Loffhagen,George Loffhagen,337,156,https://www.atptour.com/en/rankings/singles?dateWeek=2023-08-21&rankRange=0-5000,2026-03-22T00:50:40Z
atp,2023-08-21,DG80,Enrico Dalla Valle,Enrico Dalla Valle,338,156,https://www.atptour.com/en/rankings/singles?dateWeek=2023-08-21&rankRange=0-5000,2026-03-22T00:50:40Z
atp,2023-08-21,R975,Milos Raonic,Milos Raonic,339,155,https://www.atptour.com/en/rankings/singles?dateWeek=2023-08-21&rankRange=0-5000,2026-03-22T00:50:40Z
atp,2023-08-21,G967,Peter Gojowczyk,Peter Gojowczyk,340,154,https://www.atptour.com/en/rankings/singles?dateWeek=2023-08-21&rankRange=0-5000,2026-03-22T00:50:40Z
atp,2023-08-21,LF29,Alvaro Lopez San Martin,Alvaro Lopez San Martin,341,154,https://www.atptour.com/en/rankings/singles?dateWeek=2023-08-21&rankRange=0-5000,2026-03-22T00:50:40Z
atp,2023-08-21,HA71,Antoine Hoang,Antoine Hoang,342,153,https://www.atptour.com/en/rankings/singles?dateWeek=2023-08-21&rankRange=0-5000,2026-03-22T00:50:40Z
atp,2023-08-21,H0DU,Gustavo Heide,Gustavo Heide,343,152,https://www.atptour.com/en/rankings/singles?dateWeek=2023-08-21&rankRange=0-5000,2026-03-22T00:50:40Z
atp,2023-08-21,PF65,Filip Peliwo,Filip Peliwo,344,152,https://www.atptour.com/en/rankings/singles?dateWeek=2023-08-21&rankRange=0-5000,2026-03-22T00:50:40Z
atp,2023-08-21,BG23,Nikoloz Basilashvili,Nikoloz Basilashvili,345,151,https://www.atptour.com/en/rankings/singles?dateWeek=2023-08-21&rankRange=0-5000,2026-03-22T00:50:40Z
atp,2023-08-21,DC76,Viktor Durasovic,Viktor Durasovic,346,151,https://www.atptour.com/en/rankings/singles?dateWeek=2023-08-21&rankRange=0-5000,2026-03-22T00:50:40Z
atp,2023-08-21,T0AP,Chun-Hsin Tseng,Chun Hsin Tseng,347,150,https://www.atptour.com/en/rankings/singles?dateWeek=2023-08-21&rankRange=0-5000,2026-03-22T00:50:40Z
atp,2023-08-21,J09X,Filip Cristian Jianu,Filip Cristian Jianu,348,150,https://www.atptour.com/en/rankings/singles?dateWeek=2023-08-21&rankRange=0-5000,2026-03-22T00:50:40Z
atp,2023-08-21,R685,Lukas Rosol,Lukas Rosol,349,148,https://www.atptour.com/en/rankings/singles?dateWeek=2023-08-21&rankRange=0-5000,2026-03-22T00:50:40Z
atp,2023-08-21,P0EV,Andrew Paulson,Andrew Paulson,350,146,https://www.atptour.com/en/rankings/singles?dateWeek=2023-08-21&rankRange=0-5000,2026-03-22T00:50:40Z
atp,2023-08-21,E0AA,Yanki Erel,Yanki Erel,351,145,https://www.atptour.com/en/rankings/singles?dateWeek=2023-08-21&rankRange=0-5000,2026-03-22T00:50:40Z
atp,2023-08-21,C0B2,Cezar Cretu,Cezar Cretu,352,145,https://www.atptour.com/en/rankings/singles?dateWeek=2023-08-21&rankRange=0-5000,2026-03-22T00:50:40Z
atp,2023-08-21,N552,Kei Nishikori,Kei Nishikori,353,143,https://www.atptour.com/en/rankings/singles?dateWeek=2023-08-21&rankRange=0-5000,2026-03-22T00:50:40Z
atp,2023-08-21,MP13,Mukund Sasikumar,Mukund Sasikumar,354,143,https://www.atptour.com/en/rankings/singles?dateWeek=2023-08-21&rankRange=0-5000,2026-03-22T00:50:40Z
atp,2023-08-21,D0HD,Gabriel Debru,Gabriel Debru,355,142,https://www.atptour.com/en/rankings/singles?dateWeek=2023-08-21&rankRange=0-5000,2026-03-22T00:50:40Z
atp,2023-08-21,MW76,Matteo Martineau,Matteo Martineau,356,142,https://www.atptour.com/en/rankings/singles?dateWeek=2023-08-21&rankRange=0-5000,2026-03-22T00:50:40Z
atp,2023-08-21,LD22,Nam Hoang Ly,Nam Hoang Ly,357,141,https://www.atptour.com/en/rankings/singles?dateWeek=2023-08-21&rankRange=0-5000,2026-03-22T00:50:40Z
atp,2023-08-21,CF10,Nick Chappell,Nick Chappell,358,141,https://www.atptour.com/en/rankings/singles?dateWeek=2023-08-21&rankRange=0-5000,2026-03-22T00:50:40Z
atp,2023-08-21,CD00,Maxime Chazal,Maxime Chazal,359,140,https://www.atptour.com/en/rankings/singles?dateWeek=2023-08-21&rankRange=0-5000,2026-03-22T00:50:40Z
atp,2023-08-21,E698,Gastao Elias,Gastao Elias,360,139,https://www.atptour.com/en/rankings/singles?dateWeek=2023-08-21&rankRange=0-5000,2026-03-22T00:50:40Z
atp,2023-08-21,TE16,Carlos Taberner,Carlos Taberner,361,139,https://www.atptour.com/en/rankings/singles?dateWeek=2023-08-21&rankRange=0-5000,2026-03-22T00:50:40Z
atp,2023-08-21,BV21,Charles Broom,Charles Broom,362,138,https://www.atptour.com/en/rankings/singles?dateWeek=2023-08-21&rankRange=0-5000,2026-03-22T00:50:40Z
atp,2023-08-21,LC54,Benjamin Lock,Benjamin Lock,363,138,https://www.atptour.com/en/rankings/singles?dateWeek=2023-08-21&rankRange=0-5000,2026-03-22T00:50:40Z
atp,2023-08-21,SD32,Gilles Simon,Gilles Simon,364,136,https://www.atptour.com/en/rankings/singles?dateWeek=2023-08-21&rankRange=0-5000,2026-03-22T00:50:40Z
atp,2023-08-21,PF39,Lucas Pouille,Lucas Pouille,365,135,https://www.atptour.com/en/rankings/singles?dateWeek=2023-08-21&rankRange=0-5000,2026-03-22T00:50:40Z
atp,2023-08-21,B0EJ,Tristan Boyer,Tristan Boyer,366,134,https://www.atptour.com/en/rankings/singles?dateWeek=2023-08-21&rankRange=0-5000,2026-03-22T00:50:40Z
atp,2023-08-21,R0GO,Henrique Rocha,Henrique Rocha,367,134,https://www.atptour.com/en/rankings/singles?dateWeek=2023-08-21&rankRange=0-5000,2026-03-22T00:50:40Z
atp,2023-08-21,M0CW,Aidan McHugh,Aidan Mchugh,368,134,https://www.atptour.com/en/rankings/singles?dateWeek=2023-08-21&rankRange=0-5000,2026-03-22T00:50:40Z
atp,2023-08-21,T0FI,Marko Topo,Marko Topo,369,132,https://www.atptour.com/en/rankings/singles?dateWeek=2023-08-21&rankRange=0-5000,2026-03-22T00:50:40Z
atp,2023-08-21,BU70,Remy Bertola,Remy Bertola,370,132,https://www.atptour.com/en/rankings/singles?dateWeek=2023-08-21&rankRange=0-5000,2026-03-22T00:50:40Z
atp,2023-08-21,Z246,Miljan Zekic,Miljan Zekic,371,132,https://www.atptour.com/en/rankings/singles?dateWeek=2023-08-21&rankRange=0-5000,2026-03-22T00:50:40Z
atp,2023-08-21,J476,David Jorda Sanchis,David Jorda Sanchis,372,131,https://www.atptour.com/en/rankings/singles?dateWeek=2023-08-21&rankRange=0-5000,2026-03-22T00:50:40Z
atp,2023-08-21,M0NB,Aidan Mayo,Aidan Mayo,373,130,https://www.atptour.com/en/rankings/singles?dateWeek=2023-08-21&rankRange=0-5000,2026-03-22T00:50:40Z
atp,2023-08-21,D750,Kenny De Schepper,Kenny De Schepper,374,130,https://www.atptour.com/en/rankings/singles?dateWeek=2023-08-21&rankRange=0-5000,2026-03-22T00:50:40Z
atp,2023-08-21,B0JG,Leo Borg,Leo Borg,375,130,https://www.atptour.com/en/rankings/singles?dateWeek=2023-08-21&rankRange=0-5000,2026-03-22T00:50:40Z
atp,2023-08-21,V0B2,Michael Vrbensky,Michael Vrbensky,376,129,https://www.atptour.com/en/rankings/singles?dateWeek=2023-08-21&rankRange=0-5000,2026-03-22T00:50:40Z
atp,2023-08-21,Z09K,Evan Zhu,Evan Zhu,377,129,https://www.atptour.com/en/rankings/singles?dateWeek=2023-08-21&rankRange=0-5000,2026-03-22T00:50:40Z
atp,2023-08-21,BV27,Ulises Blanch,Ulises Blanch,378,128,https://www.atptour.com/en/rankings/singles?dateWeek=2023-08-21&rankRange=0-5000,2026-03-22T00:50:40Z
atp,2023-08-21,V306,Fernando Verdasco,Fernando Verdasco,379,127,https://www.atptour.com/en/rankings/singles?dateWeek=2023-08-21&rankRange=0-5000,2026-03-22T00:50:40Z
atp,2023-08-21,PG20,Dmitry Popko,Dmitry Popko,380,127,https://www.atptour.com/en/rankings/singles?dateWeek=2023-08-21&rankRange=0-5000,2026-03-22T00:50:40Z
atp,2023-08-21,V0DI,Samuel Vincent Ruggeri,Samuel Vincent Ruggeri,381,127,https://www.atptour.com/en/rankings/singles?dateWeek=2023-08-21&rankRange=0-5000,2026-03-22T00:50:40Z
atp,2023-08-21,CL82,Daniel Cukierman,Daniel Cukierman,382,126,https://www.atptour.com/en/rankings/singles?dateWeek=2023-08-21&rankRange=0-5000,2026-03-22T00:50:40Z
atp,2023-08-21,O639,Giovanni Oradini,Giovanni Oradini,383,126,https://www.atptour.com/en/rankings/singles?dateWeek=2023-08-21&rankRange=0-5000,2026-03-22T00:50:40Z
atp,2023-08-21,SQ79,Colin Sinclair,Colin Sinclair,384,126,https://www.atptour.com/en/rankings/singles?dateWeek=2023-08-21&rankRange=0-5000,2026-03-22T00:50:40Z
atp,2023-08-21,K0EE,Omni Kumar,Omni Kumar,385,126,https://www.atptour.com/en/rankings/singles?dateWeek=2023-08-21&rankRange=0-5000,2026-03-22T00:50:40Z
atp,2023-08-21,W0A4,Arthur Weber,Arthur Weber,386,125,https://www.atptour.com/en/rankings/singles?dateWeek=2023-08-21&rankRange=0-5000,2026-03-22T00:50:40Z
atp,2023-08-21,LI39,Alexandar Lazarov,Alexandar Lazarov,387,124,https://www.atptour.com/en/rankings/singles?dateWeek=2023-08-21&rankRange=0-5000,2026-03-22T00:50:40Z
atp,2023-08-21,K0EP,Jerome Kym,Jerome Kym,388,124,https://www.atptour.com/en/rankings/singles?dateWeek=2023-08-21&rankRange=0-5000,2026-03-22T00:50:40Z
atp,2023-08-21,F0A4,Francesco Forti,Francesco Forti,389,123,https://www.atptour.com/en/rankings/singles?dateWeek=2023-08-21&rankRange=0-5000,2026-03-22T00:50:40Z
atp,2023-08-21,LC11,Tristan Lamasine,Tristan Lamasine,390,122,https://www.atptour.com/en/rankings/singles?dateWeek=2023-08-21&rankRange=0-5000,2026-03-22T00:50:40Z
atp,2023-08-21,R0ED,Max Hans Rehberg,Max Hans Rehberg,391,121,https://www.atptour.com/en/rankings/singles?dateWeek=2023-08-21&rankRange=0-5000,2026-03-22T00:50:40Z
atp,2023-08-21,LI10,Christian Langmo,Christian Langmo,392,121,https://www.atptour.com/en/rankings/singles?dateWeek=2023-08-21&rankRange=0-5000,2026-03-22T00:50:40Z
atp,2023-08-21,C0HB,Eliakim Coulibaly,Eliakim Coulibaly,393,121,https://www.atptour.com/en/rankings/singles?dateWeek=2023-08-21&rankRange=0-5000,2026-03-22T00:50:40Z
atp,2023-08-21,W09B,Damien Wenger,Damien Wenger,394,121,https://www.atptour.com/en/rankings/singles?dateWeek=2023-08-21&rankRange=0-5000,2026-03-22T00:50:40Z
atp,2023-08-21,K0CJ,Sandro Kopp,Sandro Kopp,395,120,https://www.atptour.com/en/rankings/singles?dateWeek=2023-08-21&rankRange=0-5000,2026-03-22T00:50:40Z
atp,2023-08-21,KE64,Stefan Kozlov,Stefan Kozlov,396,119,https://www.atptour.com/en/rankings/singles?dateWeek=2023-08-21&rankRange=0-5000,2026-03-22T00:50:40Z
atp,2023-08-21,H996,Pierre-Hugues Herbert,Pierre Hugues Herbert,397,119,https://www.atptour.com/en/rankings/singles?dateWeek=2023-08-21&rankRange=0-5000,2026-03-22T00:50:40Z
atp,2023-08-21,D0DT,Martin Damm,Martin Damm,398,119,https://www.atptour.com/en/rankings/singles?dateWeek=2023-08-21&rankRange=0-5000,2026-03-22T00:50:40Z
atp,2023-08-21,F09J,Karl Friberg,Karl Friberg,399,119,https://www.atptour.com/en/rankings/singles?dateWeek=2023-08-21&rankRange=0-5000,2026-03-22T00:50:40Z
atp,2023-08-21,B0GY,Alex Barrena,Alex Barrena,400,118,https://www.atptour.com/en/rankings/singles?dateWeek=2023-08-21&rankRange=0-5000,2026-03-22T00:50:40Z
atp,2023-08-21,E873,Ernesto Escobedo,Ernesto Escobedo,401,117,https://www.atptour.com/en/rankings/singles?dateWeek=2023-08-21&rankRange=0-5000,2026-03-22T00:50:40Z
atp,2023-08-21,PH42,Matija Pecotic,Matija Pecotic,402,117,https://www.atptour.com/en/rankings/singles?dateWeek=2023-08-21&rankRange=0-5000,2026-03-22T00:50:40Z
atp,2023-08-21,S0GV,Robert Strombachs,Robert Strombachs,403,117,https://www.atptour.com/en/rankings/singles?dateWeek=2023-08-21&rankRange=0-5000,2026-03-22T00:50:40Z
atp,2023-08-21,LD26,Edan Leshem,Edan Leshem,404,116,https://www.atptour.com/en/rankings/singles?dateWeek=2023-08-21&rankRange=0-5000,2026-03-22T00:50:40Z
atp,2023-08-21,SG56,Daniel Dutra da Silva,Daniel Dutra Da Silva,405,116,https://www.atptour.com/en/rankings/singles?dateWeek=2023-08-21&rankRange=0-5000,2026-03-22T00:50:40Z
atp,2023-08-21,C0BH,Clement Chidekh,Clement Chidekh,406,115,https://www.atptour.com/en/rankings/singles?dateWeek=2023-08-21&rankRange=0-5000,2026-03-22T00:50:40Z
atp,2023-08-21,H09N,August Holmgren,August Holmgren,407,115,https://www.atptour.com/en/rankings/singles?dateWeek=2023-08-21&rankRange=0-5000,2026-03-22T00:50:40Z
atp,2023-08-21,KA22,Dayne Kelly,Dayne Kelly,408,115,https://www.atptour.com/en/rankings/singles?dateWeek=2023-08-21&rankRange=0-5000,2026-03-22T00:50:40Z
atp,2023-08-21,SQ80,Akira Santillan,Akira Santillan,409,115,https://www.atptour.com/en/rankings/singles?dateWeek=2023-08-21&rankRange=0-5000,2026-03-22T00:50:40Z
atp,2023-08-21,O659,Vladyslav Orlov,Vladyslav Orlov,410,115,https://www.atptour.com/en/rankings/singles?dateWeek=2023-08-21&rankRange=0-5000,2026-03-22T00:50:40Z
atp,2023-08-21,HF80,Hady Habib,Hady Habib,411,114,https://www.atptour.com/en/rankings/singles?dateWeek=2023-08-21&rankRange=0-5000,2026-03-22T00:50:40Z
atp,2023-08-21,G0GW,Sascha Gueymard Wayenburg,Sascha Gueymard Wayenburg,412,112,https://www.atptour.com/en/rankings/singles?dateWeek=2023-08-21&rankRange=0-5000,2026-03-22T00:50:40Z
atp,2023-08-21,A09U,Nicolas Alvarez Varona,Nicolas Alvarez Varona,413,111,https://www.atptour.com/en/rankings/singles?dateWeek=2023-08-21&rankRange=0-5000,2026-03-22T00:50:40Z
atp,2023-08-21,N707,Naoki Nakagawa,Naoki Nakagawa,414,111,https://www.atptour.com/en/rankings/singles?dateWeek=2023-08-21&rankRange=0-5000,2026-03-22T00:50:40Z
atp,2023-08-21,MN20,Daniel Masur,Daniel Masur,415,110,https://www.atptour.com/en/rankings/singles?dateWeek=2023-08-21&rankRange=0-5000,2026-03-22T00:50:40Z
atp,2023-08-21,KG27,Strong Kirchheimer,Strong Kirchheimer,416,110,https://www.atptour.com/en/rankings/singles?dateWeek=2023-08-21&rankRange=0-5000,2026-03-22T00:50:40Z
atp,2023-08-21,T0DM,Juan Bautista Torres,Juan Bautista Torres,417,110,https://www.atptour.com/en/rankings/singles?dateWeek=2023-08-21&rankRange=0-5000,2026-03-22T00:50:40Z
atp,2023-08-21,V0D4,Eric Vanshelboim,Eric Vanshelboim,418,110,https://www.atptour.com/en/rankings/singles?dateWeek=2023-08-21&rankRange=0-5000,2026-03-22T00:50:40Z
atp,2023-08-21,O507,Julian Ocleppo,Julian Ocleppo,419,109,https://www.atptour.com/en/rankings/singles?dateWeek=2023-08-21&rankRange=0-5000,2026-03-22T00:50:40Z
atp,2023-08-21,CJ60,Alexandr Cozbinov,Alexandr Cozbinov,420,109,https://www.atptour.com/en/rankings/singles?dateWeek=2023-08-21&rankRange=0-5000,2026-03-22T00:50:40Z
atp,2023-08-21,KI48,Ergi Kirkin,Ergi Kirkin,421,108,https://www.atptour.com/en/rankings/singles?dateWeek=2023-08-21&rankRange=0-5000,2026-03-22T00:50:40Z
atp,2023-08-21,V942,Tim van Rijthoven,Tim Van Rijthoven,422,107,https://www.atptour.com/en/rankings/singles?dateWeek=2023-08-21&rankRange=0-5000,2026-03-22T00:50:40Z
atp,2023-08-21,C0MH,Gerard Campana Lee,Gerard Campana Lee,423,107,https://www.atptour.com/en/rankings/singles?dateWeek=2023-08-21&rankRange=0-5000,2026-03-22T00:50:40Z
atp,2023-08-21,M0K4,Elmer Moller,Elmer Moller,424,107,https://www.atptour.com/en/rankings/singles?dateWeek=2023-08-21&rankRange=0-5000,2026-03-22T00:50:40Z
atp,2023-08-21,GJ16,Federico Agustin Gomez,Federico Agustin Gomez,425,107,https://www.atptour.com/en/rankings/singles?dateWeek=2023-08-21&rankRange=0-5000,2026-03-22T00:50:40Z
atp,2023-08-21,M0EY,Alex Marti Pujolras,Alex Marti Pujolras,426,107,https://www.atptour.com/en/rankings/singles?dateWeek=2023-08-21&rankRange=0-5000,2026-03-22T00:50:40Z
atp,2023-08-21,VA23,Kris Van Wyk,Kris Van Wyk,427,107,https://www.atptour.com/en/rankings/singles?dateWeek=2023-08-21&rankRange=0-5000,2026-03-22T00:50:40Z
atp,2023-08-21,S0RF,Marcello Serafini,Marcello Serafini,428,106,https://www.atptour.com/en/rankings/singles?dateWeek=2023-08-21&rankRange=0-5000,2026-03-22T00:50:40Z
atp,2023-08-21,FA50,Thomas Fancutt,Thomas Fancutt,429,105,https://www.atptour.com/en/rankings/singles?dateWeek=2023-08-21&rankRange=0-5000,2026-03-22T00:50:40Z
atp,2023-08-21,LB07,Gonzalo Lama,Gonzalo Lama,430,105,https://www.atptour.com/en/rankings/singles?dateWeek=2023-08-21&rankRange=0-5000,2026-03-22T00:50:40Z
atp,2023-08-21,V708,Jiri Vesely,Jiri Vesely,431,104,https://www.atptour.com/en/rankings/singles?dateWeek=2023-08-21&rankRange=0-5000,2026-03-22T00:50:40Z
atp,2023-08-21,DB93,Matias Franco Descotte,Matias Franco Descotte,432,104,https://www.atptour.com/en/rankings/singles?dateWeek=2023-08-21&rankRange=0-5000,2026-03-22T00:50:40Z
atp,2023-08-21,SR81,Khumoyun Sultanov,Khumoyun Sultanov,433,103,https://www.atptour.com/en/rankings/singles?dateWeek=2023-08-21&rankRange=0-5000,2026-03-22T00:50:40Z
atp,2023-08-21,EA27,Blake Ellis,Blake Ellis,434,102,https://www.atptour.com/en/rankings/singles?dateWeek=2023-08-21&rankRange=0-5000,2026-03-22T00:50:40Z
atp,2023-08-21,BM05,Bogdan Bobrov,Bogdan Bobrov,435,102,https://www.atptour.com/en/rankings/singles?dateWeek=2023-08-21&rankRange=0-5000,2026-03-22T00:50:40Z
atp,2023-08-21,G0EQ,Sebastian Gima,Sebastian Gima,436,102,https://www.atptour.com/en/rankings/singles?dateWeek=2023-08-21&rankRange=0-5000,2026-03-22T00:50:40Z
atp,2023-08-21,MM66,Nikola Milojevic,Nikola Milojevic,437,101,https://www.atptour.com/en/rankings/singles?dateWeek=2023-08-21&rankRange=0-5000,2026-03-22T00:50:40Z
atp,2023-08-21,M0EA,Pol Martin Tiffon,Pol Martin Tiffon,438,101,https://www.atptour.com/en/rankings/singles?dateWeek=2023-08-21&rankRange=0-5000,2026-03-22T00:50:40Z
atp,2023-08-21,S0BT,Adria Soriano Barrera,Adria Soriano Barrera,439,101,https://www.atptour.com/en/rankings/singles?dateWeek=2023-08-21&rankRange=0-5000,2026-03-22T00:50:40Z
atp,2023-08-21,CB14,Daniel Cox,Daniel Cox,440,101,https://www.atptour.com/en/rankings/singles?dateWeek=2023-08-21&rankRange=0-5000,2026-03-22T00:50:40Z
atp,2023-08-21,K0DB,Cannon Kingsley,Cannon Kingsley,441,100,https://www.atptour.com/en/rankings/singles?dateWeek=2023-08-21&rankRange=0-5000,2026-03-22T00:50:40Z
atp,2023-08-21,P0EA,Saba Purtseladze,Saba Purtseladze,442,100,https://www.atptour.com/en/rankings/singles?dateWeek=2023-08-21&rankRange=0-5000,2026-03-22T00:50:40Z
atp,2023-08-21,LF26,Orlando Luz,Orlando Luz,443,99,https://www.atptour.com/en/rankings/singles?dateWeek=2023-08-21&rankRange=0-5000,2026-03-22T00:50:40Z
atp,2023-08-21,R0DC,Ajeet Rai,Ajeet Rai,444,99,https://www.atptour.com/en/rankings/singles?dateWeek=2023-08-21&rankRange=0-5000,2026-03-22T00:50:40Z
atp,2023-08-21,B0GR,Gonzalo Bueno,Gonzalo Bueno,445,99,https://www.atptour.com/en/rankings/singles?dateWeek=2023-08-21&rankRange=0-5000,2026-03-22T00:50:40Z
atp,2023-08-21,SX90,Fajing Sun,Fajing Sun,446,99,https://www.atptour.com/en/rankings/singles?dateWeek=2023-08-21&rankRange=0-5000,2026-03-22T00:50:40Z
atp,2023-08-21,S483,Pedro Sousa,Pedro Sousa,447,98,https://www.atptour.com/en/rankings/singles?dateWeek=2023-08-21&rankRange=0-5000,2026-03-22T00:50:40Z
atp,2023-08-21,G0AO,Alastair Gray,Alastair Gray,448,98,https://www.atptour.com/en/rankings/singles?dateWeek=2023-08-21&rankRange=0-5000,2026-03-22T00:50:40Z
atp,2023-08-21,R0B6,Lorenzo Rottoli,Lorenzo Rottoli,449,98,https://www.atptour.com/en/rankings/singles?dateWeek=2023-08-21&rankRange=0-5000,2026-03-22T00:50:40Z
atp,2023-08-21,SK94,Cedrik-Marcel Stebe,Cedrik Marcel Stebe,450,97,https://www.atptour.com/en/rankings/singles?dateWeek=2023-08-21&rankRange=0-5000,2026-03-22T00:50:40Z
atp,2023-08-21,SZ28,Kyle Seelig,Kyle Seelig,451,97,https://www.atptour.com/en/rankings/singles?dateWeek=2023-08-21&rankRange=0-5000,2026-03-22T00:50:40Z
atp,2023-08-21,CN78,Lucas Catarina,Lucas Catarina,452,97,https://www.atptour.com/en/rankings/singles?dateWeek=2023-08-21&rankRange=0-5000,2026-03-22T00:50:40Z
atp,2023-08-21,V0DP,Adolfo Daniel Vallejo,Adolfo Daniel Vallejo,453,97,https://www.atptour.com/en/rankings/singles?dateWeek=2023-08-21&rankRange=0-5000,2026-03-22T00:50:40Z
atp,2023-08-21,F664,Sebastian Fanselow,Sebastian Fanselow,454,97,https://www.atptour.com/en/rankings/singles?dateWeek=2023-08-21&rankRange=0-5000,2026-03-22T00:50:40Z
atp,2023-08-21,GJ05,Alexis Gautier,Alexis Gautier,455,97,https://www.atptour.com/en/rankings/singles?dateWeek=2023-08-21&rankRange=0-5000,2026-03-22T00:50:40Z
atp,2023-08-21,D0AR,Mateus Alves,Mateus Alves,456,96,https://www.atptour.com/en/rankings/singles?dateWeek=2023-08-21&rankRange=0-5000,2026-03-22T00:50:40Z
atp,2023-08-21,BU10,Jacopo Berrettini,Jacopo Berrettini,457,96,https://www.atptour.com/en/rankings/singles?dateWeek=2023-08-21&rankRange=0-5000,2026-03-22T00:50:40Z
atp,2023-08-21,L0C1,Carlos Lopez Montagud,Carlos Lopez Montagud,458,96,https://www.atptour.com/en/rankings/singles?dateWeek=2023-08-21&rankRange=0-5000,2026-03-22T00:50:40Z
atp,2023-08-21,J0A4,Paul Jubb,Paul Jubb,459,95,https://www.atptour.com/en/rankings/singles?dateWeek=2023-08-21&rankRange=0-5000,2026-03-22T00:50:40Z
atp,2023-08-21,T0CU,Fausto Tabacco,Fausto Tabacco,460,95,https://www.atptour.com/en/rankings/singles?dateWeek=2023-08-21&rankRange=0-5000,2026-03-22T00:50:40Z
atp,2023-08-21,F0CJ,Gianmarco Ferrari,Gianmarco Ferrari,461,95,https://www.atptour.com/en/rankings/singles?dateWeek=2023-08-21&rankRange=0-5000,2026-03-22T00:50:40Z
atp,2023-08-21,A0G7,Valerio Aboian,Valerio Aboian,462,95,https://www.atptour.com/en/rankings/singles?dateWeek=2023-08-21&rankRange=0-5000,2026-03-22T00:50:40Z
atp,2023-08-21,S0KT,Stefanos Sakellaridis,Stefanos Sakellaridis,463,95,https://www.atptour.com/en/rankings/singles?dateWeek=2023-08-21&rankRange=0-5000,2026-03-22T00:50:40Z
atp,2023-08-21,F0DM,Arthur Fery,Arthur Fery,464,93,https://www.atptour.com/en/rankings/singles?dateWeek=2023-08-21&rankRange=0-5000,2026-03-22T00:50:40Z
atp,2023-08-21,CI14,Jay Clarke,Jay Clarke,465,93,https://www.atptour.com/en/rankings/singles?dateWeek=2023-08-21&rankRange=0-5000,2026-03-22T00:50:40Z
atp,2023-08-21,RA51,Blaz Rola,Blaz Rola,466,92,https://www.atptour.com/en/rankings/singles?dateWeek=2023-08-21&rankRange=0-5000,2026-03-22T00:50:40Z
atp,2023-08-21,PH67,Nathan Ponwith,Nathan Ponwith,467,92,https://www.atptour.com/en/rankings/singles?dateWeek=2023-08-21&rankRange=0-5000,2026-03-22T00:50:40Z
atp,2023-08-21,SK47,Mohamed Safwat,Mohamed Safwat,468,92,https://www.atptour.com/en/rankings/singles?dateWeek=2023-08-21&rankRange=0-5000,2026-03-22T00:50:40Z
atp,2023-08-21,SF89,Rubin Statham,Rubin Statham,469,92,https://www.atptour.com/en/rankings/singles?dateWeek=2023-08-21&rankRange=0-5000,2026-03-22T00:50:40Z
atp,2023-08-21,LB78,Jea Moon Lee,Jea Moon Lee,470,91,https://www.atptour.com/en/rankings/singles?dateWeek=2023-08-21&rankRange=0-5000,2026-03-22T00:50:40Z
atp,2023-08-21,V717,Alexey Vatutin,Alexey Vatutin,471,91,https://www.atptour.com/en/rankings/singles?dateWeek=2023-08-21&rankRange=0-5000,2026-03-22T00:50:40Z
atp,2023-08-21,M0N7,Daniel Merida,Daniel Merida,472,91,https://www.atptour.com/en/rankings/singles?dateWeek=2023-08-21&rankRange=0-5000,2026-03-22T00:50:40Z
atp,2023-08-21,L397,Feliciano Lopez,Feliciano Lopez,473,90,https://www.atptour.com/en/rankings/singles?dateWeek=2023-08-21&rankRange=0-5000,2026-03-22T00:50:40Z
atp,2023-08-21,Q02L,Ethan Quinn,Ethan Quinn,474,90,https://www.atptour.com/en/rankings/singles?dateWeek=2023-08-21&rankRange=0-5000,2026-03-22T00:50:40Z
atp,2023-08-21,BT68,Elliot Benchetrit,Elliot Benchetrit,475,90,https://www.atptour.com/en/rankings/singles?dateWeek=2023-08-21&rankRange=0-5000,2026-03-22T00:50:40Z
atp,2023-08-21,M0B2,Yuki Mochizuki,Yuki Mochizuki,476,90,https://www.atptour.com/en/rankings/singles?dateWeek=2023-08-21&rankRange=0-5000,2026-03-22T00:50:40Z
atp,2023-08-21,KD35,Thai-Son Kwiatkowski,Thai Son Kwiatkowski,477,89,https://www.atptour.com/en/rankings/singles?dateWeek=2023-08-21&rankRange=0-5000,2026-03-22T00:50:40Z
atp,2023-08-21,P0BK,Stuart Parker,Stuart Parker,478,89,https://www.atptour.com/en/rankings/singles?dateWeek=2023-08-21&rankRange=0-5000,2026-03-22T00:50:40Z
atp,2023-08-21,SM25,Jack Sock,Jack Sock,479,88,https://www.atptour.com/en/rankings/singles?dateWeek=2023-08-21&rankRange=0-5000,2026-03-22T00:50:40Z
atp,2023-08-21,PL39,Alfredo Perez,Alfredo Perez,480,88,https://www.atptour.com/en/rankings/singles?dateWeek=2023-08-21&rankRange=0-5000,2026-03-22T00:50:40Z
atp,2023-08-21,C0I4,Tibo Colson,Tibo Colson,481,88,https://www.atptour.com/en/rankings/singles?dateWeek=2023-08-21&rankRange=0-5000,2026-03-22T00:50:40Z
atp,2023-08-21,P0IG,Martyn Pawelski,Martyn Pawelski,482,87,https://www.atptour.com/en/rankings/singles?dateWeek=2023-08-21&rankRange=0-5000,2026-03-22T00:50:40Z
atp,2023-08-21,D0D2,Alec Deckers,Alec Deckers,483,86,https://www.atptour.com/en/rankings/singles?dateWeek=2023-08-21&rankRange=0-5000,2026-03-22T00:50:40Z
atp,2023-08-21,MJ98,Facundo Mena,Facundo Mena,484,85,https://www.atptour.com/en/rankings/singles?dateWeek=2023-08-21&rankRange=0-5000,2026-03-22T00:50:40Z
atp,2023-08-21,B0FI,Pedro Boscardin Dias,Pedro Boscardin Dias,485,85,https://www.atptour.com/en/rankings/singles?dateWeek=2023-08-21&rankRange=0-5000,2026-03-22T00:50:40Z
atp,2023-08-21,TF58,Yusuke Takahashi,Yusuke Takahashi,486,85,https://www.atptour.com/en/rankings/singles?dateWeek=2023-08-21&rankRange=0-5000,2026-03-22T00:50:40Z
atp,2023-08-21,H0EH,Tim Handel,Tim Handel,487,85,https://www.atptour.com/en/rankings/singles?dateWeek=2023-08-21&rankRange=0-5000,2026-03-22T00:50:40Z
atp,2023-08-21,MV75,Ignacio Monzon,Ignacio Monzon,488,85,https://www.atptour.com/en/rankings/singles?dateWeek=2023-08-21&rankRange=0-5000,2026-03-22T00:50:40Z
atp,2023-08-21,B0F8,Justin Boulais,Justin Boulais,489,84,https://www.atptour.com/en/rankings/singles?dateWeek=2023-08-21&rankRange=0-5000,2026-03-22T00:50:40Z
atp,2023-08-21,PG56,Jorge Panta,Jorge Panta,490,84,https://www.atptour.com/en/rankings/singles?dateWeek=2023-08-21&rankRange=0-5000,2026-03-22T00:50:40Z
atp,2023-08-21,KJ00,Alex Knaff,Alex Knaff,491,84,https://www.atptour.com/en/rankings/singles?dateWeek=2023-08-21&rankRange=0-5000,2026-03-22T00:50:40Z
atp,2023-08-21,B0JJ,Robin Bertrand,Robin Bertrand,492,84,https://www.atptour.com/en/rankings/singles?dateWeek=2023-08-21&rankRange=0-5000,2026-03-22T00:50:40Z
atp,2023-08-21,H756,Robin Haase,Robin Haase,493,83,https://www.atptour.com/en/rankings/singles?dateWeek=2023-08-21&rankRange=0-5000,2026-03-22T00:50:40Z
atp,2023-08-21,D0H9,Guy Den Ouden,Guy Den Ouden,494,83,https://www.atptour.com/en/rankings/singles?dateWeek=2023-08-21&rankRange=0-5000,2026-03-22T00:50:40Z
atp,2023-08-21,PI96,Sergi Perez Contri,Sergi Perez Contri,495,83,https://www.atptour.com/en/rankings/singles?dateWeek=2023-08-21&rankRange=0-5000,2026-03-22T00:50:40Z
atp,2023-08-21,AG57,Leonardo Aboian,Leonardo Aboian,496,82,https://www.atptour.com/en/rankings/singles?dateWeek=2023-08-21&rankRange=0-5000,2026-03-22T00:50:40Z
atp,2023-08-21,KC86,Darian King,Darian King,497,81,https://www.atptour.com/en/rankings/singles?dateWeek=2023-08-21&rankRange=0-5000,2026-03-22T00:50:40Z
atp,2023-08-21,B0C0,Adrian Boitan,Adrian Boitan,498,81,https://www.atptour.com/en/rankings/singles?dateWeek=2023-08-21&rankRange=0-5000,2026-03-22T00:50:40Z
atp,2023-08-21,LA54,Wilson Leite,Wilson Leite,499,81,https://www.atptour.com/en/rankings/singles?dateWeek=2023-08-21&rankRange=0-5000,2026-03-22T00:50:40Z
atp,2023-08-21,O09S,Juan Bautista Otegui,Juan Bautista Otegui,500,81,https://www.atptour.com/en/rankings/singles?dateWeek=2023-08-21&rankRange=0-5000,2026-03-22T00:50:40Z
atp,2023-08-21,O674,Yshai Oliel,Yshai Oliel,501,80,https://www.atptour.com/en/rankings/singles?dateWeek=2023-08-21&rankRange=0-5000,2026-03-22T00:50:40Z
atp,2023-08-21,V821,Gonzalo Villanueva,Gonzalo Villanueva,502,79,https://www.atptour.com/en/rankings/singles?dateWeek=2023-08-21&rankRange=0-5000,2026-03-22T00:50:40Z
atp,2023-08-21,A09P,Alafia Ayeni,Alafia Ayeni,503,78,https://www.atptour.com/en/rankings/singles?dateWeek=2023-08-21&rankRange=0-5000,2026-03-22T00:50:40Z
atp,2023-08-21,CO01,Andrey Chepelev,Andrey Chepelev,504,78,https://www.atptour.com/en/rankings/singles?dateWeek=2023-08-21&rankRange=0-5000,2026-03-22T00:50:40Z
atp,2023-08-21,KD87,Evgeny Karlovskiy,Evgeny Karlovskiy,505,77,https://www.atptour.com/en/rankings/singles?dateWeek=2023-08-21&rankRange=0-5000,2026-03-22T00:50:40Z
atp,2023-08-21,G0DH,Alvaro Guillen Meza,Alvaro Guillen Meza,506,77,https://www.atptour.com/en/rankings/singles?dateWeek=2023-08-21&rankRange=0-5000,2026-03-22T00:50:40Z
atp,2023-08-21,G0FW,Vilius Gaubas,Vilius Gaubas,507,76,https://www.atptour.com/en/rankings/singles?dateWeek=2023-08-21&rankRange=0-5000,2026-03-22T00:50:40Z
atp,2023-08-21,G0EU,Felix Gill,Felix Gill,508,76,https://www.atptour.com/en/rankings/singles?dateWeek=2023-08-21&rankRange=0-5000,2026-03-22T00:50:40Z
atp,2023-08-21,A0BA,Federico Arnaboldi,Federico Arnaboldi,509,76,https://www.atptour.com/en/rankings/singles?dateWeek=2023-08-21&rankRange=0-5000,2026-03-22T00:50:40Z
atp,2023-08-21,KI71,Kirill Kivattsev,Kirill Kivattsev,510,76,https://www.atptour.com/en/rankings/singles?dateWeek=2023-08-21&rankRange=0-5000,2026-03-22T00:50:40Z
atp,2023-08-21,RH62,Mats Rosenkranz,Mats Rosenkranz,511,76,https://www.atptour.com/en/rankings/singles?dateWeek=2023-08-21&rankRange=0-5000,2026-03-22T00:50:40Z
atp,2023-08-21,CA12,Jeremy Chardy,Jeremy Chardy,512,75,https://www.atptour.com/en/rankings/singles?dateWeek=2023-08-21&rankRange=0-5000,2026-03-22T00:50:40Z
atp,2023-08-21,TD55,Renta Tokuda,Renta Tokuda,513,75,https://www.atptour.com/en/rankings/singles?dateWeek=2023-08-21&rankRange=0-5000,2026-03-22T00:50:40Z
atp,2023-08-21,F0F2,Jaime Faria,Jaime Faria,514,75,https://www.atptour.com/en/rankings/singles?dateWeek=2023-08-21&rankRange=0-5000,2026-03-22T00:50:40Z
atp,2023-08-21,H0DC,Giles Hussey,Giles Hussey,515,74,https://www.atptour.com/en/rankings/singles?dateWeek=2023-08-21&rankRange=0-5000,2026-03-22T00:50:40Z
atp,2023-08-21,AG08,Andres Andrade,Andres Andrade,516,74,https://www.atptour.com/en/rankings/singles?dateWeek=2023-08-21&rankRange=0-5000,2026-03-22T00:50:40Z
atp,2023-08-21,T0BW,James Trotter,James Trotter,517,73,https://www.atptour.com/en/rankings/singles?dateWeek=2023-08-21&rankRange=0-5000,2026-03-22T00:50:40Z
atp,2023-08-21,S0TM,Toby Samuel,Toby Samuel,518,73,https://www.atptour.com/en/rankings/singles?dateWeek=2023-08-21&rankRange=0-5000,2026-03-22T00:50:40Z
atp,2023-08-21,D0DP,Liam Draxl,Liam Draxl,519,73,https://www.atptour.com/en/rankings/singles?dateWeek=2023-08-21&rankRange=0-5000,2026-03-22T00:50:40Z
atp,2023-08-21,GA94,Prajnesh Gunneswaran,Prajnesh Gunneswaran,520,73,https://www.atptour.com/en/rankings/singles?dateWeek=2023-08-21&rankRange=0-5000,2026-03-22T00:50:40Z
atp,2023-08-21,DF92,Corentin Denolly,Corentin Denolly,521,73,https://www.atptour.com/en/rankings/singles?dateWeek=2023-08-21&rankRange=0-5000,2026-03-22T00:50:40Z
atp,2023-08-21,HA33,Peter Heller,Peter Heller,522,72,https://www.atptour.com/en/rankings/singles?dateWeek=2023-08-21&rankRange=0-5000,2026-03-22T00:50:40Z
atp,2023-08-21,S0MN,Marat Sharipov,Marat Sharipov,523,72,https://www.atptour.com/en/rankings/singles?dateWeek=2023-08-21&rankRange=0-5000,2026-03-22T00:50:40Z
atp,2023-08-21,E831,Kyle Edmund,Kyle Edmund,524,71,https://www.atptour.com/en/rankings/singles?dateWeek=2023-08-21&rankRange=0-5000,2026-03-22T00:50:40Z
atp,2023-08-21,M0NL,Inaki Montes-De La Torre,Inaki Montes De La Torre,525,71,https://www.atptour.com/en/rankings/singles?dateWeek=2023-08-21&rankRange=0-5000,2026-03-22T00:50:40Z
atp,2023-08-21,M0BN,Marvin Moeller,Marvin Moeller,526,71,https://www.atptour.com/en/rankings/singles?dateWeek=2023-08-21&rankRange=0-5000,2026-03-22T00:50:40Z
atp,2023-08-21,K0HO,Orel Kimhi,Orel Kimhi,527,71,https://www.atptour.com/en/rankings/singles?dateWeek=2023-08-21&rankRange=0-5000,2026-03-22T00:50:40Z
atp,2023-08-21,I09N,Federico Iannaccone,Federico Iannaccone,528,71,https://www.atptour.com/en/rankings/singles?dateWeek=2023-08-21&rankRange=0-5000,2026-03-22T00:50:40Z
atp,2023-08-21,B0MM,Edas Butvilas,Edas Butvilas,529,70,https://www.atptour.com/en/rankings/singles?dateWeek=2023-08-21&rankRange=0-5000,2026-03-22T00:50:40Z
atp,2023-08-21,F0DP,Peter Fajta,Peter Fajta,530,70,https://www.atptour.com/en/rankings/singles?dateWeek=2023-08-21&rankRange=0-5000,2026-03-22T00:50:40Z
atp,2023-08-21,O0AD,Neil Oberleitner,Neil Oberleitner,531,70,https://www.atptour.com/en/rankings/singles?dateWeek=2023-08-21&rankRange=0-5000,2026-03-22T00:50:40Z
atp,2023-08-21,BU53,Constantin Bittoun Kouzmine,Constantin Bittoun Kouzmine,532,70,https://www.atptour.com/en/rankings/singles?dateWeek=2023-08-21&rankRange=0-5000,2026-03-22T00:50:40Z
atp,2023-08-21,W0BH,Coleman Wong,Coleman Wong,533,69,https://www.atptour.com/en/rankings/singles?dateWeek=2023-08-21&rankRange=0-5000,2026-03-22T00:50:40Z
atp,2023-08-21,L0AT,Imanol Lopez Morillo,Imanol Lopez Morillo,534,69,https://www.atptour.com/en/rankings/singles?dateWeek=2023-08-21&rankRange=0-5000,2026-03-22T00:50:40Z
atp,2023-08-21,M0EG,Tristan McCormick,Tristan Mccormick,535,68,https://www.atptour.com/en/rankings/singles?dateWeek=2023-08-21&rankRange=0-5000,2026-03-22T00:50:40Z
atp,2023-08-21,P0B2,Luca Potenza,Luca Potenza,536,68,https://www.atptour.com/en/rankings/singles?dateWeek=2023-08-21&rankRange=0-5000,2026-03-22T00:50:40Z
atp,2023-08-21,A0G8,Amr Elsayed,Amr Elsayed,537,68,https://www.atptour.com/en/rankings/singles?dateWeek=2023-08-21&rankRange=0-5000,2026-03-22T00:50:40Z
atp,2023-08-21,TG30,Rigele Te,Rigele Te,538,67,https://www.atptour.com/en/rankings/singles?dateWeek=2023-08-21&rankRange=0-5000,2026-03-22T00:50:40Z
atp,2023-08-21,I230,Tatsuma Ito,Tatsuma Ito,539,67,https://www.atptour.com/en/rankings/singles?dateWeek=2023-08-21&rankRange=0-5000,2026-03-22T00:50:40Z
atp,2023-08-21,H0BA,Shinji Hazawa,Shinji Hazawa,540,67,https://www.atptour.com/en/rankings/singles?dateWeek=2023-08-21&rankRange=0-5000,2026-03-22T00:50:40Z
atp,2023-08-21,J737,Facundo Juarez,Facundo Juarez,541,67,https://www.atptour.com/en/rankings/singles?dateWeek=2023-08-21&rankRange=0-5000,2026-03-22T00:50:40Z
atp,2023-08-21,W0AH,Harry Wendelken,Harry Wendelken,542,67,https://www.atptour.com/en/rankings/singles?dateWeek=2023-08-21&rankRange=0-5000,2026-03-22T00:50:40Z
atp,2023-08-21,KG49,Denis Klok,Denis Klok,543,66,https://www.atptour.com/en/rankings/singles?dateWeek=2023-08-21&rankRange=0-5000,2026-03-22T00:50:40Z
atp,2023-08-21,CO07,Ezekiel Clark,Ezekiel Clark,544,66,https://www.atptour.com/en/rankings/singles?dateWeek=2023-08-21&rankRange=0-5000,2026-03-22T00:50:40Z
atp,2023-08-21,PL38,Sebastian Prechtel,Sebastian Prechtel,545,66,https://www.atptour.com/en/rankings/singles?dateWeek=2023-08-21&rankRange=0-5000,2026-03-22T00:50:40Z
atp,2023-08-21,B0AY,Jurgen Briand,Jurgen Briand,546,65,https://www.atptour.com/en/rankings/singles?dateWeek=2023-08-21&rankRange=0-5000,2026-03-22T00:50:40Z
atp,2023-08-21,M0N1,Luka Mikrut,Luka Mikrut,547,65,https://www.atptour.com/en/rankings/singles?dateWeek=2023-08-21&rankRange=0-5000,2026-03-22T00:50:40Z
atp,2023-08-21,D0FA,Yassine Dlimi,Yassine Dlimi,548,65,https://www.atptour.com/en/rankings/singles?dateWeek=2023-08-21&rankRange=0-5000,2026-03-22T00:50:40Z
atp,2023-08-21,P0D0,Jakub Paul,Jakub Paul,549,65,https://www.atptour.com/en/rankings/singles?dateWeek=2023-08-21&rankRange=0-5000,2026-03-22T00:50:40Z
atp,2023-08-21,J400,Jeremy Jahn,Jeremy Jahn,550,65,https://www.atptour.com/en/rankings/singles?dateWeek=2023-08-21&rankRange=0-5000,2026-03-22T00:50:40Z
atp,2023-08-21,M0KA,Yanaki Milev,Yanaki Milev,551,65,https://www.atptour.com/en/rankings/singles?dateWeek=2023-08-21&rankRange=0-5000,2026-03-22T00:50:40Z
atp,2023-08-21,SY71,Digvijaypratap Singh,Digvijaypratap Singh,552,65,https://www.atptour.com/en/rankings/singles?dateWeek=2023-08-21&rankRange=0-5000,2026-03-22T00:50:40Z
atp,2023-08-21,Z0BZ,Michael Zheng,Michael Zheng,553,64,https://www.atptour.com/en/rankings/singles?dateWeek=2023-08-21&rankRange=0-5000,2026-03-22T00:50:40Z
atp,2023-08-21,P0FJ,Radu Mihai Papoe,Radu Mihai Papoe,554,64,https://www.atptour.com/en/rankings/singles?dateWeek=2023-08-21&rankRange=0-5000,2026-03-22T00:50:40Z
atp,2023-08-21,D985,Joao Domingues,Joao Domingues,555,64,https://www.atptour.com/en/rankings/singles?dateWeek=2023-08-21&rankRange=0-5000,2026-03-22T00:50:40Z
atp,2023-08-21,VA15,Duarte Vale,Duarte Vale,556,64,https://www.atptour.com/en/rankings/singles?dateWeek=2023-08-21&rankRange=0-5000,2026-03-22T00:50:40Z
atp,2023-08-21,M0G0,Ryuki Matsuda,Ryuki Matsuda,557,64,https://www.atptour.com/en/rankings/singles?dateWeek=2023-08-21&rankRange=0-5000,2026-03-22T00:50:40Z
atp,2023-08-21,N0B4,Ryan Nijboer,Ryan Nijboer,558,64,https://www.atptour.com/en/rankings/singles?dateWeek=2023-08-21&rankRange=0-5000,2026-03-22T00:50:40Z
atp,2023-08-21,B0I5,Blaise Bicknell,Blaise Bicknell,559,63,https://www.atptour.com/en/rankings/singles?dateWeek=2023-08-21&rankRange=0-5000,2026-03-22T00:50:40Z
atp,2023-08-21,S09P,Sanhui Shin,Sanhui Shin,560,63,https://www.atptour.com/en/rankings/singles?dateWeek=2023-08-21&rankRange=0-5000,2026-03-22T00:50:40Z
atp,2023-08-21,D0CN,Miguel Damas,Miguel Damas,561,63,https://www.atptour.com/en/rankings/singles?dateWeek=2023-08-21&rankRange=0-5000,2026-03-22T00:50:40Z
atp,2023-08-21,S0R5,Ilya Snitari,Ilya Snitari,562,63,https://www.atptour.com/en/rankings/singles?dateWeek=2023-08-21&rankRange=0-5000,2026-03-22T00:50:40Z
atp,2023-08-21,P0I6,Gabriele Piraino,Gabriele Piraino,563,63,https://www.atptour.com/en/rankings/singles?dateWeek=2023-08-21&rankRange=0-5000,2026-03-22T00:50:40Z
atp,2023-08-21,RH50,Arthur Reymond,Arthur Reymond,564,63,https://www.atptour.com/en/rankings/singles?dateWeek=2023-08-21&rankRange=0-5000,2026-03-22T00:50:40Z
atp,2023-08-21,D0A2,Matthew Dellavedova,Matthew Dellavedova,565,63,https://www.atptour.com/en/rankings/singles?dateWeek=2023-08-21&rankRange=0-5000,2026-03-22T00:50:40Z
atp,2023-08-21,BU36,Alberto Barroso Campos,Alberto Barroso Campos,566,62,https://www.atptour.com/en/rankings/singles?dateWeek=2023-08-21&rankRange=0-5000,2026-03-22T00:50:40Z
atp,2023-08-21,C0BB,Tommaso Compagnucci,Tommaso Compagnucci,567,62,https://www.atptour.com/en/rankings/singles?dateWeek=2023-08-21&rankRange=0-5000,2026-03-22T00:50:40Z
atp,2023-08-21,B0C3,Simon Beaupain,Simon Beaupain,568,62,https://www.atptour.com/en/rankings/singles?dateWeek=2023-08-21&rankRange=0-5000,2026-03-22T00:50:40Z
atp,2023-08-21,MP83,Gian Marco Moroni,Gian Marco Moroni,569,61,https://www.atptour.com/en/rankings/singles?dateWeek=2023-08-21&rankRange=0-5000,2026-03-22T00:50:40Z
atp,2023-08-21,L0ER,Timo Legout,Timo Legout,570,61,https://www.atptour.com/en/rankings/singles?dateWeek=2023-08-21&rankRange=0-5000,2026-03-22T00:50:40Z
atp,2023-08-21,A0IK,Luciano Emanuel Ambrogi,Luciano Emanuel Ambrogi,571,61,https://www.atptour.com/en/rankings/singles?dateWeek=2023-08-21&rankRange=0-5000,2026-03-22T00:50:40Z
atp,2023-08-21,R0A5,Sam Riffice,Sam Riffice,572,60,https://www.atptour.com/en/rankings/singles?dateWeek=2023-08-21&rankRange=0-5000,2026-03-22T00:50:40Z
atp,2023-08-21,B0OU,Hynek Barton,Hynek Barton,573,60,https://www.atptour.com/en/rankings/singles?dateWeek=2023-08-21&rankRange=0-5000,2026-03-22T00:50:40Z
atp,2023-08-21,L0FW,Hanwen Li,Hanwen Li,574,60,https://www.atptour.com/en/rankings/singles?dateWeek=2023-08-21&rankRange=0-5000,2026-03-22T00:50:40Z
atp,2023-08-21,HH15,Mikalai Haliak,Mikalai Haliak,575,60,https://www.atptour.com/en/rankings/singles?dateWeek=2023-08-21&rankRange=0-5000,2026-03-22T00:50:40Z
atp,2023-08-21,L0G8,Victor Lilov,Victor Lilov,576,60,https://www.atptour.com/en/rankings/singles?dateWeek=2023-08-21&rankRange=0-5000,2026-03-22T00:50:40Z
atp,2023-08-21,P0G5,Stefan Popovic,Stefan Popovic,577,60,https://www.atptour.com/en/rankings/singles?dateWeek=2023-08-21&rankRange=0-5000,2026-03-22T00:50:40Z
atp,2023-08-21,RB56,Ramkumar Ramanathan,Ramkumar Ramanathan,578,59,https://www.atptour.com/en/rankings/singles?dateWeek=2023-08-21&rankRange=0-5000,2026-03-22T00:50:40Z
atp,2023-08-21,BE67,Mirza Basic,Mirza Basic,579,59,https://www.atptour.com/en/rankings/singles?dateWeek=2023-08-21&rankRange=0-5000,2026-03-22T00:50:40Z
atp,2023-08-21,E0AU,John Echeverria,John Echeverria,580,59,https://www.atptour.com/en/rankings/singles?dateWeek=2023-08-21&rankRange=0-5000,2026-03-22T00:50:40Z
atp,2023-08-21,F0BV,Tomas Farjat,Tomas Farjat,581,59,https://www.atptour.com/en/rankings/singles?dateWeek=2023-08-21&rankRange=0-5000,2026-03-22T00:50:40Z
atp,2023-08-21,PI95,David Pichler,David Pichler,582,59,https://www.atptour.com/en/rankings/singles?dateWeek=2023-08-21&rankRange=0-5000,2026-03-22T00:50:40Z
atp,2023-08-21,M09E,Tao Mu,Tao Mu,583,59,https://www.atptour.com/en/rankings/singles?dateWeek=2023-08-21&rankRange=0-5000,2026-03-22T00:50:40Z
atp,2023-08-21,M0D4,M Rifki Fitriadi,M Rifki Fitriadi,584,58,https://www.atptour.com/en/rankings/singles?dateWeek=2023-08-21&rankRange=0-5000,2026-03-22T00:50:40Z
atp,2023-08-21,S0DQ,Keegan Smith,Keegan Smith,585,58,https://www.atptour.com/en/rankings/singles?dateWeek=2023-08-21&rankRange=0-5000,2026-03-22T00:50:40Z
atp,2023-08-21,G0CV,Buvaysar Gadamauri,Buvaysar Gadamauri,586,58,https://www.atptour.com/en/rankings/singles?dateWeek=2023-08-21&rankRange=0-5000,2026-03-22T00:50:40Z
atp,2023-08-21,B0F0,Jiri Barnat,Jiri Barnat,587,58,https://www.atptour.com/en/rankings/singles?dateWeek=2023-08-21&rankRange=0-5000,2026-03-22T00:50:40Z
atp,2023-08-21,PG69,Juan Pablo Paz,Juan Pablo Paz,588,58,https://www.atptour.com/en/rankings/singles?dateWeek=2023-08-21&rankRange=0-5000,2026-03-22T00:50:40Z
atp,2023-08-21,RH13,Patrik Rikl,Patrik Rikl,589,57,https://www.atptour.com/en/rankings/singles?dateWeek=2023-08-21&rankRange=0-5000,2026-03-22T00:50:40Z
atp,2023-08-21,MJ71,Mats Moraing,Mats Moraing,590,57,https://www.atptour.com/en/rankings/singles?dateWeek=2023-08-21&rankRange=0-5000,2026-03-22T00:50:40Z
atp,2023-08-21,DG53,Gabriel Decamps,Gabriel Decamps,591,57,https://www.atptour.com/en/rankings/singles?dateWeek=2023-08-21&rankRange=0-5000,2026-03-22T00:50:40Z
atp,2023-08-21,B0LW,Mika Brunold,Mika Brunold,592,57,https://www.atptour.com/en/rankings/singles?dateWeek=2023-08-21&rankRange=0-5000,2026-03-22T00:50:40Z
atp,2023-08-21,W0C4,Edward Winter,Edward Winter,593,57,https://www.atptour.com/en/rankings/singles?dateWeek=2023-08-21&rankRange=0-5000,2026-03-22T00:50:40Z
atp,2023-08-21,L0EE,Daniel Little,Daniel Little,594,56,https://www.atptour.com/en/rankings/singles?dateWeek=2023-08-21&rankRange=0-5000,2026-03-22T00:50:40Z
atp,2023-08-21,P0BE,Sidane Pontjodikromo,Sidane Pontjodikromo,595,56,https://www.atptour.com/en/rankings/singles?dateWeek=2023-08-21&rankRange=0-5000,2026-03-22T00:50:40Z
atp,2023-08-21,B0BU,Florent Bax,Florent Bax,596,56,https://www.atptour.com/en/rankings/singles?dateWeek=2023-08-21&rankRange=0-5000,2026-03-22T00:50:40Z
atp,2023-08-21,P0AV,Uisung Park,Uisung Park,597,55,https://www.atptour.com/en/rankings/singles?dateWeek=2023-08-21&rankRange=0-5000,2026-03-22T00:50:40Z
atp,2023-08-21,RG42,Alex Rybakov,Alex Rybakov,598,55,https://www.atptour.com/en/rankings/singles?dateWeek=2023-08-21&rankRange=0-5000,2026-03-22T00:50:40Z
atp,2023-08-21,K0HN,Bruno Kuzuhara,Bruno Kuzuhara,599,55,https://www.atptour.com/en/rankings/singles?dateWeek=2023-08-21&rankRange=0-5000,2026-03-22T00:50:40Z
atp,2023-08-21,R0E0,Chris Rodesch,Chris Rodesch,600,54,https://www.atptour.com/en/rankings/singles?dateWeek=2023-08-21&rankRange=0-5000,2026-03-22T00:50:40Z
atp,2023-08-21,P0HT,Jack Pinnington Jones,Jack Pinnington Jones,601,54,https://www.atptour.com/en/rankings/singles?dateWeek=2023-08-21&rankRange=0-5000,2026-03-22T00:50:40Z
atp,2023-08-21,V0BP,Marlon Vankan,Marlon Vankan,602,54,https://www.atptour.com/en/rankings/singles?dateWeek=2023-08-21&rankRange=0-5000,2026-03-22T00:50:40Z
atp,2023-08-21,N0BK,Hazem Naw,Hazem Naw,603,54,https://www.atptour.com/en/rankings/singles?dateWeek=2023-08-21&rankRange=0-5000,2026-03-22T00:50:40Z
atp,2023-08-21,A0I1,Bor Artnak,Bor Artnak,604,54,https://www.atptour.com/en/rankings/singles?dateWeek=2023-08-21&rankRange=0-5000,2026-03-22T00:50:40Z
atp,2023-08-21,SL94,Pedro Sakamoto,Pedro Sakamoto,605,53,https://www.atptour.com/en/rankings/singles?dateWeek=2023-08-21&rankRange=0-5000,2026-03-22T00:50:40Z
atp,2023-08-21,M0OH,Lautaro Midon,Lautaro Midon,606,53,https://www.atptour.com/en/rankings/singles?dateWeek=2023-08-21&rankRange=0-5000,2026-03-22T00:50:40Z
atp,2023-08-21,Z09B,Alexander Zgirovsky,Alexander Zgirovsky,607,53,https://www.atptour.com/en/rankings/singles?dateWeek=2023-08-21&rankRange=0-5000,2026-03-22T00:50:40Z
atp,2023-08-21,G0A0,Andrea Guerrieri,Andrea Guerrieri,608,53,https://www.atptour.com/en/rankings/singles?dateWeek=2023-08-21&rankRange=0-5000,2026-03-22T00:50:40Z
atp,2023-08-21,G0G2,Mario Gonzalez Fernandez,Mario Gonzalez Fernandez,609,53,https://www.atptour.com/en/rankings/singles?dateWeek=2023-08-21&rankRange=0-5000,2026-03-22T00:50:40Z
atp,2023-08-21,MJ01,Roberto Marcora,Roberto Marcora,610,52,https://www.atptour.com/en/rankings/singles?dateWeek=2023-08-21&rankRange=0-5000,2026-03-22T00:50:40Z
atp,2023-08-21,AC58,Nicolas Alvarez,Nicolas Alvarez,611,52,https://www.atptour.com/en/rankings/singles?dateWeek=2023-08-21&rankRange=0-5000,2026-03-22T00:50:40Z
atp,2023-08-21,MI43,Gerald Melzer,Gerald Melzer,612,52,https://www.atptour.com/en/rankings/singles?dateWeek=2023-08-21&rankRange=0-5000,2026-03-22T00:50:40Z
atp,2023-08-21,K0BH,Rimpei Kawakami,Rimpei Kawakami,613,52,https://www.atptour.com/en/rankings/singles?dateWeek=2023-08-21&rankRange=0-5000,2026-03-22T00:50:40Z
atp,2023-08-21,H0B5,Tsung-Hao Huang,Tsung Hao Huang,614,52,https://www.atptour.com/en/rankings/singles?dateWeek=2023-08-21&rankRange=0-5000,2026-03-22T00:50:40Z
atp,2023-08-21,K0BU,Palaphoom Kovapitukted,Palaphoom Kovapitukted,615,52,https://www.atptour.com/en/rankings/singles?dateWeek=2023-08-21&rankRange=0-5000,2026-03-22T00:50:40Z
atp,2023-08-21,M0BO,Colin Markes,Colin Markes,616,52,https://www.atptour.com/en/rankings/singles?dateWeek=2023-08-21&rankRange=0-5000,2026-03-22T00:50:40Z
atp,2023-08-21,P0DR,Andrea Picchione,Andrea Picchione,617,52,https://www.atptour.com/en/rankings/singles?dateWeek=2023-08-21&rankRange=0-5000,2026-03-22T00:50:40Z
atp,2023-08-21,R0H2,Pedro Rodenas,Pedro Rodenas,618,51,https://www.atptour.com/en/rankings/singles?dateWeek=2023-08-21&rankRange=0-5000,2026-03-22T00:50:40Z
atp,2023-08-21,O0BE,Oleksandr Ovcharenko,Oleksandr Ovcharenko,619,51,https://www.atptour.com/en/rankings/singles?dateWeek=2023-08-21&rankRange=0-5000,2026-03-22T00:50:40Z
atp,2023-08-21,CF88,Roberto Cid Subervi,Roberto Cid Subervi,620,51,https://www.atptour.com/en/rankings/singles?dateWeek=2023-08-21&rankRange=0-5000,2026-03-22T00:50:40Z
atp,2023-08-21,RE27,Simone Roncalli,Simone Roncalli,621,51,https://www.atptour.com/en/rankings/singles?dateWeek=2023-08-21&rankRange=0-5000,2026-03-22T00:50:40Z
atp,2023-08-21,B0AM,Lorenzo Bocchi,Lorenzo Bocchi,622,51,https://www.atptour.com/en/rankings/singles?dateWeek=2023-08-21&rankRange=0-5000,2026-03-22T00:50:40Z
atp,2023-08-21,LB84,Juan Ignacio Londero,Juan Ignacio Londero,623,50,https://www.atptour.com/en/rankings/singles?dateWeek=2023-08-21&rankRange=0-5000,2026-03-22T00:50:40Z
atp,2023-08-21,V0DG,Quinn Vandecasteele,Quinn Vandecasteele,624,50,https://www.atptour.com/en/rankings/singles?dateWeek=2023-08-21&rankRange=0-5000,2026-03-22T00:50:40Z
atp,2023-08-21,N0DB,Andrej Nedic,Andrej Nedic,625,50,https://www.atptour.com/en/rankings/singles?dateWeek=2023-08-21&rankRange=0-5000,2026-03-22T00:50:40Z
atp,2023-08-21,V846,Jose Fco. Vidal Azorin,Jose Fco. Vidal Azorin,626,50,https://www.atptour.com/en/rankings/singles?dateWeek=2023-08-21&rankRange=0-5000,2026-03-22T00:50:40Z
atp,2023-08-21,A0B6,Jaimee Floyd Angele,Jaimee Floyd Angele,627,50,https://www.atptour.com/en/rankings/singles?dateWeek=2023-08-21&rankRange=0-5000,2026-03-22T00:50:40Z
atp,2023-08-21,W09T,Luca Wiedenmann,Luca Wiedenmann,628,50,https://www.atptour.com/en/rankings/singles?dateWeek=2023-08-21&rankRange=0-5000,2026-03-22T00:50:40Z
atp,2023-08-21,W716,Mark Whitehouse,Mark Whitehouse,629,50,https://www.atptour.com/en/rankings/singles?dateWeek=2023-08-21&rankRange=0-5000,2026-03-22T00:50:40Z
atp,2023-08-21,P0HP,Lukas Pokorny,Lukas Pokorny,630,50,https://www.atptour.com/en/rankings/singles?dateWeek=2023-08-21&rankRange=0-5000,2026-03-22T00:50:40Z
atp,2023-08-21,PC09,Jose Pereira,Jose Pereira,631,49,https://www.atptour.com/en/rankings/singles?dateWeek=2023-08-21&rankRange=0-5000,2026-03-22T00:50:40Z
atp,2023-08-21,D0L3,Matej Dodig,Matej Dodig,632,49,https://www.atptour.com/en/rankings/singles?dateWeek=2023-08-21&rankRange=0-5000,2026-03-22T00:50:40Z
atp,2023-08-21,P0ED,Kiranpal Pannu,Kiranpal Pannu,633,49,https://www.atptour.com/en/rankings/singles?dateWeek=2023-08-21&rankRange=0-5000,2026-03-22T00:50:40Z
atp,2023-08-21,SL92,Shuichi Sekiguchi,Shuichi Sekiguchi,634,49,https://www.atptour.com/en/rankings/singles?dateWeek=2023-08-21&rankRange=0-5000,2026-03-22T00:50:40Z
atp,2023-08-21,A0F3,Fabrizio Andaloro,Fabrizio Andaloro,635,49,https://www.atptour.com/en/rankings/singles?dateWeek=2023-08-21&rankRange=0-5000,2026-03-22T00:50:40Z
atp,2023-08-21,B0LL,Viacheslav Bielinskyi,Viacheslav Bielinskyi,636,49,https://www.atptour.com/en/rankings/singles?dateWeek=2023-08-21&rankRange=0-5000,2026-03-22T00:50:40Z
atp,2023-08-21,B0IY,Alec Beckley,Alec Beckley,637,49,https://www.atptour.com/en/rankings/singles?dateWeek=2023-08-21&rankRange=0-5000,2026-03-22T00:50:40Z
atp,2023-08-21,MT97,Maxime Mora,Maxime Mora,638,49,https://www.atptour.com/en/rankings/singles?dateWeek=2023-08-21&rankRange=0-5000,2026-03-22T00:50:40Z
atp,2023-08-21,F811,Bjorn Fratangelo,Bjorn Fratangelo,639,48,https://www.atptour.com/en/rankings/singles?dateWeek=2023-08-21&rankRange=0-5000,2026-03-22T00:50:40Z
atp,2023-08-21,A596,Pablo Andujar,Pablo Andujar,640,48,https://www.atptour.com/en/rankings/singles?dateWeek=2023-08-21&rankRange=0-5000,2026-03-22T00:50:40Z
atp,2023-08-21,N652,JiSung Nam,Jisung Nam,641,48,https://www.atptour.com/en/rankings/singles?dateWeek=2023-08-21&rankRange=0-5000,2026-03-22T00:50:40Z
atp,2023-08-21,K0HL,Kyle Kang,Kyle Kang,642,48,https://www.atptour.com/en/rankings/singles?dateWeek=2023-08-21&rankRange=0-5000,2026-03-22T00:50:40Z
atp,2023-08-21,P0G0,Evgeny Philippov,Evgeny Philippov,643,48,https://www.atptour.com/en/rankings/singles?dateWeek=2023-08-21&rankRange=0-5000,2026-03-22T00:50:40Z
atp,2023-08-21,LE01,Duckhee Lee,Duckhee Lee,644,48,https://www.atptour.com/en/rankings/singles?dateWeek=2023-08-21&rankRange=0-5000,2026-03-22T00:50:40Z
atp,2023-08-21,C09T,Rrezart Cungu,Rrezart Cungu,645,48,https://www.atptour.com/en/rankings/singles?dateWeek=2023-08-21&rankRange=0-5000,2026-03-22T00:50:40Z
atp,2023-08-21,G0I2,Adrien Gobat,Adrien Gobat,646,47,https://www.atptour.com/en/rankings/singles?dateWeek=2023-08-21&rankRange=0-5000,2026-03-22T00:50:40Z
atp,2023-08-21,RB86,Sidharth Rawat,Sidharth Rawat,647,47,https://www.atptour.com/en/rankings/singles?dateWeek=2023-08-21&rankRange=0-5000,2026-03-22T00:50:40Z
atp,2023-08-21,V0CI,Emilien Voisin,Emilien Voisin,648,47,https://www.atptour.com/en/rankings/singles?dateWeek=2023-08-21&rankRange=0-5000,2026-03-22T00:50:40Z
atp,2023-08-21,P0GQ,Mili Poljicak,Mili Poljicak,649,47,https://www.atptour.com/en/rankings/singles?dateWeek=2023-08-21&rankRange=0-5000,2026-03-22T00:50:40Z
atp,2023-08-21,T0FK,Giorgio Tabacco,Giorgio Tabacco,650,47,https://www.atptour.com/en/rankings/singles?dateWeek=2023-08-21&rankRange=0-5000,2026-03-22T00:50:40Z
atp,2023-08-21,F0FV,Joao Fonseca,Joao Fonseca,651,46,https://www.atptour.com/en/rankings/singles?dateWeek=2023-08-21&rankRange=0-5000,2026-03-22T00:50:40Z
atp,2023-08-21,M0BW,Ye Cong Mo,Ye Cong Mo,652,46,https://www.atptour.com/en/rankings/singles?dateWeek=2023-08-21&rankRange=0-5000,2026-03-22T00:50:40Z
atp,2023-08-21,M0L2,Alejandro Manzanera Pertusa,Alejandro Manzanera Pertusa,653,46,https://www.atptour.com/en/rankings/singles?dateWeek=2023-08-21&rankRange=0-5000,2026-03-22T00:50:40Z
atp,2023-08-21,N731,Christoph Negritu,Christoph Negritu,654,46,https://www.atptour.com/en/rankings/singles?dateWeek=2023-08-21&rankRange=0-5000,2026-03-22T00:50:40Z
atp,2023-08-21,B0ER,Arthur Bouquier,Arthur Bouquier,655,46,https://www.atptour.com/en/rankings/singles?dateWeek=2023-08-21&rankRange=0-5000,2026-03-22T00:50:40Z
atp,2023-08-21,A678,Kevin Anderson,Kevin Anderson,656,45,https://www.atptour.com/en/rankings/singles?dateWeek=2023-08-21&rankRange=0-5000,2026-03-22T00:50:40Z
atp,2023-08-21,HG90,Conner Huertas del Pino,Conner Huertas Del Pino,657,45,https://www.atptour.com/en/rankings/singles?dateWeek=2023-08-21&rankRange=0-5000,2026-03-22T00:50:40Z
atp,2023-08-21,CH19,Daniele Capecchi,Daniele Capecchi,658,45,https://www.atptour.com/en/rankings/singles?dateWeek=2023-08-21&rankRange=0-5000,2026-03-22T00:50:40Z
atp,2023-08-21,G0BY,Daniil Glinka,Daniil Glinka,659,45,https://www.atptour.com/en/rankings/singles?dateWeek=2023-08-21&rankRange=0-5000,2026-03-22T00:50:40Z
atp,2023-08-21,PL64,Oleg Prihodko,Oleg Prihodko,660,45,https://www.atptour.com/en/rankings/singles?dateWeek=2023-08-21&rankRange=0-5000,2026-03-22T00:50:40Z
atp,2023-08-21,GK24,Luca Giacomini,Luca Giacomini,661,45,https://www.atptour.com/en/rankings/singles?dateWeek=2023-08-21&rankRange=0-5000,2026-03-22T00:50:40Z
atp,2023-08-21,Z0BY,Nicolas Zanellato,Nicolas Zanellato,662,45,https://www.atptour.com/en/rankings/singles?dateWeek=2023-08-21&rankRange=0-5000,2026-03-22T00:50:40Z
atp,2023-08-21,KH77,Niki Kaliyanda Poonacha,Niki Kaliyanda Poonacha,663,45,https://www.atptour.com/en/rankings/singles?dateWeek=2023-08-21&rankRange=0-5000,2026-03-22T00:50:40Z
atp,2023-08-21,A0EA,Max Alcala Gurri,Max Alcala Gurri,664,45,https://www.atptour.com/en/rankings/singles?dateWeek=2023-08-21&rankRange=0-5000,2026-03-22T00:50:40Z
atp,2023-08-21,J0CU,Sander Jong,Sander Jong,665,44,https://www.atptour.com/en/rankings/singles?dateWeek=2023-08-21&rankRange=0-5000,2026-03-22T00:50:40Z
atp,2023-08-21,N0AL,Govind Nanda,Govind Nanda,666,44,https://www.atptour.com/en/rankings/singles?dateWeek=2023-08-21&rankRange=0-5000,2026-03-22T00:50:40Z
atp,2023-08-21,KI91,Koray Kirci,Koray Kirci,667,44,https://www.atptour.com/en/rankings/singles?dateWeek=2023-08-21&rankRange=0-5000,2026-03-22T00:50:40Z
atp,2023-08-21,M0GY,Lilian Marmousez,Lilian Marmousez,668,44,https://www.atptour.com/en/rankings/singles?dateWeek=2023-08-21&rankRange=0-5000,2026-03-22T00:50:40Z
atp,2023-08-21,O664,Makoto Ochi,Makoto Ochi,669,44,https://www.atptour.com/en/rankings/singles?dateWeek=2023-08-21&rankRange=0-5000,2026-03-22T00:50:40Z
atp,2023-08-21,DH23,S D Prajwal Dev,S D Prajwal Dev,670,44,https://www.atptour.com/en/rankings/singles?dateWeek=2023-08-21&rankRange=0-5000,2026-03-22T00:50:40Z
atp,2023-08-21,R0BT,Franco Roncadelli,Franco Roncadelli,671,44,https://www.atptour.com/en/rankings/singles?dateWeek=2023-08-21&rankRange=0-5000,2026-03-22T00:50:40Z
atp,2023-08-21,W712,Kai Wehnelt,Kai Wehnelt,672,44,https://www.atptour.com/en/rankings/singles?dateWeek=2023-08-21&rankRange=0-5000,2026-03-22T00:50:40Z
atp,2023-08-21,J0AW,Guido Ivan Justo,Guido Ivan Justo,673,43,https://www.atptour.com/en/rankings/singles?dateWeek=2023-08-21&rankRange=0-5000,2026-03-22T00:50:40Z
atp,2023-08-21,P0JG,Gabriele Pennaforti,Gabriele Pennaforti,674,43,https://www.atptour.com/en/rankings/singles?dateWeek=2023-08-21&rankRange=0-5000,2026-03-22T00:50:40Z
atp,2023-08-21,K0BJ,Georgii Kravchenko,Georgii Kravchenko,675,43,https://www.atptour.com/en/rankings/singles?dateWeek=2023-08-21&rankRange=0-5000,2026-03-22T00:50:40Z
atp,2023-08-21,G0IB,Tom Gentzsch,Tom Gentzsch,676,43,https://www.atptour.com/en/rankings/singles?dateWeek=2023-08-21&rankRange=0-5000,2026-03-22T00:50:40Z
atp,2023-08-21,V09T,Pedro Vives Marcos,Pedro Vives Marcos,677,42,https://www.atptour.com/en/rankings/singles?dateWeek=2023-08-21&rankRange=0-5000,2026-03-22T00:50:40Z
atp,2023-08-21,V0BD,Nikolay Vylegzhanin,Nikolay Vylegzhanin,678,42,https://www.atptour.com/en/rankings/singles?dateWeek=2023-08-21&rankRange=0-5000,2026-03-22T00:50:40Z
atp,2023-08-21,T0AA,Dan Alexandru Tomescu,Dan Alexandru Tomescu,679,42,https://www.atptour.com/en/rankings/singles?dateWeek=2023-08-21&rankRange=0-5000,2026-03-22T00:50:40Z
atp,2023-08-21,S0HR,Kasidit Samrej,Kasidit Samrej,680,41,https://www.atptour.com/en/rankings/singles?dateWeek=2023-08-21&rankRange=0-5000,2026-03-22T00:50:40Z
atp,2023-08-21,PF36,David Perez Sanz,David Perez Sanz,681,41,https://www.atptour.com/en/rankings/singles?dateWeek=2023-08-21&rankRange=0-5000,2026-03-22T00:50:40Z
atp,2023-08-21,F0A3,Sergey Fomin,Sergey Fomin,682,40,https://www.atptour.com/en/rankings/singles?dateWeek=2023-08-21&rankRange=0-5000,2026-03-22T00:50:40Z
atp,2023-08-21,GC17,Oscar Jose Gutierrez,Oscar Jose Gutierrez,683,40,https://www.atptour.com/en/rankings/singles?dateWeek=2023-08-21&rankRange=0-5000,2026-03-22T00:50:40Z
atp,2023-08-21,TG67,Kristjan Tamm,Kristjan Tamm,684,40,https://www.atptour.com/en/rankings/singles?dateWeek=2023-08-21&rankRange=0-5000,2026-03-22T00:50:40Z
atp,2023-08-21,C0HV,Luca Castagnola,Luca Castagnola,685,40,https://www.atptour.com/en/rankings/singles?dateWeek=2023-08-21&rankRange=0-5000,2026-03-22T00:50:40Z
atp,2023-08-21,R0AR,Daniel Rodrigues,Daniel Rodrigues,686,40,https://www.atptour.com/en/rankings/singles?dateWeek=2023-08-21&rankRange=0-5000,2026-03-22T00:50:40Z
atp,2023-08-21,T0AG,Zura Tkemaladze,Zura Tkemaladze,687,40,https://www.atptour.com/en/rankings/singles?dateWeek=2023-08-21&rankRange=0-5000,2026-03-22T00:50:40Z
atp,2023-08-21,I330,Shintaro Imai,Shintaro Imai,688,39,https://www.atptour.com/en/rankings/singles?dateWeek=2023-08-21&rankRange=0-5000,2026-03-22T00:50:40Z
atp,2023-08-21,B0I0,Alexander Bernard,Alexander Bernard,689,39,https://www.atptour.com/en/rankings/singles?dateWeek=2023-08-21&rankRange=0-5000,2026-03-22T00:50:40Z
atp,2023-08-21,T0HA,Learner Tien,Learner Tien,690,39,https://www.atptour.com/en/rankings/singles?dateWeek=2023-08-21&rankRange=0-5000,2026-03-22T00:50:40Z
atp,2023-08-21,J0B5,Garrett Johns,Garrett Johns,691,39,https://www.atptour.com/en/rankings/singles?dateWeek=2023-08-21&rankRange=0-5000,2026-03-22T00:50:40Z
atp,2023-08-21,CF60,Pawel Juszczak,Pawel Juszczak,692,39,https://www.atptour.com/en/rankings/singles?dateWeek=2023-08-21&rankRange=0-5000,2026-03-22T00:50:40Z
atp,2023-08-21,G0J9,Svyatoslav Gulin,Svyatoslav Gulin,693,39,https://www.atptour.com/en/rankings/singles?dateWeek=2023-08-21&rankRange=0-5000,2026-03-22T00:50:40Z
atp,2023-08-21,B0QC,Gilles Arnaud Bailly,Gilles Arnaud Bailly,694,39,https://www.atptour.com/en/rankings/singles?dateWeek=2023-08-21&rankRange=0-5000,2026-03-22T00:50:40Z
atp,2023-08-21,LB51,Julian Lenz,Julian Lenz,695,38,https://www.atptour.com/en/rankings/singles?dateWeek=2023-08-21&rankRange=0-5000,2026-03-22T00:50:40Z
atp,2023-08-21,Y124,Donald Young,Donald Young,696,38,https://www.atptour.com/en/rankings/singles?dateWeek=2023-08-21&rankRange=0-5000,2026-03-22T00:50:40Z
atp,2023-08-21,TG52,Luca Tomasetto,Luca Tomasetto,697,38,https://www.atptour.com/en/rankings/singles?dateWeek=2023-08-21&rankRange=0-5000,2026-03-22T00:50:40Z
atp,2023-08-21,S0NN,Joshua Sheehy,Joshua Sheehy,698,38,https://www.atptour.com/en/rankings/singles?dateWeek=2023-08-21&rankRange=0-5000,2026-03-22T00:50:40Z
atp,2023-08-21,P0IT,Olaf Pieczkowski,Olaf Pieczkowski,699,38,https://www.atptour.com/en/rankings/singles?dateWeek=2023-08-21&rankRange=0-5000,2026-03-22T00:50:40Z
atp,2023-08-21,T0GF,JJ Tracy,Jj Tracy,700,37,https://www.atptour.com/en/rankings/singles?dateWeek=2023-08-21&rankRange=0-5000,2026-03-22T00:50:40Z
atp,2023-08-21,D0D4,Stefan Dostanic,Stefan Dostanic,701,37,https://www.atptour.com/en/rankings/singles?dateWeek=2023-08-21&rankRange=0-5000,2026-03-22T00:50:40Z
atp,2023-08-21,H940,Ryan Harrison,Ryan Harrison,702,37,https://www.atptour.com/en/rankings/singles?dateWeek=2023-08-21&rankRange=0-5000,2026-03-22T00:50:40Z
atp,2023-08-21,MJ70,Karim-Mohamed Maamoun,Karim Mohamed Maamoun,703,37,https://www.atptour.com/en/rankings/singles?dateWeek=2023-08-21&rankRange=0-5000,2026-03-22T00:50:40Z
atp,2023-08-21,M0FA,Anton Matusevich,Anton Matusevich,704,37,https://www.atptour.com/en/rankings/singles?dateWeek=2023-08-21&rankRange=0-5000,2026-03-22T00:50:40Z
atp,2023-08-21,S0O6,Ilia Simakin,Ilia Simakin,705,37,https://www.atptour.com/en/rankings/singles?dateWeek=2023-08-21&rankRange=0-5000,2026-03-22T00:50:40Z
atp,2023-08-21,DH53,Vlad Andrei Dancu,Vlad Andrei Dancu,706,37,https://www.atptour.com/en/rankings/singles?dateWeek=2023-08-21&rankRange=0-5000,2026-03-22T00:50:40Z
atp,2023-08-21,SF41,Aldin Setkic,Aldin Setkic,707,37,https://www.atptour.com/en/rankings/singles?dateWeek=2023-08-21&rankRange=0-5000,2026-03-22T00:50:40Z
atp,2023-08-21,DC38,Jake Delaney,Jake Delaney,708,37,https://www.atptour.com/en/rankings/singles?dateWeek=2023-08-21&rankRange=0-5000,2026-03-22T00:50:40Z
atp,2023-08-21,L733,Zhe Li,Zhe Li,709,36,https://www.atptour.com/en/rankings/singles?dateWeek=2023-08-21&rankRange=0-5000,2026-03-22T00:50:40Z
atp,2023-08-21,M0NA,Shunsuke Mitsui,Shunsuke Mitsui,710,36,https://www.atptour.com/en/rankings/singles?dateWeek=2023-08-21&rankRange=0-5000,2026-03-22T00:50:40Z
atp,2023-08-21,S0EK,Matias Soto,Matias Soto,711,36,https://www.atptour.com/en/rankings/singles?dateWeek=2023-08-21&rankRange=0-5000,2026-03-22T00:50:40Z
atp,2023-08-21,C0HX,Ozan Baris,Ozan Baris,712,36,https://www.atptour.com/en/rankings/singles?dateWeek=2023-08-21&rankRange=0-5000,2026-03-22T00:50:40Z
atp,2023-08-21,K0AK,Yuta Kawahashi,Yuta Kawahashi,713,36,https://www.atptour.com/en/rankings/singles?dateWeek=2023-08-21&rankRange=0-5000,2026-03-22T00:50:40Z
atp,2023-08-21,B0IF,Blu Baker,Blu Baker,714,36,https://www.atptour.com/en/rankings/singles?dateWeek=2023-08-21&rankRange=0-5000,2026-03-22T00:50:40Z
atp,2023-08-21,F09U,Matyas Fuele,Matyas Fuele,715,36,https://www.atptour.com/en/rankings/singles?dateWeek=2023-08-21&rankRange=0-5000,2026-03-22T00:50:40Z
atp,2023-08-21,A0FM,Egor Agafonov,Egor Agafonov,716,36,https://www.atptour.com/en/rankings/singles?dateWeek=2023-08-21&rankRange=0-5000,2026-03-22T00:50:40Z
atp,2023-08-21,CH80,Luca Castelnuovo,Luca Castelnuovo,717,36,https://www.atptour.com/en/rankings/singles?dateWeek=2023-08-21&rankRange=0-5000,2026-03-22T00:50:40Z
atp,2023-08-21,K0HZ,Aidan Kim,Aidan Kim,718,36,https://www.atptour.com/en/rankings/singles?dateWeek=2023-08-21&rankRange=0-5000,2026-03-22T00:50:40Z
atp,2023-08-21,W0BU,Olle Wallin,Olle Wallin,719,35,https://www.atptour.com/en/rankings/singles?dateWeek=2023-08-21&rankRange=0-5000,2026-03-22T00:50:40Z
atp,2023-08-21,Z363,Marcelo Zormann,Marcelo Zormann,720,35,https://www.atptour.com/en/rankings/singles?dateWeek=2023-08-21&rankRange=0-5000,2026-03-22T00:50:40Z
atp,2023-08-21,MO76,Gergely Madarasz,Gergely Madarasz,721,35,https://www.atptour.com/en/rankings/singles?dateWeek=2023-08-21&rankRange=0-5000,2026-03-22T00:50:40Z
atp,2023-08-21,B0ID,Ignacio Buse,Ignacio Buse,722,35,https://www.atptour.com/en/rankings/singles?dateWeek=2023-08-21&rankRange=0-5000,2026-03-22T00:50:40Z
atp,2023-08-21,H0EC,Cash Hanzlik,Cash Hanzlik,723,35,https://www.atptour.com/en/rankings/singles?dateWeek=2023-08-21&rankRange=0-5000,2026-03-22T00:50:40Z
atp,2023-08-21,G0IW,Antoine Ghibaudo,Antoine Ghibaudo,724,35,https://www.atptour.com/en/rankings/singles?dateWeek=2023-08-21&rankRange=0-5000,2026-03-22T00:50:40Z
atp,2023-08-21,L0IL,Martin Landaluce,Martin Landaluce,725,35,https://www.atptour.com/en/rankings/singles?dateWeek=2023-08-21&rankRange=0-5000,2026-03-22T00:50:40Z
atp,2023-08-21,A622,Andrea Arnaboldi,Andrea Arnaboldi,726,35,https://www.atptour.com/en/rankings/singles?dateWeek=2023-08-21&rankRange=0-5000,2026-03-22T00:50:40Z
atp,2023-08-21,MO54,Jorge Martinez Martinez,Jorge Martinez Martinez,727,35,https://www.atptour.com/en/rankings/singles?dateWeek=2023-08-21&rankRange=0-5000,2026-03-22T00:50:40Z
atp,2023-08-21,O656,Adrian Oetzbach,Adrian Oetzbach,728,35,https://www.atptour.com/en/rankings/singles?dateWeek=2023-08-21&rankRange=0-5000,2026-03-22T00:50:40Z
atp,2023-08-21,J397,Jerzy Janowicz,Jerzy Janowicz,729,34,https://www.atptour.com/en/rankings/singles?dateWeek=2023-08-21&rankRange=0-5000,2026-03-22T00:50:40Z
atp,2023-08-21,BE69,Yan Bai,Yan Bai,730,34,https://www.atptour.com/en/rankings/singles?dateWeek=2023-08-21&rankRange=0-5000,2026-03-22T00:50:40Z
atp,2023-08-21,M0GB,Alex Martinez,Alex Martinez,731,34,https://www.atptour.com/en/rankings/singles?dateWeek=2023-08-21&rankRange=0-5000,2026-03-22T00:50:40Z
atp,2023-08-21,P0CD,Daniel Paty,Daniel Paty,732,34,https://www.atptour.com/en/rankings/singles?dateWeek=2023-08-21&rankRange=0-5000,2026-03-22T00:50:40Z
atp,2023-08-21,R0BC,Lorenzo Joaquin Rodriguez,Lorenzo Joaquin Rodriguez,733,34,https://www.atptour.com/en/rankings/singles?dateWeek=2023-08-21&rankRange=0-5000,2026-03-22T00:50:40Z
atp,2023-08-21,BU35,Maxence Broville,Maxence Broville,734,34,https://www.atptour.com/en/rankings/singles?dateWeek=2023-08-21&rankRange=0-5000,2026-03-22T00:50:40Z
atp,2023-08-21,A0EU,Alexandre Aubriot,Alexandre Aubriot,735,34,https://www.atptour.com/en/rankings/singles?dateWeek=2023-08-21&rankRange=0-5000,2026-03-22T00:50:40Z
atp,2023-08-21,B0D8,Jacob Brumm,Jacob Brumm,736,34,https://www.atptour.com/en/rankings/singles?dateWeek=2023-08-21&rankRange=0-5000,2026-03-22T00:50:40Z
atp,2023-08-21,MW39,Mirko Martinez,Mirko Martinez,737,33,https://www.atptour.com/en/rankings/singles?dateWeek=2023-08-21&rankRange=0-5000,2026-03-22T00:50:40Z
atp,2023-08-21,H0C9,Arklon Huertas Del Pino Cordova,Arklon Huertas Del Pino Cordova,738,33,https://www.atptour.com/en/rankings/singles?dateWeek=2023-08-21&rankRange=0-5000,2026-03-22T00:50:40Z
atp,2023-08-21,K0FY,Martin Krumich,Martin Krumich,739,33,https://www.atptour.com/en/rankings/singles?dateWeek=2023-08-21&rankRange=0-5000,2026-03-22T00:50:40Z
atp,2023-08-21,B0HF,Diego Augusto Barreto Sanchez,Diego Augusto Barreto Sanchez,740,33,https://www.atptour.com/en/rankings/singles?dateWeek=2023-08-21&rankRange=0-5000,2026-03-22T00:50:40Z
atp,2023-08-21,N0CJ,Petr Nesterov,Petr Nesterov,741,33,https://www.atptour.com/en/rankings/singles?dateWeek=2023-08-21&rankRange=0-5000,2026-03-22T00:50:40Z
atp,2023-08-21,J0D2,Maximus Jones,Maximus Jones,742,33,https://www.atptour.com/en/rankings/singles?dateWeek=2023-08-21&rankRange=0-5000,2026-03-22T00:50:40Z
atp,2023-08-21,F965,Sora Fukuda,Sora Fukuda,743,32,https://www.atptour.com/en/rankings/singles?dateWeek=2023-08-21&rankRange=0-5000,2026-03-22T00:50:40Z
atp,2023-08-21,BT42,Dominik Boehler,Dominik Boehler,744,32,https://www.atptour.com/en/rankings/singles?dateWeek=2023-08-21&rankRange=0-5000,2026-03-22T00:50:40Z
atp,2023-08-21,R0H6,Leonardo Rossi,Leonardo Rossi,745,32,https://www.atptour.com/en/rankings/singles?dateWeek=2023-08-21&rankRange=0-5000,2026-03-22T00:50:40Z
atp,2023-08-21,J0D4,Jeremy Jin,Jeremy Jin,746,32,https://www.atptour.com/en/rankings/singles?dateWeek=2023-08-21&rankRange=0-5000,2026-03-22T00:50:40Z
atp,2023-08-21,S0QZ,Sebastian Sorger,Sebastian Sorger,747,32,https://www.atptour.com/en/rankings/singles?dateWeek=2023-08-21&rankRange=0-5000,2026-03-22T00:50:40Z
atp,2023-08-21,P0GP,Peter Benjamin Privara,Peter Benjamin Privara,748,32,https://www.atptour.com/en/rankings/singles?dateWeek=2023-08-21&rankRange=0-5000,2026-03-22T00:50:40Z
atp,2023-08-21,BV08,Boris Butulija,Boris Butulija,749,32,https://www.atptour.com/en/rankings/singles?dateWeek=2023-08-21&rankRange=0-5000,2026-03-22T00:50:40Z
atp,2023-08-21,PG03,Calum Puttergill,Calum Puttergill,750,31,https://www.atptour.com/en/rankings/singles?dateWeek=2023-08-21&rankRange=0-5000,2026-03-22T00:50:40Z
atp,2023-08-21,W0B3,Xiaofei Wang,Xiaofei Wang,751,31,https://www.atptour.com/en/rankings/singles?dateWeek=2023-08-21&rankRange=0-5000,2026-03-22T00:50:40Z
atp,2023-08-21,B0C5,Florian Broska,Florian Broska,752,31,https://www.atptour.com/en/rankings/singles?dateWeek=2023-08-21&rankRange=0-5000,2026-03-22T00:50:40Z
atp,2023-08-21,BP44,Gage Brymer,Gage Brymer,753,31,https://www.atptour.com/en/rankings/singles?dateWeek=2023-08-21&rankRange=0-5000,2026-03-22T00:50:40Z
atp,2023-08-21,B0A0,Maxence Beauge,Maxence Beauge,754,31,https://www.atptour.com/en/rankings/singles?dateWeek=2023-08-21&rankRange=0-5000,2026-03-22T00:50:40Z
atp,2023-08-21,B0BK,Aleksandr Braynin,Aleksandr Braynin,755,31,https://www.atptour.com/en/rankings/singles?dateWeek=2023-08-21&rankRange=0-5000,2026-03-22T00:50:40Z
atp,2023-08-21,S0RI,Karan Singh,Karan Singh,756,31,https://www.atptour.com/en/rankings/singles?dateWeek=2023-08-21&rankRange=0-5000,2026-03-22T00:50:40Z
atp,2023-08-21,B0J8,Micah Braswell,Micah Braswell,757,30,https://www.atptour.com/en/rankings/singles?dateWeek=2023-08-21&rankRange=0-5000,2026-03-22T00:50:40Z
atp,2023-08-21,M0ON,Johannus Monday,Johannus Monday,758,30,https://www.atptour.com/en/rankings/singles?dateWeek=2023-08-21&rankRange=0-5000,2026-03-22T00:50:40Z
atp,2023-08-21,C0AJ,Jie Cui,Jie Cui,759,30,https://www.atptour.com/en/rankings/singles?dateWeek=2023-08-21&rankRange=0-5000,2026-03-22T00:50:40Z
atp,2023-08-21,PH77,David Poljak,David Poljak,760,30,https://www.atptour.com/en/rankings/singles?dateWeek=2023-08-21&rankRange=0-5000,2026-03-22T00:50:40Z
atp,2023-08-21,BV17,Riccardo Balzerani,Riccardo Balzerani,761,30,https://www.atptour.com/en/rankings/singles?dateWeek=2023-08-21&rankRange=0-5000,2026-03-22T00:50:40Z
atp,2023-08-21,HB31,Johannes Haerteis,Johannes Haerteis,762,30,https://www.atptour.com/en/rankings/singles?dateWeek=2023-08-21&rankRange=0-5000,2026-03-22T00:50:40Z
atp,2023-08-21,AG60,Kareem Al Allaf,Kareem Al Allaf,763,30,https://www.atptour.com/en/rankings/singles?dateWeek=2023-08-21&rankRange=0-5000,2026-03-22T00:50:40Z
atp,2023-08-21,AF41,Rishab Agarwal,Rishab Agarwal,764,30,https://www.atptour.com/en/rankings/singles?dateWeek=2023-08-21&rankRange=0-5000,2026-03-22T00:50:40Z
atp,2023-08-21,T0BD,Nicolas Tepmahc,Nicolas Tepmahc,765,30,https://www.atptour.com/en/rankings/singles?dateWeek=2023-08-21&rankRange=0-5000,2026-03-22T00:50:40Z
atp,2023-08-21,O09A,Aziz Ouakaa,Aziz Ouakaa,766,30,https://www.atptour.com/en/rankings/singles?dateWeek=2023-08-21&rankRange=0-5000,2026-03-22T00:50:40Z
atp,2023-08-21,KI74,Nicola Kuhn,Nicola Kuhn,767,29,https://www.atptour.com/en/rankings/singles?dateWeek=2023-08-21&rankRange=0-5000,2026-03-22T00:50:40Z
atp,2023-08-21,N974,Petr Nouza,Petr Nouza,768,29,https://www.atptour.com/en/rankings/singles?dateWeek=2023-08-21&rankRange=0-5000,2026-03-22T00:50:40Z
atp,2023-08-21,SY00,Christian Sigsgaard,Christian Sigsgaard,769,29,https://www.atptour.com/en/rankings/singles?dateWeek=2023-08-21&rankRange=0-5000,2026-03-22T00:50:40Z
atp,2023-08-21,W0BD,Deney Wassermann,Deney Wassermann,770,29,https://www.atptour.com/en/rankings/singles?dateWeek=2023-08-21&rankRange=0-5000,2026-03-22T00:50:40Z
atp,2023-08-21,Z0C9,Marcel Zielinski,Marcel Zielinski,771,29,https://www.atptour.com/en/rankings/singles?dateWeek=2023-08-21&rankRange=0-5000,2026-03-22T00:50:40Z
atp,2023-08-21,W738,Brandon Walkin,Brandon Walkin,772,29,https://www.atptour.com/en/rankings/singles?dateWeek=2023-08-21&rankRange=0-5000,2026-03-22T00:50:40Z
atp,2023-08-21,BP79,Peter Bertran,Peter Bertran,773,29,https://www.atptour.com/en/rankings/singles?dateWeek=2023-08-21&rankRange=0-5000,2026-03-22T00:50:40Z
atp,2023-08-21,K0HB,Szymon Kielan,Szymon Kielan,774,29,https://www.atptour.com/en/rankings/singles?dateWeek=2023-08-21&rankRange=0-5000,2026-03-22T00:50:40Z
atp,2023-08-21,I427,Simon Anthony Ivanov,Simon Anthony Ivanov,775,29,https://www.atptour.com/en/rankings/singles?dateWeek=2023-08-21&rankRange=0-5000,2026-03-22T00:50:40Z
atp,2023-08-21,F0BT,Jonas Forejtek,Jonas Forejtek,776,28,https://www.atptour.com/en/rankings/singles?dateWeek=2023-08-21&rankRange=0-5000,2026-03-22T00:50:40Z
atp,2023-08-21,B0PG,Alexander Blockx,Alexander Blockx,777,28,https://www.atptour.com/en/rankings/singles?dateWeek=2023-08-21&rankRange=0-5000,2026-03-22T00:50:40Z
atp,2023-08-21,C0JX,Sean Cuenin,Sean Cuenin,778,28,https://www.atptour.com/en/rankings/singles?dateWeek=2023-08-21&rankRange=0-5000,2026-03-22T00:50:40Z
atp,2023-08-21,J0CW,Yunseok Jang,Yunseok Jang,779,28,https://www.atptour.com/en/rankings/singles?dateWeek=2023-08-21&rankRange=0-5000,2026-03-22T00:50:40Z
atp,2023-08-21,HH32,Alejandro Hoyos,Alejandro Hoyos,780,28,https://www.atptour.com/en/rankings/singles?dateWeek=2023-08-21&rankRange=0-5000,2026-03-22T00:50:40Z
atp,2023-08-21,R0GN,Amaury Raynel,Amaury Raynel,781,28,https://www.atptour.com/en/rankings/singles?dateWeek=2023-08-21&rankRange=0-5000,2026-03-22T00:50:40Z
atp,2023-08-21,O09T,Kosuke Ogura,Kosuke Ogura,782,28,https://www.atptour.com/en/rankings/singles?dateWeek=2023-08-21&rankRange=0-5000,2026-03-22T00:50:40Z
atp,2023-08-21,K0CZ,Gilbert Klier Junior,Gilbert Klier Junior,783,27,https://www.atptour.com/en/rankings/singles?dateWeek=2023-08-21&rankRange=0-5000,2026-03-22T00:50:40Z
atp,2023-08-21,GC89,Egor Gerasimov,Egor Gerasimov,784,27,https://www.atptour.com/en/rankings/singles?dateWeek=2023-08-21&rankRange=0-5000,2026-03-22T00:50:40Z
atp,2023-08-21,H0BK,Roko Horvat,Roko Horvat,785,27,https://www.atptour.com/en/rankings/singles?dateWeek=2023-08-21&rankRange=0-5000,2026-03-22T00:50:40Z
atp,2023-08-21,R0F1,Johan Alexander Rodriguez,Johan Alexander Rodriguez,786,27,https://www.atptour.com/en/rankings/singles?dateWeek=2023-08-21&rankRange=0-5000,2026-03-22T00:50:40Z
atp,2023-08-21,S0LD,Keisuke Saitoh,Keisuke Saitoh,787,27,https://www.atptour.com/en/rankings/singles?dateWeek=2023-08-21&rankRange=0-5000,2026-03-22T00:50:40Z
atp,2023-08-21,T0HM,Vito Tonejc,Vito Tonejc,788,27,https://www.atptour.com/en/rankings/singles?dateWeek=2023-08-21&rankRange=0-5000,2026-03-22T00:50:40Z
atp,2023-08-21,G0GZ,Liam Gavrielides,Liam Gavrielides,789,27,https://www.atptour.com/en/rankings/singles?dateWeek=2023-08-21&rankRange=0-5000,2026-03-22T00:50:40Z
atp,2023-08-21,W09X,Benjamin Winter Lopez,Benjamin Winter Lopez,790,27,https://www.atptour.com/en/rankings/singles?dateWeek=2023-08-21&rankRange=0-5000,2026-03-22T00:50:40Z
atp,2023-08-21,B0JP,Dali Blanch,Dali Blanch,791,27,https://www.atptour.com/en/rankings/singles?dateWeek=2023-08-21&rankRange=0-5000,2026-03-22T00:50:40Z
atp,2023-08-21,SY05,Jakob Schnaitter,Jakob Schnaitter,792,27,https://www.atptour.com/en/rankings/singles?dateWeek=2023-08-21&rankRange=0-5000,2026-03-22T00:50:40Z
atp,2023-08-21,S0BA,Luigi Sorrentino,Luigi Sorrentino,793,27,https://www.atptour.com/en/rankings/singles?dateWeek=2023-08-21&rankRange=0-5000,2026-03-22T00:50:40Z
atp,2023-08-21,B0OT,Jacob Bradshaw,Jacob Bradshaw,794,27,https://www.atptour.com/en/rankings/singles?dateWeek=2023-08-21&rankRange=0-5000,2026-03-22T00:50:40Z
atp,2023-08-21,M0GP,Filippo Moroni,Filippo Moroni,795,26,https://www.atptour.com/en/rankings/singles?dateWeek=2023-08-21&rankRange=0-5000,2026-03-22T00:50:40Z
atp,2023-08-21,P0AY,Luka Pavlovic,Luka Pavlovic,796,26,https://www.atptour.com/en/rankings/singles?dateWeek=2023-08-21&rankRange=0-5000,2026-03-22T00:50:40Z
atp,2023-08-21,BH02,Sekou Bangoura,Sekou Bangoura,797,26,https://www.atptour.com/en/rankings/singles?dateWeek=2023-08-21&rankRange=0-5000,2026-03-22T00:50:40Z
atp,2023-08-21,Z366,Matias Zukas,Matias Zukas,798,26,https://www.atptour.com/en/rankings/singles?dateWeek=2023-08-21&rankRange=0-5000,2026-03-22T00:50:40Z
atp,2023-08-21,I0A6,Taisei Ichikawa,Taisei Ichikawa,799,26,https://www.atptour.com/en/rankings/singles?dateWeek=2023-08-21&rankRange=0-5000,2026-03-22T00:50:40Z
atp,2023-08-21,DH46,Alexander Donski,Alexander Donski,800,26,https://www.atptour.com/en/rankings/singles?dateWeek=2023-08-21&rankRange=0-5000,2026-03-22T00:50:40Z
atp,2023-08-21,Y223,Fernando Yamacita,Fernando Yamacita,801,26,https://www.atptour.com/en/rankings/singles?dateWeek=2023-08-21&rankRange=0-5000,2026-03-22T00:50:40Z
atp,2023-08-21,C09G,Ignacio Carou,Ignacio Carou,802,26,https://www.atptour.com/en/rankings/singles?dateWeek=2023-08-21&rankRange=0-5000,2026-03-22T00:50:40Z
atp,2023-08-21,S0F7,Alexandros Skorilas,Alexandros Skorilas,803,26,https://www.atptour.com/en/rankings/singles?dateWeek=2023-08-21&rankRange=0-5000,2026-03-22T00:50:40Z
atp,2023-08-21,S0Z6,Alexander Stater,Alexander Stater,804,25,https://www.atptour.com/en/rankings/singles?dateWeek=2023-08-21&rankRange=0-5000,2026-03-22T00:50:40Z
atp,2023-08-21,BC65,Matthias Bachinger,Matthias Bachinger,805,25,https://www.atptour.com/en/rankings/singles?dateWeek=2023-08-21&rankRange=0-5000,2026-03-22T00:50:40Z
atp,2023-08-21,DH55,Michiel De Krom,Michiel De Krom,806,25,https://www.atptour.com/en/rankings/singles?dateWeek=2023-08-21&rankRange=0-5000,2026-03-22T00:50:40Z
atp,2023-08-21,P0IY,Juan Carlos Prado Angelo,Juan Carlos Prado Angelo,807,25,https://www.atptour.com/en/rankings/singles?dateWeek=2023-08-21&rankRange=0-5000,2026-03-22T00:50:40Z
atp,2023-08-21,C0OW,Lorenzo Carboni,Lorenzo Carboni,808,25,https://www.atptour.com/en/rankings/singles?dateWeek=2023-08-21&rankRange=0-5000,2026-03-22T00:50:40Z
atp,2023-08-21,L0DM,Alejo Lorenzo Lingua Lavallen,Alejo Lorenzo Lingua Lavallen,809,25,https://www.atptour.com/en/rankings/singles?dateWeek=2023-08-21&rankRange=0-5000,2026-03-22T00:50:40Z
atp,2023-08-21,J0CM,Viktor Jovic,Viktor Jovic,810,25,https://www.atptour.com/en/rankings/singles?dateWeek=2023-08-21&rankRange=0-5000,2026-03-22T00:50:40Z
atp,2023-08-21,C0JV,Lorenzo Claverie,Lorenzo Claverie,811,25,https://www.atptour.com/en/rankings/singles?dateWeek=2023-08-21&rankRange=0-5000,2026-03-22T00:50:40Z
atp,2023-08-21,SY42,Thomas Setodji,Thomas Setodji,812,24,https://www.atptour.com/en/rankings/singles?dateWeek=2023-08-21&rankRange=0-5000,2026-03-22T00:50:40Z
atp,2023-08-21,VA22,Matej Vocel,Matej Vocel,813,24,https://www.atptour.com/en/rankings/singles?dateWeek=2023-08-21&rankRange=0-5000,2026-03-22T00:50:40Z
atp,2023-08-21,I0B0,Andre Ilagan,Andre Ilagan,814,24,https://www.atptour.com/en/rankings/singles?dateWeek=2023-08-21&rankRange=0-5000,2026-03-22T00:50:40Z
atp,2023-08-21,C882,Pablo Cuevas,Pablo Cuevas,815,24,https://www.atptour.com/en/rankings/singles?dateWeek=2023-08-21&rankRange=0-5000,2026-03-22T00:50:40Z
atp,2023-08-21,MM79,Blake Mott,Blake Mott,816,24,https://www.atptour.com/en/rankings/singles?dateWeek=2023-08-21&rankRange=0-5000,2026-03-22T00:50:40Z
atp,2023-08-21,B0J6,Tauheed Browning,Tauheed Browning,817,24,https://www.atptour.com/en/rankings/singles?dateWeek=2023-08-21&rankRange=0-5000,2026-03-22T00:50:40Z
atp,2023-08-21,HB05,Christian Harrison,Christian Harrison,818,24,https://www.atptour.com/en/rankings/singles?dateWeek=2023-08-21&rankRange=0-5000,2026-03-22T00:50:40Z
atp,2023-08-21,DB32,Yurii Dzhavakian,Yurii Dzhavakian,819,24,https://www.atptour.com/en/rankings/singles?dateWeek=2023-08-21&rankRange=0-5000,2026-03-22T00:50:40Z
atp,2023-08-21,J09J,Yeong-Seok Jeong,Yeong Seok Jeong,820,24,https://www.atptour.com/en/rankings/singles?dateWeek=2023-08-21&rankRange=0-5000,2026-03-22T00:50:40Z
atp,2023-08-21,P0J1,Rodrigo Pacheco Mendez,Rodrigo Pacheco Mendez,821,24,https://www.atptour.com/en/rankings/singles?dateWeek=2023-08-21&rankRange=0-5000,2026-03-22T00:50:40Z
atp,2023-08-21,G0B2,Joshua Goodger,Joshua Goodger,822,24,https://www.atptour.com/en/rankings/singles?dateWeek=2023-08-21&rankRange=0-5000,2026-03-22T00:50:40Z
atp,2023-08-21,MM78,Jonathan Mridha,Jonathan Mridha,823,24,https://www.atptour.com/en/rankings/singles?dateWeek=2023-08-21&rankRange=0-5000,2026-03-22T00:50:40Z
atp,2023-08-21,K0JB,Nicolas Kobelt,Nicolas Kobelt,824,24,https://www.atptour.com/en/rankings/singles?dateWeek=2023-08-21&rankRange=0-5000,2026-03-22T00:50:40Z
atp,2023-08-21,SZ36,Niklas Schell,Niklas Schell,825,24,https://www.atptour.com/en/rankings/singles?dateWeek=2023-08-21&rankRange=0-5000,2026-03-22T00:50:40Z
atp,2023-08-21,M0CD,Marco Miceli,Marco Miceli,826,24,https://www.atptour.com/en/rankings/singles?dateWeek=2023-08-21&rankRange=0-5000,2026-03-22T00:50:40Z
atp,2023-08-21,T0AF,Fermin Tenti,Fermin Tenti,827,24,https://www.atptour.com/en/rankings/singles?dateWeek=2023-08-21&rankRange=0-5000,2026-03-22T00:50:40Z
atp,2023-08-21,H0AG,Ray Ho,Ray Ho,828,24,https://www.atptour.com/en/rankings/singles?dateWeek=2023-08-21&rankRange=0-5000,2026-03-22T00:50:40Z
atp,2023-08-21,K863,Cheong-Eui Kim,Cheong Eui Kim,829,23,https://www.atptour.com/en/rankings/singles?dateWeek=2023-08-21&rankRange=0-5000,2026-03-22T00:50:40Z
atp,2023-08-21,TG46,Ryota Tanuma,Ryota Tanuma,830,23,https://www.atptour.com/en/rankings/singles?dateWeek=2023-08-21&rankRange=0-5000,2026-03-22T00:50:40Z
atp,2023-08-21,D0DK,Santiago De La Fuente,Santiago De La Fuente,831,23,https://www.atptour.com/en/rankings/singles?dateWeek=2023-08-21&rankRange=0-5000,2026-03-22T00:50:40Z
atp,2023-08-21,S0C2,Hikaru Shiraishi,Hikaru Shiraishi,832,23,https://www.atptour.com/en/rankings/singles?dateWeek=2023-08-21&rankRange=0-5000,2026-03-22T00:50:40Z
atp,2023-08-21,S0BG,Daisuke Sumizawa,Daisuke Sumizawa,833,23,https://www.atptour.com/en/rankings/singles?dateWeek=2023-08-21&rankRange=0-5000,2026-03-22T00:50:40Z
atp,2023-08-21,M0HB,François Musitelli,François Musitelli,834,23,https://www.atptour.com/en/rankings/singles?dateWeek=2023-08-21&rankRange=0-5000,2026-03-22T00:50:40Z
atp,2023-08-21,O684,Osgar O'Hoisin,Osgar O'hoisin,835,23,https://www.atptour.com/en/rankings/singles?dateWeek=2023-08-21&rankRange=0-5000,2026-03-22T00:50:40Z
atp,2023-08-21,SA93,Andreas Seppi,Andreas Seppi,836,22,https://www.atptour.com/en/rankings/singles?dateWeek=2023-08-21&rankRange=0-5000,2026-03-22T00:50:40Z
atp,2023-08-21,M0NP,Andres Martin,Andres Martin,837,22,https://www.atptour.com/en/rankings/singles?dateWeek=2023-08-21&rankRange=0-5000,2026-03-22T00:50:40Z
atp,2023-08-21,CC98,Martin Cuevas,Martin Cuevas,838,22,https://www.atptour.com/en/rankings/singles?dateWeek=2023-08-21&rankRange=0-5000,2026-03-22T00:50:40Z
atp,2023-08-21,G0IX,Arthur Gea,Arthur Gea,839,22,https://www.atptour.com/en/rankings/singles?dateWeek=2023-08-21&rankRange=0-5000,2026-03-22T00:50:40Z
atp,2023-08-21,BP74,Aleksandre Bakshi,Aleksandre Bakshi,840,22,https://www.atptour.com/en/rankings/singles?dateWeek=2023-08-21&rankRange=0-5000,2026-03-22T00:50:40Z
atp,2023-08-21,K0BD,Lukas Krainer,Lukas Krainer,841,22,https://www.atptour.com/en/rankings/singles?dateWeek=2023-08-21&rankRange=0-5000,2026-03-22T00:50:40Z
atp,2023-08-21,RH17,Justin Roberts,Justin Roberts,844,22,https://www.atptour.com/en/rankings/singles?dateWeek=2023-08-21&rankRange=0-5000,2026-03-22T00:50:40Z
atp,2023-08-21,MP94,Adam Moundir,Adam Moundir,845,22,https://www.atptour.com/en/rankings/singles?dateWeek=2023-08-21&rankRange=0-5000,2026-03-22T00:50:40Z
atp,2023-08-21,MN23,Aleksandre Metreveli,Aleksandre Metreveli,846,22,https://www.atptour.com/en/rankings/singles?dateWeek=2023-08-21&rankRange=0-5000,2026-03-22T00:50:40Z
atp,2023-08-21,G0D9,Igor Gimenez,Igor Gimenez,847,22,https://www.atptour.com/en/rankings/singles?dateWeek=2023-08-21&rankRange=0-5000,2026-03-22T00:50:40Z
atp,2023-08-21,K0EZ,Yuta Kikuchi,Yuta Kikuchi,848,21,https://www.atptour.com/en/rankings/singles?dateWeek=2023-08-21&rankRange=0-5000,2026-03-22T00:50:40Z
atp,2023-08-21,V0DQ,Iiro Vasa,Iiro Vasa,849,21,https://www.atptour.com/en/rankings/singles?dateWeek=2023-08-21&rankRange=0-5000,2026-03-22T00:50:40Z
atp,2023-08-21,S0AO,Luke Simkiss,Luke Simkiss,850,21,https://www.atptour.com/en/rankings/singles?dateWeek=2023-08-21&rankRange=0-5000,2026-03-22T00:50:40Z
atp,2023-08-21,L0BU,Hanyi Liu,Hanyi Liu,851,21,https://www.atptour.com/en/rankings/singles?dateWeek=2023-08-21&rankRange=0-5000,2026-03-22T00:50:40Z
atp,2023-08-21,TD47,Evgenii Tiurnev,Evgenii Tiurnev,852,21,https://www.atptour.com/en/rankings/singles?dateWeek=2023-08-21&rankRange=0-5000,2026-03-22T00:50:40Z
atp,2023-08-21,B0HY,Isaac Becroft,Isaac Becroft,853,21,https://www.atptour.com/en/rankings/singles?dateWeek=2023-08-21&rankRange=0-5000,2026-03-22T00:50:40Z
atp,2023-08-21,GD91,Juan Ignacio Galarza,Juan Ignacio Galarza,854,21,https://www.atptour.com/en/rankings/singles?dateWeek=2023-08-21&rankRange=0-5000,2026-03-22T00:50:40Z
atp,2023-08-21,F0F4,Kilian Feldbausch,Kilian Feldbausch,855,21,https://www.atptour.com/en/rankings/singles?dateWeek=2023-08-21&rankRange=0-5000,2026-03-22T00:50:40Z
atp,2023-08-21,K0EL,Alexander Kotzen,Alexander Kotzen,856,21,https://www.atptour.com/en/rankings/singles?dateWeek=2023-08-21&rankRange=0-5000,2026-03-22T00:50:40Z
atp,2023-08-21,L0DE,Raphael Lambling,Raphael Lambling,857,21,https://www.atptour.com/en/rankings/singles?dateWeek=2023-08-21&rankRange=0-5000,2026-03-22T00:50:40Z
atp,2023-08-21,B0Q9,Andrea Bacaloni,Andrea Bacaloni,858,21,https://www.atptour.com/en/rankings/singles?dateWeek=2023-08-21&rankRange=0-5000,2026-03-22T00:50:40Z
atp,2023-08-21,P0KJ,Derek Pham,Derek Pham,859,21,https://www.atptour.com/en/rankings/singles?dateWeek=2023-08-21&rankRange=0-5000,2026-03-22T00:50:40Z
atp,2023-08-21,O0AI,Dusan Obradovic,Dusan Obradovic,860,21,https://www.atptour.com/en/rankings/singles?dateWeek=2023-08-21&rankRange=0-5000,2026-03-22T00:50:40Z
atp,2023-08-21,P0CU,Bruno Pujol Navarro,Bruno Pujol Navarro,861,21,https://www.atptour.com/en/rankings/singles?dateWeek=2023-08-21&rankRange=0-5000,2026-03-22T00:50:40Z
atp,2023-08-21,H0EZ,Samir Hamza Reguig,Samir Hamza Reguig,862,21,https://www.atptour.com/en/rankings/singles?dateWeek=2023-08-21&rankRange=0-5000,2026-03-22T00:50:40Z
atp,2023-08-21,I0AX,Kokoro Isomura,Kokoro Isomura,863,21,https://www.atptour.com/en/rankings/singles?dateWeek=2023-08-21&rankRange=0-5000,2026-03-22T00:50:40Z
atp,2023-08-21,KA98,Bradley Klahn,Bradley Klahn,864,20,https://www.atptour.com/en/rankings/singles?dateWeek=2023-08-21&rankRange=0-5000,2026-03-22T00:50:40Z
atp,2023-08-21,PH02,Davide Pontoglio,Davide Pontoglio,865,20,https://www.atptour.com/en/rankings/singles?dateWeek=2023-08-21&rankRange=0-5000,2026-03-22T00:50:40Z
atp,2023-08-21,M0C2,Dan Martin,Dan Martin,866,20,https://www.atptour.com/en/rankings/singles?dateWeek=2023-08-21&rankRange=0-5000,2026-03-22T00:50:40Z
atp,2023-08-21,J0C2,Jarno Jans,Jarno Jans,867,20,https://www.atptour.com/en/rankings/singles?dateWeek=2023-08-21&rankRange=0-5000,2026-03-22T00:50:40Z
atp,2023-08-21,M0SB,Koki Matsuda,Koki Matsuda,868,20,https://www.atptour.com/en/rankings/singles?dateWeek=2023-08-21&rankRange=0-5000,2026-03-22T00:50:40Z
atp,2023-08-21,HB83,Mitchell Harper,Mitchell Harper,869,20,https://www.atptour.com/en/rankings/singles?dateWeek=2023-08-21&rankRange=0-5000,2026-03-22T00:50:40Z
atp,2023-08-21,VA48,Siddharth Vishwakarma,Siddharth Vishwakarma,870,20,https://www.atptour.com/en/rankings/singles?dateWeek=2023-08-21&rankRange=0-5000,2026-03-22T00:50:40Z
atp,2023-08-21,M0EN,Manuel Mazza,Manuel Mazza,871,20,https://www.atptour.com/en/rankings/singles?dateWeek=2023-08-21&rankRange=0-5000,2026-03-22T00:50:40Z
atp,2023-08-21,PM12,Nicolas Parizzia,Nicolas Parizzia,872,20,https://www.atptour.com/en/rankings/singles?dateWeek=2023-08-21&rankRange=0-5000,2026-03-22T00:50:40Z
atp,2023-08-21,L0G5,Joao Victor Couto Loureiro,Joao Victor Couto Loureiro,873,20,https://www.atptour.com/en/rankings/singles?dateWeek=2023-08-21&rankRange=0-5000,2026-03-22T00:50:40Z
atp,2023-08-21,TB70,Wishaya Trongcharoenchaikul,Wishaya Trongcharoenchaikul,874,20,https://www.atptour.com/en/rankings/singles?dateWeek=2023-08-21&rankRange=0-5000,2026-03-22T00:50:40Z
atp,2023-08-21,GF20,Davide Galoppini,Davide Galoppini,875,20,https://www.atptour.com/en/rankings/singles?dateWeek=2023-08-21&rankRange=0-5000,2026-03-22T00:50:40Z
atp,2023-08-21,N0BE,Adam Neff,Adam Neff,876,19,https://www.atptour.com/en/rankings/singles?dateWeek=2023-08-21&rankRange=0-5000,2026-03-22T00:50:40Z
atp,2023-08-21,N0DY,Fnu Nidunjianzan,Fnu Nidunjianzan,877,19,https://www.atptour.com/en/rankings/singles?dateWeek=2023-08-21&rankRange=0-5000,2026-03-22T00:50:40Z
atp,2023-08-21,P0B6,Savva Polukhin,Savva Polukhin,878,19,https://www.atptour.com/en/rankings/singles?dateWeek=2023-08-21&rankRange=0-5000,2026-03-22T00:50:40Z
atp,2023-08-21,KE69,Mariano Kestelboim,Mariano Kestelboim,879,19,https://www.atptour.com/en/rankings/singles?dateWeek=2023-08-21&rankRange=0-5000,2026-03-22T00:50:40Z
atp,2023-08-21,V0D0,Niels Visker,Niels Visker,880,19,https://www.atptour.com/en/rankings/singles?dateWeek=2023-08-21&rankRange=0-5000,2026-03-22T00:50:40Z
atp,2023-08-21,V0BC,Cyril Vandermeersch,Cyril Vandermeersch,881,19,https://www.atptour.com/en/rankings/singles?dateWeek=2023-08-21&rankRange=0-5000,2026-03-22T00:50:40Z
atp,2023-08-21,VA27,Mick Veldheer,Mick Veldheer,882,19,https://www.atptour.com/en/rankings/singles?dateWeek=2023-08-21&rankRange=0-5000,2026-03-22T00:50:40Z
atp,2023-08-21,WB36,Chukang Wang,Chukang Wang,883,19,https://www.atptour.com/en/rankings/singles?dateWeek=2023-08-21&rankRange=0-5000,2026-03-22T00:50:40Z
atp,2023-08-21,B0NV,Patrick Brady,Patrick Brady,884,19,https://www.atptour.com/en/rankings/singles?dateWeek=2023-08-21&rankRange=0-5000,2026-03-22T00:50:40Z
atp,2023-08-21,A0E6,Bekkhan Atlangeriev,Bekkhan Atlangeriev,885,19,https://www.atptour.com/en/rankings/singles?dateWeek=2023-08-21&rankRange=0-5000,2026-03-22T00:50:40Z
atp,2023-08-21,I416,Yuichiro Inui,Yuichiro Inui,886,19,https://www.atptour.com/en/rankings/singles?dateWeek=2023-08-21&rankRange=0-5000,2026-03-22T00:50:40Z
atp,2023-08-21,B0EK,Moerani Bouzige,Moerani Bouzige,887,19,https://www.atptour.com/en/rankings/singles?dateWeek=2023-08-21&rankRange=0-5000,2026-03-22T00:50:40Z
atp,2023-08-21,N724,Gabriele Maria Noce,Gabriele Maria Noce,888,19,https://www.atptour.com/en/rankings/singles?dateWeek=2023-08-21&rankRange=0-5000,2026-03-22T00:50:40Z
atp,2023-08-21,T0GR,Oliver Tarvet,Oliver Tarvet,889,18,https://www.atptour.com/en/rankings/singles?dateWeek=2023-08-21&rankRange=0-5000,2026-03-22T00:50:40Z
atp,2023-08-21,G858,Ernests Gulbis,Ernests Gulbis,890,18,https://www.atptour.com/en/rankings/singles?dateWeek=2023-08-21&rankRange=0-5000,2026-03-22T00:50:40Z
atp,2023-08-21,R0IL,Iliyan Radulov,Iliyan Radulov,891,18,https://www.atptour.com/en/rankings/singles?dateWeek=2023-08-21&rankRange=0-5000,2026-03-22T00:50:40Z
atp,2023-08-21,S0DH,Roy Smith,Roy Smith,892,18,https://www.atptour.com/en/rankings/singles?dateWeek=2023-08-21&rankRange=0-5000,2026-03-22T00:50:40Z
atp,2023-08-21,E858,Franco Emanuel Egea,Franco Emanuel Egea,893,18,https://www.atptour.com/en/rankings/singles?dateWeek=2023-08-21&rankRange=0-5000,2026-03-22T00:50:40Z
atp,2023-08-21,Y0AT,Jimmy Yang,Jimmy Yang,894,18,https://www.atptour.com/en/rankings/singles?dateWeek=2023-08-21&rankRange=0-5000,2026-03-22T00:50:40Z
atp,2023-08-21,P0GN,Tom Paris,Tom Paris,895,18,https://www.atptour.com/en/rankings/singles?dateWeek=2023-08-21&rankRange=0-5000,2026-03-22T00:50:40Z
atp,2023-08-21,RB49,Lucas Renard,Lucas Renard,896,18,https://www.atptour.com/en/rankings/singles?dateWeek=2023-08-21&rankRange=0-5000,2026-03-22T00:50:40Z
atp,2023-08-21,B0GI,Alexander Binda,Alexander Binda,897,18,https://www.atptour.com/en/rankings/singles?dateWeek=2023-08-21&rankRange=0-5000,2026-03-22T00:50:40Z
atp,2023-08-21,L0GR,Juan Manuel La Serna,Juan Manuel La Serna,898,18,https://www.atptour.com/en/rankings/singles?dateWeek=2023-08-21&rankRange=0-5000,2026-03-22T00:50:40Z
atp,2023-08-21,N934,Kazuki Nishiwaki,Kazuki Nishiwaki,899,18,https://www.atptour.com/en/rankings/singles?dateWeek=2023-08-21&rankRange=0-5000,2026-03-22T00:50:40Z
atp,2023-08-21,R0AI,Stefano Reitano,Stefano Reitano,900,18,https://www.atptour.com/en/rankings/singles?dateWeek=2023-08-21&rankRange=0-5000,2026-03-22T00:50:40Z
atp,2023-08-21,B0MG,Nicolas Buitrago,Nicolas Buitrago,901,18,https://www.atptour.com/en/rankings/singles?dateWeek=2023-08-21&rankRange=0-5000,2026-03-22T00:50:40Z
atp,2023-08-21,Z09W,Leopold Zima,Leopold Zima,902,18,https://www.atptour.com/en/rankings/singles?dateWeek=2023-08-21&rankRange=0-5000,2026-03-22T00:50:40Z
atp,2023-08-21,S0JH,Filippo Speziali,Filippo Speziali,903,18,https://www.atptour.com/en/rankings/singles?dateWeek=2023-08-21&rankRange=0-5000,2026-03-22T00:50:40Z
atp,2023-08-21,BH80,Andrea Basso,Andrea Basso,904,17,https://www.atptour.com/en/rankings/singles?dateWeek=2023-08-21&rankRange=0-5000,2026-03-22T00:50:40Z
atp,2023-08-21,MO55,Lucas Miedler,Lucas Miedler,905,17,https://www.atptour.com/en/rankings/singles?dateWeek=2023-08-21&rankRange=0-5000,2026-03-22T00:50:40Z
atp,2023-08-21,B0C7,Justin Barki,Justin Barki,906,17,https://www.atptour.com/en/rankings/singles?dateWeek=2023-08-21&rankRange=0-5000,2026-03-22T00:50:40Z
atp,2023-08-21,N0D9,Jakub Nicod,Jakub Nicod,907,17,https://www.atptour.com/en/rankings/singles?dateWeek=2023-08-21&rankRange=0-5000,2026-03-22T00:50:40Z
atp,2023-08-21,R09T,Alexandre Reco,Alexandre Reco,908,17,https://www.atptour.com/en/rankings/singles?dateWeek=2023-08-21&rankRange=0-5000,2026-03-22T00:50:40Z
atp,2023-08-21,RH88,Alan Fernando Rubio Fierros,Alan Fernando Rubio Fierros,909,17,https://www.atptour.com/en/rankings/singles?dateWeek=2023-08-21&rankRange=0-5000,2026-03-22T00:50:40Z
atp,2023-08-21,B0E4,Mateo Barreiros Reyes,Mateo Barreiros Reyes,910,17,https://www.atptour.com/en/rankings/singles?dateWeek=2023-08-21&rankRange=0-5000,2026-03-22T00:50:40Z
atp,2023-08-21,A0IE,Seydina Andre,Seydina Andre,911,17,https://www.atptour.com/en/rankings/singles?dateWeek=2023-08-21&rankRange=0-5000,2026-03-22T00:50:40Z
atp,2023-08-21,X01A,Linang Xiao,Linang Xiao,912,17,https://www.atptour.com/en/rankings/singles?dateWeek=2023-08-21&rankRange=0-5000,2026-03-22T00:50:40Z
atp,2023-08-21,H0EI,Millen Hurrion,Millen Hurrion,913,17,https://www.atptour.com/en/rankings/singles?dateWeek=2023-08-21&rankRange=0-5000,2026-03-22T00:50:40Z
atp,2023-08-21,F0FF,Philip Florig,Philip Florig,914,17,https://www.atptour.com/en/rankings/singles?dateWeek=2023-08-21&rankRange=0-5000,2026-03-22T00:50:40Z
atp,2023-08-21,F0C4,Diego Fernandez Flores,Diego Fernandez Flores,915,17,https://www.atptour.com/en/rankings/singles?dateWeek=2023-08-21&rankRange=0-5000,2026-03-22T00:50:40Z
atp,2023-08-21,DC83,Gabriel Donev,Gabriel Donev,916,17,https://www.atptour.com/en/rankings/singles?dateWeek=2023-08-21&rankRange=0-5000,2026-03-22T00:50:40Z
atp,2023-08-21,Z350,Michael Zhu,Michael Zhu,917,17,https://www.atptour.com/en/rankings/singles?dateWeek=2023-08-21&rankRange=0-5000,2026-03-22T00:50:40Z
atp,2023-08-21,S0IN,Woobin Shin,Woobin Shin,918,17,https://www.atptour.com/en/rankings/singles?dateWeek=2023-08-21&rankRange=0-5000,2026-03-22T00:50:40Z
atp,2023-08-21,E0BO,Nino Ehrenschneider,Nino Ehrenschneider,919,16,https://www.atptour.com/en/rankings/singles?dateWeek=2023-08-21&rankRange=0-5000,2026-03-22T00:50:40Z
atp,2023-08-21,K776,Konstantin Kravchuk,Konstantin Kravchuk,920,16,https://www.atptour.com/en/rankings/singles?dateWeek=2023-08-21&rankRange=0-5000,2026-03-22T00:50:40Z
atp,2023-08-21,SP24,Brayden Schnur,Brayden Schnur,921,16,https://www.atptour.com/en/rankings/singles?dateWeek=2023-08-21&rankRange=0-5000,2026-03-22T00:50:40Z
atp,2023-08-21,V0G2,Amit Vales,Amit Vales,922,16,https://www.atptour.com/en/rankings/singles?dateWeek=2023-08-21&rankRange=0-5000,2026-03-22T00:50:40Z
atp,2023-08-21,EA31,Melios Efstathiou,Melios Efstathiou,923,16,https://www.atptour.com/en/rankings/singles?dateWeek=2023-08-21&rankRange=0-5000,2026-03-22T00:50:40Z
atp,2023-08-21,B09K,Oleksandr Bielinskyi,Oleksandr Bielinskyi,924,16,https://www.atptour.com/en/rankings/singles?dateWeek=2023-08-21&rankRange=0-5000,2026-03-22T00:50:40Z
atp,2023-08-21,B0I2,Kalman L. Boyd,Kalman L. Boyd,925,16,https://www.atptour.com/en/rankings/singles?dateWeek=2023-08-21&rankRange=0-5000,2026-03-22T00:50:40Z
atp,2023-08-21,L0BH,Jaycer Lyeons,Jaycer Lyeons,926,16,https://www.atptour.com/en/rankings/singles?dateWeek=2023-08-21&rankRange=0-5000,2026-03-22T00:50:40Z
atp,2023-08-21,KE36,Dominik Kellovsky,Dominik Kellovsky,927,16,https://www.atptour.com/en/rankings/singles?dateWeek=2023-08-21&rankRange=0-5000,2026-03-22T00:50:40Z
atp,2023-08-21,N0AF,Arvid Nordquist,Arvid Nordquist,928,16,https://www.atptour.com/en/rankings/singles?dateWeek=2023-08-21&rankRange=0-5000,2026-03-22T00:50:40Z
atp,2023-08-21,L0BY,Lewie Lane,Lewie Lane,929,16,https://www.atptour.com/en/rankings/singles?dateWeek=2023-08-21&rankRange=0-5000,2026-03-22T00:50:40Z
atp,2023-08-21,I411,Johannes Ingildsen,Johannes Ingildsen,930,16,https://www.atptour.com/en/rankings/singles?dateWeek=2023-08-21&rankRange=0-5000,2026-03-22T00:50:40Z
atp,2023-08-21,S0EX,Hamish Stewart,Hamish Stewart,931,16,https://www.atptour.com/en/rankings/singles?dateWeek=2023-08-21&rankRange=0-5000,2026-03-22T00:50:40Z
atp,2023-08-21,SY50,Nitin Kumar Sinha,Nitin Kumar Sinha,932,16,https://www.atptour.com/en/rankings/singles?dateWeek=2023-08-21&rankRange=0-5000,2026-03-22T00:50:40Z
atp,2023-08-21,SE73,Yuichi Sugita,Yuichi Sugita,933,15,https://www.atptour.com/en/rankings/singles?dateWeek=2023-08-21&rankRange=0-5000,2026-03-22T00:50:40Z
atp,2023-08-21,H09W,Jordan Hasson,Jordan Hasson,934,15,https://www.atptour.com/en/rankings/singles?dateWeek=2023-08-21&rankRange=0-5000,2026-03-22T00:50:40Z
atp,2023-08-21,A0IH,Jack Anthrop,Jack Anthrop,935,15,https://www.atptour.com/en/rankings/singles?dateWeek=2023-08-21&rankRange=0-5000,2026-03-22T00:50:40Z
atp,2023-08-21,H999,Gabriel Alejandro Hidalgo,Gabriel Alejandro Hidalgo,936,15,https://www.atptour.com/en/rankings/singles?dateWeek=2023-08-21&rankRange=0-5000,2026-03-22T00:50:40Z
atp,2023-08-21,W749,Enzo Wallart,Enzo Wallart,937,15,https://www.atptour.com/en/rankings/singles?dateWeek=2023-08-21&rankRange=0-5000,2026-03-22T00:50:40Z
atp,2023-08-21,B0D6,Taha Baadi,Taha Baadi,938,15,https://www.atptour.com/en/rankings/singles?dateWeek=2023-08-21&rankRange=0-5000,2026-03-22T00:50:40Z
atp,2023-08-21,S0KI,Sahar Simon,Sahar Simon,939,15,https://www.atptour.com/en/rankings/singles?dateWeek=2023-08-21&rankRange=0-5000,2026-03-22T00:50:40Z
atp,2023-08-21,M0K2,Pietro Marino,Pietro Marino,940,15,https://www.atptour.com/en/rankings/singles?dateWeek=2023-08-21&rankRange=0-5000,2026-03-22T00:50:40Z
atp,2023-08-21,B0JN,Thomas Braithwaite,Thomas Braithwaite,941,15,https://www.atptour.com/en/rankings/singles?dateWeek=2023-08-21&rankRange=0-5000,2026-03-22T00:50:40Z
atp,2023-08-21,F902,Jesse Flores,Jesse Flores,942,15,https://www.atptour.com/en/rankings/singles?dateWeek=2023-08-21&rankRange=0-5000,2026-03-22T00:50:40Z
atp,2023-08-21,CI19,A.J. Catanzariti,A.j. Catanzariti,943,15,https://www.atptour.com/en/rankings/singles?dateWeek=2023-08-21&rankRange=0-5000,2026-03-22T00:50:40Z
atp,2023-08-21,S0GF,Maik Steiner,Maik Steiner,944,15,https://www.atptour.com/en/rankings/singles?dateWeek=2023-08-21&rankRange=0-5000,2026-03-22T00:50:40Z
atp,2023-08-21,A0ES,Pedro Araujo,Pedro Araujo,945,15,https://www.atptour.com/en/rankings/singles?dateWeek=2023-08-21&rankRange=0-5000,2026-03-22T00:50:40Z
atp,2023-08-21,A0IA,Erik Arutiunian,Erik Arutiunian,946,15,https://www.atptour.com/en/rankings/singles?dateWeek=2023-08-21&rankRange=0-5000,2026-03-22T00:50:40Z
atp,2023-08-21,KE85,Kazuma Kawachi,Kazuma Kawachi,947,15,https://www.atptour.com/en/rankings/singles?dateWeek=2023-08-21&rankRange=0-5000,2026-03-22T00:50:40Z
atp,2023-08-21,J732,Ben Jones,Ben Jones,948,15,https://www.atptour.com/en/rankings/singles?dateWeek=2023-08-21&rankRange=0-5000,2026-03-22T00:50:40Z
atp,2023-08-21,A0GQ,Wissam Abderrahman,Wissam Abderrahman,949,15,https://www.atptour.com/en/rankings/singles?dateWeek=2023-08-21&rankRange=0-5000,2026-03-22T00:50:40Z
atp,2023-08-21,MO35,Calin Manda,Calin Manda,950,15,https://www.atptour.com/en/rankings/singles?dateWeek=2023-08-21&rankRange=0-5000,2026-03-22T00:50:40Z
atp,2023-08-21,BF55,Yuki Bhambri,Yuki Bhambri,951,14,https://www.atptour.com/en/rankings/singles?dateWeek=2023-08-21&rankRange=0-5000,2026-03-22T00:50:40Z
atp,2023-08-21,MB53,Adrian Menendez-Maceiras,Adrian Menendez Maceiras,952,14,https://www.atptour.com/en/rankings/singles?dateWeek=2023-08-21&rankRange=0-5000,2026-03-22T00:50:40Z
atp,2023-08-21,MW84,John McNally,John Mcnally,953,14,https://www.atptour.com/en/rankings/singles?dateWeek=2023-08-21&rankRange=0-5000,2026-03-22T00:50:40Z
atp,2023-08-21,CF07,Hong Chung,Hong Chung,954,14,https://www.atptour.com/en/rankings/singles?dateWeek=2023-08-21&rankRange=0-5000,2026-03-22T00:50:40Z
atp,2023-08-21,S0JB,Noah Schachter,Noah Schachter,955,14,https://www.atptour.com/en/rankings/singles?dateWeek=2023-08-21&rankRange=0-5000,2026-03-22T00:50:40Z
atp,2023-08-21,J468,Alexandru Jecan,Alexandru Jecan,958,14,https://www.atptour.com/en/rankings/singles?dateWeek=2023-08-21&rankRange=0-5000,2026-03-22T00:50:40Z
atp,2023-08-21,S0GU,Yannik Steinegger,Yannik Steinegger,959,14,https://www.atptour.com/en/rankings/singles?dateWeek=2023-08-21&rankRange=0-5000,2026-03-22T00:50:40Z
atp,2023-08-21,R0CG,Finn Reynolds,Finn Reynolds,960,14,https://www.atptour.com/en/rankings/singles?dateWeek=2023-08-21&rankRange=0-5000,2026-03-22T00:50:40Z
atp,2023-08-21,N824,Pavel Nejedly,Pavel Nejedly,961,14,https://www.atptour.com/en/rankings/singles?dateWeek=2023-08-21&rankRange=0-5000,2026-03-22T00:50:40Z
atp,2023-08-21,D0DB,Pierre Delage,Pierre Delage,962,14,https://www.atptour.com/en/rankings/singles?dateWeek=2023-08-21&rankRange=0-5000,2026-03-22T00:50:40Z
atp,2023-08-21,L0G1,Noah Lopez,Noah Lopez,963,14,https://www.atptour.com/en/rankings/singles?dateWeek=2023-08-21&rankRange=0-5000,2026-03-22T00:50:40Z
atp,2023-08-21,E928,Alexander Erler,Alexander Erler,964,13,https://www.atptour.com/en/rankings/singles?dateWeek=2023-08-21&rankRange=0-5000,2026-03-22T00:50:40Z
atp,2023-08-21,V0E3,Jeffrey Von Der Schulenburg,Jeffrey Von Der Schulenburg,965,13,https://www.atptour.com/en/rankings/singles?dateWeek=2023-08-21&rankRange=0-5000,2026-03-22T00:50:40Z
atp,2023-08-21,FC25,Boris Fassbender,Boris Fassbender,966,13,https://www.atptour.com/en/rankings/singles?dateWeek=2023-08-21&rankRange=0-5000,2026-03-22T00:50:40Z
atp,2023-08-21,W741,Aoran Wang,Aoran Wang,967,13,https://www.atptour.com/en/rankings/singles?dateWeek=2023-08-21&rankRange=0-5000,2026-03-22T00:50:40Z
atp,2023-08-21,LC58,Tomas Lipovsek Puches,Tomas Lipovsek Puches,968,13,https://www.atptour.com/en/rankings/singles?dateWeek=2023-08-21&rankRange=0-5000,2026-03-22T00:50:40Z
atp,2023-08-21,RA43,Maciej Rajski,Maciej Rajski,969,13,https://www.atptour.com/en/rankings/singles?dateWeek=2023-08-21&rankRange=0-5000,2026-03-22T00:50:40Z
atp,2023-08-21,K0C5,Admir Kalender,Admir Kalender,970,13,https://www.atptour.com/en/rankings/singles?dateWeek=2023-08-21&rankRange=0-5000,2026-03-22T00:50:40Z
atp,2023-08-21,BU34,Jeremy Beale,Jeremy Beale,971,13,https://www.atptour.com/en/rankings/singles?dateWeek=2023-08-21&rankRange=0-5000,2026-03-22T00:50:40Z
atp,2023-08-21,V0G6,Leo Vithoontien,Leo Vithoontien,972,13,https://www.atptour.com/en/rankings/singles?dateWeek=2023-08-21&rankRange=0-5000,2026-03-22T00:50:40Z
atp,2023-08-21,PL69,Kody Pearson,Kody Pearson,973,13,https://www.atptour.com/en/rankings/singles?dateWeek=2023-08-21&rankRange=0-5000,2026-03-22T00:50:40Z
atp,2023-08-21,WB23,Warren Wood,Warren Wood,974,13,https://www.atptour.com/en/rankings/singles?dateWeek=2023-08-21&rankRange=0-5000,2026-03-22T00:50:40Z
atp,2023-08-21,D0HX,Dylan Dietrich,Dylan Dietrich,975,13,https://www.atptour.com/en/rankings/singles?dateWeek=2023-08-21&rankRange=0-5000,2026-03-22T00:50:40Z
atp,2023-08-21,AD04,Sarp Agabigun,Sarp Agabigun,976,13,https://www.atptour.com/en/rankings/singles?dateWeek=2023-08-21&rankRange=0-5000,2026-03-22T00:50:40Z
atp,2023-08-21,L0B7,Kai Lemstra,Kai Lemstra,977,13,https://www.atptour.com/en/rankings/singles?dateWeek=2023-08-21&rankRange=0-5000,2026-03-22T00:50:40Z
atp,2023-08-21,SY74,Manish Sureshkumar,Manish Sureshkumar,978,13,https://www.atptour.com/en/rankings/singles?dateWeek=2023-08-21&rankRange=0-5000,2026-03-22T00:50:40Z
atp,2023-08-21,M0AA,Cayetano March,Cayetano March,979,13,https://www.atptour.com/en/rankings/singles?dateWeek=2023-08-21&rankRange=0-5000,2026-03-22T00:50:40Z
atp,2023-08-21,B0DJ,Illya Beloborodko,Illya Beloborodko,980,13,https://www.atptour.com/en/rankings/singles?dateWeek=2023-08-21&rankRange=0-5000,2026-03-22T00:50:40Z
atp,2023-08-21,RH21,Gianni Ross,Gianni Ross,981,13,https://www.atptour.com/en/rankings/singles?dateWeek=2023-08-21&rankRange=0-5000,2026-03-22T00:50:40Z
atp,2023-08-21,B0G6,Preston Brown,Preston Brown,982,13,https://www.atptour.com/en/rankings/singles?dateWeek=2023-08-21&rankRange=0-5000,2026-03-22T00:50:40Z
atp,2023-08-21,BL61,Filip Bergevi,Filip Bergevi,983,12,https://www.atptour.com/en/rankings/singles?dateWeek=2023-08-21&rankRange=0-5000,2026-03-22T00:50:40Z
atp,2023-08-21,DE12,Karol Drzewiecki,Karol Drzewiecki,984,12,https://www.atptour.com/en/rankings/singles?dateWeek=2023-08-21&rankRange=0-5000,2026-03-22T00:50:40Z
atp,2023-08-21,PM13,Michail Pervolarakis,Michail Pervolarakis,985,12,https://www.atptour.com/en/rankings/singles?dateWeek=2023-08-21&rankRange=0-5000,2026-03-22T00:50:40Z
atp,2023-08-21,R0IB,Maxence Rivet,Maxence Rivet,988,12,https://www.atptour.com/en/rankings/singles?dateWeek=2023-08-21&rankRange=0-5000,2026-03-22T00:50:40Z
atp,2023-08-21,H0AY,George Houghton,George Houghton,989,12,https://www.atptour.com/en/rankings/singles?dateWeek=2023-08-21&rankRange=0-5000,2026-03-22T00:50:40Z
atp,2023-08-21,C0KH,Julio Cesar Porras,Julio Cesar Porras,990,12,https://www.atptour.com/en/rankings/singles?dateWeek=2023-08-21&rankRange=0-5000,2026-03-22T00:50:40Z
atp,2023-08-21,E0CL,Ron Ellouck,Ron Ellouck,991,12,https://www.atptour.com/en/rankings/singles?dateWeek=2023-08-21&rankRange=0-5000,2026-03-22T00:50:40Z
atp,2023-08-21,W0DD,Cooper Williams,Cooper Williams,992,12,https://www.atptour.com/en/rankings/singles?dateWeek=2023-08-21&rankRange=0-5000,2026-03-22T00:50:40Z
atp,2023-08-21,S0T1,Joao Eduardo Schiessl,Joao Eduardo Schiessl,993,12,https://www.atptour.com/en/rankings/singles?dateWeek=2023-08-21&rankRange=0-5000,2026-03-22T00:50:40Z
atp,2023-08-21,S0LT,Daniel Siniakov,Daniel Siniakov,994,12,https://www.atptour.com/en/rankings/singles?dateWeek=2023-08-21&rankRange=0-5000,2026-03-22T00:50:40Z
atp,2023-08-21,KI10,Chad Kissell,Chad Kissell,995,12,https://www.atptour.com/en/rankings/singles?dateWeek=2023-08-21&rankRange=0-5000,2026-03-22T00:50:40Z
atp,2023-08-21,F824,Connor Farren,Connor Farren,996,12,https://www.atptour.com/en/rankings/singles?dateWeek=2023-08-21&rankRange=0-5000,2026-03-22T00:50:40Z
atp,2023-08-21,N0BU,Daniel Antonio Nunez,Daniel Antonio Nunez,997,12,https://www.atptour.com/en/rankings/singles?dateWeek=2023-08-21&rankRange=0-5000,2026-03-22T00:50:40Z
atp,2023-08-21,T0A0,Sheng Tang,Sheng Tang,998,12,https://www.atptour.com/en/rankings/singles?dateWeek=2023-08-21&rankRange=0-5000,2026-03-22T00:50:40Z
atp,2023-08-21,P0HY,Samuele Pieri,Samuele Pieri,999,12,https://www.atptour.com/en/rankings/singles?dateWeek=2023-08-21&rankRange=0-5000,2026-03-22T00:50:40Z
atp,2023-08-21,N0CA,Nikolay Nedelchev,Nikolay Nedelchev,1000,12,https://www.atptour.com/en/rankings/singles?dateWeek=2023-08-21&rankRange=0-5000,2026-03-22T00:50:40Z
atp,2023-08-21,P0FF,Lukas Palovic,Lukas Palovic,1001,12,https://www.atptour.com/en/rankings/singles?dateWeek=2023-08-21&rankRange=0-5000,2026-03-22T00:50:40Z
atp,2023-08-21,TC87,Jonas Trinker,Jonas Trinker,1002,12,https://www.atptour.com/en/rankings/singles?dateWeek=2023-08-21&rankRange=0-5000,2026-03-22T00:50:40Z
atp,2023-08-21,D0C2,Dax Donders,Dax Donders,1003,12,https://www.atptour.com/en/rankings/singles?dateWeek=2023-08-21&rankRange=0-5000,2026-03-22T00:50:40Z
atp,2023-08-21,B0JE,Max Basing,Max Basing,1004,11,https://www.atptour.com/en/rankings/singles?dateWeek=2023-08-21&rankRange=0-5000,2026-03-22T00:50:40Z
atp,2023-08-21,P0G6,Henry Patten,Henry Patten,1005,11,https://www.atptour.com/en/rankings/singles?dateWeek=2023-08-21&rankRange=0-5000,2026-03-22T00:50:40Z
atp,2023-08-21,Z239,Federico Zeballos,Federico Zeballos,1006,11,https://www.atptour.com/en/rankings/singles?dateWeek=2023-08-21&rankRange=0-5000,2026-03-22T00:50:40Z
atp,2023-08-21,LH70,Kuan-Yi Lee,Kuan Yi Lee,1007,11,https://www.atptour.com/en/rankings/singles?dateWeek=2023-08-21&rankRange=0-5000,2026-03-22T00:50:40Z
atp,2023-08-21,S0V8,Ofek Shimanov,Ofek Shimanov,1010,11,https://www.atptour.com/en/rankings/singles?dateWeek=2023-08-21&rankRange=0-5000,2026-03-22T00:50:40Z
atp,2023-08-21,B0I6,Samir Banerjee,Samir Banerjee,1011,11,https://www.atptour.com/en/rankings/singles?dateWeek=2023-08-21&rankRange=0-5000,2026-03-22T00:50:40Z
atp,2023-08-21,V0EM,Fons Van Sambeek,Fons Van Sambeek,1012,11,https://www.atptour.com/en/rankings/singles?dateWeek=2023-08-21&rankRange=0-5000,2026-03-22T00:50:40Z
atp,2023-08-21,S0N4,Dylan Salton,Dylan Salton,1015,11,https://www.atptour.com/en/rankings/singles?dateWeek=2023-08-21&rankRange=0-5000,2026-03-22T00:50:40Z
atp,2023-08-21,KF06,Aziz Kijametovic,Aziz Kijametovic,1016,11,https://www.atptour.com/en/rankings/singles?dateWeek=2023-08-21&rankRange=0-5000,2026-03-22T00:50:40Z
atp,2023-08-21,S0UV,Rei Sakamoto,Rei Sakamoto,1017,11,https://www.atptour.com/en/rankings/singles?dateWeek=2023-08-21&rankRange=0-5000,2026-03-22T00:50:40Z
atp,2023-08-21,B0LQ,Petr Bar Biryukov,Petr Bar Biryukov,1018,11,https://www.atptour.com/en/rankings/singles?dateWeek=2023-08-21&rankRange=0-5000,2026-03-22T00:50:40Z
atp,2023-08-21,B0E8,Stefano Battaglino,Stefano Battaglino,1019,11,https://www.atptour.com/en/rankings/singles?dateWeek=2023-08-21&rankRange=0-5000,2026-03-22T00:50:40Z
atp,2023-08-21,SX77,Isaiah Strode,Isaiah Strode,1020,11,https://www.atptour.com/en/rankings/singles?dateWeek=2023-08-21&rankRange=0-5000,2026-03-22T00:50:40Z
atp,2023-08-21,VA67,Valentin Vanta,Valentin Vanta,1021,11,https://www.atptour.com/en/rankings/singles?dateWeek=2023-08-21&rankRange=0-5000,2026-03-22T00:50:40Z
atp,2023-08-21,R0D3,Andrew Rogers,Andrew Rogers,1022,11,https://www.atptour.com/en/rankings/singles?dateWeek=2023-08-21&rankRange=0-5000,2026-03-22T00:50:40Z
atp,2023-08-21,K0C9,Mac Kiger,Mac Kiger,1023,11,https://www.atptour.com/en/rankings/singles?dateWeek=2023-08-21&rankRange=0-5000,2026-03-22T00:50:40Z
atp,2023-08-21,Y0A8,Taiyo Yamanaka,Taiyo Yamanaka,1024,11,https://www.atptour.com/en/rankings/singles?dateWeek=2023-08-21&rankRange=0-5000,2026-03-22T00:50:40Z
atp,2023-08-21,U0A3,Matthias Ujvary,Matthias Ujvary,1025,11,https://www.atptour.com/en/rankings/singles?dateWeek=2023-08-21&rankRange=0-5000,2026-03-22T00:50:40Z
atp,2023-08-21,P0CY,Stefan Palosi,Stefan Palosi,1026,11,https://www.atptour.com/en/rankings/singles?dateWeek=2023-08-21&rankRange=0-5000,2026-03-22T00:50:40Z
atp,2023-08-21,B0G4,Gabriele Bosio,Gabriele Bosio,1027,11,https://www.atptour.com/en/rankings/singles?dateWeek=2023-08-21&rankRange=0-5000,2026-03-22T00:50:40Z
atp,2023-08-21,O0BR,Daniil Ostapenkov,Daniil Ostapenkov,1028,11,https://www.atptour.com/en/rankings/singles?dateWeek=2023-08-21&rankRange=0-5000,2026-03-22T00:50:40Z
atp,2023-08-21,A0AN,Cengiz Aksu,Cengiz Aksu,1029,11,https://www.atptour.com/en/rankings/singles?dateWeek=2023-08-21&rankRange=0-5000,2026-03-22T00:50:40Z
atp,2023-08-21,BU64,Nicolas Bruna,Nicolas Bruna,1030,11,https://www.atptour.com/en/rankings/singles?dateWeek=2023-08-21&rankRange=0-5000,2026-03-22T00:50:40Z
atp,2023-08-21,BU32,Lucas Bouquet,Lucas Bouquet,1031,11,https://www.atptour.com/en/rankings/singles?dateWeek=2023-08-21&rankRange=0-5000,2026-03-22T00:50:40Z
atp,2023-08-21,P0K4,Tiago Pereira,Tiago Pereira,1032,11,https://www.atptour.com/en/rankings/singles?dateWeek=2023-08-21&rankRange=0-5000,2026-03-22T00:50:40Z
atp,2023-08-21,W725,Paul Woerner,Paul Woerner,1033,11,https://www.atptour.com/en/rankings/singles?dateWeek=2023-08-21&rankRange=0-5000,2026-03-22T00:50:40Z
atp,2023-08-21,BH09,Aljaz Bedene,Aljaz Bedene,1034,10,https://www.atptour.com/en/rankings/singles?dateWeek=2023-08-21&rankRange=0-5000,2026-03-22T00:50:40Z
atp,2023-08-21,N503,Aleksandr Nedovyesov,Aleksandr Nedovyesov,1035,10,https://www.atptour.com/en/rankings/singles?dateWeek=2023-08-21&rankRange=0-5000,2026-03-22T00:50:40Z
atp,2023-08-21,CA33,Inigo Cervantes,Inigo Cervantes,1038,10,https://www.atptour.com/en/rankings/singles?dateWeek=2023-08-21&rankRange=0-5000,2026-03-22T00:50:40Z
atp,2023-08-21,G0BJ,Alejandro Garcia Carbajal,Alejandro Garcia Carbajal,1039,10,https://www.atptour.com/en/rankings/singles?dateWeek=2023-08-21&rankRange=0-5000,2026-03-22T00:50:40Z
atp,2023-08-21,S0RD,Adit Sinha,Adit Sinha,1042,10,https://www.atptour.com/en/rankings/singles?dateWeek=2023-08-21&rankRange=0-5000,2026-03-22T00:50:40Z
atp,2023-08-21,A0JA,Michael Agwi,Michael Agwi,1045,10,https://www.atptour.com/en/rankings/singles?dateWeek=2023-08-21&rankRange=0-5000,2026-03-22T00:50:40Z
atp,2023-08-21,RH69,Matthew Romios,Matthew Romios,1046,10,https://www.atptour.com/en/rankings/singles?dateWeek=2023-08-21&rankRange=0-5000,2026-03-22T00:50:40Z
atp,2023-08-21,FB18,Ben Patael,Ben Patael,1049,10,https://www.atptour.com/en/rankings/singles?dateWeek=2023-08-21&rankRange=0-5000,2026-03-22T00:50:40Z
atp,2023-08-21,BU04,Federico Bertuccioli,Federico Bertuccioli,1050,10,https://www.atptour.com/en/rankings/singles?dateWeek=2023-08-21&rankRange=0-5000,2026-03-22T00:50:40Z
atp,2023-08-21,S0E6,Stijn Slump,Stijn Slump,1051,10,https://www.atptour.com/en/rankings/singles?dateWeek=2023-08-21&rankRange=0-5000,2026-03-22T00:50:40Z
atp,2023-08-21,S0LR,John Sperle,John Sperle,1052,10,https://www.atptour.com/en/rankings/singles?dateWeek=2023-08-21&rankRange=0-5000,2026-03-22T00:50:40Z
atp,2023-08-21,R0J0,Yannik Rahman,Yannik Rahman,1053,10,https://www.atptour.com/en/rankings/singles?dateWeek=2023-08-21&rankRange=0-5000,2026-03-22T00:50:40Z
atp,2023-08-21,F0AF,Lautaro Agustin Falabella,Lautaro Agustin Falabella,1054,10,https://www.atptour.com/en/rankings/singles?dateWeek=2023-08-21&rankRange=0-5000,2026-03-22T00:50:40Z
atp,2023-08-21,L0IP,Jack Loutit,Jack Loutit,1055,10,https://www.atptour.com/en/rankings/singles?dateWeek=2023-08-21&rankRange=0-5000,2026-03-22T00:50:40Z
atp,2023-08-21,E0AB,Ishaque Eqbal,Ishaque Eqbal,1056,10,https://www.atptour.com/en/rankings/singles?dateWeek=2023-08-21&rankRange=0-5000,2026-03-22T00:50:40Z
atp,2023-08-21,LG37,Grigoriy Lomakin,Grigoriy Lomakin,1057,10,https://www.atptour.com/en/rankings/singles?dateWeek=2023-08-21&rankRange=0-5000,2026-03-22T00:50:40Z
atp,2023-08-21,M0MW,Xavi Matas Ortega,Xavi Matas Ortega,1058,10,https://www.atptour.com/en/rankings/singles?dateWeek=2023-08-21&rankRange=0-5000,2026-03-22T00:50:40Z
atp,2023-08-21,S09Y,Nathan Seateun,Nathan Seateun,1059,10,https://www.atptour.com/en/rankings/singles?dateWeek=2023-08-21&rankRange=0-5000,2026-03-22T00:50:40Z
atp,2023-08-21,D0IO,Tuncay Duran,Tuncay Duran,1060,10,https://www.atptour.com/en/rankings/singles?dateWeek=2023-08-21&rankRange=0-5000,2026-03-22T00:50:40Z
atp,2023-08-21,G0FF,Axel Garcian,Axel Garcian,1061,10,https://www.atptour.com/en/rankings/singles?dateWeek=2023-08-21&rankRange=0-5000,2026-03-22T00:50:40Z
atp,2023-08-21,E0AQ,Tom Evans,Tom Evans,1062,10,https://www.atptour.com/en/rankings/singles?dateWeek=2023-08-21&rankRange=0-5000,2026-03-22T00:50:40Z
atp,2023-08-21,C0C1,Niccolo Catini,Niccolo Catini,1063,10,https://www.atptour.com/en/rankings/singles?dateWeek=2023-08-21&rankRange=0-5000,2026-03-22T00:50:40Z
atp,2023-08-21,M0V5,Marc Majdandzic,Marc Majdandzic,1064,9,https://www.atptour.com/en/rankings/singles?dateWeek=2023-08-21&rankRange=0-5000,2026-03-22T00:50:40Z
atp,2023-08-21,TC95,Johan Tatlot,Johan Tatlot,1065,9,https://www.atptour.com/en/rankings/singles?dateWeek=2023-08-21&rankRange=0-5000,2026-03-22T00:50:40Z
atp,2023-08-21,B0PK,Jonah Braswell,Jonah Braswell,1066,9,https://www.atptour.com/en/rankings/singles?dateWeek=2023-08-21&rankRange=0-5000,2026-03-22T00:50:40Z
atp,2023-08-21,H0D9,Cleeve Harper,Cleeve Harper,1067,9,https://www.atptour.com/en/rankings/singles?dateWeek=2023-08-21&rankRange=0-5000,2026-03-22T00:50:40Z
atp,2023-08-21,J09F,Hendrik Jebens,Hendrik Jebens,1068,9,https://www.atptour.com/en/rankings/singles?dateWeek=2023-08-21&rankRange=0-5000,2026-03-22T00:50:40Z
atp,2023-08-21,W0ED,James Watt,James Watt,1069,9,https://www.atptour.com/en/rankings/singles?dateWeek=2023-08-21&rankRange=0-5000,2026-03-22T00:50:40Z
atp,2023-08-21,E0CE,Lorenzo Esquici,Lorenzo Esquici,1072,9,https://www.atptour.com/en/rankings/singles?dateWeek=2023-08-21&rankRange=0-5000,2026-03-22T00:50:40Z
atp,2023-08-21,U174,Kaito Uesugi,Kaito Uesugi,1073,9,https://www.atptour.com/en/rankings/singles?dateWeek=2023-08-21&rankRange=0-5000,2026-03-22T00:50:40Z
atp,2023-08-21,S0W4,Lorenzo Sciahbasi,Lorenzo Sciahbasi,1074,9,https://www.atptour.com/en/rankings/singles?dateWeek=2023-08-21&rankRange=0-5000,2026-03-22T00:50:40Z
atp,2023-08-21,PJ17,Boris Pokotilov,Boris Pokotilov,1075,9,https://www.atptour.com/en/rankings/singles?dateWeek=2023-08-21&rankRange=0-5000,2026-03-22T00:50:40Z
atp,2023-08-21,N830,Johan Nikles,Johan Nikles,1076,9,https://www.atptour.com/en/rankings/singles?dateWeek=2023-08-21&rankRange=0-5000,2026-03-22T00:50:40Z
atp,2023-08-21,A0EY,Walid Ahouda,Walid Ahouda,1077,9,https://www.atptour.com/en/rankings/singles?dateWeek=2023-08-21&rankRange=0-5000,2026-03-22T00:50:40Z
atp,2023-08-21,H0EB,Hunter Heck,Hunter Heck,1078,9,https://www.atptour.com/en/rankings/singles?dateWeek=2023-08-21&rankRange=0-5000,2026-03-22T00:50:40Z
atp,2023-08-21,K0KK,Alex Kuperstein,Alex Kuperstein,1079,9,https://www.atptour.com/en/rankings/singles?dateWeek=2023-08-21&rankRange=0-5000,2026-03-22T00:50:40Z
atp,2023-08-21,B0EZ,Ignacio Antonio Becerra Otarola,Ignacio Antonio Becerra Otarola,1080,9,https://www.atptour.com/en/rankings/singles?dateWeek=2023-08-21&rankRange=0-5000,2026-03-22T00:50:40Z
atp,2023-08-21,T0CH,Rafael Tosetto,Rafael Tosetto,1081,9,https://www.atptour.com/en/rankings/singles?dateWeek=2023-08-21&rankRange=0-5000,2026-03-22T00:50:40Z
atp,2023-08-21,V0E1,Zsombor Velcz,Zsombor Velcz,1082,9,https://www.atptour.com/en/rankings/singles?dateWeek=2023-08-21&rankRange=0-5000,2026-03-22T00:50:40Z
atp,2023-08-21,P0J3,Alexander Petrov,Alexander Petrov,1083,9,https://www.atptour.com/en/rankings/singles?dateWeek=2023-08-21&rankRange=0-5000,2026-03-22T00:50:40Z
atp,2023-08-21,G0D2,Andrea Gola,Andrea Gola,1084,9,https://www.atptour.com/en/rankings/singles?dateWeek=2023-08-21&rankRange=0-5000,2026-03-22T00:50:40Z
atp,2023-08-21,G0I3,Massimo Giunta,Massimo Giunta,1085,9,https://www.atptour.com/en/rankings/singles?dateWeek=2023-08-21&rankRange=0-5000,2026-03-22T00:50:40Z
atp,2023-08-21,B0EA,Alexis Boureau,Alexis Boureau,1086,9,https://www.atptour.com/en/rankings/singles?dateWeek=2023-08-21&rankRange=0-5000,2026-03-22T00:50:40Z
atp,2023-08-21,RB00,Ricardo Rodriguez - Pace,Ricardo Rodriguez Pace,1089,9,https://www.atptour.com/en/rankings/singles?dateWeek=2023-08-21&rankRange=0-5000,2026-03-22T00:50:40Z
atp,2023-08-21,D0FY,Thomas Deschamps,Thomas Deschamps,1090,9,https://www.atptour.com/en/rankings/singles?dateWeek=2023-08-21&rankRange=0-5000,2026-03-22T00:50:40Z
atp,2023-08-21,F0DZ,Tobias Franco,Tobias Franco,1091,9,https://www.atptour.com/en/rankings/singles?dateWeek=2023-08-21&rankRange=0-5000,2026-03-22T00:50:40Z
atp,2023-08-21,P09S,Benjamin Pietri,Benjamin Pietri,1092,9,https://www.atptour.com/en/rankings/singles?dateWeek=2023-08-21&rankRange=0-5000,2026-03-22T00:50:40Z
atp,2023-08-21,Y0A9,Facundo Yunis,Facundo Yunis,1095,9,https://www.atptour.com/en/rankings/singles?dateWeek=2023-08-21&rankRange=0-5000,2026-03-22T00:50:40Z
atp,2023-08-21,S0SD,Jasza Szajrych,Jasza Szajrych,1096,9,https://www.atptour.com/en/rankings/singles?dateWeek=2023-08-21&rankRange=0-5000,2026-03-22T00:50:40Z
atp,2023-08-21,C09S,Fabio Coelho,Fabio Coelho,1097,9,https://www.atptour.com/en/rankings/singles?dateWeek=2023-08-21&rankRange=0-5000,2026-03-22T00:50:40Z
atp,2023-08-21,L0I5,Mitsuki Wei Kang Leong,Mitsuki Wei Kang Leong,1098,9,https://www.atptour.com/en/rankings/singles?dateWeek=2023-08-21&rankRange=0-5000,2026-03-22T00:50:40Z
atp,2023-08-21,R0HP,Lucio Ratti,Lucio Ratti,1099,9,https://www.atptour.com/en/rankings/singles?dateWeek=2023-08-21&rankRange=0-5000,2026-03-22T00:50:40Z
atp,2023-08-21,TF57,Giuseppe Tresca,Giuseppe Tresca,1100,9,https://www.atptour.com/en/rankings/singles?dateWeek=2023-08-21&rankRange=0-5000,2026-03-22T00:50:40Z
atp,2023-08-21,FC39,Quentin Folliot,Quentin Folliot,1101,9,https://www.atptour.com/en/rankings/singles?dateWeek=2023-08-21&rankRange=0-5000,2026-03-22T00:50:40Z
atp,2023-08-21,K0HG,Milos Karol,Milos Karol,1102,9,https://www.atptour.com/en/rankings/singles?dateWeek=2023-08-21&rankRange=0-5000,2026-03-22T00:50:40Z
atp,2023-08-21,Z0C3,Maxim Zhukov,Maxim Zhukov,1103,9,https://www.atptour.com/en/rankings/singles?dateWeek=2023-08-21&rankRange=0-5000,2026-03-22T00:50:40Z
atp,2023-08-21,BM45,Domagoj Biljesko,Domagoj Biljesko,1104,9,https://www.atptour.com/en/rankings/singles?dateWeek=2023-08-21&rankRange=0-5000,2026-03-22T00:50:40Z
atp,2023-08-21,M0DW,Michal Mikula,Michal Mikula,1105,9,https://www.atptour.com/en/rankings/singles?dateWeek=2023-08-21&rankRange=0-5000,2026-03-22T00:50:40Z
atp,2023-08-21,D0HM,Matthew William Donald,Matthew William Donald,1106,9,https://www.atptour.com/en/rankings/singles?dateWeek=2023-08-21&rankRange=0-5000,2026-03-22T00:50:40Z
atp,2023-08-21,D0DC,Etienne Donnet,Etienne Donnet,1107,8,https://www.atptour.com/en/rankings/singles?dateWeek=2023-08-21&rankRange=0-5000,2026-03-22T00:50:40Z
atp,2023-08-21,P0ME,Luca Preda,Luca Preda,1108,8,https://www.atptour.com/en/rankings/singles?dateWeek=2023-08-21&rankRange=0-5000,2026-03-22T00:50:40Z
atp,2023-08-21,B0NN,Nishesh Basavareddy,Nishesh Basavareddy,1109,8,https://www.atptour.com/en/rankings/singles?dateWeek=2023-08-21&rankRange=0-5000,2026-03-22T00:50:40Z
atp,2023-08-21,T0BZ,Luciano Tacchi,Luciano Tacchi,1115,8,https://www.atptour.com/en/rankings/singles?dateWeek=2023-08-21&rankRange=0-5000,2026-03-22T00:50:40Z
atp,2023-08-21,C0HT,Murphy Cassone,Murphy Cassone,1116,8,https://www.atptour.com/en/rankings/singles?dateWeek=2023-08-21&rankRange=0-5000,2026-03-22T00:50:40Z
atp,2023-08-21,E830,Eduard Esteve Lobato,Eduard Esteve Lobato,1117,8,https://www.atptour.com/en/rankings/singles?dateWeek=2023-08-21&rankRange=0-5000,2026-03-22T00:50:40Z
atp,2023-08-21,DG67,Milan Drinic,Milan Drinic,1118,8,https://www.atptour.com/en/rankings/singles?dateWeek=2023-08-21&rankRange=0-5000,2026-03-22T00:50:40Z
atp,2023-08-21,P0BM,Tadeas Paroulek,Tadeas Paroulek,1119,8,https://www.atptour.com/en/rankings/singles?dateWeek=2023-08-21&rankRange=0-5000,2026-03-22T00:50:40Z
atp,2023-08-21,D0CF,Savriyan Danilov,Savriyan Danilov,1120,8,https://www.atptour.com/en/rankings/singles?dateWeek=2023-08-21&rankRange=0-5000,2026-03-22T00:50:40Z
atp,2023-08-21,Z09F,Patrick Zahraj,Patrick Zahraj,1121,8,https://www.atptour.com/en/rankings/singles?dateWeek=2023-08-21&rankRange=0-5000,2026-03-22T00:50:40Z
atp,2023-08-21,BV19,Yan Bondarevskiy,Yan Bondarevskiy,1122,8,https://www.atptour.com/en/rankings/singles?dateWeek=2023-08-21&rankRange=0-5000,2026-03-22T00:50:40Z
atp,2023-08-21,I327,Guy Orly Iradukunda,Guy Orly Iradukunda,1123,8,https://www.atptour.com/en/rankings/singles?dateWeek=2023-08-21&rankRange=0-5000,2026-03-22T00:50:40Z
atp,2023-08-21,Z0CQ,Yi Zhou,Yi Zhou,1124,8,https://www.atptour.com/en/rankings/singles?dateWeek=2023-08-21&rankRange=0-5000,2026-03-22T00:50:40Z
atp,2023-08-21,RD58,Dominik Recek,Dominik Recek,1125,8,https://www.atptour.com/en/rankings/singles?dateWeek=2023-08-21&rankRange=0-5000,2026-03-22T00:50:40Z
atp,2023-08-21,S09B,Mathieu Scaglia,Mathieu Scaglia,1126,8,https://www.atptour.com/en/rankings/singles?dateWeek=2023-08-21&rankRange=0-5000,2026-03-22T00:50:40Z
atp,2023-08-21,MM67,Ryotero Matsumura,Ryotero Matsumura,1127,8,https://www.atptour.com/en/rankings/singles?dateWeek=2023-08-21&rankRange=0-5000,2026-03-22T00:50:40Z
atp,2023-08-21,W0BB,Max Wiskandt,Max Wiskandt,1128,8,https://www.atptour.com/en/rankings/singles?dateWeek=2023-08-21&rankRange=0-5000,2026-03-22T00:50:40Z
atp,2023-08-21,V0F6,Nicolas Villalon,Nicolas Villalon,1129,8,https://www.atptour.com/en/rankings/singles?dateWeek=2023-08-21&rankRange=0-5000,2026-03-22T00:50:40Z
atp,2023-08-21,J540,Elio Jose Ribeiro Lago,Elio Jose Ribeiro Lago,1132,8,https://www.atptour.com/en/rankings/singles?dateWeek=2023-08-21&rankRange=0-5000,2026-03-22T00:50:40Z
atp,2023-08-21,L0DG,Aleksi Lofman,Aleksi Lofman,1133,8,https://www.atptour.com/en/rankings/singles?dateWeek=2023-08-21&rankRange=0-5000,2026-03-22T00:50:40Z
atp,2023-08-21,S09K,Gorazd Srbljak,Gorazd Srbljak,1134,8,https://www.atptour.com/en/rankings/singles?dateWeek=2023-08-21&rankRange=0-5000,2026-03-22T00:50:40Z
atp,2023-08-21,S0IV,Paulo Andre Saraiva Dos Santos,Paulo Andre Saraiva Dos Santos,1135,8,https://www.atptour.com/en/rankings/singles?dateWeek=2023-08-21&rankRange=0-5000,2026-03-22T00:50:40Z
atp,2023-08-21,A0IY,Luis Carlos Alvarez,Luis Carlos Alvarez,1136,7,https://www.atptour.com/en/rankings/singles?dateWeek=2023-08-21&rankRange=0-5000,2026-03-22T00:50:40Z
atp,2023-08-21,CO11,Simon Carr,Simon Carr,1137,7,https://www.atptour.com/en/rankings/singles?dateWeek=2023-08-21&rankRange=0-5000,2026-03-22T00:50:40Z
atp,2023-08-21,P0C1,Karl Poling,Karl Poling,1138,7,https://www.atptour.com/en/rankings/singles?dateWeek=2023-08-21&rankRange=0-5000,2026-03-22T00:50:40Z
atp,2023-08-21,E09H,Jonas Eriksson Ziverts,Jonas Eriksson Ziverts,1141,7,https://www.atptour.com/en/rankings/singles?dateWeek=2023-08-21&rankRange=0-5000,2026-03-22T00:50:40Z
atp,2023-08-21,Y235,Jumpei Yamasaki,Jumpei Yamasaki,1142,7,https://www.atptour.com/en/rankings/singles?dateWeek=2023-08-21&rankRange=0-5000,2026-03-22T00:50:40Z
atp,2023-08-21,Q941,Roberto Quiroz,Roberto Quiroz,1143,7,https://www.atptour.com/en/rankings/singles?dateWeek=2023-08-21&rankRange=0-5000,2026-03-22T00:50:40Z
atp,2023-08-21,L0DK,Joshua Lapadat,Joshua Lapadat,1144,7,https://www.atptour.com/en/rankings/singles?dateWeek=2023-08-21&rankRange=0-5000,2026-03-22T00:50:40Z
atp,2023-08-21,DH18,Guy Den Heijer,Guy Den Heijer,1151,7,https://www.atptour.com/en/rankings/singles?dateWeek=2023-08-21&rankRange=0-5000,2026-03-22T00:50:40Z
atp,2023-08-21,SM18,Kelsey Stevenson,Kelsey Stevenson,1152,7,https://www.atptour.com/en/rankings/singles?dateWeek=2023-08-21&rankRange=0-5000,2026-03-22T00:50:40Z
atp,2023-08-21,KG53,Alexander Klintcharov,Alexander Klintcharov,1153,7,https://www.atptour.com/en/rankings/singles?dateWeek=2023-08-21&rankRange=0-5000,2026-03-22T00:50:40Z
atp,2023-08-21,G0AV,Carlos Gimeno Valero,Carlos Gimeno Valero,1154,7,https://www.atptour.com/en/rankings/singles?dateWeek=2023-08-21&rankRange=0-5000,2026-03-22T00:50:40Z
atp,2023-08-21,C0GG,Keshav Chopra,Keshav Chopra,1155,7,https://www.atptour.com/en/rankings/singles?dateWeek=2023-08-21&rankRange=0-5000,2026-03-22T00:50:40Z
atp,2023-08-21,B0PE,Federico Bondioli,Federico Bondioli,1158,7,https://www.atptour.com/en/rankings/singles?dateWeek=2023-08-21&rankRange=0-5000,2026-03-22T00:50:40Z
atp,2023-08-21,V0CG,Antoine Vincent,Antoine Vincent,1159,7,https://www.atptour.com/en/rankings/singles?dateWeek=2023-08-21&rankRange=0-5000,2026-03-22T00:50:40Z
atp,2023-08-21,S0UB,Denis Spiridon,Denis Spiridon,1160,7,https://www.atptour.com/en/rankings/singles?dateWeek=2023-08-21&rankRange=0-5000,2026-03-22T00:50:40Z
atp,2023-08-21,M0RX,Kenta Miyoshi,Kenta Miyoshi,1161,7,https://www.atptour.com/en/rankings/singles?dateWeek=2023-08-21&rankRange=0-5000,2026-03-22T00:50:40Z
atp,2023-08-21,D0HZ,Mateo Del Pino,Mateo Del Pino,1164,7,https://www.atptour.com/en/rankings/singles?dateWeek=2023-08-21&rankRange=0-5000,2026-03-22T00:50:40Z
atp,2023-08-21,SO41,Ji Hoon Son,Ji Hoon Son,1167,7,https://www.atptour.com/en/rankings/singles?dateWeek=2023-08-21&rankRange=0-5000,2026-03-22T00:50:40Z
atp,2023-08-21,L0G3,Aleksandr Lobanov,Aleksandr Lobanov,1171,7,https://www.atptour.com/en/rankings/singles?dateWeek=2023-08-21&rankRange=0-5000,2026-03-22T00:50:40Z
atp,2023-08-21,Z0AK,Tyler Zink,Tyler Zink,1174,7,https://www.atptour.com/en/rankings/singles?dateWeek=2023-08-21&rankRange=0-5000,2026-03-22T00:50:40Z
atp,2023-08-21,F0F0,Romain Faucon,Romain Faucon,1175,7,https://www.atptour.com/en/rankings/singles?dateWeek=2023-08-21&rankRange=0-5000,2026-03-22T00:50:40Z
atp,2023-08-21,L0GA,Tomas Lanik,Tomas Lanik,1176,7,https://www.atptour.com/en/rankings/singles?dateWeek=2023-08-21&rankRange=0-5000,2026-03-22T00:50:40Z
atp,2023-08-21,C0FE,Jaime Caldes,Jaime Caldes,1177,7,https://www.atptour.com/en/rankings/singles?dateWeek=2023-08-21&rankRange=0-5000,2026-03-22T00:50:40Z
atp,2023-08-21,MW83,Jody Maginley,Jody Maginley,1178,7,https://www.atptour.com/en/rankings/singles?dateWeek=2023-08-21&rankRange=0-5000,2026-03-22T00:50:40Z
atp,2023-08-21,S0LF,Leonid Sheyngezikht,Leonid Sheyngezikht,1179,7,https://www.atptour.com/en/rankings/singles?dateWeek=2023-08-21&rankRange=0-5000,2026-03-22T00:50:40Z
atp,2023-08-21,Z0BL,Fares Zakaria,Fares Zakaria,1182,7,https://www.atptour.com/en/rankings/singles?dateWeek=2023-08-21&rankRange=0-5000,2026-03-22T00:50:40Z
atp,2023-08-21,B0PU,Reda Bennani,Reda Bennani,1183,6,https://www.atptour.com/en/rankings/singles?dateWeek=2023-08-21&rankRange=0-5000,2026-03-22T00:50:40Z
atp,2023-08-21,K0DV,Geun Jun Kim,Geun Jun Kim,1188,6,https://www.atptour.com/en/rankings/singles?dateWeek=2023-08-21&rankRange=0-5000,2026-03-22T00:50:40Z
atp,2023-08-21,C0JR,Ioan Alexandru Chirita,Ioan Alexandru Chirita,1189,6,https://www.atptour.com/en/rankings/singles?dateWeek=2023-08-21&rankRange=0-5000,2026-03-22T00:50:40Z
atp,2023-08-21,HA28,Filip Horansky,Filip Horansky,1190,6,https://www.atptour.com/en/rankings/singles?dateWeek=2023-08-21&rankRange=0-5000,2026-03-22T00:50:40Z
atp,2023-08-21,T0HB,Radomir Tomic,Radomir Tomic,1196,6,https://www.atptour.com/en/rankings/singles?dateWeek=2023-08-21&rankRange=0-5000,2026-03-22T00:50:40Z
atp,2023-08-21,R0AC,Alessandro Ragazzi,Alessandro Ragazzi,1197,6,https://www.atptour.com/en/rankings/singles?dateWeek=2023-08-21&rankRange=0-5000,2026-03-22T00:50:40Z
atp,2023-08-21,K0GE,Luc Koenig,Luc Koenig,1201,6,https://www.atptour.com/en/rankings/singles?dateWeek=2023-08-21&rankRange=0-5000,2026-03-22T00:50:40Z
atp,2023-08-21,P0FR,Gerard Planelles Ripoll,Gerard Planelles Ripoll,1202,6,https://www.atptour.com/en/rankings/singles?dateWeek=2023-08-21&rankRange=0-5000,2026-03-22T00:50:40Z
atp,2023-08-21,H0CU,Ronald Hohmann,Ronald Hohmann,1203,6,https://www.atptour.com/en/rankings/singles?dateWeek=2023-08-21&rankRange=0-5000,2026-03-22T00:50:40Z
atp,2023-08-21,V505,Vishnu Vardhan,Vishnu Vardhan,1204,6,https://www.atptour.com/en/rankings/singles?dateWeek=2023-08-21&rankRange=0-5000,2026-03-22T00:50:40Z
atp,2023-08-21,D0BJ,James Davis,James Davis,1216,6,https://www.atptour.com/en/rankings/singles?dateWeek=2023-08-21&rankRange=0-5000,2026-03-22T00:50:40Z
atp,2023-08-21,A943,Vasile Antonescu,Vasile Antonescu,1217,6,https://www.atptour.com/en/rankings/singles?dateWeek=2023-08-21&rankRange=0-5000,2026-03-22T00:50:40Z
atp,2023-08-21,S0JF,Roland Stuurman,Roland Stuurman,1220,6,https://www.atptour.com/en/rankings/singles?dateWeek=2023-08-21&rankRange=0-5000,2026-03-22T00:50:40Z
atp,2023-08-21,O498,Issei Okamura,Issei Okamura,1223,6,https://www.atptour.com/en/rankings/singles?dateWeek=2023-08-21&rankRange=0-5000,2026-03-22T00:50:40Z
atp,2023-08-21,M0HQ,Obrad Markovski,Obrad Markovski,1226,6,https://www.atptour.com/en/rankings/singles?dateWeek=2023-08-21&rankRange=0-5000,2026-03-22T00:50:40Z
atp,2023-08-21,B0MR,Evan Bynoe,Evan Bynoe,1229,6,https://www.atptour.com/en/rankings/singles?dateWeek=2023-08-21&rankRange=0-5000,2026-03-22T00:50:40Z
atp,2023-08-21,M0QK,Loann Massard,Loann Massard,1230,6,https://www.atptour.com/en/rankings/singles?dateWeek=2023-08-21&rankRange=0-5000,2026-03-22T00:50:40Z
atp,2023-08-21,H0GJ,Sean Hess,Sean Hess,1231,6,https://www.atptour.com/en/rankings/singles?dateWeek=2023-08-21&rankRange=0-5000,2026-03-22T00:50:40Z
atp,2023-08-21,I09E,Vladislav Ivanov,Vladislav Ivanov,1234,6,https://www.atptour.com/en/rankings/singles?dateWeek=2023-08-21&rankRange=0-5000,2026-03-22T00:50:40Z
atp,2023-08-21,C0GK,Thiago Cigarran,Thiago Cigarran,1235,6,https://www.atptour.com/en/rankings/singles?dateWeek=2023-08-21&rankRange=0-5000,2026-03-22T00:50:40Z
atp,2023-08-21,MG08,Yannick Mertens,Yannick Mertens,1242,5,https://www.atptour.com/en/rankings/singles?dateWeek=2023-08-21&rankRange=0-5000,2026-03-22T00:50:40Z
atp,2023-08-21,B0GT,Lorenzo Bresciani,Lorenzo Bresciani,1243,5,https://www.atptour.com/en/rankings/singles?dateWeek=2023-08-21&rankRange=0-5000,2026-03-22T00:50:40Z
atp,2023-08-21,AB90,Bogdan Ionut Apostol,Bogdan Ionut Apostol,1244,5,https://www.atptour.com/en/rankings/singles?dateWeek=2023-08-21&rankRange=0-5000,2026-03-22T00:50:40Z
atp,2023-08-21,A0E5,Theo Arribage,Theo Arribage,1245,5,https://www.atptour.com/en/rankings/singles?dateWeek=2023-08-21&rankRange=0-5000,2026-03-22T00:50:40Z
atp,2023-08-21,T0E9,Simeon Terziev,Simeon Terziev,1248,5,https://www.atptour.com/en/rankings/singles?dateWeek=2023-08-21&rankRange=0-5000,2026-03-22T00:50:40Z
atp,2023-08-21,S0S5,Braden Shick,Braden Shick,1252,5,https://www.atptour.com/en/rankings/singles?dateWeek=2023-08-21&rankRange=0-5000,2026-03-22T00:50:40Z
atp,2023-08-21,H0EK,Emile Hudd,Emile Hudd,1253,5,https://www.atptour.com/en/rankings/singles?dateWeek=2023-08-21&rankRange=0-5000,2026-03-22T00:50:40Z
atp,2023-08-21,P0I3,Vojtech Petr,Vojtech Petr,1254,5,https://www.atptour.com/en/rankings/singles?dateWeek=2023-08-21&rankRange=0-5000,2026-03-22T00:50:40Z
atp,2023-08-21,SK53,Yan Sabanin,Yan Sabanin,1255,5,https://www.atptour.com/en/rankings/singles?dateWeek=2023-08-21&rankRange=0-5000,2026-03-22T00:50:40Z
atp,2023-08-21,E0CK,Gabriel Evans,Gabriel Evans,1261,5,https://www.atptour.com/en/rankings/singles?dateWeek=2023-08-21&rankRange=0-5000,2026-03-22T00:50:40Z
atp,2023-08-21,BH21,Aliaksandr Bulitski,Aliaksandr Bulitski,1262,5,https://www.atptour.com/en/rankings/singles?dateWeek=2023-08-21&rankRange=0-5000,2026-03-22T00:50:40Z
atp,2023-08-21,M0E2,Matvey Minin,Matvey Minin,1263,5,https://www.atptour.com/en/rankings/singles?dateWeek=2023-08-21&rankRange=0-5000,2026-03-22T00:50:40Z
atp,2023-08-21,A0HP,Arslanbek Aitkulov,Arslanbek Aitkulov,1264,5,https://www.atptour.com/en/rankings/singles?dateWeek=2023-08-21&rankRange=0-5000,2026-03-22T00:50:40Z
atp,2023-08-21,H0D1,Adam Heinonen,Adam Heinonen,1269,5,https://www.atptour.com/en/rankings/singles?dateWeek=2023-08-21&rankRange=0-5000,2026-03-22T00:50:40Z
atp,2023-08-21,N0DR,Bryce Nakashima,Bryce Nakashima,1276,5,https://www.atptour.com/en/rankings/singles?dateWeek=2023-08-21&rankRange=0-5000,2026-03-22T00:50:40Z
atp,2023-08-21,F0BJ,Adan Freire Da Silva,Adan Freire Da Silva,1280,5,https://www.atptour.com/en/rankings/singles?dateWeek=2023-08-21&rankRange=0-5000,2026-03-22T00:50:40Z
atp,2023-08-21,D0K4,Felipe De Dios,Felipe De Dios,1286,5,https://www.atptour.com/en/rankings/singles?dateWeek=2023-08-21&rankRange=0-5000,2026-03-22T00:50:40Z
atp,2023-08-21,WA96,Jakub Wojcik,Jakub Wojcik,1287,5,https://www.atptour.com/en/rankings/singles?dateWeek=2023-08-21&rankRange=0-5000,2026-03-22T00:50:40Z
atp,2023-08-21,S0JV,Qian Sun,Qian Sun,1291,5,https://www.atptour.com/en/rankings/singles?dateWeek=2023-08-21&rankRange=0-5000,2026-03-22T00:50:40Z
atp,2023-08-21,S0I2,Jonas Schaer,Jonas Schaer,1292,5,https://www.atptour.com/en/rankings/singles?dateWeek=2023-08-21&rankRange=0-5000,2026-03-22T00:50:40Z
atp,2023-08-21,F0E4,Luca Fantini,Luca Fantini,1295,5,https://www.atptour.com/en/rankings/singles?dateWeek=2023-08-21&rankRange=0-5000,2026-03-22T00:50:40Z
atp,2023-08-21,P0HL,Pietro Pampanin,Pietro Pampanin,1296,5,https://www.atptour.com/en/rankings/singles?dateWeek=2023-08-21&rankRange=0-5000,2026-03-22T00:50:40Z
atp,2023-08-21,G0BX,Corey Gaal,Corey Gaal,1297,5,https://www.atptour.com/en/rankings/singles?dateWeek=2023-08-21&rankRange=0-5000,2026-03-22T00:50:40Z
atp,2023-08-21,CN15,Felix Corwin,Felix Corwin,1313,4,https://www.atptour.com/en/rankings/singles?dateWeek=2023-08-21&rankRange=0-5000,2026-03-22T00:50:40Z
atp,2023-08-21,CH73,Petros Chrysochos,Petros Chrysochos,1316,4,https://www.atptour.com/en/rankings/singles?dateWeek=2023-08-21&rankRange=0-5000,2026-03-22T00:50:40Z
atp,2023-08-21,S0WT,Joel Schwaerzler,Joel Schwaerzler,1317,4,https://www.atptour.com/en/rankings/singles?dateWeek=2023-08-21&rankRange=0-5000,2026-03-22T00:50:40Z
atp,2023-08-21,B0N3,Shay Bar Menahem,Shay Bar Menahem,1318,4,https://www.atptour.com/en/rankings/singles?dateWeek=2023-08-21&rankRange=0-5000,2026-03-22T00:50:40Z
atp,2023-08-21,G0BH,Roi Ginat,Roi Ginat,1337,4,https://www.atptour.com/en/rankings/singles?dateWeek=2023-08-21&rankRange=0-5000,2026-03-22T00:50:40Z
atp,2023-08-21,J267,Malek Jaziri,Malek Jaziri,1338,4,https://www.atptour.com/en/rankings/singles?dateWeek=2023-08-21&rankRange=0-5000,2026-03-22T00:50:40Z
atp,2023-08-21,LF40,Ivan Liutarevich,Ivan Liutarevich,1341,4,https://www.atptour.com/en/rankings/singles?dateWeek=2023-08-21&rankRange=0-5000,2026-03-22T00:50:40Z
atp,2023-08-21,B0QW,Leanid Boika,Leanid Boika,1342,4,https://www.atptour.com/en/rankings/singles?dateWeek=2023-08-21&rankRange=0-5000,2026-03-22T00:50:40Z
atp,2023-08-21,I0B6,Paul Inchauspe,Paul Inchauspe,1374,4,https://www.atptour.com/en/rankings/singles?dateWeek=2023-08-21&rankRange=0-5000,2026-03-22T00:50:40Z
atp,2023-08-21,V993,Eero Vasa,Eero Vasa,1375,4,https://www.atptour.com/en/rankings/singles?dateWeek=2023-08-21&rankRange=0-5000,2026-03-22T00:50:40Z
atp,2023-08-21,C0E6,Yuttana Charoenphon,Yuttana Charoenphon,1376,4,https://www.atptour.com/en/rankings/singles?dateWeek=2023-08-21&rankRange=0-5000,2026-03-22T00:50:40Z
atp,2023-08-21,KD70,Pedja Krstin,Pedja Krstin,1383,4,https://www.atptour.com/en/rankings/singles?dateWeek=2023-08-21&rankRange=0-5000,2026-03-22T00:50:40Z
atp,2023-08-21,O560,Juan Sebastian Osorio,Juan Sebastian Osorio,1384,4,https://www.atptour.com/en/rankings/singles?dateWeek=2023-08-21&rankRange=0-5000,2026-03-22T00:50:40Z
atp,2023-08-21,S0I6,Jonathan Sorbo,Jonathan Sorbo,1448,3,https://www.atptour.com/en/rankings/singles?dateWeek=2023-08-21&rankRange=0-5000,2026-03-22T00:50:40Z
atp,2023-08-21,AD06,Aaron Addison,Aaron Addison,1470,3,https://www.atptour.com/en/rankings/singles?dateWeek=2023-08-21&rankRange=0-5000,2026-03-22T00:50:40Z
atp,2023-08-21,P0IP,Nicolo Pozzani,Nicolo Pozzani,1482,3,https://www.atptour.com/en/rankings/singles?dateWeek=2023-08-21&rankRange=0-5000,2026-03-22T00:50:40Z
atp,2023-08-21,J0CN,Adam Jurajda,Adam Jurajda,1493,3,https://www.atptour.com/en/rankings/singles?dateWeek=2023-08-21&rankRange=0-5000,2026-03-22T00:50:40Z
atp,2023-08-21,S0MC,Mehdi Sadaoui,Mehdi Sadaoui,1503,3,https://www.atptour.com/en/rankings/singles?dateWeek=2023-08-21&rankRange=0-5000,2026-03-22T00:50:40Z
atp,2023-08-21,V0ET,Matas Vasiliauskas,Matas Vasiliauskas,1504,3,https://www.atptour.com/en/rankings/singles?dateWeek=2023-08-21&rankRange=0-5000,2026-03-22T00:50:40Z
atp,2023-08-21,G0F9,Rafael Giotis,Rafael Giotis,1632,2,https://www.atptour.com/en/rankings/singles?dateWeek=2023-08-21&rankRange=0-5000,2026-03-22T00:50:40Z
atp,2023-08-21,SW13,Chanchai Sookton-eng,Chanchai Sookton Eng,1647,2,https://www.atptour.com/en/rankings/singles?dateWeek=2023-08-21&rankRange=0-5000,2026-03-22T00:50:40Z
atp,2023-08-21,J0A9,Jiri Jenicek,Jiri Jenicek,1671,2,https://www.atptour.com/en/rankings/singles?dateWeek=2023-08-21&rankRange=0-5000,2026-03-22T00:50:40Z
atp,2023-08-21,A0D2,Mousa Alkotop,Mousa Alkotop,1674,2,https://www.atptour.com/en/rankings/singles?dateWeek=2023-08-21&rankRange=0-5000,2026-03-22T00:50:40Z
atp,2023-08-21,B0LV,Michael Bassem Sobhy,Michael Bassem Sobhy,1677,2,https://www.atptour.com/en/rankings/singles?dateWeek=2023-08-21&rankRange=0-5000,2026-03-22T00:50:40Z
atp,2023-08-21,D0BE,Jesse Delaney,Jesse Delaney,2065,1,https://www.atptour.com/en/rankings/singles?dateWeek=2023-08-21&rankRange=0-5000,2026-03-22T00:50:40Z
atp,2023-08-21,P0IM,Aleksa Pisaric,Aleksa Pisaric,2066,1,https://www.atptour.com/en/rankings/singles?dateWeek=2023-08-21&rankRange=0-5000,2026-03-22T00:50:40Z
