tour,snapshot_date,player_id,display_name,full_name,rank,rank_points,source_url,fetched_at_utc
atp,2026-01-12,A0E2,C. Alcaraz,Carlos Alcaraz,1,12050,https://www.atptour.com/en/rankings/singles?dateWeek=2026-01-12&rankRange=0-5000,2026-03-22T00:43:17Z
atp,2026-01-12,S0AG,J. Sinner,Jannik Sinner,2,11500,https://www.atptour.com/en/rankings/singles?dateWeek=2026-01-12&rankRange=0-5000,2026-03-22T00:43:17Z
atp,2026-01-12,Z355,A. Zverev,Alexander Zverev,3,5105,https://www.atptour.com/en/rankings/singles?dateWeek=2026-01-12&rankRange=0-5000,2026-03-22T00:43:17Z
atp,2026-01-12,D643,N. Djokovic,Novak Djokovic,4,4780,https://www.atptour.com/en/rankings/singles?dateWeek=2026-01-12&rankRange=0-5000,2026-03-22T00:43:17Z
atp,2026-01-12,M0EJ,L. Musetti,Lorenzo Musetti,5,4105,https://www.atptour.com/en/rankings/singles?dateWeek=2026-01-12&rankRange=0-5000,2026-03-22T00:43:17Z
atp,2026-01-12,DH58,A. de Minaur,Alex De Minaur,6,4080,https://www.atptour.com/en/rankings/singles?dateWeek=2026-01-12&rankRange=0-5000,2026-03-22T00:43:17Z
atp,2026-01-12,AG37,F. Auger-Aliassime,Felix Auger Aliassime,7,3990,https://www.atptour.com/en/rankings/singles?dateWeek=2026-01-12&rankRange=0-5000,2026-03-22T00:43:17Z
atp,2026-01-12,S0S1,B. Shelton,Ben Shelton,8,3960,https://www.atptour.com/en/rankings/singles?dateWeek=2026-01-12&rankRange=0-5000,2026-03-22T00:43:17Z
atp,2026-01-12,FB98,T. Fritz,Taylor Fritz,9,3840,https://www.atptour.com/en/rankings/singles?dateWeek=2026-01-12&rankRange=0-5000,2026-03-22T00:43:17Z
atp,2026-01-12,BK92,A. Bublik,Alexander Bublik,10,3065,https://www.atptour.com/en/rankings/singles?dateWeek=2026-01-12&rankRange=0-5000,2026-03-22T00:43:17Z
atp,2026-01-12,D0CO,J. Draper,Jack Draper,11,2990,https://www.atptour.com/en/rankings/singles?dateWeek=2026-01-12&rankRange=0-5000,2026-03-22T00:43:17Z
atp,2026-01-12,MM58,D. Medvedev,Daniil Medvedev,12,2910,https://www.atptour.com/en/rankings/singles?dateWeek=2026-01-12&rankRange=0-5000,2026-03-22T00:43:17Z
atp,2026-01-12,RH16,C. Ruud,Casper Ruud,13,2795,https://www.atptour.com/en/rankings/singles?dateWeek=2026-01-12&rankRange=0-5000,2026-03-22T00:43:17Z
atp,2026-01-12,RE44,A. Rublev,Andrey Rublev,14,2600,https://www.atptour.com/en/rankings/singles?dateWeek=2026-01-12&rankRange=0-5000,2026-03-22T00:43:17Z
atp,2026-01-12,DH50,A. Davidovich Fokina,Alejandro Davidovich Fokina,15,2585,https://www.atptour.com/en/rankings/singles?dateWeek=2026-01-12&rankRange=0-5000,2026-03-22T00:43:17Z
atp,2026-01-12,R0DG,H. Rune,Holger Rune,16,2580,https://www.atptour.com/en/rankings/singles?dateWeek=2026-01-12&rankRange=0-5000,2026-03-22T00:43:17Z
atp,2026-01-12,KE29,K. Khachanov,Karen Khachanov,17,2320,https://www.atptour.com/en/rankings/singles?dateWeek=2026-01-12&rankRange=0-5000,2026-03-22T00:43:17Z
atp,2026-01-12,M0NI,J. Mensik,Jakub Mensik,18,2125,https://www.atptour.com/en/rankings/singles?dateWeek=2026-01-12&rankRange=0-5000,2026-03-22T00:43:17Z
atp,2026-01-12,L0BV,J. Lehecka,Jiri Lehecka,19,2090,https://www.atptour.com/en/rankings/singles?dateWeek=2026-01-12&rankRange=0-5000,2026-03-22T00:43:17Z
atp,2026-01-12,C0AU,F. Cerundolo,Francisco Cerundolo,20,2035,https://www.atptour.com/en/rankings/singles?dateWeek=2026-01-12&rankRange=0-5000,2026-03-22T00:43:17Z
atp,2026-01-12,PL56,T. Paul,Tommy Paul,21,2000,https://www.atptour.com/en/rankings/singles?dateWeek=2026-01-12&rankRange=0-5000,2026-03-22T00:43:17Z
atp,2026-01-12,C0E9,F. Cobolli,Flavio Cobolli,22,1955,https://www.atptour.com/en/rankings/singles?dateWeek=2026-01-12&rankRange=0-5000,2026-03-22T00:43:17Z
atp,2026-01-12,SU55,D. Shapovalov,Denis Shapovalov,23,1650,https://www.atptour.com/en/rankings/singles?dateWeek=2026-01-12&rankRange=0-5000,2026-03-22T00:43:17Z
atp,2026-01-12,D0FJ,L. Darderi,Luciano Darderi,24,1579,https://www.atptour.com/en/rankings/singles?dateWeek=2026-01-12&rankRange=0-5000,2026-03-22T00:43:17Z
atp,2026-01-12,GJ37,T. Griekspoor,Tallon Griekspoor,25,1565,https://www.atptour.com/en/rankings/singles?dateWeek=2026-01-12&rankRange=0-5000,2026-03-22T00:43:17Z
atp,2026-01-12,RC91,A. Rinderknech,Arthur Rinderknech,26,1551,https://www.atptour.com/en/rankings/singles?dateWeek=2026-01-12&rankRange=0-5000,2026-03-22T00:43:17Z
atp,2026-01-12,T0HA,L. Tien,Learner Tien,27,1540,https://www.atptour.com/en/rankings/singles?dateWeek=2026-01-12&rankRange=0-5000,2026-03-22T00:43:17Z
atp,2026-01-12,N771,C. Norrie,Cameron Norrie,28,1538,https://www.atptour.com/en/rankings/singles?dateWeek=2026-01-12&rankRange=0-5000,2026-03-22T00:43:17Z
atp,2026-01-12,N0AE,B. Nakashima,Brandon Nakashima,29,1535,https://www.atptour.com/en/rankings/singles?dateWeek=2026-01-12&rankRange=0-5000,2026-03-22T00:43:17Z
atp,2026-01-12,F0FV,J. Fonseca,Joao Fonseca,30,1510,https://www.atptour.com/en/rankings/singles?dateWeek=2026-01-12&rankRange=0-5000,2026-03-22T00:43:17Z
atp,2026-01-12,TD51,F. Tiafoe,Frances Tiafoe,31,1500,https://www.atptour.com/en/rankings/singles?dateWeek=2026-01-12&rankRange=0-5000,2026-03-22T00:43:17Z
atp,2026-01-12,VA25,V. Vacherot,Valentin Vacherot,32,1469,https://www.atptour.com/en/rankings/singles?dateWeek=2026-01-12&rankRange=0-5000,2026-03-22T00:43:17Z
atp,2026-01-12,TE51,S. Tsitsipas,Stefanos Tsitsipas,33,1455,https://www.atptour.com/en/rankings/singles?dateWeek=2026-01-12&rankRange=0-5000,2026-03-22T00:43:17Z
atp,2026-01-12,MW02,C. Moutet,Corentin Moutet,34,1383,https://www.atptour.com/en/rankings/singles?dateWeek=2026-01-12&rankRange=0-5000,2026-03-22T00:43:17Z
atp,2026-01-12,M0FH,T. Machac,Tomas Machac,35,1360,https://www.atptour.com/en/rankings/singles?dateWeek=2026-01-12&rankRange=0-5000,2026-03-22T00:43:17Z
atp,2026-01-12,HH26,U. Humbert,Ugo Humbert,36,1355,https://www.atptour.com/en/rankings/singles?dateWeek=2026-01-12&rankRange=0-5000,2026-03-22T00:43:17Z
atp,2026-01-12,M0QI,A. Michelsen,Alex Michelsen,37,1350,https://www.atptour.com/en/rankings/singles?dateWeek=2026-01-12&rankRange=0-5000,2026-03-22T00:43:17Z
atp,2026-01-12,MU94,J. Munar,Jaume Munar,38,1295,https://www.atptour.com/en/rankings/singles?dateWeek=2026-01-12&rankRange=0-5000,2026-03-22T00:43:17Z
atp,2026-01-12,B0BI,S. Baez,Sebastian Baez,39,1250,https://www.atptour.com/en/rankings/singles?dateWeek=2026-01-12&rankRange=0-5000,2026-03-22T00:43:17Z
atp,2026-01-12,SU87,L. Sonego,Lorenzo Sonego,40,1240,https://www.atptour.com/en/rankings/singles?dateWeek=2026-01-12&rankRange=0-5000,2026-03-22T00:43:17Z
atp,2026-01-12,D0F6,G. Diallo,Gabriel Diallo,41,1215,https://www.atptour.com/en/rankings/singles?dateWeek=2026-01-12&rankRange=0-5000,2026-03-22T00:43:17Z
atp,2026-01-12,F0F1,A. Fils,Arthur Fils,42,1210,https://www.atptour.com/en/rankings/singles?dateWeek=2026-01-12&rankRange=0-5000,2026-03-22T00:43:17Z
atp,2026-01-12,BU13,Z. Bergs,Zizou Bergs,43,1170,https://www.atptour.com/en/rankings/singles?dateWeek=2026-01-12&rankRange=0-5000,2026-03-22T00:43:17Z
atp,2026-01-12,AE14,D. Altmaier,Daniel Altmaier,44,1123,https://www.atptour.com/en/rankings/singles?dateWeek=2026-01-12&rankRange=0-5000,2026-03-22T00:43:17Z
atp,2026-01-12,D875,G. Dimitrov,Grigor Dimitrov,45,1105,https://www.atptour.com/en/rankings/singles?dateWeek=2026-01-12&rankRange=0-5000,2026-03-22T00:43:17Z
atp,2026-01-12,BT72,N. Borges,Nuno Borges,46,1070,https://www.atptour.com/en/rankings/singles?dateWeek=2026-01-12&rankRange=0-5000,2026-03-22T00:43:17Z
atp,2026-01-12,U182,C. Ugo Carabelli,Camilo Ugo Carabelli,47,1028,https://www.atptour.com/en/rankings/singles?dateWeek=2026-01-12&rankRange=0-5000,2026-03-22T00:43:17Z
atp,2026-01-12,B0CD,J. Brooksby,Jenson Brooksby,48,1017,https://www.atptour.com/en/rankings/singles?dateWeek=2026-01-12&rankRange=0-5000,2026-03-22T00:43:17Z
atp,2026-01-12,P09Z,A. Popyrin,Alexei Popyrin,49,1000,https://www.atptour.com/en/rankings/singles?dateWeek=2026-01-12&rankRange=0-5000,2026-03-22T00:43:17Z
atp,2026-01-12,MP20,A. Muller,Alexandre Muller,50,980,https://www.atptour.com/en/rankings/singles?dateWeek=2026-01-12&rankRange=0-5000,2026-03-22T00:43:17Z
atp,2026-01-12,K0AH,S. Korda,Sebastian Korda,51,975,https://www.atptour.com/en/rankings/singles?dateWeek=2026-01-12&rankRange=0-5000,2026-03-22T00:43:17Z
atp,2026-01-12,M0CI,F. Marozsan,Fabian Marozsan,52,975,https://www.atptour.com/en/rankings/singles?dateWeek=2026-01-12&rankRange=0-5000,2026-03-22T00:43:17Z
atp,2026-01-12,HB71,H. Hurkacz,Hubert Hurkacz,53,965,https://www.atptour.com/en/rankings/singles?dateWeek=2026-01-12&rankRange=0-5000,2026-03-22T00:43:17Z
atp,2026-01-12,K0AZ,A. Kovacevic,Aleksandar Kovacevic,54,964,https://www.atptour.com/en/rankings/singles?dateWeek=2026-01-12&rankRange=0-5000,2026-03-22T00:43:17Z
atp,2026-01-12,F724,M. Fucsovics,Marton Fucsovics,55,949,https://www.atptour.com/en/rankings/singles?dateWeek=2026-01-12&rankRange=0-5000,2026-03-22T00:43:17Z
atp,2026-01-12,BK40,M. Berrettini,Matteo Berrettini,56,945,https://www.atptour.com/en/rankings/singles?dateWeek=2026-01-12&rankRange=0-5000,2026-03-22T00:43:17Z
atp,2026-01-12,R0EB,V. Royer,Valentin Royer,57,924,https://www.atptour.com/en/rankings/singles?dateWeek=2026-01-12&rankRange=0-5000,2026-03-22T00:43:17Z
atp,2026-01-12,MQ75,K. Majchrzak,Kamil Majchrzak,58,918,https://www.atptour.com/en/rankings/singles?dateWeek=2026-01-12&rankRange=0-5000,2026-03-22T00:43:17Z
atp,2026-01-12,KI95,M. Kecmanovic,Miomir Kecmanovic,59,910,https://www.atptour.com/en/rankings/singles?dateWeek=2026-01-12&rankRange=0-5000,2026-03-22T00:43:17Z
atp,2026-01-12,GC88,M. Giron,Marcos Giron,60,895,https://www.atptour.com/en/rankings/singles?dateWeek=2026-01-12&rankRange=0-5000,2026-03-22T00:43:17Z
atp,2026-01-12,EA24,T. Etcheverry,Tomas Martin Etcheverry,61,895,https://www.atptour.com/en/rankings/singles?dateWeek=2026-01-12&rankRange=0-5000,2026-03-22T00:43:17Z
atp,2026-01-12,O522,R. Opelka,Reilly Opelka,62,873,https://www.atptour.com/en/rankings/singles?dateWeek=2026-01-12&rankRange=0-5000,2026-03-22T00:43:17Z
atp,2026-01-12,M0GZ,G. Mpetshi Perricard,Giovanni Mpetshi Perricard,63,865,https://www.atptour.com/en/rankings/singles?dateWeek=2026-01-12&rankRange=0-5000,2026-03-22T00:43:17Z
atp,2026-01-12,A0GC,T. Atmane,Terence Atmane,64,862,https://www.atptour.com/en/rankings/singles?dateWeek=2026-01-12&rankRange=0-5000,2026-03-22T00:43:17Z
atp,2026-01-12,A0FC,M. Arnaldi,Matteo Arnaldi,65,858,https://www.atptour.com/en/rankings/singles?dateWeek=2026-01-12&rankRange=0-5000,2026-03-22T00:43:17Z
atp,2026-01-12,D923,D. Dzumhur,Damir Dzumhur,66,837,https://www.atptour.com/en/rankings/singles?dateWeek=2026-01-12&rankRange=0-5000,2026-03-22T00:43:17Z
atp,2026-01-12,C0H0,A. Cazaux,Arthur Cazaux,67,830,https://www.atptour.com/en/rankings/singles?dateWeek=2026-01-12&rankRange=0-5000,2026-03-22T00:43:17Z
atp,2026-01-12,C0DF,F. Comesana,Francisco Comesana,68,829,https://www.atptour.com/en/rankings/singles?dateWeek=2026-01-12&rankRange=0-5000,2026-03-22T00:43:17Z
atp,2026-01-12,ME82,A. Mannarino,Adrian Mannarino,69,810,https://www.atptour.com/en/rankings/singles?dateWeek=2026-01-12&rankRange=0-5000,2026-03-22T00:43:17Z
atp,2026-01-12,C977,M. Cilic,Marin Cilic,70,790,https://www.atptour.com/en/rankings/singles?dateWeek=2026-01-12&rankRange=0-5000,2026-03-22T00:43:17Z
atp,2026-01-12,MO44,P. Martinez,Pedro Martinez,71,768,https://www.atptour.com/en/rankings/singles?dateWeek=2026-01-12&rankRange=0-5000,2026-03-22T00:43:17Z
atp,2026-01-12,C0JP,R. Collignon,Raphael Collignon,72,767,https://www.atptour.com/en/rankings/singles?dateWeek=2026-01-12&rankRange=0-5000,2026-03-22T00:43:17Z
atp,2026-01-12,D0C1,J. de Jong,Jesper De Jong,73,763,https://www.atptour.com/en/rankings/singles?dateWeek=2026-01-12&rankRange=0-5000,2026-03-22T00:43:17Z
atp,2026-01-12,N0BS,M. Navone,Mariano Navone,74,760,https://www.atptour.com/en/rankings/singles?dateWeek=2026-01-12&rankRange=0-5000,2026-03-22T00:43:17Z
atp,2026-01-12,V812,B. van de Zandschulp,Botic Van De Zandschulp,75,759,https://www.atptour.com/en/rankings/singles?dateWeek=2026-01-12&rankRange=0-5000,2026-03-22T00:43:17Z
atp,2026-01-12,B0GG,M. Bellucci,Mattia Bellucci,76,758,https://www.atptour.com/en/rankings/singles?dateWeek=2026-01-12&rankRange=0-5000,2026-03-22T00:43:17Z
atp,2026-01-12,F0BY,J. Fearnley,Jacob Fearnley,77,752,https://www.atptour.com/en/rankings/singles?dateWeek=2026-01-12&rankRange=0-5000,2026-03-22T00:43:17Z
atp,2026-01-12,Q02L,E. Quinn,Ethan Quinn,78,733,https://www.atptour.com/en/rankings/singles?dateWeek=2026-01-12&rankRange=0-5000,2026-03-22T00:43:17Z
atp,2026-01-12,W09E,A. Walton,Adam Walton,79,727,https://www.atptour.com/en/rankings/singles?dateWeek=2026-01-12&rankRange=0-5000,2026-03-22T00:43:17Z
atp,2026-01-12,GD64,C. Garin,Cristian Garin,80,726,https://www.atptour.com/en/rankings/singles?dateWeek=2026-01-12&rankRange=0-5000,2026-03-22T00:43:17Z
atp,2026-01-12,TE30,A. Tabilo,Alejandro Tabilo,81,722,https://www.atptour.com/en/rankings/singles?dateWeek=2026-01-12&rankRange=0-5000,2026-03-22T00:43:17Z
atp,2026-01-12,M0JZ,F. Misolic,Filip Misolic,82,720,https://www.atptour.com/en/rankings/singles?dateWeek=2026-01-12&rankRange=0-5000,2026-03-22T00:43:17Z
atp,2026-01-12,C0C8,J. Cerundolo,Juan Manuel Cerundolo,83,700,https://www.atptour.com/en/rankings/singles?dateWeek=2026-01-12&rankRange=0-5000,2026-03-22T00:43:17Z
atp,2026-01-12,SL28,J. Struff,Jan Lennard Struff,84,699,https://www.atptour.com/en/rankings/singles?dateWeek=2026-01-12&rankRange=0-5000,2026-03-22T00:43:17Z
atp,2026-01-12,HB64,Q. Halys,Quentin Halys,85,697,https://www.atptour.com/en/rankings/singles?dateWeek=2026-01-12&rankRange=0-5000,2026-03-22T00:43:17Z
atp,2026-01-12,D994,J. Duckworth,James Duckworth,86,694,https://www.atptour.com/en/rankings/singles?dateWeek=2026-01-12&rankRange=0-5000,2026-03-22T00:43:17Z
atp,2026-01-12,V832,A. Vukic,Aleksandar Vukic,87,693,https://www.atptour.com/en/rankings/singles?dateWeek=2026-01-12&rankRange=0-5000,2026-03-22T00:43:17Z
atp,2026-01-12,N0AM,E. Nava,Emilio Nava,88,677,https://www.atptour.com/en/rankings/singles?dateWeek=2026-01-12&rankRange=0-5000,2026-03-22T00:43:17Z
atp,2026-01-12,S0JA,E. Spizzirri,Eliot Spizzirri,89,672,https://www.atptour.com/en/rankings/singles?dateWeek=2026-01-12&rankRange=0-5000,2026-03-22T00:43:17Z
atp,2026-01-12,BD06,R. Bautista Agut,Roberto Bautista Agut,90,670,https://www.atptour.com/en/rankings/singles?dateWeek=2026-01-12&rankRange=0-5000,2026-03-22T00:43:17Z
atp,2026-01-12,DB63,L. Djere,Laslo Djere,91,659,https://www.atptour.com/en/rankings/singles?dateWeek=2026-01-12&rankRange=0-5000,2026-03-22T00:43:17Z
atp,2026-01-12,CD85,P. Carreno Busta,Pablo Carreno Busta,92,656,https://www.atptour.com/en/rankings/singles?dateWeek=2026-01-12&rankRange=0-5000,2026-03-22T00:43:17Z
atp,2026-01-12,S0GD,D. Svrcina,Dalibor Svrcina,93,655,https://www.atptour.com/en/rankings/singles?dateWeek=2026-01-12&rankRange=0-5000,2026-03-22T00:43:17Z
atp,2026-01-12,G09O,H. Gaston,Hugo Gaston,94,653,https://www.atptour.com/en/rankings/singles?dateWeek=2026-01-12&rankRange=0-5000,2026-03-22T00:43:17Z
atp,2026-01-12,B0PG,A. Blockx,Alexander Blockx,95,653,https://www.atptour.com/en/rankings/singles?dateWeek=2026-01-12&rankRange=0-5000,2026-03-22T00:43:17Z
atp,2026-01-12,M0JF,H. Medjedovic,Hamad Medjedovic,96,643,https://www.atptour.com/en/rankings/singles?dateWeek=2026-01-12&rankRange=0-5000,2026-03-22T00:43:17Z
atp,2026-01-12,S0N0,T. Schoolkate,Tristan Schoolkate,97,641,https://www.atptour.com/en/rankings/singles?dateWeek=2026-01-12&rankRange=0-5000,2026-03-22T00:43:17Z
atp,2026-01-12,TE16,C. Taberner,Carlos Taberner,98,630,https://www.atptour.com/en/rankings/singles?dateWeek=2026-01-12&rankRange=0-5000,2026-03-22T00:43:17Z
atp,2026-01-12,B0ID,I. Buse,Ignacio Buse,99,627,https://www.atptour.com/en/rankings/singles?dateWeek=2026-01-12&rankRange=0-5000,2026-03-22T00:43:17Z
atp,2026-01-12,KI82,V. Kopriva,Vit Kopriva,100,626,https://www.atptour.com/en/rankings/singles?dateWeek=2026-01-12&rankRange=0-5000,2026-03-22T00:43:17Z
atp,2026-01-12,H997,Y. Hanfmann,Yannick Hanfmann,101,611,https://www.atptour.com/en/rankings/singles?dateWeek=2026-01-12&rankRange=0-5000,2026-03-22T00:43:17Z
atp,2026-01-12,T0A1,T. Tirante,Thiago Agustin Tirante,102,605,https://www.atptour.com/en/rankings/singles?dateWeek=2026-01-12&rankRange=0-5000,2026-03-22T00:43:17Z
atp,2026-01-12,B0FV,R. Burruchaga,Roman Andres Burruchaga,103,604,https://www.atptour.com/en/rankings/singles?dateWeek=2026-01-12&rankRange=0-5000,2026-03-22T00:43:17Z
atp,2026-01-12,S0H2,A. Shevchenko,Alexander Shevchenko,104,597,https://www.atptour.com/en/rankings/singles?dateWeek=2026-01-12&rankRange=0-5000,2026-03-22T00:43:17Z
atp,2026-01-12,BG23,N. Basilashvili,Nikoloz Basilashvili,105,573,https://www.atptour.com/en/rankings/singles?dateWeek=2026-01-12&rankRange=0-5000,2026-03-22T00:43:17Z
atp,2026-01-12,BM95,B. Bonzi,Benjamin Bonzi,106,566,https://www.atptour.com/en/rankings/singles?dateWeek=2026-01-12&rankRange=0-5000,2026-03-22T00:43:17Z
atp,2026-01-12,BS86,T. Barrios Vera,Tomas Barrios Vera,107,565,https://www.atptour.com/en/rankings/singles?dateWeek=2026-01-12&rankRange=0-5000,2026-03-22T00:43:17Z
atp,2026-01-12,N0BG,L. Nardi,Luca Nardi,108,561,https://www.atptour.com/en/rankings/singles?dateWeek=2026-01-12&rankRange=0-5000,2026-03-22T00:43:17Z
atp,2026-01-12,H09P,B. Holt,Brandon Holt,109,553,https://www.atptour.com/en/rankings/singles?dateWeek=2026-01-12&rankRange=0-5000,2026-03-22T00:43:17Z
atp,2026-01-12,MC65,G. Monfils,Gael Monfils,110,550,https://www.atptour.com/en/rankings/singles?dateWeek=2026-01-12&rankRange=0-5000,2026-03-22T00:43:17Z
atp,2026-01-12,TC61,J. Thompson,Jordan Thompson,111,548,https://www.atptour.com/en/rankings/singles?dateWeek=2026-01-12&rankRange=0-5000,2026-03-22T00:43:17Z
atp,2026-01-12,M0HU,S. Mochizuki,Shintaro Mochizuki,112,547,https://www.atptour.com/en/rankings/singles?dateWeek=2026-01-12&rankRange=0-5000,2026-03-22T00:43:17Z
atp,2026-01-12,MK66,M. McDonald,Mackenzie Mcdonald,113,546,https://www.atptour.com/en/rankings/singles?dateWeek=2026-01-12&rankRange=0-5000,2026-03-22T00:43:17Z
atp,2026-01-12,N732,Y. Nishioka,Yoshihito Nishioka,114,528,https://www.atptour.com/en/rankings/singles?dateWeek=2026-01-12&rankRange=0-5000,2026-03-22T00:43:17Z
atp,2026-01-12,H0BH,R. Hijikata,Rinky Hijikata,115,527,https://www.atptour.com/en/rankings/singles?dateWeek=2026-01-12&rankRange=0-5000,2026-03-22T00:43:17Z
atp,2026-01-12,K0A3,P. Kypson,Patrick Kypson,116,527,https://www.atptour.com/en/rankings/singles?dateWeek=2026-01-12&rankRange=0-5000,2026-03-22T00:43:17Z
atp,2026-01-12,GB88,D. Goffin,David Goffin,117,525,https://www.atptour.com/en/rankings/singles?dateWeek=2026-01-12&rankRange=0-5000,2026-03-22T00:43:17Z
atp,2026-01-12,O483,C. O'Connell,Christopher O'connell,118,521,https://www.atptour.com/en/rankings/singles?dateWeek=2026-01-12&rankRange=0-5000,2026-03-22T00:43:17Z
atp,2026-01-12,M0K4,E. Moller,Elmer Moller,119,517,https://www.atptour.com/en/rankings/singles?dateWeek=2026-01-12&rankRange=0-5000,2026-03-22T00:43:17Z
atp,2026-01-12,Y09V,Y. Bu,Yunchaokete Bu,120,499,https://www.atptour.com/en/rankings/singles?dateWeek=2026-01-12&rankRange=0-5000,2026-03-22T00:43:17Z
atp,2026-01-12,HD68,B. Harris,Billy Harris,121,499,https://www.atptour.com/en/rankings/singles?dateWeek=2026-01-12&rankRange=0-5000,2026-03-22T00:43:17Z
atp,2026-01-12,T0AP,C. Tseng,Chun Hsin Tseng,122,498,https://www.atptour.com/en/rankings/singles?dateWeek=2026-01-12&rankRange=0-5000,2026-03-22T00:43:17Z
atp,2026-01-12,CG80,B. Coric,Borna Coric,123,498,https://www.atptour.com/en/rankings/singles?dateWeek=2026-01-12&rankRange=0-5000,2026-03-22T00:43:17Z
atp,2026-01-12,CH12,J. Choinski,Jan Choinski,124,498,https://www.atptour.com/en/rankings/singles?dateWeek=2026-01-12&rankRange=0-5000,2026-03-22T00:43:17Z
atp,2026-01-12,L987,D. Lajovic,Dusan Lajovic,125,497,https://www.atptour.com/en/rankings/singles?dateWeek=2026-01-12&rankRange=0-5000,2026-03-22T00:43:17Z
atp,2026-01-12,V0AM,O. Virtanen,Otto Virtanen,126,488,https://www.atptour.com/en/rankings/singles?dateWeek=2026-01-12&rankRange=0-5000,2026-03-22T00:43:17Z
atp,2026-01-12,P0HW,D. Prizmic,Dino Prizmic,127,481,https://www.atptour.com/en/rankings/singles?dateWeek=2026-01-12&rankRange=0-5000,2026-03-22T00:43:17Z
atp,2026-01-12,J0AZ,K. Jacquet,Kyrian Jacquet,128,477,https://www.atptour.com/en/rankings/singles?dateWeek=2026-01-12&rankRange=0-5000,2026-03-22T00:43:17Z
atp,2026-01-12,G0FW,V. Gaubas,Vilius Gaubas,129,469,https://www.atptour.com/en/rankings/singles?dateWeek=2026-01-12&rankRange=0-5000,2026-03-22T00:43:17Z
atp,2026-01-12,TA29,M. Trungelliti,Marco Trungelliti,130,468,https://www.atptour.com/en/rankings/singles?dateWeek=2026-01-12&rankRange=0-5000,2026-03-22T00:43:17Z
atp,2026-01-12,O513,S. Ofner,Sebastian Ofner,131,463,https://www.atptour.com/en/rankings/singles?dateWeek=2026-01-12&rankRange=0-5000,2026-03-22T00:43:17Z
atp,2026-01-12,W0BH,C. Wong,Coleman Wong,132,456,https://www.atptour.com/en/rankings/singles?dateWeek=2026-01-12&rankRange=0-5000,2026-03-22T00:43:17Z
atp,2026-01-12,J551,N. Jarry,Nicolas Jarry,133,451,https://www.atptour.com/en/rankings/singles?dateWeek=2026-01-12&rankRange=0-5000,2026-03-22T00:43:17Z
atp,2026-01-12,EA13,M. Echargui,Moez Echargui,134,448,https://www.atptour.com/en/rankings/singles?dateWeek=2026-01-12&rankRange=0-5000,2026-03-22T00:43:17Z
atp,2026-01-12,B0U4,N. Budkov Kjaer,Nicolai Budkov Kjaer,135,446,https://www.atptour.com/en/rankings/singles?dateWeek=2026-01-12&rankRange=0-5000,2026-03-22T00:43:17Z
atp,2026-01-12,KI63,L. Klein,Lukas Klein,136,444,https://www.atptour.com/en/rankings/singles?dateWeek=2026-01-12&rankRange=0-5000,2026-03-22T00:43:17Z
atp,2026-01-12,DA31,H. Dellien,Hugo Dellien,137,438,https://www.atptour.com/en/rankings/singles?dateWeek=2026-01-12&rankRange=0-5000,2026-03-22T00:43:17Z
atp,2026-01-12,PH64,A. Pellegrino,Andrea Pellegrino,138,438,https://www.atptour.com/en/rankings/singles?dateWeek=2026-01-12&rankRange=0-5000,2026-03-22T00:43:17Z
atp,2026-01-12,W367,S. Wawrinka,Stan Wawrinka,139,437,https://www.atptour.com/en/rankings/singles?dateWeek=2026-01-12&rankRange=0-5000,2026-03-22T00:43:17Z
atp,2026-01-12,P0CT,F. Passaro,Francesco Passaro,140,436,https://www.atptour.com/en/rankings/singles?dateWeek=2026-01-12&rankRange=0-5000,2026-03-22T00:43:17Z
atp,2026-01-12,M0IF,F. Maestrelli,Francesco Maestrelli,141,436,https://www.atptour.com/en/rankings/singles?dateWeek=2026-01-12&rankRange=0-5000,2026-03-22T00:43:17Z
atp,2026-01-12,BV16,U. Blanchet,Ugo Blanchet,142,435,https://www.atptour.com/en/rankings/singles?dateWeek=2026-01-12&rankRange=0-5000,2026-03-22T00:43:17Z
atp,2026-01-12,S0K7,Z. Svajda,Zachary Svajda,143,431,https://www.atptour.com/en/rankings/singles?dateWeek=2026-01-12&rankRange=0-5000,2026-03-22T00:43:17Z
atp,2026-01-12,SY67,S. Shimabukuro,Sho Shimabukuro,144,430,https://www.atptour.com/en/rankings/singles?dateWeek=2026-01-12&rankRange=0-5000,2026-03-22T00:43:17Z
atp,2026-01-12,D0DP,L. Draxl,Liam Draxl,145,429,https://www.atptour.com/en/rankings/singles?dateWeek=2026-01-12&rankRange=0-5000,2026-03-22T00:43:17Z
atp,2026-01-12,V0DP,A. Vallejo,Adolfo Daniel Vallejo,146,428,https://www.atptour.com/en/rankings/singles?dateWeek=2026-01-12&rankRange=0-5000,2026-03-22T00:43:17Z
atp,2026-01-12,CF59,R. Carballes Baena,Roberto Carballes Baena,147,427,https://www.atptour.com/en/rankings/singles?dateWeek=2026-01-12&rankRange=0-5000,2026-03-22T00:43:17Z
atp,2026-01-12,S0ZE,C. Smith,Colton Smith,148,424,https://www.atptour.com/en/rankings/singles?dateWeek=2026-01-12&rankRange=0-5000,2026-03-22T00:43:17Z
atp,2026-01-12,L0IL,M. Landaluce,Martin Landaluce,149,420,https://www.atptour.com/en/rankings/singles?dateWeek=2026-01-12&rankRange=0-5000,2026-03-22T00:43:17Z
atp,2026-01-12,J0DZ,R. Jodar,Rafael Jodar,150,418,https://www.atptour.com/en/rankings/singles?dateWeek=2026-01-12&rankRange=0-5000,2026-03-22T00:43:17Z
atp,2026-01-12,F0F2,J. Faria,Jaime Faria,151,413,https://www.atptour.com/en/rankings/singles?dateWeek=2026-01-12&rankRange=0-5000,2026-03-22T00:43:17Z
atp,2026-01-12,G0GD,M. Gigante,Matteo Gigante,152,407,https://www.atptour.com/en/rankings/singles?dateWeek=2026-01-12&rankRange=0-5000,2026-03-22T00:43:17Z
atp,2026-01-12,L0GH,M. Lajal,Mark Lajal,153,407,https://www.atptour.com/en/rankings/singles?dateWeek=2026-01-12&rankRange=0-5000,2026-03-22T00:43:17Z
atp,2026-01-12,GE33,D. Galan,Daniel Elahi Galan,154,405,https://www.atptour.com/en/rankings/singles?dateWeek=2026-01-12&rankRange=0-5000,2026-03-22T00:43:17Z
atp,2026-01-12,D0DW,T. Droguet,Titouan Droguet,155,404,https://www.atptour.com/en/rankings/singles?dateWeek=2026-01-12&rankRange=0-5000,2026-03-22T00:43:17Z
atp,2026-01-12,Z0A1,G. Zeppieri,Giulio Zeppieri,156,402,https://www.atptour.com/en/rankings/singles?dateWeek=2026-01-12&rankRange=0-5000,2026-03-22T00:43:17Z
atp,2026-01-12,H996,P. Herbert,Pierre Hugues Herbert,157,399,https://www.atptour.com/en/rankings/singles?dateWeek=2026-01-12&rankRange=0-5000,2026-03-22T00:43:17Z
atp,2026-01-12,R0GO,H. Rocha,Henrique Rocha,158,394,https://www.atptour.com/en/rankings/singles?dateWeek=2026-01-12&rankRange=0-5000,2026-03-22T00:43:17Z
atp,2026-01-12,M0G4,H. Mayot,Harold Mayot,159,380,https://www.atptour.com/en/rankings/singles?dateWeek=2026-01-12&rankRange=0-5000,2026-03-22T00:43:17Z
atp,2026-01-12,D0H9,G. Den Ouden,Guy Den Ouden,160,372,https://www.atptour.com/en/rankings/singles?dateWeek=2026-01-12&rankRange=0-5000,2026-03-22T00:43:17Z
atp,2026-01-12,FA43,J. Ficovich,Juan Pablo Ficovich,161,369,https://www.atptour.com/en/rankings/singles?dateWeek=2026-01-12&rankRange=0-5000,2026-03-22T00:43:17Z
atp,2026-01-12,WB08,Y. Watanuki,Yosuke Watanuki,162,364,https://www.atptour.com/en/rankings/singles?dateWeek=2026-01-12&rankRange=0-5000,2026-03-22T00:43:17Z
atp,2026-01-12,M0N1,L. Mikrut,Luka Mikrut,163,361,https://www.atptour.com/en/rankings/singles?dateWeek=2026-01-12&rankRange=0-5000,2026-03-22T00:43:17Z
atp,2026-01-12,M0N7,D. Merida,Daniel Merida,164,353,https://www.atptour.com/en/rankings/singles?dateWeek=2026-01-12&rankRange=0-5000,2026-03-22T00:43:17Z
atp,2026-01-12,V0DZ,L. Van Assche,Luca Van Assche,165,352,https://www.atptour.com/en/rankings/singles?dateWeek=2026-01-12&rankRange=0-5000,2026-03-22T00:43:17Z
atp,2026-01-12,SS25,V. Sachko,Vitaliy Sachko,166,349,https://www.atptour.com/en/rankings/singles?dateWeek=2026-01-12&rankRange=0-5000,2026-03-22T00:43:17Z
atp,2026-01-12,R09X,J. Rodionov,Jurij Rodionov,167,348,https://www.atptour.com/en/rankings/singles?dateWeek=2026-01-12&rankRange=0-5000,2026-03-22T00:43:17Z
atp,2026-01-12,WB32,Y. Wu,Yibing Wu,168,347,https://www.atptour.com/en/rankings/singles?dateWeek=2026-01-12&rankRange=0-5000,2026-03-22T00:43:17Z
atp,2026-01-12,M0AW,N. Mejia,Nicolas Mejia,169,345,https://www.atptour.com/en/rankings/singles?dateWeek=2026-01-12&rankRange=0-5000,2026-03-22T00:43:17Z
atp,2026-01-12,P09O,Z. Piros,Zsombor Piros,170,341,https://www.atptour.com/en/rankings/singles?dateWeek=2026-01-12&rankRange=0-5000,2026-03-22T00:43:17Z
atp,2026-01-12,BI81,A. Bolt,Alex Bolt,171,339,https://www.atptour.com/en/rankings/singles?dateWeek=2026-01-12&rankRange=0-5000,2026-03-22T00:43:17Z
atp,2026-01-12,SX50,R. Safiullin,Roman Safiullin,172,338,https://www.atptour.com/en/rankings/singles?dateWeek=2026-01-12&rankRange=0-5000,2026-03-22T00:43:17Z
atp,2026-01-12,M0OQ,J. McCabe,James Mccabe,173,337,https://www.atptour.com/en/rankings/singles?dateWeek=2026-01-12&rankRange=0-5000,2026-03-22T00:43:17Z
atp,2026-01-12,Z0BZ,M. Zheng,Michael Zheng,174,337,https://www.atptour.com/en/rankings/singles?dateWeek=2026-01-12&rankRange=0-5000,2026-03-22T00:43:17Z
atp,2026-01-12,Y218,E. Ymer,Elias Ymer,175,337,https://www.atptour.com/en/rankings/singles?dateWeek=2026-01-12&rankRange=0-5000,2026-03-22T00:43:17Z
atp,2026-01-12,KH56,Z. Kolar,Zdenek Kolar,176,337,https://www.atptour.com/en/rankings/singles?dateWeek=2026-01-12&rankRange=0-5000,2026-03-22T00:43:17Z
atp,2026-01-12,D0DT,M. Damm,Martin Damm,177,333,https://www.atptour.com/en/rankings/singles?dateWeek=2026-01-12&rankRange=0-5000,2026-03-22T00:43:17Z
atp,2026-01-12,CI14,J. Clarke,Jay Clarke,178,330,https://www.atptour.com/en/rankings/singles?dateWeek=2026-01-12&rankRange=0-5000,2026-03-22T00:43:17Z
atp,2026-01-12,GF95,H. Grenier,Hugo Grenier,179,327,https://www.atptour.com/en/rankings/singles?dateWeek=2026-01-12&rankRange=0-5000,2026-03-22T00:43:17Z
atp,2026-01-12,R0FS,L. Riedi,Leandro Riedi,180,326,https://www.atptour.com/en/rankings/singles?dateWeek=2026-01-12&rankRange=0-5000,2026-03-22T00:43:17Z
atp,2026-01-12,B0EJ,T. Boyer,Tristan Boyer,181,326,https://www.atptour.com/en/rankings/singles?dateWeek=2026-01-12&rankRange=0-5000,2026-03-22T00:43:17Z
atp,2026-01-12,S0IA,D. Sweeny,Dane Sweeny,182,325,https://www.atptour.com/en/rankings/singles?dateWeek=2026-01-12&rankRange=0-5000,2026-03-22T00:43:17Z
atp,2026-01-12,E0DD,J. Engel,Justin Engel,183,323,https://www.atptour.com/en/rankings/singles?dateWeek=2026-01-12&rankRange=0-5000,2026-03-22T00:43:17Z
atp,2026-01-12,TA46,B. Tomic,Bernard Tomic,184,317,https://www.atptour.com/en/rankings/singles?dateWeek=2026-01-12&rankRange=0-5000,2026-03-22T00:43:17Z
atp,2026-01-12,F0DM,A. Fery,Arthur Fery,185,316,https://www.atptour.com/en/rankings/singles?dateWeek=2026-01-12&rankRange=0-5000,2026-03-22T00:43:17Z
atp,2026-01-12,K0EP,J. Kym,Jerome Kym,186,315,https://www.atptour.com/en/rankings/singles?dateWeek=2026-01-12&rankRange=0-5000,2026-03-22T00:43:17Z
atp,2026-01-12,E687,D. Evans,Daniel Evans,187,314,https://www.atptour.com/en/rankings/singles?dateWeek=2026-01-12&rankRange=0-5000,2026-03-22T00:43:17Z
atp,2026-01-12,B0GY,A. Barrena,Alex Barrena,188,312,https://www.atptour.com/en/rankings/singles?dateWeek=2026-01-12&rankRange=0-5000,2026-03-22T00:43:17Z
atp,2026-01-12,TA12,S. Travaglia,Stefano Travaglia,189,308,https://www.atptour.com/en/rankings/singles?dateWeek=2026-01-12&rankRange=0-5000,2026-03-22T00:43:17Z
atp,2026-01-12,GJ16,F. Gomez,Federico Agustin Gomez,190,306,https://www.atptour.com/en/rankings/singles?dateWeek=2026-01-12&rankRange=0-5000,2026-03-22T00:43:17Z
atp,2026-01-12,H09N,A. Holmgren,August Holmgren,191,305,https://www.atptour.com/en/rankings/singles?dateWeek=2026-01-12&rankRange=0-5000,2026-03-22T00:43:17Z
atp,2026-01-12,KB95,J. Kubler,Jason Kubler,192,305,https://www.atptour.com/en/rankings/singles?dateWeek=2026-01-12&rankRange=0-5000,2026-03-22T00:43:17Z
atp,2026-01-12,G0DH,A. Guillen Meza,Alvaro Guillen Meza,193,305,https://www.atptour.com/en/rankings/singles?dateWeek=2026-01-12&rankRange=0-5000,2026-03-22T00:43:17Z
atp,2026-01-12,MJ08,T. Monteiro,Thiago Monteiro,194,304,https://www.atptour.com/en/rankings/singles?dateWeek=2026-01-12&rankRange=0-5000,2026-03-22T00:43:17Z
atp,2026-01-12,S0GR,T. Skatov,Timofey Skatov,195,302,https://www.atptour.com/en/rankings/singles?dateWeek=2026-01-12&rankRange=0-5000,2026-03-22T00:43:17Z
atp,2026-01-12,P0HT,J. Pinnington Jones,Jack Pinnington Jones,196,300,https://www.atptour.com/en/rankings/singles?dateWeek=2026-01-12&rankRange=0-5000,2026-03-22T00:43:17Z
atp,2026-01-12,G0IX,A. Gea,Arthur Gea,197,300,https://www.atptour.com/en/rankings/singles?dateWeek=2026-01-12&rankRange=0-5000,2026-03-22T00:43:17Z
atp,2026-01-12,G0GW,S. Gueymard Wayenburg,Sascha Gueymard Wayenburg,198,298,https://www.atptour.com/en/rankings/singles?dateWeek=2026-01-12&rankRange=0-5000,2026-03-22T00:43:17Z
atp,2026-01-12,G0BY,D. Glinka,Daniil Glinka,199,297,https://www.atptour.com/en/rankings/singles?dateWeek=2026-01-12&rankRange=0-5000,2026-03-22T00:43:17Z
atp,2026-01-12,A09T,D. Added,Dan Added,200,295,https://www.atptour.com/en/rankings/singles?dateWeek=2026-01-12&rankRange=0-5000,2026-03-22T00:43:17Z
atp,2026-01-12,T09X,C. Tabur,Clement Tabur,201,294,https://www.atptour.com/en/rankings/singles?dateWeek=2026-01-12&rankRange=0-5000,2026-03-22T00:43:17Z
atp,2026-01-12,S0UV,R. Sakamoto,Rei Sakamoto,202,292,https://www.atptour.com/en/rankings/singles?dateWeek=2026-01-12&rankRange=0-5000,2026-03-22T00:43:17Z
atp,2026-01-12,C0AK,O. Crawford,Oliver Crawford,203,292,https://www.atptour.com/en/rankings/singles?dateWeek=2026-01-12&rankRange=0-5000,2026-03-22T00:43:17Z
atp,2026-01-12,KC12,M. Krueger,Mitchell Krueger,204,287,https://www.atptour.com/en/rankings/singles?dateWeek=2026-01-12&rankRange=0-5000,2026-03-22T00:43:17Z
atp,2026-01-12,MV14,A. Molcan,Alex Molcan,205,286,https://www.atptour.com/en/rankings/singles?dateWeek=2026-01-12&rankRange=0-5000,2026-03-22T00:43:17Z
atp,2026-01-12,R0A7,J. Reis Da Silva,Joao Lucas Reis Da Silva,206,284,https://www.atptour.com/en/rankings/singles?dateWeek=2026-01-12&rankRange=0-5000,2026-03-22T00:43:17Z
atp,2026-01-12,B0QC,G. Bailly,Gilles Arnaud Bailly,207,283,https://www.atptour.com/en/rankings/singles?dateWeek=2026-01-12&rankRange=0-5000,2026-03-22T00:43:17Z
atp,2026-01-12,R0E0,C. Rodesch,Chris Rodesch,208,281,https://www.atptour.com/en/rankings/singles?dateWeek=2026-01-12&rankRange=0-5000,2026-03-22T00:43:17Z
atp,2026-01-12,P0IY,J. Prado Angelo,Juan Carlos Prado Angelo,209,279,https://www.atptour.com/en/rankings/singles?dateWeek=2026-01-12&rankRange=0-5000,2026-03-22T00:43:17Z
atp,2026-01-12,GA79,L. Giustino,Lorenzo Giustino,210,279,https://www.atptour.com/en/rankings/singles?dateWeek=2026-01-12&rankRange=0-5000,2026-03-22T00:43:17Z
atp,2026-01-12,L0CF,G. Loffhagen,George Loffhagen,211,278,https://www.atptour.com/en/rankings/singles?dateWeek=2026-01-12&rankRange=0-5000,2026-03-22T00:43:17Z
atp,2026-01-12,L0CX,P. Llamas Ruiz,Pablo Llamas Ruiz,212,274,https://www.atptour.com/en/rankings/singles?dateWeek=2026-01-12&rankRange=0-5000,2026-03-22T00:43:17Z
atp,2026-01-12,GK06,A. Galarneau,Alexis Galarneau,213,272,https://www.atptour.com/en/rankings/singles?dateWeek=2026-01-12&rankRange=0-5000,2026-03-22T00:43:17Z
atp,2026-01-12,B0GR,G. Bueno,Gonzalo Bueno,214,271,https://www.atptour.com/en/rankings/singles?dateWeek=2026-01-12&rankRange=0-5000,2026-03-22T00:43:17Z
atp,2026-01-12,C0BH,C. Chidekh,Clement Chidekh,215,264,https://www.atptour.com/en/rankings/singles?dateWeek=2026-01-12&rankRange=0-5000,2026-03-22T00:43:17Z
atp,2026-01-12,SX91,T. Seyboth Wild,Thiago Seyboth Wild,216,263,https://www.atptour.com/en/rankings/singles?dateWeek=2026-01-12&rankRange=0-5000,2026-03-22T00:43:17Z
atp,2026-01-12,P0AY,L. Pavlovic,Luka Pavlovic,217,262,https://www.atptour.com/en/rankings/singles?dateWeek=2026-01-12&rankRange=0-5000,2026-03-22T00:43:17Z
atp,2026-01-12,M0ON,J. Monday,Johannus Monday,218,261,https://www.atptour.com/en/rankings/singles?dateWeek=2026-01-12&rankRange=0-5000,2026-03-22T00:43:17Z
atp,2026-01-12,PH78,R. Peniston,Ryan Peniston,219,260,https://www.atptour.com/en/rankings/singles?dateWeek=2026-01-12&rankRange=0-5000,2026-03-22T00:43:17Z
atp,2026-01-12,H09F,Y. Hsu,Yu Hsiou Hsu,220,257,https://www.atptour.com/en/rankings/singles?dateWeek=2026-01-12&rankRange=0-5000,2026-03-22T00:43:17Z
atp,2026-01-12,HG86,L. Harris,Lloyd Harris,221,256,https://www.atptour.com/en/rankings/singles?dateWeek=2026-01-12&rankRange=0-5000,2026-03-22T00:43:17Z
atp,2026-01-12,PG20,D. Popko,Dmitry Popko,222,255,https://www.atptour.com/en/rankings/singles?dateWeek=2026-01-12&rankRange=0-5000,2026-03-22T00:43:17Z
atp,2026-01-12,F840,N. Fatic,Nerman Fatic,223,254,https://www.atptour.com/en/rankings/singles?dateWeek=2026-01-12&rankRange=0-5000,2026-03-22T00:43:17Z
atp,2026-01-12,C0HT,M. Cassone,Murphy Cassone,224,252,https://www.atptour.com/en/rankings/singles?dateWeek=2026-01-12&rankRange=0-5000,2026-03-22T00:43:17Z
atp,2026-01-12,MW75,F. Meligeni Alves,Felipe Meligeni Alves,225,251,https://www.atptour.com/en/rankings/singles?dateWeek=2026-01-12&rankRange=0-5000,2026-03-22T00:43:17Z
atp,2026-01-12,N0CS,L. Neumayer,Lukas Neumayer,226,251,https://www.atptour.com/en/rankings/singles?dateWeek=2026-01-12&rankRange=0-5000,2026-03-22T00:43:17Z
atp,2026-01-12,RH59,S. Rodriguez Taverna,Santiago Rodriguez Taverna,227,250,https://www.atptour.com/en/rankings/singles?dateWeek=2026-01-12&rankRange=0-5000,2026-03-22T00:43:17Z
atp,2026-01-12,MP01,M. Mmoh,Michael Mmoh,228,247,https://www.atptour.com/en/rankings/singles?dateWeek=2026-01-12&rankRange=0-5000,2026-03-22T00:43:17Z
atp,2026-01-12,B0ER,A. Bouquier,Arthur Bouquier,229,247,https://www.atptour.com/en/rankings/singles?dateWeek=2026-01-12&rankRange=0-5000,2026-03-22T00:43:17Z
atp,2026-01-12,CF01,M. Cecchinato,Marco Cecchinato,230,247,https://www.atptour.com/en/rankings/singles?dateWeek=2026-01-12&rankRange=0-5000,2026-03-22T00:43:17Z
atp,2026-01-12,O660,G. Olivieri,Genaro Alberto Olivieri,231,247,https://www.atptour.com/en/rankings/singles?dateWeek=2026-01-12&rankRange=0-5000,2026-03-22T00:43:17Z
atp,2026-01-12,P0J1,R. Pacheco Mendez,Rodrigo Pacheco Mendez,232,247,https://www.atptour.com/en/rankings/singles?dateWeek=2026-01-12&rankRange=0-5000,2026-03-22T00:43:17Z
atp,2026-01-12,D0L3,M. Dodig,Matej Dodig,233,244,https://www.atptour.com/en/rankings/singles?dateWeek=2026-01-12&rankRange=0-5000,2026-03-22T00:43:17Z
atp,2026-01-12,M0OH,L. Midon,Lautaro Midon,234,243,https://www.atptour.com/en/rankings/singles?dateWeek=2026-01-12&rankRange=0-5000,2026-03-22T00:43:17Z
atp,2026-01-12,C0NB,F. Cina,Federico Cina,235,240,https://www.atptour.com/en/rankings/singles?dateWeek=2026-01-12&rankRange=0-5000,2026-03-22T00:43:17Z
atp,2026-01-12,T0FI,M. Topo,Marko Topo,236,234,https://www.atptour.com/en/rankings/singles?dateWeek=2026-01-12&rankRange=0-5000,2026-03-22T00:43:17Z
atp,2026-01-12,N552,K. Nishikori,Kei Nishikori,237,232,https://www.atptour.com/en/rankings/singles?dateWeek=2026-01-12&rankRange=0-5000,2026-03-22T00:43:17Z
atp,2026-01-12,H0DU,G. Heide,Gustavo Heide,238,232,https://www.atptour.com/en/rankings/singles?dateWeek=2026-01-12&rankRange=0-5000,2026-03-22T00:43:17Z
atp,2026-01-12,B0NN,N. Basavareddy,Nishesh Basavareddy,239,230,https://www.atptour.com/en/rankings/singles?dateWeek=2026-01-12&rankRange=0-5000,2026-03-22T00:43:17Z
atp,2026-01-12,CC66,A. Collarini,Andrea Collarini,240,228,https://www.atptour.com/en/rankings/singles?dateWeek=2026-01-12&rankRange=0-5000,2026-03-22T00:43:17Z
atp,2026-01-12,S0WT,J. Schwaerzler,Joel Schwaerzler,241,225,https://www.atptour.com/en/rankings/singles?dateWeek=2026-01-12&rankRange=0-5000,2026-03-22T00:43:17Z
atp,2026-01-12,M0HT,A. Moro Canas,Alejandro Moro Canas,242,225,https://www.atptour.com/en/rankings/singles?dateWeek=2026-01-12&rankRange=0-5000,2026-03-22T00:43:17Z
atp,2026-01-12,D0CG,F. Diaz Acosta,Facundo Diaz Acosta,243,224,https://www.atptour.com/en/rankings/singles?dateWeek=2026-01-12&rankRange=0-5000,2026-03-22T00:43:17Z
atp,2026-01-12,Z0CQ,Y. Zhou,Yi Zhou,244,224,https://www.atptour.com/en/rankings/singles?dateWeek=2026-01-12&rankRange=0-5000,2026-03-22T00:43:17Z
atp,2026-01-12,HF80,H. Habib,Hady Habib,245,223,https://www.atptour.com/en/rankings/singles?dateWeek=2026-01-12&rankRange=0-5000,2026-03-22T00:43:17Z
atp,2026-01-12,N09U,R. Noguchi,Rio Noguchi,246,222,https://www.atptour.com/en/rankings/singles?dateWeek=2026-01-12&rankRange=0-5000,2026-03-22T00:43:17Z
atp,2026-01-12,H0CX,M. Houkes,Max Houkes,247,221,https://www.atptour.com/en/rankings/singles?dateWeek=2026-01-12&rankRange=0-5000,2026-03-22T00:43:17Z
atp,2026-01-12,S0TM,T. Samuel,Toby Samuel,248,218,https://www.atptour.com/en/rankings/singles?dateWeek=2026-01-12&rankRange=0-5000,2026-03-22T00:43:17Z
atp,2026-01-12,U120,K. Uchida,Kaichi Uchida,249,218,https://www.atptour.com/en/rankings/singles?dateWeek=2026-01-12&rankRange=0-5000,2026-03-22T00:43:17Z
atp,2026-01-12,CG33,K. Coppejans,Kimmer Coppejans,250,218,https://www.atptour.com/en/rankings/singles?dateWeek=2026-01-12&rankRange=0-5000,2026-03-22T00:43:17Z
atp,2026-01-12,DC48,M. Dellien,Murkel Dellien,251,218,https://www.atptour.com/en/rankings/singles?dateWeek=2026-01-12&rankRange=0-5000,2026-03-22T00:43:17Z
atp,2026-01-12,HH06,M. Huesler,Marc Andrea Huesler,252,216,https://www.atptour.com/en/rankings/singles?dateWeek=2026-01-12&rankRange=0-5000,2026-03-22T00:43:17Z
atp,2026-01-12,V836,J. Varillas,Juan Pablo Varillas,253,213,https://www.atptour.com/en/rankings/singles?dateWeek=2026-01-12&rankRange=0-5000,2026-03-22T00:43:17Z
atp,2026-01-12,R0FP,D. Rincon,Daniel Rincon,254,212,https://www.atptour.com/en/rankings/singles?dateWeek=2026-01-12&rankRange=0-5000,2026-03-22T00:43:17Z
atp,2026-01-12,BU70,R. Bertola,Remy Bertola,255,212,https://www.atptour.com/en/rankings/singles?dateWeek=2026-01-12&rankRange=0-5000,2026-03-22T00:43:17Z
atp,2026-01-12,BU54,G. Blancaneaux,Geoffrey Blancaneaux,256,212,https://www.atptour.com/en/rankings/singles?dateWeek=2026-01-12&rankRange=0-5000,2026-03-22T00:43:17Z
atp,2026-01-12,KC29,N. Kicker,Nicolas Kicker,257,210,https://www.atptour.com/en/rankings/singles?dateWeek=2026-01-12&rankRange=0-5000,2026-03-22T00:43:17Z
atp,2026-01-12,HG94,B. Hassan,Benjamin Hassan,258,208,https://www.atptour.com/en/rankings/singles?dateWeek=2026-01-12&rankRange=0-5000,2026-03-22T00:43:17Z
atp,2026-01-12,HB48,C. Hemery,Calvin Hemery,259,208,https://www.atptour.com/en/rankings/singles?dateWeek=2026-01-12&rankRange=0-5000,2026-03-22T00:43:17Z
atp,2026-01-12,M0E1,D. Michalski,Daniel Michalski,260,207,https://www.atptour.com/en/rankings/singles?dateWeek=2026-01-12&rankRange=0-5000,2026-03-22T00:43:17Z
atp,2026-01-12,GE28,I. Gakhov,Ivan Gakhov,261,203,https://www.atptour.com/en/rankings/singles?dateWeek=2026-01-12&rankRange=0-5000,2026-03-22T00:43:17Z
atp,2026-01-12,SN54,F. Ferreira Silva,Frederico Ferreira Silva,262,202,https://www.atptour.com/en/rankings/singles?dateWeek=2026-01-12&rankRange=0-5000,2026-03-22T00:43:17Z
atp,2026-01-12,KC33,D. Kuzmanov,Dimitar Kuzmanov,263,202,https://www.atptour.com/en/rankings/singles?dateWeek=2026-01-12&rankRange=0-5000,2026-03-22T00:43:17Z
atp,2026-01-12,P0K4,T. Pereira,Tiago Pereira,264,202,https://www.atptour.com/en/rankings/singles?dateWeek=2026-01-12&rankRange=0-5000,2026-03-22T00:43:17Z
atp,2026-01-12,Z09Z,B. Zhukayev,Beibit Zhukayev,265,201,https://www.atptour.com/en/rankings/singles?dateWeek=2026-01-12&rankRange=0-5000,2026-03-22T00:43:17Z
atp,2026-01-12,O0A2,G. Onclin,Gauthier Onclin,266,200,https://www.atptour.com/en/rankings/singles?dateWeek=2026-01-12&rankRange=0-5000,2026-03-22T00:43:17Z
atp,2026-01-12,CE77,F. Coria,Federico Coria,267,200,https://www.atptour.com/en/rankings/singles?dateWeek=2026-01-12&rankRange=0-5000,2026-03-22T00:43:17Z
atp,2026-01-12,SX90,F. Sun,Fajing Sun,268,200,https://www.atptour.com/en/rankings/singles?dateWeek=2026-01-12&rankRange=0-5000,2026-03-22T00:43:17Z
atp,2026-01-12,P0GN,T. Paris,Tom Paris,269,200,https://www.atptour.com/en/rankings/singles?dateWeek=2026-01-12&rankRange=0-5000,2026-03-22T00:43:17Z
atp,2026-01-12,M0NP,A. Martin,Andres Martin,270,200,https://www.atptour.com/en/rankings/singles?dateWeek=2026-01-12&rankRange=0-5000,2026-03-22T00:43:17Z
atp,2026-01-12,AG08,A. Andrade,Andres Andrade,271,200,https://www.atptour.com/en/rankings/singles?dateWeek=2026-01-12&rankRange=0-5000,2026-03-22T00:43:17Z
atp,2026-01-12,S0O6,I. Simakin,Ilia Simakin,272,199,https://www.atptour.com/en/rankings/singles?dateWeek=2026-01-12&rankRange=0-5000,2026-03-22T00:43:17Z
atp,2026-01-12,B0MM,E. Butvilas,Edas Butvilas,273,199,https://www.atptour.com/en/rankings/singles?dateWeek=2026-01-12&rankRange=0-5000,2026-03-22T00:43:17Z
atp,2026-01-12,Z09F,P. Zahraj,Patrick Zahraj,274,198,https://www.atptour.com/en/rankings/singles?dateWeek=2026-01-12&rankRange=0-5000,2026-03-22T00:43:17Z
atp,2026-01-12,B0FI,P. Boscardin Dias,Pedro Boscardin Dias,275,197,https://www.atptour.com/en/rankings/singles?dateWeek=2026-01-12&rankRange=0-5000,2026-03-22T00:43:17Z
atp,2026-01-12,S0AK,H. Squire,Henri Squire,276,195,https://www.atptour.com/en/rankings/singles?dateWeek=2026-01-12&rankRange=0-5000,2026-03-22T00:43:17Z
atp,2026-01-12,MW76,M. Martineau,Matteo Martineau,277,193,https://www.atptour.com/en/rankings/singles?dateWeek=2026-01-12&rankRange=0-5000,2026-03-22T00:43:17Z
atp,2026-01-12,J09X,F. Jianu,Filip Cristian Jianu,278,191,https://www.atptour.com/en/rankings/singles?dateWeek=2026-01-12&rankRange=0-5000,2026-03-22T00:43:17Z
atp,2026-01-12,N897,S. Nagal,Sumit Nagal,279,190,https://www.atptour.com/en/rankings/singles?dateWeek=2026-01-12&rankRange=0-5000,2026-03-22T00:43:17Z
atp,2026-01-12,KE64,S. Kozlov,Stefan Kozlov,280,190,https://www.atptour.com/en/rankings/singles?dateWeek=2026-01-12&rankRange=0-5000,2026-03-22T00:43:17Z
atp,2026-01-12,RG42,A. Rybakov,Alex Rybakov,281,189,https://www.atptour.com/en/rankings/singles?dateWeek=2026-01-12&rankRange=0-5000,2026-03-22T00:43:17Z
atp,2026-01-12,S0KT,S. Sakellaridis,Stefanos Sakellaridis,282,187,https://www.atptour.com/en/rankings/singles?dateWeek=2026-01-12&rankRange=0-5000,2026-03-22T00:43:17Z
atp,2026-01-12,G0IB,T. Gentzsch,Tom Gentzsch,283,187,https://www.atptour.com/en/rankings/singles?dateWeek=2026-01-12&rankRange=0-5000,2026-03-22T00:43:17Z
atp,2026-01-12,GH92,B. Gojo,Borna Gojo,284,186,https://www.atptour.com/en/rankings/singles?dateWeek=2026-01-12&rankRange=0-5000,2026-03-22T00:43:17Z
atp,2026-01-12,E865,C. Eubanks,Christopher Eubanks,285,186,https://www.atptour.com/en/rankings/singles?dateWeek=2026-01-12&rankRange=0-5000,2026-03-22T00:43:17Z
atp,2026-01-12,P0EA,S. Purtseladze,Saba Purtseladze,286,185,https://www.atptour.com/en/rankings/singles?dateWeek=2026-01-12&rankRange=0-5000,2026-03-22T00:43:17Z
atp,2026-01-12,GG65,M. Geerts,Michael Geerts,287,184,https://www.atptour.com/en/rankings/singles?dateWeek=2026-01-12&rankRange=0-5000,2026-03-22T00:43:17Z
atp,2026-01-12,B0BU,F. Bax,Florent Bax,288,183,https://www.atptour.com/en/rankings/singles?dateWeek=2026-01-12&rankRange=0-5000,2026-03-22T00:43:17Z
atp,2026-01-12,N0DB,A. Nedic,Andrej Nedic,289,182,https://www.atptour.com/en/rankings/singles?dateWeek=2026-01-12&rankRange=0-5000,2026-03-22T00:43:17Z
atp,2026-01-12,A0F3,F. Andaloro,Fabrizio Andaloro,290,180,https://www.atptour.com/en/rankings/singles?dateWeek=2026-01-12&rankRange=0-5000,2026-03-22T00:43:17Z
atp,2026-01-12,S0NV,A. Shelbayh,Abdullah Shelbayh,291,179,https://www.atptour.com/en/rankings/singles?dateWeek=2026-01-12&rankRange=0-5000,2026-03-22T00:43:17Z
atp,2026-01-12,J0B5,G. Johns,Garrett Johns,292,179,https://www.atptour.com/en/rankings/singles?dateWeek=2026-01-12&rankRange=0-5000,2026-03-22T00:43:17Z
atp,2026-01-12,K926,M. Kukushkin,Mikhail Kukushkin,293,178,https://www.atptour.com/en/rankings/singles?dateWeek=2026-01-12&rankRange=0-5000,2026-03-22T00:43:17Z
atp,2026-01-12,Z0AK,T. Zink,Tyler Zink,294,178,https://www.atptour.com/en/rankings/singles?dateWeek=2026-01-12&rankRange=0-5000,2026-03-22T00:43:17Z
atp,2026-01-12,B0NO,D. Blanch,Darwin Blanch,295,176,https://www.atptour.com/en/rankings/singles?dateWeek=2026-01-12&rankRange=0-5000,2026-03-22T00:43:17Z
atp,2026-01-12,BI23,L. Broady,Liam Broady,296,176,https://www.atptour.com/en/rankings/singles?dateWeek=2026-01-12&rankRange=0-5000,2026-03-22T00:43:17Z
atp,2026-01-12,P0DF,M. Pucinelli De Almeida,Matheus Pucinelli De Almeida,297,176,https://www.atptour.com/en/rankings/singles?dateWeek=2026-01-12&rankRange=0-5000,2026-03-22T00:43:17Z
atp,2026-01-12,B0JJ,R. Bertrand,Robin Bertrand,298,176,https://www.atptour.com/en/rankings/singles?dateWeek=2026-01-12&rankRange=0-5000,2026-03-22T00:43:17Z
atp,2026-01-12,BU10,J. Berrettini,Jacopo Berrettini,299,175,https://www.atptour.com/en/rankings/singles?dateWeek=2026-01-12&rankRange=0-5000,2026-03-22T00:43:17Z
atp,2026-01-12,B0OU,H. Barton,Hynek Barton,300,175,https://www.atptour.com/en/rankings/singles?dateWeek=2026-01-12&rankRange=0-5000,2026-03-22T00:43:17Z
atp,2026-01-12,T0BW,J. Trotter,James Trotter,301,173,https://www.atptour.com/en/rankings/singles?dateWeek=2026-01-12&rankRange=0-5000,2026-03-22T00:43:17Z
atp,2026-01-12,K0CJ,S. Kopp,Sandro Kopp,302,171,https://www.atptour.com/en/rankings/singles?dateWeek=2026-01-12&rankRange=0-5000,2026-03-22T00:43:17Z
atp,2026-01-12,S0MN,M. Sharipov,Marat Sharipov,303,170,https://www.atptour.com/en/rankings/singles?dateWeek=2026-01-12&rankRange=0-5000,2026-03-22T00:43:17Z
atp,2026-01-12,BV21,C. Broom,Charles Broom,304,169,https://www.atptour.com/en/rankings/singles?dateWeek=2026-01-12&rankRange=0-5000,2026-03-22T00:43:17Z
atp,2026-01-12,S0GZ,N. Sanchez Izquierdo,Nikolas Sanchez Izquierdo,305,169,https://www.atptour.com/en/rankings/singles?dateWeek=2026-01-12&rankRange=0-5000,2026-03-22T00:43:17Z
atp,2026-01-12,B0OV,P. Brunclik,Petr Brunclik,306,168,https://www.atptour.com/en/rankings/singles?dateWeek=2026-01-12&rankRange=0-5000,2026-03-22T00:43:17Z
atp,2026-01-12,U134,Y. Uchiyama,Yasutaka Uchiyama,307,167,https://www.atptour.com/en/rankings/singles?dateWeek=2026-01-12&rankRange=0-5000,2026-03-22T00:43:17Z
atp,2026-01-12,M0GY,L. Marmousez,Lilian Marmousez,308,167,https://www.atptour.com/en/rankings/singles?dateWeek=2026-01-12&rankRange=0-5000,2026-03-22T00:43:17Z
atp,2026-01-12,DF88,A. Dougaz,Aziz Dougaz,309,166,https://www.atptour.com/en/rankings/singles?dateWeek=2026-01-12&rankRange=0-5000,2026-03-22T00:43:17Z
atp,2026-01-12,C0NN,G. Cadenasso,Gianluca Cadenasso,310,166,https://www.atptour.com/en/rankings/singles?dateWeek=2026-01-12&rankRange=0-5000,2026-03-22T00:43:17Z
atp,2026-01-12,S0RE,J. Shang,Juncheng Shang,311,165,https://www.atptour.com/en/rankings/singles?dateWeek=2026-01-12&rankRange=0-5000,2026-03-22T00:43:17Z
atp,2026-01-12,G0AO,A. Gray,Alastair Gray,312,165,https://www.atptour.com/en/rankings/singles?dateWeek=2026-01-12&rankRange=0-5000,2026-03-22T00:43:17Z
atp,2026-01-12,C0HB,E. Coulibaly,Eliakim Coulibaly,313,165,https://www.atptour.com/en/rankings/singles?dateWeek=2026-01-12&rankRange=0-5000,2026-03-22T00:43:17Z
atp,2026-01-12,SQ80,A. Santillan,Akira Santillan,314,165,https://www.atptour.com/en/rankings/singles?dateWeek=2026-01-12&rankRange=0-5000,2026-03-22T00:43:17Z
atp,2026-01-12,GB93,N. Gombos,Norbert Gombos,315,164,https://www.atptour.com/en/rankings/singles?dateWeek=2026-01-12&rankRange=0-5000,2026-03-22T00:43:17Z
atp,2026-01-12,W0AH,H. Wendelken,Harry Wendelken,316,164,https://www.atptour.com/en/rankings/singles?dateWeek=2026-01-12&rankRange=0-5000,2026-03-22T00:43:17Z
atp,2026-01-12,S0CG,C. Sanchez Jover,Carlos Sanchez Jover,317,161,https://www.atptour.com/en/rankings/singles?dateWeek=2026-01-12&rankRange=0-5000,2026-03-22T00:43:17Z
atp,2026-01-12,D0CN,M. Damas,Miguel Damas,318,159,https://www.atptour.com/en/rankings/singles?dateWeek=2026-01-12&rankRange=0-5000,2026-03-22T00:43:17Z
atp,2026-01-12,G628,R. Gasquet,Richard Gasquet,319,158,https://www.atptour.com/en/rankings/singles?dateWeek=2026-01-12&rankRange=0-5000,2026-03-22T00:43:17Z
atp,2026-01-12,SK94,C. Stebe,Cedrik Marcel Stebe,320,158,https://www.atptour.com/en/rankings/singles?dateWeek=2026-01-12&rankRange=0-5000,2026-03-22T00:43:17Z
atp,2026-01-12,RH62,M. Rosenkranz,Mats Rosenkranz,321,158,https://www.atptour.com/en/rankings/singles?dateWeek=2026-01-12&rankRange=0-5000,2026-03-22T00:43:17Z
atp,2026-01-12,MJ98,F. Mena,Facundo Mena,322,157,https://www.atptour.com/en/rankings/singles?dateWeek=2026-01-12&rankRange=0-5000,2026-03-22T00:43:17Z
atp,2026-01-12,DC76,V. Durasovic,Viktor Durasovic,323,157,https://www.atptour.com/en/rankings/singles?dateWeek=2026-01-12&rankRange=0-5000,2026-03-22T00:43:17Z
atp,2026-01-12,TD55,R. Tokuda,Renta Tokuda,324,157,https://www.atptour.com/en/rankings/singles?dateWeek=2026-01-12&rankRange=0-5000,2026-03-22T00:43:17Z
atp,2026-01-12,B0C0,A. Boitan,Adrian Boitan,325,157,https://www.atptour.com/en/rankings/singles?dateWeek=2026-01-12&rankRange=0-5000,2026-03-22T00:43:17Z
atp,2026-01-12,H0BF,P. Henning,Philip Henning,326,156,https://www.atptour.com/en/rankings/singles?dateWeek=2026-01-12&rankRange=0-5000,2026-03-22T00:43:17Z
atp,2026-01-12,D0LJ,D. Dedura,Diego Dedura,327,156,https://www.atptour.com/en/rankings/singles?dateWeek=2026-01-12&rankRange=0-5000,2026-03-22T00:43:17Z
atp,2026-01-12,B0LQ,P. Bar Biryukov,Petr Bar Biryukov,328,156,https://www.atptour.com/en/rankings/singles?dateWeek=2026-01-12&rankRange=0-5000,2026-03-22T00:43:17Z
atp,2026-01-12,E0AC,M. Erhard,Mathys Erhard,329,156,https://www.atptour.com/en/rankings/singles?dateWeek=2026-01-12&rankRange=0-5000,2026-03-22T00:43:17Z
atp,2026-01-12,J553,O. Jasika,Omar Jasika,330,155,https://www.atptour.com/en/rankings/singles?dateWeek=2026-01-12&rankRange=0-5000,2026-03-22T00:43:17Z
atp,2026-01-12,A0CJ,D. Ajdukovic,Duje Ajdukovic,331,153,https://www.atptour.com/en/rankings/singles?dateWeek=2026-01-12&rankRange=0-5000,2026-03-22T00:43:17Z
atp,2026-01-12,F0A3,S. Fomin,Sergey Fomin,332,151,https://www.atptour.com/en/rankings/singles?dateWeek=2026-01-12&rankRange=0-5000,2026-03-22T00:43:17Z
atp,2026-01-12,T0GR,O. Tarvet,Oliver Tarvet,333,150,https://www.atptour.com/en/rankings/singles?dateWeek=2026-01-12&rankRange=0-5000,2026-03-22T00:43:17Z
atp,2026-01-12,MF35,A. Martin,Andrej Martin,334,149,https://www.atptour.com/en/rankings/singles?dateWeek=2026-01-12&rankRange=0-5000,2026-03-22T00:43:17Z
atp,2026-01-12,AA27,F. Agamenone,Franco Agamenone,335,149,https://www.atptour.com/en/rankings/singles?dateWeek=2026-01-12&rankRange=0-5000,2026-03-22T00:43:17Z
atp,2026-01-12,VA08,A. Vavassori,Andrea Vavassori,336,147,https://www.atptour.com/en/rankings/singles?dateWeek=2026-01-12&rankRange=0-5000,2026-03-22T00:43:17Z
atp,2026-01-12,PL39,A. Perez,Alfredo Perez,337,147,https://www.atptour.com/en/rankings/singles?dateWeek=2026-01-12&rankRange=0-5000,2026-03-22T00:43:17Z
atp,2026-01-12,S0EX,H. Stewart,Hamish Stewart,338,147,https://www.atptour.com/en/rankings/singles?dateWeek=2026-01-12&rankRange=0-5000,2026-03-22T00:43:17Z
atp,2026-01-12,SG56,D. Dutra da Silva,Daniel Dutra Da Silva,339,146,https://www.atptour.com/en/rankings/singles?dateWeek=2026-01-12&rankRange=0-5000,2026-03-22T00:43:17Z
atp,2026-01-12,S0AQ,Y. Shimizu,Yuta Shimizu,340,145,https://www.atptour.com/en/rankings/singles?dateWeek=2026-01-12&rankRange=0-5000,2026-03-22T00:43:17Z
atp,2026-01-12,P0I6,G. Piraino,Gabriele Piraino,341,144,https://www.atptour.com/en/rankings/singles?dateWeek=2026-01-12&rankRange=0-5000,2026-03-22T00:43:17Z
atp,2026-01-12,M0SE,M. Mrva,Maxim Mrva,342,144,https://www.atptour.com/en/rankings/singles?dateWeek=2026-01-12&rankRange=0-5000,2026-03-22T00:43:17Z
atp,2026-01-12,K0FY,M. Krumich,Martin Krumich,343,144,https://www.atptour.com/en/rankings/singles?dateWeek=2026-01-12&rankRange=0-5000,2026-03-22T00:43:17Z
atp,2026-01-12,V821,G. Villanueva,Gonzalo Villanueva,344,144,https://www.atptour.com/en/rankings/singles?dateWeek=2026-01-12&rankRange=0-5000,2026-03-22T00:43:17Z
atp,2026-01-12,SO20,J. Sels,Jelle Sels,345,143,https://www.atptour.com/en/rankings/singles?dateWeek=2026-01-12&rankRange=0-5000,2026-03-22T00:43:17Z
atp,2026-01-12,R0BT,F. Roncadelli,Franco Roncadelli,346,141,https://www.atptour.com/en/rankings/singles?dateWeek=2026-01-12&rankRange=0-5000,2026-03-22T00:43:17Z
atp,2026-01-12,LI10,C. Langmo,Christian Langmo,347,141,https://www.atptour.com/en/rankings/singles?dateWeek=2026-01-12&rankRange=0-5000,2026-03-22T00:43:17Z
atp,2026-01-12,G0IW,A. Ghibaudo,Antoine Ghibaudo,348,140,https://www.atptour.com/en/rankings/singles?dateWeek=2026-01-12&rankRange=0-5000,2026-03-22T00:43:17Z
atp,2026-01-12,BV25,J. Barranco Cosano,Javier Barranco Cosano,349,139,https://www.atptour.com/en/rankings/singles?dateWeek=2026-01-12&rankRange=0-5000,2026-03-22T00:43:17Z
atp,2026-01-12,H0DC,G. Hussey,Giles Hussey,350,139,https://www.atptour.com/en/rankings/singles?dateWeek=2026-01-12&rankRange=0-5000,2026-03-22T00:43:17Z
atp,2026-01-12,G09C,M. Gengel,Marek Gengel,351,137,https://www.atptour.com/en/rankings/singles?dateWeek=2026-01-12&rankRange=0-5000,2026-03-22T00:43:17Z
atp,2026-01-12,I0B0,A. Ilagan,Andre Ilagan,352,137,https://www.atptour.com/en/rankings/singles?dateWeek=2026-01-12&rankRange=0-5000,2026-03-22T00:43:17Z
atp,2026-01-12,M0RE,P. Maloney,Patrick Maloney,353,136,https://www.atptour.com/en/rankings/singles?dateWeek=2026-01-12&rankRange=0-5000,2026-03-22T00:43:17Z
atp,2026-01-12,S09P,S. Shin,Sanhui Shin,354,136,https://www.atptour.com/en/rankings/singles?dateWeek=2026-01-12&rankRange=0-5000,2026-03-22T00:43:17Z
atp,2026-01-12,S0BT,A. Soriano Barrera,Adria Soriano Barrera,355,135,https://www.atptour.com/en/rankings/singles?dateWeek=2026-01-12&rankRange=0-5000,2026-03-22T00:43:17Z
atp,2026-01-12,A09U,N. Alvarez Varona,Nicolas Alvarez Varona,356,135,https://www.atptour.com/en/rankings/singles?dateWeek=2026-01-12&rankRange=0-5000,2026-03-22T00:43:17Z
atp,2026-01-12,S0LA,D. Stricker,Dominic Stricker,357,133,https://www.atptour.com/en/rankings/singles?dateWeek=2026-01-12&rankRange=0-5000,2026-03-22T00:43:17Z
atp,2026-01-12,T0DM,J. Torres,Juan Bautista Torres,358,133,https://www.atptour.com/en/rankings/singles?dateWeek=2026-01-12&rankRange=0-5000,2026-03-22T00:43:17Z
atp,2026-01-12,N731,C. Negritu,Christoph Negritu,359,132,https://www.atptour.com/en/rankings/singles?dateWeek=2026-01-12&rankRange=0-5000,2026-03-22T00:43:17Z
atp,2026-01-12,J0A4,P. Jubb,Paul Jubb,360,131,https://www.atptour.com/en/rankings/singles?dateWeek=2026-01-12&rankRange=0-5000,2026-03-22T00:43:17Z
atp,2026-01-12,W857,T. Wu,Tung Lin Wu,361,131,https://www.atptour.com/en/rankings/singles?dateWeek=2026-01-12&rankRange=0-5000,2026-03-22T00:43:17Z
atp,2026-01-12,Z371,Z. Zhang,Zhizhen Zhang,362,130,https://www.atptour.com/en/rankings/singles?dateWeek=2026-01-12&rankRange=0-5000,2026-03-22T00:43:17Z
atp,2026-01-12,K0E6,A. Kachmazov,Alibek Kachmazov,363,130,https://www.atptour.com/en/rankings/singles?dateWeek=2026-01-12&rankRange=0-5000,2026-03-22T00:43:17Z
atp,2026-01-12,E698,G. Elias,Gastao Elias,364,130,https://www.atptour.com/en/rankings/singles?dateWeek=2026-01-12&rankRange=0-5000,2026-03-22T00:43:17Z
atp,2026-01-12,CG07,H. Casanova,Hernan Casanova,365,130,https://www.atptour.com/en/rankings/singles?dateWeek=2026-01-12&rankRange=0-5000,2026-03-22T00:43:17Z
atp,2026-01-12,P0B2,L. Potenza,Luca Potenza,366,130,https://www.atptour.com/en/rankings/singles?dateWeek=2026-01-12&rankRange=0-5000,2026-03-22T00:43:17Z
atp,2026-01-12,DA81,T. Daniel,Taro Daniel,367,128,https://www.atptour.com/en/rankings/singles?dateWeek=2026-01-12&rankRange=0-5000,2026-03-22T00:43:17Z
atp,2026-01-12,P0D0,J. Paul,Jakub Paul,368,128,https://www.atptour.com/en/rankings/singles?dateWeek=2026-01-12&rankRange=0-5000,2026-03-22T00:43:17Z
atp,2026-01-12,G0EU,F. Gill,Felix Gill,369,128,https://www.atptour.com/en/rankings/singles?dateWeek=2026-01-12&rankRange=0-5000,2026-03-22T00:43:17Z
atp,2026-01-12,B0LL,V. Bielinskyi,Viacheslav Bielinskyi,370,128,https://www.atptour.com/en/rankings/singles?dateWeek=2026-01-12&rankRange=0-5000,2026-03-22T00:43:17Z
atp,2026-01-12,V717,A. Vatutin,Alexey Vatutin,371,128,https://www.atptour.com/en/rankings/singles?dateWeek=2026-01-12&rankRange=0-5000,2026-03-22T00:43:17Z
atp,2026-01-12,J0AW,G. Justo,Guido Ivan Justo,372,128,https://www.atptour.com/en/rankings/singles?dateWeek=2026-01-12&rankRange=0-5000,2026-03-22T00:43:17Z
atp,2026-01-12,M0EA,P. Martin Tiffon,Pol Martin Tiffon,373,127,https://www.atptour.com/en/rankings/singles?dateWeek=2026-01-12&rankRange=0-5000,2026-03-22T00:43:17Z
atp,2026-01-12,F0F4,K. Feldbausch,Kilian Feldbausch,374,127,https://www.atptour.com/en/rankings/singles?dateWeek=2026-01-12&rankRange=0-5000,2026-03-22T00:43:17Z
atp,2026-01-12,SL94,P. Sakamoto,Pedro Sakamoto,375,127,https://www.atptour.com/en/rankings/singles?dateWeek=2026-01-12&rankRange=0-5000,2026-03-22T00:43:17Z
atp,2026-01-12,A0BA,F. Arnaboldi,Federico Arnaboldi,376,127,https://www.atptour.com/en/rankings/singles?dateWeek=2026-01-12&rankRange=0-5000,2026-03-22T00:43:17Z
atp,2026-01-12,C0B2,C. Cretu,Cezar Cretu,377,126,https://www.atptour.com/en/rankings/singles?dateWeek=2026-01-12&rankRange=0-5000,2026-03-22T00:43:17Z
atp,2026-01-12,J0D2,M. Jones,Maximus Jones,378,126,https://www.atptour.com/en/rankings/singles?dateWeek=2026-01-12&rankRange=0-5000,2026-03-22T00:43:17Z
atp,2026-01-12,Y171,D. Yevseyev,Denis Yevseyev,379,126,https://www.atptour.com/en/rankings/singles?dateWeek=2026-01-12&rankRange=0-5000,2026-03-22T00:43:17Z
atp,2026-01-12,S0VM,T. Svajda,Trevor Svajda,380,124,https://www.atptour.com/en/rankings/singles?dateWeek=2026-01-12&rankRange=0-5000,2026-03-22T00:43:17Z
atp,2026-01-12,A0EA,M. Alcala Gurri,Max Alcala Gurri,381,124,https://www.atptour.com/en/rankings/singles?dateWeek=2026-01-12&rankRange=0-5000,2026-03-22T00:43:17Z
atp,2026-01-12,PG94,M. Polmans,Marc Polmans,382,123,https://www.atptour.com/en/rankings/singles?dateWeek=2026-01-12&rankRange=0-5000,2026-03-22T00:43:17Z
atp,2026-01-12,P0GQ,M. Poljicak,Mili Poljicak,383,123,https://www.atptour.com/en/rankings/singles?dateWeek=2026-01-12&rankRange=0-5000,2026-03-22T00:43:17Z
atp,2026-01-12,M0CW,A. McHugh,Aidan Mchugh,384,123,https://www.atptour.com/en/rankings/singles?dateWeek=2026-01-12&rankRange=0-5000,2026-03-22T00:43:17Z
atp,2026-01-12,J476,D. Jorda Sanchis,David Jorda Sanchis,385,123,https://www.atptour.com/en/rankings/singles?dateWeek=2026-01-12&rankRange=0-5000,2026-03-22T00:43:17Z
atp,2026-01-12,S0EK,M. Soto,Matias Soto,386,122,https://www.atptour.com/en/rankings/singles?dateWeek=2026-01-12&rankRange=0-5000,2026-03-22T00:43:17Z
atp,2026-01-12,F0BT,J. Forejtek,Jonas Forejtek,387,121,https://www.atptour.com/en/rankings/singles?dateWeek=2026-01-12&rankRange=0-5000,2026-03-22T00:43:17Z
atp,2026-01-12,B0LW,M. Brunold,Mika Brunold,388,121,https://www.atptour.com/en/rankings/singles?dateWeek=2026-01-12&rankRange=0-5000,2026-03-22T00:43:17Z
atp,2026-01-12,BF23,F. Bagnis,Facundo Bagnis,389,120,https://www.atptour.com/en/rankings/singles?dateWeek=2026-01-12&rankRange=0-5000,2026-03-22T00:43:17Z
atp,2026-01-12,TC01,L. Tu,Li Tu,390,120,https://www.atptour.com/en/rankings/singles?dateWeek=2026-01-12&rankRange=0-5000,2026-03-22T00:43:17Z
atp,2026-01-12,X01C,I. Xilas,Ioannis Xilas,391,120,https://www.atptour.com/en/rankings/singles?dateWeek=2026-01-12&rankRange=0-5000,2026-03-22T00:43:17Z
atp,2026-01-12,C0LK,C. Caniato,Carlo Alberto Caniato,392,120,https://www.atptour.com/en/rankings/singles?dateWeek=2026-01-12&rankRange=0-5000,2026-03-22T00:43:17Z
atp,2026-01-12,P0DR,A. Picchione,Andrea Picchione,393,119,https://www.atptour.com/en/rankings/singles?dateWeek=2026-01-12&rankRange=0-5000,2026-03-22T00:43:17Z
atp,2026-01-12,S0W8,A. Shah,Aryan Shah,394,119,https://www.atptour.com/en/rankings/singles?dateWeek=2026-01-12&rankRange=0-5000,2026-03-22T00:43:17Z
atp,2026-01-12,R772,A. Ramos-Vinolas,Albert Ramos Vinolas,395,118,https://www.atptour.com/en/rankings/singles?dateWeek=2026-01-12&rankRange=0-5000,2026-03-22T00:43:17Z
atp,2026-01-12,RD48,I. Marcondes,Igor Marcondes,396,118,https://www.atptour.com/en/rankings/singles?dateWeek=2026-01-12&rankRange=0-5000,2026-03-22T00:43:17Z
atp,2026-01-12,M0RG,D. Milavsky,Daniel Milavsky,397,118,https://www.atptour.com/en/rankings/singles?dateWeek=2026-01-12&rankRange=0-5000,2026-03-22T00:43:17Z
atp,2026-01-12,S0GV,R. Strombachs,Robert Strombachs,398,118,https://www.atptour.com/en/rankings/singles?dateWeek=2026-01-12&rankRange=0-5000,2026-03-22T00:43:17Z
atp,2026-01-12,DF92,C. Denolly,Corentin Denolly,399,118,https://www.atptour.com/en/rankings/singles?dateWeek=2026-01-12&rankRange=0-5000,2026-03-22T00:43:17Z
atp,2026-01-12,M0C2,D. Martin,Dan Martin,400,117,https://www.atptour.com/en/rankings/singles?dateWeek=2026-01-12&rankRange=0-5000,2026-03-22T00:43:17Z
atp,2026-01-12,P0MG,R. Perot,Raphael Perot,401,117,https://www.atptour.com/en/rankings/singles?dateWeek=2026-01-12&rankRange=0-5000,2026-03-22T00:43:17Z
atp,2026-01-12,PJ74,L. Poullain,Lucas Poullain,402,117,https://www.atptour.com/en/rankings/singles?dateWeek=2026-01-12&rankRange=0-5000,2026-03-22T00:43:17Z
atp,2026-01-12,B0I6,S. Banerjee,Samir Banerjee,403,116,https://www.atptour.com/en/rankings/singles?dateWeek=2026-01-12&rankRange=0-5000,2026-03-22T00:43:17Z
atp,2026-01-12,LB66,C. Lestienne,Constant Lestienne,404,116,https://www.atptour.com/en/rankings/singles?dateWeek=2026-01-12&rankRange=0-5000,2026-03-22T00:43:17Z
atp,2026-01-12,M0SC,H. Matsuoka,Hayato Matsuoka,405,116,https://www.atptour.com/en/rankings/singles?dateWeek=2026-01-12&rankRange=0-5000,2026-03-22T00:43:17Z
atp,2026-01-12,KE69,M. Kestelboim,Mariano Kestelboim,406,115,https://www.atptour.com/en/rankings/singles?dateWeek=2026-01-12&rankRange=0-5000,2026-03-22T00:43:17Z
atp,2026-01-12,A09Q,M. Alkaya,Mert Alkaya,407,115,https://www.atptour.com/en/rankings/singles?dateWeek=2026-01-12&rankRange=0-5000,2026-03-22T00:43:17Z
atp,2026-01-12,M0NL,I. Montes-De La Torre,Inaki Montes De La Torre,408,115,https://www.atptour.com/en/rankings/singles?dateWeek=2026-01-12&rankRange=0-5000,2026-03-22T00:43:17Z
atp,2026-01-12,H0CD,A. Hernandez,Alex Hernandez,409,115,https://www.atptour.com/en/rankings/singles?dateWeek=2026-01-12&rankRange=0-5000,2026-03-22T00:43:17Z
atp,2026-01-12,RB60,O. Roca Batalla,Oriol Roca Batalla,410,114,https://www.atptour.com/en/rankings/singles?dateWeek=2026-01-12&rankRange=0-5000,2026-03-22T00:43:17Z
atp,2026-01-12,BV24,R. Brancaccio,Raul Brancaccio,411,114,https://www.atptour.com/en/rankings/singles?dateWeek=2026-01-12&rankRange=0-5000,2026-03-22T00:43:17Z
atp,2026-01-12,M0GB,A. Martinez,Alex Martinez,412,114,https://www.atptour.com/en/rankings/singles?dateWeek=2026-01-12&rankRange=0-5000,2026-03-22T00:43:17Z
atp,2026-01-12,S0HR,K. Samrej,Kasidit Samrej,413,114,https://www.atptour.com/en/rankings/singles?dateWeek=2026-01-12&rankRange=0-5000,2026-03-22T00:43:17Z
atp,2026-01-12,C0JX,S. Cuenin,Sean Cuenin,414,113,https://www.atptour.com/en/rankings/singles?dateWeek=2026-01-12&rankRange=0-5000,2026-03-22T00:43:17Z
atp,2026-01-12,P0BK,S. Parker,Stuart Parker,415,112,https://www.atptour.com/en/rankings/singles?dateWeek=2026-01-12&rankRange=0-5000,2026-03-22T00:43:17Z
atp,2026-01-12,B0C5,F. Broska,Florian Broska,416,112,https://www.atptour.com/en/rankings/singles?dateWeek=2026-01-12&rankRange=0-5000,2026-03-22T00:43:17Z
atp,2026-01-12,C0AJ,J. Cui,Jie Cui,417,112,https://www.atptour.com/en/rankings/singles?dateWeek=2026-01-12&rankRange=0-5000,2026-03-22T00:43:17Z
atp,2026-01-12,B0JE,M. Basing,Max Basing,418,111,https://www.atptour.com/en/rankings/singles?dateWeek=2026-01-12&rankRange=0-5000,2026-03-22T00:43:17Z
atp,2026-01-12,K0HC,M. Kasnikowski,Maks Kasnikowski,419,111,https://www.atptour.com/en/rankings/singles?dateWeek=2026-01-12&rankRange=0-5000,2026-03-22T00:43:17Z
atp,2026-01-12,R0JW,M. Ribecai,Michele Ribecai,420,111,https://www.atptour.com/en/rankings/singles?dateWeek=2026-01-12&rankRange=0-5000,2026-03-22T00:43:17Z
atp,2026-01-12,CH80,L. Castelnuovo,Luca Castelnuovo,421,110,https://www.atptour.com/en/rankings/singles?dateWeek=2026-01-12&rankRange=0-5000,2026-03-22T00:43:17Z
atp,2026-01-12,C0OW,L. Carboni,Lorenzo Carboni,422,110,https://www.atptour.com/en/rankings/singles?dateWeek=2026-01-12&rankRange=0-5000,2026-03-22T00:43:17Z
atp,2026-01-12,CH27,H. Chung,Hyeon Chung,423,109,https://www.atptour.com/en/rankings/singles?dateWeek=2026-01-12&rankRange=0-5000,2026-03-22T00:43:17Z
atp,2026-01-12,S0DQ,K. Smith,Keegan Smith,424,109,https://www.atptour.com/en/rankings/singles?dateWeek=2026-01-12&rankRange=0-5000,2026-03-22T00:43:17Z
atp,2026-01-12,O0AD,N. Oberleitner,Neil Oberleitner,425,109,https://www.atptour.com/en/rankings/singles?dateWeek=2026-01-12&rankRange=0-5000,2026-03-22T00:43:17Z
atp,2026-01-12,S0C2,H. Shiraishi,Hikaru Shiraishi,426,109,https://www.atptour.com/en/rankings/singles?dateWeek=2026-01-12&rankRange=0-5000,2026-03-22T00:43:17Z
atp,2026-01-12,U176,V. Ursu,Vadym Ursu,427,109,https://www.atptour.com/en/rankings/singles?dateWeek=2026-01-12&rankRange=0-5000,2026-03-22T00:43:17Z
atp,2026-01-12,D0DC,E. Donnet,Etienne Donnet,428,108,https://www.atptour.com/en/rankings/singles?dateWeek=2026-01-12&rankRange=0-5000,2026-03-22T00:43:17Z
atp,2026-01-12,A829,R. Albot,Radu Albot,429,108,https://www.atptour.com/en/rankings/singles?dateWeek=2026-01-12&rankRange=0-5000,2026-03-22T00:43:17Z
atp,2026-01-12,A0IA,E. Arutiunian,Erik Arutiunian,430,108,https://www.atptour.com/en/rankings/singles?dateWeek=2026-01-12&rankRange=0-5000,2026-03-22T00:43:17Z
atp,2026-01-12,CF88,R. Cid Subervi,Roberto Cid Subervi,431,107,https://www.atptour.com/en/rankings/singles?dateWeek=2026-01-12&rankRange=0-5000,2026-03-22T00:43:17Z
atp,2026-01-12,BE90,R. Berankis,Ricardas Berankis,432,107,https://www.atptour.com/en/rankings/singles?dateWeek=2026-01-12&rankRange=0-5000,2026-03-22T00:43:17Z
atp,2026-01-12,L0GR,J. La Serna,Juan Manuel La Serna,433,107,https://www.atptour.com/en/rankings/singles?dateWeek=2026-01-12&rankRange=0-5000,2026-03-22T00:43:17Z
atp,2026-01-12,E768,A. Escoffier,Antoine Escoffier,434,107,https://www.atptour.com/en/rankings/singles?dateWeek=2026-01-12&rankRange=0-5000,2026-03-22T00:43:17Z
atp,2026-01-12,A0IK,L. Ambrogi,Luciano Emanuel Ambrogi,435,107,https://www.atptour.com/en/rankings/singles?dateWeek=2026-01-12&rankRange=0-5000,2026-03-22T00:43:17Z
atp,2026-01-12,W0A4,A. Weber,Arthur Weber,436,106,https://www.atptour.com/en/rankings/singles?dateWeek=2026-01-12&rankRange=0-5000,2026-03-22T00:43:17Z
atp,2026-01-12,PL64,O. Prihodko,Oleg Prihodko,437,106,https://www.atptour.com/en/rankings/singles?dateWeek=2026-01-12&rankRange=0-5000,2026-03-22T00:43:17Z
atp,2026-01-12,M0TO,M. Malige,Mae Malige,438,106,https://www.atptour.com/en/rankings/singles?dateWeek=2026-01-12&rankRange=0-5000,2026-03-22T00:43:17Z
atp,2026-01-12,G0CV,B. Gadamauri,Buvaysar Gadamauri,439,106,https://www.atptour.com/en/rankings/singles?dateWeek=2026-01-12&rankRange=0-5000,2026-03-22T00:43:17Z
atp,2026-01-12,B0PE,F. Bondioli,Federico Bondioli,440,106,https://www.atptour.com/en/rankings/singles?dateWeek=2026-01-12&rankRange=0-5000,2026-03-22T00:43:17Z
atp,2026-01-12,EA27,B. Ellis,Blake Ellis,441,105,https://www.atptour.com/en/rankings/singles?dateWeek=2026-01-12&rankRange=0-5000,2026-03-22T00:43:17Z
atp,2026-01-12,W0BB,M. Wiskandt,Max Wiskandt,442,105,https://www.atptour.com/en/rankings/singles?dateWeek=2026-01-12&rankRange=0-5000,2026-03-22T00:43:17Z
atp,2026-01-12,W0BU,O. Wallin,Olle Wallin,443,103,https://www.atptour.com/en/rankings/singles?dateWeek=2026-01-12&rankRange=0-5000,2026-03-22T00:43:17Z
atp,2026-01-12,V0BC,C. Vandermeersch,Cyril Vandermeersch,444,103,https://www.atptour.com/en/rankings/singles?dateWeek=2026-01-12&rankRange=0-5000,2026-03-22T00:43:17Z
atp,2026-01-12,B0GI,A. Binda,Alexander Binda,445,103,https://www.atptour.com/en/rankings/singles?dateWeek=2026-01-12&rankRange=0-5000,2026-03-22T00:43:17Z
atp,2026-01-12,R0BC,L. Rodriguez,Lorenzo Joaquin Rodriguez,446,103,https://www.atptour.com/en/rankings/singles?dateWeek=2026-01-12&rankRange=0-5000,2026-03-22T00:43:17Z
atp,2026-01-12,K0HG,M. Karol,Milos Karol,447,102,https://www.atptour.com/en/rankings/singles?dateWeek=2026-01-12&rankRange=0-5000,2026-03-22T00:43:17Z
atp,2026-01-12,N679,S. Napolitano,Stefano Napolitano,448,101,https://www.atptour.com/en/rankings/singles?dateWeek=2026-01-12&rankRange=0-5000,2026-03-22T00:43:17Z
atp,2026-01-12,E0AA,Y. Erel,Yanki Erel,449,101,https://www.atptour.com/en/rankings/singles?dateWeek=2026-01-12&rankRange=0-5000,2026-03-22T00:43:17Z
atp,2026-01-12,M0AC,R. Molleker,Rudolf Molleker,450,100,https://www.atptour.com/en/rankings/singles?dateWeek=2026-01-12&rankRange=0-5000,2026-03-22T00:43:17Z
atp,2026-01-12,V0D4,E. Vanshelboim,Eric Vanshelboim,451,100,https://www.atptour.com/en/rankings/singles?dateWeek=2026-01-12&rankRange=0-5000,2026-03-22T00:43:17Z
atp,2026-01-12,B0JP,D. Blanch,Dali Blanch,452,100,https://www.atptour.com/en/rankings/singles?dateWeek=2026-01-12&rankRange=0-5000,2026-03-22T00:43:17Z
atp,2026-01-12,F0CJ,G. Ferrari,Gianmarco Ferrari,453,100,https://www.atptour.com/en/rankings/singles?dateWeek=2026-01-12&rankRange=0-5000,2026-03-22T00:43:17Z
atp,2026-01-12,CO01,A. Chepelev,Andrey Chepelev,454,99,https://www.atptour.com/en/rankings/singles?dateWeek=2026-01-12&rankRange=0-5000,2026-03-22T00:43:17Z
atp,2026-01-12,G0J9,S. Gulin,Svyatoslav Gulin,455,98,https://www.atptour.com/en/rankings/singles?dateWeek=2026-01-12&rankRange=0-5000,2026-03-22T00:43:17Z
atp,2026-01-12,FC49,G. Fonio,Giovanni Fonio,456,98,https://www.atptour.com/en/rankings/singles?dateWeek=2026-01-12&rankRange=0-5000,2026-03-22T00:43:17Z
atp,2026-01-12,P0IT,O. Pieczkowski,Olaf Pieczkowski,457,98,https://www.atptour.com/en/rankings/singles?dateWeek=2026-01-12&rankRange=0-5000,2026-03-22T00:43:17Z
atp,2026-01-12,F0CK,A. Fenty,Andrew Fenty,458,98,https://www.atptour.com/en/rankings/singles?dateWeek=2026-01-12&rankRange=0-5000,2026-03-22T00:43:17Z
atp,2026-01-12,M0BN,M. Moeller,Marvin Moeller,459,97,https://www.atptour.com/en/rankings/singles?dateWeek=2026-01-12&rankRange=0-5000,2026-03-22T00:43:17Z
atp,2026-01-12,D0AR,M. Alves,Mateus Alves,460,97,https://www.atptour.com/en/rankings/singles?dateWeek=2026-01-12&rankRange=0-5000,2026-03-22T00:43:17Z
atp,2026-01-12,R09V,E. Ribeiro,Eduardo Ribeiro,461,96,https://www.atptour.com/en/rankings/singles?dateWeek=2026-01-12&rankRange=0-5000,2026-03-22T00:43:17Z
atp,2026-01-12,Z419,B. Zapata Miralles,Bernabe Zapata Miralles,462,96,https://www.atptour.com/en/rankings/singles?dateWeek=2026-01-12&rankRange=0-5000,2026-03-22T00:43:17Z
atp,2026-01-12,S0H9,J. Story,James Story,463,96,https://www.atptour.com/en/rankings/singles?dateWeek=2026-01-12&rankRange=0-5000,2026-03-22T00:43:17Z
atp,2026-01-12,M0UR,O. Milic,Ognjen Milic,464,95,https://www.atptour.com/en/rankings/singles?dateWeek=2026-01-12&rankRange=0-5000,2026-03-22T00:43:17Z
atp,2026-01-12,C0I4,T. Colson,Tibo Colson,465,95,https://www.atptour.com/en/rankings/singles?dateWeek=2026-01-12&rankRange=0-5000,2026-03-22T00:43:17Z
atp,2026-01-12,Z0C3,M. Zhukov,Maxim Zhukov,466,95,https://www.atptour.com/en/rankings/singles?dateWeek=2026-01-12&rankRange=0-5000,2026-03-22T00:43:17Z
atp,2026-01-12,B0EK,M. Bouzige,Moerani Bouzige,467,95,https://www.atptour.com/en/rankings/singles?dateWeek=2026-01-12&rankRange=0-5000,2026-03-22T00:43:17Z
atp,2026-01-12,S0DE,D. Suresh,Dhakshineswar Suresh,468,94,https://www.atptour.com/en/rankings/singles?dateWeek=2026-01-12&rankRange=0-5000,2026-03-22T00:43:17Z
atp,2026-01-12,S0TX,H. Searle,Henry Searle,469,94,https://www.atptour.com/en/rankings/singles?dateWeek=2026-01-12&rankRange=0-5000,2026-03-22T00:43:17Z
atp,2026-01-12,S0RI,K. Singh,Karan Singh,470,94,https://www.atptour.com/en/rankings/singles?dateWeek=2026-01-12&rankRange=0-5000,2026-03-22T00:43:17Z
atp,2026-01-12,L0C1,C. Lopez Montagud,Carlos Lopez Montagud,471,94,https://www.atptour.com/en/rankings/singles?dateWeek=2026-01-12&rankRange=0-5000,2026-03-22T00:43:17Z
atp,2026-01-12,K0DE,T. Kumasaka,Takuya Kumasaka,472,93,https://www.atptour.com/en/rankings/singles?dateWeek=2026-01-12&rankRange=0-5000,2026-03-22T00:43:17Z
atp,2026-01-12,V993,E. Vasa,Eero Vasa,473,93,https://www.atptour.com/en/rankings/singles?dateWeek=2026-01-12&rankRange=0-5000,2026-03-22T00:43:17Z
atp,2026-01-12,E0DI,J. Estevez,Juan Estevez,474,93,https://www.atptour.com/en/rankings/singles?dateWeek=2026-01-12&rankRange=0-5000,2026-03-22T00:43:17Z
atp,2026-01-12,DC38,J. Delaney,Jake Delaney,475,93,https://www.atptour.com/en/rankings/singles?dateWeek=2026-01-12&rankRange=0-5000,2026-03-22T00:43:17Z
atp,2026-01-12,V09T,P. Vives Marcos,Pedro Vives Marcos,476,92,https://www.atptour.com/en/rankings/singles?dateWeek=2026-01-12&rankRange=0-5000,2026-03-22T00:43:17Z
atp,2026-01-12,M0GP,F. Moroni,Filippo Moroni,477,92,https://www.atptour.com/en/rankings/singles?dateWeek=2026-01-12&rankRange=0-5000,2026-03-22T00:43:17Z
atp,2026-01-12,PF65,F. Peliwo,Filip Peliwo,478,92,https://www.atptour.com/en/rankings/singles?dateWeek=2026-01-12&rankRange=0-5000,2026-03-22T00:43:17Z
atp,2026-01-12,LC12,L. Lokoli,Laurent Lokoli,479,91,https://www.atptour.com/en/rankings/singles?dateWeek=2026-01-12&rankRange=0-5000,2026-03-22T00:43:17Z
atp,2026-01-12,V0BD,N. Vylegzhanin,Nikolay Vylegzhanin,480,91,https://www.atptour.com/en/rankings/singles?dateWeek=2026-01-12&rankRange=0-5000,2026-03-22T00:43:17Z
atp,2026-01-12,BE67,M. Basic,Mirza Basic,481,90,https://www.atptour.com/en/rankings/singles?dateWeek=2026-01-12&rankRange=0-5000,2026-03-22T00:43:17Z
atp,2026-01-12,F0BP,P. Fellin,Pietro Fellin,482,90,https://www.atptour.com/en/rankings/singles?dateWeek=2026-01-12&rankRange=0-5000,2026-03-22T00:43:17Z
atp,2026-01-12,K09F,P. Kotov,Pavel Kotov,483,89,https://www.atptour.com/en/rankings/singles?dateWeek=2026-01-12&rankRange=0-5000,2026-03-22T00:43:17Z
atp,2026-01-12,KF17,S. Kwon,Soonwoo Kwon,484,89,https://www.atptour.com/en/rankings/singles?dateWeek=2026-01-12&rankRange=0-5000,2026-03-22T00:43:17Z
atp,2026-01-12,BE69,Y. Bai,Yan Bai,485,89,https://www.atptour.com/en/rankings/singles?dateWeek=2026-01-12&rankRange=0-5000,2026-03-22T00:43:17Z
atp,2026-01-12,P0BM,T. Paroulek,Tadeas Paroulek,486,89,https://www.atptour.com/en/rankings/singles?dateWeek=2026-01-12&rankRange=0-5000,2026-03-22T00:43:17Z
atp,2026-01-12,B0I5,B. Bicknell,Blaise Bicknell,487,88,https://www.atptour.com/en/rankings/singles?dateWeek=2026-01-12&rankRange=0-5000,2026-03-22T00:43:17Z
atp,2026-01-12,S0T1,J. Schiessl,Joao Eduardo Schiessl,488,88,https://www.atptour.com/en/rankings/singles?dateWeek=2026-01-12&rankRange=0-5000,2026-03-22T00:43:17Z
atp,2026-01-12,WB19,A. Weis,Alexander Weis,489,88,https://www.atptour.com/en/rankings/singles?dateWeek=2026-01-12&rankRange=0-5000,2026-03-22T00:43:17Z
atp,2026-01-12,L0ID,J. Loge,Jack Loge,490,88,https://www.atptour.com/en/rankings/singles?dateWeek=2026-01-12&rankRange=0-5000,2026-03-22T00:43:17Z
atp,2026-01-12,M0NJ,L. Maxted,Lui Maxted,491,87,https://www.atptour.com/en/rankings/singles?dateWeek=2026-01-12&rankRange=0-5000,2026-03-22T00:43:17Z
atp,2026-01-12,T0EI,A. Thanos,Aristotelis Thanos,492,87,https://www.atptour.com/en/rankings/singles?dateWeek=2026-01-12&rankRange=0-5000,2026-03-22T00:43:17Z
atp,2026-01-12,W0C4,E. Winter,Edward Winter,493,87,https://www.atptour.com/en/rankings/singles?dateWeek=2026-01-12&rankRange=0-5000,2026-03-22T00:43:17Z
atp,2026-01-12,D0HJ,B. Djuric,Branko Djuric,494,87,https://www.atptour.com/en/rankings/singles?dateWeek=2026-01-12&rankRange=0-5000,2026-03-22T00:43:17Z
atp,2026-01-12,H0B5,T. Huang,Tsung Hao Huang,495,87,https://www.atptour.com/en/rankings/singles?dateWeek=2026-01-12&rankRange=0-5000,2026-03-22T00:43:17Z
atp,2026-01-12,G0A0,A. Guerrieri,Andrea Guerrieri,496,86,https://www.atptour.com/en/rankings/singles?dateWeek=2026-01-12&rankRange=0-5000,2026-03-22T00:43:17Z
atp,2026-01-12,A0I1,B. Artnak,Bor Artnak,497,86,https://www.atptour.com/en/rankings/singles?dateWeek=2026-01-12&rankRange=0-5000,2026-03-22T00:43:17Z
atp,2026-01-12,K0DB,C. Kingsley,Cannon Kingsley,498,86,https://www.atptour.com/en/rankings/singles?dateWeek=2026-01-12&rankRange=0-5000,2026-03-22T00:43:17Z
atp,2026-01-12,D0JI,M. Dhamne,Manas Dhamne,499,86,https://www.atptour.com/en/rankings/singles?dateWeek=2026-01-12&rankRange=0-5000,2026-03-22T00:43:17Z
atp,2026-01-12,H0JL,J. Friend,Jay Friend,500,85,https://www.atptour.com/en/rankings/singles?dateWeek=2026-01-12&rankRange=0-5000,2026-03-22T00:43:17Z
atp,2026-01-12,O659,V. Orlov,Vladyslav Orlov,501,85,https://www.atptour.com/en/rankings/singles?dateWeek=2026-01-12&rankRange=0-5000,2026-03-22T00:43:17Z
atp,2026-01-12,M0EG,T. McCormick,Tristan Mccormick,502,85,https://www.atptour.com/en/rankings/singles?dateWeek=2026-01-12&rankRange=0-5000,2026-03-22T00:43:17Z
atp,2026-01-12,A0K3,N. Arseneault,Nicolas Arseneault,503,84,https://www.atptour.com/en/rankings/singles?dateWeek=2026-01-12&rankRange=0-5000,2026-03-22T00:43:17Z
atp,2026-01-12,TF58,Y. Takahashi,Yusuke Takahashi,504,84,https://www.atptour.com/en/rankings/singles?dateWeek=2026-01-12&rankRange=0-5000,2026-03-22T00:43:17Z
atp,2026-01-12,M0EY,A. Marti Pujolras,Alex Marti Pujolras,505,84,https://www.atptour.com/en/rankings/singles?dateWeek=2026-01-12&rankRange=0-5000,2026-03-22T00:43:17Z
atp,2026-01-12,O0BE,O. Ovcharenko,Oleksandr Ovcharenko,506,84,https://www.atptour.com/en/rankings/singles?dateWeek=2026-01-12&rankRange=0-5000,2026-03-22T00:43:17Z
atp,2026-01-12,P0CY,S. Palosi,Stefan Palosi,507,84,https://www.atptour.com/en/rankings/singles?dateWeek=2026-01-12&rankRange=0-5000,2026-03-22T00:43:17Z
atp,2026-01-12,KE73,D. Koepfer,Dominik Koepfer,508,83,https://www.atptour.com/en/rankings/singles?dateWeek=2026-01-12&rankRange=0-5000,2026-03-22T00:43:17Z
atp,2026-01-12,B0TP,H. Bernet,Henry Bernet,509,83,https://www.atptour.com/en/rankings/singles?dateWeek=2026-01-12&rankRange=0-5000,2026-03-22T00:43:17Z
atp,2026-01-12,MN20,D. Masur,Daniel Masur,510,83,https://www.atptour.com/en/rankings/singles?dateWeek=2026-01-12&rankRange=0-5000,2026-03-22T00:43:17Z
atp,2026-01-12,O376,R. Olivo,Renzo Olivo,511,82,https://www.atptour.com/en/rankings/singles?dateWeek=2026-01-12&rankRange=0-5000,2026-03-22T00:43:17Z
atp,2026-01-12,N0B4,R. Nijboer,Ryan Nijboer,512,82,https://www.atptour.com/en/rankings/singles?dateWeek=2026-01-12&rankRange=0-5000,2026-03-22T00:43:17Z
atp,2026-01-12,RC04,A. Ritschard,Alexander Ritschard,513,81,https://www.atptour.com/en/rankings/singles?dateWeek=2026-01-12&rankRange=0-5000,2026-03-22T00:43:17Z
atp,2026-01-12,O0BI,C. Overbeck,Carl Emil Overbeck,514,81,https://www.atptour.com/en/rankings/singles?dateWeek=2026-01-12&rankRange=0-5000,2026-03-22T00:43:17Z
atp,2026-01-12,MI01,H. Moriya,Hiroki Moriya,515,81,https://www.atptour.com/en/rankings/singles?dateWeek=2026-01-12&rankRange=0-5000,2026-03-22T00:43:17Z
atp,2026-01-12,F0HO,T. Faurel,Thomas Faurel,516,81,https://www.atptour.com/en/rankings/singles?dateWeek=2026-01-12&rankRange=0-5000,2026-03-22T00:43:17Z
atp,2026-01-12,A0J5,S. Andreescu,Stefan Adrian Andreescu,517,81,https://www.atptour.com/en/rankings/singles?dateWeek=2026-01-12&rankRange=0-5000,2026-03-22T00:43:17Z
atp,2026-01-12,D0A2,M. Dellavedova,Matthew Dellavedova,518,81,https://www.atptour.com/en/rankings/singles?dateWeek=2026-01-12&rankRange=0-5000,2026-03-22T00:43:17Z
atp,2026-01-12,S0TI,P. Sekulic,Philip Sekulic,519,80,https://www.atptour.com/en/rankings/singles?dateWeek=2026-01-12&rankRange=0-5000,2026-03-22T00:43:17Z
atp,2026-01-12,A0FM,E. Agafonov,Egor Agafonov,520,80,https://www.atptour.com/en/rankings/singles?dateWeek=2026-01-12&rankRange=0-5000,2026-03-22T00:43:17Z
atp,2026-01-12,N0CJ,P. Nesterov,Petr Nesterov,521,79,https://www.atptour.com/en/rankings/singles?dateWeek=2026-01-12&rankRange=0-5000,2026-03-22T00:43:17Z
atp,2026-01-12,P0HY,S. Pieri,Samuele Pieri,522,79,https://www.atptour.com/en/rankings/singles?dateWeek=2026-01-12&rankRange=0-5000,2026-03-22T00:43:17Z
atp,2026-01-12,A0G7,V. Aboian,Valerio Aboian,523,78,https://www.atptour.com/en/rankings/singles?dateWeek=2026-01-12&rankRange=0-5000,2026-03-22T00:43:17Z
atp,2026-01-12,DG80,E. Dalla Valle,Enrico Dalla Valle,524,78,https://www.atptour.com/en/rankings/singles?dateWeek=2026-01-12&rankRange=0-5000,2026-03-22T00:43:17Z
atp,2026-01-12,M0G0,R. Matsuda,Ryuki Matsuda,525,78,https://www.atptour.com/en/rankings/singles?dateWeek=2026-01-12&rankRange=0-5000,2026-03-22T00:43:17Z
atp,2026-01-12,MP13,M. Sasikumar,Mukund Sasikumar,526,78,https://www.atptour.com/en/rankings/singles?dateWeek=2026-01-12&rankRange=0-5000,2026-03-22T00:43:17Z
atp,2026-01-12,C0P0,S. Callejon Hernando,Sergio Callejon Hernando,527,78,https://www.atptour.com/en/rankings/singles?dateWeek=2026-01-12&rankRange=0-5000,2026-03-22T00:43:17Z
atp,2026-01-12,C0BB,T. Compagnucci,Tommaso Compagnucci,528,78,https://www.atptour.com/en/rankings/singles?dateWeek=2026-01-12&rankRange=0-5000,2026-03-22T00:43:17Z
atp,2026-01-12,J620,M. Janvier,Maxime Janvier,529,78,https://www.atptour.com/en/rankings/singles?dateWeek=2026-01-12&rankRange=0-5000,2026-03-22T00:43:17Z
atp,2026-01-12,BU36,A. Barroso Campos,Alberto Barroso Campos,530,77,https://www.atptour.com/en/rankings/singles?dateWeek=2026-01-12&rankRange=0-5000,2026-03-22T00:43:17Z
atp,2026-01-12,K0HN,B. Kuzuhara,Bruno Kuzuhara,531,77,https://www.atptour.com/en/rankings/singles?dateWeek=2026-01-12&rankRange=0-5000,2026-03-22T00:43:17Z
atp,2026-01-12,P0HP,L. Pokorny,Lukas Pokorny,532,76,https://www.atptour.com/en/rankings/singles?dateWeek=2026-01-12&rankRange=0-5000,2026-03-22T00:43:17Z
atp,2026-01-12,B0JG,L. Borg,Leo Borg,533,76,https://www.atptour.com/en/rankings/singles?dateWeek=2026-01-12&rankRange=0-5000,2026-03-22T00:43:17Z
atp,2026-01-12,I426,M. Imamura,Masamichi Imamura,534,76,https://www.atptour.com/en/rankings/singles?dateWeek=2026-01-12&rankRange=0-5000,2026-03-22T00:43:17Z
atp,2026-01-12,G0EQ,S. Gima,Sebastian Gima,535,76,https://www.atptour.com/en/rankings/singles?dateWeek=2026-01-12&rankRange=0-5000,2026-03-22T00:43:17Z
atp,2026-01-12,F0DP,P. Fajta,Peter Fajta,536,75,https://www.atptour.com/en/rankings/singles?dateWeek=2026-01-12&rankRange=0-5000,2026-03-22T00:43:17Z
atp,2026-01-12,K0BJ,G. Kravchenko,Georgii Kravchenko,537,75,https://www.atptour.com/en/rankings/singles?dateWeek=2026-01-12&rankRange=0-5000,2026-03-22T00:43:17Z
atp,2026-01-12,Z0BL,F. Zakaria,Fares Zakaria,538,75,https://www.atptour.com/en/rankings/singles?dateWeek=2026-01-12&rankRange=0-5000,2026-03-22T00:43:17Z
atp,2026-01-12,M0B2,Y. Mochizuki,Yuki Mochizuki,539,74,https://www.atptour.com/en/rankings/singles?dateWeek=2026-01-12&rankRange=0-5000,2026-03-22T00:43:17Z
atp,2026-01-12,N663,M. Neuchrist,Maximilian Neuchrist,540,74,https://www.atptour.com/en/rankings/singles?dateWeek=2026-01-12&rankRange=0-5000,2026-03-22T00:43:17Z
atp,2026-01-12,P0E9,D. Palan,Dominik Palan,541,74,https://www.atptour.com/en/rankings/singles?dateWeek=2026-01-12&rankRange=0-5000,2026-03-22T00:43:17Z
atp,2026-01-12,M09M,I. Marrero Curbelo,Ivan Marrero Curbelo,542,74,https://www.atptour.com/en/rankings/singles?dateWeek=2026-01-12&rankRange=0-5000,2026-03-22T00:43:17Z
atp,2026-01-12,P0JG,G. Pennaforti,Gabriele Pennaforti,543,74,https://www.atptour.com/en/rankings/singles?dateWeek=2026-01-12&rankRange=0-5000,2026-03-22T00:43:17Z
atp,2026-01-12,RH24,E. Ruusuvuori,Emil Ruusuvuori,544,73,https://www.atptour.com/en/rankings/singles?dateWeek=2026-01-12&rankRange=0-5000,2026-03-22T00:43:17Z
atp,2026-01-12,BP74,A. Bakshi,Aleksandre Bakshi,545,73,https://www.atptour.com/en/rankings/singles?dateWeek=2026-01-12&rankRange=0-5000,2026-03-22T00:43:17Z
atp,2026-01-12,E0BO,N. Ehrenschneider,Nino Ehrenschneider,546,73,https://www.atptour.com/en/rankings/singles?dateWeek=2026-01-12&rankRange=0-5000,2026-03-22T00:43:17Z
atp,2026-01-12,LC11,T. Lamasine,Tristan Lamasine,547,72,https://www.atptour.com/en/rankings/singles?dateWeek=2026-01-12&rankRange=0-5000,2026-03-22T00:43:17Z
atp,2026-01-12,N830,J. Nikles,Johan Nikles,548,72,https://www.atptour.com/en/rankings/singles?dateWeek=2026-01-12&rankRange=0-5000,2026-03-22T00:43:17Z
atp,2026-01-12,N0AL,G. Nanda,Govind Nanda,549,71,https://www.atptour.com/en/rankings/singles?dateWeek=2026-01-12&rankRange=0-5000,2026-03-22T00:43:17Z
atp,2026-01-12,E811,E. Ejupovic,Elmar Ejupovic,550,71,https://www.atptour.com/en/rankings/singles?dateWeek=2026-01-12&rankRange=0-5000,2026-03-22T00:43:17Z
atp,2026-01-12,B0F8,J. Boulais,Justin Boulais,551,71,https://www.atptour.com/en/rankings/singles?dateWeek=2026-01-12&rankRange=0-5000,2026-03-22T00:43:17Z
atp,2026-01-12,M0I0,M. Mckennon,Maxwell Mckennon,552,71,https://www.atptour.com/en/rankings/singles?dateWeek=2026-01-12&rankRange=0-5000,2026-03-22T00:43:17Z
atp,2026-01-12,A0G8,A. Elsayed,Amr Elsayed,553,71,https://www.atptour.com/en/rankings/singles?dateWeek=2026-01-12&rankRange=0-5000,2026-03-22T00:43:17Z
atp,2026-01-12,B0P4,T. Berkieta,Tomasz Berkieta,554,70,https://www.atptour.com/en/rankings/singles?dateWeek=2026-01-12&rankRange=0-5000,2026-03-22T00:43:17Z
atp,2026-01-12,M0TE,P. Marinkov,Pavle Marinkov,555,70,https://www.atptour.com/en/rankings/singles?dateWeek=2026-01-12&rankRange=0-5000,2026-03-22T00:43:17Z
atp,2026-01-12,G0D9,I. Gimenez,Igor Gimenez,556,70,https://www.atptour.com/en/rankings/singles?dateWeek=2026-01-12&rankRange=0-5000,2026-03-22T00:43:17Z
atp,2026-01-12,I0AX,K. Isomura,Kokoro Isomura,557,70,https://www.atptour.com/en/rankings/singles?dateWeek=2026-01-12&rankRange=0-5000,2026-03-22T00:43:17Z
atp,2026-01-12,B0PU,R. Bennani,Reda Bennani,558,69,https://www.atptour.com/en/rankings/singles?dateWeek=2026-01-12&rankRange=0-5000,2026-03-22T00:43:17Z
atp,2026-01-12,S0QZ,S. Sorger,Sebastian Sorger,559,69,https://www.atptour.com/en/rankings/singles?dateWeek=2026-01-12&rankRange=0-5000,2026-03-22T00:43:17Z
atp,2026-01-12,S0IN,W. Shin,Woobin Shin,560,69,https://www.atptour.com/en/rankings/singles?dateWeek=2026-01-12&rankRange=0-5000,2026-03-22T00:43:17Z
atp,2026-01-12,KE36,D. Kellovsky,Dominik Kellovsky,561,69,https://www.atptour.com/en/rankings/singles?dateWeek=2026-01-12&rankRange=0-5000,2026-03-22T00:43:17Z
atp,2026-01-12,O0AI,D. Obradovic,Dusan Obradovic,562,69,https://www.atptour.com/en/rankings/singles?dateWeek=2026-01-12&rankRange=0-5000,2026-03-22T00:43:17Z
atp,2026-01-12,S0IV,P. Saraiva Dos Santos,Paulo Andre Saraiva Dos Santos,563,69,https://www.atptour.com/en/rankings/singles?dateWeek=2026-01-12&rankRange=0-5000,2026-03-22T00:43:17Z
atp,2026-01-12,KI48,E. Kirkin,Ergi Kirkin,564,68,https://www.atptour.com/en/rankings/singles?dateWeek=2026-01-12&rankRange=0-5000,2026-03-22T00:43:17Z
atp,2026-01-12,P0G5,S. Popovic,Stefan Popovic,565,68,https://www.atptour.com/en/rankings/singles?dateWeek=2026-01-12&rankRange=0-5000,2026-03-22T00:43:17Z
atp,2026-01-12,KI71,K. Kivattsev,Kirill Kivattsev,566,68,https://www.atptour.com/en/rankings/singles?dateWeek=2026-01-12&rankRange=0-5000,2026-03-22T00:43:17Z
atp,2026-01-12,A0DV,A. Azkara,Arda Azkara,567,67,https://www.atptour.com/en/rankings/singles?dateWeek=2026-01-12&rankRange=0-5000,2026-03-22T00:43:17Z
atp,2026-01-12,K0DP,O. Krutykh,Oleksii Krutykh,568,67,https://www.atptour.com/en/rankings/singles?dateWeek=2026-01-12&rankRange=0-5000,2026-03-22T00:43:17Z
atp,2026-01-12,R0HK,F. Romano,Filippo Romano,569,67,https://www.atptour.com/en/rankings/singles?dateWeek=2026-01-12&rankRange=0-5000,2026-03-22T00:43:17Z
atp,2026-01-12,B0D6,T. Baadi,Taha Baadi,570,67,https://www.atptour.com/en/rankings/singles?dateWeek=2026-01-12&rankRange=0-5000,2026-03-22T00:43:17Z
atp,2026-01-12,P0FJ,R. Papoe,Radu Mihai Papoe,571,66,https://www.atptour.com/en/rankings/singles?dateWeek=2026-01-12&rankRange=0-5000,2026-03-22T00:43:17Z
atp,2026-01-12,C0JT,R. Catry,Robin Catry,572,66,https://www.atptour.com/en/rankings/singles?dateWeek=2026-01-12&rankRange=0-5000,2026-03-22T00:43:17Z
atp,2026-01-12,N0EG,A. Nagel,Arthur Nagel,573,66,https://www.atptour.com/en/rankings/singles?dateWeek=2026-01-12&rankRange=0-5000,2026-03-22T00:43:17Z
atp,2026-01-12,MW54,D. Madaras,Dragos Nicolae Madaras,574,65,https://www.atptour.com/en/rankings/singles?dateWeek=2026-01-12&rankRange=0-5000,2026-03-22T00:43:17Z
atp,2026-01-12,SM88,K. Sell,Karue Sell,575,65,https://www.atptour.com/en/rankings/singles?dateWeek=2026-01-12&rankRange=0-5000,2026-03-22T00:43:17Z
atp,2026-01-12,SR81,K. Sultanov,Khumoyun Sultanov,576,65,https://www.atptour.com/en/rankings/singles?dateWeek=2026-01-12&rankRange=0-5000,2026-03-22T00:43:17Z
atp,2026-01-12,CD00,M. Chazal,Maxime Chazal,577,65,https://www.atptour.com/en/rankings/singles?dateWeek=2026-01-12&rankRange=0-5000,2026-03-22T00:43:17Z
atp,2026-01-12,T0IZ,A. Tudorica,Alvin Nicholas Tudorica,578,65,https://www.atptour.com/en/rankings/singles?dateWeek=2026-01-12&rankRange=0-5000,2026-03-22T00:43:17Z
atp,2026-01-12,K0L1,M. Krajci,Michal Krajci,579,65,https://www.atptour.com/en/rankings/singles?dateWeek=2026-01-12&rankRange=0-5000,2026-03-22T00:43:17Z
atp,2026-01-12,PF39,L. Pouille,Lucas Pouille,580,64,https://www.atptour.com/en/rankings/singles?dateWeek=2026-01-12&rankRange=0-5000,2026-03-22T00:43:17Z
atp,2026-01-12,GB41,J. Gomez,Juan Sebastian Gomez,581,64,https://www.atptour.com/en/rankings/singles?dateWeek=2026-01-12&rankRange=0-5000,2026-03-22T00:43:17Z
atp,2026-01-12,P0FV,F. Planinsek,Filip Jeff Planinsek,582,64,https://www.atptour.com/en/rankings/singles?dateWeek=2026-01-12&rankRange=0-5000,2026-03-22T00:43:17Z
atp,2026-01-12,M0EN,M. Mazza,Manuel Mazza,583,64,https://www.atptour.com/en/rankings/singles?dateWeek=2026-01-12&rankRange=0-5000,2026-03-22T00:43:17Z
atp,2026-01-12,V0B2,M. Vrbensky,Michael Vrbensky,584,64,https://www.atptour.com/en/rankings/singles?dateWeek=2026-01-12&rankRange=0-5000,2026-03-22T00:43:17Z
atp,2026-01-12,DB59,D. Novak,Dennis Novak,585,64,https://www.atptour.com/en/rankings/singles?dateWeek=2026-01-12&rankRange=0-5000,2026-03-22T00:43:17Z
atp,2026-01-12,S0U5,T. Sach,Tai Sach,586,64,https://www.atptour.com/en/rankings/singles?dateWeek=2026-01-12&rankRange=0-5000,2026-03-22T00:43:17Z
atp,2026-01-12,D0D4,S. Dostanic,Stefan Dostanic,587,63,https://www.atptour.com/en/rankings/singles?dateWeek=2026-01-12&rankRange=0-5000,2026-03-22T00:43:17Z
atp,2026-01-12,I306,C. Ilkel,Cem Ilkel,588,63,https://www.atptour.com/en/rankings/singles?dateWeek=2026-01-12&rankRange=0-5000,2026-03-22T00:43:17Z
atp,2026-01-12,T0AA,D. Tomescu,Dan Alexandru Tomescu,589,63,https://www.atptour.com/en/rankings/singles?dateWeek=2026-01-12&rankRange=0-5000,2026-03-22T00:43:17Z
atp,2026-01-12,KC04,J. Kovalik,Jozef Kovalik,590,63,https://www.atptour.com/en/rankings/singles?dateWeek=2026-01-12&rankRange=0-5000,2026-03-22T00:43:17Z
atp,2026-01-12,M0SB,K. Matsuda,Koki Matsuda,591,63,https://www.atptour.com/en/rankings/singles?dateWeek=2026-01-12&rankRange=0-5000,2026-03-22T00:43:17Z
atp,2026-01-12,G0MI,A. Ganesan,Adhithya Ganesan,592,63,https://www.atptour.com/en/rankings/singles?dateWeek=2026-01-12&rankRange=0-5000,2026-03-22T00:43:17Z
atp,2026-01-12,T0I3,M. Tobon,Miguel Tobon,593,63,https://www.atptour.com/en/rankings/singles?dateWeek=2026-01-12&rankRange=0-5000,2026-03-22T00:43:17Z
atp,2026-01-12,BU53,C. Bittoun Kouzmine,Constantin Bittoun Kouzmine,594,63,https://www.atptour.com/en/rankings/singles?dateWeek=2026-01-12&rankRange=0-5000,2026-03-22T00:43:17Z
atp,2026-01-12,GF23,L. Gerch,Lucas Gerch,595,62,https://www.atptour.com/en/rankings/singles?dateWeek=2026-01-12&rankRange=0-5000,2026-03-22T00:43:17Z
atp,2026-01-12,SY71,D. Singh,Digvijaypratap Singh,596,62,https://www.atptour.com/en/rankings/singles?dateWeek=2026-01-12&rankRange=0-5000,2026-03-22T00:43:17Z
atp,2026-01-12,A0JW,J. Aguilar Cardozo,Joaquin Aguilar Cardozo,597,62,https://www.atptour.com/en/rankings/singles?dateWeek=2026-01-12&rankRange=0-5000,2026-03-22T00:43:17Z
atp,2026-01-12,H0EI,M. Hurrion,Millen Hurrion,598,62,https://www.atptour.com/en/rankings/singles?dateWeek=2026-01-12&rankRange=0-5000,2026-03-22T00:43:17Z
atp,2026-01-12,D0HM,M. Donald,Matthew William Donald,599,61,https://www.atptour.com/en/rankings/singles?dateWeek=2026-01-12&rankRange=0-5000,2026-03-22T00:43:17Z
atp,2026-01-12,P0C1,K. Poling,Karl Poling,600,61,https://www.atptour.com/en/rankings/singles?dateWeek=2026-01-12&rankRange=0-5000,2026-03-22T00:43:17Z
atp,2026-01-12,D0LY,E. Demanet,Emilien Demanet,601,61,https://www.atptour.com/en/rankings/singles?dateWeek=2026-01-12&rankRange=0-5000,2026-03-22T00:43:17Z
atp,2026-01-12,O656,A. Oetzbach,Adrian Oetzbach,602,61,https://www.atptour.com/en/rankings/singles?dateWeek=2026-01-12&rankRange=0-5000,2026-03-22T00:43:17Z
atp,2026-01-12,M0NA,S. Mitsui,Shunsuke Mitsui,603,60,https://www.atptour.com/en/rankings/singles?dateWeek=2026-01-12&rankRange=0-5000,2026-03-22T00:43:17Z
atp,2026-01-12,H0A4,N. Hardt,Nick Hardt,604,60,https://www.atptour.com/en/rankings/singles?dateWeek=2026-01-12&rankRange=0-5000,2026-03-22T00:43:17Z
atp,2026-01-12,S0Y0,A. Santamarta Roig,Andres Santamarta Roig,605,60,https://www.atptour.com/en/rankings/singles?dateWeek=2026-01-12&rankRange=0-5000,2026-03-22T00:43:17Z
atp,2026-01-12,A09W,J. Aguilar,Juan Carlos Aguilar,606,60,https://www.atptour.com/en/rankings/singles?dateWeek=2026-01-12&rankRange=0-5000,2026-03-22T00:43:17Z
atp,2026-01-12,R0HP,L. Ratti,Lucio Ratti,607,60,https://www.atptour.com/en/rankings/singles?dateWeek=2026-01-12&rankRange=0-5000,2026-03-22T00:43:17Z
atp,2026-01-12,Z0DA,C. Zarate,Carlos Maria Zarate,608,60,https://www.atptour.com/en/rankings/singles?dateWeek=2026-01-12&rankRange=0-5000,2026-03-22T00:43:17Z
atp,2026-01-12,M0QK,L. Massard,Loann Massard,609,60,https://www.atptour.com/en/rankings/singles?dateWeek=2026-01-12&rankRange=0-5000,2026-03-22T00:43:17Z
atp,2026-01-12,WB25,L. Wessels,Louis Wessels,610,60,https://www.atptour.com/en/rankings/singles?dateWeek=2026-01-12&rankRange=0-5000,2026-03-22T00:43:17Z
atp,2026-01-12,A0IY,L. Alvarez,Luis Carlos Alvarez,611,59,https://www.atptour.com/en/rankings/singles?dateWeek=2026-01-12&rankRange=0-5000,2026-03-22T00:43:17Z
atp,2026-01-12,S0VU,M. Schoenhaus,Max Schoenhaus,612,59,https://www.atptour.com/en/rankings/singles?dateWeek=2026-01-12&rankRange=0-5000,2026-03-22T00:43:17Z
atp,2026-01-12,RH88,A. Rubio Fierros,Alan Fernando Rubio Fierros,613,59,https://www.atptour.com/en/rankings/singles?dateWeek=2026-01-12&rankRange=0-5000,2026-03-22T00:43:17Z
atp,2026-01-12,M0NB,A. Mayo,Aidan Mayo,614,59,https://www.atptour.com/en/rankings/singles?dateWeek=2026-01-12&rankRange=0-5000,2026-03-22T00:43:17Z
atp,2026-01-12,B0A0,M. Beauge,Maxence Beauge,615,59,https://www.atptour.com/en/rankings/singles?dateWeek=2026-01-12&rankRange=0-5000,2026-03-22T00:43:17Z
atp,2026-01-12,C0MH,G. Campana Lee,Gerard Campana Lee,616,59,https://www.atptour.com/en/rankings/singles?dateWeek=2026-01-12&rankRange=0-5000,2026-03-22T00:43:17Z
atp,2026-01-12,I0A7,N. Ionel,Nicholas David Ionel,617,59,https://www.atptour.com/en/rankings/singles?dateWeek=2026-01-12&rankRange=0-5000,2026-03-22T00:43:17Z
atp,2026-01-12,R0ED,M. Rehberg,Max Hans Rehberg,618,58,https://www.atptour.com/en/rankings/singles?dateWeek=2026-01-12&rankRange=0-5000,2026-03-22T00:43:17Z
atp,2026-01-12,D0FA,Y. Dlimi,Yassine Dlimi,619,58,https://www.atptour.com/en/rankings/singles?dateWeek=2026-01-12&rankRange=0-5000,2026-03-22T00:43:17Z
atp,2026-01-12,I330,S. Imai,Shintaro Imai,620,58,https://www.atptour.com/en/rankings/singles?dateWeek=2026-01-12&rankRange=0-5000,2026-03-22T00:43:17Z
atp,2026-01-12,W09B,D. Wenger,Damien Wenger,621,58,https://www.atptour.com/en/rankings/singles?dateWeek=2026-01-12&rankRange=0-5000,2026-03-22T00:43:17Z
atp,2026-01-12,S0W4,L. Sciahbasi,Lorenzo Sciahbasi,622,58,https://www.atptour.com/en/rankings/singles?dateWeek=2026-01-12&rankRange=0-5000,2026-03-22T00:43:17Z
atp,2026-01-12,LH70,K. Lee,Kuan Yi Lee,623,58,https://www.atptour.com/en/rankings/singles?dateWeek=2026-01-12&rankRange=0-5000,2026-03-22T00:43:17Z
atp,2026-01-12,R0KD,M. Rottgering,Mees Rottgering,624,58,https://www.atptour.com/en/rankings/singles?dateWeek=2026-01-12&rankRange=0-5000,2026-03-22T00:43:17Z
atp,2026-01-12,G0G2,M. Gonzalez Fernandez,Mario Gonzalez Fernandez,625,58,https://www.atptour.com/en/rankings/singles?dateWeek=2026-01-12&rankRange=0-5000,2026-03-22T00:43:17Z
atp,2026-01-12,Y268,M. Ymer,Mikael Ymer,626,57,https://www.atptour.com/en/rankings/singles?dateWeek=2026-01-12&rankRange=0-5000,2026-03-22T00:43:17Z
atp,2026-01-12,N0D9,J. Nicod,Jakub Nicod,627,57,https://www.atptour.com/en/rankings/singles?dateWeek=2026-01-12&rankRange=0-5000,2026-03-22T00:43:17Z
atp,2026-01-12,K0AK,Y. Kawahashi,Yuta Kawahashi,628,57,https://www.atptour.com/en/rankings/singles?dateWeek=2026-01-12&rankRange=0-5000,2026-03-22T00:43:17Z
atp,2026-01-12,M0R4,J. Martin Manzano,Juan Cruz Martin Manzano,629,57,https://www.atptour.com/en/rankings/singles?dateWeek=2026-01-12&rankRange=0-5000,2026-03-22T00:43:17Z
atp,2026-01-12,B0WL,F. Balshaw,Felix Balshaw,630,57,https://www.atptour.com/en/rankings/singles?dateWeek=2026-01-12&rankRange=0-5000,2026-03-22T00:43:17Z
atp,2026-01-12,DH23,S. Dev,S D Prajwal Dev,631,57,https://www.atptour.com/en/rankings/singles?dateWeek=2026-01-12&rankRange=0-5000,2026-03-22T00:43:17Z
atp,2026-01-12,O09A,A. Ouakaa,Aziz Ouakaa,632,57,https://www.atptour.com/en/rankings/singles?dateWeek=2026-01-12&rankRange=0-5000,2026-03-22T00:43:17Z
atp,2026-01-12,MW18,N. Moreno De Alboran,Nicolas Moreno De Alboran,633,56,https://www.atptour.com/en/rankings/singles?dateWeek=2026-01-12&rankRange=0-5000,2026-03-22T00:43:17Z
atp,2026-01-12,M0RX,K. Miyoshi,Kenta Miyoshi,634,56,https://www.atptour.com/en/rankings/singles?dateWeek=2026-01-12&rankRange=0-5000,2026-03-22T00:43:17Z
atp,2026-01-12,D0D2,A. Deckers,Alec Deckers,635,56,https://www.atptour.com/en/rankings/singles?dateWeek=2026-01-12&rankRange=0-5000,2026-03-22T00:43:17Z
atp,2026-01-12,RH50,A. Reymond,Arthur Reymond,636,56,https://www.atptour.com/en/rankings/singles?dateWeek=2026-01-12&rankRange=0-5000,2026-03-22T00:43:17Z
atp,2026-01-12,F0HI,R. Fishback,Ryan Fishback,637,56,https://www.atptour.com/en/rankings/singles?dateWeek=2026-01-12&rankRange=0-5000,2026-03-22T00:43:17Z
atp,2026-01-12,KG49,D. Klok,Denis Klok,638,56,https://www.atptour.com/en/rankings/singles?dateWeek=2026-01-12&rankRange=0-5000,2026-03-22T00:43:17Z
atp,2026-01-12,DB32,Y. Dzhavakian,Yurii Dzhavakian,639,56,https://www.atptour.com/en/rankings/singles?dateWeek=2026-01-12&rankRange=0-5000,2026-03-22T00:43:17Z
atp,2026-01-12,SY00,C. Sigsgaard,Christian Sigsgaard,640,55,https://www.atptour.com/en/rankings/singles?dateWeek=2026-01-12&rankRange=0-5000,2026-03-22T00:43:17Z
atp,2026-01-12,R0F1,J. Rodriguez,Johan Alexander Rodriguez,641,55,https://www.atptour.com/en/rankings/singles?dateWeek=2026-01-12&rankRange=0-5000,2026-03-22T00:43:17Z
atp,2026-01-12,S0LT,D. Siniakov,Daniel Siniakov,642,55,https://www.atptour.com/en/rankings/singles?dateWeek=2026-01-12&rankRange=0-5000,2026-03-22T00:43:17Z
atp,2026-01-12,W0ED,J. Watt,James Watt,643,55,https://www.atptour.com/en/rankings/singles?dateWeek=2026-01-12&rankRange=0-5000,2026-03-22T00:43:17Z
atp,2026-01-12,K0EU,T. Kodat,Toby Kodat,644,55,https://www.atptour.com/en/rankings/singles?dateWeek=2026-01-12&rankRange=0-5000,2026-03-22T00:43:17Z
atp,2026-01-12,M0BW,Y. Mo,Ye Cong Mo,645,55,https://www.atptour.com/en/rankings/singles?dateWeek=2026-01-12&rankRange=0-5000,2026-03-22T00:43:17Z
atp,2026-01-12,P0EV,A. Paulson,Andrew Paulson,646,54,https://www.atptour.com/en/rankings/singles?dateWeek=2026-01-12&rankRange=0-5000,2026-03-22T00:43:17Z
atp,2026-01-12,VA70,M. Valkusz,Mate Valkusz,647,54,https://www.atptour.com/en/rankings/singles?dateWeek=2026-01-12&rankRange=0-5000,2026-03-22T00:43:17Z
atp,2026-01-12,K0ES,Y. Kusuhara,Yusuke Kusuhara,648,54,https://www.atptour.com/en/rankings/singles?dateWeek=2026-01-12&rankRange=0-5000,2026-03-22T00:43:17Z
atp,2026-01-12,TG30,R. Te,Rigele Te,649,54,https://www.atptour.com/en/rankings/singles?dateWeek=2026-01-12&rankRange=0-5000,2026-03-22T00:43:17Z
atp,2026-01-12,D0DK,S. De La Fuente,Santiago De La Fuente,650,54,https://www.atptour.com/en/rankings/singles?dateWeek=2026-01-12&rankRange=0-5000,2026-03-22T00:43:17Z
atp,2026-01-12,K0GA,I. Kudriashov,Igor Kudriashov,651,54,https://www.atptour.com/en/rankings/singles?dateWeek=2026-01-12&rankRange=0-5000,2026-03-22T00:43:17Z
atp,2026-01-12,G0I3,M. Giunta,Massimo Giunta,652,54,https://www.atptour.com/en/rankings/singles?dateWeek=2026-01-12&rankRange=0-5000,2026-03-22T00:43:17Z
atp,2026-01-12,F0HN,K. Filar,Karol Filar,653,53,https://www.atptour.com/en/rankings/singles?dateWeek=2026-01-12&rankRange=0-5000,2026-03-22T00:43:17Z
atp,2026-01-12,J737,F. Juarez,Facundo Juarez,654,53,https://www.atptour.com/en/rankings/singles?dateWeek=2026-01-12&rankRange=0-5000,2026-03-22T00:43:17Z
atp,2026-01-12,G0FF,A. Garcian,Axel Garcian,655,53,https://www.atptour.com/en/rankings/singles?dateWeek=2026-01-12&rankRange=0-5000,2026-03-22T00:43:17Z
atp,2026-01-12,K0HL,K. Kang,Kyle Kang,656,52,https://www.atptour.com/en/rankings/singles?dateWeek=2026-01-12&rankRange=0-5000,2026-03-22T00:43:17Z
atp,2026-01-12,K0HZ,A. Kim,Aidan Kim,657,52,https://www.atptour.com/en/rankings/singles?dateWeek=2026-01-12&rankRange=0-5000,2026-03-22T00:43:17Z
atp,2026-01-12,A09P,A. Ayeni,Alafia Ayeni,658,52,https://www.atptour.com/en/rankings/singles?dateWeek=2026-01-12&rankRange=0-5000,2026-03-22T00:43:17Z
atp,2026-01-12,S0XE,A. Sanchez Quilez,Alejo Sanchez Quilez,659,52,https://www.atptour.com/en/rankings/singles?dateWeek=2026-01-12&rankRange=0-5000,2026-03-22T00:43:17Z
atp,2026-01-12,H0EH,T. Handel,Tim Handel,660,52,https://www.atptour.com/en/rankings/singles?dateWeek=2026-01-12&rankRange=0-5000,2026-03-22T00:43:17Z
atp,2026-01-12,C0OF,D. Chan,Duncan Chan,661,51,https://www.atptour.com/en/rankings/singles?dateWeek=2026-01-12&rankRange=0-5000,2026-03-22T00:43:17Z
atp,2026-01-12,V0J1,J. Vasami,Jacopo Vasami,662,51,https://www.atptour.com/en/rankings/singles?dateWeek=2026-01-12&rankRange=0-5000,2026-03-22T00:43:17Z
atp,2026-01-12,R0IL,I. Radulov,Iliyan Radulov,663,51,https://www.atptour.com/en/rankings/singles?dateWeek=2026-01-12&rankRange=0-5000,2026-03-22T00:43:17Z
atp,2026-01-12,S0E6,S. Slump,Stijn Slump,664,51,https://www.atptour.com/en/rankings/singles?dateWeek=2026-01-12&rankRange=0-5000,2026-03-22T00:43:17Z
atp,2026-01-12,L0AT,I. Lopez Morillo,Imanol Lopez Morillo,665,51,https://www.atptour.com/en/rankings/singles?dateWeek=2026-01-12&rankRange=0-5000,2026-03-22T00:43:17Z
atp,2026-01-12,L0DB,G. La Vela,Giuseppe La Vela,666,51,https://www.atptour.com/en/rankings/singles?dateWeek=2026-01-12&rankRange=0-5000,2026-03-22T00:43:17Z
atp,2026-01-12,C0HV,L. Castagnola,Luca Castagnola,667,51,https://www.atptour.com/en/rankings/singles?dateWeek=2026-01-12&rankRange=0-5000,2026-03-22T00:43:17Z
atp,2026-01-12,V0DG,Q. Vandecasteele,Quinn Vandecasteele,668,51,https://www.atptour.com/en/rankings/singles?dateWeek=2026-01-12&rankRange=0-5000,2026-03-22T00:43:17Z
atp,2026-01-12,O639,G. Oradini,Giovanni Oradini,669,51,https://www.atptour.com/en/rankings/singles?dateWeek=2026-01-12&rankRange=0-5000,2026-03-22T00:43:17Z
atp,2026-01-12,KD46,T. Kokkinakis,Thanasi Kokkinakis,670,50,https://www.atptour.com/en/rankings/singles?dateWeek=2026-01-12&rankRange=0-5000,2026-03-22T00:43:17Z
atp,2026-01-12,KE17,N. Kyrgios,Nick Kyrgios,671,50,https://www.atptour.com/en/rankings/singles?dateWeek=2026-01-12&rankRange=0-5000,2026-03-22T00:43:17Z
atp,2026-01-12,KC56,A. Karatsev,Aslan Karatsev,672,50,https://www.atptour.com/en/rankings/singles?dateWeek=2026-01-12&rankRange=0-5000,2026-03-22T00:43:17Z
atp,2026-01-12,A0JA,M. Agwi,Michael Agwi,673,50,https://www.atptour.com/en/rankings/singles?dateWeek=2026-01-12&rankRange=0-5000,2026-03-22T00:43:17Z
atp,2026-01-12,K0JH,J. Kumstat,Jan Kumstat,674,50,https://www.atptour.com/en/rankings/singles?dateWeek=2026-01-12&rankRange=0-5000,2026-03-22T00:43:17Z
atp,2026-01-12,T0JZ,R. Turcanu,Radu David Turcanu,675,50,https://www.atptour.com/en/rankings/singles?dateWeek=2026-01-12&rankRange=0-5000,2026-03-22T00:43:17Z
atp,2026-01-12,N0BU,D. Nunez,Daniel Antonio Nunez,676,50,https://www.atptour.com/en/rankings/singles?dateWeek=2026-01-12&rankRange=0-5000,2026-03-22T00:43:17Z
atp,2026-01-12,D0DB,P. Delage,Pierre Delage,677,50,https://www.atptour.com/en/rankings/singles?dateWeek=2026-01-12&rankRange=0-5000,2026-03-22T00:43:17Z
atp,2026-01-12,V0D0,N. Visker,Niels Visker,678,50,https://www.atptour.com/en/rankings/singles?dateWeek=2026-01-12&rankRange=0-5000,2026-03-22T00:43:17Z
atp,2026-01-12,DH46,A. Donski,Alexander Donski,679,49,https://www.atptour.com/en/rankings/singles?dateWeek=2026-01-12&rankRange=0-5000,2026-03-22T00:43:17Z
atp,2026-01-12,CG94,E. Couacaud,Enzo Couacaud,680,49,https://www.atptour.com/en/rankings/singles?dateWeek=2026-01-12&rankRange=0-5000,2026-03-22T00:43:17Z
atp,2026-01-12,F0A4,F. Forti,Francesco Forti,681,49,https://www.atptour.com/en/rankings/singles?dateWeek=2026-01-12&rankRange=0-5000,2026-03-22T00:43:17Z
atp,2026-01-12,B0PN,M. Bobichon,Matisse Bobichon,682,49,https://www.atptour.com/en/rankings/singles?dateWeek=2026-01-12&rankRange=0-5000,2026-03-22T00:43:17Z
atp,2026-01-12,CN15,F. Corwin,Felix Corwin,683,49,https://www.atptour.com/en/rankings/singles?dateWeek=2026-01-12&rankRange=0-5000,2026-03-22T00:43:17Z
atp,2026-01-12,M0L2,A. Manzanera Pertusa,Alejandro Manzanera Pertusa,684,49,https://www.atptour.com/en/rankings/singles?dateWeek=2026-01-12&rankRange=0-5000,2026-03-22T00:43:17Z
atp,2026-01-12,RB86,S. Rawat,Sidharth Rawat,685,49,https://www.atptour.com/en/rankings/singles?dateWeek=2026-01-12&rankRange=0-5000,2026-03-22T00:43:17Z
atp,2026-01-12,D0IN,R. Dickerson,Ryan Dickerson,686,49,https://www.atptour.com/en/rankings/singles?dateWeek=2026-01-12&rankRange=0-5000,2026-03-22T00:43:17Z
atp,2026-01-12,F0GS,A. Forger,Abel Forger,687,49,https://www.atptour.com/en/rankings/singles?dateWeek=2026-01-12&rankRange=0-5000,2026-03-22T00:43:17Z
atp,2026-01-12,CG04,P. Cachin,Pedro Cachin,688,48,https://www.atptour.com/en/rankings/singles?dateWeek=2026-01-12&rankRange=0-5000,2026-03-22T00:43:17Z
atp,2026-01-12,S0NN,J. Sheehy,Joshua Sheehy,689,48,https://www.atptour.com/en/rankings/singles?dateWeek=2026-01-12&rankRange=0-5000,2026-03-22T00:43:17Z
atp,2026-01-12,S0S5,B. Shick,Braden Shick,690,48,https://www.atptour.com/en/rankings/singles?dateWeek=2026-01-12&rankRange=0-5000,2026-03-22T00:43:17Z
atp,2026-01-12,B0IF,B. Baker,Blu Baker,691,48,https://www.atptour.com/en/rankings/singles?dateWeek=2026-01-12&rankRange=0-5000,2026-03-22T00:43:17Z
atp,2026-01-12,K0EZ,Y. Kikuchi,Yuta Kikuchi,692,48,https://www.atptour.com/en/rankings/singles?dateWeek=2026-01-12&rankRange=0-5000,2026-03-22T00:43:17Z
atp,2026-01-12,A0KH,R. Alujas,Rodrigo Alujas,693,48,https://www.atptour.com/en/rankings/singles?dateWeek=2026-01-12&rankRange=0-5000,2026-03-22T00:43:17Z
atp,2026-01-12,A0ES,P. Araujo,Pedro Araujo,694,48,https://www.atptour.com/en/rankings/singles?dateWeek=2026-01-12&rankRange=0-5000,2026-03-22T00:43:17Z
atp,2026-01-12,PI96,S. Perez Contri,Sergi Perez Contri,695,48,https://www.atptour.com/en/rankings/singles?dateWeek=2026-01-12&rankRange=0-5000,2026-03-22T00:43:17Z
atp,2026-01-12,M0FA,A. Matusevich,Anton Matusevich,696,47,https://www.atptour.com/en/rankings/singles?dateWeek=2026-01-12&rankRange=0-5000,2026-03-22T00:43:17Z
atp,2026-01-12,S0VO,P. Sornlaksup,Pawit Sornlaksup,697,47,https://www.atptour.com/en/rankings/singles?dateWeek=2026-01-12&rankRange=0-5000,2026-03-22T00:43:17Z
atp,2026-01-12,L0I5,M. Leong,Mitsuki Wei Kang Leong,698,47,https://www.atptour.com/en/rankings/singles?dateWeek=2026-01-12&rankRange=0-5000,2026-03-22T00:43:17Z
atp,2026-01-12,KG27,S. Kirchheimer,Strong Kirchheimer,699,47,https://www.atptour.com/en/rankings/singles?dateWeek=2026-01-12&rankRange=0-5000,2026-03-22T00:43:17Z
atp,2026-01-12,V0G6,L. Vithoontien,Leo Vithoontien,700,47,https://www.atptour.com/en/rankings/singles?dateWeek=2026-01-12&rankRange=0-5000,2026-03-22T00:43:17Z
atp,2026-01-12,W0DD,C. Williams,Cooper Williams,701,46,https://www.atptour.com/en/rankings/singles?dateWeek=2026-01-12&rankRange=0-5000,2026-03-22T00:43:17Z
atp,2026-01-12,B0VX,P. Basile,Pierluigi Basile,702,46,https://www.atptour.com/en/rankings/singles?dateWeek=2026-01-12&rankRange=0-5000,2026-03-22T00:43:17Z
atp,2026-01-12,D0IO,T. Duran,Tuncay Duran,703,46,https://www.atptour.com/en/rankings/singles?dateWeek=2026-01-12&rankRange=0-5000,2026-03-22T00:43:17Z
atp,2026-01-12,Z0D1,T. Zhang,Tianhui Zhang,704,46,https://www.atptour.com/en/rankings/singles?dateWeek=2026-01-12&rankRange=0-5000,2026-03-22T00:43:17Z
atp,2026-01-12,Z0C9,M. Zielinski,Marcel Zielinski,705,46,https://www.atptour.com/en/rankings/singles?dateWeek=2026-01-12&rankRange=0-5000,2026-03-22T00:43:17Z
atp,2026-01-12,E831,K. Edmund,Kyle Edmund,706,45,https://www.atptour.com/en/rankings/singles?dateWeek=2026-01-12&rankRange=0-5000,2026-03-22T00:43:17Z
atp,2026-01-12,M0O6,P. Martinez Gomez,Pablo Martinez Gomez,707,45,https://www.atptour.com/en/rankings/singles?dateWeek=2026-01-12&rankRange=0-5000,2026-03-22T00:43:17Z
atp,2026-01-12,BP79,P. Bertran,Peter Bertran,708,45,https://www.atptour.com/en/rankings/singles?dateWeek=2026-01-12&rankRange=0-5000,2026-03-22T00:43:17Z
atp,2026-01-12,F965,S. Fukuda,Sora Fukuda,709,45,https://www.atptour.com/en/rankings/singles?dateWeek=2026-01-12&rankRange=0-5000,2026-03-22T00:43:17Z
atp,2026-01-12,P0KA,S. Pankin,Semen Pankin,710,45,https://www.atptour.com/en/rankings/singles?dateWeek=2026-01-12&rankRange=0-5000,2026-03-22T00:43:17Z
atp,2026-01-12,G0ME,G. Ghetu,Gabriel Ghetu,711,45,https://www.atptour.com/en/rankings/singles?dateWeek=2026-01-12&rankRange=0-5000,2026-03-22T00:43:17Z
atp,2026-01-12,F0C0,C. Ferguson,Chase Ferguson,712,45,https://www.atptour.com/en/rankings/singles?dateWeek=2026-01-12&rankRange=0-5000,2026-03-22T00:43:17Z
atp,2026-01-12,Y0BB,A. Yazdani,Ali Yazdani,713,45,https://www.atptour.com/en/rankings/singles?dateWeek=2026-01-12&rankRange=0-5000,2026-03-22T00:43:17Z
atp,2026-01-12,I09N,F. Iannaccone,Federico Iannaccone,714,45,https://www.atptour.com/en/rankings/singles?dateWeek=2026-01-12&rankRange=0-5000,2026-03-22T00:43:17Z
atp,2026-01-12,D750,K. De Schepper,Kenny De Schepper,715,45,https://www.atptour.com/en/rankings/singles?dateWeek=2026-01-12&rankRange=0-5000,2026-03-22T00:43:17Z
atp,2026-01-12,D0K3,G. Dalmasso,Guillaume Dalmasso,716,45,https://www.atptour.com/en/rankings/singles?dateWeek=2026-01-12&rankRange=0-5000,2026-03-22T00:43:17Z
atp,2026-01-12,B0PW,K. Bigun,Kaylan Bigun,717,44,https://www.atptour.com/en/rankings/singles?dateWeek=2026-01-12&rankRange=0-5000,2026-03-22T00:43:17Z
atp,2026-01-12,P0AV,U. Park,Uisung Park,718,44,https://www.atptour.com/en/rankings/singles?dateWeek=2026-01-12&rankRange=0-5000,2026-03-22T00:43:17Z
atp,2026-01-12,PC09,J. Pereira,Jose Pereira,719,44,https://www.atptour.com/en/rankings/singles?dateWeek=2026-01-12&rankRange=0-5000,2026-03-22T00:43:17Z
atp,2026-01-12,B0HF,D. Barreto Sanchez,Diego Augusto Barreto Sanchez,720,44,https://www.atptour.com/en/rankings/singles?dateWeek=2026-01-12&rankRange=0-5000,2026-03-22T00:43:17Z
atp,2026-01-12,DH55,M. De Krom,Michiel De Krom,721,44,https://www.atptour.com/en/rankings/singles?dateWeek=2026-01-12&rankRange=0-5000,2026-03-22T00:43:17Z
atp,2026-01-12,R0JH,P. Rodrigues,Pedro Rodrigues,722,43,https://www.atptour.com/en/rankings/singles?dateWeek=2026-01-12&rankRange=0-5000,2026-03-22T00:43:17Z
atp,2026-01-12,DA86,J. De Loore,Joris De Loore,723,43,https://www.atptour.com/en/rankings/singles?dateWeek=2026-01-12&rankRange=0-5000,2026-03-22T00:43:17Z
atp,2026-01-12,N707,N. Nakagawa,Naoki Nakagawa,724,43,https://www.atptour.com/en/rankings/singles?dateWeek=2026-01-12&rankRange=0-5000,2026-03-22T00:43:17Z
atp,2026-01-12,S0Y7,M. Summers,Matthew Summers,725,43,https://www.atptour.com/en/rankings/singles?dateWeek=2026-01-12&rankRange=0-5000,2026-03-22T00:43:17Z
atp,2026-01-12,B0LV,M. Bassem Sobhy,Michael Bassem Sobhy,726,43,https://www.atptour.com/en/rankings/singles?dateWeek=2026-01-12&rankRange=0-5000,2026-03-22T00:43:17Z
atp,2026-01-12,D0HS,D. Dinev,Dinko Dinev,727,43,https://www.atptour.com/en/rankings/singles?dateWeek=2026-01-12&rankRange=0-5000,2026-03-22T00:43:17Z
atp,2026-01-12,S0GF,M. Steiner,Maik Steiner,728,43,https://www.atptour.com/en/rankings/singles?dateWeek=2026-01-12&rankRange=0-5000,2026-03-22T00:43:17Z
atp,2026-01-12,HG90,C. Huertas del Pino,Conner Huertas Del Pino,729,42,https://www.atptour.com/en/rankings/singles?dateWeek=2026-01-12&rankRange=0-5000,2026-03-22T00:43:17Z
atp,2026-01-12,N652,J. Nam,Jisung Nam,730,42,https://www.atptour.com/en/rankings/singles?dateWeek=2026-01-12&rankRange=0-5000,2026-03-22T00:43:17Z
atp,2026-01-12,MV75,I. Monzon,Ignacio Monzon,731,42,https://www.atptour.com/en/rankings/singles?dateWeek=2026-01-12&rankRange=0-5000,2026-03-22T00:43:17Z
atp,2026-01-12,W712,K. Wehnelt,Kai Wehnelt,732,42,https://www.atptour.com/en/rankings/singles?dateWeek=2026-01-12&rankRange=0-5000,2026-03-22T00:43:17Z
atp,2026-01-12,T0CU,F. Tabacco,Fausto Tabacco,733,42,https://www.atptour.com/en/rankings/singles?dateWeek=2026-01-12&rankRange=0-5000,2026-03-22T00:43:17Z
atp,2026-01-12,H0K0,C. Hewitt,Cruz Hewitt,734,41,https://www.atptour.com/en/rankings/singles?dateWeek=2026-01-12&rankRange=0-5000,2026-03-22T00:43:17Z
atp,2026-01-12,D0L8,T. Derepasko,Timofei Derepasko,735,41,https://www.atptour.com/en/rankings/singles?dateWeek=2026-01-12&rankRange=0-5000,2026-03-22T00:43:17Z
atp,2026-01-12,E0AU,J. Echeverria,John Echeverria,736,41,https://www.atptour.com/en/rankings/singles?dateWeek=2026-01-12&rankRange=0-5000,2026-03-22T00:43:17Z
atp,2026-01-12,O0BR,D. Ostapenkov,Daniil Ostapenkov,737,41,https://www.atptour.com/en/rankings/singles?dateWeek=2026-01-12&rankRange=0-5000,2026-03-22T00:43:17Z
atp,2026-01-12,T0BD,N. Tepmahc,Nicolas Tepmahc,738,41,https://www.atptour.com/en/rankings/singles?dateWeek=2026-01-12&rankRange=0-5000,2026-03-22T00:43:17Z
atp,2026-01-12,Z09K,E. Zhu,Evan Zhu,739,41,https://www.atptour.com/en/rankings/singles?dateWeek=2026-01-12&rankRange=0-5000,2026-03-22T00:43:17Z
atp,2026-01-12,P0O9,M. Petkovic,Mika Petkovic,740,41,https://www.atptour.com/en/rankings/singles?dateWeek=2026-01-12&rankRange=0-5000,2026-03-22T00:43:17Z
atp,2026-01-12,S0S9,D. Sakellaridis,Dimitris Sakellaridis,741,41,https://www.atptour.com/en/rankings/singles?dateWeek=2026-01-12&rankRange=0-5000,2026-03-22T00:43:17Z
atp,2026-01-12,MN13,M. Marterer,Maximilian Marterer,742,40,https://www.atptour.com/en/rankings/singles?dateWeek=2026-01-12&rankRange=0-5000,2026-03-22T00:43:17Z
atp,2026-01-12,P0K5,T. Papamalamis,Theo Papamalamis,743,40,https://www.atptour.com/en/rankings/singles?dateWeek=2026-01-12&rankRange=0-5000,2026-03-22T00:43:17Z
atp,2026-01-12,S0H1,L. Staeheli,Luca Staeheli,744,40,https://www.atptour.com/en/rankings/singles?dateWeek=2026-01-12&rankRange=0-5000,2026-03-22T00:43:17Z
atp,2026-01-12,KJ00,A. Knaff,Alex Knaff,745,40,https://www.atptour.com/en/rankings/singles?dateWeek=2026-01-12&rankRange=0-5000,2026-03-22T00:43:17Z
atp,2026-01-12,P0FY,A. Pecci,Alessandro Pecci,746,40,https://www.atptour.com/en/rankings/singles?dateWeek=2026-01-12&rankRange=0-5000,2026-03-22T00:43:17Z
atp,2026-01-12,F0BV,T. Farjat,Tomas Farjat,747,40,https://www.atptour.com/en/rankings/singles?dateWeek=2026-01-12&rankRange=0-5000,2026-03-22T00:43:17Z
atp,2026-01-12,S0UM,J. Simundza,Josip Simundza,748,40,https://www.atptour.com/en/rankings/singles?dateWeek=2026-01-12&rankRange=0-5000,2026-03-22T00:43:17Z
atp,2026-01-12,C0PX,M. Covato,Matteo Covato,749,40,https://www.atptour.com/en/rankings/singles?dateWeek=2026-01-12&rankRange=0-5000,2026-03-22T00:43:17Z
atp,2026-01-12,B0BZ,M. Bertimon,Maxence Bertimon,750,40,https://www.atptour.com/en/rankings/singles?dateWeek=2026-01-12&rankRange=0-5000,2026-03-22T00:43:17Z
atp,2026-01-12,R0GN,A. Raynel,Amaury Raynel,751,40,https://www.atptour.com/en/rankings/singles?dateWeek=2026-01-12&rankRange=0-5000,2026-03-22T00:43:17Z
atp,2026-01-12,M0KA,Y. Milev,Yanaki Milev,752,40,https://www.atptour.com/en/rankings/singles?dateWeek=2026-01-12&rankRange=0-5000,2026-03-22T00:43:17Z
atp,2026-01-12,GJ05,A. Gautier,Alexis Gautier,753,39,https://www.atptour.com/en/rankings/singles?dateWeek=2026-01-12&rankRange=0-5000,2026-03-22T00:43:17Z
atp,2026-01-12,B0ME,C. Bouchelaghem,Cesar Bouchelaghem,754,39,https://www.atptour.com/en/rankings/singles?dateWeek=2026-01-12&rankRange=0-5000,2026-03-22T00:43:17Z
atp,2026-01-12,L0LD,S. Linde Palacios,Samuel Alejandro Linde Palacios,755,39,https://www.atptour.com/en/rankings/singles?dateWeek=2026-01-12&rankRange=0-5000,2026-03-22T00:43:17Z
atp,2026-01-12,H0HU,S. Heredia,Samuel Heredia,756,39,https://www.atptour.com/en/rankings/singles?dateWeek=2026-01-12&rankRange=0-5000,2026-03-22T00:43:17Z
atp,2026-01-12,CN44,T. Curras Abasolo,Tomas Curras Abasolo,757,39,https://www.atptour.com/en/rankings/singles?dateWeek=2026-01-12&rankRange=0-5000,2026-03-22T00:43:17Z
atp,2026-01-12,MW69,M. Mbithi,Mwendwa Mbithi,758,38,https://www.atptour.com/en/rankings/singles?dateWeek=2026-01-12&rankRange=0-5000,2026-03-22T00:43:17Z
atp,2026-01-12,G0I2,A. Gobat,Adrien Gobat,759,38,https://www.atptour.com/en/rankings/singles?dateWeek=2026-01-12&rankRange=0-5000,2026-03-22T00:43:17Z
atp,2026-01-12,G0LG,Y. Ghazouani Durand,Yanis Ghazouani Durand,760,38,https://www.atptour.com/en/rankings/singles?dateWeek=2026-01-12&rankRange=0-5000,2026-03-22T00:43:17Z
atp,2026-01-12,BK24,G. Barrere,Gregoire Barrere,761,37,https://www.atptour.com/en/rankings/singles?dateWeek=2026-01-12&rankRange=0-5000,2026-03-22T00:43:17Z
atp,2026-01-12,T0CN,T. Torres,Tiago Torres,762,37,https://www.atptour.com/en/rankings/singles?dateWeek=2026-01-12&rankRange=0-5000,2026-03-22T00:43:17Z
atp,2026-01-12,VA23,K. Van Wyk,Kris Van Wyk,763,37,https://www.atptour.com/en/rankings/singles?dateWeek=2026-01-12&rankRange=0-5000,2026-03-22T00:43:17Z
atp,2026-01-12,R0HQ,L. Raquillet,Leo Raquillet,764,37,https://www.atptour.com/en/rankings/singles?dateWeek=2026-01-12&rankRange=0-5000,2026-03-22T00:43:17Z
atp,2026-01-12,P0ME,L. Preda,Luca Preda,765,37,https://www.atptour.com/en/rankings/singles?dateWeek=2026-01-12&rankRange=0-5000,2026-03-22T00:43:17Z
atp,2026-01-12,H0J1,N. Honda,Naoya Honda,766,37,https://www.atptour.com/en/rankings/singles?dateWeek=2026-01-12&rankRange=0-5000,2026-03-22T00:43:17Z
atp,2026-01-12,S0LR,J. Sperle,John Sperle,767,37,https://www.atptour.com/en/rankings/singles?dateWeek=2026-01-12&rankRange=0-5000,2026-03-22T00:43:17Z
atp,2026-01-12,GC17,O. Gutierrez,Oscar Jose Gutierrez,768,37,https://www.atptour.com/en/rankings/singles?dateWeek=2026-01-12&rankRange=0-5000,2026-03-22T00:43:17Z
atp,2026-01-12,A0IH,J. Anthrop,Jack Anthrop,769,36,https://www.atptour.com/en/rankings/singles?dateWeek=2026-01-12&rankRange=0-5000,2026-03-22T00:43:17Z
atp,2026-01-12,L0G8,V. Lilov,Victor Lilov,770,36,https://www.atptour.com/en/rankings/singles?dateWeek=2026-01-12&rankRange=0-5000,2026-03-22T00:43:17Z
atp,2026-01-12,R0F6,F. Rocha,Francisco Rocha,771,36,https://www.atptour.com/en/rankings/singles?dateWeek=2026-01-12&rankRange=0-5000,2026-03-22T00:43:17Z
atp,2026-01-12,K0EM,M. Kuhar,Matt Kuhar,772,36,https://www.atptour.com/en/rankings/singles?dateWeek=2026-01-12&rankRange=0-5000,2026-03-22T00:43:17Z
atp,2026-01-12,B0BK,A. Braynin,Aleksandr Braynin,773,36,https://www.atptour.com/en/rankings/singles?dateWeek=2026-01-12&rankRange=0-5000,2026-03-22T00:43:17Z
atp,2026-01-12,R0H6,L. Rossi,Leonardo Rossi,774,36,https://www.atptour.com/en/rankings/singles?dateWeek=2026-01-12&rankRange=0-5000,2026-03-22T00:43:17Z
atp,2026-01-12,A0L6,L. Andrade Da Silva,Lucas Andrade Da Silva,775,35,https://www.atptour.com/en/rankings/singles?dateWeek=2026-01-12&rankRange=0-5000,2026-03-22T00:43:17Z
atp,2026-01-12,P0K3,R. Pascual Ferra,Roger Pascual Ferra,776,35,https://www.atptour.com/en/rankings/singles?dateWeek=2026-01-12&rankRange=0-5000,2026-03-22T00:43:17Z
atp,2026-01-12,B0QQ,K. Bennani,Karim Bennani,777,35,https://www.atptour.com/en/rankings/singles?dateWeek=2026-01-12&rankRange=0-5000,2026-03-22T00:43:17Z
atp,2026-01-12,F09U,M. Fuele,Matyas Fuele,778,35,https://www.atptour.com/en/rankings/singles?dateWeek=2026-01-12&rankRange=0-5000,2026-03-22T00:43:17Z
atp,2026-01-12,B0MP,A. Boros,Attila Boros,779,35,https://www.atptour.com/en/rankings/singles?dateWeek=2026-01-12&rankRange=0-5000,2026-03-22T00:43:17Z
atp,2026-01-12,B0IY,A. Beckley,Alec Beckley,780,35,https://www.atptour.com/en/rankings/singles?dateWeek=2026-01-12&rankRange=0-5000,2026-03-22T00:43:17Z
atp,2026-01-12,H0EK,E. Hudd,Emile Hudd,781,35,https://www.atptour.com/en/rankings/singles?dateWeek=2026-01-12&rankRange=0-5000,2026-03-22T00:43:17Z
atp,2026-01-12,V0BS,M. Van Der Meerschen,Martin Van Der Meerschen,782,35,https://www.atptour.com/en/rankings/singles?dateWeek=2026-01-12&rankRange=0-5000,2026-03-22T00:43:17Z
atp,2026-01-12,SQ79,C. Sinclair,Colin Sinclair,783,35,https://www.atptour.com/en/rankings/singles?dateWeek=2026-01-12&rankRange=0-5000,2026-03-22T00:43:17Z
atp,2026-01-12,EA31,M. Efstathiou,Melios Efstathiou,784,35,https://www.atptour.com/en/rankings/singles?dateWeek=2026-01-12&rankRange=0-5000,2026-03-22T00:43:17Z
atp,2026-01-12,M0RO,I. Miletich,Iannis Miletich,785,35,https://www.atptour.com/en/rankings/singles?dateWeek=2026-01-12&rankRange=0-5000,2026-03-22T00:43:17Z
atp,2026-01-12,TB70,W. Trongcharoenchaikul,Wishaya Trongcharoenchaikul,786,35,https://www.atptour.com/en/rankings/singles?dateWeek=2026-01-12&rankRange=0-5000,2026-03-22T00:43:17Z
atp,2026-01-12,H0EZ,S. Hamza Reguig,Samir Hamza Reguig,787,35,https://www.atptour.com/en/rankings/singles?dateWeek=2026-01-12&rankRange=0-5000,2026-03-22T00:43:17Z
atp,2026-01-12,L0K7,F. Lechno-Wasiutynski,Fryderyk Lechno Wasiutynski,788,34,https://www.atptour.com/en/rankings/singles?dateWeek=2026-01-12&rankRange=0-5000,2026-03-22T00:43:17Z
atp,2026-01-12,H0B7,T. Hilderbrand,Trey Hilderbrand,789,34,https://www.atptour.com/en/rankings/singles?dateWeek=2026-01-12&rankRange=0-5000,2026-03-22T00:43:17Z
atp,2026-01-12,B0J8,M. Braswell,Micah Braswell,790,34,https://www.atptour.com/en/rankings/singles?dateWeek=2026-01-12&rankRange=0-5000,2026-03-22T00:43:17Z
atp,2026-01-12,I305,I. Ivashka,Ilya Ivashka,791,34,https://www.atptour.com/en/rankings/singles?dateWeek=2026-01-12&rankRange=0-5000,2026-03-22T00:43:17Z
atp,2026-01-12,D0IP,G. De Almeida,Gustavo Ribeiro De Almeida,792,34,https://www.atptour.com/en/rankings/singles?dateWeek=2026-01-12&rankRange=0-5000,2026-03-22T00:43:17Z
atp,2026-01-12,HH15,M. Haliak,Mikalai Haliak,793,34,https://www.atptour.com/en/rankings/singles?dateWeek=2026-01-12&rankRange=0-5000,2026-03-22T00:43:17Z
atp,2026-01-12,M0HD,A. Magadan,Alan Magadan,794,34,https://www.atptour.com/en/rankings/singles?dateWeek=2026-01-12&rankRange=0-5000,2026-03-22T00:43:17Z
atp,2026-01-12,V0DX,B. Vilicich,Bautista Vilicich,795,34,https://www.atptour.com/en/rankings/singles?dateWeek=2026-01-12&rankRange=0-5000,2026-03-22T00:43:17Z
atp,2026-01-12,X01A,L. Xiao,Linang Xiao,796,34,https://www.atptour.com/en/rankings/singles?dateWeek=2026-01-12&rankRange=0-5000,2026-03-22T00:43:17Z
atp,2026-01-12,C09Y,J. Charlton,Joshua Charlton,797,34,https://www.atptour.com/en/rankings/singles?dateWeek=2026-01-12&rankRange=0-5000,2026-03-22T00:43:17Z
atp,2026-01-12,G0DD,W. Grant,William Grant,798,34,https://www.atptour.com/en/rankings/singles?dateWeek=2026-01-12&rankRange=0-5000,2026-03-22T00:43:17Z
atp,2026-01-12,W09G,J. Wolf,J.j. Wolf,799,33,https://www.atptour.com/en/rankings/singles?dateWeek=2026-01-12&rankRange=0-5000,2026-03-22T00:43:17Z
atp,2026-01-12,W0AX,O. Weightman,Oscar Weightman,800,33,https://www.atptour.com/en/rankings/singles?dateWeek=2026-01-12&rankRange=0-5000,2026-03-22T00:43:17Z
atp,2026-01-12,P0MN,A. Pedrico Kravtsov,Albert Pedrico Kravtsov,801,33,https://www.atptour.com/en/rankings/singles?dateWeek=2026-01-12&rankRange=0-5000,2026-03-22T00:43:17Z
atp,2026-01-12,B0V0,N. Bilozertsev,Nikita Bilozertsev,802,33,https://www.atptour.com/en/rankings/singles?dateWeek=2026-01-12&rankRange=0-5000,2026-03-22T00:43:17Z
atp,2026-01-12,R0H2,P. Rodenas,Pedro Rodenas,803,33,https://www.atptour.com/en/rankings/singles?dateWeek=2026-01-12&rankRange=0-5000,2026-03-22T00:43:17Z
atp,2026-01-12,KD87,E. Karlovskiy,Evgeny Karlovskiy,804,33,https://www.atptour.com/en/rankings/singles?dateWeek=2026-01-12&rankRange=0-5000,2026-03-22T00:43:17Z
atp,2026-01-12,B0VF,O. Bonding,Oliver Bonding,805,33,https://www.atptour.com/en/rankings/singles?dateWeek=2026-01-12&rankRange=0-5000,2026-03-22T00:43:17Z
atp,2026-01-12,BU32,L. Bouquet,Lucas Bouquet,806,33,https://www.atptour.com/en/rankings/singles?dateWeek=2026-01-12&rankRange=0-5000,2026-03-22T00:43:17Z
atp,2026-01-12,M0D4,M. Fitriadi,M Rifki Fitriadi,807,33,https://www.atptour.com/en/rankings/singles?dateWeek=2026-01-12&rankRange=0-5000,2026-03-22T00:43:17Z
atp,2026-01-12,LE01,D. Lee,Duckhee Lee,808,33,https://www.atptour.com/en/rankings/singles?dateWeek=2026-01-12&rankRange=0-5000,2026-03-22T00:43:17Z
atp,2026-01-12,H0BA,S. Hazawa,Shinji Hazawa,809,33,https://www.atptour.com/en/rankings/singles?dateWeek=2026-01-12&rankRange=0-5000,2026-03-22T00:43:17Z
atp,2026-01-12,J0DG,A. Juan Mano,Alejandro Juan Mano,810,33,https://www.atptour.com/en/rankings/singles?dateWeek=2026-01-12&rankRange=0-5000,2026-03-22T00:43:17Z
atp,2026-01-12,SY94,T. Sahtali,Toufik Sahtali,811,33,https://www.atptour.com/en/rankings/singles?dateWeek=2026-01-12&rankRange=0-5000,2026-03-22T00:43:17Z
atp,2026-01-12,K0HU,A. Kukasian,Artur Kukasian,812,33,https://www.atptour.com/en/rankings/singles?dateWeek=2026-01-12&rankRange=0-5000,2026-03-22T00:43:17Z
atp,2026-01-12,LA54,W. Leite,Wilson Leite,813,33,https://www.atptour.com/en/rankings/singles?dateWeek=2026-01-12&rankRange=0-5000,2026-03-22T00:43:17Z
atp,2026-01-12,B0D8,J. Brumm,Jacob Brumm,814,33,https://www.atptour.com/en/rankings/singles?dateWeek=2026-01-12&rankRange=0-5000,2026-03-22T00:43:17Z
atp,2026-01-12,S0LD,K. Saitoh,Keisuke Saitoh,815,32,https://www.atptour.com/en/rankings/singles?dateWeek=2026-01-12&rankRange=0-5000,2026-03-22T00:43:17Z
atp,2026-01-12,F0FL,B. Fernandez,Bruno Fernandez,816,32,https://www.atptour.com/en/rankings/singles?dateWeek=2026-01-12&rankRange=0-5000,2026-03-22T00:43:17Z
atp,2026-01-12,C0DS,T. Chanta,Thanapet Chanta,817,32,https://www.atptour.com/en/rankings/singles?dateWeek=2026-01-12&rankRange=0-5000,2026-03-22T00:43:17Z
atp,2026-01-12,R0DC,A. Rai,Ajeet Rai,818,32,https://www.atptour.com/en/rankings/singles?dateWeek=2026-01-12&rankRange=0-5000,2026-03-22T00:43:17Z
atp,2026-01-12,H0GK,M. Homberg,Maximilian Homberg,819,32,https://www.atptour.com/en/rankings/singles?dateWeek=2026-01-12&rankRange=0-5000,2026-03-22T00:43:17Z
atp,2026-01-12,R0B6,L. Rottoli,Lorenzo Rottoli,820,32,https://www.atptour.com/en/rankings/singles?dateWeek=2026-01-12&rankRange=0-5000,2026-03-22T00:43:17Z
atp,2026-01-12,Y0A8,T. Yamanaka,Taiyo Yamanaka,821,32,https://www.atptour.com/en/rankings/singles?dateWeek=2026-01-12&rankRange=0-5000,2026-03-22T00:43:17Z
atp,2026-01-12,O09T,K. Ogura,Kosuke Ogura,822,32,https://www.atptour.com/en/rankings/singles?dateWeek=2026-01-12&rankRange=0-5000,2026-03-22T00:43:17Z
atp,2026-01-12,GC89,E. Gerasimov,Egor Gerasimov,823,31,https://www.atptour.com/en/rankings/singles?dateWeek=2026-01-12&rankRange=0-5000,2026-03-22T00:43:17Z
atp,2026-01-12,TG77,P. Tsitsipas,Petros Tsitsipas,824,31,https://www.atptour.com/en/rankings/singles?dateWeek=2026-01-12&rankRange=0-5000,2026-03-22T00:43:17Z
atp,2026-01-12,O0E7,A. Omarkhanov,Amir Omarkhanov,825,31,https://www.atptour.com/en/rankings/singles?dateWeek=2026-01-12&rankRange=0-5000,2026-03-22T00:43:17Z
atp,2026-01-12,H0GW,M. Hopp,Michel Hopp,826,31,https://www.atptour.com/en/rankings/singles?dateWeek=2026-01-12&rankRange=0-5000,2026-03-22T00:43:17Z
atp,2026-01-12,M0V7,V. Marysko,Vincent Marysko,827,31,https://www.atptour.com/en/rankings/singles?dateWeek=2026-01-12&rankRange=0-5000,2026-03-22T00:43:17Z
atp,2026-01-12,T0H5,B. Torrealba,Benjamin Torrealba,828,31,https://www.atptour.com/en/rankings/singles?dateWeek=2026-01-12&rankRange=0-5000,2026-03-22T00:43:17Z
atp,2026-01-12,C0C1,N. Catini,Niccolo Catini,829,31,https://www.atptour.com/en/rankings/singles?dateWeek=2026-01-12&rankRange=0-5000,2026-03-22T00:43:17Z
atp,2026-01-12,K966,M. Klizan,Martin Klizan,830,30,https://www.atptour.com/en/rankings/singles?dateWeek=2026-01-12&rankRange=0-5000,2026-03-22T00:43:17Z
atp,2026-01-12,T0E0,G. Tanner,Gian Luca Tanner,831,30,https://www.atptour.com/en/rankings/singles?dateWeek=2026-01-12&rankRange=0-5000,2026-03-22T00:43:17Z
atp,2026-01-12,K0O4,M. Kouame,Moise Kouame,832,30,https://www.atptour.com/en/rankings/singles?dateWeek=2026-01-12&rankRange=0-5000,2026-03-22T00:43:17Z
atp,2026-01-12,J0BQ,K. Juhas,Kristijan Juhas,833,30,https://www.atptour.com/en/rankings/singles?dateWeek=2026-01-12&rankRange=0-5000,2026-03-22T00:43:17Z
atp,2026-01-12,T0FH,A. Turriziani Alvarez,Alejandro Turriziani Alvarez,834,30,https://www.atptour.com/en/rankings/singles?dateWeek=2026-01-12&rankRange=0-5000,2026-03-22T00:43:17Z
atp,2026-01-12,Z0CO,M. Zeitune,Maximo Zeitune,835,30,https://www.atptour.com/en/rankings/singles?dateWeek=2026-01-12&rankRange=0-5000,2026-03-22T00:43:17Z
atp,2026-01-12,K0J9,Y. Kelm,Yannik Kelm,836,30,https://www.atptour.com/en/rankings/singles?dateWeek=2026-01-12&rankRange=0-5000,2026-03-22T00:43:17Z
atp,2026-01-12,V0BP,M. Vankan,Marlon Vankan,837,30,https://www.atptour.com/en/rankings/singles?dateWeek=2026-01-12&rankRange=0-5000,2026-03-22T00:43:17Z
atp,2026-01-12,J732,B. Jones,Ben Jones,838,30,https://www.atptour.com/en/rankings/singles?dateWeek=2026-01-12&rankRange=0-5000,2026-03-22T00:43:17Z
atp,2026-01-12,TD47,E. Tiurnev,Evgenii Tiurnev,839,29,https://www.atptour.com/en/rankings/singles?dateWeek=2026-01-12&rankRange=0-5000,2026-03-22T00:43:17Z
atp,2026-01-12,C0KH,J. Cesar Porras,Julio Cesar Porras,840,29,https://www.atptour.com/en/rankings/singles?dateWeek=2026-01-12&rankRange=0-5000,2026-03-22T00:43:17Z
atp,2026-01-12,P0E2,J. Plans,Jorge Plans,841,29,https://www.atptour.com/en/rankings/singles?dateWeek=2026-01-12&rankRange=0-5000,2026-03-22T00:43:17Z
atp,2026-01-12,I09U,R. Izquierdo Luque,Rafael Izquierdo Luque,842,29,https://www.atptour.com/en/rankings/singles?dateWeek=2026-01-12&rankRange=0-5000,2026-03-22T00:43:17Z
atp,2026-01-12,C0GK,T. Cigarran,Thiago Cigarran,843,29,https://www.atptour.com/en/rankings/singles?dateWeek=2026-01-12&rankRange=0-5000,2026-03-22T00:43:17Z
atp,2026-01-12,S0JB,N. Schachter,Noah Schachter,844,29,https://www.atptour.com/en/rankings/singles?dateWeek=2026-01-12&rankRange=0-5000,2026-03-22T00:43:17Z
atp,2026-01-12,M0NO,M. Maksimovic,Marko Maksimovic,845,29,https://www.atptour.com/en/rankings/singles?dateWeek=2026-01-12&rankRange=0-5000,2026-03-22T00:43:17Z
atp,2026-01-12,K0CI,D. Kim,Dong Ju Kim,846,28,https://www.atptour.com/en/rankings/singles?dateWeek=2026-01-12&rankRange=0-5000,2026-03-22T00:43:17Z
atp,2026-01-12,S0WX,P. Schoen,Patrick Schoen,847,28,https://www.atptour.com/en/rankings/singles?dateWeek=2026-01-12&rankRange=0-5000,2026-03-22T00:43:17Z
atp,2026-01-12,V0IN,M. Van Der Merwe,Marc Van Der Merwe,850,28,https://www.atptour.com/en/rankings/singles?dateWeek=2026-01-12&rankRange=0-5000,2026-03-22T00:43:17Z
atp,2026-01-12,W0B3,X. Wang,Xiaofei Wang,851,28,https://www.atptour.com/en/rankings/singles?dateWeek=2026-01-12&rankRange=0-5000,2026-03-22T00:43:17Z
atp,2026-01-12,N561,I. Nedelko,Ivan Nedelko,852,28,https://www.atptour.com/en/rankings/singles?dateWeek=2026-01-12&rankRange=0-5000,2026-03-22T00:43:17Z
atp,2026-01-12,TD49,M. Turker,Mert Naci Turker,853,28,https://www.atptour.com/en/rankings/singles?dateWeek=2026-01-12&rankRange=0-5000,2026-03-22T00:43:17Z
atp,2026-01-12,A0KQ,I. Almazan Valiente,Izan Almazan Valiente,854,28,https://www.atptour.com/en/rankings/singles?dateWeek=2026-01-12&rankRange=0-5000,2026-03-22T00:43:17Z
atp,2026-01-12,P0I5,I. Parisca Romera,Ignacio Parisca Romera,855,28,https://www.atptour.com/en/rankings/singles?dateWeek=2026-01-12&rankRange=0-5000,2026-03-22T00:43:17Z
atp,2026-01-12,SZ36,N. Schell,Niklas Schell,856,28,https://www.atptour.com/en/rankings/singles?dateWeek=2026-01-12&rankRange=0-5000,2026-03-22T00:43:17Z
atp,2026-01-12,I0A6,T. Ichikawa,Taisei Ichikawa,857,28,https://www.atptour.com/en/rankings/singles?dateWeek=2026-01-12&rankRange=0-5000,2026-03-22T00:43:17Z
atp,2026-01-12,A0EU,A. Aubriot,Alexandre Aubriot,858,28,https://www.atptour.com/en/rankings/singles?dateWeek=2026-01-12&rankRange=0-5000,2026-03-22T00:43:17Z
atp,2026-01-12,B0M3,P. Bailly,Pierre Yves Bailly,859,27,https://www.atptour.com/en/rankings/singles?dateWeek=2026-01-12&rankRange=0-5000,2026-03-22T00:43:17Z
atp,2026-01-12,S0DL,R. Seggerman,Ryan Seggerman,860,27,https://www.atptour.com/en/rankings/singles?dateWeek=2026-01-12&rankRange=0-5000,2026-03-22T00:43:17Z
atp,2026-01-12,W09T,L. Wiedenmann,Luca Wiedenmann,861,27,https://www.atptour.com/en/rankings/singles?dateWeek=2026-01-12&rankRange=0-5000,2026-03-22T00:43:17Z
atp,2026-01-12,SX77,I. Strode,Isaiah Strode,862,27,https://www.atptour.com/en/rankings/singles?dateWeek=2026-01-12&rankRange=0-5000,2026-03-22T00:43:17Z
atp,2026-01-12,R0K9,C. Robertson,Charlie Robertson,863,27,https://www.atptour.com/en/rankings/singles?dateWeek=2026-01-12&rankRange=0-5000,2026-03-22T00:43:17Z
atp,2026-01-12,V0E3,J. Von Der Schulenburg,Jeffrey Von Der Schulenburg,864,27,https://www.atptour.com/en/rankings/singles?dateWeek=2026-01-12&rankRange=0-5000,2026-03-22T00:43:17Z
atp,2026-01-12,T0FK,G. Tabacco,Giorgio Tabacco,865,27,https://www.atptour.com/en/rankings/singles?dateWeek=2026-01-12&rankRange=0-5000,2026-03-22T00:43:17Z
atp,2026-01-12,Y235,J. Yamasaki,Jumpei Yamasaki,866,27,https://www.atptour.com/en/rankings/singles?dateWeek=2026-01-12&rankRange=0-5000,2026-03-22T00:43:17Z
atp,2026-01-12,F0AF,L. Falabella,Lautaro Agustin Falabella,867,27,https://www.atptour.com/en/rankings/singles?dateWeek=2026-01-12&rankRange=0-5000,2026-03-22T00:43:17Z
atp,2026-01-12,F0GD,J. Filip,Jakub Filip,868,27,https://www.atptour.com/en/rankings/singles?dateWeek=2026-01-12&rankRange=0-5000,2026-03-22T00:43:17Z
atp,2026-01-12,V0G2,A. Vales,Amit Vales,869,27,https://www.atptour.com/en/rankings/singles?dateWeek=2026-01-12&rankRange=0-5000,2026-03-22T00:43:17Z
atp,2026-01-12,B0OT,J. Bradshaw,Jacob Bradshaw,872,26,https://www.atptour.com/en/rankings/singles?dateWeek=2026-01-12&rankRange=0-5000,2026-03-22T00:43:17Z
atp,2026-01-12,I0AP,K. Ivanovski,Kalin Ivanovski,873,26,https://www.atptour.com/en/rankings/singles?dateWeek=2026-01-12&rankRange=0-5000,2026-03-22T00:43:17Z
atp,2026-01-12,J0A6,S. Jones,Scott Jones,874,26,https://www.atptour.com/en/rankings/singles?dateWeek=2026-01-12&rankRange=0-5000,2026-03-22T00:43:17Z
atp,2026-01-12,S0KG,N. Slavic,Nikola Slavic,875,26,https://www.atptour.com/en/rankings/singles?dateWeek=2026-01-12&rankRange=0-5000,2026-03-22T00:43:17Z
atp,2026-01-12,C0GU,M. Cerny,Matyas Cerny,876,26,https://www.atptour.com/en/rankings/singles?dateWeek=2026-01-12&rankRange=0-5000,2026-03-22T00:43:17Z
atp,2026-01-12,L0G5,J. Loureiro,Joao Victor Couto Loureiro,877,26,https://www.atptour.com/en/rankings/singles?dateWeek=2026-01-12&rankRange=0-5000,2026-03-22T00:43:17Z
atp,2026-01-12,F0C2,A. Fiorentini,Andrea Fiorentini,878,26,https://www.atptour.com/en/rankings/singles?dateWeek=2026-01-12&rankRange=0-5000,2026-03-22T00:43:17Z
atp,2026-01-12,SM37,D. Schwartzman,Diego Schwartzman,879,25,https://www.atptour.com/en/rankings/singles?dateWeek=2026-01-12&rankRange=0-5000,2026-03-22T00:43:17Z
atp,2026-01-12,K0LX,N. Kotzen,Nicolas Ian Kotzen,880,25,https://www.atptour.com/en/rankings/singles?dateWeek=2026-01-12&rankRange=0-5000,2026-03-22T00:43:17Z
atp,2026-01-12,H0C9,A. Huertas Del Pino Cordova,Arklon Huertas Del Pino Cordova,881,25,https://www.atptour.com/en/rankings/singles?dateWeek=2026-01-12&rankRange=0-5000,2026-03-22T00:43:17Z
atp,2026-01-12,W741,A. Wang,Aoran Wang,882,25,https://www.atptour.com/en/rankings/singles?dateWeek=2026-01-12&rankRange=0-5000,2026-03-22T00:43:17Z
atp,2026-01-12,CN88,T. Cacao,Tiago Cacao,883,25,https://www.atptour.com/en/rankings/singles?dateWeek=2026-01-12&rankRange=0-5000,2026-03-22T00:43:17Z
atp,2026-01-12,L0G3,A. Lobanov,Aleksandr Lobanov,884,25,https://www.atptour.com/en/rankings/singles?dateWeek=2026-01-12&rankRange=0-5000,2026-03-22T00:43:17Z
atp,2026-01-12,S0BG,D. Sumizawa,Daisuke Sumizawa,885,25,https://www.atptour.com/en/rankings/singles?dateWeek=2026-01-12&rankRange=0-5000,2026-03-22T00:43:17Z
atp,2026-01-12,W749,E. Wallart,Enzo Wallart,886,25,https://www.atptour.com/en/rankings/singles?dateWeek=2026-01-12&rankRange=0-5000,2026-03-22T00:43:17Z
atp,2026-01-12,C0MX,D. Cazacu,Dragos Nicolae Cazacu,887,25,https://www.atptour.com/en/rankings/singles?dateWeek=2026-01-12&rankRange=0-5000,2026-03-22T00:43:17Z
atp,2026-01-12,LF26,O. Luz,Orlando Luz,888,24,https://www.atptour.com/en/rankings/singles?dateWeek=2026-01-12&rankRange=0-5000,2026-03-22T00:43:17Z
atp,2026-01-12,S0R5,I. Snitari,Ilya Snitari,889,24,https://www.atptour.com/en/rankings/singles?dateWeek=2026-01-12&rankRange=0-5000,2026-03-22T00:43:17Z
atp,2026-01-12,P0EP,A. Petrovic,Andreja Petrovic,890,24,https://www.atptour.com/en/rankings/singles?dateWeek=2026-01-12&rankRange=0-5000,2026-03-22T00:43:17Z
atp,2026-01-12,N0CT,S. Nakagawa,Shunsuke Nakagawa,891,24,https://www.atptour.com/en/rankings/singles?dateWeek=2026-01-12&rankRange=0-5000,2026-03-22T00:43:17Z
atp,2026-01-12,C0O4,F. Cavallo,Fernando Cavallo,892,24,https://www.atptour.com/en/rankings/singles?dateWeek=2026-01-12&rankRange=0-5000,2026-03-22T00:43:17Z
atp,2026-01-12,J0AI,M. Jones,Miles Jones,893,24,https://www.atptour.com/en/rankings/singles?dateWeek=2026-01-12&rankRange=0-5000,2026-03-22T00:43:17Z
atp,2026-01-12,L0CU,T. Serrano Luis,Tomas Serrano Luis,894,24,https://www.atptour.com/en/rankings/singles?dateWeek=2026-01-12&rankRange=0-5000,2026-03-22T00:43:17Z
atp,2026-01-12,M0WL,A. Mazdrashki,Anas Mazdrashki,895,24,https://www.atptour.com/en/rankings/singles?dateWeek=2026-01-12&rankRange=0-5000,2026-03-22T00:43:17Z
atp,2026-01-12,M0HY,F. Murgett,Finn Murgett,896,24,https://www.atptour.com/en/rankings/singles?dateWeek=2026-01-12&rankRange=0-5000,2026-03-22T00:43:17Z
atp,2026-01-12,J0CL,D. Javia,Dev Javia,897,24,https://www.atptour.com/en/rankings/singles?dateWeek=2026-01-12&rankRange=0-5000,2026-03-22T00:43:17Z
atp,2026-01-12,KG53,A. Klintcharov,Alexander Klintcharov,898,24,https://www.atptour.com/en/rankings/singles?dateWeek=2026-01-12&rankRange=0-5000,2026-03-22T00:43:17Z
atp,2026-01-12,D0CU,D. De Jonge,Daniel De Jonge,899,24,https://www.atptour.com/en/rankings/singles?dateWeek=2026-01-12&rankRange=0-5000,2026-03-22T00:43:17Z
atp,2026-01-12,CO07,E. Clark,Ezekiel Clark,900,24,https://www.atptour.com/en/rankings/singles?dateWeek=2026-01-12&rankRange=0-5000,2026-03-22T00:43:17Z
atp,2026-01-12,A0IE,S. Andre,Seydina Andre,901,24,https://www.atptour.com/en/rankings/singles?dateWeek=2026-01-12&rankRange=0-5000,2026-03-22T00:43:17Z
atp,2026-01-12,J0DL,N. Jadoun,Nicolas Jadoun,902,24,https://www.atptour.com/en/rankings/singles?dateWeek=2026-01-12&rankRange=0-5000,2026-03-22T00:43:17Z
atp,2026-01-12,D0BE,J. Delaney,Jesse Delaney,903,24,https://www.atptour.com/en/rankings/singles?dateWeek=2026-01-12&rankRange=0-5000,2026-03-22T00:43:17Z
atp,2026-01-12,S0NT,A. Shepp,Anton Shepp,904,23,https://www.atptour.com/en/rankings/singles?dateWeek=2026-01-12&rankRange=0-5000,2026-03-22T00:43:17Z
atp,2026-01-12,PD31,B. Paire,Benoit Paire,907,23,https://www.atptour.com/en/rankings/singles?dateWeek=2026-01-12&rankRange=0-5000,2026-03-22T00:43:17Z
atp,2026-01-12,K0MX,E. Kohlmann De Freitas,Enzo Kohlmann De Freitas,908,23,https://www.atptour.com/en/rankings/singles?dateWeek=2026-01-12&rankRange=0-5000,2026-03-22T00:43:17Z
atp,2026-01-12,R0K4,K. Rahmani,Kasra Rahmani,909,23,https://www.atptour.com/en/rankings/singles?dateWeek=2026-01-12&rankRange=0-5000,2026-03-22T00:43:17Z
atp,2026-01-12,W719,M. Walters,Marcus Walters,910,23,https://www.atptour.com/en/rankings/singles?dateWeek=2026-01-12&rankRange=0-5000,2026-03-22T00:43:17Z
atp,2026-01-12,H0DQ,C. Hernandez,Carles Hernandez,911,23,https://www.atptour.com/en/rankings/singles?dateWeek=2026-01-12&rankRange=0-5000,2026-03-22T00:43:17Z
atp,2026-01-12,SY50,N. Sinha,Nitin Kumar Sinha,912,23,https://www.atptour.com/en/rankings/singles?dateWeek=2026-01-12&rankRange=0-5000,2026-03-22T00:43:17Z
atp,2026-01-12,D0D9,S. D'Agostino,Stefano D'agostino,913,23,https://www.atptour.com/en/rankings/singles?dateWeek=2026-01-12&rankRange=0-5000,2026-03-22T00:43:17Z
atp,2026-01-12,MW62,N. Mashtakov,Nikita Mashtakov,914,23,https://www.atptour.com/en/rankings/singles?dateWeek=2026-01-12&rankRange=0-5000,2026-03-22T00:43:17Z
atp,2026-01-12,LG37,G. Lomakin,Grigoriy Lomakin,915,23,https://www.atptour.com/en/rankings/singles?dateWeek=2026-01-12&rankRange=0-5000,2026-03-22T00:43:17Z
atp,2026-01-12,F0I8,M. Forbes,Matthew Forbes,916,22,https://www.atptour.com/en/rankings/singles?dateWeek=2026-01-12&rankRange=0-5000,2026-03-22T00:43:17Z
atp,2026-01-12,I0B6,P. Inchauspe,Paul Inchauspe,917,22,https://www.atptour.com/en/rankings/singles?dateWeek=2026-01-12&rankRange=0-5000,2026-03-22T00:43:17Z
atp,2026-01-12,D0N2,T. Dean,Theodore Dean,918,22,https://www.atptour.com/en/rankings/singles?dateWeek=2026-01-12&rankRange=0-5000,2026-03-22T00:43:17Z
atp,2026-01-12,M0JP,C. Mueller,Calvin Mueller,919,22,https://www.atptour.com/en/rankings/singles?dateWeek=2026-01-12&rankRange=0-5000,2026-03-22T00:43:17Z
atp,2026-01-12,L0N0,P. Lagutin,Pavel Lagutin,920,22,https://www.atptour.com/en/rankings/singles?dateWeek=2026-01-12&rankRange=0-5000,2026-03-22T00:43:17Z
atp,2026-01-12,B0AM,L. Bocchi,Lorenzo Bocchi,921,22,https://www.atptour.com/en/rankings/singles?dateWeek=2026-01-12&rankRange=0-5000,2026-03-22T00:43:17Z
atp,2026-01-12,T0IA,R. Taguchi,Ryotaro Taguchi,922,22,https://www.atptour.com/en/rankings/singles?dateWeek=2026-01-12&rankRange=0-5000,2026-03-22T00:43:17Z
atp,2026-01-12,Z0C7,Y. Zeng,Yaojie Zeng,923,22,https://www.atptour.com/en/rankings/singles?dateWeek=2026-01-12&rankRange=0-5000,2026-03-22T00:43:17Z
atp,2026-01-12,P0LG,S. Price,Salvador Price,924,22,https://www.atptour.com/en/rankings/singles?dateWeek=2026-01-12&rankRange=0-5000,2026-03-22T00:43:17Z
atp,2026-01-12,F0BJ,A. Freire Da Silva,Adan Freire Da Silva,925,22,https://www.atptour.com/en/rankings/singles?dateWeek=2026-01-12&rankRange=0-5000,2026-03-22T00:43:17Z
atp,2026-01-12,B0MR,E. Bynoe,Evan Bynoe,926,22,https://www.atptour.com/en/rankings/singles?dateWeek=2026-01-12&rankRange=0-5000,2026-03-22T00:43:17Z
atp,2026-01-12,F0F0,R. Faucon,Romain Faucon,927,22,https://www.atptour.com/en/rankings/singles?dateWeek=2026-01-12&rankRange=0-5000,2026-03-22T00:43:17Z
atp,2026-01-12,M0K2,P. Marino,Pietro Marino,928,22,https://www.atptour.com/en/rankings/singles?dateWeek=2026-01-12&rankRange=0-5000,2026-03-22T00:43:17Z
atp,2026-01-12,L0JO,Z. Ludoski,Zoran Ludoski,929,21,https://www.atptour.com/en/rankings/singles?dateWeek=2026-01-12&rankRange=0-5000,2026-03-22T00:43:17Z
atp,2026-01-12,C0FJ,A. Ciric,Aleksa Ciric,930,21,https://www.atptour.com/en/rankings/singles?dateWeek=2026-01-12&rankRange=0-5000,2026-03-22T00:43:17Z
atp,2026-01-12,Q02O,R. Quan,Rudy Quan,931,21,https://www.atptour.com/en/rankings/singles?dateWeek=2026-01-12&rankRange=0-5000,2026-03-22T00:43:17Z
atp,2026-01-12,P0FU,F. Pieczonka,Filip Pieczonka,932,21,https://www.atptour.com/en/rankings/singles?dateWeek=2026-01-12&rankRange=0-5000,2026-03-22T00:43:17Z
atp,2026-01-12,M0J2,P. Masjuan Ginel,Pablo Masjuan Ginel,933,21,https://www.atptour.com/en/rankings/singles?dateWeek=2026-01-12&rankRange=0-5000,2026-03-22T00:43:17Z
atp,2026-01-12,P0MI,S. Paardekooper,Stijn Paardekooper,934,21,https://www.atptour.com/en/rankings/singles?dateWeek=2026-01-12&rankRange=0-5000,2026-03-22T00:43:17Z
atp,2026-01-12,M0V5,M. Majdandzic,Marc Majdandzic,935,21,https://www.atptour.com/en/rankings/singles?dateWeek=2026-01-12&rankRange=0-5000,2026-03-22T00:43:17Z
atp,2026-01-12,O560,J. Osorio,Juan Sebastian Osorio,936,21,https://www.atptour.com/en/rankings/singles?dateWeek=2026-01-12&rankRange=0-5000,2026-03-22T00:43:17Z
atp,2026-01-12,P09S,B. Pietri,Benjamin Pietri,937,21,https://www.atptour.com/en/rankings/singles?dateWeek=2026-01-12&rankRange=0-5000,2026-03-22T00:43:17Z
atp,2026-01-12,D0I6,Y. Demin,Yaroslav Demin,938,21,https://www.atptour.com/en/rankings/singles?dateWeek=2026-01-12&rankRange=0-5000,2026-03-22T00:43:17Z
atp,2026-01-12,M0HO,M. Marinescu,Mihai Razvan Marinescu,939,21,https://www.atptour.com/en/rankings/singles?dateWeek=2026-01-12&rankRange=0-5000,2026-03-22T00:43:17Z
atp,2026-01-12,D916,S. Diez,Steven Diez,940,20,https://www.atptour.com/en/rankings/singles?dateWeek=2026-01-12&rankRange=0-5000,2026-03-22T00:43:17Z
atp,2026-01-12,CH90,Y. Chung,Yun Seong Chung,941,20,https://www.atptour.com/en/rankings/singles?dateWeek=2026-01-12&rankRange=0-5000,2026-03-22T00:43:17Z
atp,2026-01-12,I0BF,I. Ivanov,Ivan Ivanov,942,20,https://www.atptour.com/en/rankings/singles?dateWeek=2026-01-12&rankRange=0-5000,2026-03-22T00:43:17Z
atp,2026-01-12,S0JV,Q. Sun,Qian Sun,943,20,https://www.atptour.com/en/rankings/singles?dateWeek=2026-01-12&rankRange=0-5000,2026-03-22T00:43:17Z
atp,2026-01-12,B0QL,B. Bozemoj,Brian Bozemoj,944,20,https://www.atptour.com/en/rankings/singles?dateWeek=2026-01-12&rankRange=0-5000,2026-03-22T00:43:17Z
atp,2026-01-12,L0CK,Y. Lalami,Younes Lalami,945,20,https://www.atptour.com/en/rankings/singles?dateWeek=2026-01-12&rankRange=0-5000,2026-03-22T00:43:17Z
atp,2026-01-12,TG67,K. Tamm,Kristjan Tamm,946,20,https://www.atptour.com/en/rankings/singles?dateWeek=2026-01-12&rankRange=0-5000,2026-03-22T00:43:17Z
atp,2026-01-12,D0HI,C. Duhan,Chirag Duhan,947,20,https://www.atptour.com/en/rankings/singles?dateWeek=2026-01-12&rankRange=0-5000,2026-03-22T00:43:17Z
atp,2026-01-12,BU78,F. Bass,Finn Bass,948,20,https://www.atptour.com/en/rankings/singles?dateWeek=2026-01-12&rankRange=0-5000,2026-03-22T00:43:17Z
atp,2026-01-12,H0E7,J. Hallquist Lithen,John Hallquist Lithen,949,20,https://www.atptour.com/en/rankings/singles?dateWeek=2026-01-12&rankRange=0-5000,2026-03-22T00:43:17Z
atp,2026-01-12,N0BA,A. Nefve,Axel Nefve,950,20,https://www.atptour.com/en/rankings/singles?dateWeek=2026-01-12&rankRange=0-5000,2026-03-22T00:43:17Z
atp,2026-01-12,F0C4,D. Fernandez Flores,Diego Fernandez Flores,951,20,https://www.atptour.com/en/rankings/singles?dateWeek=2026-01-12&rankRange=0-5000,2026-03-22T00:43:17Z
atp,2026-01-12,Z350,M. Zhu,Michael Zhu,952,20,https://www.atptour.com/en/rankings/singles?dateWeek=2026-01-12&rankRange=0-5000,2026-03-22T00:43:17Z
atp,2026-01-12,PI95,D. Pichler,David Pichler,953,19,https://www.atptour.com/en/rankings/singles?dateWeek=2026-01-12&rankRange=0-5000,2026-03-22T00:43:17Z
atp,2026-01-12,I411,J. Ingildsen,Johannes Ingildsen,954,19,https://www.atptour.com/en/rankings/singles?dateWeek=2026-01-12&rankRange=0-5000,2026-03-22T00:43:17Z
atp,2026-01-12,G0OF,G. Georgiev,Georgi Georgiev,955,19,https://www.atptour.com/en/rankings/singles?dateWeek=2026-01-12&rankRange=0-5000,2026-03-22T00:43:17Z
atp,2026-01-12,P0JL,L. Pow,Luca Pow,956,19,https://www.atptour.com/en/rankings/singles?dateWeek=2026-01-12&rankRange=0-5000,2026-03-22T00:43:17Z
atp,2026-01-12,C0HX,O. Baris,Ozan Baris,957,19,https://www.atptour.com/en/rankings/singles?dateWeek=2026-01-12&rankRange=0-5000,2026-03-22T00:43:17Z
atp,2026-01-12,A0HM,T. Al Azmeh,Taym Al Azmeh,958,19,https://www.atptour.com/en/rankings/singles?dateWeek=2026-01-12&rankRange=0-5000,2026-03-22T00:43:17Z
atp,2026-01-12,H0HS,M. Hulme,Matt Hulme,959,19,https://www.atptour.com/en/rankings/singles?dateWeek=2026-01-12&rankRange=0-5000,2026-03-22T00:43:17Z
atp,2026-01-12,LB78,J. Lee,Jea Moon Lee,960,19,https://www.atptour.com/en/rankings/singles?dateWeek=2026-01-12&rankRange=0-5000,2026-03-22T00:43:17Z
atp,2026-01-12,SY74,M. Sureshkumar,Manish Sureshkumar,961,19,https://www.atptour.com/en/rankings/singles?dateWeek=2026-01-12&rankRange=0-5000,2026-03-22T00:43:17Z
atp,2026-01-12,S0I7,P. Scomparin,Pietro Romeo Scomparin,962,19,https://www.atptour.com/en/rankings/singles?dateWeek=2026-01-12&rankRange=0-5000,2026-03-22T00:43:17Z
atp,2026-01-12,S0MJ,T. Suksumrarn,Thantub Suksumrarn,963,19,https://www.atptour.com/en/rankings/singles?dateWeek=2026-01-12&rankRange=0-5000,2026-03-22T00:43:17Z
atp,2026-01-12,O0BQ,K. Ozolins,Karlis Ozolins,964,19,https://www.atptour.com/en/rankings/singles?dateWeek=2026-01-12&rankRange=0-5000,2026-03-22T00:43:17Z
atp,2026-01-12,A0AB,A. Andreev,Adrian Andreev,965,19,https://www.atptour.com/en/rankings/singles?dateWeek=2026-01-12&rankRange=0-5000,2026-03-22T00:43:17Z
atp,2026-01-12,A0E6,B. Atlangeriev,Bekkhan Atlangeriev,966,19,https://www.atptour.com/en/rankings/singles?dateWeek=2026-01-12&rankRange=0-5000,2026-03-22T00:43:17Z
atp,2026-01-12,S0RF,M. Serafini,Marcello Serafini,967,19,https://www.atptour.com/en/rankings/singles?dateWeek=2026-01-12&rankRange=0-5000,2026-03-22T00:43:17Z
atp,2026-01-12,L0AF,E. Lumsden,Ewen Lumsden,968,19,https://www.atptour.com/en/rankings/singles?dateWeek=2026-01-12&rankRange=0-5000,2026-03-22T00:43:17Z
atp,2026-01-12,B0G4,G. Bosio,Gabriele Bosio,969,19,https://www.atptour.com/en/rankings/singles?dateWeek=2026-01-12&rankRange=0-5000,2026-03-22T00:43:17Z
atp,2026-01-12,Z0BY,N. Zanellato,Nicolas Zanellato,970,19,https://www.atptour.com/en/rankings/singles?dateWeek=2026-01-12&rankRange=0-5000,2026-03-22T00:43:17Z
atp,2026-01-12,M0QQ,T. Martinez,Tomas Martinez,971,19,https://www.atptour.com/en/rankings/singles?dateWeek=2026-01-12&rankRange=0-5000,2026-03-22T00:43:17Z
atp,2026-01-12,S0E4,J. Schlageter,Justin Schlageter,972,19,https://www.atptour.com/en/rankings/singles?dateWeek=2026-01-12&rankRange=0-5000,2026-03-22T00:43:17Z
atp,2026-01-12,M0WZ,L. Marionneau,Lucas Marionneau,973,19,https://www.atptour.com/en/rankings/singles?dateWeek=2026-01-12&rankRange=0-5000,2026-03-22T00:43:17Z
atp,2026-01-12,G0B7,J. Gschwendtner,Jeremy Gschwendtner,974,19,https://www.atptour.com/en/rankings/singles?dateWeek=2026-01-12&rankRange=0-5000,2026-03-22T00:43:17Z
atp,2026-01-12,BC76,N. Barrientos,Nicolas Barrientos,975,18,https://www.atptour.com/en/rankings/singles?dateWeek=2026-01-12&rankRange=0-5000,2026-03-22T00:43:17Z
atp,2026-01-12,P0MJ,D. Pagani,Dante Pagani,976,18,https://www.atptour.com/en/rankings/singles?dateWeek=2026-01-12&rankRange=0-5000,2026-03-22T00:43:17Z
atp,2026-01-12,J0F2,S. Johnson,Spencer Johnson,977,18,https://www.atptour.com/en/rankings/singles?dateWeek=2026-01-12&rankRange=0-5000,2026-03-22T00:43:17Z
atp,2026-01-12,K0NP,J. Kennedy,Jack Kennedy,978,18,https://www.atptour.com/en/rankings/singles?dateWeek=2026-01-12&rankRange=0-5000,2026-03-22T00:43:17Z
atp,2026-01-12,B0E4,M. Barreiros Reyes,Mateo Barreiros Reyes,979,18,https://www.atptour.com/en/rankings/singles?dateWeek=2026-01-12&rankRange=0-5000,2026-03-22T00:43:17Z
atp,2026-01-12,T0K1,R. Tabata,Ryo Tabata,980,18,https://www.atptour.com/en/rankings/singles?dateWeek=2026-01-12&rankRange=0-5000,2026-03-22T00:43:17Z
atp,2026-01-12,L0DM,A. Lingua Lavallen,Alejo Lorenzo Lingua Lavallen,981,18,https://www.atptour.com/en/rankings/singles?dateWeek=2026-01-12&rankRange=0-5000,2026-03-22T00:43:17Z
atp,2026-01-12,AG57,L. Aboian,Leonardo Aboian,982,18,https://www.atptour.com/en/rankings/singles?dateWeek=2026-01-12&rankRange=0-5000,2026-03-22T00:43:17Z
atp,2026-01-12,S0UU,M. Shin,Maxim Shin,983,18,https://www.atptour.com/en/rankings/singles?dateWeek=2026-01-12&rankRange=0-5000,2026-03-22T00:43:17Z
atp,2026-01-12,B0PD,P. Buldorini,Peter Buldorini,984,18,https://www.atptour.com/en/rankings/singles?dateWeek=2026-01-12&rankRange=0-5000,2026-03-22T00:43:17Z
atp,2026-01-12,B0JN,T. Braithwaite,Thomas Braithwaite,985,18,https://www.atptour.com/en/rankings/singles?dateWeek=2026-01-12&rankRange=0-5000,2026-03-22T00:43:17Z
atp,2026-01-12,S0GM,D. Salazar,Daniel Salazar,986,18,https://www.atptour.com/en/rankings/singles?dateWeek=2026-01-12&rankRange=0-5000,2026-03-22T00:43:17Z
atp,2026-01-12,L0G4,L. Lorusso,Lorenzo Lorusso,987,18,https://www.atptour.com/en/rankings/singles?dateWeek=2026-01-12&rankRange=0-5000,2026-03-22T00:43:17Z
atp,2026-01-12,A0HZ,L. Angelini,Lorenzo Angelini,988,18,https://www.atptour.com/en/rankings/singles?dateWeek=2026-01-12&rankRange=0-5000,2026-03-22T00:43:17Z
atp,2026-01-12,V0F6,N. Villalon,Nicolas Villalon,989,18,https://www.atptour.com/en/rankings/singles?dateWeek=2026-01-12&rankRange=0-5000,2026-03-22T00:43:17Z
atp,2026-01-12,M0IC,G. Misasi,Giannicola Misasi,990,18,https://www.atptour.com/en/rankings/singles?dateWeek=2026-01-12&rankRange=0-5000,2026-03-22T00:43:17Z
atp,2026-01-12,D0HD,G. Debru,Gabriel Debru,991,17,https://www.atptour.com/en/rankings/singles?dateWeek=2026-01-12&rankRange=0-5000,2026-03-22T00:43:17Z
atp,2026-01-12,C0KV,R. Colby,Ryan Colby,992,17,https://www.atptour.com/en/rankings/singles?dateWeek=2026-01-12&rankRange=0-5000,2026-03-22T00:43:17Z
atp,2026-01-12,S1AJ,Z. Sesko,Ziga Sesko,993,17,https://www.atptour.com/en/rankings/singles?dateWeek=2026-01-12&rankRange=0-5000,2026-03-22T00:43:17Z
atp,2026-01-12,X01D,K. Xu,Kuang Qing Xu,994,17,https://www.atptour.com/en/rankings/singles?dateWeek=2026-01-12&rankRange=0-5000,2026-03-22T00:43:17Z
atp,2026-01-12,D0MB,A. Delgado,Andrew Delgado,995,17,https://www.atptour.com/en/rankings/singles?dateWeek=2026-01-12&rankRange=0-5000,2026-03-22T00:43:17Z
atp,2026-01-12,C0GW,S. Choo,Suk Hyun Choo,996,17,https://www.atptour.com/en/rankings/singles?dateWeek=2026-01-12&rankRange=0-5000,2026-03-22T00:43:17Z
atp,2026-01-12,R0KI,D. Rolland,Dominique Rolland,997,17,https://www.atptour.com/en/rankings/singles?dateWeek=2026-01-12&rankRange=0-5000,2026-03-22T00:43:17Z
atp,2026-01-12,R0IU,W. Rejchtman Vinciguerra,William Rejchtman Vinciguerra,998,17,https://www.atptour.com/en/rankings/singles?dateWeek=2026-01-12&rankRange=0-5000,2026-03-22T00:43:17Z
atp,2026-01-12,RD58,D. Recek,Dominik Recek,999,17,https://www.atptour.com/en/rankings/singles?dateWeek=2026-01-12&rankRange=0-5000,2026-03-22T00:43:17Z
atp,2026-01-12,P0ED,K. Pannu,Kiranpal Pannu,1000,17,https://www.atptour.com/en/rankings/singles?dateWeek=2026-01-12&rankRange=0-5000,2026-03-22T00:43:17Z
atp,2026-01-12,B0TK,P. Bastiaansen,Pepijn Bastiaansen,1001,17,https://www.atptour.com/en/rankings/singles?dateWeek=2026-01-12&rankRange=0-5000,2026-03-22T00:43:17Z
atp,2026-01-12,D09L,L. Dussin,Louis Dussin,1002,17,https://www.atptour.com/en/rankings/singles?dateWeek=2026-01-12&rankRange=0-5000,2026-03-22T00:43:17Z
atp,2026-01-12,S0YI,Z. Stephens,Zach Stephens,1003,17,https://www.atptour.com/en/rankings/singles?dateWeek=2026-01-12&rankRange=0-5000,2026-03-22T00:43:17Z
atp,2026-01-12,F902,J. Flores,Jesse Flores,1004,17,https://www.atptour.com/en/rankings/singles?dateWeek=2026-01-12&rankRange=0-5000,2026-03-22T00:43:17Z
atp,2026-01-12,B0SW,T. Bieldiugin,Tymur Bieldiugin,1005,17,https://www.atptour.com/en/rankings/singles?dateWeek=2026-01-12&rankRange=0-5000,2026-03-22T00:43:17Z
atp,2026-01-12,A0K4,M. Arseneault,Mikael Arseneault,1006,17,https://www.atptour.com/en/rankings/singles?dateWeek=2026-01-12&rankRange=0-5000,2026-03-22T00:43:17Z
atp,2026-01-12,T0AF,F. Tenti,Fermin Tenti,1007,17,https://www.atptour.com/en/rankings/singles?dateWeek=2026-01-12&rankRange=0-5000,2026-03-22T00:43:17Z
atp,2026-01-12,R0DP,S. Ryan Ziegann,Sam Ryan Ziegann,1008,17,https://www.atptour.com/en/rankings/singles?dateWeek=2026-01-12&rankRange=0-5000,2026-03-22T00:43:17Z
atp,2026-01-12,T0GK,R. Tiukaev,Ruslan Tiukaev,1009,17,https://www.atptour.com/en/rankings/singles?dateWeek=2026-01-12&rankRange=0-5000,2026-03-22T00:43:17Z
atp,2026-01-12,D0FN,C. Dong,Chen Dong,1010,17,https://www.atptour.com/en/rankings/singles?dateWeek=2026-01-12&rankRange=0-5000,2026-03-22T00:43:17Z
atp,2026-01-12,G0Q1,V. Gogineni,Vignesh Gogineni,1011,16,https://www.atptour.com/en/rankings/singles?dateWeek=2026-01-12&rankRange=0-5000,2026-03-22T00:43:17Z
atp,2026-01-12,O0CL,N. Oliveira,Nicolas Oliveira,1012,16,https://www.atptour.com/en/rankings/singles?dateWeek=2026-01-12&rankRange=0-5000,2026-03-22T00:43:17Z
atp,2026-01-12,K0KK,A. Kuperstein,Alex Kuperstein,1013,16,https://www.atptour.com/en/rankings/singles?dateWeek=2026-01-12&rankRange=0-5000,2026-03-22T00:43:17Z
atp,2026-01-12,R0JI,K. Rice,Keegan Rice,1014,16,https://www.atptour.com/en/rankings/singles?dateWeek=2026-01-12&rankRange=0-5000,2026-03-22T00:43:17Z
atp,2026-01-12,G0D4,L. Gagliardo,Lorenzo Gagliardo,1015,16,https://www.atptour.com/en/rankings/singles?dateWeek=2026-01-12&rankRange=0-5000,2026-03-22T00:43:17Z
atp,2026-01-12,M0VH,M. Malaszszak,Markus Malaszszak,1016,16,https://www.atptour.com/en/rankings/singles?dateWeek=2026-01-12&rankRange=0-5000,2026-03-22T00:43:17Z
atp,2026-01-12,W09X,B. Winter Lopez,Benjamin Winter Lopez,1017,16,https://www.atptour.com/en/rankings/singles?dateWeek=2026-01-12&rankRange=0-5000,2026-03-22T00:43:17Z
atp,2026-01-12,B0HY,I. Becroft,Isaac Becroft,1018,16,https://www.atptour.com/en/rankings/singles?dateWeek=2026-01-12&rankRange=0-5000,2026-03-22T00:43:17Z
atp,2026-01-12,S1AR,S. Stankovic,Simeon Stankovic,1019,16,https://www.atptour.com/en/rankings/singles?dateWeek=2026-01-12&rankRange=0-5000,2026-03-22T00:43:17Z
atp,2026-01-12,H0HC,L. Helguera Casado,Lucca Helguera Casado,1020,16,https://www.atptour.com/en/rankings/singles?dateWeek=2026-01-12&rankRange=0-5000,2026-03-22T00:43:17Z
atp,2026-01-12,P0MS,R. Pieleanu,Rares Teodor Pieleanu,1021,16,https://www.atptour.com/en/rankings/singles?dateWeek=2026-01-12&rankRange=0-5000,2026-03-22T00:43:17Z
atp,2026-01-12,M0IG,E. Monferrer,Ezequiel Monferrer,1022,16,https://www.atptour.com/en/rankings/singles?dateWeek=2026-01-12&rankRange=0-5000,2026-03-22T00:43:17Z
atp,2026-01-12,J0D5,H. Jones,Hayden Jones,1023,16,https://www.atptour.com/en/rankings/singles?dateWeek=2026-01-12&rankRange=0-5000,2026-03-22T00:43:17Z
atp,2026-01-12,I0BR,N. Ifi,Nicolas Ifi,1024,16,https://www.atptour.com/en/rankings/singles?dateWeek=2026-01-12&rankRange=0-5000,2026-03-22T00:43:17Z
atp,2026-01-12,V0GR,A. Vasilev,Alexander Vasilev,1025,15,https://www.atptour.com/en/rankings/singles?dateWeek=2026-01-12&rankRange=0-5000,2026-03-22T00:43:17Z
atp,2026-01-12,O449,O. Otte,Oscar Otte,1026,15,https://www.atptour.com/en/rankings/singles?dateWeek=2026-01-12&rankRange=0-5000,2026-03-22T00:43:17Z
atp,2026-01-12,R0BN,S. Reveniau,Simon Reveniau,1027,15,https://www.atptour.com/en/rankings/singles?dateWeek=2026-01-12&rankRange=0-5000,2026-03-22T00:43:17Z
atp,2026-01-12,MM79,B. Mott,Blake Mott,1028,15,https://www.atptour.com/en/rankings/singles?dateWeek=2026-01-12&rankRange=0-5000,2026-03-22T00:43:17Z
atp,2026-01-12,B0NV,P. Brady,Patrick Brady,1029,15,https://www.atptour.com/en/rankings/singles?dateWeek=2026-01-12&rankRange=0-5000,2026-03-22T00:43:17Z
atp,2026-01-12,K0CZ,G. Klier Junior,Gilbert Klier Junior,1030,15,https://www.atptour.com/en/rankings/singles?dateWeek=2026-01-12&rankRange=0-5000,2026-03-22T00:43:17Z
atp,2026-01-12,L0DO,C. Li,Christopher Li,1031,15,https://www.atptour.com/en/rankings/singles?dateWeek=2026-01-12&rankRange=0-5000,2026-03-22T00:43:17Z
atp,2026-01-12,S0ZF,K. Szymkowiak,Kacper Szymkowiak,1032,15,https://www.atptour.com/en/rankings/singles?dateWeek=2026-01-12&rankRange=0-5000,2026-03-22T00:43:17Z
atp,2026-01-12,MO76,G. Madarasz,Gergely Madarasz,1033,15,https://www.atptour.com/en/rankings/singles?dateWeek=2026-01-12&rankRange=0-5000,2026-03-22T00:43:17Z
atp,2026-01-12,PH77,D. Poljak,David Poljak,1034,15,https://www.atptour.com/en/rankings/singles?dateWeek=2026-01-12&rankRange=0-5000,2026-03-22T00:43:17Z
atp,2026-01-12,L0IO,L. Larue,Louis Larue,1035,15,https://www.atptour.com/en/rankings/singles?dateWeek=2026-01-12&rankRange=0-5000,2026-03-22T00:43:17Z
atp,2026-01-12,D0JM,R. De Alba,Rafael De Alba,1036,15,https://www.atptour.com/en/rankings/singles?dateWeek=2026-01-12&rankRange=0-5000,2026-03-22T00:43:17Z
atp,2026-01-12,KI91,K. Kirci,Koray Kirci,1037,15,https://www.atptour.com/en/rankings/singles?dateWeek=2026-01-12&rankRange=0-5000,2026-03-22T00:43:17Z
atp,2026-01-12,D0LK,P. De Lange,Pieter De Lange,1038,15,https://www.atptour.com/en/rankings/singles?dateWeek=2026-01-12&rankRange=0-5000,2026-03-22T00:43:17Z
atp,2026-01-12,L0CS,P. Lu,Pengyu Lu,1039,15,https://www.atptour.com/en/rankings/singles?dateWeek=2026-01-12&rankRange=0-5000,2026-03-22T00:43:17Z
atp,2026-01-12,G0MH,B. George,Benjamin Thomas George,1040,15,https://www.atptour.com/en/rankings/singles?dateWeek=2026-01-12&rankRange=0-5000,2026-03-22T00:43:17Z
atp,2026-01-12,I0B3,K. Ibrahim,Karim Ibrahim,1041,15,https://www.atptour.com/en/rankings/singles?dateWeek=2026-01-12&rankRange=0-5000,2026-03-22T00:43:17Z
atp,2026-01-12,R0KM,D. Rapagnetta,Daniele Rapagnetta,1042,15,https://www.atptour.com/en/rankings/singles?dateWeek=2026-01-12&rankRange=0-5000,2026-03-22T00:43:17Z
atp,2026-01-12,BU64,N. Bruna,Nicolas Bruna,1043,15,https://www.atptour.com/en/rankings/singles?dateWeek=2026-01-12&rankRange=0-5000,2026-03-22T00:43:17Z
atp,2026-01-12,T0GE,P. Tsitsipas,Pavlos Tsitsipas,1044,15,https://www.atptour.com/en/rankings/singles?dateWeek=2026-01-12&rankRange=0-5000,2026-03-22T00:43:17Z
atp,2026-01-12,D0HX,D. Dietrich,Dylan Dietrich,1045,14,https://www.atptour.com/en/rankings/singles?dateWeek=2026-01-12&rankRange=0-5000,2026-03-22T00:43:17Z
atp,2026-01-12,K0KC,J. Kim,Jangjun Kim,1046,14,https://www.atptour.com/en/rankings/singles?dateWeek=2026-01-12&rankRange=0-5000,2026-03-22T00:43:17Z
atp,2026-01-12,D0CF,S. Danilov,Savriyan Danilov,1047,14,https://www.atptour.com/en/rankings/singles?dateWeek=2026-01-12&rankRange=0-5000,2026-03-22T00:43:17Z
atp,2026-01-12,MM24,B. Malla,Bastian Malla,1048,14,https://www.atptour.com/en/rankings/singles?dateWeek=2026-01-12&rankRange=0-5000,2026-03-22T00:43:17Z
atp,2026-01-12,T0IL,K. Tyagi,Kriish Tyagi,1049,14,https://www.atptour.com/en/rankings/singles?dateWeek=2026-01-12&rankRange=0-5000,2026-03-22T00:43:17Z
atp,2026-01-12,M0CG,M. Miladinovic,Marko Miladinovic,1050,14,https://www.atptour.com/en/rankings/singles?dateWeek=2026-01-12&rankRange=0-5000,2026-03-22T00:43:17Z
atp,2026-01-12,S0YN,G. Shebekin,Grigory Shebekin,1054,14,https://www.atptour.com/en/rankings/singles?dateWeek=2026-01-12&rankRange=0-5000,2026-03-22T00:43:17Z
atp,2026-01-12,F09J,K. Friberg,Karl Friberg,1055,14,https://www.atptour.com/en/rankings/singles?dateWeek=2026-01-12&rankRange=0-5000,2026-03-22T00:43:17Z
atp,2026-01-12,S0YT,J. Scramin Do Lago,Joao Vitor Scramin Do Lago,1056,14,https://www.atptour.com/en/rankings/singles?dateWeek=2026-01-12&rankRange=0-5000,2026-03-22T00:43:17Z
atp,2026-01-12,VA48,S. Vishwakarma,Siddharth Vishwakarma,1057,14,https://www.atptour.com/en/rankings/singles?dateWeek=2026-01-12&rankRange=0-5000,2026-03-22T00:43:17Z
atp,2026-01-12,R0EK,N. Rodrigues,Natan Rodrigues,1058,14,https://www.atptour.com/en/rankings/singles?dateWeek=2026-01-12&rankRange=0-5000,2026-03-22T00:43:17Z
atp,2026-01-12,E0AB,I. Eqbal,Ishaque Eqbal,1059,14,https://www.atptour.com/en/rankings/singles?dateWeek=2026-01-12&rankRange=0-5000,2026-03-22T00:43:17Z
atp,2026-01-12,R0BF,F. Ribero,Franco Ribero,1060,14,https://www.atptour.com/en/rankings/singles?dateWeek=2026-01-12&rankRange=0-5000,2026-03-22T00:43:17Z
atp,2026-01-12,PH67,N. Ponwith,Nathan Ponwith,1061,14,https://www.atptour.com/en/rankings/singles?dateWeek=2026-01-12&rankRange=0-5000,2026-03-22T00:43:17Z
atp,2026-01-12,S0YB,D. Sarksian,Daniil Sarksian,1062,14,https://www.atptour.com/en/rankings/singles?dateWeek=2026-01-12&rankRange=0-5000,2026-03-22T00:43:17Z
atp,2026-01-12,BO10,G. Brouwer,Gijs Brouwer,1063,13,https://www.atptour.com/en/rankings/singles?dateWeek=2026-01-12&rankRange=0-5000,2026-03-22T00:43:17Z
atp,2026-01-12,P0I4,M. Ponce De Leon Gomila,Matias Ponce De Leon Gomila,1064,13,https://www.atptour.com/en/rankings/singles?dateWeek=2026-01-12&rankRange=0-5000,2026-03-22T00:43:17Z
atp,2026-01-12,Y0BF,G. Young,Gavin Young,1065,13,https://www.atptour.com/en/rankings/singles?dateWeek=2026-01-12&rankRange=0-5000,2026-03-22T00:43:17Z
atp,2026-01-12,J380,J. Jung,Jason Jung,1066,13,https://www.atptour.com/en/rankings/singles?dateWeek=2026-01-12&rankRange=0-5000,2026-03-22T00:43:17Z
atp,2026-01-12,Z0CE,N. Zamora,Noah Zamora,1067,13,https://www.atptour.com/en/rankings/singles?dateWeek=2026-01-12&rankRange=0-5000,2026-03-22T00:43:17Z
atp,2026-01-12,A0KU,E. Aguiard,Enzo Aguiard,1068,13,https://www.atptour.com/en/rankings/singles?dateWeek=2026-01-12&rankRange=0-5000,2026-03-22T00:43:17Z
atp,2026-01-12,J0F0,V. Jankanj,Vlado Jankanj,1069,13,https://www.atptour.com/en/rankings/singles?dateWeek=2026-01-12&rankRange=0-5000,2026-03-22T00:43:17Z
atp,2026-01-12,D0I0,S. Dominko,Sebastian Dominko,1070,13,https://www.atptour.com/en/rankings/singles?dateWeek=2026-01-12&rankRange=0-5000,2026-03-22T00:43:17Z
atp,2026-01-12,K0EL,A. Kotzen,Alexander Kotzen,1071,13,https://www.atptour.com/en/rankings/singles?dateWeek=2026-01-12&rankRange=0-5000,2026-03-22T00:43:17Z
atp,2026-01-12,O527,C. Oh,Chanyeong Oh,1072,13,https://www.atptour.com/en/rankings/singles?dateWeek=2026-01-12&rankRange=0-5000,2026-03-22T00:43:17Z
atp,2026-01-12,C0H5,J. Cundom,Julian Cundom,1073,13,https://www.atptour.com/en/rankings/singles?dateWeek=2026-01-12&rankRange=0-5000,2026-03-22T00:43:17Z
atp,2026-01-12,B0G9,A. Bronzetti,Alberto Bronzetti,1074,13,https://www.atptour.com/en/rankings/singles?dateWeek=2026-01-12&rankRange=0-5000,2026-03-22T00:43:17Z
atp,2026-01-12,E0DP,M. Exsted,Maxwell Exsted,1075,13,https://www.atptour.com/en/rankings/singles?dateWeek=2026-01-12&rankRange=0-5000,2026-03-22T00:43:17Z
atp,2026-01-12,A0K2,F. Aguilar Cardozo,Federico Aguilar Cardozo,1076,13,https://www.atptour.com/en/rankings/singles?dateWeek=2026-01-12&rankRange=0-5000,2026-03-22T00:43:17Z
atp,2026-01-12,H0GC,A. Habib,Ali Habib,1077,13,https://www.atptour.com/en/rankings/singles?dateWeek=2026-01-12&rankRange=0-5000,2026-03-22T00:43:17Z
atp,2026-01-12,PM12,N. Parizzia,Nicolas Parizzia,1078,13,https://www.atptour.com/en/rankings/singles?dateWeek=2026-01-12&rankRange=0-5000,2026-03-22T00:43:17Z
atp,2026-01-12,L0CH,N. Larwig,Noel Larwig,1079,13,https://www.atptour.com/en/rankings/singles?dateWeek=2026-01-12&rankRange=0-5000,2026-03-22T00:43:17Z
atp,2026-01-12,L0GJ,M. Lipp,Mika Lipp,1080,13,https://www.atptour.com/en/rankings/singles?dateWeek=2026-01-12&rankRange=0-5000,2026-03-22T00:43:17Z
atp,2026-01-12,C0JU,E. Camargo Lima,Enzo Camargo Lima,1081,13,https://www.atptour.com/en/rankings/singles?dateWeek=2026-01-12&rankRange=0-5000,2026-03-22T00:43:17Z
atp,2026-01-12,P0NT,P. Pinter,Piet Luis Pinter,1082,13,https://www.atptour.com/en/rankings/singles?dateWeek=2026-01-12&rankRange=0-5000,2026-03-22T00:43:17Z
atp,2026-01-12,B0HD,N. Basic,Nikola Basic,1083,13,https://www.atptour.com/en/rankings/singles?dateWeek=2026-01-12&rankRange=0-5000,2026-03-22T00:43:17Z
atp,2026-01-12,P0G0,E. Philippov,Evgeny Philippov,1084,13,https://www.atptour.com/en/rankings/singles?dateWeek=2026-01-12&rankRange=0-5000,2026-03-22T00:43:17Z
atp,2026-01-12,N724,G. Noce,Gabriele Maria Noce,1085,13,https://www.atptour.com/en/rankings/singles?dateWeek=2026-01-12&rankRange=0-5000,2026-03-22T00:43:17Z
atp,2026-01-12,B0PH,J. Bilardo,Jacopo Bilardo,1086,13,https://www.atptour.com/en/rankings/singles?dateWeek=2026-01-12&rankRange=0-5000,2026-03-22T00:43:17Z
atp,2026-01-12,U0A3,M. Ujvary,Matthias Ujvary,1087,13,https://www.atptour.com/en/rankings/singles?dateWeek=2026-01-12&rankRange=0-5000,2026-03-22T00:43:17Z
atp,2026-01-12,MV39,T. Masabayashi,Tomohiro Masabayashi,1088,13,https://www.atptour.com/en/rankings/singles?dateWeek=2026-01-12&rankRange=0-5000,2026-03-22T00:43:17Z
atp,2026-01-12,L733,Z. Li,Zhe Li,1089,12,https://www.atptour.com/en/rankings/singles?dateWeek=2026-01-12&rankRange=0-5000,2026-03-22T00:43:17Z
atp,2026-01-12,B0IZ,D. Badenhorst,Devin Badenhorst,1090,12,https://www.atptour.com/en/rankings/singles?dateWeek=2026-01-12&rankRange=0-5000,2026-03-22T00:43:17Z
atp,2026-01-12,S0R2,B. Sanchez Martinez,Benito Sanchez Martinez,1091,12,https://www.atptour.com/en/rankings/singles?dateWeek=2026-01-12&rankRange=0-5000,2026-03-22T00:43:17Z
atp,2026-01-12,Z0AB,A. Zakharov,Alexey Zakharov,1092,12,https://www.atptour.com/en/rankings/singles?dateWeek=2026-01-12&rankRange=0-5000,2026-03-22T00:43:17Z
atp,2026-01-12,M19T,J. Mackenzie,Jamie Mackenzie,1093,12,https://www.atptour.com/en/rankings/singles?dateWeek=2026-01-12&rankRange=0-5000,2026-03-22T00:43:17Z
atp,2026-01-12,M0XQ,N. McDonald,Niels Mcdonald,1094,12,https://www.atptour.com/en/rankings/singles?dateWeek=2026-01-12&rankRange=0-5000,2026-03-22T00:43:17Z
atp,2026-01-12,J0EI,A. Jilly,Adam Jilly,1095,12,https://www.atptour.com/en/rankings/singles?dateWeek=2026-01-12&rankRange=0-5000,2026-03-22T00:43:17Z
atp,2026-01-12,B0A1,M. Borisiouk,Martin Borisiouk,1096,12,https://www.atptour.com/en/rankings/singles?dateWeek=2026-01-12&rankRange=0-5000,2026-03-22T00:43:17Z
atp,2026-01-12,M0XA,M. Martinez Serrano,Mario Martinez Serrano,1097,12,https://www.atptour.com/en/rankings/singles?dateWeek=2026-01-12&rankRange=0-5000,2026-03-22T00:43:17Z
atp,2026-01-12,P0MT,C. Papoe,Cezar Gabriel Papoe,1098,12,https://www.atptour.com/en/rankings/singles?dateWeek=2026-01-12&rankRange=0-5000,2026-03-22T00:43:17Z
atp,2026-01-12,K0DV,G. Kim,Geun Jun Kim,1099,12,https://www.atptour.com/en/rankings/singles?dateWeek=2026-01-12&rankRange=0-5000,2026-03-22T00:43:17Z
atp,2026-01-12,M0RC,S. Matsuoka,Shu Matsuoka,1100,12,https://www.atptour.com/en/rankings/singles?dateWeek=2026-01-12&rankRange=0-5000,2026-03-22T00:43:17Z
atp,2026-01-12,M0I5,A. Mujakic,Alen Mujakic,1101,12,https://www.atptour.com/en/rankings/singles?dateWeek=2026-01-12&rankRange=0-5000,2026-03-22T00:43:17Z
atp,2026-01-12,K0MW,M. Kesharwani,Maan Kesharwani,1102,12,https://www.atptour.com/en/rankings/singles?dateWeek=2026-01-12&rankRange=0-5000,2026-03-22T00:43:17Z
atp,2026-01-12,S09B,M. Scaglia,Mathieu Scaglia,1103,12,https://www.atptour.com/en/rankings/singles?dateWeek=2026-01-12&rankRange=0-5000,2026-03-22T00:43:17Z
atp,2026-01-12,V0DI,S. Vincent Ruggeri,Samuel Vincent Ruggeri,1104,12,https://www.atptour.com/en/rankings/singles?dateWeek=2026-01-12&rankRange=0-5000,2026-03-22T00:43:17Z
atp,2026-01-12,O0E1,Y. Oki,Yuto Oki,1105,12,https://www.atptour.com/en/rankings/singles?dateWeek=2026-01-12&rankRange=0-5000,2026-03-22T00:43:17Z
atp,2026-01-12,O0AX,G. Ortenzi,Gian Marco Ortenzi,1106,12,https://www.atptour.com/en/rankings/singles?dateWeek=2026-01-12&rankRange=0-5000,2026-03-22T00:43:17Z
atp,2026-01-12,L0BU,H. Liu,Hanyi Liu,1107,12,https://www.atptour.com/en/rankings/singles?dateWeek=2026-01-12&rankRange=0-5000,2026-03-22T00:43:17Z
atp,2026-01-12,T0I0,A. Timini,Andreas Timini,1108,12,https://www.atptour.com/en/rankings/singles?dateWeek=2026-01-12&rankRange=0-5000,2026-03-22T00:43:17Z
atp,2026-01-12,S0SD,J. Szajrych,Jasza Szajrych,1109,12,https://www.atptour.com/en/rankings/singles?dateWeek=2026-01-12&rankRange=0-5000,2026-03-22T00:43:17Z
atp,2026-01-12,S1BV,B. Suarez,Billy Suarez,1110,12,https://www.atptour.com/en/rankings/singles?dateWeek=2026-01-12&rankRange=0-5000,2026-03-22T00:43:17Z
atp,2026-01-12,VA31,S. Vujic,Stefan Vujic,1111,12,https://www.atptour.com/en/rankings/singles?dateWeek=2026-01-12&rankRange=0-5000,2026-03-22T00:43:17Z
atp,2026-01-12,PM20,H. Pierre,Hugo Pierre,1112,12,https://www.atptour.com/en/rankings/singles?dateWeek=2026-01-12&rankRange=0-5000,2026-03-22T00:43:17Z
atp,2026-01-12,TG42,L. Tessa,Louis Tessa,1113,12,https://www.atptour.com/en/rankings/singles?dateWeek=2026-01-12&rankRange=0-5000,2026-03-22T00:43:17Z
atp,2026-01-12,AG30,A. Alhogbani,Ammar Alhogbani,1114,12,https://www.atptour.com/en/rankings/singles?dateWeek=2026-01-12&rankRange=0-5000,2026-03-22T00:43:17Z
atp,2026-01-12,O09S,J. Otegui,Juan Bautista Otegui,1115,12,https://www.atptour.com/en/rankings/singles?dateWeek=2026-01-12&rankRange=0-5000,2026-03-22T00:43:17Z
atp,2026-01-12,S0JW,S. Sim,Sungbeen Sim,1116,12,https://www.atptour.com/en/rankings/singles?dateWeek=2026-01-12&rankRange=0-5000,2026-03-22T00:43:17Z
atp,2026-01-12,BV08,B. Butulija,Boris Butulija,1117,12,https://www.atptour.com/en/rankings/singles?dateWeek=2026-01-12&rankRange=0-5000,2026-03-22T00:43:17Z
atp,2026-01-12,V0E1,Z. Velcz,Zsombor Velcz,1118,11,https://www.atptour.com/en/rankings/singles?dateWeek=2026-01-12&rankRange=0-5000,2026-03-22T00:43:17Z
atp,2026-01-12,P0P1,T. Pernas,Thiago Agustin Pernas,1119,11,https://www.atptour.com/en/rankings/singles?dateWeek=2026-01-12&rankRange=0-5000,2026-03-22T00:43:17Z
atp,2026-01-12,P0IN,O. Poulsen,Oskar Brostrom Poulsen,1120,11,https://www.atptour.com/en/rankings/singles?dateWeek=2026-01-12&rankRange=0-5000,2026-03-22T00:43:17Z
atp,2026-01-12,M0N5,R. Mehra,Rohan Mehra,1121,11,https://www.atptour.com/en/rankings/singles?dateWeek=2026-01-12&rankRange=0-5000,2026-03-22T00:43:17Z
atp,2026-01-12,B0M7,M. Bondaz,Mathis Bondaz,1122,11,https://www.atptour.com/en/rankings/singles?dateWeek=2026-01-12&rankRange=0-5000,2026-03-22T00:43:17Z
atp,2026-01-12,T0B0,C. Thomson,Connor Thomson,1123,11,https://www.atptour.com/en/rankings/singles?dateWeek=2026-01-12&rankRange=0-5000,2026-03-22T00:43:17Z
atp,2026-01-12,V0GE,J. Van Herzeele,James Van Herzeele,1124,11,https://www.atptour.com/en/rankings/singles?dateWeek=2026-01-12&rankRange=0-5000,2026-03-22T00:43:17Z
atp,2026-01-12,L0CO,T. Longwe-Smit,Thando Longwe Smit,1125,11,https://www.atptour.com/en/rankings/singles?dateWeek=2026-01-12&rankRange=0-5000,2026-03-22T00:43:17Z
atp,2026-01-12,W660,J. Wendler Filho,Jefferson Wendler Filho,1126,11,https://www.atptour.com/en/rankings/singles?dateWeek=2026-01-12&rankRange=0-5000,2026-03-22T00:43:17Z
atp,2026-01-12,K0HT,E. Khoeblal,Elgin Khoeblal,1127,11,https://www.atptour.com/en/rankings/singles?dateWeek=2026-01-12&rankRange=0-5000,2026-03-22T00:43:17Z
atp,2026-01-12,M0N4,L. Malgaroli,Leonardo Malgaroli,1130,11,https://www.atptour.com/en/rankings/singles?dateWeek=2026-01-12&rankRange=0-5000,2026-03-22T00:43:17Z
atp,2026-01-12,R0AY,G. Ramskogler,Gregor Ramskogler,1131,11,https://www.atptour.com/en/rankings/singles?dateWeek=2026-01-12&rankRange=0-5000,2026-03-22T00:43:17Z
atp,2026-01-12,B0W9,N. Barsukov,Nikolai Barsukov,1132,11,https://www.atptour.com/en/rankings/singles?dateWeek=2026-01-12&rankRange=0-5000,2026-03-22T00:43:17Z
atp,2026-01-12,S0IK,T. Stice,Tyler Stice,1133,11,https://www.atptour.com/en/rankings/singles?dateWeek=2026-01-12&rankRange=0-5000,2026-03-22T00:43:17Z
atp,2026-01-12,C0KO,N. Ciavarella,Niccolò Ciavarella,1134,11,https://www.atptour.com/en/rankings/singles?dateWeek=2026-01-12&rankRange=0-5000,2026-03-22T00:43:17Z
atp,2026-01-12,B0NF,V. Basel,Valentin Basel,1135,11,https://www.atptour.com/en/rankings/singles?dateWeek=2026-01-12&rankRange=0-5000,2026-03-22T00:43:17Z
atp,2026-01-12,F0FB,M. Figl,Maximilian Figl,1136,11,https://www.atptour.com/en/rankings/singles?dateWeek=2026-01-12&rankRange=0-5000,2026-03-22T00:43:17Z
atp,2026-01-12,MN49,M. Makhlouf,Mohamed Nazim Makhlouf,1137,11,https://www.atptour.com/en/rankings/singles?dateWeek=2026-01-12&rankRange=0-5000,2026-03-22T00:43:17Z
atp,2026-01-12,P0JK,N. Perfetti,Noah Perfetti,1138,11,https://www.atptour.com/en/rankings/singles?dateWeek=2026-01-12&rankRange=0-5000,2026-03-22T00:43:17Z
atp,2026-01-12,ML51,T. Martin,Toby Martin,1139,11,https://www.atptour.com/en/rankings/singles?dateWeek=2026-01-12&rankRange=0-5000,2026-03-22T00:43:17Z
atp,2026-01-12,T0DN,N. Thurner,Noah Thurner,1140,11,https://www.atptour.com/en/rankings/singles?dateWeek=2026-01-12&rankRange=0-5000,2026-03-22T00:43:17Z
atp,2026-01-12,I0BE,S. Ivanov,Saveliy Ivanov,1141,11,https://www.atptour.com/en/rankings/singles?dateWeek=2026-01-12&rankRange=0-5000,2026-03-22T00:43:17Z
atp,2026-01-12,MF70,L. Martinez,Luis David Martinez,1142,10,https://www.atptour.com/en/rankings/singles?dateWeek=2026-01-12&rankRange=0-5000,2026-03-22T00:43:17Z
atp,2026-01-12,M0OR,R. Murali,Rohan Murali,1145,10,https://www.atptour.com/en/rankings/singles?dateWeek=2026-01-12&rankRange=0-5000,2026-03-22T00:43:17Z
atp,2026-01-12,B0A2,S. Banthia,Siddhant Banthia,1146,10,https://www.atptour.com/en/rankings/singles?dateWeek=2026-01-12&rankRange=0-5000,2026-03-22T00:43:17Z
atp,2026-01-12,GH33,M. Guinard,Manuel Guinard,1147,10,https://www.atptour.com/en/rankings/singles?dateWeek=2026-01-12&rankRange=0-5000,2026-03-22T00:43:17Z
atp,2026-01-12,R0KK,A. Rozin,Alexander Rozin,1150,10,https://www.atptour.com/en/rankings/singles?dateWeek=2026-01-12&rankRange=0-5000,2026-03-22T00:43:17Z
atp,2026-01-12,O663,J. Opitz,Jannik Opitz,1151,10,https://www.atptour.com/en/rankings/singles?dateWeek=2026-01-12&rankRange=0-5000,2026-03-22T00:43:17Z
atp,2026-01-12,P0CD,D. Paty,Daniel Paty,1152,10,https://www.atptour.com/en/rankings/singles?dateWeek=2026-01-12&rankRange=0-5000,2026-03-22T00:43:17Z
atp,2026-01-12,G0OS,J. Guilleme,Joaquin Guilleme,1153,10,https://www.atptour.com/en/rankings/singles?dateWeek=2026-01-12&rankRange=0-5000,2026-03-22T00:43:17Z
atp,2026-01-12,SP80,N. Serdarusic,Nino Serdarusic,1154,10,https://www.atptour.com/en/rankings/singles?dateWeek=2026-01-12&rankRange=0-5000,2026-03-22T00:43:17Z
atp,2026-01-12,O0BC,O. Okonkwo,Oliver Okonkwo,1155,10,https://www.atptour.com/en/rankings/singles?dateWeek=2026-01-12&rankRange=0-5000,2026-03-22T00:43:17Z
atp,2026-01-12,S0RH,M. Sabas,Martin Sabas,1156,10,https://www.atptour.com/en/rankings/singles?dateWeek=2026-01-12&rankRange=0-5000,2026-03-22T00:43:17Z
atp,2026-01-12,RB56,R. Ramanathan,Ramkumar Ramanathan,1157,10,https://www.atptour.com/en/rankings/singles?dateWeek=2026-01-12&rankRange=0-5000,2026-03-22T00:43:17Z
atp,2026-01-12,TG46,R. Tanuma,Ryota Tanuma,1158,10,https://www.atptour.com/en/rankings/singles?dateWeek=2026-01-12&rankRange=0-5000,2026-03-22T00:43:17Z
atp,2026-01-12,A0I9,E. Ambarzumjan,Edison Ambarzumjan,1159,10,https://www.atptour.com/en/rankings/singles?dateWeek=2026-01-12&rankRange=0-5000,2026-03-22T00:43:17Z
atp,2026-01-12,J0DK,P. Jordan,Phillip Jordan,1162,10,https://www.atptour.com/en/rankings/singles?dateWeek=2026-01-12&rankRange=0-5000,2026-03-22T00:43:17Z
atp,2026-01-12,D0HZ,M. Del Pino,Mateo Del Pino,1165,10,https://www.atptour.com/en/rankings/singles?dateWeek=2026-01-12&rankRange=0-5000,2026-03-22T00:43:17Z
atp,2026-01-12,C0PK,X. Chen,Xing Dao Chen,1166,10,https://www.atptour.com/en/rankings/singles?dateWeek=2026-01-12&rankRange=0-5000,2026-03-22T00:43:17Z
atp,2026-01-12,M0W0,M. Molder,Markus Molder,1167,10,https://www.atptour.com/en/rankings/singles?dateWeek=2026-01-12&rankRange=0-5000,2026-03-22T00:43:17Z
atp,2026-01-12,C0NI,A. Chayka,Aleksander Chayka,1168,10,https://www.atptour.com/en/rankings/singles?dateWeek=2026-01-12&rankRange=0-5000,2026-03-22T00:43:17Z
atp,2026-01-12,P0M4,D. Petak,Denis Petak,1169,10,https://www.atptour.com/en/rankings/singles?dateWeek=2026-01-12&rankRange=0-5000,2026-03-22T00:43:17Z
atp,2026-01-12,T0AG,Z. Tkemaladze,Zura Tkemaladze,1170,10,https://www.atptour.com/en/rankings/singles?dateWeek=2026-01-12&rankRange=0-5000,2026-03-22T00:43:17Z
atp,2026-01-12,J0AK,Y. Jin,Yuquan Jin,1171,10,https://www.atptour.com/en/rankings/singles?dateWeek=2026-01-12&rankRange=0-5000,2026-03-22T00:43:17Z
atp,2026-01-12,W0BR,N. Waldner,Niklas Waldner,1172,10,https://www.atptour.com/en/rankings/singles?dateWeek=2026-01-12&rankRange=0-5000,2026-03-22T00:43:17Z
atp,2026-01-12,T0J8,Y. Tomida,Yuta Tomida,1173,10,https://www.atptour.com/en/rankings/singles?dateWeek=2026-01-12&rankRange=0-5000,2026-03-22T00:43:17Z
atp,2026-01-12,S0VZ,S. Seghetti,Samuele Seghetti,1174,10,https://www.atptour.com/en/rankings/singles?dateWeek=2026-01-12&rankRange=0-5000,2026-03-22T00:43:17Z
atp,2026-01-12,R0EW,L. Rivera,Leyton Rivera,1175,10,https://www.atptour.com/en/rankings/singles?dateWeek=2026-01-12&rankRange=0-5000,2026-03-22T00:43:17Z
atp,2026-01-12,M0B9,D. Marques,Diogo Marques,1176,10,https://www.atptour.com/en/rankings/singles?dateWeek=2026-01-12&rankRange=0-5000,2026-03-22T00:43:17Z
atp,2026-01-12,B0G6,P. Brown,Preston Brown,1177,10,https://www.atptour.com/en/rankings/singles?dateWeek=2026-01-12&rankRange=0-5000,2026-03-22T00:43:17Z
atp,2026-01-12,P0KJ,D. Pham,Derek Pham,1178,9,https://www.atptour.com/en/rankings/singles?dateWeek=2026-01-12&rankRange=0-5000,2026-03-22T00:43:17Z
atp,2026-01-12,SK47,M. Safwat,Mohamed Safwat,1181,9,https://www.atptour.com/en/rankings/singles?dateWeek=2026-01-12&rankRange=0-5000,2026-03-22T00:43:17Z
atp,2026-01-12,B0U1,T. Batin,Tudor Batin,1185,9,https://www.atptour.com/en/rankings/singles?dateWeek=2026-01-12&rankRange=0-5000,2026-03-22T00:43:17Z
atp,2026-01-12,S0TB,E. Strode,Elijah Strode,1186,9,https://www.atptour.com/en/rankings/singles?dateWeek=2026-01-12&rankRange=0-5000,2026-03-22T00:43:17Z
atp,2026-01-12,PL38,S. Prechtel,Sebastian Prechtel,1187,9,https://www.atptour.com/en/rankings/singles?dateWeek=2026-01-12&rankRange=0-5000,2026-03-22T00:43:17Z
atp,2026-01-12,A0HK,M. Alimli,Mikail Alimli,1190,9,https://www.atptour.com/en/rankings/singles?dateWeek=2026-01-12&rankRange=0-5000,2026-03-22T00:43:17Z
atp,2026-01-12,M0ES,O. Moraing,Oscar Moraing,1191,9,https://www.atptour.com/en/rankings/singles?dateWeek=2026-01-12&rankRange=0-5000,2026-03-22T00:43:17Z
atp,2026-01-12,H0HX,J. Hrazdil,Jan Hrazdil,1192,9,https://www.atptour.com/en/rankings/singles?dateWeek=2026-01-12&rankRange=0-5000,2026-03-22T00:43:17Z
atp,2026-01-12,P0IG,M. Pawelski,Martyn Pawelski,1193,9,https://www.atptour.com/en/rankings/singles?dateWeek=2026-01-12&rankRange=0-5000,2026-03-22T00:43:17Z
atp,2026-01-12,D09V,I. Denisov,Ivan Denisov,1194,9,https://www.atptour.com/en/rankings/singles?dateWeek=2026-01-12&rankRange=0-5000,2026-03-22T00:43:17Z
atp,2026-01-12,D0KA,C. Djonov,Christian Djonov,1195,9,https://www.atptour.com/en/rankings/singles?dateWeek=2026-01-12&rankRange=0-5000,2026-03-22T00:43:17Z
atp,2026-01-12,F0I5,V. Frydrych,Viktor Frydrych,1196,9,https://www.atptour.com/en/rankings/singles?dateWeek=2026-01-12&rankRange=0-5000,2026-03-22T00:43:17Z
atp,2026-01-12,D0JZ,A. De Marchi,Andrea De Marchi,1197,9,https://www.atptour.com/en/rankings/singles?dateWeek=2026-01-12&rankRange=0-5000,2026-03-22T00:43:17Z
atp,2026-01-12,F0HU,A. Funk,Aaron Funk,1198,9,https://www.atptour.com/en/rankings/singles?dateWeek=2026-01-12&rankRange=0-5000,2026-03-22T00:43:17Z
atp,2026-01-12,C0MO,G. Crisostomo,Giacomo Crisostomo,1199,9,https://www.atptour.com/en/rankings/singles?dateWeek=2026-01-12&rankRange=0-5000,2026-03-22T00:43:17Z
atp,2026-01-12,GJ90,J. Goncalves Ceolin,Joao Vitor Goncalves Ceolin,1200,9,https://www.atptour.com/en/rankings/singles?dateWeek=2026-01-12&rankRange=0-5000,2026-03-22T00:43:17Z
atp,2026-01-12,B0C4,C. Bertimon,Charles Bertimon,1201,9,https://www.atptour.com/en/rankings/singles?dateWeek=2026-01-12&rankRange=0-5000,2026-03-22T00:43:17Z
atp,2026-01-12,M0DA,K. Mayo,Keenan Mayo,1202,8,https://www.atptour.com/en/rankings/singles?dateWeek=2026-01-12&rankRange=0-5000,2026-03-22T00:43:17Z
atp,2026-01-12,M0OT,L. Miguel,Luis Felipe Miguel,1203,8,https://www.atptour.com/en/rankings/singles?dateWeek=2026-01-12&rankRange=0-5000,2026-03-22T00:43:17Z
atp,2026-01-12,B0T6,T. Boogaard,Thijs Boogaard,1204,8,https://www.atptour.com/en/rankings/singles?dateWeek=2026-01-12&rankRange=0-5000,2026-03-22T00:43:17Z
atp,2026-01-12,S0V8,O. Shimanov,Ofek Shimanov,1205,8,https://www.atptour.com/en/rankings/singles?dateWeek=2026-01-12&rankRange=0-5000,2026-03-22T00:43:17Z
atp,2026-01-12,CL82,D. Cukierman,Daniel Cukierman,1206,8,https://www.atptour.com/en/rankings/singles?dateWeek=2026-01-12&rankRange=0-5000,2026-03-22T00:43:17Z
atp,2026-01-12,T0HM,V. Tonejc,Vito Tonejc,1207,8,https://www.atptour.com/en/rankings/singles?dateWeek=2026-01-12&rankRange=0-5000,2026-03-22T00:43:17Z
atp,2026-01-12,W0BD,D. Wassermann,Deney Wassermann,1208,8,https://www.atptour.com/en/rankings/singles?dateWeek=2026-01-12&rankRange=0-5000,2026-03-22T00:43:17Z
atp,2026-01-12,H0M1,K. Hance,Keaton Hance,1209,8,https://www.atptour.com/en/rankings/singles?dateWeek=2026-01-12&rankRange=0-5000,2026-03-22T00:43:17Z
atp,2026-01-12,P0B6,S. Polukhin,Savva Polukhin,1210,8,https://www.atptour.com/en/rankings/singles?dateWeek=2026-01-12&rankRange=0-5000,2026-03-22T00:43:17Z
atp,2026-01-12,S0TO,T. Silva,Tiago Silva,1213,8,https://www.atptour.com/en/rankings/singles?dateWeek=2026-01-12&rankRange=0-5000,2026-03-22T00:43:17Z
atp,2026-01-12,D985,J. Domingues,Joao Domingues,1214,8,https://www.atptour.com/en/rankings/singles?dateWeek=2026-01-12&rankRange=0-5000,2026-03-22T00:43:17Z
atp,2026-01-12,KC86,D. King,Darian King,1215,8,https://www.atptour.com/en/rankings/singles?dateWeek=2026-01-12&rankRange=0-5000,2026-03-22T00:43:17Z
atp,2026-01-12,T0BA,T. Takamisawa,Taketo Takamisawa,1216,8,https://www.atptour.com/en/rankings/singles?dateWeek=2026-01-12&rankRange=0-5000,2026-03-22T00:43:17Z
atp,2026-01-12,P0GE,G. Perego,Giulio Perego,1219,8,https://www.atptour.com/en/rankings/singles?dateWeek=2026-01-12&rankRange=0-5000,2026-03-22T00:43:17Z
atp,2026-01-12,F0J3,P. Faut,Pierre Antoine Faut,1220,8,https://www.atptour.com/en/rankings/singles?dateWeek=2026-01-12&rankRange=0-5000,2026-03-22T00:43:17Z
atp,2026-01-12,L0E5,J. Lee,Junhyeon Lee,1221,8,https://www.atptour.com/en/rankings/singles?dateWeek=2026-01-12&rankRange=0-5000,2026-03-22T00:43:17Z
atp,2026-01-12,T0BH,M. Thomson,Matthew Thomson,1222,8,https://www.atptour.com/en/rankings/singles?dateWeek=2026-01-12&rankRange=0-5000,2026-03-22T00:43:17Z
atp,2026-01-12,B0QK,L. Beraldo,Lorenzo Beraldo,1223,8,https://www.atptour.com/en/rankings/singles?dateWeek=2026-01-12&rankRange=0-5000,2026-03-22T00:43:17Z
atp,2026-01-12,C0NX,S. Cho,Seongwoo Cho,1224,8,https://www.atptour.com/en/rankings/singles?dateWeek=2026-01-12&rankRange=0-5000,2026-03-22T00:43:17Z
atp,2026-01-12,L0EV,V. Lapalu,Valentin Lapalu,1225,8,https://www.atptour.com/en/rankings/singles?dateWeek=2026-01-12&rankRange=0-5000,2026-03-22T00:43:17Z
atp,2026-01-12,S0KY,A. Salazar,Amador Salazar,1226,8,https://www.atptour.com/en/rankings/singles?dateWeek=2026-01-12&rankRange=0-5000,2026-03-22T00:43:17Z
atp,2026-01-12,E0DX,D. Eichenseher,David Eichenseher,1229,8,https://www.atptour.com/en/rankings/singles?dateWeek=2026-01-12&rankRange=0-5000,2026-03-22T00:43:17Z
atp,2026-01-12,SF41,A. Setkic,Aldin Setkic,1230,8,https://www.atptour.com/en/rankings/singles?dateWeek=2026-01-12&rankRange=0-5000,2026-03-22T00:43:17Z
atp,2026-01-12,B0WX,T. Baragiola Mordini,Tobia Costanzo Baragiola Mordini,1231,8,https://www.atptour.com/en/rankings/singles?dateWeek=2026-01-12&rankRange=0-5000,2026-03-22T00:43:17Z
atp,2026-01-12,J0DN,A. Jeran,Aljaz Jeran,1232,8,https://www.atptour.com/en/rankings/singles?dateWeek=2026-01-12&rankRange=0-5000,2026-03-22T00:43:17Z
atp,2026-01-12,AD23,O. Anderson,Oliver Anderson,1235,8,https://www.atptour.com/en/rankings/singles?dateWeek=2026-01-12&rankRange=0-5000,2026-03-22T00:43:17Z
atp,2026-01-12,C0I5,C. Crowther,Corban Crowther,1236,8,https://www.atptour.com/en/rankings/singles?dateWeek=2026-01-12&rankRange=0-5000,2026-03-22T00:43:17Z
atp,2026-01-12,K0FW,J. Kupcic,Jan Kupcic,1237,8,https://www.atptour.com/en/rankings/singles?dateWeek=2026-01-12&rankRange=0-5000,2026-03-22T00:43:17Z
atp,2026-01-12,P0D4,B. Perez,Brandon Perez,1238,8,https://www.atptour.com/en/rankings/singles?dateWeek=2026-01-12&rankRange=0-5000,2026-03-22T00:43:17Z
atp,2026-01-12,G0O5,I. Gretskiy,Ivan Gretskiy,1241,8,https://www.atptour.com/en/rankings/singles?dateWeek=2026-01-12&rankRange=0-5000,2026-03-22T00:43:17Z
atp,2026-01-12,HB18,A. Horoz,Alp Horoz,1242,8,https://www.atptour.com/en/rankings/singles?dateWeek=2026-01-12&rankRange=0-5000,2026-03-22T00:43:17Z
atp,2026-01-12,K0JM,V. Konovchuk,Vadym Konovchuk,1245,8,https://www.atptour.com/en/rankings/singles?dateWeek=2026-01-12&rankRange=0-5000,2026-03-22T00:43:17Z
atp,2026-01-12,C0GG,K. Chopra,Keshav Chopra,1246,8,https://www.atptour.com/en/rankings/singles?dateWeek=2026-01-12&rankRange=0-5000,2026-03-22T00:43:17Z
atp,2026-01-12,GK07,J. Graca,Joao Graca,1247,8,https://www.atptour.com/en/rankings/singles?dateWeek=2026-01-12&rankRange=0-5000,2026-03-22T00:43:17Z
atp,2026-01-12,R0KE,C. Rolland De Ravel,Cosme Rolland De Ravel,1248,7,https://www.atptour.com/en/rankings/singles?dateWeek=2026-01-12&rankRange=0-5000,2026-03-22T00:43:17Z
atp,2026-01-12,H0D9,C. Harper,Cleeve Harper,1249,7,https://www.atptour.com/en/rankings/singles?dateWeek=2026-01-12&rankRange=0-5000,2026-03-22T00:43:17Z
atp,2026-01-12,R0LR,N. Ratiu,Niels Ratiu,1250,7,https://www.atptour.com/en/rankings/singles?dateWeek=2026-01-12&rankRange=0-5000,2026-03-22T00:43:17Z
atp,2026-01-12,C0Q6,A. Chang,Alex Chang,1251,7,https://www.atptour.com/en/rankings/singles?dateWeek=2026-01-12&rankRange=0-5000,2026-03-22T00:43:17Z
atp,2026-01-12,V0ES,N. Vukadin,Noa Vukadin,1252,7,https://www.atptour.com/en/rankings/singles?dateWeek=2026-01-12&rankRange=0-5000,2026-03-22T00:43:17Z
atp,2026-01-12,S0TT,P. Stearns,Preston Stearns,1253,7,https://www.atptour.com/en/rankings/singles?dateWeek=2026-01-12&rankRange=0-5000,2026-03-22T00:43:17Z
atp,2026-01-12,W716,M. Whitehouse,Mark Whitehouse,1254,7,https://www.atptour.com/en/rankings/singles?dateWeek=2026-01-12&rankRange=0-5000,2026-03-22T00:43:17Z
atp,2026-01-12,BT68,E. Benchetrit,Elliot Benchetrit,1255,7,https://www.atptour.com/en/rankings/singles?dateWeek=2026-01-12&rankRange=0-5000,2026-03-22T00:43:17Z
atp,2026-01-12,J0FK,N. Johnston,Noah Johnston,1256,7,https://www.atptour.com/en/rankings/singles?dateWeek=2026-01-12&rankRange=0-5000,2026-03-22T00:43:17Z
atp,2026-01-12,M0RF,V. Markov,Viktor Markov,1257,7,https://www.atptour.com/en/rankings/singles?dateWeek=2026-01-12&rankRange=0-5000,2026-03-22T00:43:17Z
atp,2026-01-12,G0JC,N. Godsick,Nicholas Godsick,1258,7,https://www.atptour.com/en/rankings/singles?dateWeek=2026-01-12&rankRange=0-5000,2026-03-22T00:43:17Z
atp,2026-01-12,N0DY,F. Nidunjianzan,Fnu Nidunjianzan,1259,7,https://www.atptour.com/en/rankings/singles?dateWeek=2026-01-12&rankRange=0-5000,2026-03-22T00:43:17Z
atp,2026-01-12,M0ZK,L. Mcfadzean,Lachlan James Mcfadzean,1260,7,https://www.atptour.com/en/rankings/singles?dateWeek=2026-01-12&rankRange=0-5000,2026-03-22T00:43:17Z
atp,2026-01-12,A0K1,J. Alonso Jr,Julian Alonso Jr,1261,7,https://www.atptour.com/en/rankings/singles?dateWeek=2026-01-12&rankRange=0-5000,2026-03-22T00:43:17Z
atp,2026-01-12,N0BK,H. Naw,Hazem Naw,1262,7,https://www.atptour.com/en/rankings/singles?dateWeek=2026-01-12&rankRange=0-5000,2026-03-22T00:43:17Z
atp,2026-01-12,K0HB,S. Kielan,Szymon Kielan,1263,7,https://www.atptour.com/en/rankings/singles?dateWeek=2026-01-12&rankRange=0-5000,2026-03-22T00:43:17Z
atp,2026-01-12,M0PF,B. Munk Mesa,Bernardo Munk Mesa,1266,7,https://www.atptour.com/en/rankings/singles?dateWeek=2026-01-12&rankRange=0-5000,2026-03-22T00:43:17Z
atp,2026-01-12,W0F2,A. Wagner,Alexander Wagner,1267,7,https://www.atptour.com/en/rankings/singles?dateWeek=2026-01-12&rankRange=0-5000,2026-03-22T00:43:17Z
atp,2026-01-12,K0JS,P. Kumar,Pranav Kumar,1270,7,https://www.atptour.com/en/rankings/singles?dateWeek=2026-01-12&rankRange=0-5000,2026-03-22T00:43:17Z
atp,2026-01-12,S0UB,D. Spiridon,Denis Spiridon,1271,7,https://www.atptour.com/en/rankings/singles?dateWeek=2026-01-12&rankRange=0-5000,2026-03-22T00:43:17Z
atp,2026-01-12,A0LW,F. Alberti,Filippo Alberti,1272,7,https://www.atptour.com/en/rankings/singles?dateWeek=2026-01-12&rankRange=0-5000,2026-03-22T00:43:17Z
atp,2026-01-12,K0I7,M. Kamrowski,Marcel Kamrowski,1273,7,https://www.atptour.com/en/rankings/singles?dateWeek=2026-01-12&rankRange=0-5000,2026-03-22T00:43:17Z
atp,2026-01-12,V505,V. Vardhan,Vishnu Vardhan,1274,7,https://www.atptour.com/en/rankings/singles?dateWeek=2026-01-12&rankRange=0-5000,2026-03-22T00:43:17Z
atp,2026-01-12,C0S4,S. Cocola,Sebastiano Cocola,1275,7,https://www.atptour.com/en/rankings/singles?dateWeek=2026-01-12&rankRange=0-5000,2026-03-22T00:43:17Z
atp,2026-01-12,K0IR,L. Krall,Liam Krall,1276,7,https://www.atptour.com/en/rankings/singles?dateWeek=2026-01-12&rankRange=0-5000,2026-03-22T00:43:17Z
atp,2026-01-12,M0DQ,V. Melnic,Vladislav Melnic,1279,7,https://www.atptour.com/en/rankings/singles?dateWeek=2026-01-12&rankRange=0-5000,2026-03-22T00:43:17Z
atp,2026-01-12,B0LS,A. Bonnaud,Arthur Bonnaud,1280,7,https://www.atptour.com/en/rankings/singles?dateWeek=2026-01-12&rankRange=0-5000,2026-03-22T00:43:17Z
atp,2026-01-12,G0MB,O. Grzegorzewski,Oskar Grzegorzewski,1281,7,https://www.atptour.com/en/rankings/singles?dateWeek=2026-01-12&rankRange=0-5000,2026-03-22T00:43:17Z
atp,2026-01-12,F0GU,M. Fondriest,Matteo Fondriest,1288,7,https://www.atptour.com/en/rankings/singles?dateWeek=2026-01-12&rankRange=0-5000,2026-03-22T00:43:17Z
atp,2026-01-12,C0R1,L. Cattaneo,Leonardo Cattaneo,1292,7,https://www.atptour.com/en/rankings/singles?dateWeek=2026-01-12&rankRange=0-5000,2026-03-22T00:43:17Z
atp,2026-01-12,T0HW,N. Toffanin,Nicolo Toffanin,1293,7,https://www.atptour.com/en/rankings/singles?dateWeek=2026-01-12&rankRange=0-5000,2026-03-22T00:43:17Z
atp,2026-01-12,B0JF,A. Bojarski,Alan Bojarski,1294,7,https://www.atptour.com/en/rankings/singles?dateWeek=2026-01-12&rankRange=0-5000,2026-03-22T00:43:17Z
atp,2026-01-12,J0ED,N. Jovic,Nikola Jovic,1295,7,https://www.atptour.com/en/rankings/singles?dateWeek=2026-01-12&rankRange=0-5000,2026-03-22T00:43:17Z
atp,2026-01-12,B0H9,A. Berger,Antoine Berger,1296,7,https://www.atptour.com/en/rankings/singles?dateWeek=2026-01-12&rankRange=0-5000,2026-03-22T00:43:17Z
atp,2026-01-12,C0KN,A. Casanova,Andrin Casanova,1297,7,https://www.atptour.com/en/rankings/singles?dateWeek=2026-01-12&rankRange=0-5000,2026-03-22T00:43:17Z
atp,2026-01-12,T0JO,A. Trifi,Alaa Trifi,1300,7,https://www.atptour.com/en/rankings/singles?dateWeek=2026-01-12&rankRange=0-5000,2026-03-22T00:43:17Z
atp,2026-01-12,B0N0,G. Brunkow,Gianluca Brunkow,1301,6,https://www.atptour.com/en/rankings/singles?dateWeek=2026-01-12&rankRange=0-5000,2026-03-22T00:43:17Z
atp,2026-01-12,G0L1,S. Goity Zapico,Segundo Goity Zapico,1302,6,https://www.atptour.com/en/rankings/singles?dateWeek=2026-01-12&rankRange=0-5000,2026-03-22T00:43:17Z
atp,2026-01-12,B0M1,M. Benchakroun,Mehdi Benchakroun,1305,6,https://www.atptour.com/en/rankings/singles?dateWeek=2026-01-12&rankRange=0-5000,2026-03-22T00:43:17Z
atp,2026-01-12,D0OR,R. Dugardin,Remy Dugardin,1306,6,https://www.atptour.com/en/rankings/singles?dateWeek=2026-01-12&rankRange=0-5000,2026-03-22T00:43:17Z
atp,2026-01-12,G0M2,F. Gustafsson,Filip Gustafsson,1307,6,https://www.atptour.com/en/rankings/singles?dateWeek=2026-01-12&rankRange=0-5000,2026-03-22T00:43:17Z
atp,2026-01-12,SY31,R. Storrie,Ryan James Storrie,1308,6,https://www.atptour.com/en/rankings/singles?dateWeek=2026-01-12&rankRange=0-5000,2026-03-22T00:43:17Z
atp,2026-01-12,G0PP,G. Goode,Gavin Goode,1309,6,https://www.atptour.com/en/rankings/singles?dateWeek=2026-01-12&rankRange=0-5000,2026-03-22T00:43:17Z
atp,2026-01-12,M0MU,M. Novansky,Michal Novansky,1310,6,https://www.atptour.com/en/rankings/singles?dateWeek=2026-01-12&rankRange=0-5000,2026-03-22T00:43:17Z
atp,2026-01-12,F0HB,R. Fernandes,Rodrigo Fernandes,1311,6,https://www.atptour.com/en/rankings/singles?dateWeek=2026-01-12&rankRange=0-5000,2026-03-22T00:43:17Z
atp,2026-01-12,M0FN,K. Montsi,Khololwam Montsi,1312,6,https://www.atptour.com/en/rankings/singles?dateWeek=2026-01-12&rankRange=0-5000,2026-03-22T00:43:17Z
atp,2026-01-12,M0T3,M. Mesarovic,Marko Mesarovic,1313,6,https://www.atptour.com/en/rankings/singles?dateWeek=2026-01-12&rankRange=0-5000,2026-03-22T00:43:17Z
atp,2026-01-12,B0X2,D. Beckles,Dillon Beckles,1316,6,https://www.atptour.com/en/rankings/singles?dateWeek=2026-01-12&rankRange=0-5000,2026-03-22T00:43:17Z
atp,2026-01-12,C0BC,M. Cressy,Maxime Cressy,1317,6,https://www.atptour.com/en/rankings/singles?dateWeek=2026-01-12&rankRange=0-5000,2026-03-22T00:43:17Z
atp,2026-01-12,RH17,J. Roberts,Justin Roberts,1318,6,https://www.atptour.com/en/rankings/singles?dateWeek=2026-01-12&rankRange=0-5000,2026-03-22T00:43:17Z
atp,2026-01-12,MW37,N. Muamba,Nicaise Muamba,1319,6,https://www.atptour.com/en/rankings/singles?dateWeek=2026-01-12&rankRange=0-5000,2026-03-22T00:43:17Z
atp,2026-01-12,M0X3,P. Munkhammar,Patrik Munkhammar,1320,6,https://www.atptour.com/en/rankings/singles?dateWeek=2026-01-12&rankRange=0-5000,2026-03-22T00:43:17Z
atp,2026-01-12,K0HM,M. Kamath,Madhwin Kamath,1321,6,https://www.atptour.com/en/rankings/singles?dateWeek=2026-01-12&rankRange=0-5000,2026-03-22T00:43:17Z
atp,2026-01-12,T0E2,V. Tadic,Vladan Tadic,1322,6,https://www.atptour.com/en/rankings/singles?dateWeek=2026-01-12&rankRange=0-5000,2026-03-22T00:43:17Z
atp,2026-01-12,S1C1,G. Sekachov,Glib Sekachov,1323,6,https://www.atptour.com/en/rankings/singles?dateWeek=2026-01-12&rankRange=0-5000,2026-03-22T00:43:17Z
atp,2026-01-12,D0K4,F. De Dios,Felipe De Dios,1329,6,https://www.atptour.com/en/rankings/singles?dateWeek=2026-01-12&rankRange=0-5000,2026-03-22T00:43:17Z
atp,2026-01-12,C0PW,Y. Chen,Yan Cheng Chen,1330,6,https://www.atptour.com/en/rankings/singles?dateWeek=2026-01-12&rankRange=0-5000,2026-03-22T00:43:17Z
atp,2026-01-12,L0KL,J. Leather,Joe Leather,1331,6,https://www.atptour.com/en/rankings/singles?dateWeek=2026-01-12&rankRange=0-5000,2026-03-22T00:43:17Z
atp,2026-01-12,G0G4,C. Gannon,Conor Gannon,1332,6,https://www.atptour.com/en/rankings/singles?dateWeek=2026-01-12&rankRange=0-5000,2026-03-22T00:43:17Z
atp,2026-01-12,V0GB,M. Vetrih,Miha Vetrih,1335,6,https://www.atptour.com/en/rankings/singles?dateWeek=2026-01-12&rankRange=0-5000,2026-03-22T00:43:17Z
atp,2026-01-12,F0E0,R. Falck,Reece Falck,1340,6,https://www.atptour.com/en/rankings/singles?dateWeek=2026-01-12&rankRange=0-5000,2026-03-22T00:43:17Z
atp,2026-01-12,M0N2,R. Michalik,Radovan Michalik,1341,6,https://www.atptour.com/en/rankings/singles?dateWeek=2026-01-12&rankRange=0-5000,2026-03-22T00:43:17Z
atp,2026-01-12,V0AS,L. Van Herck,Louis Van Herck,1344,6,https://www.atptour.com/en/rankings/singles?dateWeek=2026-01-12&rankRange=0-5000,2026-03-22T00:43:17Z
atp,2026-01-12,P0IU,L. Pinto,Lucca Pinto,1345,6,https://www.atptour.com/en/rankings/singles?dateWeek=2026-01-12&rankRange=0-5000,2026-03-22T00:43:17Z
atp,2026-01-12,H0L8,L. Hooper,Luke Hooper,1346,6,https://www.atptour.com/en/rankings/singles?dateWeek=2026-01-12&rankRange=0-5000,2026-03-22T00:43:17Z
atp,2026-01-12,F0E4,L. Fantini,Luca Fantini,1347,6,https://www.atptour.com/en/rankings/singles?dateWeek=2026-01-12&rankRange=0-5000,2026-03-22T00:43:17Z
atp,2026-01-12,C0Q4,C. Chen,Charles Chen,1348,6,https://www.atptour.com/en/rankings/singles?dateWeek=2026-01-12&rankRange=0-5000,2026-03-22T00:43:17Z
atp,2026-01-12,L0KR,M. Lazaro Juncadella,Manel Lazaro Juncadella,1349,6,https://www.atptour.com/en/rankings/singles?dateWeek=2026-01-12&rankRange=0-5000,2026-03-22T00:43:17Z
atp,2026-01-12,L0MB,J. Leach,Jagger Leach,1353,5,https://www.atptour.com/en/rankings/singles?dateWeek=2026-01-12&rankRange=0-5000,2026-03-22T00:43:17Z
atp,2026-01-12,A0M2,Y. Alexandrescou,Yannick Theodor Alexandrescou,1357,5,https://www.atptour.com/en/rankings/singles?dateWeek=2026-01-12&rankRange=0-5000,2026-03-22T00:43:17Z
atp,2026-01-12,K0GE,L. Koenig,Luc Koenig,1358,5,https://www.atptour.com/en/rankings/singles?dateWeek=2026-01-12&rankRange=0-5000,2026-03-22T00:43:17Z
atp,2026-01-12,T0JA,S. Tange,Saki Tange,1364,5,https://www.atptour.com/en/rankings/singles?dateWeek=2026-01-12&rankRange=0-5000,2026-03-22T00:43:17Z
atp,2026-01-12,V0EV,A. Vasquez,Alessio Vasquez,1365,5,https://www.atptour.com/en/rankings/singles?dateWeek=2026-01-12&rankRange=0-5000,2026-03-22T00:43:17Z
atp,2026-01-12,K0AB,A. Kalyanpur,Adil Kalyanpur,1368,5,https://www.atptour.com/en/rankings/singles?dateWeek=2026-01-12&rankRange=0-5000,2026-03-22T00:43:17Z
atp,2026-01-12,F0G5,A. Frusina,Alexander Frusina,1369,5,https://www.atptour.com/en/rankings/singles?dateWeek=2026-01-12&rankRange=0-5000,2026-03-22T00:43:17Z
atp,2026-01-12,M0U1,A. Milushev,Amir Milushev,1370,5,https://www.atptour.com/en/rankings/singles?dateWeek=2026-01-12&rankRange=0-5000,2026-03-22T00:43:17Z
atp,2026-01-12,C0RY,B. Chan,Bill Chan,1381,5,https://www.atptour.com/en/rankings/singles?dateWeek=2026-01-12&rankRange=0-5000,2026-03-22T00:43:17Z
atp,2026-01-12,G0C4,A. Gurmendi,Alexis Gurmendi,1384,5,https://www.atptour.com/en/rankings/singles?dateWeek=2026-01-12&rankRange=0-5000,2026-03-22T00:43:17Z
atp,2026-01-12,T0IX,Y. Taka,Yua Taka,1388,5,https://www.atptour.com/en/rankings/singles?dateWeek=2026-01-12&rankRange=0-5000,2026-03-22T00:43:17Z
atp,2026-01-12,V0J6,M. Visser,Mac Visser,1389,5,https://www.atptour.com/en/rankings/singles?dateWeek=2026-01-12&rankRange=0-5000,2026-03-22T00:43:17Z
atp,2026-01-12,W0D9,E. Werner,Elias Julian Werner,1394,5,https://www.atptour.com/en/rankings/singles?dateWeek=2026-01-12&rankRange=0-5000,2026-03-22T00:43:17Z
atp,2026-01-12,CF10,N. Chappell,Nick Chappell,1397,5,https://www.atptour.com/en/rankings/singles?dateWeek=2026-01-12&rankRange=0-5000,2026-03-22T00:43:17Z
atp,2026-01-12,A0IP,T. Avcibasi,Toprak Avcibasi,1400,5,https://www.atptour.com/en/rankings/singles?dateWeek=2026-01-12&rankRange=0-5000,2026-03-22T00:43:17Z
atp,2026-01-12,A0NU,R. Antoni,Richard Antoni,1401,5,https://www.atptour.com/en/rankings/singles?dateWeek=2026-01-12&rankRange=0-5000,2026-03-22T00:43:17Z
atp,2026-01-12,T0HS,P. Trochu,Pablo Trochu,1412,5,https://www.atptour.com/en/rankings/singles?dateWeek=2026-01-12&rankRange=0-5000,2026-03-22T00:43:17Z
atp,2026-01-12,K0NG,H. Koyama,Hiromasa Koyama,1413,5,https://www.atptour.com/en/rankings/singles?dateWeek=2026-01-12&rankRange=0-5000,2026-03-22T00:43:17Z
atp,2026-01-12,T0JM,L. Talan Lopatic,Luka Talan Lopatic,1414,5,https://www.atptour.com/en/rankings/singles?dateWeek=2026-01-12&rankRange=0-5000,2026-03-22T00:43:17Z
atp,2026-01-12,B0TF,A. Battiston,Alessandro Battiston,1415,5,https://www.atptour.com/en/rankings/singles?dateWeek=2026-01-12&rankRange=0-5000,2026-03-22T00:43:17Z
atp,2026-01-12,L0LJ,F. Livet Novkirichka,Ferdinand Livet Novkirichka,1416,5,https://www.atptour.com/en/rankings/singles?dateWeek=2026-01-12&rankRange=0-5000,2026-03-22T00:43:17Z
atp,2026-01-12,U0AC,D. Uta,Daniel Uta,1417,5,https://www.atptour.com/en/rankings/singles?dateWeek=2026-01-12&rankRange=0-5000,2026-03-22T00:43:17Z
atp,2026-01-12,T0B4,N. Tajima,Naoki Tajima,1418,5,https://www.atptour.com/en/rankings/singles?dateWeek=2026-01-12&rankRange=0-5000,2026-03-22T00:43:17Z
atp,2026-01-12,FB59,F. Ferrari,Francesco Ferrari,1419,5,https://www.atptour.com/en/rankings/singles?dateWeek=2026-01-12&rankRange=0-5000,2026-03-22T00:43:17Z
atp,2026-01-12,G0EI,M. Gloeckler,Michael Gloeckler,1420,5,https://www.atptour.com/en/rankings/singles?dateWeek=2026-01-12&rankRange=0-5000,2026-03-22T00:43:17Z
atp,2026-01-12,K0HE,I. Kountourakis,Ioannis Kountourakis,1421,5,https://www.atptour.com/en/rankings/singles?dateWeek=2026-01-12&rankRange=0-5000,2026-03-22T00:43:17Z
atp,2026-01-12,B0Q9,A. Bacaloni,Andrea Bacaloni,1422,5,https://www.atptour.com/en/rankings/singles?dateWeek=2026-01-12&rankRange=0-5000,2026-03-22T00:43:17Z
atp,2026-01-12,S0NY,G. Saritas,Gokberk Saritas,1425,5,https://www.atptour.com/en/rankings/singles?dateWeek=2026-01-12&rankRange=0-5000,2026-03-22T00:43:17Z
atp,2026-01-12,Z239,F. Zeballos,Federico Zeballos,1429,4,https://www.atptour.com/en/rankings/singles?dateWeek=2026-01-12&rankRange=0-5000,2026-03-22T00:43:17Z
atp,2026-01-12,C0RI,H. Car,Hugo Car,1430,4,https://www.atptour.com/en/rankings/singles?dateWeek=2026-01-12&rankRange=0-5000,2026-03-22T00:43:17Z
atp,2026-01-12,Y0AB,T. Yuzuki,Takeru Yuzuki,1431,4,https://www.atptour.com/en/rankings/singles?dateWeek=2026-01-12&rankRange=0-5000,2026-03-22T00:43:17Z
atp,2026-01-12,C0R0,C. Craig,Corey Craig,1438,4,https://www.atptour.com/en/rankings/singles?dateWeek=2026-01-12&rankRange=0-5000,2026-03-22T00:43:17Z
atp,2026-01-12,C0PC,J. Connel,James Connel,1439,4,https://www.atptour.com/en/rankings/singles?dateWeek=2026-01-12&rankRange=0-5000,2026-03-22T00:43:17Z
atp,2026-01-12,K0IV,M. Kudernatsch,Moritz Kudernatsch,1448,4,https://www.atptour.com/en/rankings/singles?dateWeek=2026-01-12&rankRange=0-5000,2026-03-22T00:43:17Z
atp,2026-01-12,L0FZ,V. Leote Prata,Vasco Leote Prata,1454,4,https://www.atptour.com/en/rankings/singles?dateWeek=2026-01-12&rankRange=0-5000,2026-03-22T00:43:17Z
atp,2026-01-12,R0B3,N. Rispoli,Nicola Rispoli,1458,4,https://www.atptour.com/en/rankings/singles?dateWeek=2026-01-12&rankRange=0-5000,2026-03-22T00:43:17Z
atp,2026-01-12,S19Y,Z. Stevens,Zane Stevens,1470,4,https://www.atptour.com/en/rankings/singles?dateWeek=2026-01-12&rankRange=0-5000,2026-03-22T00:43:17Z
atp,2026-01-12,P0Q2,X. Palomar,Xavi Palomar,1471,4,https://www.atptour.com/en/rankings/singles?dateWeek=2026-01-12&rankRange=0-5000,2026-03-22T00:43:17Z
atp,2026-01-12,A0NJ,G. Albieri,Gustavo Albieri,1472,4,https://www.atptour.com/en/rankings/singles?dateWeek=2026-01-12&rankRange=0-5000,2026-03-22T00:43:17Z
atp,2026-01-12,B0P5,V. Bazilevskiy,Vladimir Bazilevskiy,1473,4,https://www.atptour.com/en/rankings/singles?dateWeek=2026-01-12&rankRange=0-5000,2026-03-22T00:43:17Z
atp,2026-01-12,B0VY,A. Bellegy,Arthur Bellegy,1476,4,https://www.atptour.com/en/rankings/singles?dateWeek=2026-01-12&rankRange=0-5000,2026-03-22T00:43:17Z
atp,2026-01-12,Z0B7,R. Zusman,Richard Zusman,1486,4,https://www.atptour.com/en/rankings/singles?dateWeek=2026-01-12&rankRange=0-5000,2026-03-22T00:43:17Z
atp,2026-01-12,D0HB,M. De Boes,Maikel De Boes,1487,4,https://www.atptour.com/en/rankings/singles?dateWeek=2026-01-12&rankRange=0-5000,2026-03-22T00:43:17Z
atp,2026-01-12,B0V4,J. Bruce-Smith,Jack Bruce Smith,1493,4,https://www.atptour.com/en/rankings/singles?dateWeek=2026-01-12&rankRange=0-5000,2026-03-22T00:43:17Z
atp,2026-01-12,K0OB,R. Kharlamov,Roman Kharlamov,1504,4,https://www.atptour.com/en/rankings/singles?dateWeek=2026-01-12&rankRange=0-5000,2026-03-22T00:43:17Z
atp,2026-01-12,J0FN,F. Jiang,Fumin Jiang,1507,4,https://www.atptour.com/en/rankings/singles?dateWeek=2026-01-12&rankRange=0-5000,2026-03-22T00:43:17Z
atp,2026-01-12,MM78,J. Mridha,Jonathan Mridha,1508,4,https://www.atptour.com/en/rankings/singles?dateWeek=2026-01-12&rankRange=0-5000,2026-03-22T00:43:17Z
atp,2026-01-12,C0H9,C. Chaiyarin,Credit Chaiyarin,1509,4,https://www.atptour.com/en/rankings/singles?dateWeek=2026-01-12&rankRange=0-5000,2026-03-22T00:43:17Z
atp,2026-01-12,S0JK,Y. Smiej,Yassine Smiej,1510,4,https://www.atptour.com/en/rankings/singles?dateWeek=2026-01-12&rankRange=0-5000,2026-03-22T00:43:17Z
atp,2026-01-12,C0OI,C. Cordoba,Carles Cordoba,1511,4,https://www.atptour.com/en/rankings/singles?dateWeek=2026-01-12&rankRange=0-5000,2026-03-22T00:43:17Z
atp,2026-01-12,M0UQ,F. Mazzola,Filippo Mazzola,1512,4,https://www.atptour.com/en/rankings/singles?dateWeek=2026-01-12&rankRange=0-5000,2026-03-22T00:43:17Z
atp,2026-01-12,C0KE,M. Coman,Mihai Alexandru Coman,1513,4,https://www.atptour.com/en/rankings/singles?dateWeek=2026-01-12&rankRange=0-5000,2026-03-22T00:43:17Z
atp,2026-01-12,B0BJ,D. Batista,Daniel Batista,1514,4,https://www.atptour.com/en/rankings/singles?dateWeek=2026-01-12&rankRange=0-5000,2026-03-22T00:43:17Z
atp,2026-01-12,I0CD,Y. Ibraimi,Ymerali Ibraimi,1548,3,https://www.atptour.com/en/rankings/singles?dateWeek=2026-01-12&rankRange=0-5000,2026-03-22T00:43:17Z
atp,2026-01-12,P0F0,C. Papa,Christopher Papa,1609,3,https://www.atptour.com/en/rankings/singles?dateWeek=2026-01-12&rankRange=0-5000,2026-03-22T00:43:17Z
atp,2026-01-12,P0GD,R. Piatti,Rocco Piatti,1639,3,https://www.atptour.com/en/rankings/singles?dateWeek=2026-01-12&rankRange=0-5000,2026-03-22T00:43:17Z
atp,2026-01-12,D0NC,D. Domingos,Daniel Domingos,1642,3,https://www.atptour.com/en/rankings/singles?dateWeek=2026-01-12&rankRange=0-5000,2026-03-22T00:43:17Z
atp,2026-01-12,C0MV,J. Cizek,Jiri Cizek,1647,3,https://www.atptour.com/en/rankings/singles?dateWeek=2026-01-12&rankRange=0-5000,2026-03-22T00:43:17Z
atp,2026-01-12,B0M9,A. Bellifemine,Alessandro Bellifemine,1648,3,https://www.atptour.com/en/rankings/singles?dateWeek=2026-01-12&rankRange=0-5000,2026-03-22T00:43:17Z
atp,2026-01-12,D0C3,Z. Dong,Zhenxiong Dong,1651,3,https://www.atptour.com/en/rankings/singles?dateWeek=2026-01-12&rankRange=0-5000,2026-03-22T00:43:17Z
atp,2026-01-12,S0KH,J. Schifris,Jeremy Schifris,1654,3,https://www.atptour.com/en/rankings/singles?dateWeek=2026-01-12&rankRange=0-5000,2026-03-22T00:43:17Z
atp,2026-01-12,BM09,L. Bataljin,Lawrence Bataljin,1655,3,https://www.atptour.com/en/rankings/singles?dateWeek=2026-01-12&rankRange=0-5000,2026-03-22T00:43:17Z
atp,2026-01-12,P0HL,P. Pampanin,Pietro Pampanin,1827,2,https://www.atptour.com/en/rankings/singles?dateWeek=2026-01-12&rankRange=0-5000,2026-03-22T00:43:17Z
atp,2026-01-12,H0B3,L. Herman,Louis Herman,1831,2,https://www.atptour.com/en/rankings/singles?dateWeek=2026-01-12&rankRange=0-5000,2026-03-22T00:43:17Z
atp,2026-01-12,T0A0,S. Tang,Sheng Tang,1843,2,https://www.atptour.com/en/rankings/singles?dateWeek=2026-01-12&rankRange=0-5000,2026-03-22T00:43:17Z
atp,2026-01-12,A0E2,Carlos Alcaraz,Carlos Alcaraz,1,12050,https://www.atptour.com/en/rankings/singles?dateWeek=2026-01-12&rankRange=0-5000,2026-03-22T00:43:17Z
atp,2026-01-12,S0AG,Jannik Sinner,Jannik Sinner,2,11500,https://www.atptour.com/en/rankings/singles?dateWeek=2026-01-12&rankRange=0-5000,2026-03-22T00:43:17Z
atp,2026-01-12,Z355,Alexander Zverev,Alexander Zverev,3,5105,https://www.atptour.com/en/rankings/singles?dateWeek=2026-01-12&rankRange=0-5000,2026-03-22T00:43:17Z
atp,2026-01-12,D643,Novak Djokovic,Novak Djokovic,4,4780,https://www.atptour.com/en/rankings/singles?dateWeek=2026-01-12&rankRange=0-5000,2026-03-22T00:43:17Z
atp,2026-01-12,M0EJ,Lorenzo Musetti,Lorenzo Musetti,5,4105,https://www.atptour.com/en/rankings/singles?dateWeek=2026-01-12&rankRange=0-5000,2026-03-22T00:43:17Z
atp,2026-01-12,DH58,Alex de Minaur,Alex De Minaur,6,4080,https://www.atptour.com/en/rankings/singles?dateWeek=2026-01-12&rankRange=0-5000,2026-03-22T00:43:17Z
atp,2026-01-12,AG37,Felix Auger-Aliassime,Felix Auger Aliassime,7,3990,https://www.atptour.com/en/rankings/singles?dateWeek=2026-01-12&rankRange=0-5000,2026-03-22T00:43:17Z
atp,2026-01-12,S0S1,Ben Shelton,Ben Shelton,8,3960,https://www.atptour.com/en/rankings/singles?dateWeek=2026-01-12&rankRange=0-5000,2026-03-22T00:43:17Z
atp,2026-01-12,FB98,Taylor Fritz,Taylor Fritz,9,3840,https://www.atptour.com/en/rankings/singles?dateWeek=2026-01-12&rankRange=0-5000,2026-03-22T00:43:17Z
atp,2026-01-12,BK92,Alexander Bublik,Alexander Bublik,10,3065,https://www.atptour.com/en/rankings/singles?dateWeek=2026-01-12&rankRange=0-5000,2026-03-22T00:43:17Z
atp,2026-01-12,D0CO,Jack Draper,Jack Draper,11,2990,https://www.atptour.com/en/rankings/singles?dateWeek=2026-01-12&rankRange=0-5000,2026-03-22T00:43:17Z
atp,2026-01-12,MM58,Daniil Medvedev,Daniil Medvedev,12,2910,https://www.atptour.com/en/rankings/singles?dateWeek=2026-01-12&rankRange=0-5000,2026-03-22T00:43:17Z
atp,2026-01-12,RH16,Casper Ruud,Casper Ruud,13,2795,https://www.atptour.com/en/rankings/singles?dateWeek=2026-01-12&rankRange=0-5000,2026-03-22T00:43:17Z
atp,2026-01-12,RE44,Andrey Rublev,Andrey Rublev,14,2600,https://www.atptour.com/en/rankings/singles?dateWeek=2026-01-12&rankRange=0-5000,2026-03-22T00:43:17Z
atp,2026-01-12,DH50,Alejandro Davidovich Fokina,Alejandro Davidovich Fokina,15,2585,https://www.atptour.com/en/rankings/singles?dateWeek=2026-01-12&rankRange=0-5000,2026-03-22T00:43:17Z
atp,2026-01-12,R0DG,Holger Rune,Holger Rune,16,2580,https://www.atptour.com/en/rankings/singles?dateWeek=2026-01-12&rankRange=0-5000,2026-03-22T00:43:17Z
atp,2026-01-12,KE29,Karen Khachanov,Karen Khachanov,17,2320,https://www.atptour.com/en/rankings/singles?dateWeek=2026-01-12&rankRange=0-5000,2026-03-22T00:43:17Z
atp,2026-01-12,M0NI,Jakub Mensik,Jakub Mensik,18,2125,https://www.atptour.com/en/rankings/singles?dateWeek=2026-01-12&rankRange=0-5000,2026-03-22T00:43:17Z
atp,2026-01-12,L0BV,Jiri Lehecka,Jiri Lehecka,19,2090,https://www.atptour.com/en/rankings/singles?dateWeek=2026-01-12&rankRange=0-5000,2026-03-22T00:43:17Z
atp,2026-01-12,C0AU,Francisco Cerundolo,Francisco Cerundolo,20,2035,https://www.atptour.com/en/rankings/singles?dateWeek=2026-01-12&rankRange=0-5000,2026-03-22T00:43:17Z
atp,2026-01-12,PL56,Tommy Paul,Tommy Paul,21,2000,https://www.atptour.com/en/rankings/singles?dateWeek=2026-01-12&rankRange=0-5000,2026-03-22T00:43:17Z
atp,2026-01-12,C0E9,Flavio Cobolli,Flavio Cobolli,22,1955,https://www.atptour.com/en/rankings/singles?dateWeek=2026-01-12&rankRange=0-5000,2026-03-22T00:43:17Z
atp,2026-01-12,SU55,Denis Shapovalov,Denis Shapovalov,23,1650,https://www.atptour.com/en/rankings/singles?dateWeek=2026-01-12&rankRange=0-5000,2026-03-22T00:43:17Z
atp,2026-01-12,D0FJ,Luciano Darderi,Luciano Darderi,24,1579,https://www.atptour.com/en/rankings/singles?dateWeek=2026-01-12&rankRange=0-5000,2026-03-22T00:43:17Z
atp,2026-01-12,GJ37,Tallon Griekspoor,Tallon Griekspoor,25,1565,https://www.atptour.com/en/rankings/singles?dateWeek=2026-01-12&rankRange=0-5000,2026-03-22T00:43:17Z
atp,2026-01-12,RC91,Arthur Rinderknech,Arthur Rinderknech,26,1551,https://www.atptour.com/en/rankings/singles?dateWeek=2026-01-12&rankRange=0-5000,2026-03-22T00:43:17Z
atp,2026-01-12,T0HA,Learner Tien,Learner Tien,27,1540,https://www.atptour.com/en/rankings/singles?dateWeek=2026-01-12&rankRange=0-5000,2026-03-22T00:43:17Z
atp,2026-01-12,N771,Cameron Norrie,Cameron Norrie,28,1538,https://www.atptour.com/en/rankings/singles?dateWeek=2026-01-12&rankRange=0-5000,2026-03-22T00:43:17Z
atp,2026-01-12,N0AE,Brandon Nakashima,Brandon Nakashima,29,1535,https://www.atptour.com/en/rankings/singles?dateWeek=2026-01-12&rankRange=0-5000,2026-03-22T00:43:17Z
atp,2026-01-12,F0FV,Joao Fonseca,Joao Fonseca,30,1510,https://www.atptour.com/en/rankings/singles?dateWeek=2026-01-12&rankRange=0-5000,2026-03-22T00:43:17Z
atp,2026-01-12,TD51,Frances Tiafoe,Frances Tiafoe,31,1500,https://www.atptour.com/en/rankings/singles?dateWeek=2026-01-12&rankRange=0-5000,2026-03-22T00:43:17Z
atp,2026-01-12,VA25,Valentin Vacherot,Valentin Vacherot,32,1469,https://www.atptour.com/en/rankings/singles?dateWeek=2026-01-12&rankRange=0-5000,2026-03-22T00:43:17Z
atp,2026-01-12,TE51,Stefanos Tsitsipas,Stefanos Tsitsipas,33,1455,https://www.atptour.com/en/rankings/singles?dateWeek=2026-01-12&rankRange=0-5000,2026-03-22T00:43:17Z
atp,2026-01-12,MW02,Corentin Moutet,Corentin Moutet,34,1383,https://www.atptour.com/en/rankings/singles?dateWeek=2026-01-12&rankRange=0-5000,2026-03-22T00:43:17Z
atp,2026-01-12,M0FH,Tomas Machac,Tomas Machac,35,1360,https://www.atptour.com/en/rankings/singles?dateWeek=2026-01-12&rankRange=0-5000,2026-03-22T00:43:17Z
atp,2026-01-12,HH26,Ugo Humbert,Ugo Humbert,36,1355,https://www.atptour.com/en/rankings/singles?dateWeek=2026-01-12&rankRange=0-5000,2026-03-22T00:43:17Z
atp,2026-01-12,M0QI,Alex Michelsen,Alex Michelsen,37,1350,https://www.atptour.com/en/rankings/singles?dateWeek=2026-01-12&rankRange=0-5000,2026-03-22T00:43:17Z
atp,2026-01-12,MU94,Jaume Munar,Jaume Munar,38,1295,https://www.atptour.com/en/rankings/singles?dateWeek=2026-01-12&rankRange=0-5000,2026-03-22T00:43:17Z
atp,2026-01-12,B0BI,Sebastian Baez,Sebastian Baez,39,1250,https://www.atptour.com/en/rankings/singles?dateWeek=2026-01-12&rankRange=0-5000,2026-03-22T00:43:17Z
atp,2026-01-12,SU87,Lorenzo Sonego,Lorenzo Sonego,40,1240,https://www.atptour.com/en/rankings/singles?dateWeek=2026-01-12&rankRange=0-5000,2026-03-22T00:43:17Z
atp,2026-01-12,D0F6,Gabriel Diallo,Gabriel Diallo,41,1215,https://www.atptour.com/en/rankings/singles?dateWeek=2026-01-12&rankRange=0-5000,2026-03-22T00:43:17Z
atp,2026-01-12,F0F1,Arthur Fils,Arthur Fils,42,1210,https://www.atptour.com/en/rankings/singles?dateWeek=2026-01-12&rankRange=0-5000,2026-03-22T00:43:17Z
atp,2026-01-12,BU13,Zizou Bergs,Zizou Bergs,43,1170,https://www.atptour.com/en/rankings/singles?dateWeek=2026-01-12&rankRange=0-5000,2026-03-22T00:43:17Z
atp,2026-01-12,AE14,Daniel Altmaier,Daniel Altmaier,44,1123,https://www.atptour.com/en/rankings/singles?dateWeek=2026-01-12&rankRange=0-5000,2026-03-22T00:43:17Z
atp,2026-01-12,D875,Grigor Dimitrov,Grigor Dimitrov,45,1105,https://www.atptour.com/en/rankings/singles?dateWeek=2026-01-12&rankRange=0-5000,2026-03-22T00:43:17Z
atp,2026-01-12,BT72,Nuno Borges,Nuno Borges,46,1070,https://www.atptour.com/en/rankings/singles?dateWeek=2026-01-12&rankRange=0-5000,2026-03-22T00:43:17Z
atp,2026-01-12,U182,Camilo Ugo Carabelli,Camilo Ugo Carabelli,47,1028,https://www.atptour.com/en/rankings/singles?dateWeek=2026-01-12&rankRange=0-5000,2026-03-22T00:43:17Z
atp,2026-01-12,B0CD,Jenson Brooksby,Jenson Brooksby,48,1017,https://www.atptour.com/en/rankings/singles?dateWeek=2026-01-12&rankRange=0-5000,2026-03-22T00:43:17Z
atp,2026-01-12,P09Z,Alexei Popyrin,Alexei Popyrin,49,1000,https://www.atptour.com/en/rankings/singles?dateWeek=2026-01-12&rankRange=0-5000,2026-03-22T00:43:17Z
atp,2026-01-12,MP20,Alexandre Muller,Alexandre Muller,50,980,https://www.atptour.com/en/rankings/singles?dateWeek=2026-01-12&rankRange=0-5000,2026-03-22T00:43:17Z
atp,2026-01-12,K0AH,Sebastian Korda,Sebastian Korda,51,975,https://www.atptour.com/en/rankings/singles?dateWeek=2026-01-12&rankRange=0-5000,2026-03-22T00:43:17Z
atp,2026-01-12,M0CI,Fabian Marozsan,Fabian Marozsan,52,975,https://www.atptour.com/en/rankings/singles?dateWeek=2026-01-12&rankRange=0-5000,2026-03-22T00:43:17Z
atp,2026-01-12,HB71,Hubert Hurkacz,Hubert Hurkacz,53,965,https://www.atptour.com/en/rankings/singles?dateWeek=2026-01-12&rankRange=0-5000,2026-03-22T00:43:17Z
atp,2026-01-12,K0AZ,Aleksandar Kovacevic,Aleksandar Kovacevic,54,964,https://www.atptour.com/en/rankings/singles?dateWeek=2026-01-12&rankRange=0-5000,2026-03-22T00:43:17Z
atp,2026-01-12,F724,Marton Fucsovics,Marton Fucsovics,55,949,https://www.atptour.com/en/rankings/singles?dateWeek=2026-01-12&rankRange=0-5000,2026-03-22T00:43:17Z
atp,2026-01-12,BK40,Matteo Berrettini,Matteo Berrettini,56,945,https://www.atptour.com/en/rankings/singles?dateWeek=2026-01-12&rankRange=0-5000,2026-03-22T00:43:17Z
atp,2026-01-12,R0EB,Valentin Royer,Valentin Royer,57,924,https://www.atptour.com/en/rankings/singles?dateWeek=2026-01-12&rankRange=0-5000,2026-03-22T00:43:17Z
atp,2026-01-12,MQ75,Kamil Majchrzak,Kamil Majchrzak,58,918,https://www.atptour.com/en/rankings/singles?dateWeek=2026-01-12&rankRange=0-5000,2026-03-22T00:43:17Z
atp,2026-01-12,KI95,Miomir Kecmanovic,Miomir Kecmanovic,59,910,https://www.atptour.com/en/rankings/singles?dateWeek=2026-01-12&rankRange=0-5000,2026-03-22T00:43:17Z
atp,2026-01-12,GC88,Marcos Giron,Marcos Giron,60,895,https://www.atptour.com/en/rankings/singles?dateWeek=2026-01-12&rankRange=0-5000,2026-03-22T00:43:17Z
atp,2026-01-12,EA24,Tomas Martin Etcheverry,Tomas Martin Etcheverry,61,895,https://www.atptour.com/en/rankings/singles?dateWeek=2026-01-12&rankRange=0-5000,2026-03-22T00:43:17Z
atp,2026-01-12,O522,Reilly Opelka,Reilly Opelka,62,873,https://www.atptour.com/en/rankings/singles?dateWeek=2026-01-12&rankRange=0-5000,2026-03-22T00:43:17Z
atp,2026-01-12,M0GZ,Giovanni Mpetshi Perricard,Giovanni Mpetshi Perricard,63,865,https://www.atptour.com/en/rankings/singles?dateWeek=2026-01-12&rankRange=0-5000,2026-03-22T00:43:17Z
atp,2026-01-12,A0GC,Terence Atmane,Terence Atmane,64,862,https://www.atptour.com/en/rankings/singles?dateWeek=2026-01-12&rankRange=0-5000,2026-03-22T00:43:17Z
atp,2026-01-12,A0FC,Matteo Arnaldi,Matteo Arnaldi,65,858,https://www.atptour.com/en/rankings/singles?dateWeek=2026-01-12&rankRange=0-5000,2026-03-22T00:43:17Z
atp,2026-01-12,D923,Damir Dzumhur,Damir Dzumhur,66,837,https://www.atptour.com/en/rankings/singles?dateWeek=2026-01-12&rankRange=0-5000,2026-03-22T00:43:17Z
atp,2026-01-12,C0H0,Arthur Cazaux,Arthur Cazaux,67,830,https://www.atptour.com/en/rankings/singles?dateWeek=2026-01-12&rankRange=0-5000,2026-03-22T00:43:17Z
atp,2026-01-12,C0DF,Francisco Comesana,Francisco Comesana,68,829,https://www.atptour.com/en/rankings/singles?dateWeek=2026-01-12&rankRange=0-5000,2026-03-22T00:43:17Z
atp,2026-01-12,ME82,Adrian Mannarino,Adrian Mannarino,69,810,https://www.atptour.com/en/rankings/singles?dateWeek=2026-01-12&rankRange=0-5000,2026-03-22T00:43:17Z
atp,2026-01-12,C977,Marin Cilic,Marin Cilic,70,790,https://www.atptour.com/en/rankings/singles?dateWeek=2026-01-12&rankRange=0-5000,2026-03-22T00:43:17Z
atp,2026-01-12,MO44,Pedro Martinez,Pedro Martinez,71,768,https://www.atptour.com/en/rankings/singles?dateWeek=2026-01-12&rankRange=0-5000,2026-03-22T00:43:17Z
atp,2026-01-12,C0JP,Raphael Collignon,Raphael Collignon,72,767,https://www.atptour.com/en/rankings/singles?dateWeek=2026-01-12&rankRange=0-5000,2026-03-22T00:43:17Z
atp,2026-01-12,D0C1,Jesper de Jong,Jesper De Jong,73,763,https://www.atptour.com/en/rankings/singles?dateWeek=2026-01-12&rankRange=0-5000,2026-03-22T00:43:17Z
atp,2026-01-12,N0BS,Mariano Navone,Mariano Navone,74,760,https://www.atptour.com/en/rankings/singles?dateWeek=2026-01-12&rankRange=0-5000,2026-03-22T00:43:17Z
atp,2026-01-12,V812,Botic van de Zandschulp,Botic Van De Zandschulp,75,759,https://www.atptour.com/en/rankings/singles?dateWeek=2026-01-12&rankRange=0-5000,2026-03-22T00:43:17Z
atp,2026-01-12,B0GG,Mattia Bellucci,Mattia Bellucci,76,758,https://www.atptour.com/en/rankings/singles?dateWeek=2026-01-12&rankRange=0-5000,2026-03-22T00:43:17Z
atp,2026-01-12,F0BY,Jacob Fearnley,Jacob Fearnley,77,752,https://www.atptour.com/en/rankings/singles?dateWeek=2026-01-12&rankRange=0-5000,2026-03-22T00:43:17Z
atp,2026-01-12,Q02L,Ethan Quinn,Ethan Quinn,78,733,https://www.atptour.com/en/rankings/singles?dateWeek=2026-01-12&rankRange=0-5000,2026-03-22T00:43:17Z
atp,2026-01-12,W09E,Adam Walton,Adam Walton,79,727,https://www.atptour.com/en/rankings/singles?dateWeek=2026-01-12&rankRange=0-5000,2026-03-22T00:43:17Z
atp,2026-01-12,GD64,Cristian Garin,Cristian Garin,80,726,https://www.atptour.com/en/rankings/singles?dateWeek=2026-01-12&rankRange=0-5000,2026-03-22T00:43:17Z
atp,2026-01-12,TE30,Alejandro Tabilo,Alejandro Tabilo,81,722,https://www.atptour.com/en/rankings/singles?dateWeek=2026-01-12&rankRange=0-5000,2026-03-22T00:43:17Z
atp,2026-01-12,M0JZ,Filip Misolic,Filip Misolic,82,720,https://www.atptour.com/en/rankings/singles?dateWeek=2026-01-12&rankRange=0-5000,2026-03-22T00:43:17Z
atp,2026-01-12,C0C8,Juan Manuel Cerundolo,Juan Manuel Cerundolo,83,700,https://www.atptour.com/en/rankings/singles?dateWeek=2026-01-12&rankRange=0-5000,2026-03-22T00:43:17Z
atp,2026-01-12,SL28,Jan-Lennard Struff,Jan Lennard Struff,84,699,https://www.atptour.com/en/rankings/singles?dateWeek=2026-01-12&rankRange=0-5000,2026-03-22T00:43:17Z
atp,2026-01-12,HB64,Quentin Halys,Quentin Halys,85,697,https://www.atptour.com/en/rankings/singles?dateWeek=2026-01-12&rankRange=0-5000,2026-03-22T00:43:17Z
atp,2026-01-12,D994,James Duckworth,James Duckworth,86,694,https://www.atptour.com/en/rankings/singles?dateWeek=2026-01-12&rankRange=0-5000,2026-03-22T00:43:17Z
atp,2026-01-12,V832,Aleksandar Vukic,Aleksandar Vukic,87,693,https://www.atptour.com/en/rankings/singles?dateWeek=2026-01-12&rankRange=0-5000,2026-03-22T00:43:17Z
atp,2026-01-12,N0AM,Emilio Nava,Emilio Nava,88,677,https://www.atptour.com/en/rankings/singles?dateWeek=2026-01-12&rankRange=0-5000,2026-03-22T00:43:17Z
atp,2026-01-12,S0JA,Eliot Spizzirri,Eliot Spizzirri,89,672,https://www.atptour.com/en/rankings/singles?dateWeek=2026-01-12&rankRange=0-5000,2026-03-22T00:43:17Z
atp,2026-01-12,BD06,Roberto Bautista Agut,Roberto Bautista Agut,90,670,https://www.atptour.com/en/rankings/singles?dateWeek=2026-01-12&rankRange=0-5000,2026-03-22T00:43:17Z
atp,2026-01-12,DB63,Laslo Djere,Laslo Djere,91,659,https://www.atptour.com/en/rankings/singles?dateWeek=2026-01-12&rankRange=0-5000,2026-03-22T00:43:17Z
atp,2026-01-12,CD85,Pablo Carreno Busta,Pablo Carreno Busta,92,656,https://www.atptour.com/en/rankings/singles?dateWeek=2026-01-12&rankRange=0-5000,2026-03-22T00:43:17Z
atp,2026-01-12,S0GD,Dalibor Svrcina,Dalibor Svrcina,93,655,https://www.atptour.com/en/rankings/singles?dateWeek=2026-01-12&rankRange=0-5000,2026-03-22T00:43:17Z
atp,2026-01-12,G09O,Hugo Gaston,Hugo Gaston,94,653,https://www.atptour.com/en/rankings/singles?dateWeek=2026-01-12&rankRange=0-5000,2026-03-22T00:43:17Z
atp,2026-01-12,B0PG,Alexander Blockx,Alexander Blockx,95,653,https://www.atptour.com/en/rankings/singles?dateWeek=2026-01-12&rankRange=0-5000,2026-03-22T00:43:17Z
atp,2026-01-12,M0JF,Hamad Medjedovic,Hamad Medjedovic,96,643,https://www.atptour.com/en/rankings/singles?dateWeek=2026-01-12&rankRange=0-5000,2026-03-22T00:43:17Z
atp,2026-01-12,S0N0,Tristan Schoolkate,Tristan Schoolkate,97,641,https://www.atptour.com/en/rankings/singles?dateWeek=2026-01-12&rankRange=0-5000,2026-03-22T00:43:17Z
atp,2026-01-12,TE16,Carlos Taberner,Carlos Taberner,98,630,https://www.atptour.com/en/rankings/singles?dateWeek=2026-01-12&rankRange=0-5000,2026-03-22T00:43:17Z
atp,2026-01-12,B0ID,Ignacio Buse,Ignacio Buse,99,627,https://www.atptour.com/en/rankings/singles?dateWeek=2026-01-12&rankRange=0-5000,2026-03-22T00:43:17Z
atp,2026-01-12,KI82,Vit Kopriva,Vit Kopriva,100,626,https://www.atptour.com/en/rankings/singles?dateWeek=2026-01-12&rankRange=0-5000,2026-03-22T00:43:17Z
atp,2026-01-12,H997,Yannick Hanfmann,Yannick Hanfmann,101,611,https://www.atptour.com/en/rankings/singles?dateWeek=2026-01-12&rankRange=0-5000,2026-03-22T00:43:17Z
atp,2026-01-12,T0A1,Thiago Agustin Tirante,Thiago Agustin Tirante,102,605,https://www.atptour.com/en/rankings/singles?dateWeek=2026-01-12&rankRange=0-5000,2026-03-22T00:43:17Z
atp,2026-01-12,B0FV,Roman Andres Burruchaga,Roman Andres Burruchaga,103,604,https://www.atptour.com/en/rankings/singles?dateWeek=2026-01-12&rankRange=0-5000,2026-03-22T00:43:17Z
atp,2026-01-12,S0H2,Alexander Shevchenko,Alexander Shevchenko,104,597,https://www.atptour.com/en/rankings/singles?dateWeek=2026-01-12&rankRange=0-5000,2026-03-22T00:43:17Z
atp,2026-01-12,BG23,Nikoloz Basilashvili,Nikoloz Basilashvili,105,573,https://www.atptour.com/en/rankings/singles?dateWeek=2026-01-12&rankRange=0-5000,2026-03-22T00:43:17Z
atp,2026-01-12,BM95,Benjamin Bonzi,Benjamin Bonzi,106,566,https://www.atptour.com/en/rankings/singles?dateWeek=2026-01-12&rankRange=0-5000,2026-03-22T00:43:17Z
atp,2026-01-12,BS86,Tomas Barrios Vera,Tomas Barrios Vera,107,565,https://www.atptour.com/en/rankings/singles?dateWeek=2026-01-12&rankRange=0-5000,2026-03-22T00:43:17Z
atp,2026-01-12,N0BG,Luca Nardi,Luca Nardi,108,561,https://www.atptour.com/en/rankings/singles?dateWeek=2026-01-12&rankRange=0-5000,2026-03-22T00:43:17Z
atp,2026-01-12,H09P,Brandon Holt,Brandon Holt,109,553,https://www.atptour.com/en/rankings/singles?dateWeek=2026-01-12&rankRange=0-5000,2026-03-22T00:43:17Z
atp,2026-01-12,MC65,Gael Monfils,Gael Monfils,110,550,https://www.atptour.com/en/rankings/singles?dateWeek=2026-01-12&rankRange=0-5000,2026-03-22T00:43:17Z
atp,2026-01-12,TC61,Jordan Thompson,Jordan Thompson,111,548,https://www.atptour.com/en/rankings/singles?dateWeek=2026-01-12&rankRange=0-5000,2026-03-22T00:43:17Z
atp,2026-01-12,M0HU,Shintaro Mochizuki,Shintaro Mochizuki,112,547,https://www.atptour.com/en/rankings/singles?dateWeek=2026-01-12&rankRange=0-5000,2026-03-22T00:43:17Z
atp,2026-01-12,MK66,Mackenzie McDonald,Mackenzie Mcdonald,113,546,https://www.atptour.com/en/rankings/singles?dateWeek=2026-01-12&rankRange=0-5000,2026-03-22T00:43:17Z
atp,2026-01-12,N732,Yoshihito Nishioka,Yoshihito Nishioka,114,528,https://www.atptour.com/en/rankings/singles?dateWeek=2026-01-12&rankRange=0-5000,2026-03-22T00:43:17Z
atp,2026-01-12,H0BH,Rinky Hijikata,Rinky Hijikata,115,527,https://www.atptour.com/en/rankings/singles?dateWeek=2026-01-12&rankRange=0-5000,2026-03-22T00:43:17Z
atp,2026-01-12,K0A3,Patrick Kypson,Patrick Kypson,116,527,https://www.atptour.com/en/rankings/singles?dateWeek=2026-01-12&rankRange=0-5000,2026-03-22T00:43:17Z
atp,2026-01-12,GB88,David Goffin,David Goffin,117,525,https://www.atptour.com/en/rankings/singles?dateWeek=2026-01-12&rankRange=0-5000,2026-03-22T00:43:17Z
atp,2026-01-12,O483,Christopher O'Connell,Christopher O'connell,118,521,https://www.atptour.com/en/rankings/singles?dateWeek=2026-01-12&rankRange=0-5000,2026-03-22T00:43:17Z
atp,2026-01-12,M0K4,Elmer Moller,Elmer Moller,119,517,https://www.atptour.com/en/rankings/singles?dateWeek=2026-01-12&rankRange=0-5000,2026-03-22T00:43:17Z
atp,2026-01-12,Y09V,Yunchaokete Bu,Yunchaokete Bu,120,499,https://www.atptour.com/en/rankings/singles?dateWeek=2026-01-12&rankRange=0-5000,2026-03-22T00:43:17Z
atp,2026-01-12,HD68,Billy Harris,Billy Harris,121,499,https://www.atptour.com/en/rankings/singles?dateWeek=2026-01-12&rankRange=0-5000,2026-03-22T00:43:17Z
atp,2026-01-12,T0AP,Chun-Hsin Tseng,Chun Hsin Tseng,122,498,https://www.atptour.com/en/rankings/singles?dateWeek=2026-01-12&rankRange=0-5000,2026-03-22T00:43:17Z
atp,2026-01-12,CG80,Borna Coric,Borna Coric,123,498,https://www.atptour.com/en/rankings/singles?dateWeek=2026-01-12&rankRange=0-5000,2026-03-22T00:43:17Z
atp,2026-01-12,CH12,Jan Choinski,Jan Choinski,124,498,https://www.atptour.com/en/rankings/singles?dateWeek=2026-01-12&rankRange=0-5000,2026-03-22T00:43:17Z
atp,2026-01-12,L987,Dusan Lajovic,Dusan Lajovic,125,497,https://www.atptour.com/en/rankings/singles?dateWeek=2026-01-12&rankRange=0-5000,2026-03-22T00:43:17Z
atp,2026-01-12,V0AM,Otto Virtanen,Otto Virtanen,126,488,https://www.atptour.com/en/rankings/singles?dateWeek=2026-01-12&rankRange=0-5000,2026-03-22T00:43:17Z
atp,2026-01-12,P0HW,Dino Prizmic,Dino Prizmic,127,481,https://www.atptour.com/en/rankings/singles?dateWeek=2026-01-12&rankRange=0-5000,2026-03-22T00:43:17Z
atp,2026-01-12,J0AZ,Kyrian Jacquet,Kyrian Jacquet,128,477,https://www.atptour.com/en/rankings/singles?dateWeek=2026-01-12&rankRange=0-5000,2026-03-22T00:43:17Z
atp,2026-01-12,G0FW,Vilius Gaubas,Vilius Gaubas,129,469,https://www.atptour.com/en/rankings/singles?dateWeek=2026-01-12&rankRange=0-5000,2026-03-22T00:43:17Z
atp,2026-01-12,TA29,Marco Trungelliti,Marco Trungelliti,130,468,https://www.atptour.com/en/rankings/singles?dateWeek=2026-01-12&rankRange=0-5000,2026-03-22T00:43:17Z
atp,2026-01-12,O513,Sebastian Ofner,Sebastian Ofner,131,463,https://www.atptour.com/en/rankings/singles?dateWeek=2026-01-12&rankRange=0-5000,2026-03-22T00:43:17Z
atp,2026-01-12,W0BH,Coleman Wong,Coleman Wong,132,456,https://www.atptour.com/en/rankings/singles?dateWeek=2026-01-12&rankRange=0-5000,2026-03-22T00:43:17Z
atp,2026-01-12,J551,Nicolas Jarry,Nicolas Jarry,133,451,https://www.atptour.com/en/rankings/singles?dateWeek=2026-01-12&rankRange=0-5000,2026-03-22T00:43:17Z
atp,2026-01-12,EA13,Moez Echargui,Moez Echargui,134,448,https://www.atptour.com/en/rankings/singles?dateWeek=2026-01-12&rankRange=0-5000,2026-03-22T00:43:17Z
atp,2026-01-12,B0U4,Nicolai Budkov Kjaer,Nicolai Budkov Kjaer,135,446,https://www.atptour.com/en/rankings/singles?dateWeek=2026-01-12&rankRange=0-5000,2026-03-22T00:43:17Z
atp,2026-01-12,KI63,Lukas Klein,Lukas Klein,136,444,https://www.atptour.com/en/rankings/singles?dateWeek=2026-01-12&rankRange=0-5000,2026-03-22T00:43:17Z
atp,2026-01-12,DA31,Hugo Dellien,Hugo Dellien,137,438,https://www.atptour.com/en/rankings/singles?dateWeek=2026-01-12&rankRange=0-5000,2026-03-22T00:43:17Z
atp,2026-01-12,PH64,Andrea Pellegrino,Andrea Pellegrino,138,438,https://www.atptour.com/en/rankings/singles?dateWeek=2026-01-12&rankRange=0-5000,2026-03-22T00:43:17Z
atp,2026-01-12,W367,Stan Wawrinka,Stan Wawrinka,139,437,https://www.atptour.com/en/rankings/singles?dateWeek=2026-01-12&rankRange=0-5000,2026-03-22T00:43:17Z
atp,2026-01-12,P0CT,Francesco Passaro,Francesco Passaro,140,436,https://www.atptour.com/en/rankings/singles?dateWeek=2026-01-12&rankRange=0-5000,2026-03-22T00:43:17Z
atp,2026-01-12,M0IF,Francesco Maestrelli,Francesco Maestrelli,141,436,https://www.atptour.com/en/rankings/singles?dateWeek=2026-01-12&rankRange=0-5000,2026-03-22T00:43:17Z
atp,2026-01-12,BV16,Ugo Blanchet,Ugo Blanchet,142,435,https://www.atptour.com/en/rankings/singles?dateWeek=2026-01-12&rankRange=0-5000,2026-03-22T00:43:17Z
atp,2026-01-12,S0K7,Zachary Svajda,Zachary Svajda,143,431,https://www.atptour.com/en/rankings/singles?dateWeek=2026-01-12&rankRange=0-5000,2026-03-22T00:43:17Z
atp,2026-01-12,SY67,Sho Shimabukuro,Sho Shimabukuro,144,430,https://www.atptour.com/en/rankings/singles?dateWeek=2026-01-12&rankRange=0-5000,2026-03-22T00:43:17Z
atp,2026-01-12,D0DP,Liam Draxl,Liam Draxl,145,429,https://www.atptour.com/en/rankings/singles?dateWeek=2026-01-12&rankRange=0-5000,2026-03-22T00:43:17Z
atp,2026-01-12,V0DP,Adolfo Daniel Vallejo,Adolfo Daniel Vallejo,146,428,https://www.atptour.com/en/rankings/singles?dateWeek=2026-01-12&rankRange=0-5000,2026-03-22T00:43:17Z
atp,2026-01-12,CF59,Roberto Carballes Baena,Roberto Carballes Baena,147,427,https://www.atptour.com/en/rankings/singles?dateWeek=2026-01-12&rankRange=0-5000,2026-03-22T00:43:17Z
atp,2026-01-12,S0ZE,Colton Smith,Colton Smith,148,424,https://www.atptour.com/en/rankings/singles?dateWeek=2026-01-12&rankRange=0-5000,2026-03-22T00:43:17Z
atp,2026-01-12,L0IL,Martin Landaluce,Martin Landaluce,149,420,https://www.atptour.com/en/rankings/singles?dateWeek=2026-01-12&rankRange=0-5000,2026-03-22T00:43:17Z
atp,2026-01-12,J0DZ,Rafael Jodar,Rafael Jodar,150,418,https://www.atptour.com/en/rankings/singles?dateWeek=2026-01-12&rankRange=0-5000,2026-03-22T00:43:17Z
atp,2026-01-12,F0F2,Jaime Faria,Jaime Faria,151,413,https://www.atptour.com/en/rankings/singles?dateWeek=2026-01-12&rankRange=0-5000,2026-03-22T00:43:17Z
atp,2026-01-12,G0GD,Matteo Gigante,Matteo Gigante,152,407,https://www.atptour.com/en/rankings/singles?dateWeek=2026-01-12&rankRange=0-5000,2026-03-22T00:43:17Z
atp,2026-01-12,L0GH,Mark Lajal,Mark Lajal,153,407,https://www.atptour.com/en/rankings/singles?dateWeek=2026-01-12&rankRange=0-5000,2026-03-22T00:43:17Z
atp,2026-01-12,GE33,Daniel Elahi Galan,Daniel Elahi Galan,154,405,https://www.atptour.com/en/rankings/singles?dateWeek=2026-01-12&rankRange=0-5000,2026-03-22T00:43:17Z
atp,2026-01-12,D0DW,Titouan Droguet,Titouan Droguet,155,404,https://www.atptour.com/en/rankings/singles?dateWeek=2026-01-12&rankRange=0-5000,2026-03-22T00:43:17Z
atp,2026-01-12,Z0A1,Giulio Zeppieri,Giulio Zeppieri,156,402,https://www.atptour.com/en/rankings/singles?dateWeek=2026-01-12&rankRange=0-5000,2026-03-22T00:43:17Z
atp,2026-01-12,H996,Pierre-Hugues Herbert,Pierre Hugues Herbert,157,399,https://www.atptour.com/en/rankings/singles?dateWeek=2026-01-12&rankRange=0-5000,2026-03-22T00:43:17Z
atp,2026-01-12,R0GO,Henrique Rocha,Henrique Rocha,158,394,https://www.atptour.com/en/rankings/singles?dateWeek=2026-01-12&rankRange=0-5000,2026-03-22T00:43:17Z
atp,2026-01-12,M0G4,Harold Mayot,Harold Mayot,159,380,https://www.atptour.com/en/rankings/singles?dateWeek=2026-01-12&rankRange=0-5000,2026-03-22T00:43:17Z
atp,2026-01-12,D0H9,Guy Den Ouden,Guy Den Ouden,160,372,https://www.atptour.com/en/rankings/singles?dateWeek=2026-01-12&rankRange=0-5000,2026-03-22T00:43:17Z
atp,2026-01-12,FA43,Juan Pablo Ficovich,Juan Pablo Ficovich,161,369,https://www.atptour.com/en/rankings/singles?dateWeek=2026-01-12&rankRange=0-5000,2026-03-22T00:43:17Z
atp,2026-01-12,WB08,Yosuke Watanuki,Yosuke Watanuki,162,364,https://www.atptour.com/en/rankings/singles?dateWeek=2026-01-12&rankRange=0-5000,2026-03-22T00:43:17Z
atp,2026-01-12,M0N1,Luka Mikrut,Luka Mikrut,163,361,https://www.atptour.com/en/rankings/singles?dateWeek=2026-01-12&rankRange=0-5000,2026-03-22T00:43:17Z
atp,2026-01-12,M0N7,Daniel Merida,Daniel Merida,164,353,https://www.atptour.com/en/rankings/singles?dateWeek=2026-01-12&rankRange=0-5000,2026-03-22T00:43:17Z
atp,2026-01-12,V0DZ,Luca Van Assche,Luca Van Assche,165,352,https://www.atptour.com/en/rankings/singles?dateWeek=2026-01-12&rankRange=0-5000,2026-03-22T00:43:17Z
atp,2026-01-12,SS25,Vitaliy Sachko,Vitaliy Sachko,166,349,https://www.atptour.com/en/rankings/singles?dateWeek=2026-01-12&rankRange=0-5000,2026-03-22T00:43:17Z
atp,2026-01-12,R09X,Jurij Rodionov,Jurij Rodionov,167,348,https://www.atptour.com/en/rankings/singles?dateWeek=2026-01-12&rankRange=0-5000,2026-03-22T00:43:17Z
atp,2026-01-12,WB32,Yibing Wu,Yibing Wu,168,347,https://www.atptour.com/en/rankings/singles?dateWeek=2026-01-12&rankRange=0-5000,2026-03-22T00:43:17Z
atp,2026-01-12,M0AW,Nicolas Mejia,Nicolas Mejia,169,345,https://www.atptour.com/en/rankings/singles?dateWeek=2026-01-12&rankRange=0-5000,2026-03-22T00:43:17Z
atp,2026-01-12,P09O,Zsombor Piros,Zsombor Piros,170,341,https://www.atptour.com/en/rankings/singles?dateWeek=2026-01-12&rankRange=0-5000,2026-03-22T00:43:17Z
atp,2026-01-12,BI81,Alex Bolt,Alex Bolt,171,339,https://www.atptour.com/en/rankings/singles?dateWeek=2026-01-12&rankRange=0-5000,2026-03-22T00:43:17Z
atp,2026-01-12,SX50,Roman Safiullin,Roman Safiullin,172,338,https://www.atptour.com/en/rankings/singles?dateWeek=2026-01-12&rankRange=0-5000,2026-03-22T00:43:17Z
atp,2026-01-12,M0OQ,James McCabe,James Mccabe,173,337,https://www.atptour.com/en/rankings/singles?dateWeek=2026-01-12&rankRange=0-5000,2026-03-22T00:43:17Z
atp,2026-01-12,Z0BZ,Michael Zheng,Michael Zheng,174,337,https://www.atptour.com/en/rankings/singles?dateWeek=2026-01-12&rankRange=0-5000,2026-03-22T00:43:17Z
atp,2026-01-12,Y218,Elias Ymer,Elias Ymer,175,337,https://www.atptour.com/en/rankings/singles?dateWeek=2026-01-12&rankRange=0-5000,2026-03-22T00:43:17Z
atp,2026-01-12,KH56,Zdenek Kolar,Zdenek Kolar,176,337,https://www.atptour.com/en/rankings/singles?dateWeek=2026-01-12&rankRange=0-5000,2026-03-22T00:43:17Z
atp,2026-01-12,D0DT,Martin Damm,Martin Damm,177,333,https://www.atptour.com/en/rankings/singles?dateWeek=2026-01-12&rankRange=0-5000,2026-03-22T00:43:17Z
atp,2026-01-12,CI14,Jay Clarke,Jay Clarke,178,330,https://www.atptour.com/en/rankings/singles?dateWeek=2026-01-12&rankRange=0-5000,2026-03-22T00:43:17Z
atp,2026-01-12,GF95,Hugo Grenier,Hugo Grenier,179,327,https://www.atptour.com/en/rankings/singles?dateWeek=2026-01-12&rankRange=0-5000,2026-03-22T00:43:17Z
atp,2026-01-12,R0FS,Leandro Riedi,Leandro Riedi,180,326,https://www.atptour.com/en/rankings/singles?dateWeek=2026-01-12&rankRange=0-5000,2026-03-22T00:43:17Z
atp,2026-01-12,B0EJ,Tristan Boyer,Tristan Boyer,181,326,https://www.atptour.com/en/rankings/singles?dateWeek=2026-01-12&rankRange=0-5000,2026-03-22T00:43:17Z
atp,2026-01-12,S0IA,Dane Sweeny,Dane Sweeny,182,325,https://www.atptour.com/en/rankings/singles?dateWeek=2026-01-12&rankRange=0-5000,2026-03-22T00:43:17Z
atp,2026-01-12,E0DD,Justin Engel,Justin Engel,183,323,https://www.atptour.com/en/rankings/singles?dateWeek=2026-01-12&rankRange=0-5000,2026-03-22T00:43:17Z
atp,2026-01-12,TA46,Bernard Tomic,Bernard Tomic,184,317,https://www.atptour.com/en/rankings/singles?dateWeek=2026-01-12&rankRange=0-5000,2026-03-22T00:43:17Z
atp,2026-01-12,F0DM,Arthur Fery,Arthur Fery,185,316,https://www.atptour.com/en/rankings/singles?dateWeek=2026-01-12&rankRange=0-5000,2026-03-22T00:43:17Z
atp,2026-01-12,K0EP,Jerome Kym,Jerome Kym,186,315,https://www.atptour.com/en/rankings/singles?dateWeek=2026-01-12&rankRange=0-5000,2026-03-22T00:43:17Z
atp,2026-01-12,E687,Daniel Evans,Daniel Evans,187,314,https://www.atptour.com/en/rankings/singles?dateWeek=2026-01-12&rankRange=0-5000,2026-03-22T00:43:17Z
atp,2026-01-12,B0GY,Alex Barrena,Alex Barrena,188,312,https://www.atptour.com/en/rankings/singles?dateWeek=2026-01-12&rankRange=0-5000,2026-03-22T00:43:17Z
atp,2026-01-12,TA12,Stefano Travaglia,Stefano Travaglia,189,308,https://www.atptour.com/en/rankings/singles?dateWeek=2026-01-12&rankRange=0-5000,2026-03-22T00:43:17Z
atp,2026-01-12,GJ16,Federico Agustin Gomez,Federico Agustin Gomez,190,306,https://www.atptour.com/en/rankings/singles?dateWeek=2026-01-12&rankRange=0-5000,2026-03-22T00:43:17Z
atp,2026-01-12,H09N,August Holmgren,August Holmgren,191,305,https://www.atptour.com/en/rankings/singles?dateWeek=2026-01-12&rankRange=0-5000,2026-03-22T00:43:17Z
atp,2026-01-12,KB95,Jason Kubler,Jason Kubler,192,305,https://www.atptour.com/en/rankings/singles?dateWeek=2026-01-12&rankRange=0-5000,2026-03-22T00:43:17Z
atp,2026-01-12,G0DH,Alvaro Guillen Meza,Alvaro Guillen Meza,193,305,https://www.atptour.com/en/rankings/singles?dateWeek=2026-01-12&rankRange=0-5000,2026-03-22T00:43:17Z
atp,2026-01-12,MJ08,Thiago Monteiro,Thiago Monteiro,194,304,https://www.atptour.com/en/rankings/singles?dateWeek=2026-01-12&rankRange=0-5000,2026-03-22T00:43:17Z
atp,2026-01-12,S0GR,Timofey Skatov,Timofey Skatov,195,302,https://www.atptour.com/en/rankings/singles?dateWeek=2026-01-12&rankRange=0-5000,2026-03-22T00:43:17Z
atp,2026-01-12,P0HT,Jack Pinnington Jones,Jack Pinnington Jones,196,300,https://www.atptour.com/en/rankings/singles?dateWeek=2026-01-12&rankRange=0-5000,2026-03-22T00:43:17Z
atp,2026-01-12,G0IX,Arthur Gea,Arthur Gea,197,300,https://www.atptour.com/en/rankings/singles?dateWeek=2026-01-12&rankRange=0-5000,2026-03-22T00:43:17Z
atp,2026-01-12,G0GW,Sascha Gueymard Wayenburg,Sascha Gueymard Wayenburg,198,298,https://www.atptour.com/en/rankings/singles?dateWeek=2026-01-12&rankRange=0-5000,2026-03-22T00:43:17Z
atp,2026-01-12,G0BY,Daniil Glinka,Daniil Glinka,199,297,https://www.atptour.com/en/rankings/singles?dateWeek=2026-01-12&rankRange=0-5000,2026-03-22T00:43:17Z
atp,2026-01-12,A09T,Dan Added,Dan Added,200,295,https://www.atptour.com/en/rankings/singles?dateWeek=2026-01-12&rankRange=0-5000,2026-03-22T00:43:17Z
atp,2026-01-12,T09X,Clement Tabur,Clement Tabur,201,294,https://www.atptour.com/en/rankings/singles?dateWeek=2026-01-12&rankRange=0-5000,2026-03-22T00:43:17Z
atp,2026-01-12,S0UV,Rei Sakamoto,Rei Sakamoto,202,292,https://www.atptour.com/en/rankings/singles?dateWeek=2026-01-12&rankRange=0-5000,2026-03-22T00:43:17Z
atp,2026-01-12,C0AK,Oliver Crawford,Oliver Crawford,203,292,https://www.atptour.com/en/rankings/singles?dateWeek=2026-01-12&rankRange=0-5000,2026-03-22T00:43:17Z
atp,2026-01-12,KC12,Mitchell Krueger,Mitchell Krueger,204,287,https://www.atptour.com/en/rankings/singles?dateWeek=2026-01-12&rankRange=0-5000,2026-03-22T00:43:17Z
atp,2026-01-12,MV14,Alex Molcan,Alex Molcan,205,286,https://www.atptour.com/en/rankings/singles?dateWeek=2026-01-12&rankRange=0-5000,2026-03-22T00:43:17Z
atp,2026-01-12,R0A7,Joao Lucas Reis Da Silva,Joao Lucas Reis Da Silva,206,284,https://www.atptour.com/en/rankings/singles?dateWeek=2026-01-12&rankRange=0-5000,2026-03-22T00:43:17Z
atp,2026-01-12,B0QC,Gilles Arnaud Bailly,Gilles Arnaud Bailly,207,283,https://www.atptour.com/en/rankings/singles?dateWeek=2026-01-12&rankRange=0-5000,2026-03-22T00:43:17Z
atp,2026-01-12,R0E0,Chris Rodesch,Chris Rodesch,208,281,https://www.atptour.com/en/rankings/singles?dateWeek=2026-01-12&rankRange=0-5000,2026-03-22T00:43:17Z
atp,2026-01-12,P0IY,Juan Carlos Prado Angelo,Juan Carlos Prado Angelo,209,279,https://www.atptour.com/en/rankings/singles?dateWeek=2026-01-12&rankRange=0-5000,2026-03-22T00:43:17Z
atp,2026-01-12,GA79,Lorenzo Giustino,Lorenzo Giustino,210,279,https://www.atptour.com/en/rankings/singles?dateWeek=2026-01-12&rankRange=0-5000,2026-03-22T00:43:17Z
atp,2026-01-12,L0CF,George Loffhagen,George Loffhagen,211,278,https://www.atptour.com/en/rankings/singles?dateWeek=2026-01-12&rankRange=0-5000,2026-03-22T00:43:17Z
atp,2026-01-12,L0CX,Pablo Llamas Ruiz,Pablo Llamas Ruiz,212,274,https://www.atptour.com/en/rankings/singles?dateWeek=2026-01-12&rankRange=0-5000,2026-03-22T00:43:17Z
atp,2026-01-12,GK06,Alexis Galarneau,Alexis Galarneau,213,272,https://www.atptour.com/en/rankings/singles?dateWeek=2026-01-12&rankRange=0-5000,2026-03-22T00:43:17Z
atp,2026-01-12,B0GR,Gonzalo Bueno,Gonzalo Bueno,214,271,https://www.atptour.com/en/rankings/singles?dateWeek=2026-01-12&rankRange=0-5000,2026-03-22T00:43:17Z
atp,2026-01-12,C0BH,Clement Chidekh,Clement Chidekh,215,264,https://www.atptour.com/en/rankings/singles?dateWeek=2026-01-12&rankRange=0-5000,2026-03-22T00:43:17Z
atp,2026-01-12,SX91,Thiago Seyboth Wild,Thiago Seyboth Wild,216,263,https://www.atptour.com/en/rankings/singles?dateWeek=2026-01-12&rankRange=0-5000,2026-03-22T00:43:17Z
atp,2026-01-12,P0AY,Luka Pavlovic,Luka Pavlovic,217,262,https://www.atptour.com/en/rankings/singles?dateWeek=2026-01-12&rankRange=0-5000,2026-03-22T00:43:17Z
atp,2026-01-12,M0ON,Johannus Monday,Johannus Monday,218,261,https://www.atptour.com/en/rankings/singles?dateWeek=2026-01-12&rankRange=0-5000,2026-03-22T00:43:17Z
atp,2026-01-12,PH78,Ryan Peniston,Ryan Peniston,219,260,https://www.atptour.com/en/rankings/singles?dateWeek=2026-01-12&rankRange=0-5000,2026-03-22T00:43:17Z
atp,2026-01-12,H09F,Yu Hsiou Hsu,Yu Hsiou Hsu,220,257,https://www.atptour.com/en/rankings/singles?dateWeek=2026-01-12&rankRange=0-5000,2026-03-22T00:43:17Z
atp,2026-01-12,HG86,Lloyd Harris,Lloyd Harris,221,256,https://www.atptour.com/en/rankings/singles?dateWeek=2026-01-12&rankRange=0-5000,2026-03-22T00:43:17Z
atp,2026-01-12,PG20,Dmitry Popko,Dmitry Popko,222,255,https://www.atptour.com/en/rankings/singles?dateWeek=2026-01-12&rankRange=0-5000,2026-03-22T00:43:17Z
atp,2026-01-12,F840,Nerman Fatic,Nerman Fatic,223,254,https://www.atptour.com/en/rankings/singles?dateWeek=2026-01-12&rankRange=0-5000,2026-03-22T00:43:17Z
atp,2026-01-12,C0HT,Murphy Cassone,Murphy Cassone,224,252,https://www.atptour.com/en/rankings/singles?dateWeek=2026-01-12&rankRange=0-5000,2026-03-22T00:43:17Z
atp,2026-01-12,MW75,Felipe Meligeni Alves,Felipe Meligeni Alves,225,251,https://www.atptour.com/en/rankings/singles?dateWeek=2026-01-12&rankRange=0-5000,2026-03-22T00:43:17Z
atp,2026-01-12,N0CS,Lukas Neumayer,Lukas Neumayer,226,251,https://www.atptour.com/en/rankings/singles?dateWeek=2026-01-12&rankRange=0-5000,2026-03-22T00:43:17Z
atp,2026-01-12,RH59,Santiago Rodriguez Taverna,Santiago Rodriguez Taverna,227,250,https://www.atptour.com/en/rankings/singles?dateWeek=2026-01-12&rankRange=0-5000,2026-03-22T00:43:17Z
atp,2026-01-12,MP01,Michael Mmoh,Michael Mmoh,228,247,https://www.atptour.com/en/rankings/singles?dateWeek=2026-01-12&rankRange=0-5000,2026-03-22T00:43:17Z
atp,2026-01-12,B0ER,Arthur Bouquier,Arthur Bouquier,229,247,https://www.atptour.com/en/rankings/singles?dateWeek=2026-01-12&rankRange=0-5000,2026-03-22T00:43:17Z
atp,2026-01-12,CF01,Marco Cecchinato,Marco Cecchinato,230,247,https://www.atptour.com/en/rankings/singles?dateWeek=2026-01-12&rankRange=0-5000,2026-03-22T00:43:17Z
atp,2026-01-12,O660,Genaro Alberto Olivieri,Genaro Alberto Olivieri,231,247,https://www.atptour.com/en/rankings/singles?dateWeek=2026-01-12&rankRange=0-5000,2026-03-22T00:43:17Z
atp,2026-01-12,P0J1,Rodrigo Pacheco Mendez,Rodrigo Pacheco Mendez,232,247,https://www.atptour.com/en/rankings/singles?dateWeek=2026-01-12&rankRange=0-5000,2026-03-22T00:43:17Z
atp,2026-01-12,D0L3,Matej Dodig,Matej Dodig,233,244,https://www.atptour.com/en/rankings/singles?dateWeek=2026-01-12&rankRange=0-5000,2026-03-22T00:43:17Z
atp,2026-01-12,M0OH,Lautaro Midon,Lautaro Midon,234,243,https://www.atptour.com/en/rankings/singles?dateWeek=2026-01-12&rankRange=0-5000,2026-03-22T00:43:17Z
atp,2026-01-12,C0NB,Federico Cina,Federico Cina,235,240,https://www.atptour.com/en/rankings/singles?dateWeek=2026-01-12&rankRange=0-5000,2026-03-22T00:43:17Z
atp,2026-01-12,T0FI,Marko Topo,Marko Topo,236,234,https://www.atptour.com/en/rankings/singles?dateWeek=2026-01-12&rankRange=0-5000,2026-03-22T00:43:17Z
atp,2026-01-12,N552,Kei Nishikori,Kei Nishikori,237,232,https://www.atptour.com/en/rankings/singles?dateWeek=2026-01-12&rankRange=0-5000,2026-03-22T00:43:17Z
atp,2026-01-12,H0DU,Gustavo Heide,Gustavo Heide,238,232,https://www.atptour.com/en/rankings/singles?dateWeek=2026-01-12&rankRange=0-5000,2026-03-22T00:43:17Z
atp,2026-01-12,B0NN,Nishesh Basavareddy,Nishesh Basavareddy,239,230,https://www.atptour.com/en/rankings/singles?dateWeek=2026-01-12&rankRange=0-5000,2026-03-22T00:43:17Z
atp,2026-01-12,CC66,Andrea Collarini,Andrea Collarini,240,228,https://www.atptour.com/en/rankings/singles?dateWeek=2026-01-12&rankRange=0-5000,2026-03-22T00:43:17Z
atp,2026-01-12,S0WT,Joel Schwaerzler,Joel Schwaerzler,241,225,https://www.atptour.com/en/rankings/singles?dateWeek=2026-01-12&rankRange=0-5000,2026-03-22T00:43:17Z
atp,2026-01-12,M0HT,Alejandro Moro Canas,Alejandro Moro Canas,242,225,https://www.atptour.com/en/rankings/singles?dateWeek=2026-01-12&rankRange=0-5000,2026-03-22T00:43:17Z
atp,2026-01-12,D0CG,Facundo Diaz Acosta,Facundo Diaz Acosta,243,224,https://www.atptour.com/en/rankings/singles?dateWeek=2026-01-12&rankRange=0-5000,2026-03-22T00:43:17Z
atp,2026-01-12,Z0CQ,Yi Zhou,Yi Zhou,244,224,https://www.atptour.com/en/rankings/singles?dateWeek=2026-01-12&rankRange=0-5000,2026-03-22T00:43:17Z
atp,2026-01-12,HF80,Hady Habib,Hady Habib,245,223,https://www.atptour.com/en/rankings/singles?dateWeek=2026-01-12&rankRange=0-5000,2026-03-22T00:43:17Z
atp,2026-01-12,N09U,Rio Noguchi,Rio Noguchi,246,222,https://www.atptour.com/en/rankings/singles?dateWeek=2026-01-12&rankRange=0-5000,2026-03-22T00:43:17Z
atp,2026-01-12,H0CX,Max Houkes,Max Houkes,247,221,https://www.atptour.com/en/rankings/singles?dateWeek=2026-01-12&rankRange=0-5000,2026-03-22T00:43:17Z
atp,2026-01-12,S0TM,Toby Samuel,Toby Samuel,248,218,https://www.atptour.com/en/rankings/singles?dateWeek=2026-01-12&rankRange=0-5000,2026-03-22T00:43:17Z
atp,2026-01-12,U120,Kaichi Uchida,Kaichi Uchida,249,218,https://www.atptour.com/en/rankings/singles?dateWeek=2026-01-12&rankRange=0-5000,2026-03-22T00:43:17Z
atp,2026-01-12,CG33,Kimmer Coppejans,Kimmer Coppejans,250,218,https://www.atptour.com/en/rankings/singles?dateWeek=2026-01-12&rankRange=0-5000,2026-03-22T00:43:17Z
atp,2026-01-12,DC48,Murkel Dellien,Murkel Dellien,251,218,https://www.atptour.com/en/rankings/singles?dateWeek=2026-01-12&rankRange=0-5000,2026-03-22T00:43:17Z
atp,2026-01-12,HH06,Marc-Andrea Huesler,Marc Andrea Huesler,252,216,https://www.atptour.com/en/rankings/singles?dateWeek=2026-01-12&rankRange=0-5000,2026-03-22T00:43:17Z
atp,2026-01-12,V836,Juan Pablo Varillas,Juan Pablo Varillas,253,213,https://www.atptour.com/en/rankings/singles?dateWeek=2026-01-12&rankRange=0-5000,2026-03-22T00:43:17Z
atp,2026-01-12,R0FP,Daniel Rincon,Daniel Rincon,254,212,https://www.atptour.com/en/rankings/singles?dateWeek=2026-01-12&rankRange=0-5000,2026-03-22T00:43:17Z
atp,2026-01-12,BU70,Remy Bertola,Remy Bertola,255,212,https://www.atptour.com/en/rankings/singles?dateWeek=2026-01-12&rankRange=0-5000,2026-03-22T00:43:17Z
atp,2026-01-12,BU54,Geoffrey Blancaneaux,Geoffrey Blancaneaux,256,212,https://www.atptour.com/en/rankings/singles?dateWeek=2026-01-12&rankRange=0-5000,2026-03-22T00:43:17Z
atp,2026-01-12,KC29,Nicolas Kicker,Nicolas Kicker,257,210,https://www.atptour.com/en/rankings/singles?dateWeek=2026-01-12&rankRange=0-5000,2026-03-22T00:43:17Z
atp,2026-01-12,HG94,Benjamin Hassan,Benjamin Hassan,258,208,https://www.atptour.com/en/rankings/singles?dateWeek=2026-01-12&rankRange=0-5000,2026-03-22T00:43:17Z
atp,2026-01-12,HB48,Calvin Hemery,Calvin Hemery,259,208,https://www.atptour.com/en/rankings/singles?dateWeek=2026-01-12&rankRange=0-5000,2026-03-22T00:43:17Z
atp,2026-01-12,M0E1,Daniel Michalski,Daniel Michalski,260,207,https://www.atptour.com/en/rankings/singles?dateWeek=2026-01-12&rankRange=0-5000,2026-03-22T00:43:17Z
atp,2026-01-12,GE28,Ivan Gakhov,Ivan Gakhov,261,203,https://www.atptour.com/en/rankings/singles?dateWeek=2026-01-12&rankRange=0-5000,2026-03-22T00:43:17Z
atp,2026-01-12,SN54,Frederico Ferreira Silva,Frederico Ferreira Silva,262,202,https://www.atptour.com/en/rankings/singles?dateWeek=2026-01-12&rankRange=0-5000,2026-03-22T00:43:17Z
atp,2026-01-12,KC33,Dimitar Kuzmanov,Dimitar Kuzmanov,263,202,https://www.atptour.com/en/rankings/singles?dateWeek=2026-01-12&rankRange=0-5000,2026-03-22T00:43:17Z
atp,2026-01-12,P0K4,Tiago Pereira,Tiago Pereira,264,202,https://www.atptour.com/en/rankings/singles?dateWeek=2026-01-12&rankRange=0-5000,2026-03-22T00:43:17Z
atp,2026-01-12,Z09Z,Beibit Zhukayev,Beibit Zhukayev,265,201,https://www.atptour.com/en/rankings/singles?dateWeek=2026-01-12&rankRange=0-5000,2026-03-22T00:43:17Z
atp,2026-01-12,O0A2,Gauthier Onclin,Gauthier Onclin,266,200,https://www.atptour.com/en/rankings/singles?dateWeek=2026-01-12&rankRange=0-5000,2026-03-22T00:43:17Z
atp,2026-01-12,CE77,Federico Coria,Federico Coria,267,200,https://www.atptour.com/en/rankings/singles?dateWeek=2026-01-12&rankRange=0-5000,2026-03-22T00:43:17Z
atp,2026-01-12,SX90,Fajing Sun,Fajing Sun,268,200,https://www.atptour.com/en/rankings/singles?dateWeek=2026-01-12&rankRange=0-5000,2026-03-22T00:43:17Z
atp,2026-01-12,P0GN,Tom Paris,Tom Paris,269,200,https://www.atptour.com/en/rankings/singles?dateWeek=2026-01-12&rankRange=0-5000,2026-03-22T00:43:17Z
atp,2026-01-12,M0NP,Andres Martin,Andres Martin,270,200,https://www.atptour.com/en/rankings/singles?dateWeek=2026-01-12&rankRange=0-5000,2026-03-22T00:43:17Z
atp,2026-01-12,AG08,Andres Andrade,Andres Andrade,271,200,https://www.atptour.com/en/rankings/singles?dateWeek=2026-01-12&rankRange=0-5000,2026-03-22T00:43:17Z
atp,2026-01-12,S0O6,Ilia Simakin,Ilia Simakin,272,199,https://www.atptour.com/en/rankings/singles?dateWeek=2026-01-12&rankRange=0-5000,2026-03-22T00:43:17Z
atp,2026-01-12,B0MM,Edas Butvilas,Edas Butvilas,273,199,https://www.atptour.com/en/rankings/singles?dateWeek=2026-01-12&rankRange=0-5000,2026-03-22T00:43:17Z
atp,2026-01-12,Z09F,Patrick Zahraj,Patrick Zahraj,274,198,https://www.atptour.com/en/rankings/singles?dateWeek=2026-01-12&rankRange=0-5000,2026-03-22T00:43:17Z
atp,2026-01-12,B0FI,Pedro Boscardin Dias,Pedro Boscardin Dias,275,197,https://www.atptour.com/en/rankings/singles?dateWeek=2026-01-12&rankRange=0-5000,2026-03-22T00:43:17Z
atp,2026-01-12,S0AK,Henri Squire,Henri Squire,276,195,https://www.atptour.com/en/rankings/singles?dateWeek=2026-01-12&rankRange=0-5000,2026-03-22T00:43:17Z
atp,2026-01-12,MW76,Matteo Martineau,Matteo Martineau,277,193,https://www.atptour.com/en/rankings/singles?dateWeek=2026-01-12&rankRange=0-5000,2026-03-22T00:43:17Z
atp,2026-01-12,J09X,Filip Cristian Jianu,Filip Cristian Jianu,278,191,https://www.atptour.com/en/rankings/singles?dateWeek=2026-01-12&rankRange=0-5000,2026-03-22T00:43:17Z
atp,2026-01-12,N897,Sumit Nagal,Sumit Nagal,279,190,https://www.atptour.com/en/rankings/singles?dateWeek=2026-01-12&rankRange=0-5000,2026-03-22T00:43:17Z
atp,2026-01-12,KE64,Stefan Kozlov,Stefan Kozlov,280,190,https://www.atptour.com/en/rankings/singles?dateWeek=2026-01-12&rankRange=0-5000,2026-03-22T00:43:17Z
atp,2026-01-12,RG42,Alex Rybakov,Alex Rybakov,281,189,https://www.atptour.com/en/rankings/singles?dateWeek=2026-01-12&rankRange=0-5000,2026-03-22T00:43:17Z
atp,2026-01-12,S0KT,Stefanos Sakellaridis,Stefanos Sakellaridis,282,187,https://www.atptour.com/en/rankings/singles?dateWeek=2026-01-12&rankRange=0-5000,2026-03-22T00:43:17Z
atp,2026-01-12,G0IB,Tom Gentzsch,Tom Gentzsch,283,187,https://www.atptour.com/en/rankings/singles?dateWeek=2026-01-12&rankRange=0-5000,2026-03-22T00:43:17Z
atp,2026-01-12,GH92,Borna Gojo,Borna Gojo,284,186,https://www.atptour.com/en/rankings/singles?dateWeek=2026-01-12&rankRange=0-5000,2026-03-22T00:43:17Z
atp,2026-01-12,E865,Christopher Eubanks,Christopher Eubanks,285,186,https://www.atptour.com/en/rankings/singles?dateWeek=2026-01-12&rankRange=0-5000,2026-03-22T00:43:17Z
atp,2026-01-12,P0EA,Saba Purtseladze,Saba Purtseladze,286,185,https://www.atptour.com/en/rankings/singles?dateWeek=2026-01-12&rankRange=0-5000,2026-03-22T00:43:17Z
atp,2026-01-12,GG65,Michael Geerts,Michael Geerts,287,184,https://www.atptour.com/en/rankings/singles?dateWeek=2026-01-12&rankRange=0-5000,2026-03-22T00:43:17Z
atp,2026-01-12,B0BU,Florent Bax,Florent Bax,288,183,https://www.atptour.com/en/rankings/singles?dateWeek=2026-01-12&rankRange=0-5000,2026-03-22T00:43:17Z
atp,2026-01-12,N0DB,Andrej Nedic,Andrej Nedic,289,182,https://www.atptour.com/en/rankings/singles?dateWeek=2026-01-12&rankRange=0-5000,2026-03-22T00:43:17Z
atp,2026-01-12,A0F3,Fabrizio Andaloro,Fabrizio Andaloro,290,180,https://www.atptour.com/en/rankings/singles?dateWeek=2026-01-12&rankRange=0-5000,2026-03-22T00:43:17Z
atp,2026-01-12,S0NV,Abdullah Shelbayh,Abdullah Shelbayh,291,179,https://www.atptour.com/en/rankings/singles?dateWeek=2026-01-12&rankRange=0-5000,2026-03-22T00:43:17Z
atp,2026-01-12,J0B5,Garrett Johns,Garrett Johns,292,179,https://www.atptour.com/en/rankings/singles?dateWeek=2026-01-12&rankRange=0-5000,2026-03-22T00:43:17Z
atp,2026-01-12,K926,Mikhail Kukushkin,Mikhail Kukushkin,293,178,https://www.atptour.com/en/rankings/singles?dateWeek=2026-01-12&rankRange=0-5000,2026-03-22T00:43:17Z
atp,2026-01-12,Z0AK,Tyler Zink,Tyler Zink,294,178,https://www.atptour.com/en/rankings/singles?dateWeek=2026-01-12&rankRange=0-5000,2026-03-22T00:43:17Z
atp,2026-01-12,B0NO,Darwin Blanch,Darwin Blanch,295,176,https://www.atptour.com/en/rankings/singles?dateWeek=2026-01-12&rankRange=0-5000,2026-03-22T00:43:17Z
atp,2026-01-12,BI23,Liam Broady,Liam Broady,296,176,https://www.atptour.com/en/rankings/singles?dateWeek=2026-01-12&rankRange=0-5000,2026-03-22T00:43:17Z
atp,2026-01-12,P0DF,Matheus Pucinelli De Almeida,Matheus Pucinelli De Almeida,297,176,https://www.atptour.com/en/rankings/singles?dateWeek=2026-01-12&rankRange=0-5000,2026-03-22T00:43:17Z
atp,2026-01-12,B0JJ,Robin Bertrand,Robin Bertrand,298,176,https://www.atptour.com/en/rankings/singles?dateWeek=2026-01-12&rankRange=0-5000,2026-03-22T00:43:17Z
atp,2026-01-12,BU10,Jacopo Berrettini,Jacopo Berrettini,299,175,https://www.atptour.com/en/rankings/singles?dateWeek=2026-01-12&rankRange=0-5000,2026-03-22T00:43:17Z
atp,2026-01-12,B0OU,Hynek Barton,Hynek Barton,300,175,https://www.atptour.com/en/rankings/singles?dateWeek=2026-01-12&rankRange=0-5000,2026-03-22T00:43:17Z
atp,2026-01-12,T0BW,James Trotter,James Trotter,301,173,https://www.atptour.com/en/rankings/singles?dateWeek=2026-01-12&rankRange=0-5000,2026-03-22T00:43:17Z
atp,2026-01-12,K0CJ,Sandro Kopp,Sandro Kopp,302,171,https://www.atptour.com/en/rankings/singles?dateWeek=2026-01-12&rankRange=0-5000,2026-03-22T00:43:17Z
atp,2026-01-12,S0MN,Marat Sharipov,Marat Sharipov,303,170,https://www.atptour.com/en/rankings/singles?dateWeek=2026-01-12&rankRange=0-5000,2026-03-22T00:43:17Z
atp,2026-01-12,BV21,Charles Broom,Charles Broom,304,169,https://www.atptour.com/en/rankings/singles?dateWeek=2026-01-12&rankRange=0-5000,2026-03-22T00:43:17Z
atp,2026-01-12,S0GZ,Nikolas Sanchez Izquierdo,Nikolas Sanchez Izquierdo,305,169,https://www.atptour.com/en/rankings/singles?dateWeek=2026-01-12&rankRange=0-5000,2026-03-22T00:43:17Z
atp,2026-01-12,B0OV,Petr Brunclik,Petr Brunclik,306,168,https://www.atptour.com/en/rankings/singles?dateWeek=2026-01-12&rankRange=0-5000,2026-03-22T00:43:17Z
atp,2026-01-12,U134,Yasutaka Uchiyama,Yasutaka Uchiyama,307,167,https://www.atptour.com/en/rankings/singles?dateWeek=2026-01-12&rankRange=0-5000,2026-03-22T00:43:17Z
atp,2026-01-12,M0GY,Lilian Marmousez,Lilian Marmousez,308,167,https://www.atptour.com/en/rankings/singles?dateWeek=2026-01-12&rankRange=0-5000,2026-03-22T00:43:17Z
atp,2026-01-12,DF88,Aziz Dougaz,Aziz Dougaz,309,166,https://www.atptour.com/en/rankings/singles?dateWeek=2026-01-12&rankRange=0-5000,2026-03-22T00:43:17Z
atp,2026-01-12,C0NN,Gianluca Cadenasso,Gianluca Cadenasso,310,166,https://www.atptour.com/en/rankings/singles?dateWeek=2026-01-12&rankRange=0-5000,2026-03-22T00:43:17Z
atp,2026-01-12,S0RE,Juncheng Shang,Juncheng Shang,311,165,https://www.atptour.com/en/rankings/singles?dateWeek=2026-01-12&rankRange=0-5000,2026-03-22T00:43:17Z
atp,2026-01-12,G0AO,Alastair Gray,Alastair Gray,312,165,https://www.atptour.com/en/rankings/singles?dateWeek=2026-01-12&rankRange=0-5000,2026-03-22T00:43:17Z
atp,2026-01-12,C0HB,Eliakim Coulibaly,Eliakim Coulibaly,313,165,https://www.atptour.com/en/rankings/singles?dateWeek=2026-01-12&rankRange=0-5000,2026-03-22T00:43:17Z
atp,2026-01-12,SQ80,Akira Santillan,Akira Santillan,314,165,https://www.atptour.com/en/rankings/singles?dateWeek=2026-01-12&rankRange=0-5000,2026-03-22T00:43:17Z
atp,2026-01-12,GB93,Norbert Gombos,Norbert Gombos,315,164,https://www.atptour.com/en/rankings/singles?dateWeek=2026-01-12&rankRange=0-5000,2026-03-22T00:43:17Z
atp,2026-01-12,W0AH,Harry Wendelken,Harry Wendelken,316,164,https://www.atptour.com/en/rankings/singles?dateWeek=2026-01-12&rankRange=0-5000,2026-03-22T00:43:17Z
atp,2026-01-12,S0CG,Carlos Sanchez Jover,Carlos Sanchez Jover,317,161,https://www.atptour.com/en/rankings/singles?dateWeek=2026-01-12&rankRange=0-5000,2026-03-22T00:43:17Z
atp,2026-01-12,D0CN,Miguel Damas,Miguel Damas,318,159,https://www.atptour.com/en/rankings/singles?dateWeek=2026-01-12&rankRange=0-5000,2026-03-22T00:43:17Z
atp,2026-01-12,G628,Richard Gasquet,Richard Gasquet,319,158,https://www.atptour.com/en/rankings/singles?dateWeek=2026-01-12&rankRange=0-5000,2026-03-22T00:43:17Z
atp,2026-01-12,SK94,Cedrik-Marcel Stebe,Cedrik Marcel Stebe,320,158,https://www.atptour.com/en/rankings/singles?dateWeek=2026-01-12&rankRange=0-5000,2026-03-22T00:43:17Z
atp,2026-01-12,RH62,Mats Rosenkranz,Mats Rosenkranz,321,158,https://www.atptour.com/en/rankings/singles?dateWeek=2026-01-12&rankRange=0-5000,2026-03-22T00:43:17Z
atp,2026-01-12,MJ98,Facundo Mena,Facundo Mena,322,157,https://www.atptour.com/en/rankings/singles?dateWeek=2026-01-12&rankRange=0-5000,2026-03-22T00:43:17Z
atp,2026-01-12,DC76,Viktor Durasovic,Viktor Durasovic,323,157,https://www.atptour.com/en/rankings/singles?dateWeek=2026-01-12&rankRange=0-5000,2026-03-22T00:43:17Z
atp,2026-01-12,TD55,Renta Tokuda,Renta Tokuda,324,157,https://www.atptour.com/en/rankings/singles?dateWeek=2026-01-12&rankRange=0-5000,2026-03-22T00:43:17Z
atp,2026-01-12,B0C0,Adrian Boitan,Adrian Boitan,325,157,https://www.atptour.com/en/rankings/singles?dateWeek=2026-01-12&rankRange=0-5000,2026-03-22T00:43:17Z
atp,2026-01-12,H0BF,Philip Henning,Philip Henning,326,156,https://www.atptour.com/en/rankings/singles?dateWeek=2026-01-12&rankRange=0-5000,2026-03-22T00:43:17Z
atp,2026-01-12,D0LJ,Diego Dedura,Diego Dedura,327,156,https://www.atptour.com/en/rankings/singles?dateWeek=2026-01-12&rankRange=0-5000,2026-03-22T00:43:17Z
atp,2026-01-12,B0LQ,Petr Bar Biryukov,Petr Bar Biryukov,328,156,https://www.atptour.com/en/rankings/singles?dateWeek=2026-01-12&rankRange=0-5000,2026-03-22T00:43:17Z
atp,2026-01-12,E0AC,Mathys Erhard,Mathys Erhard,329,156,https://www.atptour.com/en/rankings/singles?dateWeek=2026-01-12&rankRange=0-5000,2026-03-22T00:43:17Z
atp,2026-01-12,J553,Omar Jasika,Omar Jasika,330,155,https://www.atptour.com/en/rankings/singles?dateWeek=2026-01-12&rankRange=0-5000,2026-03-22T00:43:17Z
atp,2026-01-12,A0CJ,Duje Ajdukovic,Duje Ajdukovic,331,153,https://www.atptour.com/en/rankings/singles?dateWeek=2026-01-12&rankRange=0-5000,2026-03-22T00:43:17Z
atp,2026-01-12,F0A3,Sergey Fomin,Sergey Fomin,332,151,https://www.atptour.com/en/rankings/singles?dateWeek=2026-01-12&rankRange=0-5000,2026-03-22T00:43:17Z
atp,2026-01-12,T0GR,Oliver Tarvet,Oliver Tarvet,333,150,https://www.atptour.com/en/rankings/singles?dateWeek=2026-01-12&rankRange=0-5000,2026-03-22T00:43:17Z
atp,2026-01-12,MF35,Andrej Martin,Andrej Martin,334,149,https://www.atptour.com/en/rankings/singles?dateWeek=2026-01-12&rankRange=0-5000,2026-03-22T00:43:17Z
atp,2026-01-12,AA27,Franco Agamenone,Franco Agamenone,335,149,https://www.atptour.com/en/rankings/singles?dateWeek=2026-01-12&rankRange=0-5000,2026-03-22T00:43:17Z
atp,2026-01-12,VA08,Andrea Vavassori,Andrea Vavassori,336,147,https://www.atptour.com/en/rankings/singles?dateWeek=2026-01-12&rankRange=0-5000,2026-03-22T00:43:17Z
atp,2026-01-12,PL39,Alfredo Perez,Alfredo Perez,337,147,https://www.atptour.com/en/rankings/singles?dateWeek=2026-01-12&rankRange=0-5000,2026-03-22T00:43:17Z
atp,2026-01-12,S0EX,Hamish Stewart,Hamish Stewart,338,147,https://www.atptour.com/en/rankings/singles?dateWeek=2026-01-12&rankRange=0-5000,2026-03-22T00:43:17Z
atp,2026-01-12,SG56,Daniel Dutra da Silva,Daniel Dutra Da Silva,339,146,https://www.atptour.com/en/rankings/singles?dateWeek=2026-01-12&rankRange=0-5000,2026-03-22T00:43:17Z
atp,2026-01-12,S0AQ,Yuta Shimizu,Yuta Shimizu,340,145,https://www.atptour.com/en/rankings/singles?dateWeek=2026-01-12&rankRange=0-5000,2026-03-22T00:43:17Z
atp,2026-01-12,P0I6,Gabriele Piraino,Gabriele Piraino,341,144,https://www.atptour.com/en/rankings/singles?dateWeek=2026-01-12&rankRange=0-5000,2026-03-22T00:43:17Z
atp,2026-01-12,M0SE,Maxim Mrva,Maxim Mrva,342,144,https://www.atptour.com/en/rankings/singles?dateWeek=2026-01-12&rankRange=0-5000,2026-03-22T00:43:17Z
atp,2026-01-12,K0FY,Martin Krumich,Martin Krumich,343,144,https://www.atptour.com/en/rankings/singles?dateWeek=2026-01-12&rankRange=0-5000,2026-03-22T00:43:17Z
atp,2026-01-12,V821,Gonzalo Villanueva,Gonzalo Villanueva,344,144,https://www.atptour.com/en/rankings/singles?dateWeek=2026-01-12&rankRange=0-5000,2026-03-22T00:43:17Z
atp,2026-01-12,SO20,Jelle Sels,Jelle Sels,345,143,https://www.atptour.com/en/rankings/singles?dateWeek=2026-01-12&rankRange=0-5000,2026-03-22T00:43:17Z
atp,2026-01-12,R0BT,Franco Roncadelli,Franco Roncadelli,346,141,https://www.atptour.com/en/rankings/singles?dateWeek=2026-01-12&rankRange=0-5000,2026-03-22T00:43:17Z
atp,2026-01-12,LI10,Christian Langmo,Christian Langmo,347,141,https://www.atptour.com/en/rankings/singles?dateWeek=2026-01-12&rankRange=0-5000,2026-03-22T00:43:17Z
atp,2026-01-12,G0IW,Antoine Ghibaudo,Antoine Ghibaudo,348,140,https://www.atptour.com/en/rankings/singles?dateWeek=2026-01-12&rankRange=0-5000,2026-03-22T00:43:17Z
atp,2026-01-12,BV25,Javier Barranco Cosano,Javier Barranco Cosano,349,139,https://www.atptour.com/en/rankings/singles?dateWeek=2026-01-12&rankRange=0-5000,2026-03-22T00:43:17Z
atp,2026-01-12,H0DC,Giles Hussey,Giles Hussey,350,139,https://www.atptour.com/en/rankings/singles?dateWeek=2026-01-12&rankRange=0-5000,2026-03-22T00:43:17Z
atp,2026-01-12,G09C,Marek Gengel,Marek Gengel,351,137,https://www.atptour.com/en/rankings/singles?dateWeek=2026-01-12&rankRange=0-5000,2026-03-22T00:43:17Z
atp,2026-01-12,I0B0,Andre Ilagan,Andre Ilagan,352,137,https://www.atptour.com/en/rankings/singles?dateWeek=2026-01-12&rankRange=0-5000,2026-03-22T00:43:17Z
atp,2026-01-12,M0RE,Patrick Maloney,Patrick Maloney,353,136,https://www.atptour.com/en/rankings/singles?dateWeek=2026-01-12&rankRange=0-5000,2026-03-22T00:43:17Z
atp,2026-01-12,S09P,Sanhui Shin,Sanhui Shin,354,136,https://www.atptour.com/en/rankings/singles?dateWeek=2026-01-12&rankRange=0-5000,2026-03-22T00:43:17Z
atp,2026-01-12,S0BT,Adria Soriano Barrera,Adria Soriano Barrera,355,135,https://www.atptour.com/en/rankings/singles?dateWeek=2026-01-12&rankRange=0-5000,2026-03-22T00:43:17Z
atp,2026-01-12,A09U,Nicolas Alvarez Varona,Nicolas Alvarez Varona,356,135,https://www.atptour.com/en/rankings/singles?dateWeek=2026-01-12&rankRange=0-5000,2026-03-22T00:43:17Z
atp,2026-01-12,S0LA,Dominic Stricker,Dominic Stricker,357,133,https://www.atptour.com/en/rankings/singles?dateWeek=2026-01-12&rankRange=0-5000,2026-03-22T00:43:17Z
atp,2026-01-12,T0DM,Juan Bautista Torres,Juan Bautista Torres,358,133,https://www.atptour.com/en/rankings/singles?dateWeek=2026-01-12&rankRange=0-5000,2026-03-22T00:43:17Z
atp,2026-01-12,N731,Christoph Negritu,Christoph Negritu,359,132,https://www.atptour.com/en/rankings/singles?dateWeek=2026-01-12&rankRange=0-5000,2026-03-22T00:43:17Z
atp,2026-01-12,J0A4,Paul Jubb,Paul Jubb,360,131,https://www.atptour.com/en/rankings/singles?dateWeek=2026-01-12&rankRange=0-5000,2026-03-22T00:43:17Z
atp,2026-01-12,W857,Tung-Lin Wu,Tung Lin Wu,361,131,https://www.atptour.com/en/rankings/singles?dateWeek=2026-01-12&rankRange=0-5000,2026-03-22T00:43:17Z
atp,2026-01-12,Z371,Zhizhen Zhang,Zhizhen Zhang,362,130,https://www.atptour.com/en/rankings/singles?dateWeek=2026-01-12&rankRange=0-5000,2026-03-22T00:43:17Z
atp,2026-01-12,K0E6,Alibek Kachmazov,Alibek Kachmazov,363,130,https://www.atptour.com/en/rankings/singles?dateWeek=2026-01-12&rankRange=0-5000,2026-03-22T00:43:17Z
atp,2026-01-12,E698,Gastao Elias,Gastao Elias,364,130,https://www.atptour.com/en/rankings/singles?dateWeek=2026-01-12&rankRange=0-5000,2026-03-22T00:43:17Z
atp,2026-01-12,CG07,Hernan Casanova,Hernan Casanova,365,130,https://www.atptour.com/en/rankings/singles?dateWeek=2026-01-12&rankRange=0-5000,2026-03-22T00:43:17Z
atp,2026-01-12,P0B2,Luca Potenza,Luca Potenza,366,130,https://www.atptour.com/en/rankings/singles?dateWeek=2026-01-12&rankRange=0-5000,2026-03-22T00:43:17Z
atp,2026-01-12,DA81,Taro Daniel,Taro Daniel,367,128,https://www.atptour.com/en/rankings/singles?dateWeek=2026-01-12&rankRange=0-5000,2026-03-22T00:43:17Z
atp,2026-01-12,P0D0,Jakub Paul,Jakub Paul,368,128,https://www.atptour.com/en/rankings/singles?dateWeek=2026-01-12&rankRange=0-5000,2026-03-22T00:43:17Z
atp,2026-01-12,G0EU,Felix Gill,Felix Gill,369,128,https://www.atptour.com/en/rankings/singles?dateWeek=2026-01-12&rankRange=0-5000,2026-03-22T00:43:17Z
atp,2026-01-12,B0LL,Viacheslav Bielinskyi,Viacheslav Bielinskyi,370,128,https://www.atptour.com/en/rankings/singles?dateWeek=2026-01-12&rankRange=0-5000,2026-03-22T00:43:17Z
atp,2026-01-12,V717,Alexey Vatutin,Alexey Vatutin,371,128,https://www.atptour.com/en/rankings/singles?dateWeek=2026-01-12&rankRange=0-5000,2026-03-22T00:43:17Z
atp,2026-01-12,J0AW,Guido Ivan Justo,Guido Ivan Justo,372,128,https://www.atptour.com/en/rankings/singles?dateWeek=2026-01-12&rankRange=0-5000,2026-03-22T00:43:17Z
atp,2026-01-12,M0EA,Pol Martin Tiffon,Pol Martin Tiffon,373,127,https://www.atptour.com/en/rankings/singles?dateWeek=2026-01-12&rankRange=0-5000,2026-03-22T00:43:17Z
atp,2026-01-12,F0F4,Kilian Feldbausch,Kilian Feldbausch,374,127,https://www.atptour.com/en/rankings/singles?dateWeek=2026-01-12&rankRange=0-5000,2026-03-22T00:43:17Z
atp,2026-01-12,SL94,Pedro Sakamoto,Pedro Sakamoto,375,127,https://www.atptour.com/en/rankings/singles?dateWeek=2026-01-12&rankRange=0-5000,2026-03-22T00:43:17Z
atp,2026-01-12,A0BA,Federico Arnaboldi,Federico Arnaboldi,376,127,https://www.atptour.com/en/rankings/singles?dateWeek=2026-01-12&rankRange=0-5000,2026-03-22T00:43:17Z
atp,2026-01-12,C0B2,Cezar Cretu,Cezar Cretu,377,126,https://www.atptour.com/en/rankings/singles?dateWeek=2026-01-12&rankRange=0-5000,2026-03-22T00:43:17Z
atp,2026-01-12,J0D2,Maximus Jones,Maximus Jones,378,126,https://www.atptour.com/en/rankings/singles?dateWeek=2026-01-12&rankRange=0-5000,2026-03-22T00:43:17Z
atp,2026-01-12,Y171,Denis Yevseyev,Denis Yevseyev,379,126,https://www.atptour.com/en/rankings/singles?dateWeek=2026-01-12&rankRange=0-5000,2026-03-22T00:43:17Z
atp,2026-01-12,S0VM,Trevor Svajda,Trevor Svajda,380,124,https://www.atptour.com/en/rankings/singles?dateWeek=2026-01-12&rankRange=0-5000,2026-03-22T00:43:17Z
atp,2026-01-12,A0EA,Max Alcala Gurri,Max Alcala Gurri,381,124,https://www.atptour.com/en/rankings/singles?dateWeek=2026-01-12&rankRange=0-5000,2026-03-22T00:43:17Z
atp,2026-01-12,PG94,Marc Polmans,Marc Polmans,382,123,https://www.atptour.com/en/rankings/singles?dateWeek=2026-01-12&rankRange=0-5000,2026-03-22T00:43:17Z
atp,2026-01-12,P0GQ,Mili Poljicak,Mili Poljicak,383,123,https://www.atptour.com/en/rankings/singles?dateWeek=2026-01-12&rankRange=0-5000,2026-03-22T00:43:17Z
atp,2026-01-12,M0CW,Aidan McHugh,Aidan Mchugh,384,123,https://www.atptour.com/en/rankings/singles?dateWeek=2026-01-12&rankRange=0-5000,2026-03-22T00:43:17Z
atp,2026-01-12,J476,David Jorda Sanchis,David Jorda Sanchis,385,123,https://www.atptour.com/en/rankings/singles?dateWeek=2026-01-12&rankRange=0-5000,2026-03-22T00:43:17Z
atp,2026-01-12,S0EK,Matias Soto,Matias Soto,386,122,https://www.atptour.com/en/rankings/singles?dateWeek=2026-01-12&rankRange=0-5000,2026-03-22T00:43:17Z
atp,2026-01-12,F0BT,Jonas Forejtek,Jonas Forejtek,387,121,https://www.atptour.com/en/rankings/singles?dateWeek=2026-01-12&rankRange=0-5000,2026-03-22T00:43:17Z
atp,2026-01-12,B0LW,Mika Brunold,Mika Brunold,388,121,https://www.atptour.com/en/rankings/singles?dateWeek=2026-01-12&rankRange=0-5000,2026-03-22T00:43:17Z
atp,2026-01-12,BF23,Facundo Bagnis,Facundo Bagnis,389,120,https://www.atptour.com/en/rankings/singles?dateWeek=2026-01-12&rankRange=0-5000,2026-03-22T00:43:17Z
atp,2026-01-12,TC01,Li Tu,Li Tu,390,120,https://www.atptour.com/en/rankings/singles?dateWeek=2026-01-12&rankRange=0-5000,2026-03-22T00:43:17Z
atp,2026-01-12,X01C,Ioannis Xilas,Ioannis Xilas,391,120,https://www.atptour.com/en/rankings/singles?dateWeek=2026-01-12&rankRange=0-5000,2026-03-22T00:43:17Z
atp,2026-01-12,C0LK,Carlo Alberto Caniato,Carlo Alberto Caniato,392,120,https://www.atptour.com/en/rankings/singles?dateWeek=2026-01-12&rankRange=0-5000,2026-03-22T00:43:17Z
atp,2026-01-12,P0DR,Andrea Picchione,Andrea Picchione,393,119,https://www.atptour.com/en/rankings/singles?dateWeek=2026-01-12&rankRange=0-5000,2026-03-22T00:43:17Z
atp,2026-01-12,S0W8,Aryan Shah,Aryan Shah,394,119,https://www.atptour.com/en/rankings/singles?dateWeek=2026-01-12&rankRange=0-5000,2026-03-22T00:43:17Z
atp,2026-01-12,R772,Albert Ramos-Vinolas,Albert Ramos Vinolas,395,118,https://www.atptour.com/en/rankings/singles?dateWeek=2026-01-12&rankRange=0-5000,2026-03-22T00:43:17Z
atp,2026-01-12,RD48,Igor Marcondes,Igor Marcondes,396,118,https://www.atptour.com/en/rankings/singles?dateWeek=2026-01-12&rankRange=0-5000,2026-03-22T00:43:17Z
atp,2026-01-12,M0RG,Daniel Milavsky,Daniel Milavsky,397,118,https://www.atptour.com/en/rankings/singles?dateWeek=2026-01-12&rankRange=0-5000,2026-03-22T00:43:17Z
atp,2026-01-12,S0GV,Robert Strombachs,Robert Strombachs,398,118,https://www.atptour.com/en/rankings/singles?dateWeek=2026-01-12&rankRange=0-5000,2026-03-22T00:43:17Z
atp,2026-01-12,DF92,Corentin Denolly,Corentin Denolly,399,118,https://www.atptour.com/en/rankings/singles?dateWeek=2026-01-12&rankRange=0-5000,2026-03-22T00:43:17Z
atp,2026-01-12,M0C2,Dan Martin,Dan Martin,400,117,https://www.atptour.com/en/rankings/singles?dateWeek=2026-01-12&rankRange=0-5000,2026-03-22T00:43:17Z
atp,2026-01-12,P0MG,Raphael Perot,Raphael Perot,401,117,https://www.atptour.com/en/rankings/singles?dateWeek=2026-01-12&rankRange=0-5000,2026-03-22T00:43:17Z
atp,2026-01-12,PJ74,Lucas Poullain,Lucas Poullain,402,117,https://www.atptour.com/en/rankings/singles?dateWeek=2026-01-12&rankRange=0-5000,2026-03-22T00:43:17Z
atp,2026-01-12,B0I6,Samir Banerjee,Samir Banerjee,403,116,https://www.atptour.com/en/rankings/singles?dateWeek=2026-01-12&rankRange=0-5000,2026-03-22T00:43:17Z
atp,2026-01-12,LB66,Constant Lestienne,Constant Lestienne,404,116,https://www.atptour.com/en/rankings/singles?dateWeek=2026-01-12&rankRange=0-5000,2026-03-22T00:43:17Z
atp,2026-01-12,M0SC,Hayato Matsuoka,Hayato Matsuoka,405,116,https://www.atptour.com/en/rankings/singles?dateWeek=2026-01-12&rankRange=0-5000,2026-03-22T00:43:17Z
atp,2026-01-12,KE69,Mariano Kestelboim,Mariano Kestelboim,406,115,https://www.atptour.com/en/rankings/singles?dateWeek=2026-01-12&rankRange=0-5000,2026-03-22T00:43:17Z
atp,2026-01-12,A09Q,Mert Alkaya,Mert Alkaya,407,115,https://www.atptour.com/en/rankings/singles?dateWeek=2026-01-12&rankRange=0-5000,2026-03-22T00:43:17Z
atp,2026-01-12,M0NL,Inaki Montes-De La Torre,Inaki Montes De La Torre,408,115,https://www.atptour.com/en/rankings/singles?dateWeek=2026-01-12&rankRange=0-5000,2026-03-22T00:43:17Z
atp,2026-01-12,H0CD,Alex Hernandez,Alex Hernandez,409,115,https://www.atptour.com/en/rankings/singles?dateWeek=2026-01-12&rankRange=0-5000,2026-03-22T00:43:17Z
atp,2026-01-12,RB60,Oriol Roca Batalla,Oriol Roca Batalla,410,114,https://www.atptour.com/en/rankings/singles?dateWeek=2026-01-12&rankRange=0-5000,2026-03-22T00:43:17Z
atp,2026-01-12,BV24,Raul Brancaccio,Raul Brancaccio,411,114,https://www.atptour.com/en/rankings/singles?dateWeek=2026-01-12&rankRange=0-5000,2026-03-22T00:43:17Z
atp,2026-01-12,M0GB,Alex Martinez,Alex Martinez,412,114,https://www.atptour.com/en/rankings/singles?dateWeek=2026-01-12&rankRange=0-5000,2026-03-22T00:43:17Z
atp,2026-01-12,S0HR,Kasidit Samrej,Kasidit Samrej,413,114,https://www.atptour.com/en/rankings/singles?dateWeek=2026-01-12&rankRange=0-5000,2026-03-22T00:43:17Z
atp,2026-01-12,C0JX,Sean Cuenin,Sean Cuenin,414,113,https://www.atptour.com/en/rankings/singles?dateWeek=2026-01-12&rankRange=0-5000,2026-03-22T00:43:17Z
atp,2026-01-12,P0BK,Stuart Parker,Stuart Parker,415,112,https://www.atptour.com/en/rankings/singles?dateWeek=2026-01-12&rankRange=0-5000,2026-03-22T00:43:17Z
atp,2026-01-12,B0C5,Florian Broska,Florian Broska,416,112,https://www.atptour.com/en/rankings/singles?dateWeek=2026-01-12&rankRange=0-5000,2026-03-22T00:43:17Z
atp,2026-01-12,C0AJ,Jie Cui,Jie Cui,417,112,https://www.atptour.com/en/rankings/singles?dateWeek=2026-01-12&rankRange=0-5000,2026-03-22T00:43:17Z
atp,2026-01-12,B0JE,Max Basing,Max Basing,418,111,https://www.atptour.com/en/rankings/singles?dateWeek=2026-01-12&rankRange=0-5000,2026-03-22T00:43:17Z
atp,2026-01-12,K0HC,Maks Kasnikowski,Maks Kasnikowski,419,111,https://www.atptour.com/en/rankings/singles?dateWeek=2026-01-12&rankRange=0-5000,2026-03-22T00:43:17Z
atp,2026-01-12,R0JW,Michele Ribecai,Michele Ribecai,420,111,https://www.atptour.com/en/rankings/singles?dateWeek=2026-01-12&rankRange=0-5000,2026-03-22T00:43:17Z
atp,2026-01-12,CH80,Luca Castelnuovo,Luca Castelnuovo,421,110,https://www.atptour.com/en/rankings/singles?dateWeek=2026-01-12&rankRange=0-5000,2026-03-22T00:43:17Z
atp,2026-01-12,C0OW,Lorenzo Carboni,Lorenzo Carboni,422,110,https://www.atptour.com/en/rankings/singles?dateWeek=2026-01-12&rankRange=0-5000,2026-03-22T00:43:17Z
atp,2026-01-12,CH27,Hyeon Chung,Hyeon Chung,423,109,https://www.atptour.com/en/rankings/singles?dateWeek=2026-01-12&rankRange=0-5000,2026-03-22T00:43:17Z
atp,2026-01-12,S0DQ,Keegan Smith,Keegan Smith,424,109,https://www.atptour.com/en/rankings/singles?dateWeek=2026-01-12&rankRange=0-5000,2026-03-22T00:43:17Z
atp,2026-01-12,O0AD,Neil Oberleitner,Neil Oberleitner,425,109,https://www.atptour.com/en/rankings/singles?dateWeek=2026-01-12&rankRange=0-5000,2026-03-22T00:43:17Z
atp,2026-01-12,S0C2,Hikaru Shiraishi,Hikaru Shiraishi,426,109,https://www.atptour.com/en/rankings/singles?dateWeek=2026-01-12&rankRange=0-5000,2026-03-22T00:43:17Z
atp,2026-01-12,U176,Vadym Ursu,Vadym Ursu,427,109,https://www.atptour.com/en/rankings/singles?dateWeek=2026-01-12&rankRange=0-5000,2026-03-22T00:43:17Z
atp,2026-01-12,D0DC,Etienne Donnet,Etienne Donnet,428,108,https://www.atptour.com/en/rankings/singles?dateWeek=2026-01-12&rankRange=0-5000,2026-03-22T00:43:17Z
atp,2026-01-12,A829,Radu Albot,Radu Albot,429,108,https://www.atptour.com/en/rankings/singles?dateWeek=2026-01-12&rankRange=0-5000,2026-03-22T00:43:17Z
atp,2026-01-12,A0IA,Erik Arutiunian,Erik Arutiunian,430,108,https://www.atptour.com/en/rankings/singles?dateWeek=2026-01-12&rankRange=0-5000,2026-03-22T00:43:17Z
atp,2026-01-12,CF88,Roberto Cid Subervi,Roberto Cid Subervi,431,107,https://www.atptour.com/en/rankings/singles?dateWeek=2026-01-12&rankRange=0-5000,2026-03-22T00:43:17Z
atp,2026-01-12,BE90,Ricardas Berankis,Ricardas Berankis,432,107,https://www.atptour.com/en/rankings/singles?dateWeek=2026-01-12&rankRange=0-5000,2026-03-22T00:43:17Z
atp,2026-01-12,L0GR,Juan Manuel La Serna,Juan Manuel La Serna,433,107,https://www.atptour.com/en/rankings/singles?dateWeek=2026-01-12&rankRange=0-5000,2026-03-22T00:43:17Z
atp,2026-01-12,E768,Antoine Escoffier,Antoine Escoffier,434,107,https://www.atptour.com/en/rankings/singles?dateWeek=2026-01-12&rankRange=0-5000,2026-03-22T00:43:17Z
atp,2026-01-12,A0IK,Luciano Emanuel Ambrogi,Luciano Emanuel Ambrogi,435,107,https://www.atptour.com/en/rankings/singles?dateWeek=2026-01-12&rankRange=0-5000,2026-03-22T00:43:17Z
atp,2026-01-12,W0A4,Arthur Weber,Arthur Weber,436,106,https://www.atptour.com/en/rankings/singles?dateWeek=2026-01-12&rankRange=0-5000,2026-03-22T00:43:17Z
atp,2026-01-12,PL64,Oleg Prihodko,Oleg Prihodko,437,106,https://www.atptour.com/en/rankings/singles?dateWeek=2026-01-12&rankRange=0-5000,2026-03-22T00:43:17Z
atp,2026-01-12,M0TO,Mae Malige,Mae Malige,438,106,https://www.atptour.com/en/rankings/singles?dateWeek=2026-01-12&rankRange=0-5000,2026-03-22T00:43:17Z
atp,2026-01-12,G0CV,Buvaysar Gadamauri,Buvaysar Gadamauri,439,106,https://www.atptour.com/en/rankings/singles?dateWeek=2026-01-12&rankRange=0-5000,2026-03-22T00:43:17Z
atp,2026-01-12,B0PE,Federico Bondioli,Federico Bondioli,440,106,https://www.atptour.com/en/rankings/singles?dateWeek=2026-01-12&rankRange=0-5000,2026-03-22T00:43:17Z
atp,2026-01-12,EA27,Blake Ellis,Blake Ellis,441,105,https://www.atptour.com/en/rankings/singles?dateWeek=2026-01-12&rankRange=0-5000,2026-03-22T00:43:17Z
atp,2026-01-12,W0BB,Max Wiskandt,Max Wiskandt,442,105,https://www.atptour.com/en/rankings/singles?dateWeek=2026-01-12&rankRange=0-5000,2026-03-22T00:43:17Z
atp,2026-01-12,W0BU,Olle Wallin,Olle Wallin,443,103,https://www.atptour.com/en/rankings/singles?dateWeek=2026-01-12&rankRange=0-5000,2026-03-22T00:43:17Z
atp,2026-01-12,V0BC,Cyril Vandermeersch,Cyril Vandermeersch,444,103,https://www.atptour.com/en/rankings/singles?dateWeek=2026-01-12&rankRange=0-5000,2026-03-22T00:43:17Z
atp,2026-01-12,B0GI,Alexander Binda,Alexander Binda,445,103,https://www.atptour.com/en/rankings/singles?dateWeek=2026-01-12&rankRange=0-5000,2026-03-22T00:43:17Z
atp,2026-01-12,R0BC,Lorenzo Joaquin Rodriguez,Lorenzo Joaquin Rodriguez,446,103,https://www.atptour.com/en/rankings/singles?dateWeek=2026-01-12&rankRange=0-5000,2026-03-22T00:43:17Z
atp,2026-01-12,K0HG,Milos Karol,Milos Karol,447,102,https://www.atptour.com/en/rankings/singles?dateWeek=2026-01-12&rankRange=0-5000,2026-03-22T00:43:17Z
atp,2026-01-12,N679,Stefano Napolitano,Stefano Napolitano,448,101,https://www.atptour.com/en/rankings/singles?dateWeek=2026-01-12&rankRange=0-5000,2026-03-22T00:43:17Z
atp,2026-01-12,E0AA,Yanki Erel,Yanki Erel,449,101,https://www.atptour.com/en/rankings/singles?dateWeek=2026-01-12&rankRange=0-5000,2026-03-22T00:43:17Z
atp,2026-01-12,M0AC,Rudolf Molleker,Rudolf Molleker,450,100,https://www.atptour.com/en/rankings/singles?dateWeek=2026-01-12&rankRange=0-5000,2026-03-22T00:43:17Z
atp,2026-01-12,V0D4,Eric Vanshelboim,Eric Vanshelboim,451,100,https://www.atptour.com/en/rankings/singles?dateWeek=2026-01-12&rankRange=0-5000,2026-03-22T00:43:17Z
atp,2026-01-12,B0JP,Dali Blanch,Dali Blanch,452,100,https://www.atptour.com/en/rankings/singles?dateWeek=2026-01-12&rankRange=0-5000,2026-03-22T00:43:17Z
atp,2026-01-12,F0CJ,Gianmarco Ferrari,Gianmarco Ferrari,453,100,https://www.atptour.com/en/rankings/singles?dateWeek=2026-01-12&rankRange=0-5000,2026-03-22T00:43:17Z
atp,2026-01-12,CO01,Andrey Chepelev,Andrey Chepelev,454,99,https://www.atptour.com/en/rankings/singles?dateWeek=2026-01-12&rankRange=0-5000,2026-03-22T00:43:17Z
atp,2026-01-12,G0J9,Svyatoslav Gulin,Svyatoslav Gulin,455,98,https://www.atptour.com/en/rankings/singles?dateWeek=2026-01-12&rankRange=0-5000,2026-03-22T00:43:17Z
atp,2026-01-12,FC49,Giovanni Fonio,Giovanni Fonio,456,98,https://www.atptour.com/en/rankings/singles?dateWeek=2026-01-12&rankRange=0-5000,2026-03-22T00:43:17Z
atp,2026-01-12,P0IT,Olaf Pieczkowski,Olaf Pieczkowski,457,98,https://www.atptour.com/en/rankings/singles?dateWeek=2026-01-12&rankRange=0-5000,2026-03-22T00:43:17Z
atp,2026-01-12,F0CK,Andrew Fenty,Andrew Fenty,458,98,https://www.atptour.com/en/rankings/singles?dateWeek=2026-01-12&rankRange=0-5000,2026-03-22T00:43:17Z
atp,2026-01-12,M0BN,Marvin Moeller,Marvin Moeller,459,97,https://www.atptour.com/en/rankings/singles?dateWeek=2026-01-12&rankRange=0-5000,2026-03-22T00:43:17Z
atp,2026-01-12,D0AR,Mateus Alves,Mateus Alves,460,97,https://www.atptour.com/en/rankings/singles?dateWeek=2026-01-12&rankRange=0-5000,2026-03-22T00:43:17Z
atp,2026-01-12,R09V,Eduardo Ribeiro,Eduardo Ribeiro,461,96,https://www.atptour.com/en/rankings/singles?dateWeek=2026-01-12&rankRange=0-5000,2026-03-22T00:43:17Z
atp,2026-01-12,Z419,Bernabe Zapata Miralles,Bernabe Zapata Miralles,462,96,https://www.atptour.com/en/rankings/singles?dateWeek=2026-01-12&rankRange=0-5000,2026-03-22T00:43:17Z
atp,2026-01-12,S0H9,James Story,James Story,463,96,https://www.atptour.com/en/rankings/singles?dateWeek=2026-01-12&rankRange=0-5000,2026-03-22T00:43:17Z
atp,2026-01-12,M0UR,Ognjen Milic,Ognjen Milic,464,95,https://www.atptour.com/en/rankings/singles?dateWeek=2026-01-12&rankRange=0-5000,2026-03-22T00:43:17Z
atp,2026-01-12,C0I4,Tibo Colson,Tibo Colson,465,95,https://www.atptour.com/en/rankings/singles?dateWeek=2026-01-12&rankRange=0-5000,2026-03-22T00:43:17Z
atp,2026-01-12,Z0C3,Maxim Zhukov,Maxim Zhukov,466,95,https://www.atptour.com/en/rankings/singles?dateWeek=2026-01-12&rankRange=0-5000,2026-03-22T00:43:17Z
atp,2026-01-12,B0EK,Moerani Bouzige,Moerani Bouzige,467,95,https://www.atptour.com/en/rankings/singles?dateWeek=2026-01-12&rankRange=0-5000,2026-03-22T00:43:17Z
atp,2026-01-12,S0DE,Dhakshineswar Suresh,Dhakshineswar Suresh,468,94,https://www.atptour.com/en/rankings/singles?dateWeek=2026-01-12&rankRange=0-5000,2026-03-22T00:43:17Z
atp,2026-01-12,S0TX,Henry Searle,Henry Searle,469,94,https://www.atptour.com/en/rankings/singles?dateWeek=2026-01-12&rankRange=0-5000,2026-03-22T00:43:17Z
atp,2026-01-12,S0RI,Karan Singh,Karan Singh,470,94,https://www.atptour.com/en/rankings/singles?dateWeek=2026-01-12&rankRange=0-5000,2026-03-22T00:43:17Z
atp,2026-01-12,L0C1,Carlos Lopez Montagud,Carlos Lopez Montagud,471,94,https://www.atptour.com/en/rankings/singles?dateWeek=2026-01-12&rankRange=0-5000,2026-03-22T00:43:17Z
atp,2026-01-12,K0DE,Takuya Kumasaka,Takuya Kumasaka,472,93,https://www.atptour.com/en/rankings/singles?dateWeek=2026-01-12&rankRange=0-5000,2026-03-22T00:43:17Z
atp,2026-01-12,V993,Eero Vasa,Eero Vasa,473,93,https://www.atptour.com/en/rankings/singles?dateWeek=2026-01-12&rankRange=0-5000,2026-03-22T00:43:17Z
atp,2026-01-12,E0DI,Juan Estevez,Juan Estevez,474,93,https://www.atptour.com/en/rankings/singles?dateWeek=2026-01-12&rankRange=0-5000,2026-03-22T00:43:17Z
atp,2026-01-12,DC38,Jake Delaney,Jake Delaney,475,93,https://www.atptour.com/en/rankings/singles?dateWeek=2026-01-12&rankRange=0-5000,2026-03-22T00:43:17Z
atp,2026-01-12,V09T,Pedro Vives Marcos,Pedro Vives Marcos,476,92,https://www.atptour.com/en/rankings/singles?dateWeek=2026-01-12&rankRange=0-5000,2026-03-22T00:43:17Z
atp,2026-01-12,M0GP,Filippo Moroni,Filippo Moroni,477,92,https://www.atptour.com/en/rankings/singles?dateWeek=2026-01-12&rankRange=0-5000,2026-03-22T00:43:17Z
atp,2026-01-12,PF65,Filip Peliwo,Filip Peliwo,478,92,https://www.atptour.com/en/rankings/singles?dateWeek=2026-01-12&rankRange=0-5000,2026-03-22T00:43:17Z
atp,2026-01-12,LC12,Laurent Lokoli,Laurent Lokoli,479,91,https://www.atptour.com/en/rankings/singles?dateWeek=2026-01-12&rankRange=0-5000,2026-03-22T00:43:17Z
atp,2026-01-12,V0BD,Nikolay Vylegzhanin,Nikolay Vylegzhanin,480,91,https://www.atptour.com/en/rankings/singles?dateWeek=2026-01-12&rankRange=0-5000,2026-03-22T00:43:17Z
atp,2026-01-12,BE67,Mirza Basic,Mirza Basic,481,90,https://www.atptour.com/en/rankings/singles?dateWeek=2026-01-12&rankRange=0-5000,2026-03-22T00:43:17Z
atp,2026-01-12,F0BP,Pietro Fellin,Pietro Fellin,482,90,https://www.atptour.com/en/rankings/singles?dateWeek=2026-01-12&rankRange=0-5000,2026-03-22T00:43:17Z
atp,2026-01-12,K09F,Pavel Kotov,Pavel Kotov,483,89,https://www.atptour.com/en/rankings/singles?dateWeek=2026-01-12&rankRange=0-5000,2026-03-22T00:43:17Z
atp,2026-01-12,KF17,Soonwoo Kwon,Soonwoo Kwon,484,89,https://www.atptour.com/en/rankings/singles?dateWeek=2026-01-12&rankRange=0-5000,2026-03-22T00:43:17Z
atp,2026-01-12,BE69,Yan Bai,Yan Bai,485,89,https://www.atptour.com/en/rankings/singles?dateWeek=2026-01-12&rankRange=0-5000,2026-03-22T00:43:17Z
atp,2026-01-12,P0BM,Tadeas Paroulek,Tadeas Paroulek,486,89,https://www.atptour.com/en/rankings/singles?dateWeek=2026-01-12&rankRange=0-5000,2026-03-22T00:43:17Z
atp,2026-01-12,B0I5,Blaise Bicknell,Blaise Bicknell,487,88,https://www.atptour.com/en/rankings/singles?dateWeek=2026-01-12&rankRange=0-5000,2026-03-22T00:43:17Z
atp,2026-01-12,S0T1,Joao Eduardo Schiessl,Joao Eduardo Schiessl,488,88,https://www.atptour.com/en/rankings/singles?dateWeek=2026-01-12&rankRange=0-5000,2026-03-22T00:43:17Z
atp,2026-01-12,WB19,Alexander Weis,Alexander Weis,489,88,https://www.atptour.com/en/rankings/singles?dateWeek=2026-01-12&rankRange=0-5000,2026-03-22T00:43:17Z
atp,2026-01-12,L0ID,Jack Loge,Jack Loge,490,88,https://www.atptour.com/en/rankings/singles?dateWeek=2026-01-12&rankRange=0-5000,2026-03-22T00:43:17Z
atp,2026-01-12,M0NJ,Lui Maxted,Lui Maxted,491,87,https://www.atptour.com/en/rankings/singles?dateWeek=2026-01-12&rankRange=0-5000,2026-03-22T00:43:17Z
atp,2026-01-12,T0EI,Aristotelis Thanos,Aristotelis Thanos,492,87,https://www.atptour.com/en/rankings/singles?dateWeek=2026-01-12&rankRange=0-5000,2026-03-22T00:43:17Z
atp,2026-01-12,W0C4,Edward Winter,Edward Winter,493,87,https://www.atptour.com/en/rankings/singles?dateWeek=2026-01-12&rankRange=0-5000,2026-03-22T00:43:17Z
atp,2026-01-12,D0HJ,Branko Djuric,Branko Djuric,494,87,https://www.atptour.com/en/rankings/singles?dateWeek=2026-01-12&rankRange=0-5000,2026-03-22T00:43:17Z
atp,2026-01-12,H0B5,Tsung-Hao Huang,Tsung Hao Huang,495,87,https://www.atptour.com/en/rankings/singles?dateWeek=2026-01-12&rankRange=0-5000,2026-03-22T00:43:17Z
atp,2026-01-12,G0A0,Andrea Guerrieri,Andrea Guerrieri,496,86,https://www.atptour.com/en/rankings/singles?dateWeek=2026-01-12&rankRange=0-5000,2026-03-22T00:43:17Z
atp,2026-01-12,A0I1,Bor Artnak,Bor Artnak,497,86,https://www.atptour.com/en/rankings/singles?dateWeek=2026-01-12&rankRange=0-5000,2026-03-22T00:43:17Z
atp,2026-01-12,K0DB,Cannon Kingsley,Cannon Kingsley,498,86,https://www.atptour.com/en/rankings/singles?dateWeek=2026-01-12&rankRange=0-5000,2026-03-22T00:43:17Z
atp,2026-01-12,D0JI,Manas Dhamne,Manas Dhamne,499,86,https://www.atptour.com/en/rankings/singles?dateWeek=2026-01-12&rankRange=0-5000,2026-03-22T00:43:17Z
atp,2026-01-12,H0JL,Jay Friend,Jay Friend,500,85,https://www.atptour.com/en/rankings/singles?dateWeek=2026-01-12&rankRange=0-5000,2026-03-22T00:43:17Z
atp,2026-01-12,O659,Vladyslav Orlov,Vladyslav Orlov,501,85,https://www.atptour.com/en/rankings/singles?dateWeek=2026-01-12&rankRange=0-5000,2026-03-22T00:43:17Z
atp,2026-01-12,M0EG,Tristan McCormick,Tristan Mccormick,502,85,https://www.atptour.com/en/rankings/singles?dateWeek=2026-01-12&rankRange=0-5000,2026-03-22T00:43:17Z
atp,2026-01-12,A0K3,Nicolas Arseneault,Nicolas Arseneault,503,84,https://www.atptour.com/en/rankings/singles?dateWeek=2026-01-12&rankRange=0-5000,2026-03-22T00:43:17Z
atp,2026-01-12,TF58,Yusuke Takahashi,Yusuke Takahashi,504,84,https://www.atptour.com/en/rankings/singles?dateWeek=2026-01-12&rankRange=0-5000,2026-03-22T00:43:17Z
atp,2026-01-12,M0EY,Alex Marti Pujolras,Alex Marti Pujolras,505,84,https://www.atptour.com/en/rankings/singles?dateWeek=2026-01-12&rankRange=0-5000,2026-03-22T00:43:17Z
atp,2026-01-12,O0BE,Oleksandr Ovcharenko,Oleksandr Ovcharenko,506,84,https://www.atptour.com/en/rankings/singles?dateWeek=2026-01-12&rankRange=0-5000,2026-03-22T00:43:17Z
atp,2026-01-12,P0CY,Stefan Palosi,Stefan Palosi,507,84,https://www.atptour.com/en/rankings/singles?dateWeek=2026-01-12&rankRange=0-5000,2026-03-22T00:43:17Z
atp,2026-01-12,KE73,Dominik Koepfer,Dominik Koepfer,508,83,https://www.atptour.com/en/rankings/singles?dateWeek=2026-01-12&rankRange=0-5000,2026-03-22T00:43:17Z
atp,2026-01-12,B0TP,Henry Bernet,Henry Bernet,509,83,https://www.atptour.com/en/rankings/singles?dateWeek=2026-01-12&rankRange=0-5000,2026-03-22T00:43:17Z
atp,2026-01-12,MN20,Daniel Masur,Daniel Masur,510,83,https://www.atptour.com/en/rankings/singles?dateWeek=2026-01-12&rankRange=0-5000,2026-03-22T00:43:17Z
atp,2026-01-12,O376,Renzo Olivo,Renzo Olivo,511,82,https://www.atptour.com/en/rankings/singles?dateWeek=2026-01-12&rankRange=0-5000,2026-03-22T00:43:17Z
atp,2026-01-12,N0B4,Ryan Nijboer,Ryan Nijboer,512,82,https://www.atptour.com/en/rankings/singles?dateWeek=2026-01-12&rankRange=0-5000,2026-03-22T00:43:17Z
atp,2026-01-12,RC04,Alexander Ritschard,Alexander Ritschard,513,81,https://www.atptour.com/en/rankings/singles?dateWeek=2026-01-12&rankRange=0-5000,2026-03-22T00:43:17Z
atp,2026-01-12,O0BI,Carl Emil Overbeck,Carl Emil Overbeck,514,81,https://www.atptour.com/en/rankings/singles?dateWeek=2026-01-12&rankRange=0-5000,2026-03-22T00:43:17Z
atp,2026-01-12,MI01,Hiroki Moriya,Hiroki Moriya,515,81,https://www.atptour.com/en/rankings/singles?dateWeek=2026-01-12&rankRange=0-5000,2026-03-22T00:43:17Z
atp,2026-01-12,F0HO,Thomas Faurel,Thomas Faurel,516,81,https://www.atptour.com/en/rankings/singles?dateWeek=2026-01-12&rankRange=0-5000,2026-03-22T00:43:17Z
atp,2026-01-12,A0J5,Stefan Adrian Andreescu,Stefan Adrian Andreescu,517,81,https://www.atptour.com/en/rankings/singles?dateWeek=2026-01-12&rankRange=0-5000,2026-03-22T00:43:17Z
atp,2026-01-12,D0A2,Matthew Dellavedova,Matthew Dellavedova,518,81,https://www.atptour.com/en/rankings/singles?dateWeek=2026-01-12&rankRange=0-5000,2026-03-22T00:43:17Z
atp,2026-01-12,S0TI,Philip Sekulic,Philip Sekulic,519,80,https://www.atptour.com/en/rankings/singles?dateWeek=2026-01-12&rankRange=0-5000,2026-03-22T00:43:17Z
atp,2026-01-12,A0FM,Egor Agafonov,Egor Agafonov,520,80,https://www.atptour.com/en/rankings/singles?dateWeek=2026-01-12&rankRange=0-5000,2026-03-22T00:43:17Z
atp,2026-01-12,N0CJ,Petr Nesterov,Petr Nesterov,521,79,https://www.atptour.com/en/rankings/singles?dateWeek=2026-01-12&rankRange=0-5000,2026-03-22T00:43:17Z
atp,2026-01-12,P0HY,Samuele Pieri,Samuele Pieri,522,79,https://www.atptour.com/en/rankings/singles?dateWeek=2026-01-12&rankRange=0-5000,2026-03-22T00:43:17Z
atp,2026-01-12,A0G7,Valerio Aboian,Valerio Aboian,523,78,https://www.atptour.com/en/rankings/singles?dateWeek=2026-01-12&rankRange=0-5000,2026-03-22T00:43:17Z
atp,2026-01-12,DG80,Enrico Dalla Valle,Enrico Dalla Valle,524,78,https://www.atptour.com/en/rankings/singles?dateWeek=2026-01-12&rankRange=0-5000,2026-03-22T00:43:17Z
atp,2026-01-12,M0G0,Ryuki Matsuda,Ryuki Matsuda,525,78,https://www.atptour.com/en/rankings/singles?dateWeek=2026-01-12&rankRange=0-5000,2026-03-22T00:43:17Z
atp,2026-01-12,MP13,Mukund Sasikumar,Mukund Sasikumar,526,78,https://www.atptour.com/en/rankings/singles?dateWeek=2026-01-12&rankRange=0-5000,2026-03-22T00:43:17Z
atp,2026-01-12,C0P0,Sergio Callejon Hernando,Sergio Callejon Hernando,527,78,https://www.atptour.com/en/rankings/singles?dateWeek=2026-01-12&rankRange=0-5000,2026-03-22T00:43:17Z
atp,2026-01-12,C0BB,Tommaso Compagnucci,Tommaso Compagnucci,528,78,https://www.atptour.com/en/rankings/singles?dateWeek=2026-01-12&rankRange=0-5000,2026-03-22T00:43:17Z
atp,2026-01-12,J620,Maxime Janvier,Maxime Janvier,529,78,https://www.atptour.com/en/rankings/singles?dateWeek=2026-01-12&rankRange=0-5000,2026-03-22T00:43:17Z
atp,2026-01-12,BU36,Alberto Barroso Campos,Alberto Barroso Campos,530,77,https://www.atptour.com/en/rankings/singles?dateWeek=2026-01-12&rankRange=0-5000,2026-03-22T00:43:17Z
atp,2026-01-12,K0HN,Bruno Kuzuhara,Bruno Kuzuhara,531,77,https://www.atptour.com/en/rankings/singles?dateWeek=2026-01-12&rankRange=0-5000,2026-03-22T00:43:17Z
atp,2026-01-12,P0HP,Lukas Pokorny,Lukas Pokorny,532,76,https://www.atptour.com/en/rankings/singles?dateWeek=2026-01-12&rankRange=0-5000,2026-03-22T00:43:17Z
atp,2026-01-12,B0JG,Leo Borg,Leo Borg,533,76,https://www.atptour.com/en/rankings/singles?dateWeek=2026-01-12&rankRange=0-5000,2026-03-22T00:43:17Z
atp,2026-01-12,I426,Masamichi Imamura,Masamichi Imamura,534,76,https://www.atptour.com/en/rankings/singles?dateWeek=2026-01-12&rankRange=0-5000,2026-03-22T00:43:17Z
atp,2026-01-12,G0EQ,Sebastian Gima,Sebastian Gima,535,76,https://www.atptour.com/en/rankings/singles?dateWeek=2026-01-12&rankRange=0-5000,2026-03-22T00:43:17Z
atp,2026-01-12,F0DP,Peter Fajta,Peter Fajta,536,75,https://www.atptour.com/en/rankings/singles?dateWeek=2026-01-12&rankRange=0-5000,2026-03-22T00:43:17Z
atp,2026-01-12,K0BJ,Georgii Kravchenko,Georgii Kravchenko,537,75,https://www.atptour.com/en/rankings/singles?dateWeek=2026-01-12&rankRange=0-5000,2026-03-22T00:43:17Z
atp,2026-01-12,Z0BL,Fares Zakaria,Fares Zakaria,538,75,https://www.atptour.com/en/rankings/singles?dateWeek=2026-01-12&rankRange=0-5000,2026-03-22T00:43:17Z
atp,2026-01-12,M0B2,Yuki Mochizuki,Yuki Mochizuki,539,74,https://www.atptour.com/en/rankings/singles?dateWeek=2026-01-12&rankRange=0-5000,2026-03-22T00:43:17Z
atp,2026-01-12,N663,Maximilian Neuchrist,Maximilian Neuchrist,540,74,https://www.atptour.com/en/rankings/singles?dateWeek=2026-01-12&rankRange=0-5000,2026-03-22T00:43:17Z
atp,2026-01-12,P0E9,Dominik Palan,Dominik Palan,541,74,https://www.atptour.com/en/rankings/singles?dateWeek=2026-01-12&rankRange=0-5000,2026-03-22T00:43:17Z
atp,2026-01-12,M09M,Ivan Marrero Curbelo,Ivan Marrero Curbelo,542,74,https://www.atptour.com/en/rankings/singles?dateWeek=2026-01-12&rankRange=0-5000,2026-03-22T00:43:17Z
atp,2026-01-12,P0JG,Gabriele Pennaforti,Gabriele Pennaforti,543,74,https://www.atptour.com/en/rankings/singles?dateWeek=2026-01-12&rankRange=0-5000,2026-03-22T00:43:17Z
atp,2026-01-12,RH24,Emil Ruusuvuori,Emil Ruusuvuori,544,73,https://www.atptour.com/en/rankings/singles?dateWeek=2026-01-12&rankRange=0-5000,2026-03-22T00:43:17Z
atp,2026-01-12,BP74,Aleksandre Bakshi,Aleksandre Bakshi,545,73,https://www.atptour.com/en/rankings/singles?dateWeek=2026-01-12&rankRange=0-5000,2026-03-22T00:43:17Z
atp,2026-01-12,E0BO,Nino Ehrenschneider,Nino Ehrenschneider,546,73,https://www.atptour.com/en/rankings/singles?dateWeek=2026-01-12&rankRange=0-5000,2026-03-22T00:43:17Z
atp,2026-01-12,LC11,Tristan Lamasine,Tristan Lamasine,547,72,https://www.atptour.com/en/rankings/singles?dateWeek=2026-01-12&rankRange=0-5000,2026-03-22T00:43:17Z
atp,2026-01-12,N830,Johan Nikles,Johan Nikles,548,72,https://www.atptour.com/en/rankings/singles?dateWeek=2026-01-12&rankRange=0-5000,2026-03-22T00:43:17Z
atp,2026-01-12,N0AL,Govind Nanda,Govind Nanda,549,71,https://www.atptour.com/en/rankings/singles?dateWeek=2026-01-12&rankRange=0-5000,2026-03-22T00:43:17Z
atp,2026-01-12,E811,Elmar Ejupovic,Elmar Ejupovic,550,71,https://www.atptour.com/en/rankings/singles?dateWeek=2026-01-12&rankRange=0-5000,2026-03-22T00:43:17Z
atp,2026-01-12,B0F8,Justin Boulais,Justin Boulais,551,71,https://www.atptour.com/en/rankings/singles?dateWeek=2026-01-12&rankRange=0-5000,2026-03-22T00:43:17Z
atp,2026-01-12,M0I0,Maxwell Mckennon,Maxwell Mckennon,552,71,https://www.atptour.com/en/rankings/singles?dateWeek=2026-01-12&rankRange=0-5000,2026-03-22T00:43:17Z
atp,2026-01-12,A0G8,Amr Elsayed,Amr Elsayed,553,71,https://www.atptour.com/en/rankings/singles?dateWeek=2026-01-12&rankRange=0-5000,2026-03-22T00:43:17Z
atp,2026-01-12,B0P4,Tomasz Berkieta,Tomasz Berkieta,554,70,https://www.atptour.com/en/rankings/singles?dateWeek=2026-01-12&rankRange=0-5000,2026-03-22T00:43:17Z
atp,2026-01-12,M0TE,Pavle Marinkov,Pavle Marinkov,555,70,https://www.atptour.com/en/rankings/singles?dateWeek=2026-01-12&rankRange=0-5000,2026-03-22T00:43:17Z
atp,2026-01-12,G0D9,Igor Gimenez,Igor Gimenez,556,70,https://www.atptour.com/en/rankings/singles?dateWeek=2026-01-12&rankRange=0-5000,2026-03-22T00:43:17Z
atp,2026-01-12,I0AX,Kokoro Isomura,Kokoro Isomura,557,70,https://www.atptour.com/en/rankings/singles?dateWeek=2026-01-12&rankRange=0-5000,2026-03-22T00:43:17Z
atp,2026-01-12,B0PU,Reda Bennani,Reda Bennani,558,69,https://www.atptour.com/en/rankings/singles?dateWeek=2026-01-12&rankRange=0-5000,2026-03-22T00:43:17Z
atp,2026-01-12,S0QZ,Sebastian Sorger,Sebastian Sorger,559,69,https://www.atptour.com/en/rankings/singles?dateWeek=2026-01-12&rankRange=0-5000,2026-03-22T00:43:17Z
atp,2026-01-12,S0IN,Woobin Shin,Woobin Shin,560,69,https://www.atptour.com/en/rankings/singles?dateWeek=2026-01-12&rankRange=0-5000,2026-03-22T00:43:17Z
atp,2026-01-12,KE36,Dominik Kellovsky,Dominik Kellovsky,561,69,https://www.atptour.com/en/rankings/singles?dateWeek=2026-01-12&rankRange=0-5000,2026-03-22T00:43:17Z
atp,2026-01-12,O0AI,Dusan Obradovic,Dusan Obradovic,562,69,https://www.atptour.com/en/rankings/singles?dateWeek=2026-01-12&rankRange=0-5000,2026-03-22T00:43:17Z
atp,2026-01-12,S0IV,Paulo Andre Saraiva Dos Santos,Paulo Andre Saraiva Dos Santos,563,69,https://www.atptour.com/en/rankings/singles?dateWeek=2026-01-12&rankRange=0-5000,2026-03-22T00:43:17Z
atp,2026-01-12,KI48,Ergi Kirkin,Ergi Kirkin,564,68,https://www.atptour.com/en/rankings/singles?dateWeek=2026-01-12&rankRange=0-5000,2026-03-22T00:43:17Z
atp,2026-01-12,P0G5,Stefan Popovic,Stefan Popovic,565,68,https://www.atptour.com/en/rankings/singles?dateWeek=2026-01-12&rankRange=0-5000,2026-03-22T00:43:17Z
atp,2026-01-12,KI71,Kirill Kivattsev,Kirill Kivattsev,566,68,https://www.atptour.com/en/rankings/singles?dateWeek=2026-01-12&rankRange=0-5000,2026-03-22T00:43:17Z
atp,2026-01-12,A0DV,Arda Azkara,Arda Azkara,567,67,https://www.atptour.com/en/rankings/singles?dateWeek=2026-01-12&rankRange=0-5000,2026-03-22T00:43:17Z
atp,2026-01-12,K0DP,Oleksii Krutykh,Oleksii Krutykh,568,67,https://www.atptour.com/en/rankings/singles?dateWeek=2026-01-12&rankRange=0-5000,2026-03-22T00:43:17Z
atp,2026-01-12,R0HK,Filippo Romano,Filippo Romano,569,67,https://www.atptour.com/en/rankings/singles?dateWeek=2026-01-12&rankRange=0-5000,2026-03-22T00:43:17Z
atp,2026-01-12,B0D6,Taha Baadi,Taha Baadi,570,67,https://www.atptour.com/en/rankings/singles?dateWeek=2026-01-12&rankRange=0-5000,2026-03-22T00:43:17Z
atp,2026-01-12,P0FJ,Radu Mihai Papoe,Radu Mihai Papoe,571,66,https://www.atptour.com/en/rankings/singles?dateWeek=2026-01-12&rankRange=0-5000,2026-03-22T00:43:17Z
atp,2026-01-12,C0JT,Robin Catry,Robin Catry,572,66,https://www.atptour.com/en/rankings/singles?dateWeek=2026-01-12&rankRange=0-5000,2026-03-22T00:43:17Z
atp,2026-01-12,N0EG,Arthur Nagel,Arthur Nagel,573,66,https://www.atptour.com/en/rankings/singles?dateWeek=2026-01-12&rankRange=0-5000,2026-03-22T00:43:17Z
atp,2026-01-12,MW54,Dragos Nicolae Madaras,Dragos Nicolae Madaras,574,65,https://www.atptour.com/en/rankings/singles?dateWeek=2026-01-12&rankRange=0-5000,2026-03-22T00:43:17Z
atp,2026-01-12,SM88,Karue Sell,Karue Sell,575,65,https://www.atptour.com/en/rankings/singles?dateWeek=2026-01-12&rankRange=0-5000,2026-03-22T00:43:17Z
atp,2026-01-12,SR81,Khumoyun Sultanov,Khumoyun Sultanov,576,65,https://www.atptour.com/en/rankings/singles?dateWeek=2026-01-12&rankRange=0-5000,2026-03-22T00:43:17Z
atp,2026-01-12,CD00,Maxime Chazal,Maxime Chazal,577,65,https://www.atptour.com/en/rankings/singles?dateWeek=2026-01-12&rankRange=0-5000,2026-03-22T00:43:17Z
atp,2026-01-12,T0IZ,Alvin Nicholas Tudorica,Alvin Nicholas Tudorica,578,65,https://www.atptour.com/en/rankings/singles?dateWeek=2026-01-12&rankRange=0-5000,2026-03-22T00:43:17Z
atp,2026-01-12,K0L1,Michal Krajci,Michal Krajci,579,65,https://www.atptour.com/en/rankings/singles?dateWeek=2026-01-12&rankRange=0-5000,2026-03-22T00:43:17Z
atp,2026-01-12,PF39,Lucas Pouille,Lucas Pouille,580,64,https://www.atptour.com/en/rankings/singles?dateWeek=2026-01-12&rankRange=0-5000,2026-03-22T00:43:17Z
atp,2026-01-12,GB41,Juan Sebastian Gomez,Juan Sebastian Gomez,581,64,https://www.atptour.com/en/rankings/singles?dateWeek=2026-01-12&rankRange=0-5000,2026-03-22T00:43:17Z
atp,2026-01-12,P0FV,Filip Jeff Planinsek,Filip Jeff Planinsek,582,64,https://www.atptour.com/en/rankings/singles?dateWeek=2026-01-12&rankRange=0-5000,2026-03-22T00:43:17Z
atp,2026-01-12,M0EN,Manuel Mazza,Manuel Mazza,583,64,https://www.atptour.com/en/rankings/singles?dateWeek=2026-01-12&rankRange=0-5000,2026-03-22T00:43:17Z
atp,2026-01-12,V0B2,Michael Vrbensky,Michael Vrbensky,584,64,https://www.atptour.com/en/rankings/singles?dateWeek=2026-01-12&rankRange=0-5000,2026-03-22T00:43:17Z
atp,2026-01-12,DB59,Dennis Novak,Dennis Novak,585,64,https://www.atptour.com/en/rankings/singles?dateWeek=2026-01-12&rankRange=0-5000,2026-03-22T00:43:17Z
atp,2026-01-12,S0U5,Tai Sach,Tai Sach,586,64,https://www.atptour.com/en/rankings/singles?dateWeek=2026-01-12&rankRange=0-5000,2026-03-22T00:43:17Z
atp,2026-01-12,D0D4,Stefan Dostanic,Stefan Dostanic,587,63,https://www.atptour.com/en/rankings/singles?dateWeek=2026-01-12&rankRange=0-5000,2026-03-22T00:43:17Z
atp,2026-01-12,I306,Cem Ilkel,Cem Ilkel,588,63,https://www.atptour.com/en/rankings/singles?dateWeek=2026-01-12&rankRange=0-5000,2026-03-22T00:43:17Z
atp,2026-01-12,T0AA,Dan Alexandru Tomescu,Dan Alexandru Tomescu,589,63,https://www.atptour.com/en/rankings/singles?dateWeek=2026-01-12&rankRange=0-5000,2026-03-22T00:43:17Z
atp,2026-01-12,KC04,Jozef Kovalik,Jozef Kovalik,590,63,https://www.atptour.com/en/rankings/singles?dateWeek=2026-01-12&rankRange=0-5000,2026-03-22T00:43:17Z
atp,2026-01-12,M0SB,Koki Matsuda,Koki Matsuda,591,63,https://www.atptour.com/en/rankings/singles?dateWeek=2026-01-12&rankRange=0-5000,2026-03-22T00:43:17Z
atp,2026-01-12,G0MI,Adhithya Ganesan,Adhithya Ganesan,592,63,https://www.atptour.com/en/rankings/singles?dateWeek=2026-01-12&rankRange=0-5000,2026-03-22T00:43:17Z
atp,2026-01-12,T0I3,Miguel Tobon,Miguel Tobon,593,63,https://www.atptour.com/en/rankings/singles?dateWeek=2026-01-12&rankRange=0-5000,2026-03-22T00:43:17Z
atp,2026-01-12,BU53,Constantin Bittoun Kouzmine,Constantin Bittoun Kouzmine,594,63,https://www.atptour.com/en/rankings/singles?dateWeek=2026-01-12&rankRange=0-5000,2026-03-22T00:43:17Z
atp,2026-01-12,GF23,Lucas Gerch,Lucas Gerch,595,62,https://www.atptour.com/en/rankings/singles?dateWeek=2026-01-12&rankRange=0-5000,2026-03-22T00:43:17Z
atp,2026-01-12,SY71,Digvijaypratap Singh,Digvijaypratap Singh,596,62,https://www.atptour.com/en/rankings/singles?dateWeek=2026-01-12&rankRange=0-5000,2026-03-22T00:43:17Z
atp,2026-01-12,A0JW,Joaquin Aguilar Cardozo,Joaquin Aguilar Cardozo,597,62,https://www.atptour.com/en/rankings/singles?dateWeek=2026-01-12&rankRange=0-5000,2026-03-22T00:43:17Z
atp,2026-01-12,H0EI,Millen Hurrion,Millen Hurrion,598,62,https://www.atptour.com/en/rankings/singles?dateWeek=2026-01-12&rankRange=0-5000,2026-03-22T00:43:17Z
atp,2026-01-12,D0HM,Matthew William Donald,Matthew William Donald,599,61,https://www.atptour.com/en/rankings/singles?dateWeek=2026-01-12&rankRange=0-5000,2026-03-22T00:43:17Z
atp,2026-01-12,P0C1,Karl Poling,Karl Poling,600,61,https://www.atptour.com/en/rankings/singles?dateWeek=2026-01-12&rankRange=0-5000,2026-03-22T00:43:17Z
atp,2026-01-12,D0LY,Emilien Demanet,Emilien Demanet,601,61,https://www.atptour.com/en/rankings/singles?dateWeek=2026-01-12&rankRange=0-5000,2026-03-22T00:43:17Z
atp,2026-01-12,O656,Adrian Oetzbach,Adrian Oetzbach,602,61,https://www.atptour.com/en/rankings/singles?dateWeek=2026-01-12&rankRange=0-5000,2026-03-22T00:43:17Z
atp,2026-01-12,M0NA,Shunsuke Mitsui,Shunsuke Mitsui,603,60,https://www.atptour.com/en/rankings/singles?dateWeek=2026-01-12&rankRange=0-5000,2026-03-22T00:43:17Z
atp,2026-01-12,H0A4,Nick Hardt,Nick Hardt,604,60,https://www.atptour.com/en/rankings/singles?dateWeek=2026-01-12&rankRange=0-5000,2026-03-22T00:43:17Z
atp,2026-01-12,S0Y0,Andres Santamarta Roig,Andres Santamarta Roig,605,60,https://www.atptour.com/en/rankings/singles?dateWeek=2026-01-12&rankRange=0-5000,2026-03-22T00:43:17Z
atp,2026-01-12,A09W,Juan Carlos Aguilar,Juan Carlos Aguilar,606,60,https://www.atptour.com/en/rankings/singles?dateWeek=2026-01-12&rankRange=0-5000,2026-03-22T00:43:17Z
atp,2026-01-12,R0HP,Lucio Ratti,Lucio Ratti,607,60,https://www.atptour.com/en/rankings/singles?dateWeek=2026-01-12&rankRange=0-5000,2026-03-22T00:43:17Z
atp,2026-01-12,Z0DA,Carlos Maria Zarate,Carlos Maria Zarate,608,60,https://www.atptour.com/en/rankings/singles?dateWeek=2026-01-12&rankRange=0-5000,2026-03-22T00:43:17Z
atp,2026-01-12,M0QK,Loann Massard,Loann Massard,609,60,https://www.atptour.com/en/rankings/singles?dateWeek=2026-01-12&rankRange=0-5000,2026-03-22T00:43:17Z
atp,2026-01-12,WB25,Louis Wessels,Louis Wessels,610,60,https://www.atptour.com/en/rankings/singles?dateWeek=2026-01-12&rankRange=0-5000,2026-03-22T00:43:17Z
atp,2026-01-12,A0IY,Luis Carlos Alvarez,Luis Carlos Alvarez,611,59,https://www.atptour.com/en/rankings/singles?dateWeek=2026-01-12&rankRange=0-5000,2026-03-22T00:43:17Z
atp,2026-01-12,S0VU,Max Schoenhaus,Max Schoenhaus,612,59,https://www.atptour.com/en/rankings/singles?dateWeek=2026-01-12&rankRange=0-5000,2026-03-22T00:43:17Z
atp,2026-01-12,RH88,Alan Fernando Rubio Fierros,Alan Fernando Rubio Fierros,613,59,https://www.atptour.com/en/rankings/singles?dateWeek=2026-01-12&rankRange=0-5000,2026-03-22T00:43:17Z
atp,2026-01-12,M0NB,Aidan Mayo,Aidan Mayo,614,59,https://www.atptour.com/en/rankings/singles?dateWeek=2026-01-12&rankRange=0-5000,2026-03-22T00:43:17Z
atp,2026-01-12,B0A0,Maxence Beauge,Maxence Beauge,615,59,https://www.atptour.com/en/rankings/singles?dateWeek=2026-01-12&rankRange=0-5000,2026-03-22T00:43:17Z
atp,2026-01-12,C0MH,Gerard Campana Lee,Gerard Campana Lee,616,59,https://www.atptour.com/en/rankings/singles?dateWeek=2026-01-12&rankRange=0-5000,2026-03-22T00:43:17Z
atp,2026-01-12,I0A7,Nicholas David Ionel,Nicholas David Ionel,617,59,https://www.atptour.com/en/rankings/singles?dateWeek=2026-01-12&rankRange=0-5000,2026-03-22T00:43:17Z
atp,2026-01-12,R0ED,Max Hans Rehberg,Max Hans Rehberg,618,58,https://www.atptour.com/en/rankings/singles?dateWeek=2026-01-12&rankRange=0-5000,2026-03-22T00:43:17Z
atp,2026-01-12,D0FA,Yassine Dlimi,Yassine Dlimi,619,58,https://www.atptour.com/en/rankings/singles?dateWeek=2026-01-12&rankRange=0-5000,2026-03-22T00:43:17Z
atp,2026-01-12,I330,Shintaro Imai,Shintaro Imai,620,58,https://www.atptour.com/en/rankings/singles?dateWeek=2026-01-12&rankRange=0-5000,2026-03-22T00:43:17Z
atp,2026-01-12,W09B,Damien Wenger,Damien Wenger,621,58,https://www.atptour.com/en/rankings/singles?dateWeek=2026-01-12&rankRange=0-5000,2026-03-22T00:43:17Z
atp,2026-01-12,S0W4,Lorenzo Sciahbasi,Lorenzo Sciahbasi,622,58,https://www.atptour.com/en/rankings/singles?dateWeek=2026-01-12&rankRange=0-5000,2026-03-22T00:43:17Z
atp,2026-01-12,LH70,Kuan-Yi Lee,Kuan Yi Lee,623,58,https://www.atptour.com/en/rankings/singles?dateWeek=2026-01-12&rankRange=0-5000,2026-03-22T00:43:17Z
atp,2026-01-12,R0KD,Mees Rottgering,Mees Rottgering,624,58,https://www.atptour.com/en/rankings/singles?dateWeek=2026-01-12&rankRange=0-5000,2026-03-22T00:43:17Z
atp,2026-01-12,G0G2,Mario Gonzalez Fernandez,Mario Gonzalez Fernandez,625,58,https://www.atptour.com/en/rankings/singles?dateWeek=2026-01-12&rankRange=0-5000,2026-03-22T00:43:17Z
atp,2026-01-12,Y268,Mikael Ymer,Mikael Ymer,626,57,https://www.atptour.com/en/rankings/singles?dateWeek=2026-01-12&rankRange=0-5000,2026-03-22T00:43:17Z
atp,2026-01-12,N0D9,Jakub Nicod,Jakub Nicod,627,57,https://www.atptour.com/en/rankings/singles?dateWeek=2026-01-12&rankRange=0-5000,2026-03-22T00:43:17Z
atp,2026-01-12,K0AK,Yuta Kawahashi,Yuta Kawahashi,628,57,https://www.atptour.com/en/rankings/singles?dateWeek=2026-01-12&rankRange=0-5000,2026-03-22T00:43:17Z
atp,2026-01-12,M0R4,Juan Cruz Martin Manzano,Juan Cruz Martin Manzano,629,57,https://www.atptour.com/en/rankings/singles?dateWeek=2026-01-12&rankRange=0-5000,2026-03-22T00:43:17Z
atp,2026-01-12,B0WL,Felix Balshaw,Felix Balshaw,630,57,https://www.atptour.com/en/rankings/singles?dateWeek=2026-01-12&rankRange=0-5000,2026-03-22T00:43:17Z
atp,2026-01-12,DH23,S D Prajwal Dev,S D Prajwal Dev,631,57,https://www.atptour.com/en/rankings/singles?dateWeek=2026-01-12&rankRange=0-5000,2026-03-22T00:43:17Z
atp,2026-01-12,O09A,Aziz Ouakaa,Aziz Ouakaa,632,57,https://www.atptour.com/en/rankings/singles?dateWeek=2026-01-12&rankRange=0-5000,2026-03-22T00:43:17Z
atp,2026-01-12,MW18,Nicolas Moreno De Alboran,Nicolas Moreno De Alboran,633,56,https://www.atptour.com/en/rankings/singles?dateWeek=2026-01-12&rankRange=0-5000,2026-03-22T00:43:17Z
atp,2026-01-12,M0RX,Kenta Miyoshi,Kenta Miyoshi,634,56,https://www.atptour.com/en/rankings/singles?dateWeek=2026-01-12&rankRange=0-5000,2026-03-22T00:43:17Z
atp,2026-01-12,D0D2,Alec Deckers,Alec Deckers,635,56,https://www.atptour.com/en/rankings/singles?dateWeek=2026-01-12&rankRange=0-5000,2026-03-22T00:43:17Z
atp,2026-01-12,RH50,Arthur Reymond,Arthur Reymond,636,56,https://www.atptour.com/en/rankings/singles?dateWeek=2026-01-12&rankRange=0-5000,2026-03-22T00:43:17Z
atp,2026-01-12,F0HI,Ryan Fishback,Ryan Fishback,637,56,https://www.atptour.com/en/rankings/singles?dateWeek=2026-01-12&rankRange=0-5000,2026-03-22T00:43:17Z
atp,2026-01-12,KG49,Denis Klok,Denis Klok,638,56,https://www.atptour.com/en/rankings/singles?dateWeek=2026-01-12&rankRange=0-5000,2026-03-22T00:43:17Z
atp,2026-01-12,DB32,Yurii Dzhavakian,Yurii Dzhavakian,639,56,https://www.atptour.com/en/rankings/singles?dateWeek=2026-01-12&rankRange=0-5000,2026-03-22T00:43:17Z
atp,2026-01-12,SY00,Christian Sigsgaard,Christian Sigsgaard,640,55,https://www.atptour.com/en/rankings/singles?dateWeek=2026-01-12&rankRange=0-5000,2026-03-22T00:43:17Z
atp,2026-01-12,R0F1,Johan Alexander Rodriguez,Johan Alexander Rodriguez,641,55,https://www.atptour.com/en/rankings/singles?dateWeek=2026-01-12&rankRange=0-5000,2026-03-22T00:43:17Z
atp,2026-01-12,S0LT,Daniel Siniakov,Daniel Siniakov,642,55,https://www.atptour.com/en/rankings/singles?dateWeek=2026-01-12&rankRange=0-5000,2026-03-22T00:43:17Z
atp,2026-01-12,W0ED,James Watt,James Watt,643,55,https://www.atptour.com/en/rankings/singles?dateWeek=2026-01-12&rankRange=0-5000,2026-03-22T00:43:17Z
atp,2026-01-12,K0EU,Toby Kodat,Toby Kodat,644,55,https://www.atptour.com/en/rankings/singles?dateWeek=2026-01-12&rankRange=0-5000,2026-03-22T00:43:17Z
atp,2026-01-12,M0BW,Ye Cong Mo,Ye Cong Mo,645,55,https://www.atptour.com/en/rankings/singles?dateWeek=2026-01-12&rankRange=0-5000,2026-03-22T00:43:17Z
atp,2026-01-12,P0EV,Andrew Paulson,Andrew Paulson,646,54,https://www.atptour.com/en/rankings/singles?dateWeek=2026-01-12&rankRange=0-5000,2026-03-22T00:43:17Z
atp,2026-01-12,VA70,Mate Valkusz,Mate Valkusz,647,54,https://www.atptour.com/en/rankings/singles?dateWeek=2026-01-12&rankRange=0-5000,2026-03-22T00:43:17Z
atp,2026-01-12,K0ES,Yusuke Kusuhara,Yusuke Kusuhara,648,54,https://www.atptour.com/en/rankings/singles?dateWeek=2026-01-12&rankRange=0-5000,2026-03-22T00:43:17Z
atp,2026-01-12,TG30,Rigele Te,Rigele Te,649,54,https://www.atptour.com/en/rankings/singles?dateWeek=2026-01-12&rankRange=0-5000,2026-03-22T00:43:17Z
atp,2026-01-12,D0DK,Santiago De La Fuente,Santiago De La Fuente,650,54,https://www.atptour.com/en/rankings/singles?dateWeek=2026-01-12&rankRange=0-5000,2026-03-22T00:43:17Z
atp,2026-01-12,K0GA,Igor Kudriashov,Igor Kudriashov,651,54,https://www.atptour.com/en/rankings/singles?dateWeek=2026-01-12&rankRange=0-5000,2026-03-22T00:43:17Z
atp,2026-01-12,G0I3,Massimo Giunta,Massimo Giunta,652,54,https://www.atptour.com/en/rankings/singles?dateWeek=2026-01-12&rankRange=0-5000,2026-03-22T00:43:17Z
atp,2026-01-12,F0HN,Karol Filar,Karol Filar,653,53,https://www.atptour.com/en/rankings/singles?dateWeek=2026-01-12&rankRange=0-5000,2026-03-22T00:43:17Z
atp,2026-01-12,J737,Facundo Juarez,Facundo Juarez,654,53,https://www.atptour.com/en/rankings/singles?dateWeek=2026-01-12&rankRange=0-5000,2026-03-22T00:43:17Z
atp,2026-01-12,G0FF,Axel Garcian,Axel Garcian,655,53,https://www.atptour.com/en/rankings/singles?dateWeek=2026-01-12&rankRange=0-5000,2026-03-22T00:43:17Z
atp,2026-01-12,K0HL,Kyle Kang,Kyle Kang,656,52,https://www.atptour.com/en/rankings/singles?dateWeek=2026-01-12&rankRange=0-5000,2026-03-22T00:43:17Z
atp,2026-01-12,K0HZ,Aidan Kim,Aidan Kim,657,52,https://www.atptour.com/en/rankings/singles?dateWeek=2026-01-12&rankRange=0-5000,2026-03-22T00:43:17Z
atp,2026-01-12,A09P,Alafia Ayeni,Alafia Ayeni,658,52,https://www.atptour.com/en/rankings/singles?dateWeek=2026-01-12&rankRange=0-5000,2026-03-22T00:43:17Z
atp,2026-01-12,S0XE,Alejo Sanchez Quilez,Alejo Sanchez Quilez,659,52,https://www.atptour.com/en/rankings/singles?dateWeek=2026-01-12&rankRange=0-5000,2026-03-22T00:43:17Z
atp,2026-01-12,H0EH,Tim Handel,Tim Handel,660,52,https://www.atptour.com/en/rankings/singles?dateWeek=2026-01-12&rankRange=0-5000,2026-03-22T00:43:17Z
atp,2026-01-12,C0OF,Duncan Chan,Duncan Chan,661,51,https://www.atptour.com/en/rankings/singles?dateWeek=2026-01-12&rankRange=0-5000,2026-03-22T00:43:17Z
atp,2026-01-12,V0J1,Jacopo Vasami,Jacopo Vasami,662,51,https://www.atptour.com/en/rankings/singles?dateWeek=2026-01-12&rankRange=0-5000,2026-03-22T00:43:17Z
atp,2026-01-12,R0IL,Iliyan Radulov,Iliyan Radulov,663,51,https://www.atptour.com/en/rankings/singles?dateWeek=2026-01-12&rankRange=0-5000,2026-03-22T00:43:17Z
atp,2026-01-12,S0E6,Stijn Slump,Stijn Slump,664,51,https://www.atptour.com/en/rankings/singles?dateWeek=2026-01-12&rankRange=0-5000,2026-03-22T00:43:17Z
atp,2026-01-12,L0AT,Imanol Lopez Morillo,Imanol Lopez Morillo,665,51,https://www.atptour.com/en/rankings/singles?dateWeek=2026-01-12&rankRange=0-5000,2026-03-22T00:43:17Z
atp,2026-01-12,L0DB,Giuseppe La Vela,Giuseppe La Vela,666,51,https://www.atptour.com/en/rankings/singles?dateWeek=2026-01-12&rankRange=0-5000,2026-03-22T00:43:17Z
atp,2026-01-12,C0HV,Luca Castagnola,Luca Castagnola,667,51,https://www.atptour.com/en/rankings/singles?dateWeek=2026-01-12&rankRange=0-5000,2026-03-22T00:43:17Z
atp,2026-01-12,V0DG,Quinn Vandecasteele,Quinn Vandecasteele,668,51,https://www.atptour.com/en/rankings/singles?dateWeek=2026-01-12&rankRange=0-5000,2026-03-22T00:43:17Z
atp,2026-01-12,O639,Giovanni Oradini,Giovanni Oradini,669,51,https://www.atptour.com/en/rankings/singles?dateWeek=2026-01-12&rankRange=0-5000,2026-03-22T00:43:17Z
atp,2026-01-12,KD46,Thanasi Kokkinakis,Thanasi Kokkinakis,670,50,https://www.atptour.com/en/rankings/singles?dateWeek=2026-01-12&rankRange=0-5000,2026-03-22T00:43:17Z
atp,2026-01-12,KE17,Nick Kyrgios,Nick Kyrgios,671,50,https://www.atptour.com/en/rankings/singles?dateWeek=2026-01-12&rankRange=0-5000,2026-03-22T00:43:17Z
atp,2026-01-12,KC56,Aslan Karatsev,Aslan Karatsev,672,50,https://www.atptour.com/en/rankings/singles?dateWeek=2026-01-12&rankRange=0-5000,2026-03-22T00:43:17Z
atp,2026-01-12,A0JA,Michael Agwi,Michael Agwi,673,50,https://www.atptour.com/en/rankings/singles?dateWeek=2026-01-12&rankRange=0-5000,2026-03-22T00:43:17Z
atp,2026-01-12,K0JH,Jan Kumstat,Jan Kumstat,674,50,https://www.atptour.com/en/rankings/singles?dateWeek=2026-01-12&rankRange=0-5000,2026-03-22T00:43:17Z
atp,2026-01-12,T0JZ,Radu David Turcanu,Radu David Turcanu,675,50,https://www.atptour.com/en/rankings/singles?dateWeek=2026-01-12&rankRange=0-5000,2026-03-22T00:43:17Z
atp,2026-01-12,N0BU,Daniel Antonio Nunez,Daniel Antonio Nunez,676,50,https://www.atptour.com/en/rankings/singles?dateWeek=2026-01-12&rankRange=0-5000,2026-03-22T00:43:17Z
atp,2026-01-12,D0DB,Pierre Delage,Pierre Delage,677,50,https://www.atptour.com/en/rankings/singles?dateWeek=2026-01-12&rankRange=0-5000,2026-03-22T00:43:17Z
atp,2026-01-12,V0D0,Niels Visker,Niels Visker,678,50,https://www.atptour.com/en/rankings/singles?dateWeek=2026-01-12&rankRange=0-5000,2026-03-22T00:43:17Z
atp,2026-01-12,DH46,Alexander Donski,Alexander Donski,679,49,https://www.atptour.com/en/rankings/singles?dateWeek=2026-01-12&rankRange=0-5000,2026-03-22T00:43:17Z
atp,2026-01-12,CG94,Enzo Couacaud,Enzo Couacaud,680,49,https://www.atptour.com/en/rankings/singles?dateWeek=2026-01-12&rankRange=0-5000,2026-03-22T00:43:17Z
atp,2026-01-12,F0A4,Francesco Forti,Francesco Forti,681,49,https://www.atptour.com/en/rankings/singles?dateWeek=2026-01-12&rankRange=0-5000,2026-03-22T00:43:17Z
atp,2026-01-12,B0PN,Matisse Bobichon,Matisse Bobichon,682,49,https://www.atptour.com/en/rankings/singles?dateWeek=2026-01-12&rankRange=0-5000,2026-03-22T00:43:17Z
atp,2026-01-12,CN15,Felix Corwin,Felix Corwin,683,49,https://www.atptour.com/en/rankings/singles?dateWeek=2026-01-12&rankRange=0-5000,2026-03-22T00:43:17Z
atp,2026-01-12,M0L2,Alejandro Manzanera Pertusa,Alejandro Manzanera Pertusa,684,49,https://www.atptour.com/en/rankings/singles?dateWeek=2026-01-12&rankRange=0-5000,2026-03-22T00:43:17Z
atp,2026-01-12,RB86,Sidharth Rawat,Sidharth Rawat,685,49,https://www.atptour.com/en/rankings/singles?dateWeek=2026-01-12&rankRange=0-5000,2026-03-22T00:43:17Z
atp,2026-01-12,D0IN,Ryan Dickerson,Ryan Dickerson,686,49,https://www.atptour.com/en/rankings/singles?dateWeek=2026-01-12&rankRange=0-5000,2026-03-22T00:43:17Z
atp,2026-01-12,F0GS,Abel Forger,Abel Forger,687,49,https://www.atptour.com/en/rankings/singles?dateWeek=2026-01-12&rankRange=0-5000,2026-03-22T00:43:17Z
atp,2026-01-12,CG04,Pedro Cachin,Pedro Cachin,688,48,https://www.atptour.com/en/rankings/singles?dateWeek=2026-01-12&rankRange=0-5000,2026-03-22T00:43:17Z
atp,2026-01-12,S0NN,Joshua Sheehy,Joshua Sheehy,689,48,https://www.atptour.com/en/rankings/singles?dateWeek=2026-01-12&rankRange=0-5000,2026-03-22T00:43:17Z
atp,2026-01-12,S0S5,Braden Shick,Braden Shick,690,48,https://www.atptour.com/en/rankings/singles?dateWeek=2026-01-12&rankRange=0-5000,2026-03-22T00:43:17Z
atp,2026-01-12,B0IF,Blu Baker,Blu Baker,691,48,https://www.atptour.com/en/rankings/singles?dateWeek=2026-01-12&rankRange=0-5000,2026-03-22T00:43:17Z
atp,2026-01-12,K0EZ,Yuta Kikuchi,Yuta Kikuchi,692,48,https://www.atptour.com/en/rankings/singles?dateWeek=2026-01-12&rankRange=0-5000,2026-03-22T00:43:17Z
atp,2026-01-12,A0KH,Rodrigo Alujas,Rodrigo Alujas,693,48,https://www.atptour.com/en/rankings/singles?dateWeek=2026-01-12&rankRange=0-5000,2026-03-22T00:43:17Z
atp,2026-01-12,A0ES,Pedro Araujo,Pedro Araujo,694,48,https://www.atptour.com/en/rankings/singles?dateWeek=2026-01-12&rankRange=0-5000,2026-03-22T00:43:17Z
atp,2026-01-12,PI96,Sergi Perez Contri,Sergi Perez Contri,695,48,https://www.atptour.com/en/rankings/singles?dateWeek=2026-01-12&rankRange=0-5000,2026-03-22T00:43:17Z
atp,2026-01-12,M0FA,Anton Matusevich,Anton Matusevich,696,47,https://www.atptour.com/en/rankings/singles?dateWeek=2026-01-12&rankRange=0-5000,2026-03-22T00:43:17Z
atp,2026-01-12,S0VO,Pawit Sornlaksup,Pawit Sornlaksup,697,47,https://www.atptour.com/en/rankings/singles?dateWeek=2026-01-12&rankRange=0-5000,2026-03-22T00:43:17Z
atp,2026-01-12,L0I5,Mitsuki Wei Kang Leong,Mitsuki Wei Kang Leong,698,47,https://www.atptour.com/en/rankings/singles?dateWeek=2026-01-12&rankRange=0-5000,2026-03-22T00:43:17Z
atp,2026-01-12,KG27,Strong Kirchheimer,Strong Kirchheimer,699,47,https://www.atptour.com/en/rankings/singles?dateWeek=2026-01-12&rankRange=0-5000,2026-03-22T00:43:17Z
atp,2026-01-12,V0G6,Leo Vithoontien,Leo Vithoontien,700,47,https://www.atptour.com/en/rankings/singles?dateWeek=2026-01-12&rankRange=0-5000,2026-03-22T00:43:17Z
atp,2026-01-12,W0DD,Cooper Williams,Cooper Williams,701,46,https://www.atptour.com/en/rankings/singles?dateWeek=2026-01-12&rankRange=0-5000,2026-03-22T00:43:17Z
atp,2026-01-12,B0VX,Pierluigi Basile,Pierluigi Basile,702,46,https://www.atptour.com/en/rankings/singles?dateWeek=2026-01-12&rankRange=0-5000,2026-03-22T00:43:17Z
atp,2026-01-12,D0IO,Tuncay Duran,Tuncay Duran,703,46,https://www.atptour.com/en/rankings/singles?dateWeek=2026-01-12&rankRange=0-5000,2026-03-22T00:43:17Z
atp,2026-01-12,Z0D1,Tianhui Zhang,Tianhui Zhang,704,46,https://www.atptour.com/en/rankings/singles?dateWeek=2026-01-12&rankRange=0-5000,2026-03-22T00:43:17Z
atp,2026-01-12,Z0C9,Marcel Zielinski,Marcel Zielinski,705,46,https://www.atptour.com/en/rankings/singles?dateWeek=2026-01-12&rankRange=0-5000,2026-03-22T00:43:17Z
atp,2026-01-12,E831,Kyle Edmund,Kyle Edmund,706,45,https://www.atptour.com/en/rankings/singles?dateWeek=2026-01-12&rankRange=0-5000,2026-03-22T00:43:17Z
atp,2026-01-12,M0O6,Pablo Martinez Gomez,Pablo Martinez Gomez,707,45,https://www.atptour.com/en/rankings/singles?dateWeek=2026-01-12&rankRange=0-5000,2026-03-22T00:43:17Z
atp,2026-01-12,BP79,Peter Bertran,Peter Bertran,708,45,https://www.atptour.com/en/rankings/singles?dateWeek=2026-01-12&rankRange=0-5000,2026-03-22T00:43:17Z
atp,2026-01-12,F965,Sora Fukuda,Sora Fukuda,709,45,https://www.atptour.com/en/rankings/singles?dateWeek=2026-01-12&rankRange=0-5000,2026-03-22T00:43:17Z
atp,2026-01-12,P0KA,Semen Pankin,Semen Pankin,710,45,https://www.atptour.com/en/rankings/singles?dateWeek=2026-01-12&rankRange=0-5000,2026-03-22T00:43:17Z
atp,2026-01-12,G0ME,Gabriel Ghetu,Gabriel Ghetu,711,45,https://www.atptour.com/en/rankings/singles?dateWeek=2026-01-12&rankRange=0-5000,2026-03-22T00:43:17Z
atp,2026-01-12,F0C0,Chase Ferguson,Chase Ferguson,712,45,https://www.atptour.com/en/rankings/singles?dateWeek=2026-01-12&rankRange=0-5000,2026-03-22T00:43:17Z
atp,2026-01-12,Y0BB,Ali Yazdani,Ali Yazdani,713,45,https://www.atptour.com/en/rankings/singles?dateWeek=2026-01-12&rankRange=0-5000,2026-03-22T00:43:17Z
atp,2026-01-12,I09N,Federico Iannaccone,Federico Iannaccone,714,45,https://www.atptour.com/en/rankings/singles?dateWeek=2026-01-12&rankRange=0-5000,2026-03-22T00:43:17Z
atp,2026-01-12,D750,Kenny De Schepper,Kenny De Schepper,715,45,https://www.atptour.com/en/rankings/singles?dateWeek=2026-01-12&rankRange=0-5000,2026-03-22T00:43:17Z
atp,2026-01-12,D0K3,Guillaume Dalmasso,Guillaume Dalmasso,716,45,https://www.atptour.com/en/rankings/singles?dateWeek=2026-01-12&rankRange=0-5000,2026-03-22T00:43:17Z
atp,2026-01-12,B0PW,Kaylan Bigun,Kaylan Bigun,717,44,https://www.atptour.com/en/rankings/singles?dateWeek=2026-01-12&rankRange=0-5000,2026-03-22T00:43:17Z
atp,2026-01-12,P0AV,Uisung Park,Uisung Park,718,44,https://www.atptour.com/en/rankings/singles?dateWeek=2026-01-12&rankRange=0-5000,2026-03-22T00:43:17Z
atp,2026-01-12,PC09,Jose Pereira,Jose Pereira,719,44,https://www.atptour.com/en/rankings/singles?dateWeek=2026-01-12&rankRange=0-5000,2026-03-22T00:43:17Z
atp,2026-01-12,B0HF,Diego Augusto Barreto Sanchez,Diego Augusto Barreto Sanchez,720,44,https://www.atptour.com/en/rankings/singles?dateWeek=2026-01-12&rankRange=0-5000,2026-03-22T00:43:17Z
atp,2026-01-12,DH55,Michiel De Krom,Michiel De Krom,721,44,https://www.atptour.com/en/rankings/singles?dateWeek=2026-01-12&rankRange=0-5000,2026-03-22T00:43:17Z
atp,2026-01-12,R0JH,Pedro Rodrigues,Pedro Rodrigues,722,43,https://www.atptour.com/en/rankings/singles?dateWeek=2026-01-12&rankRange=0-5000,2026-03-22T00:43:17Z
atp,2026-01-12,DA86,Joris De Loore,Joris De Loore,723,43,https://www.atptour.com/en/rankings/singles?dateWeek=2026-01-12&rankRange=0-5000,2026-03-22T00:43:17Z
atp,2026-01-12,N707,Naoki Nakagawa,Naoki Nakagawa,724,43,https://www.atptour.com/en/rankings/singles?dateWeek=2026-01-12&rankRange=0-5000,2026-03-22T00:43:17Z
atp,2026-01-12,S0Y7,Matthew Summers,Matthew Summers,725,43,https://www.atptour.com/en/rankings/singles?dateWeek=2026-01-12&rankRange=0-5000,2026-03-22T00:43:17Z
atp,2026-01-12,B0LV,Michael Bassem Sobhy,Michael Bassem Sobhy,726,43,https://www.atptour.com/en/rankings/singles?dateWeek=2026-01-12&rankRange=0-5000,2026-03-22T00:43:17Z
atp,2026-01-12,D0HS,Dinko Dinev,Dinko Dinev,727,43,https://www.atptour.com/en/rankings/singles?dateWeek=2026-01-12&rankRange=0-5000,2026-03-22T00:43:17Z
atp,2026-01-12,S0GF,Maik Steiner,Maik Steiner,728,43,https://www.atptour.com/en/rankings/singles?dateWeek=2026-01-12&rankRange=0-5000,2026-03-22T00:43:17Z
atp,2026-01-12,HG90,Conner Huertas del Pino,Conner Huertas Del Pino,729,42,https://www.atptour.com/en/rankings/singles?dateWeek=2026-01-12&rankRange=0-5000,2026-03-22T00:43:17Z
atp,2026-01-12,N652,JiSung Nam,Jisung Nam,730,42,https://www.atptour.com/en/rankings/singles?dateWeek=2026-01-12&rankRange=0-5000,2026-03-22T00:43:17Z
atp,2026-01-12,MV75,Ignacio Monzon,Ignacio Monzon,731,42,https://www.atptour.com/en/rankings/singles?dateWeek=2026-01-12&rankRange=0-5000,2026-03-22T00:43:17Z
atp,2026-01-12,W712,Kai Wehnelt,Kai Wehnelt,732,42,https://www.atptour.com/en/rankings/singles?dateWeek=2026-01-12&rankRange=0-5000,2026-03-22T00:43:17Z
atp,2026-01-12,T0CU,Fausto Tabacco,Fausto Tabacco,733,42,https://www.atptour.com/en/rankings/singles?dateWeek=2026-01-12&rankRange=0-5000,2026-03-22T00:43:17Z
atp,2026-01-12,H0K0,Cruz Hewitt,Cruz Hewitt,734,41,https://www.atptour.com/en/rankings/singles?dateWeek=2026-01-12&rankRange=0-5000,2026-03-22T00:43:17Z
atp,2026-01-12,D0L8,Timofei Derepasko,Timofei Derepasko,735,41,https://www.atptour.com/en/rankings/singles?dateWeek=2026-01-12&rankRange=0-5000,2026-03-22T00:43:17Z
atp,2026-01-12,E0AU,John Echeverria,John Echeverria,736,41,https://www.atptour.com/en/rankings/singles?dateWeek=2026-01-12&rankRange=0-5000,2026-03-22T00:43:17Z
atp,2026-01-12,O0BR,Daniil Ostapenkov,Daniil Ostapenkov,737,41,https://www.atptour.com/en/rankings/singles?dateWeek=2026-01-12&rankRange=0-5000,2026-03-22T00:43:17Z
atp,2026-01-12,T0BD,Nicolas Tepmahc,Nicolas Tepmahc,738,41,https://www.atptour.com/en/rankings/singles?dateWeek=2026-01-12&rankRange=0-5000,2026-03-22T00:43:17Z
atp,2026-01-12,Z09K,Evan Zhu,Evan Zhu,739,41,https://www.atptour.com/en/rankings/singles?dateWeek=2026-01-12&rankRange=0-5000,2026-03-22T00:43:17Z
atp,2026-01-12,P0O9,Mika Petkovic,Mika Petkovic,740,41,https://www.atptour.com/en/rankings/singles?dateWeek=2026-01-12&rankRange=0-5000,2026-03-22T00:43:17Z
atp,2026-01-12,S0S9,Dimitris Sakellaridis,Dimitris Sakellaridis,741,41,https://www.atptour.com/en/rankings/singles?dateWeek=2026-01-12&rankRange=0-5000,2026-03-22T00:43:17Z
atp,2026-01-12,MN13,Maximilian Marterer,Maximilian Marterer,742,40,https://www.atptour.com/en/rankings/singles?dateWeek=2026-01-12&rankRange=0-5000,2026-03-22T00:43:17Z
atp,2026-01-12,P0K5,Theo Papamalamis,Theo Papamalamis,743,40,https://www.atptour.com/en/rankings/singles?dateWeek=2026-01-12&rankRange=0-5000,2026-03-22T00:43:17Z
atp,2026-01-12,S0H1,Luca Staeheli,Luca Staeheli,744,40,https://www.atptour.com/en/rankings/singles?dateWeek=2026-01-12&rankRange=0-5000,2026-03-22T00:43:17Z
atp,2026-01-12,KJ00,Alex Knaff,Alex Knaff,745,40,https://www.atptour.com/en/rankings/singles?dateWeek=2026-01-12&rankRange=0-5000,2026-03-22T00:43:17Z
atp,2026-01-12,P0FY,Alessandro Pecci,Alessandro Pecci,746,40,https://www.atptour.com/en/rankings/singles?dateWeek=2026-01-12&rankRange=0-5000,2026-03-22T00:43:17Z
atp,2026-01-12,F0BV,Tomas Farjat,Tomas Farjat,747,40,https://www.atptour.com/en/rankings/singles?dateWeek=2026-01-12&rankRange=0-5000,2026-03-22T00:43:17Z
atp,2026-01-12,S0UM,Josip Simundza,Josip Simundza,748,40,https://www.atptour.com/en/rankings/singles?dateWeek=2026-01-12&rankRange=0-5000,2026-03-22T00:43:17Z
atp,2026-01-12,C0PX,Matteo Covato,Matteo Covato,749,40,https://www.atptour.com/en/rankings/singles?dateWeek=2026-01-12&rankRange=0-5000,2026-03-22T00:43:17Z
atp,2026-01-12,B0BZ,Maxence Bertimon,Maxence Bertimon,750,40,https://www.atptour.com/en/rankings/singles?dateWeek=2026-01-12&rankRange=0-5000,2026-03-22T00:43:17Z
atp,2026-01-12,R0GN,Amaury Raynel,Amaury Raynel,751,40,https://www.atptour.com/en/rankings/singles?dateWeek=2026-01-12&rankRange=0-5000,2026-03-22T00:43:17Z
atp,2026-01-12,M0KA,Yanaki Milev,Yanaki Milev,752,40,https://www.atptour.com/en/rankings/singles?dateWeek=2026-01-12&rankRange=0-5000,2026-03-22T00:43:17Z
atp,2026-01-12,GJ05,Alexis Gautier,Alexis Gautier,753,39,https://www.atptour.com/en/rankings/singles?dateWeek=2026-01-12&rankRange=0-5000,2026-03-22T00:43:17Z
atp,2026-01-12,B0ME,Cesar Bouchelaghem,Cesar Bouchelaghem,754,39,https://www.atptour.com/en/rankings/singles?dateWeek=2026-01-12&rankRange=0-5000,2026-03-22T00:43:17Z
atp,2026-01-12,L0LD,Samuel Alejandro Linde Palacios,Samuel Alejandro Linde Palacios,755,39,https://www.atptour.com/en/rankings/singles?dateWeek=2026-01-12&rankRange=0-5000,2026-03-22T00:43:17Z
atp,2026-01-12,H0HU,Samuel Heredia,Samuel Heredia,756,39,https://www.atptour.com/en/rankings/singles?dateWeek=2026-01-12&rankRange=0-5000,2026-03-22T00:43:17Z
atp,2026-01-12,CN44,Tomas Curras Abasolo,Tomas Curras Abasolo,757,39,https://www.atptour.com/en/rankings/singles?dateWeek=2026-01-12&rankRange=0-5000,2026-03-22T00:43:17Z
atp,2026-01-12,MW69,Mwendwa Mbithi,Mwendwa Mbithi,758,38,https://www.atptour.com/en/rankings/singles?dateWeek=2026-01-12&rankRange=0-5000,2026-03-22T00:43:17Z
atp,2026-01-12,G0I2,Adrien Gobat,Adrien Gobat,759,38,https://www.atptour.com/en/rankings/singles?dateWeek=2026-01-12&rankRange=0-5000,2026-03-22T00:43:17Z
atp,2026-01-12,G0LG,Yanis Ghazouani Durand,Yanis Ghazouani Durand,760,38,https://www.atptour.com/en/rankings/singles?dateWeek=2026-01-12&rankRange=0-5000,2026-03-22T00:43:17Z
atp,2026-01-12,BK24,Gregoire Barrere,Gregoire Barrere,761,37,https://www.atptour.com/en/rankings/singles?dateWeek=2026-01-12&rankRange=0-5000,2026-03-22T00:43:17Z
atp,2026-01-12,T0CN,Tiago Torres,Tiago Torres,762,37,https://www.atptour.com/en/rankings/singles?dateWeek=2026-01-12&rankRange=0-5000,2026-03-22T00:43:17Z
atp,2026-01-12,VA23,Kris Van Wyk,Kris Van Wyk,763,37,https://www.atptour.com/en/rankings/singles?dateWeek=2026-01-12&rankRange=0-5000,2026-03-22T00:43:17Z
atp,2026-01-12,R0HQ,Leo Raquillet,Leo Raquillet,764,37,https://www.atptour.com/en/rankings/singles?dateWeek=2026-01-12&rankRange=0-5000,2026-03-22T00:43:17Z
atp,2026-01-12,P0ME,Luca Preda,Luca Preda,765,37,https://www.atptour.com/en/rankings/singles?dateWeek=2026-01-12&rankRange=0-5000,2026-03-22T00:43:17Z
atp,2026-01-12,H0J1,Naoya Honda,Naoya Honda,766,37,https://www.atptour.com/en/rankings/singles?dateWeek=2026-01-12&rankRange=0-5000,2026-03-22T00:43:17Z
atp,2026-01-12,S0LR,John Sperle,John Sperle,767,37,https://www.atptour.com/en/rankings/singles?dateWeek=2026-01-12&rankRange=0-5000,2026-03-22T00:43:17Z
atp,2026-01-12,GC17,Oscar Jose Gutierrez,Oscar Jose Gutierrez,768,37,https://www.atptour.com/en/rankings/singles?dateWeek=2026-01-12&rankRange=0-5000,2026-03-22T00:43:17Z
atp,2026-01-12,A0IH,Jack Anthrop,Jack Anthrop,769,36,https://www.atptour.com/en/rankings/singles?dateWeek=2026-01-12&rankRange=0-5000,2026-03-22T00:43:17Z
atp,2026-01-12,L0G8,Victor Lilov,Victor Lilov,770,36,https://www.atptour.com/en/rankings/singles?dateWeek=2026-01-12&rankRange=0-5000,2026-03-22T00:43:17Z
atp,2026-01-12,R0F6,Francisco Rocha,Francisco Rocha,771,36,https://www.atptour.com/en/rankings/singles?dateWeek=2026-01-12&rankRange=0-5000,2026-03-22T00:43:17Z
atp,2026-01-12,K0EM,Matt Kuhar,Matt Kuhar,772,36,https://www.atptour.com/en/rankings/singles?dateWeek=2026-01-12&rankRange=0-5000,2026-03-22T00:43:17Z
atp,2026-01-12,B0BK,Aleksandr Braynin,Aleksandr Braynin,773,36,https://www.atptour.com/en/rankings/singles?dateWeek=2026-01-12&rankRange=0-5000,2026-03-22T00:43:17Z
atp,2026-01-12,R0H6,Leonardo Rossi,Leonardo Rossi,774,36,https://www.atptour.com/en/rankings/singles?dateWeek=2026-01-12&rankRange=0-5000,2026-03-22T00:43:17Z
atp,2026-01-12,A0L6,Lucas Andrade Da Silva,Lucas Andrade Da Silva,775,35,https://www.atptour.com/en/rankings/singles?dateWeek=2026-01-12&rankRange=0-5000,2026-03-22T00:43:17Z
atp,2026-01-12,P0K3,Roger Pascual Ferra,Roger Pascual Ferra,776,35,https://www.atptour.com/en/rankings/singles?dateWeek=2026-01-12&rankRange=0-5000,2026-03-22T00:43:17Z
atp,2026-01-12,B0QQ,Karim Bennani,Karim Bennani,777,35,https://www.atptour.com/en/rankings/singles?dateWeek=2026-01-12&rankRange=0-5000,2026-03-22T00:43:17Z
atp,2026-01-12,F09U,Matyas Fuele,Matyas Fuele,778,35,https://www.atptour.com/en/rankings/singles?dateWeek=2026-01-12&rankRange=0-5000,2026-03-22T00:43:17Z
atp,2026-01-12,B0MP,Attila Boros,Attila Boros,779,35,https://www.atptour.com/en/rankings/singles?dateWeek=2026-01-12&rankRange=0-5000,2026-03-22T00:43:17Z
atp,2026-01-12,B0IY,Alec Beckley,Alec Beckley,780,35,https://www.atptour.com/en/rankings/singles?dateWeek=2026-01-12&rankRange=0-5000,2026-03-22T00:43:17Z
atp,2026-01-12,H0EK,Emile Hudd,Emile Hudd,781,35,https://www.atptour.com/en/rankings/singles?dateWeek=2026-01-12&rankRange=0-5000,2026-03-22T00:43:17Z
atp,2026-01-12,V0BS,Martin Van Der Meerschen,Martin Van Der Meerschen,782,35,https://www.atptour.com/en/rankings/singles?dateWeek=2026-01-12&rankRange=0-5000,2026-03-22T00:43:17Z
atp,2026-01-12,SQ79,Colin Sinclair,Colin Sinclair,783,35,https://www.atptour.com/en/rankings/singles?dateWeek=2026-01-12&rankRange=0-5000,2026-03-22T00:43:17Z
atp,2026-01-12,EA31,Melios Efstathiou,Melios Efstathiou,784,35,https://www.atptour.com/en/rankings/singles?dateWeek=2026-01-12&rankRange=0-5000,2026-03-22T00:43:17Z
atp,2026-01-12,M0RO,Iannis Miletich,Iannis Miletich,785,35,https://www.atptour.com/en/rankings/singles?dateWeek=2026-01-12&rankRange=0-5000,2026-03-22T00:43:17Z
atp,2026-01-12,TB70,Wishaya Trongcharoenchaikul,Wishaya Trongcharoenchaikul,786,35,https://www.atptour.com/en/rankings/singles?dateWeek=2026-01-12&rankRange=0-5000,2026-03-22T00:43:17Z
atp,2026-01-12,H0EZ,Samir Hamza Reguig,Samir Hamza Reguig,787,35,https://www.atptour.com/en/rankings/singles?dateWeek=2026-01-12&rankRange=0-5000,2026-03-22T00:43:17Z
atp,2026-01-12,L0K7,Fryderyk Lechno-Wasiutynski,Fryderyk Lechno Wasiutynski,788,34,https://www.atptour.com/en/rankings/singles?dateWeek=2026-01-12&rankRange=0-5000,2026-03-22T00:43:17Z
atp,2026-01-12,H0B7,Trey Hilderbrand,Trey Hilderbrand,789,34,https://www.atptour.com/en/rankings/singles?dateWeek=2026-01-12&rankRange=0-5000,2026-03-22T00:43:17Z
atp,2026-01-12,B0J8,Micah Braswell,Micah Braswell,790,34,https://www.atptour.com/en/rankings/singles?dateWeek=2026-01-12&rankRange=0-5000,2026-03-22T00:43:17Z
atp,2026-01-12,I305,Ilya Ivashka,Ilya Ivashka,791,34,https://www.atptour.com/en/rankings/singles?dateWeek=2026-01-12&rankRange=0-5000,2026-03-22T00:43:17Z
atp,2026-01-12,D0IP,Gustavo Ribeiro De Almeida,Gustavo Ribeiro De Almeida,792,34,https://www.atptour.com/en/rankings/singles?dateWeek=2026-01-12&rankRange=0-5000,2026-03-22T00:43:17Z
atp,2026-01-12,HH15,Mikalai Haliak,Mikalai Haliak,793,34,https://www.atptour.com/en/rankings/singles?dateWeek=2026-01-12&rankRange=0-5000,2026-03-22T00:43:17Z
atp,2026-01-12,M0HD,Alan Magadan,Alan Magadan,794,34,https://www.atptour.com/en/rankings/singles?dateWeek=2026-01-12&rankRange=0-5000,2026-03-22T00:43:17Z
atp,2026-01-12,V0DX,Bautista Vilicich,Bautista Vilicich,795,34,https://www.atptour.com/en/rankings/singles?dateWeek=2026-01-12&rankRange=0-5000,2026-03-22T00:43:17Z
atp,2026-01-12,X01A,Linang Xiao,Linang Xiao,796,34,https://www.atptour.com/en/rankings/singles?dateWeek=2026-01-12&rankRange=0-5000,2026-03-22T00:43:17Z
atp,2026-01-12,C09Y,Joshua Charlton,Joshua Charlton,797,34,https://www.atptour.com/en/rankings/singles?dateWeek=2026-01-12&rankRange=0-5000,2026-03-22T00:43:17Z
atp,2026-01-12,G0DD,William Grant,William Grant,798,34,https://www.atptour.com/en/rankings/singles?dateWeek=2026-01-12&rankRange=0-5000,2026-03-22T00:43:17Z
atp,2026-01-12,W09G,J.J. Wolf,J.j. Wolf,799,33,https://www.atptour.com/en/rankings/singles?dateWeek=2026-01-12&rankRange=0-5000,2026-03-22T00:43:17Z
atp,2026-01-12,W0AX,Oscar Weightman,Oscar Weightman,800,33,https://www.atptour.com/en/rankings/singles?dateWeek=2026-01-12&rankRange=0-5000,2026-03-22T00:43:17Z
atp,2026-01-12,P0MN,Albert Pedrico Kravtsov,Albert Pedrico Kravtsov,801,33,https://www.atptour.com/en/rankings/singles?dateWeek=2026-01-12&rankRange=0-5000,2026-03-22T00:43:17Z
atp,2026-01-12,B0V0,Nikita Bilozertsev,Nikita Bilozertsev,802,33,https://www.atptour.com/en/rankings/singles?dateWeek=2026-01-12&rankRange=0-5000,2026-03-22T00:43:17Z
atp,2026-01-12,R0H2,Pedro Rodenas,Pedro Rodenas,803,33,https://www.atptour.com/en/rankings/singles?dateWeek=2026-01-12&rankRange=0-5000,2026-03-22T00:43:17Z
atp,2026-01-12,KD87,Evgeny Karlovskiy,Evgeny Karlovskiy,804,33,https://www.atptour.com/en/rankings/singles?dateWeek=2026-01-12&rankRange=0-5000,2026-03-22T00:43:17Z
atp,2026-01-12,B0VF,Oliver Bonding,Oliver Bonding,805,33,https://www.atptour.com/en/rankings/singles?dateWeek=2026-01-12&rankRange=0-5000,2026-03-22T00:43:17Z
atp,2026-01-12,BU32,Lucas Bouquet,Lucas Bouquet,806,33,https://www.atptour.com/en/rankings/singles?dateWeek=2026-01-12&rankRange=0-5000,2026-03-22T00:43:17Z
atp,2026-01-12,M0D4,M Rifki Fitriadi,M Rifki Fitriadi,807,33,https://www.atptour.com/en/rankings/singles?dateWeek=2026-01-12&rankRange=0-5000,2026-03-22T00:43:17Z
atp,2026-01-12,LE01,Duckhee Lee,Duckhee Lee,808,33,https://www.atptour.com/en/rankings/singles?dateWeek=2026-01-12&rankRange=0-5000,2026-03-22T00:43:17Z
atp,2026-01-12,H0BA,Shinji Hazawa,Shinji Hazawa,809,33,https://www.atptour.com/en/rankings/singles?dateWeek=2026-01-12&rankRange=0-5000,2026-03-22T00:43:17Z
atp,2026-01-12,J0DG,Alejandro Juan Mano,Alejandro Juan Mano,810,33,https://www.atptour.com/en/rankings/singles?dateWeek=2026-01-12&rankRange=0-5000,2026-03-22T00:43:17Z
atp,2026-01-12,SY94,Toufik Sahtali,Toufik Sahtali,811,33,https://www.atptour.com/en/rankings/singles?dateWeek=2026-01-12&rankRange=0-5000,2026-03-22T00:43:17Z
atp,2026-01-12,K0HU,Artur Kukasian,Artur Kukasian,812,33,https://www.atptour.com/en/rankings/singles?dateWeek=2026-01-12&rankRange=0-5000,2026-03-22T00:43:17Z
atp,2026-01-12,LA54,Wilson Leite,Wilson Leite,813,33,https://www.atptour.com/en/rankings/singles?dateWeek=2026-01-12&rankRange=0-5000,2026-03-22T00:43:17Z
atp,2026-01-12,B0D8,Jacob Brumm,Jacob Brumm,814,33,https://www.atptour.com/en/rankings/singles?dateWeek=2026-01-12&rankRange=0-5000,2026-03-22T00:43:17Z
atp,2026-01-12,S0LD,Keisuke Saitoh,Keisuke Saitoh,815,32,https://www.atptour.com/en/rankings/singles?dateWeek=2026-01-12&rankRange=0-5000,2026-03-22T00:43:17Z
atp,2026-01-12,F0FL,Bruno Fernandez,Bruno Fernandez,816,32,https://www.atptour.com/en/rankings/singles?dateWeek=2026-01-12&rankRange=0-5000,2026-03-22T00:43:17Z
atp,2026-01-12,C0DS,Thanapet Chanta,Thanapet Chanta,817,32,https://www.atptour.com/en/rankings/singles?dateWeek=2026-01-12&rankRange=0-5000,2026-03-22T00:43:17Z
atp,2026-01-12,R0DC,Ajeet Rai,Ajeet Rai,818,32,https://www.atptour.com/en/rankings/singles?dateWeek=2026-01-12&rankRange=0-5000,2026-03-22T00:43:17Z
atp,2026-01-12,H0GK,Maximilian Homberg,Maximilian Homberg,819,32,https://www.atptour.com/en/rankings/singles?dateWeek=2026-01-12&rankRange=0-5000,2026-03-22T00:43:17Z
atp,2026-01-12,R0B6,Lorenzo Rottoli,Lorenzo Rottoli,820,32,https://www.atptour.com/en/rankings/singles?dateWeek=2026-01-12&rankRange=0-5000,2026-03-22T00:43:17Z
atp,2026-01-12,Y0A8,Taiyo Yamanaka,Taiyo Yamanaka,821,32,https://www.atptour.com/en/rankings/singles?dateWeek=2026-01-12&rankRange=0-5000,2026-03-22T00:43:17Z
atp,2026-01-12,O09T,Kosuke Ogura,Kosuke Ogura,822,32,https://www.atptour.com/en/rankings/singles?dateWeek=2026-01-12&rankRange=0-5000,2026-03-22T00:43:17Z
atp,2026-01-12,GC89,Egor Gerasimov,Egor Gerasimov,823,31,https://www.atptour.com/en/rankings/singles?dateWeek=2026-01-12&rankRange=0-5000,2026-03-22T00:43:17Z
atp,2026-01-12,TG77,Petros Tsitsipas,Petros Tsitsipas,824,31,https://www.atptour.com/en/rankings/singles?dateWeek=2026-01-12&rankRange=0-5000,2026-03-22T00:43:17Z
atp,2026-01-12,O0E7,Amir Omarkhanov,Amir Omarkhanov,825,31,https://www.atptour.com/en/rankings/singles?dateWeek=2026-01-12&rankRange=0-5000,2026-03-22T00:43:17Z
atp,2026-01-12,H0GW,Michel Hopp,Michel Hopp,826,31,https://www.atptour.com/en/rankings/singles?dateWeek=2026-01-12&rankRange=0-5000,2026-03-22T00:43:17Z
atp,2026-01-12,M0V7,Vincent Marysko,Vincent Marysko,827,31,https://www.atptour.com/en/rankings/singles?dateWeek=2026-01-12&rankRange=0-5000,2026-03-22T00:43:17Z
atp,2026-01-12,T0H5,Benjamin Torrealba,Benjamin Torrealba,828,31,https://www.atptour.com/en/rankings/singles?dateWeek=2026-01-12&rankRange=0-5000,2026-03-22T00:43:17Z
atp,2026-01-12,C0C1,Niccolo Catini,Niccolo Catini,829,31,https://www.atptour.com/en/rankings/singles?dateWeek=2026-01-12&rankRange=0-5000,2026-03-22T00:43:17Z
atp,2026-01-12,K966,Martin Klizan,Martin Klizan,830,30,https://www.atptour.com/en/rankings/singles?dateWeek=2026-01-12&rankRange=0-5000,2026-03-22T00:43:17Z
atp,2026-01-12,T0E0,Gian Luca Tanner,Gian Luca Tanner,831,30,https://www.atptour.com/en/rankings/singles?dateWeek=2026-01-12&rankRange=0-5000,2026-03-22T00:43:17Z
atp,2026-01-12,K0O4,Moise Kouame,Moise Kouame,832,30,https://www.atptour.com/en/rankings/singles?dateWeek=2026-01-12&rankRange=0-5000,2026-03-22T00:43:17Z
atp,2026-01-12,J0BQ,Kristijan Juhas,Kristijan Juhas,833,30,https://www.atptour.com/en/rankings/singles?dateWeek=2026-01-12&rankRange=0-5000,2026-03-22T00:43:17Z
atp,2026-01-12,T0FH,Alejandro Turriziani Alvarez,Alejandro Turriziani Alvarez,834,30,https://www.atptour.com/en/rankings/singles?dateWeek=2026-01-12&rankRange=0-5000,2026-03-22T00:43:17Z
atp,2026-01-12,Z0CO,Maximo Zeitune,Maximo Zeitune,835,30,https://www.atptour.com/en/rankings/singles?dateWeek=2026-01-12&rankRange=0-5000,2026-03-22T00:43:17Z
atp,2026-01-12,K0J9,Yannik Kelm,Yannik Kelm,836,30,https://www.atptour.com/en/rankings/singles?dateWeek=2026-01-12&rankRange=0-5000,2026-03-22T00:43:17Z
atp,2026-01-12,V0BP,Marlon Vankan,Marlon Vankan,837,30,https://www.atptour.com/en/rankings/singles?dateWeek=2026-01-12&rankRange=0-5000,2026-03-22T00:43:17Z
atp,2026-01-12,J732,Ben Jones,Ben Jones,838,30,https://www.atptour.com/en/rankings/singles?dateWeek=2026-01-12&rankRange=0-5000,2026-03-22T00:43:17Z
atp,2026-01-12,TD47,Evgenii Tiurnev,Evgenii Tiurnev,839,29,https://www.atptour.com/en/rankings/singles?dateWeek=2026-01-12&rankRange=0-5000,2026-03-22T00:43:17Z
atp,2026-01-12,C0KH,Julio Cesar Porras,Julio Cesar Porras,840,29,https://www.atptour.com/en/rankings/singles?dateWeek=2026-01-12&rankRange=0-5000,2026-03-22T00:43:17Z
atp,2026-01-12,P0E2,Jorge Plans,Jorge Plans,841,29,https://www.atptour.com/en/rankings/singles?dateWeek=2026-01-12&rankRange=0-5000,2026-03-22T00:43:17Z
atp,2026-01-12,I09U,Rafael Izquierdo Luque,Rafael Izquierdo Luque,842,29,https://www.atptour.com/en/rankings/singles?dateWeek=2026-01-12&rankRange=0-5000,2026-03-22T00:43:17Z
atp,2026-01-12,C0GK,Thiago Cigarran,Thiago Cigarran,843,29,https://www.atptour.com/en/rankings/singles?dateWeek=2026-01-12&rankRange=0-5000,2026-03-22T00:43:17Z
atp,2026-01-12,S0JB,Noah Schachter,Noah Schachter,844,29,https://www.atptour.com/en/rankings/singles?dateWeek=2026-01-12&rankRange=0-5000,2026-03-22T00:43:17Z
atp,2026-01-12,M0NO,Marko Maksimovic,Marko Maksimovic,845,29,https://www.atptour.com/en/rankings/singles?dateWeek=2026-01-12&rankRange=0-5000,2026-03-22T00:43:17Z
atp,2026-01-12,K0CI,Dong Ju Kim,Dong Ju Kim,846,28,https://www.atptour.com/en/rankings/singles?dateWeek=2026-01-12&rankRange=0-5000,2026-03-22T00:43:17Z
atp,2026-01-12,S0WX,Patrick Schoen,Patrick Schoen,847,28,https://www.atptour.com/en/rankings/singles?dateWeek=2026-01-12&rankRange=0-5000,2026-03-22T00:43:17Z
atp,2026-01-12,V0IN,Marc Van Der Merwe,Marc Van Der Merwe,850,28,https://www.atptour.com/en/rankings/singles?dateWeek=2026-01-12&rankRange=0-5000,2026-03-22T00:43:17Z
atp,2026-01-12,W0B3,Xiaofei Wang,Xiaofei Wang,851,28,https://www.atptour.com/en/rankings/singles?dateWeek=2026-01-12&rankRange=0-5000,2026-03-22T00:43:17Z
atp,2026-01-12,N561,Ivan Nedelko,Ivan Nedelko,852,28,https://www.atptour.com/en/rankings/singles?dateWeek=2026-01-12&rankRange=0-5000,2026-03-22T00:43:17Z
atp,2026-01-12,TD49,Mert Naci Turker,Mert Naci Turker,853,28,https://www.atptour.com/en/rankings/singles?dateWeek=2026-01-12&rankRange=0-5000,2026-03-22T00:43:17Z
atp,2026-01-12,A0KQ,Izan Almazan Valiente,Izan Almazan Valiente,854,28,https://www.atptour.com/en/rankings/singles?dateWeek=2026-01-12&rankRange=0-5000,2026-03-22T00:43:17Z
atp,2026-01-12,P0I5,Ignacio Parisca Romera,Ignacio Parisca Romera,855,28,https://www.atptour.com/en/rankings/singles?dateWeek=2026-01-12&rankRange=0-5000,2026-03-22T00:43:17Z
atp,2026-01-12,SZ36,Niklas Schell,Niklas Schell,856,28,https://www.atptour.com/en/rankings/singles?dateWeek=2026-01-12&rankRange=0-5000,2026-03-22T00:43:17Z
atp,2026-01-12,I0A6,Taisei Ichikawa,Taisei Ichikawa,857,28,https://www.atptour.com/en/rankings/singles?dateWeek=2026-01-12&rankRange=0-5000,2026-03-22T00:43:17Z
atp,2026-01-12,A0EU,Alexandre Aubriot,Alexandre Aubriot,858,28,https://www.atptour.com/en/rankings/singles?dateWeek=2026-01-12&rankRange=0-5000,2026-03-22T00:43:17Z
atp,2026-01-12,B0M3,Pierre Yves Bailly,Pierre Yves Bailly,859,27,https://www.atptour.com/en/rankings/singles?dateWeek=2026-01-12&rankRange=0-5000,2026-03-22T00:43:17Z
atp,2026-01-12,S0DL,Ryan Seggerman,Ryan Seggerman,860,27,https://www.atptour.com/en/rankings/singles?dateWeek=2026-01-12&rankRange=0-5000,2026-03-22T00:43:17Z
atp,2026-01-12,W09T,Luca Wiedenmann,Luca Wiedenmann,861,27,https://www.atptour.com/en/rankings/singles?dateWeek=2026-01-12&rankRange=0-5000,2026-03-22T00:43:17Z
atp,2026-01-12,SX77,Isaiah Strode,Isaiah Strode,862,27,https://www.atptour.com/en/rankings/singles?dateWeek=2026-01-12&rankRange=0-5000,2026-03-22T00:43:17Z
atp,2026-01-12,R0K9,Charlie Robertson,Charlie Robertson,863,27,https://www.atptour.com/en/rankings/singles?dateWeek=2026-01-12&rankRange=0-5000,2026-03-22T00:43:17Z
atp,2026-01-12,V0E3,Jeffrey Von Der Schulenburg,Jeffrey Von Der Schulenburg,864,27,https://www.atptour.com/en/rankings/singles?dateWeek=2026-01-12&rankRange=0-5000,2026-03-22T00:43:17Z
atp,2026-01-12,T0FK,Giorgio Tabacco,Giorgio Tabacco,865,27,https://www.atptour.com/en/rankings/singles?dateWeek=2026-01-12&rankRange=0-5000,2026-03-22T00:43:17Z
atp,2026-01-12,Y235,Jumpei Yamasaki,Jumpei Yamasaki,866,27,https://www.atptour.com/en/rankings/singles?dateWeek=2026-01-12&rankRange=0-5000,2026-03-22T00:43:17Z
atp,2026-01-12,F0AF,Lautaro Agustin Falabella,Lautaro Agustin Falabella,867,27,https://www.atptour.com/en/rankings/singles?dateWeek=2026-01-12&rankRange=0-5000,2026-03-22T00:43:17Z
atp,2026-01-12,F0GD,Jakub Filip,Jakub Filip,868,27,https://www.atptour.com/en/rankings/singles?dateWeek=2026-01-12&rankRange=0-5000,2026-03-22T00:43:17Z
atp,2026-01-12,V0G2,Amit Vales,Amit Vales,869,27,https://www.atptour.com/en/rankings/singles?dateWeek=2026-01-12&rankRange=0-5000,2026-03-22T00:43:17Z
atp,2026-01-12,B0OT,Jacob Bradshaw,Jacob Bradshaw,872,26,https://www.atptour.com/en/rankings/singles?dateWeek=2026-01-12&rankRange=0-5000,2026-03-22T00:43:17Z
atp,2026-01-12,I0AP,Kalin Ivanovski,Kalin Ivanovski,873,26,https://www.atptour.com/en/rankings/singles?dateWeek=2026-01-12&rankRange=0-5000,2026-03-22T00:43:17Z
atp,2026-01-12,J0A6,Scott Jones,Scott Jones,874,26,https://www.atptour.com/en/rankings/singles?dateWeek=2026-01-12&rankRange=0-5000,2026-03-22T00:43:17Z
atp,2026-01-12,S0KG,Nikola Slavic,Nikola Slavic,875,26,https://www.atptour.com/en/rankings/singles?dateWeek=2026-01-12&rankRange=0-5000,2026-03-22T00:43:17Z
atp,2026-01-12,C0GU,Matyas Cerny,Matyas Cerny,876,26,https://www.atptour.com/en/rankings/singles?dateWeek=2026-01-12&rankRange=0-5000,2026-03-22T00:43:17Z
atp,2026-01-12,L0G5,Joao Victor Couto Loureiro,Joao Victor Couto Loureiro,877,26,https://www.atptour.com/en/rankings/singles?dateWeek=2026-01-12&rankRange=0-5000,2026-03-22T00:43:17Z
atp,2026-01-12,F0C2,Andrea Fiorentini,Andrea Fiorentini,878,26,https://www.atptour.com/en/rankings/singles?dateWeek=2026-01-12&rankRange=0-5000,2026-03-22T00:43:17Z
atp,2026-01-12,SM37,Diego Schwartzman,Diego Schwartzman,879,25,https://www.atptour.com/en/rankings/singles?dateWeek=2026-01-12&rankRange=0-5000,2026-03-22T00:43:17Z
atp,2026-01-12,K0LX,Nicolas Ian Kotzen,Nicolas Ian Kotzen,880,25,https://www.atptour.com/en/rankings/singles?dateWeek=2026-01-12&rankRange=0-5000,2026-03-22T00:43:17Z
atp,2026-01-12,H0C9,Arklon Huertas Del Pino Cordova,Arklon Huertas Del Pino Cordova,881,25,https://www.atptour.com/en/rankings/singles?dateWeek=2026-01-12&rankRange=0-5000,2026-03-22T00:43:17Z
atp,2026-01-12,W741,Aoran Wang,Aoran Wang,882,25,https://www.atptour.com/en/rankings/singles?dateWeek=2026-01-12&rankRange=0-5000,2026-03-22T00:43:17Z
atp,2026-01-12,CN88,Tiago Cacao,Tiago Cacao,883,25,https://www.atptour.com/en/rankings/singles?dateWeek=2026-01-12&rankRange=0-5000,2026-03-22T00:43:17Z
atp,2026-01-12,L0G3,Aleksandr Lobanov,Aleksandr Lobanov,884,25,https://www.atptour.com/en/rankings/singles?dateWeek=2026-01-12&rankRange=0-5000,2026-03-22T00:43:17Z
atp,2026-01-12,S0BG,Daisuke Sumizawa,Daisuke Sumizawa,885,25,https://www.atptour.com/en/rankings/singles?dateWeek=2026-01-12&rankRange=0-5000,2026-03-22T00:43:17Z
atp,2026-01-12,W749,Enzo Wallart,Enzo Wallart,886,25,https://www.atptour.com/en/rankings/singles?dateWeek=2026-01-12&rankRange=0-5000,2026-03-22T00:43:17Z
atp,2026-01-12,C0MX,Dragos Nicolae Cazacu,Dragos Nicolae Cazacu,887,25,https://www.atptour.com/en/rankings/singles?dateWeek=2026-01-12&rankRange=0-5000,2026-03-22T00:43:17Z
atp,2026-01-12,LF26,Orlando Luz,Orlando Luz,888,24,https://www.atptour.com/en/rankings/singles?dateWeek=2026-01-12&rankRange=0-5000,2026-03-22T00:43:17Z
atp,2026-01-12,S0R5,Ilya Snitari,Ilya Snitari,889,24,https://www.atptour.com/en/rankings/singles?dateWeek=2026-01-12&rankRange=0-5000,2026-03-22T00:43:17Z
atp,2026-01-12,P0EP,Andreja Petrovic,Andreja Petrovic,890,24,https://www.atptour.com/en/rankings/singles?dateWeek=2026-01-12&rankRange=0-5000,2026-03-22T00:43:17Z
atp,2026-01-12,N0CT,Shunsuke Nakagawa,Shunsuke Nakagawa,891,24,https://www.atptour.com/en/rankings/singles?dateWeek=2026-01-12&rankRange=0-5000,2026-03-22T00:43:17Z
atp,2026-01-12,C0O4,Fernando Cavallo,Fernando Cavallo,892,24,https://www.atptour.com/en/rankings/singles?dateWeek=2026-01-12&rankRange=0-5000,2026-03-22T00:43:17Z
atp,2026-01-12,J0AI,Miles Jones,Miles Jones,893,24,https://www.atptour.com/en/rankings/singles?dateWeek=2026-01-12&rankRange=0-5000,2026-03-22T00:43:17Z
atp,2026-01-12,L0CU,Tomas Serrano Luis,Tomas Serrano Luis,894,24,https://www.atptour.com/en/rankings/singles?dateWeek=2026-01-12&rankRange=0-5000,2026-03-22T00:43:17Z
atp,2026-01-12,M0WL,Anas Mazdrashki,Anas Mazdrashki,895,24,https://www.atptour.com/en/rankings/singles?dateWeek=2026-01-12&rankRange=0-5000,2026-03-22T00:43:17Z
atp,2026-01-12,M0HY,Finn Murgett,Finn Murgett,896,24,https://www.atptour.com/en/rankings/singles?dateWeek=2026-01-12&rankRange=0-5000,2026-03-22T00:43:17Z
atp,2026-01-12,J0CL,Dev Javia,Dev Javia,897,24,https://www.atptour.com/en/rankings/singles?dateWeek=2026-01-12&rankRange=0-5000,2026-03-22T00:43:17Z
atp,2026-01-12,KG53,Alexander Klintcharov,Alexander Klintcharov,898,24,https://www.atptour.com/en/rankings/singles?dateWeek=2026-01-12&rankRange=0-5000,2026-03-22T00:43:17Z
atp,2026-01-12,D0CU,Daniel De Jonge,Daniel De Jonge,899,24,https://www.atptour.com/en/rankings/singles?dateWeek=2026-01-12&rankRange=0-5000,2026-03-22T00:43:17Z
atp,2026-01-12,CO07,Ezekiel Clark,Ezekiel Clark,900,24,https://www.atptour.com/en/rankings/singles?dateWeek=2026-01-12&rankRange=0-5000,2026-03-22T00:43:17Z
atp,2026-01-12,A0IE,Seydina Andre,Seydina Andre,901,24,https://www.atptour.com/en/rankings/singles?dateWeek=2026-01-12&rankRange=0-5000,2026-03-22T00:43:17Z
atp,2026-01-12,J0DL,Nicolas Jadoun,Nicolas Jadoun,902,24,https://www.atptour.com/en/rankings/singles?dateWeek=2026-01-12&rankRange=0-5000,2026-03-22T00:43:17Z
atp,2026-01-12,D0BE,Jesse Delaney,Jesse Delaney,903,24,https://www.atptour.com/en/rankings/singles?dateWeek=2026-01-12&rankRange=0-5000,2026-03-22T00:43:17Z
atp,2026-01-12,S0NT,Anton Shepp,Anton Shepp,904,23,https://www.atptour.com/en/rankings/singles?dateWeek=2026-01-12&rankRange=0-5000,2026-03-22T00:43:17Z
atp,2026-01-12,PD31,Benoit Paire,Benoit Paire,907,23,https://www.atptour.com/en/rankings/singles?dateWeek=2026-01-12&rankRange=0-5000,2026-03-22T00:43:17Z
atp,2026-01-12,K0MX,Enzo Kohlmann De Freitas,Enzo Kohlmann De Freitas,908,23,https://www.atptour.com/en/rankings/singles?dateWeek=2026-01-12&rankRange=0-5000,2026-03-22T00:43:17Z
atp,2026-01-12,R0K4,Kasra Rahmani,Kasra Rahmani,909,23,https://www.atptour.com/en/rankings/singles?dateWeek=2026-01-12&rankRange=0-5000,2026-03-22T00:43:17Z
atp,2026-01-12,W719,Marcus Walters,Marcus Walters,910,23,https://www.atptour.com/en/rankings/singles?dateWeek=2026-01-12&rankRange=0-5000,2026-03-22T00:43:17Z
atp,2026-01-12,H0DQ,Carles Hernandez,Carles Hernandez,911,23,https://www.atptour.com/en/rankings/singles?dateWeek=2026-01-12&rankRange=0-5000,2026-03-22T00:43:17Z
atp,2026-01-12,SY50,Nitin Kumar Sinha,Nitin Kumar Sinha,912,23,https://www.atptour.com/en/rankings/singles?dateWeek=2026-01-12&rankRange=0-5000,2026-03-22T00:43:17Z
atp,2026-01-12,D0D9,Stefano D'Agostino,Stefano D'agostino,913,23,https://www.atptour.com/en/rankings/singles?dateWeek=2026-01-12&rankRange=0-5000,2026-03-22T00:43:17Z
atp,2026-01-12,MW62,Nikita Mashtakov,Nikita Mashtakov,914,23,https://www.atptour.com/en/rankings/singles?dateWeek=2026-01-12&rankRange=0-5000,2026-03-22T00:43:17Z
atp,2026-01-12,LG37,Grigoriy Lomakin,Grigoriy Lomakin,915,23,https://www.atptour.com/en/rankings/singles?dateWeek=2026-01-12&rankRange=0-5000,2026-03-22T00:43:17Z
atp,2026-01-12,F0I8,Matthew Forbes,Matthew Forbes,916,22,https://www.atptour.com/en/rankings/singles?dateWeek=2026-01-12&rankRange=0-5000,2026-03-22T00:43:17Z
atp,2026-01-12,I0B6,Paul Inchauspe,Paul Inchauspe,917,22,https://www.atptour.com/en/rankings/singles?dateWeek=2026-01-12&rankRange=0-5000,2026-03-22T00:43:17Z
atp,2026-01-12,D0N2,Theodore Dean,Theodore Dean,918,22,https://www.atptour.com/en/rankings/singles?dateWeek=2026-01-12&rankRange=0-5000,2026-03-22T00:43:17Z
atp,2026-01-12,M0JP,Calvin Mueller,Calvin Mueller,919,22,https://www.atptour.com/en/rankings/singles?dateWeek=2026-01-12&rankRange=0-5000,2026-03-22T00:43:17Z
atp,2026-01-12,L0N0,Pavel Lagutin,Pavel Lagutin,920,22,https://www.atptour.com/en/rankings/singles?dateWeek=2026-01-12&rankRange=0-5000,2026-03-22T00:43:17Z
atp,2026-01-12,B0AM,Lorenzo Bocchi,Lorenzo Bocchi,921,22,https://www.atptour.com/en/rankings/singles?dateWeek=2026-01-12&rankRange=0-5000,2026-03-22T00:43:17Z
atp,2026-01-12,T0IA,Ryotaro Taguchi,Ryotaro Taguchi,922,22,https://www.atptour.com/en/rankings/singles?dateWeek=2026-01-12&rankRange=0-5000,2026-03-22T00:43:17Z
atp,2026-01-12,Z0C7,Yaojie Zeng,Yaojie Zeng,923,22,https://www.atptour.com/en/rankings/singles?dateWeek=2026-01-12&rankRange=0-5000,2026-03-22T00:43:17Z
atp,2026-01-12,P0LG,Salvador Price,Salvador Price,924,22,https://www.atptour.com/en/rankings/singles?dateWeek=2026-01-12&rankRange=0-5000,2026-03-22T00:43:17Z
atp,2026-01-12,F0BJ,Adan Freire Da Silva,Adan Freire Da Silva,925,22,https://www.atptour.com/en/rankings/singles?dateWeek=2026-01-12&rankRange=0-5000,2026-03-22T00:43:17Z
atp,2026-01-12,B0MR,Evan Bynoe,Evan Bynoe,926,22,https://www.atptour.com/en/rankings/singles?dateWeek=2026-01-12&rankRange=0-5000,2026-03-22T00:43:17Z
atp,2026-01-12,F0F0,Romain Faucon,Romain Faucon,927,22,https://www.atptour.com/en/rankings/singles?dateWeek=2026-01-12&rankRange=0-5000,2026-03-22T00:43:17Z
atp,2026-01-12,M0K2,Pietro Marino,Pietro Marino,928,22,https://www.atptour.com/en/rankings/singles?dateWeek=2026-01-12&rankRange=0-5000,2026-03-22T00:43:17Z
atp,2026-01-12,L0JO,Zoran Ludoski,Zoran Ludoski,929,21,https://www.atptour.com/en/rankings/singles?dateWeek=2026-01-12&rankRange=0-5000,2026-03-22T00:43:17Z
atp,2026-01-12,C0FJ,Aleksa Ciric,Aleksa Ciric,930,21,https://www.atptour.com/en/rankings/singles?dateWeek=2026-01-12&rankRange=0-5000,2026-03-22T00:43:17Z
atp,2026-01-12,Q02O,Rudy Quan,Rudy Quan,931,21,https://www.atptour.com/en/rankings/singles?dateWeek=2026-01-12&rankRange=0-5000,2026-03-22T00:43:17Z
atp,2026-01-12,P0FU,Filip Pieczonka,Filip Pieczonka,932,21,https://www.atptour.com/en/rankings/singles?dateWeek=2026-01-12&rankRange=0-5000,2026-03-22T00:43:17Z
atp,2026-01-12,M0J2,Pablo Masjuan Ginel,Pablo Masjuan Ginel,933,21,https://www.atptour.com/en/rankings/singles?dateWeek=2026-01-12&rankRange=0-5000,2026-03-22T00:43:17Z
atp,2026-01-12,P0MI,Stijn Paardekooper,Stijn Paardekooper,934,21,https://www.atptour.com/en/rankings/singles?dateWeek=2026-01-12&rankRange=0-5000,2026-03-22T00:43:17Z
atp,2026-01-12,M0V5,Marc Majdandzic,Marc Majdandzic,935,21,https://www.atptour.com/en/rankings/singles?dateWeek=2026-01-12&rankRange=0-5000,2026-03-22T00:43:17Z
atp,2026-01-12,O560,Juan Sebastian Osorio,Juan Sebastian Osorio,936,21,https://www.atptour.com/en/rankings/singles?dateWeek=2026-01-12&rankRange=0-5000,2026-03-22T00:43:17Z
atp,2026-01-12,P09S,Benjamin Pietri,Benjamin Pietri,937,21,https://www.atptour.com/en/rankings/singles?dateWeek=2026-01-12&rankRange=0-5000,2026-03-22T00:43:17Z
atp,2026-01-12,D0I6,Yaroslav Demin,Yaroslav Demin,938,21,https://www.atptour.com/en/rankings/singles?dateWeek=2026-01-12&rankRange=0-5000,2026-03-22T00:43:17Z
atp,2026-01-12,M0HO,Mihai Razvan Marinescu,Mihai Razvan Marinescu,939,21,https://www.atptour.com/en/rankings/singles?dateWeek=2026-01-12&rankRange=0-5000,2026-03-22T00:43:17Z
atp,2026-01-12,D916,Steven Diez,Steven Diez,940,20,https://www.atptour.com/en/rankings/singles?dateWeek=2026-01-12&rankRange=0-5000,2026-03-22T00:43:17Z
atp,2026-01-12,CH90,Yun seong Chung,Yun Seong Chung,941,20,https://www.atptour.com/en/rankings/singles?dateWeek=2026-01-12&rankRange=0-5000,2026-03-22T00:43:17Z
atp,2026-01-12,I0BF,Ivan Ivanov,Ivan Ivanov,942,20,https://www.atptour.com/en/rankings/singles?dateWeek=2026-01-12&rankRange=0-5000,2026-03-22T00:43:17Z
atp,2026-01-12,S0JV,Qian Sun,Qian Sun,943,20,https://www.atptour.com/en/rankings/singles?dateWeek=2026-01-12&rankRange=0-5000,2026-03-22T00:43:17Z
atp,2026-01-12,B0QL,Brian Bozemoj,Brian Bozemoj,944,20,https://www.atptour.com/en/rankings/singles?dateWeek=2026-01-12&rankRange=0-5000,2026-03-22T00:43:17Z
atp,2026-01-12,L0CK,Younes Lalami,Younes Lalami,945,20,https://www.atptour.com/en/rankings/singles?dateWeek=2026-01-12&rankRange=0-5000,2026-03-22T00:43:17Z
atp,2026-01-12,TG67,Kristjan Tamm,Kristjan Tamm,946,20,https://www.atptour.com/en/rankings/singles?dateWeek=2026-01-12&rankRange=0-5000,2026-03-22T00:43:17Z
atp,2026-01-12,D0HI,Chirag Duhan,Chirag Duhan,947,20,https://www.atptour.com/en/rankings/singles?dateWeek=2026-01-12&rankRange=0-5000,2026-03-22T00:43:17Z
atp,2026-01-12,BU78,Finn Bass,Finn Bass,948,20,https://www.atptour.com/en/rankings/singles?dateWeek=2026-01-12&rankRange=0-5000,2026-03-22T00:43:17Z
atp,2026-01-12,H0E7,John Hallquist Lithen,John Hallquist Lithen,949,20,https://www.atptour.com/en/rankings/singles?dateWeek=2026-01-12&rankRange=0-5000,2026-03-22T00:43:17Z
atp,2026-01-12,N0BA,Axel Nefve,Axel Nefve,950,20,https://www.atptour.com/en/rankings/singles?dateWeek=2026-01-12&rankRange=0-5000,2026-03-22T00:43:17Z
atp,2026-01-12,F0C4,Diego Fernandez Flores,Diego Fernandez Flores,951,20,https://www.atptour.com/en/rankings/singles?dateWeek=2026-01-12&rankRange=0-5000,2026-03-22T00:43:17Z
atp,2026-01-12,Z350,Michael Zhu,Michael Zhu,952,20,https://www.atptour.com/en/rankings/singles?dateWeek=2026-01-12&rankRange=0-5000,2026-03-22T00:43:17Z
atp,2026-01-12,PI95,David Pichler,David Pichler,953,19,https://www.atptour.com/en/rankings/singles?dateWeek=2026-01-12&rankRange=0-5000,2026-03-22T00:43:17Z
atp,2026-01-12,I411,Johannes Ingildsen,Johannes Ingildsen,954,19,https://www.atptour.com/en/rankings/singles?dateWeek=2026-01-12&rankRange=0-5000,2026-03-22T00:43:17Z
atp,2026-01-12,G0OF,Georgi Georgiev,Georgi Georgiev,955,19,https://www.atptour.com/en/rankings/singles?dateWeek=2026-01-12&rankRange=0-5000,2026-03-22T00:43:17Z
atp,2026-01-12,P0JL,Luca Pow,Luca Pow,956,19,https://www.atptour.com/en/rankings/singles?dateWeek=2026-01-12&rankRange=0-5000,2026-03-22T00:43:17Z
atp,2026-01-12,C0HX,Ozan Baris,Ozan Baris,957,19,https://www.atptour.com/en/rankings/singles?dateWeek=2026-01-12&rankRange=0-5000,2026-03-22T00:43:17Z
atp,2026-01-12,A0HM,Taym Al Azmeh,Taym Al Azmeh,958,19,https://www.atptour.com/en/rankings/singles?dateWeek=2026-01-12&rankRange=0-5000,2026-03-22T00:43:17Z
atp,2026-01-12,H0HS,Matt Hulme,Matt Hulme,959,19,https://www.atptour.com/en/rankings/singles?dateWeek=2026-01-12&rankRange=0-5000,2026-03-22T00:43:17Z
atp,2026-01-12,LB78,Jea Moon Lee,Jea Moon Lee,960,19,https://www.atptour.com/en/rankings/singles?dateWeek=2026-01-12&rankRange=0-5000,2026-03-22T00:43:17Z
atp,2026-01-12,SY74,Manish Sureshkumar,Manish Sureshkumar,961,19,https://www.atptour.com/en/rankings/singles?dateWeek=2026-01-12&rankRange=0-5000,2026-03-22T00:43:17Z
atp,2026-01-12,S0I7,Pietro Romeo Scomparin,Pietro Romeo Scomparin,962,19,https://www.atptour.com/en/rankings/singles?dateWeek=2026-01-12&rankRange=0-5000,2026-03-22T00:43:17Z
atp,2026-01-12,S0MJ,Thantub Suksumrarn,Thantub Suksumrarn,963,19,https://www.atptour.com/en/rankings/singles?dateWeek=2026-01-12&rankRange=0-5000,2026-03-22T00:43:17Z
atp,2026-01-12,O0BQ,Karlis Ozolins,Karlis Ozolins,964,19,https://www.atptour.com/en/rankings/singles?dateWeek=2026-01-12&rankRange=0-5000,2026-03-22T00:43:17Z
atp,2026-01-12,A0AB,Adrian Andreev,Adrian Andreev,965,19,https://www.atptour.com/en/rankings/singles?dateWeek=2026-01-12&rankRange=0-5000,2026-03-22T00:43:17Z
atp,2026-01-12,A0E6,Bekkhan Atlangeriev,Bekkhan Atlangeriev,966,19,https://www.atptour.com/en/rankings/singles?dateWeek=2026-01-12&rankRange=0-5000,2026-03-22T00:43:17Z
atp,2026-01-12,S0RF,Marcello Serafini,Marcello Serafini,967,19,https://www.atptour.com/en/rankings/singles?dateWeek=2026-01-12&rankRange=0-5000,2026-03-22T00:43:17Z
atp,2026-01-12,L0AF,Ewen Lumsden,Ewen Lumsden,968,19,https://www.atptour.com/en/rankings/singles?dateWeek=2026-01-12&rankRange=0-5000,2026-03-22T00:43:17Z
atp,2026-01-12,B0G4,Gabriele Bosio,Gabriele Bosio,969,19,https://www.atptour.com/en/rankings/singles?dateWeek=2026-01-12&rankRange=0-5000,2026-03-22T00:43:17Z
atp,2026-01-12,Z0BY,Nicolas Zanellato,Nicolas Zanellato,970,19,https://www.atptour.com/en/rankings/singles?dateWeek=2026-01-12&rankRange=0-5000,2026-03-22T00:43:17Z
atp,2026-01-12,M0QQ,Tomas Martinez,Tomas Martinez,971,19,https://www.atptour.com/en/rankings/singles?dateWeek=2026-01-12&rankRange=0-5000,2026-03-22T00:43:17Z
atp,2026-01-12,S0E4,Justin Schlageter,Justin Schlageter,972,19,https://www.atptour.com/en/rankings/singles?dateWeek=2026-01-12&rankRange=0-5000,2026-03-22T00:43:17Z
atp,2026-01-12,M0WZ,Lucas Marionneau,Lucas Marionneau,973,19,https://www.atptour.com/en/rankings/singles?dateWeek=2026-01-12&rankRange=0-5000,2026-03-22T00:43:17Z
atp,2026-01-12,G0B7,Jeremy Gschwendtner,Jeremy Gschwendtner,974,19,https://www.atptour.com/en/rankings/singles?dateWeek=2026-01-12&rankRange=0-5000,2026-03-22T00:43:17Z
atp,2026-01-12,BC76,Nicolas Barrientos,Nicolas Barrientos,975,18,https://www.atptour.com/en/rankings/singles?dateWeek=2026-01-12&rankRange=0-5000,2026-03-22T00:43:17Z
atp,2026-01-12,P0MJ,Dante Pagani,Dante Pagani,976,18,https://www.atptour.com/en/rankings/singles?dateWeek=2026-01-12&rankRange=0-5000,2026-03-22T00:43:17Z
atp,2026-01-12,J0F2,Spencer Johnson,Spencer Johnson,977,18,https://www.atptour.com/en/rankings/singles?dateWeek=2026-01-12&rankRange=0-5000,2026-03-22T00:43:17Z
atp,2026-01-12,K0NP,Jack Kennedy,Jack Kennedy,978,18,https://www.atptour.com/en/rankings/singles?dateWeek=2026-01-12&rankRange=0-5000,2026-03-22T00:43:17Z
atp,2026-01-12,B0E4,Mateo Barreiros Reyes,Mateo Barreiros Reyes,979,18,https://www.atptour.com/en/rankings/singles?dateWeek=2026-01-12&rankRange=0-5000,2026-03-22T00:43:17Z
atp,2026-01-12,T0K1,Ryo Tabata,Ryo Tabata,980,18,https://www.atptour.com/en/rankings/singles?dateWeek=2026-01-12&rankRange=0-5000,2026-03-22T00:43:17Z
atp,2026-01-12,L0DM,Alejo Lorenzo Lingua Lavallen,Alejo Lorenzo Lingua Lavallen,981,18,https://www.atptour.com/en/rankings/singles?dateWeek=2026-01-12&rankRange=0-5000,2026-03-22T00:43:17Z
atp,2026-01-12,AG57,Leonardo Aboian,Leonardo Aboian,982,18,https://www.atptour.com/en/rankings/singles?dateWeek=2026-01-12&rankRange=0-5000,2026-03-22T00:43:17Z
atp,2026-01-12,S0UU,Maxim Shin,Maxim Shin,983,18,https://www.atptour.com/en/rankings/singles?dateWeek=2026-01-12&rankRange=0-5000,2026-03-22T00:43:17Z
atp,2026-01-12,B0PD,Peter Buldorini,Peter Buldorini,984,18,https://www.atptour.com/en/rankings/singles?dateWeek=2026-01-12&rankRange=0-5000,2026-03-22T00:43:17Z
atp,2026-01-12,B0JN,Thomas Braithwaite,Thomas Braithwaite,985,18,https://www.atptour.com/en/rankings/singles?dateWeek=2026-01-12&rankRange=0-5000,2026-03-22T00:43:17Z
atp,2026-01-12,S0GM,Daniel Salazar,Daniel Salazar,986,18,https://www.atptour.com/en/rankings/singles?dateWeek=2026-01-12&rankRange=0-5000,2026-03-22T00:43:17Z
atp,2026-01-12,L0G4,Lorenzo Lorusso,Lorenzo Lorusso,987,18,https://www.atptour.com/en/rankings/singles?dateWeek=2026-01-12&rankRange=0-5000,2026-03-22T00:43:17Z
atp,2026-01-12,A0HZ,Lorenzo Angelini,Lorenzo Angelini,988,18,https://www.atptour.com/en/rankings/singles?dateWeek=2026-01-12&rankRange=0-5000,2026-03-22T00:43:17Z
atp,2026-01-12,V0F6,Nicolas Villalon,Nicolas Villalon,989,18,https://www.atptour.com/en/rankings/singles?dateWeek=2026-01-12&rankRange=0-5000,2026-03-22T00:43:17Z
atp,2026-01-12,M0IC,Giannicola Misasi,Giannicola Misasi,990,18,https://www.atptour.com/en/rankings/singles?dateWeek=2026-01-12&rankRange=0-5000,2026-03-22T00:43:17Z
atp,2026-01-12,D0HD,Gabriel Debru,Gabriel Debru,991,17,https://www.atptour.com/en/rankings/singles?dateWeek=2026-01-12&rankRange=0-5000,2026-03-22T00:43:17Z
atp,2026-01-12,C0KV,Ryan Colby,Ryan Colby,992,17,https://www.atptour.com/en/rankings/singles?dateWeek=2026-01-12&rankRange=0-5000,2026-03-22T00:43:17Z
atp,2026-01-12,S1AJ,Ziga Sesko,Ziga Sesko,993,17,https://www.atptour.com/en/rankings/singles?dateWeek=2026-01-12&rankRange=0-5000,2026-03-22T00:43:17Z
atp,2026-01-12,X01D,Kuang Qing Xu,Kuang Qing Xu,994,17,https://www.atptour.com/en/rankings/singles?dateWeek=2026-01-12&rankRange=0-5000,2026-03-22T00:43:17Z
atp,2026-01-12,D0MB,Andrew Delgado,Andrew Delgado,995,17,https://www.atptour.com/en/rankings/singles?dateWeek=2026-01-12&rankRange=0-5000,2026-03-22T00:43:17Z
atp,2026-01-12,C0GW,Suk Hyun Choo,Suk Hyun Choo,996,17,https://www.atptour.com/en/rankings/singles?dateWeek=2026-01-12&rankRange=0-5000,2026-03-22T00:43:17Z
atp,2026-01-12,R0KI,Dominique Rolland,Dominique Rolland,997,17,https://www.atptour.com/en/rankings/singles?dateWeek=2026-01-12&rankRange=0-5000,2026-03-22T00:43:17Z
atp,2026-01-12,R0IU,William Rejchtman Vinciguerra,William Rejchtman Vinciguerra,998,17,https://www.atptour.com/en/rankings/singles?dateWeek=2026-01-12&rankRange=0-5000,2026-03-22T00:43:17Z
atp,2026-01-12,RD58,Dominik Recek,Dominik Recek,999,17,https://www.atptour.com/en/rankings/singles?dateWeek=2026-01-12&rankRange=0-5000,2026-03-22T00:43:17Z
atp,2026-01-12,P0ED,Kiranpal Pannu,Kiranpal Pannu,1000,17,https://www.atptour.com/en/rankings/singles?dateWeek=2026-01-12&rankRange=0-5000,2026-03-22T00:43:17Z
atp,2026-01-12,B0TK,Pepijn Bastiaansen,Pepijn Bastiaansen,1001,17,https://www.atptour.com/en/rankings/singles?dateWeek=2026-01-12&rankRange=0-5000,2026-03-22T00:43:17Z
atp,2026-01-12,D09L,Louis Dussin,Louis Dussin,1002,17,https://www.atptour.com/en/rankings/singles?dateWeek=2026-01-12&rankRange=0-5000,2026-03-22T00:43:17Z
atp,2026-01-12,S0YI,Zach Stephens,Zach Stephens,1003,17,https://www.atptour.com/en/rankings/singles?dateWeek=2026-01-12&rankRange=0-5000,2026-03-22T00:43:17Z
atp,2026-01-12,F902,Jesse Flores,Jesse Flores,1004,17,https://www.atptour.com/en/rankings/singles?dateWeek=2026-01-12&rankRange=0-5000,2026-03-22T00:43:17Z
atp,2026-01-12,B0SW,Tymur Bieldiugin,Tymur Bieldiugin,1005,17,https://www.atptour.com/en/rankings/singles?dateWeek=2026-01-12&rankRange=0-5000,2026-03-22T00:43:17Z
atp,2026-01-12,A0K4,Mikael Arseneault,Mikael Arseneault,1006,17,https://www.atptour.com/en/rankings/singles?dateWeek=2026-01-12&rankRange=0-5000,2026-03-22T00:43:17Z
atp,2026-01-12,T0AF,Fermin Tenti,Fermin Tenti,1007,17,https://www.atptour.com/en/rankings/singles?dateWeek=2026-01-12&rankRange=0-5000,2026-03-22T00:43:17Z
atp,2026-01-12,R0DP,Sam Ryan Ziegann,Sam Ryan Ziegann,1008,17,https://www.atptour.com/en/rankings/singles?dateWeek=2026-01-12&rankRange=0-5000,2026-03-22T00:43:17Z
atp,2026-01-12,T0GK,Ruslan Tiukaev,Ruslan Tiukaev,1009,17,https://www.atptour.com/en/rankings/singles?dateWeek=2026-01-12&rankRange=0-5000,2026-03-22T00:43:17Z
atp,2026-01-12,D0FN,Chen Dong,Chen Dong,1010,17,https://www.atptour.com/en/rankings/singles?dateWeek=2026-01-12&rankRange=0-5000,2026-03-22T00:43:17Z
atp,2026-01-12,G0Q1,Vignesh Gogineni,Vignesh Gogineni,1011,16,https://www.atptour.com/en/rankings/singles?dateWeek=2026-01-12&rankRange=0-5000,2026-03-22T00:43:18Z
atp,2026-01-12,O0CL,Nicolas Oliveira,Nicolas Oliveira,1012,16,https://www.atptour.com/en/rankings/singles?dateWeek=2026-01-12&rankRange=0-5000,2026-03-22T00:43:18Z
atp,2026-01-12,K0KK,Alex Kuperstein,Alex Kuperstein,1013,16,https://www.atptour.com/en/rankings/singles?dateWeek=2026-01-12&rankRange=0-5000,2026-03-22T00:43:18Z
atp,2026-01-12,R0JI,Keegan Rice,Keegan Rice,1014,16,https://www.atptour.com/en/rankings/singles?dateWeek=2026-01-12&rankRange=0-5000,2026-03-22T00:43:18Z
atp,2026-01-12,G0D4,Lorenzo Gagliardo,Lorenzo Gagliardo,1015,16,https://www.atptour.com/en/rankings/singles?dateWeek=2026-01-12&rankRange=0-5000,2026-03-22T00:43:18Z
atp,2026-01-12,M0VH,Markus Malaszszak,Markus Malaszszak,1016,16,https://www.atptour.com/en/rankings/singles?dateWeek=2026-01-12&rankRange=0-5000,2026-03-22T00:43:18Z
atp,2026-01-12,W09X,Benjamin Winter Lopez,Benjamin Winter Lopez,1017,16,https://www.atptour.com/en/rankings/singles?dateWeek=2026-01-12&rankRange=0-5000,2026-03-22T00:43:18Z
atp,2026-01-12,B0HY,Isaac Becroft,Isaac Becroft,1018,16,https://www.atptour.com/en/rankings/singles?dateWeek=2026-01-12&rankRange=0-5000,2026-03-22T00:43:18Z
atp,2026-01-12,S1AR,Simeon Stankovic,Simeon Stankovic,1019,16,https://www.atptour.com/en/rankings/singles?dateWeek=2026-01-12&rankRange=0-5000,2026-03-22T00:43:18Z
atp,2026-01-12,H0HC,Lucca Helguera Casado,Lucca Helguera Casado,1020,16,https://www.atptour.com/en/rankings/singles?dateWeek=2026-01-12&rankRange=0-5000,2026-03-22T00:43:18Z
atp,2026-01-12,P0MS,Rares Teodor Pieleanu,Rares Teodor Pieleanu,1021,16,https://www.atptour.com/en/rankings/singles?dateWeek=2026-01-12&rankRange=0-5000,2026-03-22T00:43:18Z
atp,2026-01-12,M0IG,Ezequiel Monferrer,Ezequiel Monferrer,1022,16,https://www.atptour.com/en/rankings/singles?dateWeek=2026-01-12&rankRange=0-5000,2026-03-22T00:43:18Z
atp,2026-01-12,J0D5,Hayden Jones,Hayden Jones,1023,16,https://www.atptour.com/en/rankings/singles?dateWeek=2026-01-12&rankRange=0-5000,2026-03-22T00:43:18Z
atp,2026-01-12,I0BR,Nicolas Ifi,Nicolas Ifi,1024,16,https://www.atptour.com/en/rankings/singles?dateWeek=2026-01-12&rankRange=0-5000,2026-03-22T00:43:18Z
atp,2026-01-12,V0GR,Alexander Vasilev,Alexander Vasilev,1025,15,https://www.atptour.com/en/rankings/singles?dateWeek=2026-01-12&rankRange=0-5000,2026-03-22T00:43:18Z
atp,2026-01-12,O449,Oscar Otte,Oscar Otte,1026,15,https://www.atptour.com/en/rankings/singles?dateWeek=2026-01-12&rankRange=0-5000,2026-03-22T00:43:18Z
atp,2026-01-12,R0BN,Simon Reveniau,Simon Reveniau,1027,15,https://www.atptour.com/en/rankings/singles?dateWeek=2026-01-12&rankRange=0-5000,2026-03-22T00:43:18Z
atp,2026-01-12,MM79,Blake Mott,Blake Mott,1028,15,https://www.atptour.com/en/rankings/singles?dateWeek=2026-01-12&rankRange=0-5000,2026-03-22T00:43:18Z
atp,2026-01-12,B0NV,Patrick Brady,Patrick Brady,1029,15,https://www.atptour.com/en/rankings/singles?dateWeek=2026-01-12&rankRange=0-5000,2026-03-22T00:43:18Z
atp,2026-01-12,K0CZ,Gilbert Klier Junior,Gilbert Klier Junior,1030,15,https://www.atptour.com/en/rankings/singles?dateWeek=2026-01-12&rankRange=0-5000,2026-03-22T00:43:18Z
atp,2026-01-12,L0DO,Christopher Li,Christopher Li,1031,15,https://www.atptour.com/en/rankings/singles?dateWeek=2026-01-12&rankRange=0-5000,2026-03-22T00:43:18Z
atp,2026-01-12,S0ZF,Kacper Szymkowiak,Kacper Szymkowiak,1032,15,https://www.atptour.com/en/rankings/singles?dateWeek=2026-01-12&rankRange=0-5000,2026-03-22T00:43:18Z
atp,2026-01-12,MO76,Gergely Madarasz,Gergely Madarasz,1033,15,https://www.atptour.com/en/rankings/singles?dateWeek=2026-01-12&rankRange=0-5000,2026-03-22T00:43:18Z
atp,2026-01-12,PH77,David Poljak,David Poljak,1034,15,https://www.atptour.com/en/rankings/singles?dateWeek=2026-01-12&rankRange=0-5000,2026-03-22T00:43:18Z
atp,2026-01-12,L0IO,Louis Larue,Louis Larue,1035,15,https://www.atptour.com/en/rankings/singles?dateWeek=2026-01-12&rankRange=0-5000,2026-03-22T00:43:18Z
atp,2026-01-12,D0JM,Rafael De Alba,Rafael De Alba,1036,15,https://www.atptour.com/en/rankings/singles?dateWeek=2026-01-12&rankRange=0-5000,2026-03-22T00:43:18Z
atp,2026-01-12,KI91,Koray Kirci,Koray Kirci,1037,15,https://www.atptour.com/en/rankings/singles?dateWeek=2026-01-12&rankRange=0-5000,2026-03-22T00:43:18Z
atp,2026-01-12,D0LK,Pieter De Lange,Pieter De Lange,1038,15,https://www.atptour.com/en/rankings/singles?dateWeek=2026-01-12&rankRange=0-5000,2026-03-22T00:43:18Z
atp,2026-01-12,L0CS,Pengyu Lu,Pengyu Lu,1039,15,https://www.atptour.com/en/rankings/singles?dateWeek=2026-01-12&rankRange=0-5000,2026-03-22T00:43:18Z
atp,2026-01-12,G0MH,Benjamin Thomas George,Benjamin Thomas George,1040,15,https://www.atptour.com/en/rankings/singles?dateWeek=2026-01-12&rankRange=0-5000,2026-03-22T00:43:18Z
atp,2026-01-12,I0B3,Karim Ibrahim,Karim Ibrahim,1041,15,https://www.atptour.com/en/rankings/singles?dateWeek=2026-01-12&rankRange=0-5000,2026-03-22T00:43:18Z
atp,2026-01-12,R0KM,Daniele Rapagnetta,Daniele Rapagnetta,1042,15,https://www.atptour.com/en/rankings/singles?dateWeek=2026-01-12&rankRange=0-5000,2026-03-22T00:43:18Z
atp,2026-01-12,BU64,Nicolas Bruna,Nicolas Bruna,1043,15,https://www.atptour.com/en/rankings/singles?dateWeek=2026-01-12&rankRange=0-5000,2026-03-22T00:43:18Z
atp,2026-01-12,T0GE,Pavlos Tsitsipas,Pavlos Tsitsipas,1044,15,https://www.atptour.com/en/rankings/singles?dateWeek=2026-01-12&rankRange=0-5000,2026-03-22T00:43:18Z
atp,2026-01-12,D0HX,Dylan Dietrich,Dylan Dietrich,1045,14,https://www.atptour.com/en/rankings/singles?dateWeek=2026-01-12&rankRange=0-5000,2026-03-22T00:43:18Z
atp,2026-01-12,K0KC,Jangjun Kim,Jangjun Kim,1046,14,https://www.atptour.com/en/rankings/singles?dateWeek=2026-01-12&rankRange=0-5000,2026-03-22T00:43:18Z
atp,2026-01-12,D0CF,Savriyan Danilov,Savriyan Danilov,1047,14,https://www.atptour.com/en/rankings/singles?dateWeek=2026-01-12&rankRange=0-5000,2026-03-22T00:43:18Z
atp,2026-01-12,MM24,Bastian Malla,Bastian Malla,1048,14,https://www.atptour.com/en/rankings/singles?dateWeek=2026-01-12&rankRange=0-5000,2026-03-22T00:43:18Z
atp,2026-01-12,T0IL,Kriish Tyagi,Kriish Tyagi,1049,14,https://www.atptour.com/en/rankings/singles?dateWeek=2026-01-12&rankRange=0-5000,2026-03-22T00:43:18Z
atp,2026-01-12,M0CG,Marko Miladinovic,Marko Miladinovic,1050,14,https://www.atptour.com/en/rankings/singles?dateWeek=2026-01-12&rankRange=0-5000,2026-03-22T00:43:18Z
atp,2026-01-12,S0YN,Grigory Shebekin,Grigory Shebekin,1054,14,https://www.atptour.com/en/rankings/singles?dateWeek=2026-01-12&rankRange=0-5000,2026-03-22T00:43:18Z
atp,2026-01-12,F09J,Karl Friberg,Karl Friberg,1055,14,https://www.atptour.com/en/rankings/singles?dateWeek=2026-01-12&rankRange=0-5000,2026-03-22T00:43:18Z
atp,2026-01-12,S0YT,Joao Vitor Scramin Do Lago,Joao Vitor Scramin Do Lago,1056,14,https://www.atptour.com/en/rankings/singles?dateWeek=2026-01-12&rankRange=0-5000,2026-03-22T00:43:18Z
atp,2026-01-12,VA48,Siddharth Vishwakarma,Siddharth Vishwakarma,1057,14,https://www.atptour.com/en/rankings/singles?dateWeek=2026-01-12&rankRange=0-5000,2026-03-22T00:43:18Z
atp,2026-01-12,R0EK,Natan Rodrigues,Natan Rodrigues,1058,14,https://www.atptour.com/en/rankings/singles?dateWeek=2026-01-12&rankRange=0-5000,2026-03-22T00:43:18Z
atp,2026-01-12,E0AB,Ishaque Eqbal,Ishaque Eqbal,1059,14,https://www.atptour.com/en/rankings/singles?dateWeek=2026-01-12&rankRange=0-5000,2026-03-22T00:43:18Z
atp,2026-01-12,R0BF,Franco Ribero,Franco Ribero,1060,14,https://www.atptour.com/en/rankings/singles?dateWeek=2026-01-12&rankRange=0-5000,2026-03-22T00:43:18Z
atp,2026-01-12,PH67,Nathan Ponwith,Nathan Ponwith,1061,14,https://www.atptour.com/en/rankings/singles?dateWeek=2026-01-12&rankRange=0-5000,2026-03-22T00:43:18Z
atp,2026-01-12,S0YB,Daniil Sarksian,Daniil Sarksian,1062,14,https://www.atptour.com/en/rankings/singles?dateWeek=2026-01-12&rankRange=0-5000,2026-03-22T00:43:18Z
atp,2026-01-12,BO10,Gijs Brouwer,Gijs Brouwer,1063,13,https://www.atptour.com/en/rankings/singles?dateWeek=2026-01-12&rankRange=0-5000,2026-03-22T00:43:18Z
atp,2026-01-12,P0I4,Matias Ponce De Leon Gomila,Matias Ponce De Leon Gomila,1064,13,https://www.atptour.com/en/rankings/singles?dateWeek=2026-01-12&rankRange=0-5000,2026-03-22T00:43:18Z
atp,2026-01-12,Y0BF,Gavin Young,Gavin Young,1065,13,https://www.atptour.com/en/rankings/singles?dateWeek=2026-01-12&rankRange=0-5000,2026-03-22T00:43:18Z
atp,2026-01-12,J380,Jason Jung,Jason Jung,1066,13,https://www.atptour.com/en/rankings/singles?dateWeek=2026-01-12&rankRange=0-5000,2026-03-22T00:43:18Z
atp,2026-01-12,Z0CE,Noah Zamora,Noah Zamora,1067,13,https://www.atptour.com/en/rankings/singles?dateWeek=2026-01-12&rankRange=0-5000,2026-03-22T00:43:18Z
atp,2026-01-12,A0KU,Enzo Aguiard,Enzo Aguiard,1068,13,https://www.atptour.com/en/rankings/singles?dateWeek=2026-01-12&rankRange=0-5000,2026-03-22T00:43:18Z
atp,2026-01-12,J0F0,Vlado Jankanj,Vlado Jankanj,1069,13,https://www.atptour.com/en/rankings/singles?dateWeek=2026-01-12&rankRange=0-5000,2026-03-22T00:43:18Z
atp,2026-01-12,D0I0,Sebastian Dominko,Sebastian Dominko,1070,13,https://www.atptour.com/en/rankings/singles?dateWeek=2026-01-12&rankRange=0-5000,2026-03-22T00:43:18Z
atp,2026-01-12,K0EL,Alexander Kotzen,Alexander Kotzen,1071,13,https://www.atptour.com/en/rankings/singles?dateWeek=2026-01-12&rankRange=0-5000,2026-03-22T00:43:18Z
atp,2026-01-12,O527,Chanyeong Oh,Chanyeong Oh,1072,13,https://www.atptour.com/en/rankings/singles?dateWeek=2026-01-12&rankRange=0-5000,2026-03-22T00:43:18Z
atp,2026-01-12,C0H5,Julian Cundom,Julian Cundom,1073,13,https://www.atptour.com/en/rankings/singles?dateWeek=2026-01-12&rankRange=0-5000,2026-03-22T00:43:18Z
atp,2026-01-12,B0G9,Alberto Bronzetti,Alberto Bronzetti,1074,13,https://www.atptour.com/en/rankings/singles?dateWeek=2026-01-12&rankRange=0-5000,2026-03-22T00:43:18Z
atp,2026-01-12,E0DP,Maxwell Exsted,Maxwell Exsted,1075,13,https://www.atptour.com/en/rankings/singles?dateWeek=2026-01-12&rankRange=0-5000,2026-03-22T00:43:18Z
atp,2026-01-12,A0K2,Federico Aguilar Cardozo,Federico Aguilar Cardozo,1076,13,https://www.atptour.com/en/rankings/singles?dateWeek=2026-01-12&rankRange=0-5000,2026-03-22T00:43:18Z
atp,2026-01-12,H0GC,Ali Habib,Ali Habib,1077,13,https://www.atptour.com/en/rankings/singles?dateWeek=2026-01-12&rankRange=0-5000,2026-03-22T00:43:18Z
atp,2026-01-12,PM12,Nicolas Parizzia,Nicolas Parizzia,1078,13,https://www.atptour.com/en/rankings/singles?dateWeek=2026-01-12&rankRange=0-5000,2026-03-22T00:43:18Z
atp,2026-01-12,L0CH,Noel Larwig,Noel Larwig,1079,13,https://www.atptour.com/en/rankings/singles?dateWeek=2026-01-12&rankRange=0-5000,2026-03-22T00:43:18Z
atp,2026-01-12,L0GJ,Mika Lipp,Mika Lipp,1080,13,https://www.atptour.com/en/rankings/singles?dateWeek=2026-01-12&rankRange=0-5000,2026-03-22T00:43:18Z
atp,2026-01-12,C0JU,Enzo Camargo Lima,Enzo Camargo Lima,1081,13,https://www.atptour.com/en/rankings/singles?dateWeek=2026-01-12&rankRange=0-5000,2026-03-22T00:43:18Z
atp,2026-01-12,P0NT,Piet Luis Pinter,Piet Luis Pinter,1082,13,https://www.atptour.com/en/rankings/singles?dateWeek=2026-01-12&rankRange=0-5000,2026-03-22T00:43:18Z
atp,2026-01-12,B0HD,Nikola Basic,Nikola Basic,1083,13,https://www.atptour.com/en/rankings/singles?dateWeek=2026-01-12&rankRange=0-5000,2026-03-22T00:43:18Z
atp,2026-01-12,P0G0,Evgeny Philippov,Evgeny Philippov,1084,13,https://www.atptour.com/en/rankings/singles?dateWeek=2026-01-12&rankRange=0-5000,2026-03-22T00:43:18Z
atp,2026-01-12,N724,Gabriele Maria Noce,Gabriele Maria Noce,1085,13,https://www.atptour.com/en/rankings/singles?dateWeek=2026-01-12&rankRange=0-5000,2026-03-22T00:43:18Z
atp,2026-01-12,B0PH,Jacopo Bilardo,Jacopo Bilardo,1086,13,https://www.atptour.com/en/rankings/singles?dateWeek=2026-01-12&rankRange=0-5000,2026-03-22T00:43:18Z
atp,2026-01-12,U0A3,Matthias Ujvary,Matthias Ujvary,1087,13,https://www.atptour.com/en/rankings/singles?dateWeek=2026-01-12&rankRange=0-5000,2026-03-22T00:43:18Z
atp,2026-01-12,MV39,Tomohiro Masabayashi,Tomohiro Masabayashi,1088,13,https://www.atptour.com/en/rankings/singles?dateWeek=2026-01-12&rankRange=0-5000,2026-03-22T00:43:18Z
atp,2026-01-12,L733,Zhe Li,Zhe Li,1089,12,https://www.atptour.com/en/rankings/singles?dateWeek=2026-01-12&rankRange=0-5000,2026-03-22T00:43:18Z
atp,2026-01-12,B0IZ,Devin Badenhorst,Devin Badenhorst,1090,12,https://www.atptour.com/en/rankings/singles?dateWeek=2026-01-12&rankRange=0-5000,2026-03-22T00:43:18Z
atp,2026-01-12,S0R2,Benito Sanchez Martinez,Benito Sanchez Martinez,1091,12,https://www.atptour.com/en/rankings/singles?dateWeek=2026-01-12&rankRange=0-5000,2026-03-22T00:43:18Z
atp,2026-01-12,Z0AB,Alexey Zakharov,Alexey Zakharov,1092,12,https://www.atptour.com/en/rankings/singles?dateWeek=2026-01-12&rankRange=0-5000,2026-03-22T00:43:18Z
atp,2026-01-12,M19T,Jamie Mackenzie,Jamie Mackenzie,1093,12,https://www.atptour.com/en/rankings/singles?dateWeek=2026-01-12&rankRange=0-5000,2026-03-22T00:43:18Z
atp,2026-01-12,M0XQ,Niels McDonald,Niels Mcdonald,1094,12,https://www.atptour.com/en/rankings/singles?dateWeek=2026-01-12&rankRange=0-5000,2026-03-22T00:43:18Z
atp,2026-01-12,J0EI,Adam Jilly,Adam Jilly,1095,12,https://www.atptour.com/en/rankings/singles?dateWeek=2026-01-12&rankRange=0-5000,2026-03-22T00:43:18Z
atp,2026-01-12,B0A1,Martin Borisiouk,Martin Borisiouk,1096,12,https://www.atptour.com/en/rankings/singles?dateWeek=2026-01-12&rankRange=0-5000,2026-03-22T00:43:18Z
atp,2026-01-12,M0XA,Mario Martinez Serrano,Mario Martinez Serrano,1097,12,https://www.atptour.com/en/rankings/singles?dateWeek=2026-01-12&rankRange=0-5000,2026-03-22T00:43:18Z
atp,2026-01-12,P0MT,Cezar Gabriel Papoe,Cezar Gabriel Papoe,1098,12,https://www.atptour.com/en/rankings/singles?dateWeek=2026-01-12&rankRange=0-5000,2026-03-22T00:43:18Z
atp,2026-01-12,K0DV,Geun Jun Kim,Geun Jun Kim,1099,12,https://www.atptour.com/en/rankings/singles?dateWeek=2026-01-12&rankRange=0-5000,2026-03-22T00:43:18Z
atp,2026-01-12,M0RC,Shu Matsuoka,Shu Matsuoka,1100,12,https://www.atptour.com/en/rankings/singles?dateWeek=2026-01-12&rankRange=0-5000,2026-03-22T00:43:18Z
atp,2026-01-12,M0I5,Alen Mujakic,Alen Mujakic,1101,12,https://www.atptour.com/en/rankings/singles?dateWeek=2026-01-12&rankRange=0-5000,2026-03-22T00:43:18Z
atp,2026-01-12,K0MW,Maan Kesharwani,Maan Kesharwani,1102,12,https://www.atptour.com/en/rankings/singles?dateWeek=2026-01-12&rankRange=0-5000,2026-03-22T00:43:18Z
atp,2026-01-12,S09B,Mathieu Scaglia,Mathieu Scaglia,1103,12,https://www.atptour.com/en/rankings/singles?dateWeek=2026-01-12&rankRange=0-5000,2026-03-22T00:43:18Z
atp,2026-01-12,V0DI,Samuel Vincent Ruggeri,Samuel Vincent Ruggeri,1104,12,https://www.atptour.com/en/rankings/singles?dateWeek=2026-01-12&rankRange=0-5000,2026-03-22T00:43:18Z
atp,2026-01-12,O0E1,Yuto Oki,Yuto Oki,1105,12,https://www.atptour.com/en/rankings/singles?dateWeek=2026-01-12&rankRange=0-5000,2026-03-22T00:43:18Z
atp,2026-01-12,O0AX,Gian Marco Ortenzi,Gian Marco Ortenzi,1106,12,https://www.atptour.com/en/rankings/singles?dateWeek=2026-01-12&rankRange=0-5000,2026-03-22T00:43:18Z
atp,2026-01-12,L0BU,Hanyi Liu,Hanyi Liu,1107,12,https://www.atptour.com/en/rankings/singles?dateWeek=2026-01-12&rankRange=0-5000,2026-03-22T00:43:18Z
atp,2026-01-12,T0I0,Andreas Timini,Andreas Timini,1108,12,https://www.atptour.com/en/rankings/singles?dateWeek=2026-01-12&rankRange=0-5000,2026-03-22T00:43:18Z
atp,2026-01-12,S0SD,Jasza Szajrych,Jasza Szajrych,1109,12,https://www.atptour.com/en/rankings/singles?dateWeek=2026-01-12&rankRange=0-5000,2026-03-22T00:43:18Z
atp,2026-01-12,S1BV,Billy Suarez,Billy Suarez,1110,12,https://www.atptour.com/en/rankings/singles?dateWeek=2026-01-12&rankRange=0-5000,2026-03-22T00:43:18Z
atp,2026-01-12,VA31,Stefan Vujic,Stefan Vujic,1111,12,https://www.atptour.com/en/rankings/singles?dateWeek=2026-01-12&rankRange=0-5000,2026-03-22T00:43:18Z
atp,2026-01-12,PM20,Hugo Pierre,Hugo Pierre,1112,12,https://www.atptour.com/en/rankings/singles?dateWeek=2026-01-12&rankRange=0-5000,2026-03-22T00:43:18Z
atp,2026-01-12,TG42,Louis Tessa,Louis Tessa,1113,12,https://www.atptour.com/en/rankings/singles?dateWeek=2026-01-12&rankRange=0-5000,2026-03-22T00:43:18Z
atp,2026-01-12,AG30,Ammar Alhogbani,Ammar Alhogbani,1114,12,https://www.atptour.com/en/rankings/singles?dateWeek=2026-01-12&rankRange=0-5000,2026-03-22T00:43:18Z
atp,2026-01-12,O09S,Juan Bautista Otegui,Juan Bautista Otegui,1115,12,https://www.atptour.com/en/rankings/singles?dateWeek=2026-01-12&rankRange=0-5000,2026-03-22T00:43:18Z
atp,2026-01-12,S0JW,Sungbeen Sim,Sungbeen Sim,1116,12,https://www.atptour.com/en/rankings/singles?dateWeek=2026-01-12&rankRange=0-5000,2026-03-22T00:43:18Z
atp,2026-01-12,BV08,Boris Butulija,Boris Butulija,1117,12,https://www.atptour.com/en/rankings/singles?dateWeek=2026-01-12&rankRange=0-5000,2026-03-22T00:43:18Z
atp,2026-01-12,V0E1,Zsombor Velcz,Zsombor Velcz,1118,11,https://www.atptour.com/en/rankings/singles?dateWeek=2026-01-12&rankRange=0-5000,2026-03-22T00:43:18Z
atp,2026-01-12,P0P1,Thiago Agustin Pernas,Thiago Agustin Pernas,1119,11,https://www.atptour.com/en/rankings/singles?dateWeek=2026-01-12&rankRange=0-5000,2026-03-22T00:43:18Z
atp,2026-01-12,P0IN,Oskar Brostrom Poulsen,Oskar Brostrom Poulsen,1120,11,https://www.atptour.com/en/rankings/singles?dateWeek=2026-01-12&rankRange=0-5000,2026-03-22T00:43:18Z
atp,2026-01-12,M0N5,Rohan Mehra,Rohan Mehra,1121,11,https://www.atptour.com/en/rankings/singles?dateWeek=2026-01-12&rankRange=0-5000,2026-03-22T00:43:18Z
atp,2026-01-12,B0M7,Mathis Bondaz,Mathis Bondaz,1122,11,https://www.atptour.com/en/rankings/singles?dateWeek=2026-01-12&rankRange=0-5000,2026-03-22T00:43:18Z
atp,2026-01-12,T0B0,Connor Thomson,Connor Thomson,1123,11,https://www.atptour.com/en/rankings/singles?dateWeek=2026-01-12&rankRange=0-5000,2026-03-22T00:43:18Z
atp,2026-01-12,V0GE,James Van Herzeele,James Van Herzeele,1124,11,https://www.atptour.com/en/rankings/singles?dateWeek=2026-01-12&rankRange=0-5000,2026-03-22T00:43:18Z
atp,2026-01-12,L0CO,Thando Longwe-Smit,Thando Longwe Smit,1125,11,https://www.atptour.com/en/rankings/singles?dateWeek=2026-01-12&rankRange=0-5000,2026-03-22T00:43:18Z
atp,2026-01-12,W660,Jefferson Wendler Filho,Jefferson Wendler Filho,1126,11,https://www.atptour.com/en/rankings/singles?dateWeek=2026-01-12&rankRange=0-5000,2026-03-22T00:43:18Z
atp,2026-01-12,K0HT,Elgin Khoeblal,Elgin Khoeblal,1127,11,https://www.atptour.com/en/rankings/singles?dateWeek=2026-01-12&rankRange=0-5000,2026-03-22T00:43:18Z
atp,2026-01-12,M0N4,Leonardo Malgaroli,Leonardo Malgaroli,1130,11,https://www.atptour.com/en/rankings/singles?dateWeek=2026-01-12&rankRange=0-5000,2026-03-22T00:43:18Z
atp,2026-01-12,R0AY,Gregor Ramskogler,Gregor Ramskogler,1131,11,https://www.atptour.com/en/rankings/singles?dateWeek=2026-01-12&rankRange=0-5000,2026-03-22T00:43:18Z
atp,2026-01-12,B0W9,Nikolai Barsukov,Nikolai Barsukov,1132,11,https://www.atptour.com/en/rankings/singles?dateWeek=2026-01-12&rankRange=0-5000,2026-03-22T00:43:18Z
atp,2026-01-12,S0IK,Tyler Stice,Tyler Stice,1133,11,https://www.atptour.com/en/rankings/singles?dateWeek=2026-01-12&rankRange=0-5000,2026-03-22T00:43:18Z
atp,2026-01-12,C0KO,Niccolò Ciavarella,Niccolò Ciavarella,1134,11,https://www.atptour.com/en/rankings/singles?dateWeek=2026-01-12&rankRange=0-5000,2026-03-22T00:43:18Z
atp,2026-01-12,B0NF,Valentin Basel,Valentin Basel,1135,11,https://www.atptour.com/en/rankings/singles?dateWeek=2026-01-12&rankRange=0-5000,2026-03-22T00:43:18Z
atp,2026-01-12,F0FB,Maximilian Figl,Maximilian Figl,1136,11,https://www.atptour.com/en/rankings/singles?dateWeek=2026-01-12&rankRange=0-5000,2026-03-22T00:43:18Z
atp,2026-01-12,MN49,Mohamed Nazim Makhlouf,Mohamed Nazim Makhlouf,1137,11,https://www.atptour.com/en/rankings/singles?dateWeek=2026-01-12&rankRange=0-5000,2026-03-22T00:43:18Z
atp,2026-01-12,P0JK,Noah Perfetti,Noah Perfetti,1138,11,https://www.atptour.com/en/rankings/singles?dateWeek=2026-01-12&rankRange=0-5000,2026-03-22T00:43:18Z
atp,2026-01-12,ML51,Toby Martin,Toby Martin,1139,11,https://www.atptour.com/en/rankings/singles?dateWeek=2026-01-12&rankRange=0-5000,2026-03-22T00:43:18Z
atp,2026-01-12,T0DN,Noah Thurner,Noah Thurner,1140,11,https://www.atptour.com/en/rankings/singles?dateWeek=2026-01-12&rankRange=0-5000,2026-03-22T00:43:18Z
atp,2026-01-12,I0BE,Saveliy Ivanov,Saveliy Ivanov,1141,11,https://www.atptour.com/en/rankings/singles?dateWeek=2026-01-12&rankRange=0-5000,2026-03-22T00:43:18Z
atp,2026-01-12,MF70,Luis David Martinez,Luis David Martinez,1142,10,https://www.atptour.com/en/rankings/singles?dateWeek=2026-01-12&rankRange=0-5000,2026-03-22T00:43:18Z
atp,2026-01-12,M0OR,Rohan Murali,Rohan Murali,1145,10,https://www.atptour.com/en/rankings/singles?dateWeek=2026-01-12&rankRange=0-5000,2026-03-22T00:43:18Z
atp,2026-01-12,B0A2,Siddhant Banthia,Siddhant Banthia,1146,10,https://www.atptour.com/en/rankings/singles?dateWeek=2026-01-12&rankRange=0-5000,2026-03-22T00:43:18Z
atp,2026-01-12,GH33,Manuel Guinard,Manuel Guinard,1147,10,https://www.atptour.com/en/rankings/singles?dateWeek=2026-01-12&rankRange=0-5000,2026-03-22T00:43:18Z
atp,2026-01-12,R0KK,Alexander Rozin,Alexander Rozin,1150,10,https://www.atptour.com/en/rankings/singles?dateWeek=2026-01-12&rankRange=0-5000,2026-03-22T00:43:18Z
atp,2026-01-12,O663,Jannik Opitz,Jannik Opitz,1151,10,https://www.atptour.com/en/rankings/singles?dateWeek=2026-01-12&rankRange=0-5000,2026-03-22T00:43:18Z
atp,2026-01-12,P0CD,Daniel Paty,Daniel Paty,1152,10,https://www.atptour.com/en/rankings/singles?dateWeek=2026-01-12&rankRange=0-5000,2026-03-22T00:43:18Z
atp,2026-01-12,G0OS,Joaquin Guilleme,Joaquin Guilleme,1153,10,https://www.atptour.com/en/rankings/singles?dateWeek=2026-01-12&rankRange=0-5000,2026-03-22T00:43:18Z
atp,2026-01-12,SP80,Nino Serdarusic,Nino Serdarusic,1154,10,https://www.atptour.com/en/rankings/singles?dateWeek=2026-01-12&rankRange=0-5000,2026-03-22T00:43:18Z
atp,2026-01-12,O0BC,Oliver Okonkwo,Oliver Okonkwo,1155,10,https://www.atptour.com/en/rankings/singles?dateWeek=2026-01-12&rankRange=0-5000,2026-03-22T00:43:18Z
atp,2026-01-12,S0RH,Martin Sabas,Martin Sabas,1156,10,https://www.atptour.com/en/rankings/singles?dateWeek=2026-01-12&rankRange=0-5000,2026-03-22T00:43:18Z
atp,2026-01-12,RB56,Ramkumar Ramanathan,Ramkumar Ramanathan,1157,10,https://www.atptour.com/en/rankings/singles?dateWeek=2026-01-12&rankRange=0-5000,2026-03-22T00:43:18Z
atp,2026-01-12,TG46,Ryota Tanuma,Ryota Tanuma,1158,10,https://www.atptour.com/en/rankings/singles?dateWeek=2026-01-12&rankRange=0-5000,2026-03-22T00:43:18Z
atp,2026-01-12,A0I9,Edison Ambarzumjan,Edison Ambarzumjan,1159,10,https://www.atptour.com/en/rankings/singles?dateWeek=2026-01-12&rankRange=0-5000,2026-03-22T00:43:18Z
atp,2026-01-12,J0DK,Phillip Jordan,Phillip Jordan,1162,10,https://www.atptour.com/en/rankings/singles?dateWeek=2026-01-12&rankRange=0-5000,2026-03-22T00:43:18Z
atp,2026-01-12,D0HZ,Mateo Del Pino,Mateo Del Pino,1165,10,https://www.atptour.com/en/rankings/singles?dateWeek=2026-01-12&rankRange=0-5000,2026-03-22T00:43:18Z
atp,2026-01-12,C0PK,Xing Dao Chen,Xing Dao Chen,1166,10,https://www.atptour.com/en/rankings/singles?dateWeek=2026-01-12&rankRange=0-5000,2026-03-22T00:43:18Z
atp,2026-01-12,M0W0,Markus Molder,Markus Molder,1167,10,https://www.atptour.com/en/rankings/singles?dateWeek=2026-01-12&rankRange=0-5000,2026-03-22T00:43:18Z
atp,2026-01-12,C0NI,Aleksander Chayka,Aleksander Chayka,1168,10,https://www.atptour.com/en/rankings/singles?dateWeek=2026-01-12&rankRange=0-5000,2026-03-22T00:43:18Z
atp,2026-01-12,P0M4,Denis Petak,Denis Petak,1169,10,https://www.atptour.com/en/rankings/singles?dateWeek=2026-01-12&rankRange=0-5000,2026-03-22T00:43:18Z
atp,2026-01-12,T0AG,Zura Tkemaladze,Zura Tkemaladze,1170,10,https://www.atptour.com/en/rankings/singles?dateWeek=2026-01-12&rankRange=0-5000,2026-03-22T00:43:18Z
atp,2026-01-12,J0AK,Yuquan Jin,Yuquan Jin,1171,10,https://www.atptour.com/en/rankings/singles?dateWeek=2026-01-12&rankRange=0-5000,2026-03-22T00:43:18Z
atp,2026-01-12,W0BR,Niklas Waldner,Niklas Waldner,1172,10,https://www.atptour.com/en/rankings/singles?dateWeek=2026-01-12&rankRange=0-5000,2026-03-22T00:43:18Z
atp,2026-01-12,T0J8,Yuta Tomida,Yuta Tomida,1173,10,https://www.atptour.com/en/rankings/singles?dateWeek=2026-01-12&rankRange=0-5000,2026-03-22T00:43:18Z
atp,2026-01-12,S0VZ,Samuele Seghetti,Samuele Seghetti,1174,10,https://www.atptour.com/en/rankings/singles?dateWeek=2026-01-12&rankRange=0-5000,2026-03-22T00:43:18Z
atp,2026-01-12,R0EW,Leyton Rivera,Leyton Rivera,1175,10,https://www.atptour.com/en/rankings/singles?dateWeek=2026-01-12&rankRange=0-5000,2026-03-22T00:43:18Z
atp,2026-01-12,M0B9,Diogo Marques,Diogo Marques,1176,10,https://www.atptour.com/en/rankings/singles?dateWeek=2026-01-12&rankRange=0-5000,2026-03-22T00:43:18Z
atp,2026-01-12,B0G6,Preston Brown,Preston Brown,1177,10,https://www.atptour.com/en/rankings/singles?dateWeek=2026-01-12&rankRange=0-5000,2026-03-22T00:43:18Z
atp,2026-01-12,P0KJ,Derek Pham,Derek Pham,1178,9,https://www.atptour.com/en/rankings/singles?dateWeek=2026-01-12&rankRange=0-5000,2026-03-22T00:43:18Z
atp,2026-01-12,SK47,Mohamed Safwat,Mohamed Safwat,1181,9,https://www.atptour.com/en/rankings/singles?dateWeek=2026-01-12&rankRange=0-5000,2026-03-22T00:43:18Z
atp,2026-01-12,B0U1,Tudor Batin,Tudor Batin,1185,9,https://www.atptour.com/en/rankings/singles?dateWeek=2026-01-12&rankRange=0-5000,2026-03-22T00:43:18Z
atp,2026-01-12,S0TB,Elijah Strode,Elijah Strode,1186,9,https://www.atptour.com/en/rankings/singles?dateWeek=2026-01-12&rankRange=0-5000,2026-03-22T00:43:18Z
atp,2026-01-12,PL38,Sebastian Prechtel,Sebastian Prechtel,1187,9,https://www.atptour.com/en/rankings/singles?dateWeek=2026-01-12&rankRange=0-5000,2026-03-22T00:43:18Z
atp,2026-01-12,A0HK,Mikail Alimli,Mikail Alimli,1190,9,https://www.atptour.com/en/rankings/singles?dateWeek=2026-01-12&rankRange=0-5000,2026-03-22T00:43:18Z
atp,2026-01-12,M0ES,Oscar Moraing,Oscar Moraing,1191,9,https://www.atptour.com/en/rankings/singles?dateWeek=2026-01-12&rankRange=0-5000,2026-03-22T00:43:18Z
atp,2026-01-12,H0HX,Jan Hrazdil,Jan Hrazdil,1192,9,https://www.atptour.com/en/rankings/singles?dateWeek=2026-01-12&rankRange=0-5000,2026-03-22T00:43:18Z
atp,2026-01-12,P0IG,Martyn Pawelski,Martyn Pawelski,1193,9,https://www.atptour.com/en/rankings/singles?dateWeek=2026-01-12&rankRange=0-5000,2026-03-22T00:43:18Z
atp,2026-01-12,D09V,Ivan Denisov,Ivan Denisov,1194,9,https://www.atptour.com/en/rankings/singles?dateWeek=2026-01-12&rankRange=0-5000,2026-03-22T00:43:18Z
atp,2026-01-12,D0KA,Christian Djonov,Christian Djonov,1195,9,https://www.atptour.com/en/rankings/singles?dateWeek=2026-01-12&rankRange=0-5000,2026-03-22T00:43:18Z
atp,2026-01-12,F0I5,Viktor Frydrych,Viktor Frydrych,1196,9,https://www.atptour.com/en/rankings/singles?dateWeek=2026-01-12&rankRange=0-5000,2026-03-22T00:43:18Z
atp,2026-01-12,D0JZ,Andrea De Marchi,Andrea De Marchi,1197,9,https://www.atptour.com/en/rankings/singles?dateWeek=2026-01-12&rankRange=0-5000,2026-03-22T00:43:18Z
atp,2026-01-12,F0HU,Aaron Funk,Aaron Funk,1198,9,https://www.atptour.com/en/rankings/singles?dateWeek=2026-01-12&rankRange=0-5000,2026-03-22T00:43:18Z
atp,2026-01-12,C0MO,Giacomo Crisostomo,Giacomo Crisostomo,1199,9,https://www.atptour.com/en/rankings/singles?dateWeek=2026-01-12&rankRange=0-5000,2026-03-22T00:43:18Z
atp,2026-01-12,GJ90,Joao Vitor Goncalves Ceolin,Joao Vitor Goncalves Ceolin,1200,9,https://www.atptour.com/en/rankings/singles?dateWeek=2026-01-12&rankRange=0-5000,2026-03-22T00:43:18Z
atp,2026-01-12,B0C4,Charles Bertimon,Charles Bertimon,1201,9,https://www.atptour.com/en/rankings/singles?dateWeek=2026-01-12&rankRange=0-5000,2026-03-22T00:43:18Z
atp,2026-01-12,M0DA,Keenan Mayo,Keenan Mayo,1202,8,https://www.atptour.com/en/rankings/singles?dateWeek=2026-01-12&rankRange=0-5000,2026-03-22T00:43:18Z
atp,2026-01-12,M0OT,Luis Felipe Miguel,Luis Felipe Miguel,1203,8,https://www.atptour.com/en/rankings/singles?dateWeek=2026-01-12&rankRange=0-5000,2026-03-22T00:43:18Z
atp,2026-01-12,B0T6,Thijs Boogaard,Thijs Boogaard,1204,8,https://www.atptour.com/en/rankings/singles?dateWeek=2026-01-12&rankRange=0-5000,2026-03-22T00:43:18Z
atp,2026-01-12,S0V8,Ofek Shimanov,Ofek Shimanov,1205,8,https://www.atptour.com/en/rankings/singles?dateWeek=2026-01-12&rankRange=0-5000,2026-03-22T00:43:18Z
atp,2026-01-12,CL82,Daniel Cukierman,Daniel Cukierman,1206,8,https://www.atptour.com/en/rankings/singles?dateWeek=2026-01-12&rankRange=0-5000,2026-03-22T00:43:18Z
atp,2026-01-12,T0HM,Vito Tonejc,Vito Tonejc,1207,8,https://www.atptour.com/en/rankings/singles?dateWeek=2026-01-12&rankRange=0-5000,2026-03-22T00:43:18Z
atp,2026-01-12,W0BD,Deney Wassermann,Deney Wassermann,1208,8,https://www.atptour.com/en/rankings/singles?dateWeek=2026-01-12&rankRange=0-5000,2026-03-22T00:43:18Z
atp,2026-01-12,H0M1,Keaton Hance,Keaton Hance,1209,8,https://www.atptour.com/en/rankings/singles?dateWeek=2026-01-12&rankRange=0-5000,2026-03-22T00:43:18Z
atp,2026-01-12,P0B6,Savva Polukhin,Savva Polukhin,1210,8,https://www.atptour.com/en/rankings/singles?dateWeek=2026-01-12&rankRange=0-5000,2026-03-22T00:43:18Z
atp,2026-01-12,S0TO,Tiago Silva,Tiago Silva,1213,8,https://www.atptour.com/en/rankings/singles?dateWeek=2026-01-12&rankRange=0-5000,2026-03-22T00:43:18Z
atp,2026-01-12,D985,Joao Domingues,Joao Domingues,1214,8,https://www.atptour.com/en/rankings/singles?dateWeek=2026-01-12&rankRange=0-5000,2026-03-22T00:43:18Z
atp,2026-01-12,KC86,Darian King,Darian King,1215,8,https://www.atptour.com/en/rankings/singles?dateWeek=2026-01-12&rankRange=0-5000,2026-03-22T00:43:18Z
atp,2026-01-12,T0BA,Taketo Takamisawa,Taketo Takamisawa,1216,8,https://www.atptour.com/en/rankings/singles?dateWeek=2026-01-12&rankRange=0-5000,2026-03-22T00:43:18Z
atp,2026-01-12,P0GE,Giulio Perego,Giulio Perego,1219,8,https://www.atptour.com/en/rankings/singles?dateWeek=2026-01-12&rankRange=0-5000,2026-03-22T00:43:18Z
atp,2026-01-12,F0J3,Pierre Antoine Faut,Pierre Antoine Faut,1220,8,https://www.atptour.com/en/rankings/singles?dateWeek=2026-01-12&rankRange=0-5000,2026-03-22T00:43:18Z
atp,2026-01-12,L0E5,Junhyeon Lee,Junhyeon Lee,1221,8,https://www.atptour.com/en/rankings/singles?dateWeek=2026-01-12&rankRange=0-5000,2026-03-22T00:43:18Z
atp,2026-01-12,T0BH,Matthew Thomson,Matthew Thomson,1222,8,https://www.atptour.com/en/rankings/singles?dateWeek=2026-01-12&rankRange=0-5000,2026-03-22T00:43:18Z
atp,2026-01-12,B0QK,Lorenzo Beraldo,Lorenzo Beraldo,1223,8,https://www.atptour.com/en/rankings/singles?dateWeek=2026-01-12&rankRange=0-5000,2026-03-22T00:43:18Z
atp,2026-01-12,C0NX,Seongwoo Cho,Seongwoo Cho,1224,8,https://www.atptour.com/en/rankings/singles?dateWeek=2026-01-12&rankRange=0-5000,2026-03-22T00:43:18Z
atp,2026-01-12,L0EV,Valentin Lapalu,Valentin Lapalu,1225,8,https://www.atptour.com/en/rankings/singles?dateWeek=2026-01-12&rankRange=0-5000,2026-03-22T00:43:18Z
atp,2026-01-12,S0KY,Amador Salazar,Amador Salazar,1226,8,https://www.atptour.com/en/rankings/singles?dateWeek=2026-01-12&rankRange=0-5000,2026-03-22T00:43:18Z
atp,2026-01-12,E0DX,David Eichenseher,David Eichenseher,1229,8,https://www.atptour.com/en/rankings/singles?dateWeek=2026-01-12&rankRange=0-5000,2026-03-22T00:43:18Z
atp,2026-01-12,SF41,Aldin Setkic,Aldin Setkic,1230,8,https://www.atptour.com/en/rankings/singles?dateWeek=2026-01-12&rankRange=0-5000,2026-03-22T00:43:18Z
atp,2026-01-12,B0WX,Tobia Costanzo Baragiola Mordini,Tobia Costanzo Baragiola Mordini,1231,8,https://www.atptour.com/en/rankings/singles?dateWeek=2026-01-12&rankRange=0-5000,2026-03-22T00:43:18Z
atp,2026-01-12,J0DN,Aljaz Jeran,Aljaz Jeran,1232,8,https://www.atptour.com/en/rankings/singles?dateWeek=2026-01-12&rankRange=0-5000,2026-03-22T00:43:18Z
atp,2026-01-12,AD23,Oliver Anderson,Oliver Anderson,1235,8,https://www.atptour.com/en/rankings/singles?dateWeek=2026-01-12&rankRange=0-5000,2026-03-22T00:43:18Z
atp,2026-01-12,C0I5,Corban Crowther,Corban Crowther,1236,8,https://www.atptour.com/en/rankings/singles?dateWeek=2026-01-12&rankRange=0-5000,2026-03-22T00:43:18Z
atp,2026-01-12,K0FW,Jan Kupcic,Jan Kupcic,1237,8,https://www.atptour.com/en/rankings/singles?dateWeek=2026-01-12&rankRange=0-5000,2026-03-22T00:43:18Z
atp,2026-01-12,P0D4,Brandon Perez,Brandon Perez,1238,8,https://www.atptour.com/en/rankings/singles?dateWeek=2026-01-12&rankRange=0-5000,2026-03-22T00:43:18Z
atp,2026-01-12,G0O5,Ivan Gretskiy,Ivan Gretskiy,1241,8,https://www.atptour.com/en/rankings/singles?dateWeek=2026-01-12&rankRange=0-5000,2026-03-22T00:43:18Z
atp,2026-01-12,HB18,Alp Horoz,Alp Horoz,1242,8,https://www.atptour.com/en/rankings/singles?dateWeek=2026-01-12&rankRange=0-5000,2026-03-22T00:43:18Z
atp,2026-01-12,K0JM,Vadym Konovchuk,Vadym Konovchuk,1245,8,https://www.atptour.com/en/rankings/singles?dateWeek=2026-01-12&rankRange=0-5000,2026-03-22T00:43:18Z
atp,2026-01-12,C0GG,Keshav Chopra,Keshav Chopra,1246,8,https://www.atptour.com/en/rankings/singles?dateWeek=2026-01-12&rankRange=0-5000,2026-03-22T00:43:18Z
atp,2026-01-12,GK07,Joao Graca,Joao Graca,1247,8,https://www.atptour.com/en/rankings/singles?dateWeek=2026-01-12&rankRange=0-5000,2026-03-22T00:43:18Z
atp,2026-01-12,R0KE,Cosme Rolland De Ravel,Cosme Rolland De Ravel,1248,7,https://www.atptour.com/en/rankings/singles?dateWeek=2026-01-12&rankRange=0-5000,2026-03-22T00:43:18Z
atp,2026-01-12,H0D9,Cleeve Harper,Cleeve Harper,1249,7,https://www.atptour.com/en/rankings/singles?dateWeek=2026-01-12&rankRange=0-5000,2026-03-22T00:43:18Z
atp,2026-01-12,R0LR,Niels Ratiu,Niels Ratiu,1250,7,https://www.atptour.com/en/rankings/singles?dateWeek=2026-01-12&rankRange=0-5000,2026-03-22T00:43:18Z
atp,2026-01-12,C0Q6,Alex Chang,Alex Chang,1251,7,https://www.atptour.com/en/rankings/singles?dateWeek=2026-01-12&rankRange=0-5000,2026-03-22T00:43:18Z
atp,2026-01-12,V0ES,Noa Vukadin,Noa Vukadin,1252,7,https://www.atptour.com/en/rankings/singles?dateWeek=2026-01-12&rankRange=0-5000,2026-03-22T00:43:18Z
atp,2026-01-12,S0TT,Preston Stearns,Preston Stearns,1253,7,https://www.atptour.com/en/rankings/singles?dateWeek=2026-01-12&rankRange=0-5000,2026-03-22T00:43:18Z
atp,2026-01-12,W716,Mark Whitehouse,Mark Whitehouse,1254,7,https://www.atptour.com/en/rankings/singles?dateWeek=2026-01-12&rankRange=0-5000,2026-03-22T00:43:18Z
atp,2026-01-12,BT68,Elliot Benchetrit,Elliot Benchetrit,1255,7,https://www.atptour.com/en/rankings/singles?dateWeek=2026-01-12&rankRange=0-5000,2026-03-22T00:43:18Z
atp,2026-01-12,J0FK,Noah Johnston,Noah Johnston,1256,7,https://www.atptour.com/en/rankings/singles?dateWeek=2026-01-12&rankRange=0-5000,2026-03-22T00:43:18Z
atp,2026-01-12,M0RF,Viktor Markov,Viktor Markov,1257,7,https://www.atptour.com/en/rankings/singles?dateWeek=2026-01-12&rankRange=0-5000,2026-03-22T00:43:18Z
atp,2026-01-12,G0JC,Nicholas Godsick,Nicholas Godsick,1258,7,https://www.atptour.com/en/rankings/singles?dateWeek=2026-01-12&rankRange=0-5000,2026-03-22T00:43:18Z
atp,2026-01-12,N0DY,Fnu Nidunjianzan,Fnu Nidunjianzan,1259,7,https://www.atptour.com/en/rankings/singles?dateWeek=2026-01-12&rankRange=0-5000,2026-03-22T00:43:18Z
atp,2026-01-12,M0ZK,Lachlan James Mcfadzean,Lachlan James Mcfadzean,1260,7,https://www.atptour.com/en/rankings/singles?dateWeek=2026-01-12&rankRange=0-5000,2026-03-22T00:43:18Z
atp,2026-01-12,A0K1,Julian Alonso Jr,Julian Alonso Jr,1261,7,https://www.atptour.com/en/rankings/singles?dateWeek=2026-01-12&rankRange=0-5000,2026-03-22T00:43:18Z
atp,2026-01-12,N0BK,Hazem Naw,Hazem Naw,1262,7,https://www.atptour.com/en/rankings/singles?dateWeek=2026-01-12&rankRange=0-5000,2026-03-22T00:43:18Z
atp,2026-01-12,K0HB,Szymon Kielan,Szymon Kielan,1263,7,https://www.atptour.com/en/rankings/singles?dateWeek=2026-01-12&rankRange=0-5000,2026-03-22T00:43:18Z
atp,2026-01-12,M0PF,Bernardo Munk Mesa,Bernardo Munk Mesa,1266,7,https://www.atptour.com/en/rankings/singles?dateWeek=2026-01-12&rankRange=0-5000,2026-03-22T00:43:18Z
atp,2026-01-12,W0F2,Alexander Wagner,Alexander Wagner,1267,7,https://www.atptour.com/en/rankings/singles?dateWeek=2026-01-12&rankRange=0-5000,2026-03-22T00:43:18Z
atp,2026-01-12,K0JS,Pranav Kumar,Pranav Kumar,1270,7,https://www.atptour.com/en/rankings/singles?dateWeek=2026-01-12&rankRange=0-5000,2026-03-22T00:43:18Z
atp,2026-01-12,S0UB,Denis Spiridon,Denis Spiridon,1271,7,https://www.atptour.com/en/rankings/singles?dateWeek=2026-01-12&rankRange=0-5000,2026-03-22T00:43:18Z
atp,2026-01-12,A0LW,Filippo Alberti,Filippo Alberti,1272,7,https://www.atptour.com/en/rankings/singles?dateWeek=2026-01-12&rankRange=0-5000,2026-03-22T00:43:18Z
atp,2026-01-12,K0I7,Marcel Kamrowski,Marcel Kamrowski,1273,7,https://www.atptour.com/en/rankings/singles?dateWeek=2026-01-12&rankRange=0-5000,2026-03-22T00:43:18Z
atp,2026-01-12,V505,Vishnu Vardhan,Vishnu Vardhan,1274,7,https://www.atptour.com/en/rankings/singles?dateWeek=2026-01-12&rankRange=0-5000,2026-03-22T00:43:18Z
atp,2026-01-12,C0S4,Sebastiano Cocola,Sebastiano Cocola,1275,7,https://www.atptour.com/en/rankings/singles?dateWeek=2026-01-12&rankRange=0-5000,2026-03-22T00:43:18Z
atp,2026-01-12,K0IR,Liam Krall,Liam Krall,1276,7,https://www.atptour.com/en/rankings/singles?dateWeek=2026-01-12&rankRange=0-5000,2026-03-22T00:43:18Z
atp,2026-01-12,M0DQ,Vladislav Melnic,Vladislav Melnic,1279,7,https://www.atptour.com/en/rankings/singles?dateWeek=2026-01-12&rankRange=0-5000,2026-03-22T00:43:18Z
atp,2026-01-12,B0LS,Arthur Bonnaud,Arthur Bonnaud,1280,7,https://www.atptour.com/en/rankings/singles?dateWeek=2026-01-12&rankRange=0-5000,2026-03-22T00:43:18Z
atp,2026-01-12,G0MB,Oskar Grzegorzewski,Oskar Grzegorzewski,1281,7,https://www.atptour.com/en/rankings/singles?dateWeek=2026-01-12&rankRange=0-5000,2026-03-22T00:43:18Z
atp,2026-01-12,F0GU,Matteo Fondriest,Matteo Fondriest,1288,7,https://www.atptour.com/en/rankings/singles?dateWeek=2026-01-12&rankRange=0-5000,2026-03-22T00:43:18Z
atp,2026-01-12,C0R1,Leonardo Cattaneo,Leonardo Cattaneo,1292,7,https://www.atptour.com/en/rankings/singles?dateWeek=2026-01-12&rankRange=0-5000,2026-03-22T00:43:18Z
atp,2026-01-12,T0HW,Nicolo Toffanin,Nicolo Toffanin,1293,7,https://www.atptour.com/en/rankings/singles?dateWeek=2026-01-12&rankRange=0-5000,2026-03-22T00:43:18Z
atp,2026-01-12,B0JF,Alan Bojarski,Alan Bojarski,1294,7,https://www.atptour.com/en/rankings/singles?dateWeek=2026-01-12&rankRange=0-5000,2026-03-22T00:43:18Z
atp,2026-01-12,J0ED,Nikola Jovic,Nikola Jovic,1295,7,https://www.atptour.com/en/rankings/singles?dateWeek=2026-01-12&rankRange=0-5000,2026-03-22T00:43:18Z
atp,2026-01-12,B0H9,Antoine Berger,Antoine Berger,1296,7,https://www.atptour.com/en/rankings/singles?dateWeek=2026-01-12&rankRange=0-5000,2026-03-22T00:43:18Z
atp,2026-01-12,C0KN,Andrin Casanova,Andrin Casanova,1297,7,https://www.atptour.com/en/rankings/singles?dateWeek=2026-01-12&rankRange=0-5000,2026-03-22T00:43:18Z
atp,2026-01-12,T0JO,Alaa Trifi,Alaa Trifi,1300,7,https://www.atptour.com/en/rankings/singles?dateWeek=2026-01-12&rankRange=0-5000,2026-03-22T00:43:18Z
atp,2026-01-12,B0N0,Gianluca Brunkow,Gianluca Brunkow,1301,6,https://www.atptour.com/en/rankings/singles?dateWeek=2026-01-12&rankRange=0-5000,2026-03-22T00:43:18Z
atp,2026-01-12,G0L1,Segundo Goity Zapico,Segundo Goity Zapico,1302,6,https://www.atptour.com/en/rankings/singles?dateWeek=2026-01-12&rankRange=0-5000,2026-03-22T00:43:18Z
atp,2026-01-12,B0M1,Mehdi Benchakroun,Mehdi Benchakroun,1305,6,https://www.atptour.com/en/rankings/singles?dateWeek=2026-01-12&rankRange=0-5000,2026-03-22T00:43:18Z
atp,2026-01-12,D0OR,Remy Dugardin,Remy Dugardin,1306,6,https://www.atptour.com/en/rankings/singles?dateWeek=2026-01-12&rankRange=0-5000,2026-03-22T00:43:18Z
atp,2026-01-12,G0M2,Filip Gustafsson,Filip Gustafsson,1307,6,https://www.atptour.com/en/rankings/singles?dateWeek=2026-01-12&rankRange=0-5000,2026-03-22T00:43:18Z
atp,2026-01-12,SY31,Ryan James Storrie,Ryan James Storrie,1308,6,https://www.atptour.com/en/rankings/singles?dateWeek=2026-01-12&rankRange=0-5000,2026-03-22T00:43:18Z
atp,2026-01-12,G0PP,Gavin Goode,Gavin Goode,1309,6,https://www.atptour.com/en/rankings/singles?dateWeek=2026-01-12&rankRange=0-5000,2026-03-22T00:43:18Z
atp,2026-01-12,M0MU,Michal Novansky,Michal Novansky,1310,6,https://www.atptour.com/en/rankings/singles?dateWeek=2026-01-12&rankRange=0-5000,2026-03-22T00:43:18Z
atp,2026-01-12,F0HB,Rodrigo Fernandes,Rodrigo Fernandes,1311,6,https://www.atptour.com/en/rankings/singles?dateWeek=2026-01-12&rankRange=0-5000,2026-03-22T00:43:18Z
atp,2026-01-12,M0FN,Khololwam Montsi,Khololwam Montsi,1312,6,https://www.atptour.com/en/rankings/singles?dateWeek=2026-01-12&rankRange=0-5000,2026-03-22T00:43:18Z
atp,2026-01-12,M0T3,Marko Mesarovic,Marko Mesarovic,1313,6,https://www.atptour.com/en/rankings/singles?dateWeek=2026-01-12&rankRange=0-5000,2026-03-22T00:43:18Z
atp,2026-01-12,B0X2,Dillon Beckles,Dillon Beckles,1316,6,https://www.atptour.com/en/rankings/singles?dateWeek=2026-01-12&rankRange=0-5000,2026-03-22T00:43:18Z
atp,2026-01-12,C0BC,Maxime Cressy,Maxime Cressy,1317,6,https://www.atptour.com/en/rankings/singles?dateWeek=2026-01-12&rankRange=0-5000,2026-03-22T00:43:18Z
atp,2026-01-12,RH17,Justin Roberts,Justin Roberts,1318,6,https://www.atptour.com/en/rankings/singles?dateWeek=2026-01-12&rankRange=0-5000,2026-03-22T00:43:18Z
atp,2026-01-12,MW37,Nicaise Muamba,Nicaise Muamba,1319,6,https://www.atptour.com/en/rankings/singles?dateWeek=2026-01-12&rankRange=0-5000,2026-03-22T00:43:18Z
atp,2026-01-12,M0X3,Patrik Munkhammar,Patrik Munkhammar,1320,6,https://www.atptour.com/en/rankings/singles?dateWeek=2026-01-12&rankRange=0-5000,2026-03-22T00:43:18Z
atp,2026-01-12,K0HM,Madhwin Kamath,Madhwin Kamath,1321,6,https://www.atptour.com/en/rankings/singles?dateWeek=2026-01-12&rankRange=0-5000,2026-03-22T00:43:18Z
atp,2026-01-12,T0E2,Vladan Tadic,Vladan Tadic,1322,6,https://www.atptour.com/en/rankings/singles?dateWeek=2026-01-12&rankRange=0-5000,2026-03-22T00:43:18Z
atp,2026-01-12,S1C1,Glib Sekachov,Glib Sekachov,1323,6,https://www.atptour.com/en/rankings/singles?dateWeek=2026-01-12&rankRange=0-5000,2026-03-22T00:43:18Z
atp,2026-01-12,D0K4,Felipe De Dios,Felipe De Dios,1329,6,https://www.atptour.com/en/rankings/singles?dateWeek=2026-01-12&rankRange=0-5000,2026-03-22T00:43:18Z
atp,2026-01-12,C0PW,Yan Cheng Chen,Yan Cheng Chen,1330,6,https://www.atptour.com/en/rankings/singles?dateWeek=2026-01-12&rankRange=0-5000,2026-03-22T00:43:18Z
atp,2026-01-12,L0KL,Joe Leather,Joe Leather,1331,6,https://www.atptour.com/en/rankings/singles?dateWeek=2026-01-12&rankRange=0-5000,2026-03-22T00:43:18Z
atp,2026-01-12,G0G4,Conor Gannon,Conor Gannon,1332,6,https://www.atptour.com/en/rankings/singles?dateWeek=2026-01-12&rankRange=0-5000,2026-03-22T00:43:18Z
atp,2026-01-12,V0GB,Miha Vetrih,Miha Vetrih,1335,6,https://www.atptour.com/en/rankings/singles?dateWeek=2026-01-12&rankRange=0-5000,2026-03-22T00:43:18Z
atp,2026-01-12,F0E0,Reece Falck,Reece Falck,1340,6,https://www.atptour.com/en/rankings/singles?dateWeek=2026-01-12&rankRange=0-5000,2026-03-22T00:43:18Z
atp,2026-01-12,M0N2,Radovan Michalik,Radovan Michalik,1341,6,https://www.atptour.com/en/rankings/singles?dateWeek=2026-01-12&rankRange=0-5000,2026-03-22T00:43:18Z
atp,2026-01-12,V0AS,Louis Van Herck,Louis Van Herck,1344,6,https://www.atptour.com/en/rankings/singles?dateWeek=2026-01-12&rankRange=0-5000,2026-03-22T00:43:18Z
atp,2026-01-12,P0IU,Lucca Pinto,Lucca Pinto,1345,6,https://www.atptour.com/en/rankings/singles?dateWeek=2026-01-12&rankRange=0-5000,2026-03-22T00:43:18Z
atp,2026-01-12,H0L8,Luke Hooper,Luke Hooper,1346,6,https://www.atptour.com/en/rankings/singles?dateWeek=2026-01-12&rankRange=0-5000,2026-03-22T00:43:18Z
atp,2026-01-12,F0E4,Luca Fantini,Luca Fantini,1347,6,https://www.atptour.com/en/rankings/singles?dateWeek=2026-01-12&rankRange=0-5000,2026-03-22T00:43:18Z
atp,2026-01-12,C0Q4,Charles Chen,Charles Chen,1348,6,https://www.atptour.com/en/rankings/singles?dateWeek=2026-01-12&rankRange=0-5000,2026-03-22T00:43:18Z
atp,2026-01-12,L0KR,Manel Lazaro Juncadella,Manel Lazaro Juncadella,1349,6,https://www.atptour.com/en/rankings/singles?dateWeek=2026-01-12&rankRange=0-5000,2026-03-22T00:43:18Z
atp,2026-01-12,L0MB,Jagger Leach,Jagger Leach,1353,5,https://www.atptour.com/en/rankings/singles?dateWeek=2026-01-12&rankRange=0-5000,2026-03-22T00:43:18Z
atp,2026-01-12,A0M2,Yannick Theodor Alexandrescou,Yannick Theodor Alexandrescou,1357,5,https://www.atptour.com/en/rankings/singles?dateWeek=2026-01-12&rankRange=0-5000,2026-03-22T00:43:18Z
atp,2026-01-12,K0GE,Luc Koenig,Luc Koenig,1358,5,https://www.atptour.com/en/rankings/singles?dateWeek=2026-01-12&rankRange=0-5000,2026-03-22T00:43:18Z
atp,2026-01-12,T0JA,Saki Tange,Saki Tange,1364,5,https://www.atptour.com/en/rankings/singles?dateWeek=2026-01-12&rankRange=0-5000,2026-03-22T00:43:18Z
atp,2026-01-12,V0EV,Alessio Vasquez,Alessio Vasquez,1365,5,https://www.atptour.com/en/rankings/singles?dateWeek=2026-01-12&rankRange=0-5000,2026-03-22T00:43:18Z
atp,2026-01-12,K0AB,Adil Kalyanpur,Adil Kalyanpur,1368,5,https://www.atptour.com/en/rankings/singles?dateWeek=2026-01-12&rankRange=0-5000,2026-03-22T00:43:18Z
atp,2026-01-12,F0G5,Alexander Frusina,Alexander Frusina,1369,5,https://www.atptour.com/en/rankings/singles?dateWeek=2026-01-12&rankRange=0-5000,2026-03-22T00:43:18Z
atp,2026-01-12,M0U1,Amir Milushev,Amir Milushev,1370,5,https://www.atptour.com/en/rankings/singles?dateWeek=2026-01-12&rankRange=0-5000,2026-03-22T00:43:18Z
atp,2026-01-12,C0RY,Bill Chan,Bill Chan,1381,5,https://www.atptour.com/en/rankings/singles?dateWeek=2026-01-12&rankRange=0-5000,2026-03-22T00:43:18Z
atp,2026-01-12,G0C4,Alexis Gurmendi,Alexis Gurmendi,1384,5,https://www.atptour.com/en/rankings/singles?dateWeek=2026-01-12&rankRange=0-5000,2026-03-22T00:43:18Z
atp,2026-01-12,T0IX,Yua Taka,Yua Taka,1388,5,https://www.atptour.com/en/rankings/singles?dateWeek=2026-01-12&rankRange=0-5000,2026-03-22T00:43:18Z
atp,2026-01-12,V0J6,Mac Visser,Mac Visser,1389,5,https://www.atptour.com/en/rankings/singles?dateWeek=2026-01-12&rankRange=0-5000,2026-03-22T00:43:18Z
atp,2026-01-12,W0D9,Elias Julian Werner,Elias Julian Werner,1394,5,https://www.atptour.com/en/rankings/singles?dateWeek=2026-01-12&rankRange=0-5000,2026-03-22T00:43:18Z
atp,2026-01-12,CF10,Nick Chappell,Nick Chappell,1397,5,https://www.atptour.com/en/rankings/singles?dateWeek=2026-01-12&rankRange=0-5000,2026-03-22T00:43:18Z
atp,2026-01-12,A0IP,Toprak Avcibasi,Toprak Avcibasi,1400,5,https://www.atptour.com/en/rankings/singles?dateWeek=2026-01-12&rankRange=0-5000,2026-03-22T00:43:18Z
atp,2026-01-12,A0NU,Richard Antoni,Richard Antoni,1401,5,https://www.atptour.com/en/rankings/singles?dateWeek=2026-01-12&rankRange=0-5000,2026-03-22T00:43:18Z
atp,2026-01-12,T0HS,Pablo Trochu,Pablo Trochu,1412,5,https://www.atptour.com/en/rankings/singles?dateWeek=2026-01-12&rankRange=0-5000,2026-03-22T00:43:18Z
atp,2026-01-12,K0NG,Hiromasa Koyama,Hiromasa Koyama,1413,5,https://www.atptour.com/en/rankings/singles?dateWeek=2026-01-12&rankRange=0-5000,2026-03-22T00:43:18Z
atp,2026-01-12,T0JM,Luka Talan Lopatic,Luka Talan Lopatic,1414,5,https://www.atptour.com/en/rankings/singles?dateWeek=2026-01-12&rankRange=0-5000,2026-03-22T00:43:18Z
atp,2026-01-12,B0TF,Alessandro Battiston,Alessandro Battiston,1415,5,https://www.atptour.com/en/rankings/singles?dateWeek=2026-01-12&rankRange=0-5000,2026-03-22T00:43:18Z
atp,2026-01-12,L0LJ,Ferdinand Livet Novkirichka,Ferdinand Livet Novkirichka,1416,5,https://www.atptour.com/en/rankings/singles?dateWeek=2026-01-12&rankRange=0-5000,2026-03-22T00:43:18Z
atp,2026-01-12,U0AC,Daniel Uta,Daniel Uta,1417,5,https://www.atptour.com/en/rankings/singles?dateWeek=2026-01-12&rankRange=0-5000,2026-03-22T00:43:18Z
atp,2026-01-12,T0B4,Naoki Tajima,Naoki Tajima,1418,5,https://www.atptour.com/en/rankings/singles?dateWeek=2026-01-12&rankRange=0-5000,2026-03-22T00:43:18Z
atp,2026-01-12,FB59,Francesco Ferrari,Francesco Ferrari,1419,5,https://www.atptour.com/en/rankings/singles?dateWeek=2026-01-12&rankRange=0-5000,2026-03-22T00:43:18Z
atp,2026-01-12,G0EI,Michael Gloeckler,Michael Gloeckler,1420,5,https://www.atptour.com/en/rankings/singles?dateWeek=2026-01-12&rankRange=0-5000,2026-03-22T00:43:18Z
atp,2026-01-12,K0HE,Ioannis Kountourakis,Ioannis Kountourakis,1421,5,https://www.atptour.com/en/rankings/singles?dateWeek=2026-01-12&rankRange=0-5000,2026-03-22T00:43:18Z
atp,2026-01-12,B0Q9,Andrea Bacaloni,Andrea Bacaloni,1422,5,https://www.atptour.com/en/rankings/singles?dateWeek=2026-01-12&rankRange=0-5000,2026-03-22T00:43:18Z
atp,2026-01-12,S0NY,Gokberk Saritas,Gokberk Saritas,1425,5,https://www.atptour.com/en/rankings/singles?dateWeek=2026-01-12&rankRange=0-5000,2026-03-22T00:43:18Z
atp,2026-01-12,Z239,Federico Zeballos,Federico Zeballos,1429,4,https://www.atptour.com/en/rankings/singles?dateWeek=2026-01-12&rankRange=0-5000,2026-03-22T00:43:18Z
atp,2026-01-12,C0RI,Hugo Car,Hugo Car,1430,4,https://www.atptour.com/en/rankings/singles?dateWeek=2026-01-12&rankRange=0-5000,2026-03-22T00:43:18Z
atp,2026-01-12,Y0AB,Takeru Yuzuki,Takeru Yuzuki,1431,4,https://www.atptour.com/en/rankings/singles?dateWeek=2026-01-12&rankRange=0-5000,2026-03-22T00:43:18Z
atp,2026-01-12,C0R0,Corey Craig,Corey Craig,1438,4,https://www.atptour.com/en/rankings/singles?dateWeek=2026-01-12&rankRange=0-5000,2026-03-22T00:43:18Z
atp,2026-01-12,C0PC,James Connel,James Connel,1439,4,https://www.atptour.com/en/rankings/singles?dateWeek=2026-01-12&rankRange=0-5000,2026-03-22T00:43:18Z
atp,2026-01-12,K0IV,Moritz Kudernatsch,Moritz Kudernatsch,1448,4,https://www.atptour.com/en/rankings/singles?dateWeek=2026-01-12&rankRange=0-5000,2026-03-22T00:43:18Z
atp,2026-01-12,L0FZ,Vasco Leote Prata,Vasco Leote Prata,1454,4,https://www.atptour.com/en/rankings/singles?dateWeek=2026-01-12&rankRange=0-5000,2026-03-22T00:43:18Z
atp,2026-01-12,R0B3,Nicola Rispoli,Nicola Rispoli,1458,4,https://www.atptour.com/en/rankings/singles?dateWeek=2026-01-12&rankRange=0-5000,2026-03-22T00:43:18Z
atp,2026-01-12,S19Y,Zane Stevens,Zane Stevens,1470,4,https://www.atptour.com/en/rankings/singles?dateWeek=2026-01-12&rankRange=0-5000,2026-03-22T00:43:18Z
atp,2026-01-12,P0Q2,Xavi Palomar,Xavi Palomar,1471,4,https://www.atptour.com/en/rankings/singles?dateWeek=2026-01-12&rankRange=0-5000,2026-03-22T00:43:18Z
atp,2026-01-12,A0NJ,Gustavo Albieri,Gustavo Albieri,1472,4,https://www.atptour.com/en/rankings/singles?dateWeek=2026-01-12&rankRange=0-5000,2026-03-22T00:43:18Z
atp,2026-01-12,B0P5,Vladimir Bazilevskiy,Vladimir Bazilevskiy,1473,4,https://www.atptour.com/en/rankings/singles?dateWeek=2026-01-12&rankRange=0-5000,2026-03-22T00:43:18Z
atp,2026-01-12,B0VY,Arthur Bellegy,Arthur Bellegy,1476,4,https://www.atptour.com/en/rankings/singles?dateWeek=2026-01-12&rankRange=0-5000,2026-03-22T00:43:18Z
atp,2026-01-12,Z0B7,Richard Zusman,Richard Zusman,1486,4,https://www.atptour.com/en/rankings/singles?dateWeek=2026-01-12&rankRange=0-5000,2026-03-22T00:43:18Z
atp,2026-01-12,D0HB,Maikel De Boes,Maikel De Boes,1487,4,https://www.atptour.com/en/rankings/singles?dateWeek=2026-01-12&rankRange=0-5000,2026-03-22T00:43:18Z
atp,2026-01-12,B0V4,Jack Bruce-Smith,Jack Bruce Smith,1493,4,https://www.atptour.com/en/rankings/singles?dateWeek=2026-01-12&rankRange=0-5000,2026-03-22T00:43:18Z
atp,2026-01-12,K0OB,Roman Kharlamov,Roman Kharlamov,1504,4,https://www.atptour.com/en/rankings/singles?dateWeek=2026-01-12&rankRange=0-5000,2026-03-22T00:43:18Z
atp,2026-01-12,J0FN,Fumin Jiang,Fumin Jiang,1507,4,https://www.atptour.com/en/rankings/singles?dateWeek=2026-01-12&rankRange=0-5000,2026-03-22T00:43:18Z
atp,2026-01-12,MM78,Jonathan Mridha,Jonathan Mridha,1508,4,https://www.atptour.com/en/rankings/singles?dateWeek=2026-01-12&rankRange=0-5000,2026-03-22T00:43:18Z
atp,2026-01-12,C0H9,Credit Chaiyarin,Credit Chaiyarin,1509,4,https://www.atptour.com/en/rankings/singles?dateWeek=2026-01-12&rankRange=0-5000,2026-03-22T00:43:18Z
atp,2026-01-12,S0JK,Yassine Smiej,Yassine Smiej,1510,4,https://www.atptour.com/en/rankings/singles?dateWeek=2026-01-12&rankRange=0-5000,2026-03-22T00:43:18Z
atp,2026-01-12,C0OI,Carles Cordoba,Carles Cordoba,1511,4,https://www.atptour.com/en/rankings/singles?dateWeek=2026-01-12&rankRange=0-5000,2026-03-22T00:43:18Z
atp,2026-01-12,M0UQ,Filippo Mazzola,Filippo Mazzola,1512,4,https://www.atptour.com/en/rankings/singles?dateWeek=2026-01-12&rankRange=0-5000,2026-03-22T00:43:18Z
atp,2026-01-12,C0KE,Mihai Alexandru Coman,Mihai Alexandru Coman,1513,4,https://www.atptour.com/en/rankings/singles?dateWeek=2026-01-12&rankRange=0-5000,2026-03-22T00:43:18Z
atp,2026-01-12,B0BJ,Daniel Batista,Daniel Batista,1514,4,https://www.atptour.com/en/rankings/singles?dateWeek=2026-01-12&rankRange=0-5000,2026-03-22T00:43:18Z
atp,2026-01-12,I0CD,Ymerali Ibraimi,Ymerali Ibraimi,1548,3,https://www.atptour.com/en/rankings/singles?dateWeek=2026-01-12&rankRange=0-5000,2026-03-22T00:43:18Z
atp,2026-01-12,P0F0,Christopher Papa,Christopher Papa,1609,3,https://www.atptour.com/en/rankings/singles?dateWeek=2026-01-12&rankRange=0-5000,2026-03-22T00:43:18Z
atp,2026-01-12,P0GD,Rocco Piatti,Rocco Piatti,1639,3,https://www.atptour.com/en/rankings/singles?dateWeek=2026-01-12&rankRange=0-5000,2026-03-22T00:43:18Z
atp,2026-01-12,D0NC,Daniel Domingos,Daniel Domingos,1642,3,https://www.atptour.com/en/rankings/singles?dateWeek=2026-01-12&rankRange=0-5000,2026-03-22T00:43:18Z
atp,2026-01-12,C0MV,Jiri Cizek,Jiri Cizek,1647,3,https://www.atptour.com/en/rankings/singles?dateWeek=2026-01-12&rankRange=0-5000,2026-03-22T00:43:18Z
atp,2026-01-12,B0M9,Alessandro Bellifemine,Alessandro Bellifemine,1648,3,https://www.atptour.com/en/rankings/singles?dateWeek=2026-01-12&rankRange=0-5000,2026-03-22T00:43:18Z
atp,2026-01-12,D0C3,Zhenxiong Dong,Zhenxiong Dong,1651,3,https://www.atptour.com/en/rankings/singles?dateWeek=2026-01-12&rankRange=0-5000,2026-03-22T00:43:18Z
atp,2026-01-12,S0KH,Jeremy Schifris,Jeremy Schifris,1654,3,https://www.atptour.com/en/rankings/singles?dateWeek=2026-01-12&rankRange=0-5000,2026-03-22T00:43:18Z
atp,2026-01-12,BM09,Lawrence Bataljin,Lawrence Bataljin,1655,3,https://www.atptour.com/en/rankings/singles?dateWeek=2026-01-12&rankRange=0-5000,2026-03-22T00:43:18Z
atp,2026-01-12,P0HL,Pietro Pampanin,Pietro Pampanin,1827,2,https://www.atptour.com/en/rankings/singles?dateWeek=2026-01-12&rankRange=0-5000,2026-03-22T00:43:18Z
atp,2026-01-12,H0B3,Louis Herman,Louis Herman,1831,2,https://www.atptour.com/en/rankings/singles?dateWeek=2026-01-12&rankRange=0-5000,2026-03-22T00:43:18Z
atp,2026-01-12,T0A0,Sheng Tang,Sheng Tang,1843,2,https://www.atptour.com/en/rankings/singles?dateWeek=2026-01-12&rankRange=0-5000,2026-03-22T00:43:18Z
